A1_actionId,C_actionId,B1_actionId,phase,n_context,p_b_given_a_context_mean,p_b_given_a_context_std,p_win_given_abc_mean,p_win_given_abc_std,p_win_given_abc_min,p_win_given_abc_max
0,1,0,front3,3127,0.0017189213220438768,0.0009514597698217575,0.4630401546356611,0.08714439673768004,0.0010835097637027502,0.696007251739502
0,1,1,front3,3127,0.1399875166467468,0.06632885979152789,0.4630401546356611,0.08714439673768004,0.0010835097637027502,0.696007251739502
0,1,3,front3,3127,0.004793428880050401,0.0024122076794151413,0.508039179249337,0.08000208788662426,0.001109125791117549,0.7477028965950012
0,1,4,front3,3127,0.1922598524067804,0.024887369342319065,0.5519626270423068,0.08461119742126783,0.0015919049037620425,0.7723338007926941
0,1,6,front3,3127,0.04208454395010172,0.019018687969166333,0.532750406841961,0.08644668165651766,0.0013783697504550219,0.7800778150558472
0,1,7,front3,3127,0.0649081920957865,0.00842542098192762,0.5483971658957391,0.08798132166653215,0.001490937895141542,0.7813019752502441
0,1,8,front3,3127,0.003209681818610094,0.001211022611656011,0.6364886424011531,0.09527654711306922,0.0018904266180470586,0.8427647352218628
0,1,9,front3,3127,0.005898115490704737,0.0019702525501190814,0.5080448335822467,0.08533577588416413,0.0012213063891977072,0.7667341232299805
0,1,10,front3,3127,0.3247036789161111,0.040831462404102126,0.5838530892825667,0.08835324095109882,0.0016087244730442762,0.8329475522041321
0,1,11,front3,3127,0.18664129919576905,0.05705751868411106,0.5863496487480933,0.08796767970902572,0.0014902246184647083,0.8501151204109192
0,1,12,front3,3127,0.0337947692772953,0.015373342442380198,0.5815675787837371,0.08608637244169919,0.0016345287440344691,0.8412123322486877
0,2,0,front3,3127,0.0017189213220438768,0.0009514597698217575,0.41574987878948944,0.09305179594865395,0.0009360031690448523,0.6727161407470703
0,2,1,front3,3127,0.1399875166467468,0.06632885979152789,0.41574987878948944,0.09305179594865395,0.0009360031690448523,0.6727161407470703
0,2,3,front3,3127,0.004793428880050401,0.0024122076794151413,0.46659671508543743,0.08533362114328226,0.0012034802930429578,0.7166360020637512
0,2,4,front3,3127,0.1922598524067804,0.024887369342319065,0.5085833109388465,0.08549537442615543,0.0014050985919311643,0.7342818379402161
0,2,6,front3,3127,0.04208454395010172,0.019018687969166333,0.4918173692050069,0.08944996658547014,0.0012550284154713154,0.7231250405311584
0,2,7,front3,3127,0.0649081920957865,0.00842542098192762,0.5095440708893403,0.08957430762226658,0.0013118808856233954,0.7323436141014099
0,2,8,front3,3127,0.003209681818610094,0.001211022611656011,0.6059065907556227,0.09804074000808514,0.0016912685241550207,0.8173370361328125
0,2,9,front3,3127,0.005898115490704737,0.0019702525501190814,0.4472258766001951,0.08351833850699915,0.0010468942346051335,0.6809748411178589
0,2,10,front3,3127,0.3247036789161111,0.040831462404102126,0.5593449198524356,0.08974357526215362,0.00147637736517936,0.7965880036354065
0,2,11,front3,3127,0.18664129919576905,0.05705751868411106,0.557205086654336,0.08516096143146054,0.0015272856689989567,0.8275152444839478
0,2,12,front3,3127,0.0337947692772953,0.015373342442380198,0.55015589215059,0.08653137384997664,0.001540041295811534,0.8302597999572754
0,3,0,front3,3127,0.0017189213220438768,0.0009514597698217575,0.46916845273236923,0.09538591382878808,0.001178834238089621,0.7148863077163696
0,3,1,front3,3127,0.1399875166467468,0.06632885979152789,0.46916845273236923,0.09538591382878808,0.001178834238089621,0.7148863077163696
0,3,3,front3,3127,0.004793428880050401,0.0024122076794151413,0.5104644061702083,0.09052103348607027,0.0014208500506356359,0.7704069018363953
0,3,4,front3,3127,0.1922598524067804,0.024887369342319065,0.5516916601525871,0.08908308079779964,0.0016534997848793864,0.7911369204521179
0,3,6,front3,3127,0.04208454395010172,0.019018687969166333,0.5452486099300773,0.09258354699253535,0.0015492632519453764,0.7789763808250427
0,3,7,front3,3127,0.0649081920957865,0.00842542098192762,0.5625826903839045,0.09152005812012928,0.0016194229247048497,0.7838119864463806
0,3,8,front3,3127,0.003209681818610094,0.001211022611656011,0.6623254225172817,0.10048429559596476,0.00215699290856719,0.8492494821548462
0,3,9,front3,3127,0.005898115490704737,0.0019702525501190814,0.4996207288764524,0.08481109341940678,0.001287052989937365,0.7357374429702759
0,3,10,front3,3127,0.3247036789161111,0.040831462404102126,0.6076970587893761,0.09336471607238629,0.0017886406276375055,0.8323714733123779
0,3,11,front3,3127,0.18664129919576905,0.05705751868411106,0.6089117022493016,0.09124161075778443,0.0018414863152429461,0.8629902601242065
0,3,12,front3,3127,0.0337947692772953,0.015373342442380198,0.592112425560305,0.08913151609076261,0.0018528627697378397,0.8563817739486694
0,4,0,front3,3127,0.0017189213220438768,0.0009514597698217575,0.45993080463583264,0.09078769970638087,0.0012643442023545504,0.7322648763656616
0,4,1,front3,3127,0.1399875166467468,0.06632885979152789,0.45993080463583264,0.09078769970638087,0.0012643442023545504,0.7322648763656616
0,4,3,front3,3127,0.004793428880050401,0.0024122076794151413,0.5074754873529892,0.08817116803219202,0.001517502823844552,0.7933667898178101
0,4,4,front3,3127,0.1922598524067804,0.024887369342319065,0.5462331823311222,0.08574489417110968,0.0016850043321028352,0.7978261113166809
0,4,6,front3,3127,0.04208454395010172,0.019018687969166333,0.553289194131676,0.09038918648313603,0.0015649549895897508,0.7990913987159729
0,4,7,front3,3127,0.0649081920957865,0.00842542098192762,0.5706461388618499,0.08862437246242397,0.0018037792760878801,0.8036066293716431
0,4,8,front3,3127,0.003209681818610094,0.001211022611656011,0.6689373445286865,0.09776537051853779,0.0023915364872664213,0.8603541851043701
0,4,9,front3,3127,0.005898115490704737,0.0019702525501190814,0.5065775592757051,0.08335150485769016,0.0012934745755046606,0.7577452063560486
0,4,10,front3,3127,0.3247036789161111,0.040831462404102126,0.6144021651241481,0.0920210713569098,0.0019743754528462887,0.8421346545219421
0,4,11,front3,3127,0.18664129919576905,0.05705751868411106,0.586148434022482,0.08982327409367197,0.0016462174244225025,0.8513315320014954
0,4,12,front3,3127,0.0337947692772953,0.015373342442380198,0.5727192857600185,0.08738849926000403,0.001767887850292027,0.850351095199585
0,5,0,front3,3127,0.0017189213220438768,0.0009514597698217575,0.43946258390546744,0.08980306882482231,0.0011603770544752479,0.7183823585510254
0,5,1,front3,3127,0.1399875166467468,0.06632885979152789,0.43946258390546744,0.08980306882482231,0.0011603770544752479,0.7183823585510254
0,5,3,front3,3127,0.004793428880050401,0.0024122076794151413,0.4890186894891056,0.08805264166515397,0.0014112391509115696,0.7833809852600098
0,5,4,front3,3127,0.1922598524067804,0.024887369342319065,0.5243641552014224,0.08266600639522416,0.001608222140930593,0.7855939269065857
0,5,6,front3,3127,0.04208454395010172,0.019018687969166333,0.5355682692337581,0.08568101682926299,0.0014864192344248295,0.7772351503372192
0,5,7,front3,3127,0.0649081920957865,0.00842542098192762,0.5547981107812467,0.08433348326292293,0.0017106394516304135,0.7833360433578491
0,5,8,front3,3127,0.003209681818610094,0.001211022611656011,0.6539107712094714,0.09432962054876892,0.002268116222694516,0.8433545231819153
0,5,9,front3,3127,0.005898115490704737,0.0019702525501190814,0.4899143333492314,0.07927604521483259,0.0012633337173610926,0.7452605962753296
0,5,10,front3,3127,0.3247036789161111,0.040831462404102126,0.5959280843864444,0.08850152490785865,0.0018808238673955202,0.8294466733932495
0,5,11,front3,3127,0.18664129919576905,0.05705751868411106,0.5769084713681696,0.08627600734200191,0.0016277459217235446,0.8388243913650513
0,5,12,front3,3127,0.0337947692772953,0.015373342442380198,0.5633535664032344,0.08375711418114516,0.001760824117809534,0.8377771973609924
0,6,0,front3,3127,0.0017189213220438768,0.0009514597698217575,0.40301546060914567,0.08803531253197153,0.0010442163329571486,0.6252303719520569
0,6,1,front3,3127,0.1399875166467468,0.06632885979152789,0.40301546060914567,0.08803531253197153,0.0010442163329571486,0.6252303719520569
0,6,3,front3,3127,0.004793428880050401,0.0024122076794151413,0.4672284013922524,0.08601260054516068,0.001365320640616119,0.7175835967063904
0,6,4,front3,3127,0.1922598524067804,0.024887369342319065,0.502472173028319,0.08025961060275152,0.0015098993899300694,0.7202286720275879
0,6,6,front3,3127,0.04208454395010172,0.019018687969166333,0.5121379444757753,0.08298002285490891,0.0013860842445865273,0.7333686351776123
0,6,7,front3,3127,0.0649081920957865,0.00842542098192762,0.5314192307679558,0.08185387848068056,0.0016355414409190416,0.7354758381843567
0,6,8,front3,3127,0.003209681818610094,0.001211022611656011,0.6510638932374774,0.09453859771979718,0.0021907570771872997,0.8385974168777466
0,6,9,front3,3127,0.005898115490704737,0.0019702525501190814,0.4654025427185444,0.07430904825489791,0.0012460349826142192,0.6853847503662109
0,6,10,front3,3127,0.3247036789161111,0.040831462404102126,0.5721225621189766,0.08505353281951639,0.0018039459828287363,0.8099515438079834
0,6,11,front3,3127,0.18664129919576905,0.05705751868411106,0.5551164289590566,0.08206652801864994,0.0016585482517257333,0.828711748123169
0,6,12,front3,3127,0.0337947692772953,0.015373342442380198,0.5385819778231955,0.08038769456735984,0.0017223998438566923,0.8258809447288513
0,7,0,front3,3127,0.0017189213220438768,0.0009514597698217575,0.39842633388993554,0.08806091206563282,0.0010956373298540711,0.6270724534988403
0,7,1,front3,3127,0.1399875166467468,0.06632885979152789,0.39842633388993554,0.08806091206563282,0.0010956373298540711,0.6270724534988403
0,7,3,front3,3127,0.004793428880050401,0.0024122076794151413,0.4326617290037048,0.08436710360286183,0.0012682417873293161,0.6969935894012451
0,7,4,front3,3127,0.1922598524067804,0.024887369342319065,0.4765094548430613,0.07915500552743907,0.0014127229806035757,0.7057355046272278
0,7,6,front3,3127,0.04208454395010172,0.019018687969166333,0.47131363348972094,0.08032528599391381,0.0012335265055298805,0.7235539555549622
0,7,7,front3,3127,0.0649081920957865,0.00842542098192762,0.49094785697367144,0.07894862668192673,0.0015073752729222178,0.7257096767425537
0,7,8,front3,3127,0.003209681818610094,0.001211022611656011,0.6154688230943459,0.093296644158478,0.0019347252091392875,0.8304818272590637
0,7,9,front3,3127,0.005898115490704737,0.0019702525501190814,0.42778211749543155,0.07344787162419415,0.0011486619478091598,0.6758829951286316
0,7,10,front3,3127,0.3247036789161111,0.040831462404102126,0.5337948093291606,0.0848091200570954,0.0016272461507469416,0.7888633012771606
0,7,11,front3,3127,0.18664129919576905,0.05705751868411106,0.5128691950662158,0.08098902714963808,0.0015302547253668308,0.80921471118927
0,7,12,front3,3127,0.0337947692772953,0.015373342442380198,0.494271726324908,0.07894496067126003,0.0015706494450569153,0.8039435744285583
0,8,0,front3,3127,0.0017189213220438768,0.0009514597698217575,0.3393153628696046,0.08546277536803043,0.0010216189548373222,0.576816201210022
0,8,1,front3,3127,0.1399875166467468,0.06632885979152789,0.3393153628696046,0.08546277536803043,0.0010216189548373222,0.576816201210022
0,8,3,front3,3127,0.004793428880050401,0.0024122076794151413,0.37017752112817615,0.08116818597320809,0.0011963978176936507,0.6254505515098572
0,8,4,front3,3127,0.1922598524067804,0.024887369342319065,0.4110330922247947,0.07745950220176039,0.0013994716573506594,0.675668478012085
0,8,6,front3,3127,0.04208454395010172,0.019018687969166333,0.3887076206094066,0.07652552447008142,0.0012134803691878915,0.7013530135154724
0,8,7,front3,3127,0.0649081920957865,0.00842542098192762,0.40743194329968574,0.07584175342762599,0.001365844625979662,0.7054819464683533
0,8,8,front3,3127,0.003209681818610094,0.001211022611656011,0.5309589342939017,0.09183102479768487,0.001900769886560738,0.8120667934417725
0,8,9,front3,3127,0.005898115490704737,0.0019702525501190814,0.344650123654208,0.06810295679281261,0.0010711010545492172,0.6515824794769287
0,8,10,front3,3127,0.3247036789161111,0.040831462404102126,0.4962692761630371,0.0865782838386296,0.0016674561193212867,0.7905304431915283
0,8,11,front3,3127,0.18664129919576905,0.05705751868411106,0.489889890312957,0.0821884089317502,0.0015830458141863346,0.8260458707809448
0,8,12,front3,3127,0.0337947692772953,0.015373342442380198,0.43896055890366803,0.07624132926529059,0.0016101956134662032,0.7979007959365845
0,9,0,front3,3127,0.0017189213220438768,0.0009514597698217575,0.3858025131967448,0.09883921323305475,0.0010709530906751752,0.5928310751914978
0,9,1,front3,3127,0.1399875166467468,0.06632885979152789,0.3858025131967448,0.09883921323305475,0.0010709530906751752,0.5928310751914978
0,9,3,front3,3127,0.004793428880050401,0.0024122076794151413,0.41076958812085235,0.09249610242954563,0.0012323257979005575,0.6329880952835083
0,9,4,front3,3127,0.1922598524067804,0.024887369342319065,0.4616622795404236,0.091759953119617,0.0014414897887036204,0.6803637146949768
0,9,6,front3,3127,0.04208454395010172,0.019018687969166333,0.44388861453019474,0.08775877342007213,0.001319477683864534,0.7169609665870667
0,9,7,front3,3127,0.0649081920957865,0.00842542098192762,0.45344725362643057,0.085806108891622,0.0014313904102891684,0.7077491283416748
0,9,8,front3,3127,0.003209681818610094,0.001211022611656011,0.5724523445100056,0.0990637980238216,0.0019841657485812902,0.8143228888511658
0,9,9,front3,3127,0.005898115490704737,0.0019702525501190814,0.38476688742997567,0.07603381245677936,0.0011225182097405195,0.6540610790252686
0,9,10,front3,3127,0.3247036789161111,0.040831462404102126,0.49323084188978444,0.0910187377484987,0.0015852201031520963,0.7886385321617126
0,9,11,front3,3127,0.18664129919576905,0.05705751868411106,0.4777736022084389,0.08495973749307016,0.0015257609775289893,0.8187259435653687
0,9,12,front3,3127,0.0337947692772953,0.015373342442380198,0.4487323930230454,0.08094949004571646,0.0015713771572336555,0.8040428757667542
0,10,0,front3,3127,0.0017189213220438768,0.0009514597698217575,0.35793376161262236,0.08307137786141588,0.0011506928130984306,0.5726717114448547
0,10,1,front3,3127,0.1399875166467468,0.06632885979152789,0.35793376161262236,0.08307137786141588,0.0011506928130984306,0.5726717114448547
0,10,3,front3,3127,0.004793428880050401,0.0024122076794151413,0.36292978877361465,0.0783463964791176,0.001229671761393547,0.5836572647094727
0,10,4,front3,3127,0.1922598524067804,0.024887369342319065,0.41244473679588056,0.07673353906032071,0.0013288345653563738,0.6543030142784119
0,10,6,front3,3127,0.04208454395010172,0.019018687969166333,0.3759040204013424,0.06832696059311164,0.0010778449941426516,0.6779043674468994
0,10,7,front3,3127,0.0649081920957865,0.00842542098192762,0.3789920695277579,0.0676363967951299,0.00121792359277606,0.6653938293457031
0,10,8,front3,3127,0.003209681818610094,0.001211022611656011,0.4953929305315312,0.08316551721496344,0.0015428271144628525,0.7798804640769958
0,10,9,front3,3127,0.005898115490704737,0.0019702525501190814,0.3125275132583946,0.058557374235524005,0.0009101557661779225,0.6062660217285156
0,10,10,front3,3127,0.3247036789161111,0.040831462404102126,0.4636956694520498,0.08190013420916772,0.0014111652271822095,0.7897351384162903
0,10,11,front3,3127,0.18664129919576905,0.05705751868411106,0.45321436268369797,0.07871888844874762,0.0013878794852644205,0.8241084218025208
0,10,12,front3,3127,0.0337947692772953,0.015373342442380198,0.42572435098475364,0.07480612624084518,0.0014357521431520581,0.8107376098632812
0,11,0,front3,3127,0.0017189213220438768,0.0009514597698217575,0.399858221018082,0.08741393516675883,0.0011543752625584602,0.6229538321495056
0,11,1,front3,3127,0.1399875166467468,0.06632885979152789,0.399858221018082,0.08741393516675883,0.0011543752625584602,0.6229538321495056
0,11,3,front3,3127,0.004793428880050401,0.0024122076794151413,0.4218223153446424,0.0854571556424225,0.001403494388796389,0.6439408659934998
0,11,4,front3,3127,0.1922598524067804,0.024887369342319065,0.4647032729159269,0.08170315646205077,0.0014529002364724874,0.7143698930740356
0,11,6,front3,3127,0.04208454395010172,0.019018687969166333,0.4396169830925541,0.07794717520145539,0.0012175418669357896,0.7462981343269348
0,11,7,front3,3127,0.0649081920957865,0.00842542098192762,0.45524907957694427,0.07681074143138038,0.0014297447632998228,0.7398808598518372
0,11,8,front3,3127,0.003209681818610094,0.001211022611656011,0.5913827977578286,0.09342905859775172,0.0019359519938006997,0.8434935212135315
0,11,9,front3,3127,0.005898115490704737,0.0019702525501190814,0.411962384748991,0.07604934284590242,0.001202723360620439,0.7007444500923157
0,11,10,front3,3127,0.3247036789161111,0.040831462404102126,0.5008284675063424,0.08600757364221469,0.0015319393714889884,0.8110358119010925
0,11,11,front3,3127,0.18664129919576905,0.05705751868411106,0.4650553166268031,0.07777700836667466,0.0013739928836002946,0.8053191900253296
0,11,12,front3,3127,0.0337947692772953,0.015373342442380198,0.43183861860170303,0.0730896952413035,0.001474858378060162,0.7839733362197876
0,12,0,front3,3127,0.0017189213220438768,0.0009514597698217575,0.41065158870379875,0.0866516619985535,0.0012249902356415987,0.6454967856407166
0,12,1,front3,3127,0.1399875166467468,0.06632885979152789,0.41065158870379875,0.0866516619985535,0.0012249902356415987,0.6454967856407166
0,12,3,front3,3127,0.004793428880050401,0.0024122076794151413,0.42851510514279,0.08679150222038788,0.001331365667283535,0.6550118923187256
0,12,4,front3,3127,0.1922598524067804,0.024887369342319065,0.47183387871102117,0.08398961411099144,0.0013782358728349209,0.7222437858581543
0,12,6,front3,3127,0.04208454395010172,0.019018687969166333,0.4442398740756163,0.0812496759935005,0.0011228860821574926,0.7539345622062683
0,12,7,front3,3127,0.0649081920957865,0.00842542098192762,0.4538075979741699,0.07837838484414342,0.0012898312415927649,0.7434531450271606
0,12,8,front3,3127,0.003209681818610094,0.001211022611656011,0.5924467276170868,0.09590426508435203,0.0017465882701799273,0.8476946353912354
0,12,9,front3,3127,0.005898115490704737,0.0019702525501190814,0.4154685061596373,0.07831258915636458,0.001118517480790615,0.7093183994293213
0,12,10,front3,3127,0.3247036789161111,0.040831462404102126,0.5422261626607309,0.09403489072925776,0.001432450721040368,0.8427010774612427
0,12,11,front3,3127,0.18664129919576905,0.05705751868411106,0.528127987998306,0.08969848214470286,0.0014387633418664336,0.8419240713119507
0,12,12,front3,3127,0.0337947692772953,0.015373342442380198,0.4837766130020598,0.08164089550402827,0.0015580367762595415,0.8159010410308838
0,13,0,front3,3127,0.0017189213220438768,0.0009514597698217575,0.30029205339482734,0.0654617549884604,0.001129367621615529,0.5206056833267212
0,13,1,front3,3127,0.1399875166467468,0.06632885979152789,0.30029205339482734,0.0654617549884604,0.001129367621615529,0.5206056833267212
0,13,3,front3,3127,0.004793428880050401,0.0024122076794151413,0.28012926174021113,0.06166197223594091,0.0011468306183815002,0.4864807724952698
0,13,4,front3,3127,0.1922598524067804,0.024887369342319065,0.3309306383011866,0.06668003564483226,0.0012199392076581717,0.6087493896484375
0,13,6,front3,3127,0.04208454395010172,0.019018687969166333,0.2778904040545357,0.06047018584917259,0.0009526990470476449,0.6301369667053223
0,13,7,front3,3127,0.0649081920957865,0.00842542098192762,0.29319675026708236,0.058455877936593716,0.0011189075885340571,0.6261811256408691
0,13,8,front3,3127,0.003209681818610094,0.001211022611656011,0.5021249275260075,0.0906568876968635,0.0016469471156597137,0.8222482800483704
0,13,9,front3,3127,0.005898115490704737,0.0019702525501190814,0.3388470786947252,0.06818896188317314,0.001108221709728241,0.6806327700614929
0,13,10,front3,3127,0.3247036789161111,0.040831462404102126,0.36201517079417156,0.07525087450713219,0.0011514362413436174,0.7509942650794983
0,13,11,front3,3127,0.18664129919576905,0.05705751868411106,0.3483996010323058,0.06961864543374087,0.0011565120657905936,0.7416022419929504
0,13,12,front3,3127,0.0337947692772953,0.015373342442380198,0.31594462486871955,0.06280725444893843,0.0012707907008007169,0.7281325459480286
0,14,0,front3,3127,0.0017189213220438768,0.0009514597698217575,0.3276372498184187,0.07726872935400059,0.001091635087504983,0.536596953868866
0,14,1,front3,3127,0.1399875166467468,0.06632885979152789,0.3276372498184187,0.07726872935400059,0.001091635087504983,0.536596953868866
0,14,3,front3,3127,0.004793428880050401,0.0024122076794151413,0.31381921307615657,0.07119572782171907,0.0012550880201160908,0.5342917442321777
0,14,4,front3,3127,0.1922598524067804,0.024887369342319065,0.29192613176647053,0.06654446853835523,0.0011731291888281703,0.5492557883262634
0,14,6,front3,3127,0.04208454395010172,0.019018687969166333,0.1724743484869003,0.0535180112332709,0.0006396335666067898,0.4752946197986603
0,14,7,front3,3127,0.0649081920957865,0.00842542098192762,0.18309938605137047,0.05300424550032333,0.0007512655574828386,0.48313871026039124
0,14,8,front3,3127,0.003209681818610094,0.001211022611656011,0.34435818567416365,0.08753980125662136,0.0011078908573836088,0.6974819302558899
0,14,9,front3,3127,0.005898115490704737,0.0019702525501190814,0.2078220229778322,0.06122225560396294,0.0007330382359214127,0.5117447972297668
0,14,10,front3,3127,0.3247036789161111,0.040831462404102126,0.18813432064240213,0.06097781155667445,0.0006447361083701253,0.5245639085769653
0,14,11,front3,3127,0.18664129919576905,0.05705751868411106,0.17369305766828694,0.053391151222061894,0.0006525885546579957,0.5117871761322021
0,14,12,front3,3127,0.0337947692772953,0.015373342442380198,0.15398549434527437,0.0487694883767534,0.0007266405154950917,0.4893099367618561
15,1,0,front3,7344,0.002255710588146064,0.0019020528358679603,0.4946501431992238,0.07564670198866337,0.0009917591232806444,0.7644938230514526
15,1,1,front3,7344,0.16478243928850628,0.09622736812620085,0.4946501431992238,0.07564670198866337,0.0009917591232806444,0.7644938230514526
15,1,3,front3,7344,0.007165064661789652,0.0062284777002717786,0.5162191938085207,0.07650746862388325,0.000981224700808525,0.8251248002052307
15,1,4,front3,7344,0.1580499044351587,0.03727758424421819,0.5323092743561884,0.0780318447929676,0.0011818958446383476,0.8225045800209045
15,1,6,front3,7344,0.035356974782710174,0.030375217478291434,0.5327692767001233,0.07448446806411106,0.0013772216625511646,0.8311917185783386
15,1,7,front3,7344,0.05913261191748889,0.04207803850593012,0.5177782078676451,0.07496688537490243,0.0013043619692325592,0.8235030174255371
15,1,8,front3,7344,0.00920505598913789,0.004543544696885419,0.5285036080534121,0.07929841664341836,0.0012017304543405771,0.8252802491188049
15,1,9,front3,7344,0.013954760700671138,0.008180815346067648,0.5126486667854498,0.07182338706538118,0.001146006048657,0.794490396976471
15,1,10,front3,7344,0.3160903947785305,0.08560824258815124,0.5624112294313494,0.07227311525961128,0.0013129963772371411,0.8268364667892456
15,1,11,front3,7344,0.191042910513868,0.07618800628465171,0.6007853320087612,0.07815036961169472,0.0011606307234615088,0.851305365562439
15,1,12,front3,7344,0.04296417234399275,0.029100657080314923,0.580532420581241,0.07857889980745884,0.0011852466268464923,0.8333437442779541
15,2,0,front3,7344,0.002255710588146064,0.0019020528358679603,0.4805730975858117,0.06711390465919545,0.0011129386257380247,0.7567590475082397
15,2,1,front3,7344,0.16478243928850628,0.09622736812620085,0.4805730975858117,0.06711390465919545,0.0011129386257380247,0.7567590475082397
15,2,3,front3,7344,0.007165064661789652,0.0062284777002717786,0.4903394129052095,0.07391818543352428,0.001065872609615326,0.8160448670387268
15,2,4,front3,7344,0.1580499044351587,0.03727758424421819,0.5015614849165347,0.07559342863504302,0.0012860230635851622,0.8135790824890137
15,2,6,front3,7344,0.035356974782710174,0.030375217478291434,0.4905750626051353,0.0759096378529881,0.0012287034187465906,0.8117578029632568
15,2,7,front3,7344,0.05913261191748889,0.04207803850593012,0.4739128191321032,0.07453097662464415,0.001165900845080614,0.7987539768218994
15,2,8,front3,7344,0.00920505598913789,0.004543544696885419,0.4913860187223132,0.08282047621037986,0.001092111924663186,0.8078154921531677
15,2,9,front3,7344,0.013954760700671138,0.008180815346067648,0.4636771405533069,0.06912408392482174,0.0010860715992748737,0.7655008435249329
15,2,10,front3,7344,0.3160903947785305,0.08560824258815124,0.5288544221944182,0.07257404246494234,0.0013007790548726916,0.808137834072113
15,2,11,front3,7344,0.191042910513868,0.07618800628465171,0.5668945545252811,0.07299344950746545,0.001217468874529004,0.834081768989563
15,2,12,front3,7344,0.04296417234399275,0.029100657080314923,0.5468831539740822,0.07544275619692131,0.0012452269438654184,0.8252686858177185
15,3,0,front3,7344,0.002255710588146064,0.0019020528358679603,0.49576564702919135,0.06926003661126447,0.0010925022652372718,0.763844907283783
15,3,1,front3,7344,0.16478243928850628,0.09622736812620085,0.49576564702919135,0.06926003661126447,0.0010925022652372718,0.763844907283783
15,3,3,front3,7344,0.007165064661789652,0.0062284777002717786,0.5044602682329699,0.07601869197929281,0.0010109392460435629,0.8166629076004028
15,3,4,front3,7344,0.1580499044351587,0.03727758424421819,0.5164996290944568,0.07445918886400138,0.0012197578325867653,0.8146959543228149
15,3,6,front3,7344,0.035356974782710174,0.030375217478291434,0.501460502998526,0.07098414570844809,0.001309863873757422,0.8085715770721436
15,3,7,front3,7344,0.05913261191748889,0.04207803850593012,0.4842270080911543,0.07108889232555261,0.001198037643916905,0.7954030632972717
15,3,8,front3,7344,0.00920505598913789,0.004543544696885419,0.49360959244146524,0.07774358814408443,0.0010832821717485785,0.8019436597824097
15,3,9,front3,7344,0.013954760700671138,0.008180815346067648,0.46603482361882737,0.06601271694805784,0.001116216299124062,0.7587223052978516
15,3,10,front3,7344,0.3160903947785305,0.08560824258815124,0.5330649017227335,0.06860087956550254,0.0012818907853215933,0.8013724088668823
15,3,11,front3,7344,0.191042910513868,0.07618800628465171,0.5819688920457897,0.07211022237381536,0.0012856513494625688,0.8363376259803772
15,3,12,front3,7344,0.04296417234399275,0.029100657080314923,0.5493235267961397,0.07102325045864533,0.0012468629283830523,0.8159752488136292
15,4,0,front3,7344,0.002255710588146064,0.0019020528358679603,0.46887009421912956,0.06836242779835806,0.001043264172039926,0.6941099762916565
15,4,1,front3,7344,0.16478243928850628,0.09622736812620085,0.46887009421912956,0.06836242779835806,0.001043264172039926,0.6941099762916565
15,4,3,front3,7344,0.007165064661789652,0.0062284777002717786,0.48680507513516735,0.07301177826293516,0.000987738254480064,0.7650684118270874
15,4,4,front3,7344,0.1580499044351587,0.03727758424421819,0.5025012497901438,0.06992424467906921,0.0011974809458479285,0.7658886909484863
15,4,6,front3,7344,0.035356974782710174,0.030375217478291434,0.49881299507503285,0.06265819759638652,0.0013708188198506832,0.7612526416778564
15,4,7,front3,7344,0.05913261191748889,0.04207803850593012,0.4832476675122197,0.06413348928428178,0.0013260210398584604,0.7436724305152893
15,4,8,front3,7344,0.00920505598913789,0.004543544696885419,0.5005282750366057,0.06972730981272152,0.0012443744344636798,0.7562741041183472
15,4,9,front3,7344,0.013954760700671138,0.008180815346067648,0.47229602345899707,0.06177130167465115,0.001165334484539926,0.7067311406135559
15,4,10,front3,7344,0.3160903947785305,0.08560824258815124,0.538278683249964,0.06265954785685734,0.0012850508792325854,0.7659158110618591
15,4,11,front3,7344,0.191042910513868,0.07618800628465171,0.5602320086176472,0.06615725967816406,0.0013021387858316302,0.7825921773910522
15,4,12,front3,7344,0.04296417234399275,0.029100657080314923,0.5170780726216148,0.06726925282239271,0.0011837877100333571,0.7630482912063599
15,5,0,front3,7344,0.002255710588146064,0.0019020528358679603,0.42813362057332915,0.06634670680049315,0.0009613768779672682,0.6511053442955017
15,5,1,front3,7344,0.16478243928850628,0.09622736812620085,0.42813362057332915,0.06634670680049315,0.0009613768779672682,0.6511053442955017
15,5,3,front3,7344,0.007165064661789652,0.0062284777002717786,0.44656180016527347,0.0719951784715877,0.0009094311390072107,0.7256959676742554
15,5,4,front3,7344,0.1580499044351587,0.03727758424421819,0.46201231439664736,0.06809071840486319,0.001097652013413608,0.7257157564163208
15,5,6,front3,7344,0.035356974782710174,0.030375217478291434,0.45998570741766953,0.05895993366334498,0.0012641106732189655,0.7199467420578003
15,5,7,front3,7344,0.05913261191748889,0.04207803850593012,0.44635159396297286,0.06112367955237755,0.0012226839317008853,0.7051648497581482
15,5,8,front3,7344,0.00920505598913789,0.004543544696885419,0.4625856526513704,0.06659107325729308,0.0011444678530097008,0.7189441919326782
15,5,9,front3,7344,0.013954760700671138,0.008180815346067648,0.4242281756925564,0.05948592375091332,0.0010359130101278424,0.6658255457878113
15,5,10,front3,7344,0.3160903947785305,0.08560824258815124,0.4974316328226175,0.059441073461066994,0.0011709878453984857,0.7235715985298157
15,5,11,front3,7344,0.191042910513868,0.07618800628465171,0.5279899434102694,0.06503825802512168,0.001153980498202145,0.743375837802887
15,5,12,front3,7344,0.04296417234399275,0.029100657080314923,0.4846307667619697,0.06547000471859953,0.0010605478892102838,0.7238030433654785
15,6,0,front3,7344,0.002255710588146064,0.0019020528358679603,0.44310673839239023,0.07017802826346192,0.0010338110150769353,0.6712182760238647
15,6,1,front3,7344,0.16478243928850628,0.09622736812620085,0.44310673839239023,0.07017802826346192,0.0010338110150769353,0.6712182760238647
15,6,3,front3,7344,0.007165064661789652,0.0062284777002717786,0.4662774679799201,0.0755303325184046,0.0010068940464407206,0.7311100363731384
15,6,4,front3,7344,0.1580499044351587,0.03727758424421819,0.4795706389157358,0.07235275209823878,0.0012234854511916637,0.7282866835594177
15,6,6,front3,7344,0.035356974782710174,0.030375217478291434,0.472235357843213,0.06118964489992942,0.0013271814677864313,0.7203289270401001
15,6,7,front3,7344,0.05913261191748889,0.04207803850593012,0.45799439278426674,0.06413824105258012,0.0011833248427137733,0.7010400891304016
15,6,8,front3,7344,0.00920505598913789,0.004543544696885419,0.4764867078916239,0.0704284783681266,0.001117781037464738,0.7167931199073792
15,6,9,front3,7344,0.013954760700671138,0.008180815346067648,0.43799788928730843,0.06238418032413749,0.00105230079498142,0.6692637801170349
15,6,10,front3,7344,0.3160903947785305,0.08560824258815124,0.514319947881776,0.05984584653081932,0.0012857315596193075,0.7145394086837769
15,6,11,front3,7344,0.191042910513868,0.07618800628465171,0.5475351065139354,0.06462107191648812,0.0013433888088911772,0.7335061430931091
15,6,12,front3,7344,0.04296417234399275,0.029100657080314923,0.5017893492167113,0.06313823486763795,0.0012372242053970695,0.7133213877677917
15,7,0,front3,7344,0.002255710588146064,0.0019020528358679603,0.42419907356937375,0.07350980219462766,0.0009160990011878312,0.6383941769599915
15,7,1,front3,7344,0.16478243928850628,0.09622736812620085,0.42419907356937375,0.07350980219462766,0.0009160990011878312,0.6383941769599915
15,7,3,front3,7344,0.007165064661789652,0.0062284777002717786,0.4416615964112646,0.07903797139560215,0.0008848060970194638,0.6977697014808655
15,7,4,front3,7344,0.1580499044351587,0.03727758424421819,0.46449133841523965,0.07191374594675427,0.0011189288925379515,0.7054955959320068
15,7,6,front3,7344,0.035356974782710174,0.030375217478291434,0.45272944744209737,0.05928690210657431,0.0011998101836070418,0.692760169506073
15,7,7,front3,7344,0.05913261191748889,0.04207803850593012,0.4390215662058277,0.06279627206727312,0.001124516362324357,0.6724345088005066
15,7,8,front3,7344,0.00920505598913789,0.004543544696885419,0.46204915972106203,0.06979718995500384,0.0010622258996590972,0.6974160671234131
15,7,9,front3,7344,0.013954760700671138,0.008180815346067648,0.42370848327581306,0.062140828342502764,0.0010197475785389543,0.6482306718826294
15,7,10,front3,7344,0.3160903947785305,0.08560824258815124,0.5096689626587483,0.06225983502730278,0.0012921631569042802,0.7180865406990051
15,7,11,front3,7344,0.191042910513868,0.07618800628465171,0.5410670331732357,0.0645726596388938,0.001392565667629242,0.737353503704071
15,7,12,front3,7344,0.04296417234399275,0.029100657080314923,0.4933409259437983,0.06191855149284704,0.0012959809973835945,0.7145052552223206
15,8,0,front3,7344,0.002255710588146064,0.0019020528358679603,0.31506658270788007,0.0574253459430403,0.0008456817013211548,0.5835838317871094
15,8,1,front3,7344,0.16478243928850628,0.09622736812620085,0.31506658270788007,0.0574253459430403,0.0008456817013211548,0.5835838317871094
15,8,3,front3,7344,0.007165064661789652,0.0062284777002717786,0.3323230376853543,0.06314350339020787,0.0008113744552247226,0.6256585121154785
15,8,4,front3,7344,0.1580499044351587,0.03727758424421819,0.3533330451378364,0.05788106391028113,0.000979919102974236,0.6434885263442993
15,8,6,front3,7344,0.035356974782710174,0.030375217478291434,0.32603617458983797,0.0483608345828094,0.0009646308026276529,0.6210303902626038
15,8,7,front3,7344,0.05913261191748889,0.04207803850593012,0.31369988408745036,0.0477882078479194,0.000913626397959888,0.5987083315849304
15,8,8,front3,7344,0.00920505598913789,0.004543544696885419,0.3389065889600983,0.05680337406974576,0.000889933726284653,0.6208167672157288
15,8,9,front3,7344,0.013954760700671138,0.008180815346067648,0.30306135249684263,0.04594450232962329,0.0008749781991355121,0.5670719742774963
15,8,10,front3,7344,0.3160903947785305,0.08560824258815124,0.4448436245714622,0.05911250272556069,0.0011807335540652275,0.6887194514274597
15,8,11,front3,7344,0.191042910513868,0.07618800628465171,0.5008069740837456,0.062280530459933744,0.0013302965089678764,0.7341669797897339
15,8,12,front3,7344,0.04296417234399275,0.029100657080314923,0.4248560862218618,0.05903388705039911,0.00126463093329221,0.6929622888565063
15,9,0,front3,7344,0.002255710588146064,0.0019020528358679603,0.42564185711124713,0.07709068737007488,0.0010191580513492227,0.6451007723808289
15,9,1,front3,7344,0.16478243928850628,0.09622736812620085,0.42564185711124713,0.07709068737007488,0.0010191580513492227,0.6451007723808289
15,9,3,front3,7344,0.007165064661789652,0.0062284777002717786,0.4409995408548357,0.08415671429402227,0.0009703217074275017,0.7079078555107117
15,9,4,front3,7344,0.1580499044351587,0.03727758424421819,0.47338160605707585,0.07913299206458727,0.0011862636310979724,0.7326303124427795
15,9,6,front3,7344,0.035356974782710174,0.030375217478291434,0.4449079024011424,0.06647794965611949,0.0011980319395661354,0.6949732303619385
15,9,7,front3,7344,0.05913261191748889,0.04207803850593012,0.41724710669929976,0.06933197498456187,0.000988338841125369,0.6611954569816589
15,9,8,front3,7344,0.00920505598913789,0.004543544696885419,0.42895748490240165,0.08155255847444924,0.0009136686567217112,0.6528462171554565
15,9,9,front3,7344,0.013954760700671138,0.008180815346067648,0.39251732064834066,0.06510405811600029,0.0009059120784513652,0.6007145643234253
15,9,10,front3,7344,0.3160903947785305,0.08560824258815124,0.4693283606684576,0.0682725417277396,0.0010794393019750714,0.7011768221855164
15,9,11,front3,7344,0.191042910513868,0.07618800628465171,0.506119381854549,0.06576781974168291,0.001225318294018507,0.7277314066886902
15,9,12,front3,7344,0.04296417234399275,0.029100657080314923,0.4582451659794704,0.0624830186648045,0.0012111155083402991,0.7021604180335999
15,10,0,front3,7344,0.002255710588146064,0.0019020528358679603,0.3812596461500616,0.06440740750781902,0.0009980947943404317,0.62446528673172
15,10,1,front3,7344,0.16478243928850628,0.09622736812620085,0.3812596461500616,0.06440740750781902,0.0009980947943404317,0.62446528673172
15,10,3,front3,7344,0.007165064661789652,0.0062284777002717786,0.38097409540680816,0.06774216586097397,0.0009720849338918924,0.7039677500724792
15,10,4,front3,7344,0.1580499044351587,0.03727758424421819,0.4085322379378142,0.06435066046840195,0.0011198624270036817,0.7154498100280762
15,10,6,front3,7344,0.035356974782710174,0.030375217478291434,0.3513242575725773,0.05352596327501018,0.0009804766159504652,0.6378672122955322
15,10,7,front3,7344,0.05913261191748889,0.04207803850593012,0.326591669576964,0.052581591759715926,0.0009127380326390266,0.6028924584388733
15,10,8,front3,7344,0.00920505598913789,0.004543544696885419,0.34148777978752226,0.06394436087753205,0.0009084793273359537,0.6021441221237183
15,10,9,front3,7344,0.013954760700671138,0.008180815346067648,0.3057329713908882,0.049860717200490415,0.0008311887504532933,0.5476809740066528
15,10,10,front3,7344,0.3160903947785305,0.08560824258815124,0.41686116355714287,0.06300454079559381,0.0010974234901368618,0.6798344850540161
15,10,11,front3,7344,0.191042910513868,0.07618800628465171,0.4433061563350294,0.06536855282462856,0.0011673877015709877,0.6968044638633728
15,10,12,front3,7344,0.04296417234399275,0.029100657080314923,0.3987811968086838,0.0655270773979965,0.0010625725844874978,0.6710525751113892
15,11,0,front3,7344,0.002255710588146064,0.0019020528358679603,0.40706659326490435,0.06631410518008131,0.0009698605863377452,0.6611226201057434
15,11,1,front3,7344,0.16478243928850628,0.09622736812620085,0.40706659326490435,0.06631410518008131,0.0009698605863377452,0.6611226201057434
15,11,3,front3,7344,0.007165064661789652,0.0062284777002717786,0.41313424701632184,0.07054525796313316,0.001003625220619142,0.7224252223968506
15,11,4,front3,7344,0.1580499044351587,0.03727758424421819,0.43821298856073754,0.0659600469719137,0.0010896879248321056,0.7275129556655884
15,11,6,front3,7344,0.035356974782710174,0.030375217478291434,0.38338018841490484,0.05646250766766818,0.0009991799015551805,0.6599943041801453
15,11,7,front3,7344,0.05913261191748889,0.04207803850593012,0.35340187621967345,0.05529684509410715,0.0009409604826942086,0.6192938685417175
15,11,8,front3,7344,0.00920505598913789,0.004543544696885419,0.4137553414335276,0.06860703309292375,0.001093776780180633,0.6606741547584534
15,11,9,front3,7344,0.013954760700671138,0.008180815346067648,0.35974464295563224,0.05804635090327206,0.0009141897899098694,0.5894349813461304
15,11,10,front3,7344,0.3160903947785305,0.08560824258815124,0.4487078718355283,0.06534374035107557,0.001070200465619564,0.6979503631591797
15,11,11,front3,7344,0.191042910513868,0.07618800628465171,0.46606083752472416,0.06729048124649506,0.001107609597966075,0.6655963659286499
15,11,12,front3,7344,0.04296417234399275,0.029100657080314923,0.40364161260042875,0.0667047991851228,0.0009949990781024098,0.6269082427024841
15,12,0,front3,7344,0.002255710588146064,0.0019020528358679603,0.4032327494531903,0.0662116243628365,0.0009810087503865361,0.674167275428772
15,12,1,front3,7344,0.16478243928850628,0.09622736812620085,0.4032327494531903,0.0662116243628365,0.0009810087503865361,0.674167275428772
15,12,3,front3,7344,0.007165064661789652,0.0062284777002717786,0.41192976229005923,0.07075213281577442,0.0010356958955526352,0.7398681640625
15,12,4,front3,7344,0.1580499044351587,0.03727758424421819,0.4380565385684454,0.06772863089667817,0.001115952036343515,0.7456590533256531
15,12,6,front3,7344,0.035356974782710174,0.030375217478291434,0.3819313949608052,0.058549029123205296,0.0009779282845556736,0.6806631088256836
15,12,7,front3,7344,0.05913261191748889,0.04207803850593012,0.3374420413789754,0.05617928495805229,0.000834352511446923,0.626700758934021
15,12,8,front3,7344,0.00920505598913789,0.004543544696885419,0.41390963776680934,0.07336398934505833,0.0010571646271273494,0.6814318299293518
15,12,9,front3,7344,0.013954760700671138,0.008180815346067648,0.3620014908509027,0.061794081494517955,0.0008667899528518319,0.6069017648696899
15,12,10,front3,7344,0.3160903947785305,0.08560824258815124,0.48823955590242074,0.07204682677398469,0.0010549110593274236,0.7527959942817688
15,12,11,front3,7344,0.191042910513868,0.07618800628465171,0.516213265974684,0.07077347638662532,0.0011557076359167695,0.7430893182754517
15,12,12,front3,7344,0.04296417234399275,0.029100657080314923,0.42939796038180583,0.06635086432951737,0.0010461091296747327,0.6902068257331848
15,13,0,front3,7344,0.002255710588146064,0.0019020528358679603,0.3171934660024308,0.05979600201163055,0.0009419745183549821,0.5641478896141052
15,13,1,front3,7344,0.16478243928850628,0.09622736812620085,0.3171934660024308,0.05979600201163055,0.0009419745183549821,0.5641478896141052
15,13,3,front3,7344,0.007165064661789652,0.0062284777002717786,0.27032865119191213,0.05755610707028377,0.0009029196808114648,0.5693790316581726
15,13,4,front3,7344,0.1580499044351587,0.03727758424421819,0.3448864753319832,0.06718869257187628,0.001082544564269483,0.6436465382575989
15,13,6,front3,7344,0.035356974782710174,0.030375217478291434,0.24472974008046722,0.053158627278844975,0.0008339337073266506,0.5022311806678772
15,13,7,front3,7344,0.05913261191748889,0.04207803850593012,0.2013133720977477,0.04700208032156255,0.000727211416233331,0.4254477620124817
15,13,8,front3,7344,0.00920505598913789,0.004543544696885419,0.36930384213370965,0.07712550923853925,0.0011931810295209289,0.6306470036506653
15,13,9,front3,7344,0.013954760700671138,0.008180815346067648,0.3281383611224783,0.06442967222700004,0.0010360220912843943,0.5610122680664062
15,13,10,front3,7344,0.3160903947785305,0.08560824258815124,0.34594959708508066,0.06567445282117612,0.0010786574566736817,0.6160412430763245
15,13,11,front3,7344,0.191042910513868,0.07618800628465171,0.36938840204836904,0.060544678607332356,0.0011638834839686751,0.6074761748313904
15,13,12,front3,7344,0.04296417234399275,0.029100657080314923,0.2988734226569854,0.05326723559734278,0.0009999941103160381,0.5480608940124512
15,14,0,front3,7344,0.002255710588146064,0.0019020528358679603,0.2806913391564442,0.06027560802455684,0.0008175899856723845,0.5502963066101074
15,14,1,front3,7344,0.16478243928850628,0.09622736812620085,0.2806913391564442,0.06027560802455684,0.0008175899856723845,0.5502963066101074
15,14,3,front3,7344,0.007165064661789652,0.0062284777002717786,0.24886717070981348,0.057635639681463624,0.0007882062345743179,0.5379042029380798
15,14,4,front3,7344,0.1580499044351587,0.03727758424421819,0.2965598597340534,0.06843227897886407,0.0008704279316589236,0.6078808307647705
15,14,6,front3,7344,0.035356974782710174,0.030375217478291434,0.1894817581064741,0.047719912591497916,0.0006843203445896506,0.49817898869514465
15,14,7,front3,7344,0.05913261191748889,0.04207803850593012,0.15853551317393672,0.04241097331047329,0.0006362894200719893,0.43019646406173706
15,14,8,front3,7344,0.00920505598913789,0.004543544696885419,0.2912661269246298,0.07475886587267776,0.0009165372466668487,0.6204437613487244
15,14,9,front3,7344,0.013954760700671138,0.008180815346067648,0.24626629212333184,0.05779784091838547,0.0008425608393736184,0.530975878238678
15,14,10,front3,7344,0.3160903947785305,0.08560824258815124,0.22407890705631506,0.05868880652970307,0.0007324666948989034,0.568726122379303
15,14,11,front3,7344,0.191042910513868,0.07618800628465171,0.23458233799117287,0.050617205135189795,0.0007552998140454292,0.5521812438964844
15,14,12,front3,7344,0.04296417234399275,0.029100657080314923,0.19104969222332402,0.0458947800275908,0.0007024197257123888,0.5038855075836182
16,1,0,front3,1503,0.0057623940131850074,0.0029167808748313314,0.4630219690565668,0.07488505585382105,0.0011048922315239906,0.6547810435295105
16,1,1,front3,1503,0.18655769601085284,0.08697201332179438,0.4630219690565668,0.07488505585382105,0.0011048922315239906,0.6547810435295105
16,1,3,front3,1503,0.011666296135317196,0.008684550229946563,0.4848844761063586,0.07566473629058289,0.0013650585897266865,0.7345432043075562
16,1,4,front3,1503,0.1229901442071608,0.029680999591315607,0.49500158353998674,0.0854518470898889,0.0012073151301592588,0.7286759614944458
16,1,6,front3,1503,0.047838217298459246,0.03531780281743333,0.5113282895199918,0.08043415934276549,0.0014386770781129599,0.7414478063583374
16,1,7,front3,1503,0.08736929518318931,0.04651629839798212,0.49626714033579683,0.08146407711574083,0.001319725182838738,0.7181665301322937
16,1,8,front3,1503,0.010528432118710294,0.0034786452130353513,0.522494278855607,0.09022665850420224,0.0012800454860553145,0.7502651214599609
16,1,9,front3,1503,0.021562184295143182,0.010815640746715038,0.4708526076132268,0.07574916950166492,0.0012091011740267277,0.6990281939506531
16,1,10,front3,1503,0.3268439239733992,0.10641179511774464,0.5354136967805666,0.07796388829106352,0.0013702927390113473,0.7472746968269348
16,1,11,front3,1503,0.13944879434447005,0.057349117768475545,0.5963560414558007,0.0820122702304043,0.0015527249779552221,0.789150059223175
16,1,12,front3,1503,0.03943262242011294,0.021810600853192634,0.5772896552804166,0.0778979749118916,0.001642639865167439,0.7774975299835205
16,2,0,front3,1503,0.0057623940131850074,0.0029167808748313314,0.47892016585997144,0.0700221427368071,0.0013417291920632124,0.665554940700531
16,2,1,front3,1503,0.18655769601085284,0.08697201332179438,0.47892016585997144,0.0700221427368071,0.0013417291920632124,0.665554940700531
16,2,3,front3,1503,0.011666296135317196,0.008684550229946563,0.47817627203575486,0.07388726404843914,0.0014537499519065022,0.7314058542251587
16,2,4,front3,1503,0.1229901442071608,0.029680999591315607,0.48247239201658676,0.08343251658580854,0.0012555173598229885,0.7233114242553711
16,2,6,front3,1503,0.047838217298459246,0.03531780281743333,0.4793499612052078,0.08238833523630304,0.0012655460741370916,0.7252628803253174
16,2,7,front3,1503,0.08736929518318931,0.04651629839798212,0.462585927047491,0.08159807932538231,0.0011823767563328147,0.6979765892028809
16,2,8,front3,1503,0.010528432118710294,0.0034786452130353513,0.495415865983278,0.09301506640097525,0.0011587025364860892,0.7480758428573608
16,2,9,front3,1503,0.021562184295143182,0.010815640746715038,0.4387268449815891,0.07445684021808514,0.0010927561670541763,0.6667928099632263
16,2,10,front3,1503,0.3268439239733992,0.10641179511774464,0.5220214943372857,0.08315304333290013,0.0012761031975969672,0.747663140296936
16,2,11,front3,1503,0.13944879434447005,0.057349117768475545,0.578642337225859,0.08378059727812666,0.0013743920717388391,0.7801275253295898
16,2,12,front3,1503,0.03943262242011294,0.021810600853192634,0.5642466424325052,0.08077805367604725,0.0014798364136368036,0.7807237505912781
16,3,0,front3,1503,0.0057623940131850074,0.0029167808748313314,0.4945227708090475,0.07222689056403907,0.0015816001687198877,0.6754633784294128
16,3,1,front3,1503,0.18655769601085284,0.08697201332179438,0.4945227708090475,0.07222689056403907,0.0015816001687198877,0.6754633784294128
16,3,3,front3,1503,0.011666296135317196,0.008684550229946563,0.4932549015812654,0.07412959280158199,0.0015961196040734649,0.7333837151527405
16,3,4,front3,1503,0.1229901442071608,0.029680999591315607,0.49831198430133716,0.08092953344690582,0.0013785009505227208,0.7259751558303833
16,3,6,front3,1503,0.047838217298459246,0.03531780281743333,0.48997448543576166,0.07683869369198289,0.0013270297786220908,0.7238437533378601
16,3,7,front3,1503,0.08736929518318931,0.04651629839798212,0.47217478127053336,0.07749001919261211,0.0012137399753555655,0.6964754462242126
16,3,8,front3,1503,0.010528432118710294,0.0034786452130353513,0.49633359095931834,0.0874453053596488,0.001148173469118774,0.7336209416389465
16,3,9,front3,1503,0.021562184295143182,0.010815640746715038,0.43960092988432803,0.07019422723316125,0.0010828261729329824,0.6535273790359497
16,3,10,front3,1503,0.3268439239733992,0.10641179511774464,0.5293119723103223,0.07806903839498477,0.0013053083093836904,0.7424707412719727
16,3,11,front3,1503,0.13944879434447005,0.057349117768475545,0.5965360933530602,0.08394805020740452,0.0014245354104787111,0.7865029573440552
16,3,12,front3,1503,0.03943262242011294,0.021810600853192634,0.5694595837150933,0.07698010300204662,0.001530517009086907,0.7700534462928772
16,4,0,front3,1503,0.0057623940131850074,0.0029167808748313314,0.46520192432798213,0.07006752048495879,0.001426774193532765,0.6061044335365295
16,4,1,front3,1503,0.18655769601085284,0.08697201332179438,0.46520192432798213,0.07006752048495879,0.001426774193532765,0.6061044335365295
16,4,3,front3,1503,0.011666296135317196,0.008684550229946563,0.47276687537705997,0.07045724103551525,0.0014949939213693142,0.6782103776931763
16,4,4,front3,1503,0.1229901442071608,0.029680999591315607,0.4829045801280353,0.07244146389540089,0.0013182014226913452,0.6741259098052979
16,4,6,front3,1503,0.047838217298459246,0.03531780281743333,0.4878343314824549,0.06576079150103349,0.0014276154106482863,0.6818411350250244
16,4,7,front3,1503,0.08736929518318931,0.04651629839798212,0.47170884901754057,0.06765697893390907,0.0013042240170761943,0.6531127095222473
16,4,8,front3,1503,0.010528432118710294,0.0034786452130353513,0.5047763392397532,0.07703010853686743,0.0012904438190162182,0.7120306491851807
16,4,9,front3,1503,0.021562184295143182,0.010815640746715038,0.4471297953103552,0.06347260869444904,0.0011677637230604887,0.62116539478302
16,4,10,front3,1503,0.3268439239733992,0.10641179511774464,0.5360983320426986,0.06898434470380581,0.0014582443982362747,0.7147908210754395
16,4,11,front3,1503,0.13944879434447005,0.057349117768475545,0.5792738684857077,0.07635931031143878,0.0014246967621147633,0.7600917816162109
16,4,12,front3,1503,0.03943262242011294,0.021810600853192634,0.5409555141931786,0.07178297193515902,0.0014700551982969046,0.7341952323913574
16,5,0,front3,1503,0.0057623940131850074,0.0029167808748313314,0.4200847685168679,0.06781236203916428,0.0012405980378389359,0.5686550140380859
16,5,1,front3,1503,0.18655769601085284,0.08697201332179438,0.4200847685168679,0.06781236203916428,0.0012405980378389359,0.5686550140380859
16,5,3,front3,1503,0.011666296135317196,0.008684550229946563,0.43949923242509853,0.06837812983998061,0.0013927154941484332,0.6540935039520264
16,5,4,front3,1503,0.1229901442071608,0.029680999591315607,0.4493002233972881,0.067942376460323,0.0012225330574437976,0.6488433480262756
16,5,6,front3,1503,0.047838217298459246,0.03531780281743333,0.4628147870630301,0.05961376508375123,0.001383147668093443,0.6621425151824951
16,5,7,front3,1503,0.08736929518318931,0.04651629839798212,0.4485420683145254,0.061967473357531784,0.0012666917173191905,0.6342709064483643
16,5,8,front3,1503,0.010528432118710294,0.0034786452130353513,0.48055264970366063,0.07027306717104208,0.0012832731008529663,0.6718817949295044
16,5,9,front3,1503,0.021562184295143182,0.010815640746715038,0.4130605016090688,0.059642398402335706,0.0010707775363698602,0.5871855020523071
16,5,10,front3,1503,0.3268439239733992,0.10641179511774464,0.5099012574274836,0.06332503617461042,0.001413768040947616,0.6958417892456055
16,5,11,front3,1503,0.13944879434447005,0.057349117768475545,0.5618328669734134,0.0713349518897528,0.0014774793526157737,0.7393001317977905
16,5,12,front3,1503,0.03943262242011294,0.021810600853192634,0.5230842060932309,0.06736143788199542,0.0015245156828314066,0.712009608745575
16,6,0,front3,1503,0.0057623940131850074,0.0029167808748313314,0.42216474896979084,0.07015479113020988,0.0011965123703703284,0.5703945755958557
16,6,1,front3,1503,0.18655769601085284,0.08697201332179438,0.42216474896979084,0.07015479113020988,0.0011965123703703284,0.5703945755958557
16,6,3,front3,1503,0.011666296135317196,0.008684550229946563,0.4466036869209422,0.07167958634536138,0.0013871672563254833,0.6482943296432495
16,6,4,front3,1503,0.1229901442071608,0.029680999591315607,0.4652931732171279,0.07252013518261671,0.0012149544199928641,0.6568238735198975
16,6,6,front3,1503,0.047838217298459246,0.03531780281743333,0.4757431938180654,0.06258185567736267,0.0013523077359423041,0.6596263647079468
16,6,7,front3,1503,0.08736929518318931,0.04651629839798212,0.46162110823377006,0.06610239655034222,0.0012384451692923903,0.6465315818786621
16,6,8,front3,1503,0.010528432118710294,0.0034786452130353513,0.495856514567474,0.07513335600970623,0.0012661609798669815,0.6879948377609253
16,6,9,front3,1503,0.021562184295143182,0.010815640746715038,0.4280220389100323,0.06356360522254315,0.0010806440841406584,0.6014407277107239
16,6,10,front3,1503,0.3268439239733992,0.10641179511774464,0.5285979182605339,0.06544537025438645,0.0014218849828466773,0.6971312761306763
16,6,11,front3,1503,0.13944879434447005,0.057349117768475545,0.5830987248130091,0.07254603554425776,0.001529097557067871,0.7685496807098389
16,6,12,front3,1503,0.03943262242011294,0.021810600853192634,0.5423327329290035,0.06721013429234837,0.001586971920914948,0.7409332394599915
16,7,0,front3,1503,0.0057623940131850074,0.0029167808748313314,0.4010826682268982,0.07716617947490557,0.0009836081881076097,0.5914140939712524
16,7,1,front3,1503,0.18655769601085284,0.08697201332179438,0.4010826682268982,0.07716617947490557,0.0009836081881076097,0.5914140939712524
16,7,3,front3,1503,0.011666296135317196,0.008684550229946563,0.419356128543396,0.07727317385844498,0.0011239771265536547,0.6154887080192566
16,7,4,front3,1503,0.1229901442071608,0.029680999591315607,0.46103952936643794,0.0725123209985969,0.0011169224744662642,0.6757653951644897
16,7,6,front3,1503,0.047838217298459246,0.03531780281743333,0.46647083193667266,0.06193254871223877,0.0012432069052010775,0.6720114946365356
16,7,7,front3,1503,0.08736929518318931,0.04651629839798212,0.44752402214545023,0.06574527437902129,0.0011458380613476038,0.6626420021057129
16,7,8,front3,1503,0.010528432118710294,0.0034786452130353513,0.48631436432888686,0.0754697227848971,0.0011714837746694684,0.678135871887207
16,7,9,front3,1503,0.021562184295143182,0.010815640746715038,0.4187119166656129,0.06589579202240974,0.0010071347933262587,0.6183932423591614
16,7,10,front3,1503,0.3268439239733992,0.10641179511774464,0.5260408531755292,0.06877868341882737,0.0013262249995023012,0.7169283032417297
16,7,11,front3,1503,0.13944879434447005,0.057349117768475545,0.5793335726531129,0.07491915051442445,0.001427765004336834,0.7840572595596313
16,7,12,front3,1503,0.03943262242011294,0.021810600853192634,0.5365149645767306,0.07045617647477469,0.0014818098861724138,0.7551328539848328
16,8,0,front3,1503,0.0057623940131850074,0.0029167808748313314,0.2948811365905619,0.060800226813875986,0.0008039032691158354,0.49329477548599243
16,8,1,front3,1503,0.18655769601085284,0.08697201332179438,0.2948811365905619,0.060800226813875986,0.0008039032691158354,0.49329477548599243
16,8,3,front3,1503,0.011666296135317196,0.008684550229946563,0.3120299092646461,0.06310324993050488,0.0009480317239649594,0.5371019840240479
16,8,4,front3,1503,0.1229901442071608,0.029680999591315607,0.3539935623036362,0.05767929288638184,0.0009420804562978446,0.5834221243858337
16,8,6,front3,1503,0.047838217298459246,0.03531780281743333,0.33960169120913236,0.049829463192780414,0.0009912211680784822,0.5620441436767578
16,8,7,front3,1503,0.08736929518318931,0.04651629839798212,0.3221972250005203,0.05008374178594741,0.0009135698201134801,0.5516292452812195
16,8,8,front3,1503,0.010528432118710294,0.0034786452130353513,0.3623643218863728,0.060346302211138805,0.0009448224445804954,0.5721883177757263
16,8,9,front3,1503,0.021562184295143182,0.010815640746715038,0.30015759987801377,0.04931156243363967,0.0008280136389657855,0.507237434387207
16,8,10,front3,1503,0.3268439239733992,0.10641179511774464,0.464748007942537,0.06624909405036511,0.0012387926690280437,0.680636465549469
16,8,11,front3,1503,0.13944879434447005,0.057349117768475545,0.5420449400737823,0.07147881279730563,0.0013830476673319936,0.774746835231781
16,8,12,front3,1503,0.03943262242011294,0.021810600853192634,0.46958400143161094,0.06676066168733079,0.0014354028971865773,0.7157115936279297
16,9,0,front3,1503,0.0057623940131850074,0.0029167808748313314,0.40633485461029095,0.08067052063267754,0.0009666004916653037,0.6165131330490112
16,9,1,front3,1503,0.18655769601085284,0.08697201332179438,0.40633485461029095,0.08067052063267754,0.0009666004916653037,0.6165131330490112
16,9,3,front3,1503,0.011666296135317196,0.008684550229946563,0.4226286850678496,0.08299718769927605,0.0011476693907752633,0.6409223079681396
16,9,4,front3,1503,0.1229901442071608,0.029680999591315607,0.478786998025172,0.0849432683576794,0.0011404663091525435,0.6945486068725586
16,9,6,front3,1503,0.047838217298459246,0.03531780281743333,0.4645661842689093,0.07135372717572544,0.0012511833338066936,0.6831068992614746
16,9,7,front3,1503,0.08736929518318931,0.04651629839798212,0.4309998235459386,0.07416186492012991,0.0010785588528960943,0.6638123989105225
16,9,8,front3,1503,0.010528432118710294,0.0034786452130353513,0.45799744328713515,0.08718379612221025,0.001076835091225803,0.670738160610199
16,9,9,front3,1503,0.021562184295143182,0.010815640746715038,0.3935879873136165,0.06980213574740965,0.0009560943581163883,0.6105660200119019
16,9,10,front3,1503,0.3268439239733992,0.10641179511774464,0.48949084734031095,0.07567683779571575,0.0012094606645405293,0.702817976474762
16,9,11,front3,1503,0.13944879434447005,0.057349117768475545,0.5474751065533976,0.07610613402613109,0.0013924927916377783,0.776953935623169
16,9,12,front3,1503,0.03943262242011294,0.021810600853192634,0.4958294703676573,0.07155607325035483,0.0014117943355813622,0.7336028814315796
16,10,0,front3,1503,0.0057623940131850074,0.0029167808748313314,0.35647473353281445,0.06299076622017515,0.000940414669457823,0.5333085656166077
16,10,1,front3,1503,0.18655769601085284,0.08697201332179438,0.35647473353281445,0.06299076622017515,0.000940414669457823,0.5333085656166077
16,10,3,front3,1503,0.011666296135317196,0.008684550229946563,0.3652799298254995,0.06284961306447748,0.0011348433326929808,0.627465546131134
16,10,4,front3,1503,0.1229901442071608,0.029680999591315607,0.42061647652741024,0.06585068419098583,0.0011430749436840415,0.6510373950004578
16,10,6,front3,1503,0.047838217298459246,0.03531780281743333,0.38410595497729894,0.05475472703506064,0.0011081050615757704,0.6114233136177063
16,10,7,front3,1503,0.08736929518318931,0.04651629839798212,0.3537913988752096,0.05382583108182319,0.0010265058372169733,0.5672383904457092
16,10,8,front3,1503,0.010528432118710294,0.0034786452130353513,0.3771984663233347,0.06550323558593651,0.0010277907131239772,0.626558780670166
16,10,9,front3,1503,0.021562184295143182,0.010815640746715038,0.314078309103002,0.04960322728217666,0.0008835832704789937,0.5093928575515747
16,10,10,front3,1503,0.3268439239733992,0.10641179511774464,0.4439568568526997,0.06715992504960232,0.0011433085892349482,0.6717459559440613
16,10,11,front3,1503,0.13944879434447005,0.057349117768475545,0.4908815210642379,0.0691186262736949,0.00124755734577775,0.7049228549003601
16,10,12,front3,1503,0.03943262242011294,0.021810600853192634,0.4408010852992372,0.06760435454944662,0.0012738154036924243,0.6613274812698364
16,11,0,front3,1503,0.0057623940131850074,0.0029167808748313314,0.3708201870225796,0.06502587700560523,0.000871192489285022,0.5472378730773926
16,11,1,front3,1503,0.18655769601085284,0.08697201332179438,0.3708201870225796,0.06502587700560523,0.000871192489285022,0.5472378730773926
16,11,3,front3,1503,0.011666296135317196,0.008684550229946563,0.3856737289552317,0.06616874448305103,0.0010469760745763779,0.6223195791244507
16,11,4,front3,1503,0.1229901442071608,0.029680999591315607,0.4385827640822053,0.06745366499100268,0.0010604115668684244,0.6562399864196777
16,11,6,front3,1503,0.047838217298459246,0.03531780281743333,0.41142307149383583,0.05858970720927917,0.0011071896879002452,0.6202264428138733
16,11,7,front3,1503,0.08736929518318931,0.04651629839798212,0.3757429783170856,0.0567195888983604,0.0010139471851289272,0.5647093057632446
16,11,8,front3,1503,0.010528432118710294,0.0034786452130353513,0.42940776521685153,0.06846649934230162,0.00113158009480685,0.6407579183578491
16,11,9,front3,1503,0.021562184295143182,0.010815640746715038,0.3556861204691746,0.05550742919472078,0.0009291670867241919,0.5379602313041687
16,11,10,front3,1503,0.3268439239733992,0.10641179511774464,0.4590959234669103,0.06567157217113154,0.001182007952593267,0.6658570170402527
16,11,11,front3,1503,0.13944879434447005,0.057349117768475545,0.4960808414544201,0.06866644432169482,0.0012469948269426823,0.6649196743965149
16,11,12,front3,1503,0.03943262242011294,0.021810600853192634,0.4279212534142762,0.06801170499198873,0.0012256340123713017,0.6245337724685669
16,12,0,front3,1503,0.0057623940131850074,0.0029167808748313314,0.3705203828383042,0.06408071601280098,0.0008989388588815928,0.5720767974853516
16,12,1,front3,1503,0.18655769601085284,0.08697201332179438,0.3705203828383042,0.06408071601280098,0.0008989388588815928,0.5720767974853516
16,12,3,front3,1503,0.011666296135317196,0.008684550229946563,0.389353906937394,0.06449975085834776,0.0010937820188701153,0.6554085612297058
16,12,4,front3,1503,0.1229901442071608,0.029680999591315607,0.443439479289745,0.06876908385333898,0.0011078175157308578,0.6903709173202515
16,12,6,front3,1503,0.047838217298459246,0.03531780281743333,0.4291006767333356,0.060968181529983255,0.0012273092288523912,0.6693215370178223
16,12,7,front3,1503,0.08736929518318931,0.04651629839798212,0.3682139750612814,0.05619898837497935,0.0010080721694976091,0.5919190049171448
16,12,8,front3,1503,0.010528432118710294,0.0034786452130353513,0.43897802760023363,0.07171252477969171,0.001195244607515633,0.6674634218215942
16,12,9,front3,1503,0.021562184295143182,0.010815640746715038,0.36677869838130794,0.057474591853193646,0.0009014304960146546,0.5798671841621399
16,12,10,front3,1503,0.3268439239733992,0.10641179511774464,0.5093856321227026,0.07118734529080363,0.0013424461940303445,0.7421599626541138
16,12,11,front3,1503,0.13944879434447005,0.057349117768475545,0.5546545397005548,0.0715909849077626,0.0014389469288289547,0.7465322613716125
16,12,12,front3,1503,0.03943262242011294,0.021810600853192634,0.4620879727709451,0.0655954568851581,0.0013409428065642715,0.6893082857131958
16,13,0,front3,1503,0.0057623940131850074,0.0029167808748313314,0.3131468369993344,0.05988511102900224,0.0009497186983935535,0.48958635330200195
16,13,1,front3,1503,0.18655769601085284,0.08697201332179438,0.3131468369993344,0.05988511102900224,0.0009497186983935535,0.48958635330200195
16,13,3,front3,1503,0.011666296135317196,0.008684550229946563,0.2746909339420395,0.05184491449206778,0.0009174450533464551,0.5035061240196228
16,13,4,front3,1503,0.1229901442071608,0.029680999591315607,0.36938085180260516,0.06438013292073326,0.0011292557464912534,0.5965913534164429
16,13,6,front3,1503,0.047838217298459246,0.03531780281743333,0.31115714807796996,0.05553490843167715,0.0011626319028437138,0.5301881432533264
16,13,7,front3,1503,0.08736929518318931,0.04651629839798212,0.24513560413417493,0.04718512577344463,0.0009763532434590161,0.43430864810943604
16,13,8,front3,1503,0.010528432118710294,0.0034786452130353513,0.4121797158429616,0.07350414289632662,0.0014102087588980794,0.6298350691795349
16,13,9,front3,1503,0.021562184295143182,0.010815640746715038,0.35418619581085214,0.05969276306502836,0.001127793686464429,0.5514636039733887
16,13,10,front3,1503,0.3268439239733992,0.10641179511774464,0.3821923741149076,0.05987770249365115,0.0013470754493027925,0.6102441549301147
16,13,11,front3,1503,0.13944879434447005,0.057349117768475545,0.4240226207288008,0.05970510576774488,0.001428317162208259,0.6333653926849365
16,13,12,front3,1503,0.03943262242011294,0.021810600853192634,0.3434230479254082,0.05447568701324317,0.0013658739626407623,0.554962158203125
16,14,0,front3,1503,0.0057623940131850074,0.0029167808748313314,0.2845120813637704,0.05997240632093885,0.0008589533972553909,0.45787209272384644
16,14,1,front3,1503,0.18655769601085284,0.08697201332179438,0.2845120813637704,0.05997240632093885,0.0008589533972553909,0.45787209272384644
16,14,3,front3,1503,0.011666296135317196,0.008684550229946563,0.25802017663693344,0.05237374601168798,0.0008280842448584735,0.44942742586135864
16,14,4,front3,1503,0.1229901442071608,0.029680999591315607,0.32655305759293474,0.06703886296065031,0.0009461489971727133,0.5446850061416626
16,14,6,front3,1503,0.047838217298459246,0.03531780281743333,0.23620927982934342,0.049002132612854576,0.0009218652849085629,0.4824664890766144
16,14,7,front3,1503,0.08736929518318931,0.04651629839798212,0.1932686034061993,0.04156543847264659,0.0008357051992788911,0.3932015597820282
16,14,8,front3,1503,0.010528432118710294,0.0034786452130353513,0.32686092990081256,0.06859064451689537,0.0011335625313222408,0.5876067280769348
16,14,9,front3,1503,0.021562184295143182,0.010815640746715038,0.26593023632577617,0.051133943441638345,0.0009567250381223857,0.49482426047325134
16,14,10,front3,1503,0.3268439239733992,0.10641179511774464,0.24857806860155898,0.04993688540756179,0.0008699189056642354,0.5295525193214417
16,14,11,front3,1503,0.13944879434447005,0.057349117768475545,0.26736206200652485,0.04829971622717388,0.0008502184064127505,0.5287097096443176
16,14,12,front3,1503,0.03943262242011294,0.021810600853192634,0.21380067075276935,0.0440402784105089,0.0008147003827616572,0.47203660011291504
17,1,0,front3,483,0.008479980538263921,0.0029391350584117085,0.43600296181931275,0.07466885368994489,0.0010172605980187654,0.5888159275054932
17,1,1,front3,483,0.1412259037194538,0.05581321083189627,0.43600296181931275,0.07466885368994489,0.0010172605980187654,0.5888159275054932
17,1,3,front3,483,0.010813376428683954,0.004585022020992153,0.4837339942410538,0.07538418783597914,0.0013234572252258658,0.6402928233146667
17,1,4,front3,483,0.16421398532583129,0.032583605815580736,0.5016631015217776,0.08861368435526762,0.0011337758041918278,0.6772152781486511
17,1,6,front3,483,0.037017486144413775,0.02324471895451703,0.536292995354903,0.07413443037311071,0.001340925577096641,0.7121080756187439
17,1,7,front3,483,0.07020726366762087,0.0378341548587997,0.5189304760814881,0.07867369022758564,0.001232024165801704,0.6903693675994873
17,1,8,front3,483,0.018928243333942756,0.005594348280153404,0.5574965850032161,0.08470326187786563,0.0012706691632047296,0.7428706288337708
17,1,9,front3,483,0.02574018038594215,0.0074600925999119905,0.49339536065910605,0.07507776245316053,0.0011408878490328789,0.6477188467979431
17,1,10,front3,483,0.31396687327308426,0.08296950066982911,0.5608660138892319,0.07169152344349562,0.001303111552260816,0.7301809787750244
17,1,11,front3,483,0.14060008673339214,0.05129738245746189,0.6219663586432315,0.07239918795057033,0.0015035750111564994,0.7625003457069397
17,1,12,front3,483,0.06880662044937114,0.026250532609281126,0.6074132409364209,0.06608210793709701,0.0016531210858374834,0.7571918964385986
17,2,0,front3,483,0.008479980538263921,0.0029391350584117085,0.4640220639133907,0.06504092659561295,0.0012501957826316357,0.5835450887680054
17,2,1,front3,483,0.1412259037194538,0.05581321083189627,0.4640220639133907,0.06504092659561295,0.0012501957826316357,0.5835450887680054
17,2,3,front3,483,0.010813376428683954,0.004585022020992153,0.4880645850270323,0.07095295991871853,0.0014133197255432606,0.6600161790847778
17,2,4,front3,483,0.16421398532583129,0.032583605815580736,0.499880628421947,0.08216773921114547,0.0011822826927527785,0.6891934275627136
17,2,6,front3,483,0.037017486144413775,0.02324471895451703,0.5145649745412977,0.07242267672627314,0.0012154370779171586,0.6881861090660095
17,2,7,front3,483,0.07020726366762087,0.0378341548587997,0.4962287708231408,0.07669270149444223,0.0011116628302261233,0.6674022674560547
17,2,8,front3,483,0.018928243333942756,0.005594348280153404,0.5414950372875373,0.086124712869161,0.0011657053837552667,0.7268573641777039
17,2,9,front3,483,0.02574018038594215,0.0074600925999119905,0.47184330626539345,0.07076446203433902,0.0010214769281446934,0.6371211409568787
17,2,10,front3,483,0.31396687327308426,0.08296950066982911,0.5607405076570824,0.07395745437727694,0.001209912821650505,0.7306162118911743
17,2,11,front3,483,0.14060008673339214,0.05129738245746189,0.6168633950086057,0.07270147125189144,0.0013735370012000203,0.7653818726539612
17,2,12,front3,483,0.06880662044937114,0.026250532609281126,0.6077010156584356,0.06603195899941938,0.0015543167246505618,0.7598732113838196
17,3,0,front3,483,0.008479980538263921,0.0029391350584117085,0.48067922178245154,0.06661355599333801,0.001308712875470519,0.6079046726226807
17,3,1,front3,483,0.1412259037194538,0.05581321083189627,0.48067922178245154,0.06661355599333801,0.001308712875470519,0.6079046726226807
17,3,3,front3,483,0.010813376428683954,0.004585022020992153,0.5041066694437809,0.0714090762212452,0.0014779260382056236,0.6735469698905945
17,3,4,front3,483,0.16421398532583129,0.032583605815580736,0.516624614795695,0.07974064318169025,0.001236341311596334,0.6924589276313782
17,3,6,front3,483,0.037017486144413775,0.02324471895451703,0.5259301006778551,0.06743565952143883,0.0012489371001720428,0.6808531880378723
17,3,7,front3,483,0.07020726366762087,0.0378341548587997,0.5057121572315145,0.07449802466708218,0.001142306486144662,0.6615805625915527
17,3,8,front3,483,0.018928243333942756,0.005594348280153404,0.5422683250437169,0.0825817442579868,0.0011562813306227326,0.7153778076171875
17,3,9,front3,483,0.02574018038594215,0.0074600925999119905,0.47267177830113766,0.06905223820530912,0.0010132171446457505,0.6284860372543335
17,3,10,front3,483,0.31396687327308426,0.08296950066982911,0.5682104516918549,0.07004756310881738,0.001238856348209083,0.7204334735870361
17,3,11,front3,483,0.14060008673339214,0.05129738245746189,0.6337744999471107,0.07314857749018785,0.0014175699325278401,0.7667933702468872
17,3,12,front3,483,0.06880662044937114,0.026250532609281126,0.6125928674343449,0.06306245544139641,0.0016041358467191458,0.7500984072685242
17,4,0,front3,483,0.008479980538263921,0.0029391350584117085,0.44945234291165814,0.06712141251167442,0.00124199443962425,0.589783787727356
17,4,1,front3,483,0.1412259037194538,0.05581321083189627,0.44945234291165814,0.06712141251167442,0.00124199443962425,0.589783787727356
17,4,3,front3,483,0.010813376428683954,0.004585022020992153,0.48709539107266836,0.07069837203622743,0.0014841442462056875,0.6536130309104919
17,4,4,front3,483,0.16421398532583129,0.032583605815580736,0.5059612599754895,0.07493131963278211,0.0012725433334708214,0.6536358594894409
17,4,6,front3,483,0.037017486144413775,0.02324471895451703,0.5283625037305725,0.05951953710076776,0.0014066529693081975,0.6460329294204712
17,4,7,front3,483,0.07020726366762087,0.0378341548587997,0.5096161007800663,0.06803786342745838,0.0012865742901340127,0.6412901878356934
17,4,8,front3,483,0.018928243333942756,0.005594348280153404,0.555599515362475,0.07366143489409373,0.0013515667524188757,0.7138317823410034
17,4,9,front3,483,0.02574018038594215,0.0074600925999119905,0.48532728001395314,0.06472402977434687,0.0011843690881505609,0.6385246515274048
17,4,10,front3,483,0.31396687327308426,0.08296950066982911,0.5799584283277018,0.06160903534991578,0.0014480677200481296,0.7088314890861511
17,4,11,front3,483,0.14060008673339214,0.05129738245746189,0.622500497493247,0.06795684278627778,0.0014627018244937062,0.7533376812934875
17,4,12,front3,483,0.06880662044937114,0.026250532609281126,0.5903862314636185,0.056800319257145376,0.0015943502075970173,0.7122846245765686
17,5,0,front3,483,0.008479980538263921,0.0029391350584117085,0.4024614257324394,0.06429662623602508,0.0010956216137856245,0.5521861910820007
17,5,1,front3,483,0.1412259037194538,0.05581321083189627,0.4024614257324394,0.06429662623602508,0.0010956216137856245,0.5521861910820007
17,5,3,front3,483,0.010813376428683954,0.004585022020992153,0.45191003999906143,0.0688786407511252,0.0014027240686118603,0.6267295479774475
17,5,4,front3,483,0.16421398532583129,0.032583605815580736,0.47013133515817873,0.07162124109355132,0.0011973599903285503,0.6272746324539185
17,5,6,front3,483,0.037017486144413775,0.02324471895451703,0.501496512460181,0.05523876933326334,0.0014229165390133858,0.6133108139038086
17,5,7,front3,483,0.07020726366762087,0.0378341548587997,0.48457153530682456,0.06356021723103537,0.0013108722632750869,0.6202319860458374
17,5,8,front3,483,0.018928243333942756,0.005594348280153404,0.5298145492679264,0.06860506200178922,0.0013770904624834657,0.693292498588562
17,5,9,front3,483,0.02574018038594215,0.0074600925999119905,0.44798735801494965,0.06173784755451635,0.0011334086302667856,0.6070621609687805
17,5,10,front3,483,0.31396687327308426,0.08296950066982911,0.5521559982144083,0.057990716212313345,0.001471326220780611,0.6861496567726135
17,5,11,front3,483,0.14060008673339214,0.05129738245746189,0.6042992116101993,0.06378735839264439,0.0016642854316160083,0.7279549837112427
17,5,12,front3,483,0.06880662044937114,0.026250532609281126,0.5714026258363702,0.05445061946146922,0.0018140440806746483,0.6932806968688965
17,6,0,front3,483,0.008479980538263921,0.0029391350584117085,0.3980690760843602,0.06829406619067531,0.0010535933542996645,0.5698633790016174
17,6,1,front3,483,0.1412259037194538,0.05581321083189627,0.3980690760843602,0.06829406619067531,0.0010535933542996645,0.5698633790016174
17,6,3,front3,483,0.010813376428683954,0.004585022020992153,0.458520303176394,0.07354406834024808,0.0014345379313454032,0.6420704126358032
17,6,4,front3,483,0.16421398532583129,0.032583605815580736,0.4841443013600373,0.07635377278578327,0.0012461375445127487,0.6464458107948303
17,6,6,front3,483,0.037017486144413775,0.02324471895451703,0.5127699936783003,0.05917392480997775,0.0014807350235059857,0.6415172815322876
17,6,7,front3,483,0.07020726366762087,0.0378341548587997,0.4956895001979803,0.06823389693879708,0.0013641442637890577,0.6405602693557739
17,6,8,front3,483,0.018928243333942756,0.005594348280153404,0.5429501944427874,0.07332549616273885,0.0014461865648627281,0.7134010791778564
17,6,9,front3,483,0.02574018038594215,0.0074600925999119905,0.46126555197936814,0.06707347875818477,0.0011888371082022786,0.6356669664382935
17,6,10,front3,483,0.31396687327308426,0.08296950066982911,0.5688213880359934,0.060462496700046435,0.0015750096645206213,0.6955605149269104
17,6,11,front3,483,0.14060008673339214,0.05129738245746189,0.6232607222389233,0.06441438394275636,0.0018332431791350245,0.7626135349273682
17,6,12,front3,483,0.06880662044937114,0.026250532609281126,0.5886443218642433,0.05524769606715148,0.0020098178647458553,0.7118502259254456
17,7,0,front3,483,0.008479980538263921,0.0029391350584117085,0.3867069745516331,0.07692629995240992,0.0011713437270373106,0.5810097455978394
17,7,1,front3,483,0.1412259037194538,0.05581321083189627,0.3867069745516331,0.07692629995240992,0.0011713437270373106,0.5810097455978394
17,7,3,front3,483,0.010813376428683954,0.004585022020992153,0.4468314144919447,0.08186909432513693,0.0015979467425495386,0.6490478515625
17,7,4,front3,483,0.16421398532583129,0.032583605815580736,0.49446879786137476,0.07644603498949626,0.0014620382571592927,0.6703471541404724
17,7,6,front3,483,0.037017486144413775,0.02324471895451703,0.5176638135325943,0.06012791351813664,0.0017372104339301586,0.6629679799079895
17,7,7,front3,483,0.07020726366762087,0.0378341548587997,0.49642865192848906,0.06857540694042315,0.001600457588210702,0.6598899364471436
17,7,8,front3,483,0.018928243333942756,0.005594348280153404,0.5474581561973473,0.07404878813865992,0.0016966882394626737,0.7227334976196289
17,7,9,front3,483,0.02574018038594215,0.0074600925999119905,0.46580689321932484,0.07062026826770655,0.0013948240084573627,0.6759622693061829
17,7,10,front3,483,0.31396687327308426,0.08296950066982911,0.579738164158378,0.06347744795377944,0.0018627288518473506,0.7280260920524597
17,7,11,front3,483,0.14060008673339214,0.05129738245746189,0.6335495711062258,0.0657448698001963,0.002170357620343566,0.7869195938110352
17,7,12,front3,483,0.06880662044937114,0.026250532609281126,0.5972869436880361,0.06011274633353756,0.0023793254513293505,0.7368780374526978
17,8,0,front3,483,0.008479980538263921,0.0029391350584117085,0.2893748767798097,0.06398632862684772,0.0009506516507826746,0.4818599820137024
17,8,1,front3,483,0.1412259037194538,0.05581321083189627,0.2893748767798097,0.06398632862684772,0.0009506516507826746,0.4818599820137024
17,8,3,front3,483,0.010813376428683954,0.004585022020992153,0.34444151324384864,0.07285213075658445,0.0013384484918788075,0.5538904666900635
17,8,4,front3,483,0.16421398532583129,0.032583605815580736,0.39098876117396997,0.0663213316579577,0.0012245832476764917,0.5820907950401306
17,8,6,front3,483,0.037017486144413775,0.02324471895451703,0.39208724598571904,0.055041415459698075,0.0013755136169493198,0.550912618637085
17,8,7,front3,483,0.07020726366762087,0.0378341548587997,0.3721244698038467,0.05934318859184108,0.0012671973090618849,0.5475096702575684
17,8,8,front3,483,0.018928243333942756,0.005594348280153404,0.4256471533274787,0.06758587033242182,0.0013853103155270219,0.6222884654998779
17,8,9,front3,483,0.02574018038594215,0.0074600925999119905,0.3467041710743538,0.059838969619855034,0.0011387814301997423,0.5688448548316956
17,8,10,front3,483,0.31396687327308426,0.08296950066982911,0.5208567275687874,0.06360315209738036,0.001659288303926587,0.6952936053276062
17,8,11,front3,483,0.14060008673339214,0.05129738245746189,0.5990039445300765,0.06245200396679828,0.002004954731091857,0.7827666401863098
17,8,12,front3,483,0.06880662044937114,0.026250532609281126,0.5330970597532472,0.058806674269427824,0.002198033034801483,0.7019243240356445
17,9,0,front3,483,0.008479980538263921,0.0029391350584117085,0.3926889847773156,0.08434978126124765,0.0011581243015825748,0.619937002658844
17,9,1,front3,483,0.1412259037194538,0.05581321083189627,0.3926889847773156,0.08434978126124765,0.0011581243015825748,0.619937002658844
17,9,3,front3,483,0.010813376428683954,0.004585022020992153,0.45060915905812576,0.08982649580691845,0.001612023450434208,0.6798553466796875
17,9,4,front3,483,0.16421398532583129,0.032583605815580736,0.5086323820694695,0.08770616030998954,0.0014749187976121902,0.7199597358703613
17,9,6,front3,483,0.037017486144413775,0.02324471895451703,0.5128870161323024,0.07006427820562681,0.001727361581288278,0.6863115429878235
17,9,7,front3,483,0.07020726366762087,0.0378341548587997,0.4766381812136327,0.07903847009122253,0.001488434849306941,0.673407256603241
17,9,8,front3,483,0.018928243333942756,0.005594348280153404,0.5156781360647771,0.08811508469733448,0.0015442990697920322,0.7192023992538452
17,9,9,front3,483,0.02574018038594215,0.0074600925999119905,0.4375405956298792,0.07559449592211599,0.0013082586228847504,0.6722491979598999
17,9,10,front3,483,0.31396687327308426,0.08296950066982911,0.541563669653218,0.071992451513408,0.0016543854726478457,0.7210218906402588
17,9,11,front3,483,0.14060008673339214,0.05129738245746189,0.6001956063485656,0.06741867737591012,0.0020266396459192038,0.7849170565605164
17,9,12,front3,483,0.06880662044937114,0.026250532609281126,0.5551309814005627,0.0645652958859894,0.0023350780829787254,0.7363438010215759
17,10,0,front3,483,0.008479980538263921,0.0029391350584117085,0.3346297013429697,0.060155475434034496,0.0010739399585872889,0.515128493309021
17,10,1,front3,483,0.1412259037194538,0.05581321083189627,0.3346297013429697,0.060155475434034496,0.0010739399585872889,0.515128493309021
17,10,3,front3,483,0.010813376428683954,0.004585022020992153,0.3724564704123314,0.06708401821244363,0.001390649238601327,0.5842925906181335
17,10,4,front3,483,0.16421398532583129,0.032583605815580736,0.4291881002720993,0.06893286033096489,0.001289670355618,0.6232421398162842
17,10,6,front3,483,0.037017486144413775,0.02324471895451703,0.4085086100398781,0.05410338304534399,0.0013994303299114108,0.5643346905708313
17,10,7,front3,483,0.07020726366762087,0.0378341548587997,0.3781743765269709,0.0571435348924899,0.0012406955938786268,0.5490354895591736
17,10,8,front3,483,0.018928243333942756,0.005594348280153404,0.41380903371089134,0.06731362796423644,0.0012881432194262743,0.6293120980262756
17,10,9,front3,483,0.02574018038594215,0.0074600925999119905,0.3356253523495257,0.05439690672712574,0.0010588876903057098,0.5224518179893494
17,10,10,front3,483,0.31396687327308426,0.08296950066982911,0.473905407849894,0.0654344910013287,0.0013890793779864907,0.6628270745277405
17,10,11,front3,483,0.14060008673339214,0.05129738245746189,0.5218740348416375,0.06366972035228458,0.0015600764891132712,0.7155267596244812
17,10,12,front3,483,0.06880662044937114,0.026250532609281126,0.47704094900329275,0.06223536518831632,0.0018103669863194227,0.6714964509010315
17,11,0,front3,483,0.008479980538263921,0.0029391350584117085,0.34838731128141076,0.06036508610205452,0.0010927660623565316,0.5033295750617981
17,11,1,front3,483,0.1412259037194538,0.05581321083189627,0.34838731128141076,0.06036508610205452,0.0010927660623565316,0.5033295750617981
17,11,3,front3,483,0.010813376428683954,0.004585022020992153,0.390348499844489,0.06752045007945447,0.0014091689372435212,0.589013934135437
17,11,4,front3,483,0.16421398532583129,0.032583605815580736,0.4456133906817253,0.06822544379583848,0.0013140824157744646,0.61653733253479
17,11,6,front3,483,0.037017486144413775,0.02324471895451703,0.4344631985273872,0.05709741722156017,0.0014813026646152139,0.5863845348358154
17,11,7,front3,483,0.07020726366762087,0.0378341548587997,0.3985121973111018,0.05844333574433001,0.0012766028521582484,0.5500045418739319
17,11,8,front3,483,0.018928243333942756,0.005594348280153404,0.46825557551394925,0.0650067042444135,0.0015333849005401134,0.6395508050918579
17,11,9,front3,483,0.02574018038594215,0.0074600925999119905,0.3772581263127646,0.05546644699847993,0.001164091401733458,0.5405908823013306
17,11,10,front3,483,0.31396687327308426,0.08296950066982911,0.49373012893292356,0.05898581632454482,0.0015231125289574265,0.645427405834198
17,11,11,front3,483,0.14060008673339214,0.05129738245746189,0.5331105978811915,0.06073405408638234,0.0017395721515640616,0.6909811496734619
17,11,12,front3,483,0.06880662044937114,0.026250532609281126,0.47242786649153734,0.06310629580061446,0.002026924164965749,0.6299037337303162
17,12,0,front3,483,0.008479980538263921,0.0029391350584117085,0.34638190495769067,0.058725833917775236,0.0010994278127327561,0.4927078187465668
17,12,1,front3,483,0.1412259037194538,0.05581321083189627,0.34638190495769067,0.058725833917775236,0.0010994278127327561,0.4927078187465668
17,12,3,front3,483,0.010813376428683954,0.004585022020992153,0.3918371645166822,0.0646421974629589,0.0014147628098726273,0.6046512126922607
17,12,4,front3,483,0.16421398532583129,0.032583605815580736,0.4481568794524467,0.06757158629007702,0.0013192991027608514,0.6328962445259094
17,12,6,front3,483,0.037017486144413775,0.02324471895451703,0.4495257172698838,0.05691896395961464,0.001544126309454441,0.6173136830329895
17,12,7,front3,483,0.07020726366762087,0.0378341548587997,0.3880938958896297,0.056545532976372624,0.001193569740280509,0.5549954175949097
17,12,8,front3,483,0.018928243333942756,0.005594348280153404,0.4750829569647845,0.06596836389076882,0.0015231299912557006,0.6511997580528259
17,12,9,front3,483,0.02574018038594215,0.0074600925999119905,0.38582819083842446,0.055546811875888454,0.001156303333118558,0.5437976121902466
17,12,10,front3,483,0.31396687327308426,0.08296950066982911,0.5360969372752159,0.06070344185963544,0.0015434545930474997,0.6998013257980347
17,12,11,front3,483,0.14060008673339214,0.05129738245746189,0.582904771985062,0.05757676162337183,0.0017679317388683558,0.7207525372505188
17,12,12,front3,483,0.06880662044937114,0.026250532609281126,0.4995455261219609,0.05555651583824198,0.002006620168685913,0.6731218695640564
17,13,0,front3,483,0.008479980538263921,0.0029391350584117085,0.3077011199951978,0.051119278739961076,0.001240681973285973,0.4495465159416199
17,13,1,front3,483,0.1412259037194538,0.05581321083189627,0.3077011199951978,0.051119278739961076,0.001240681973285973,0.4495465159416199
17,13,3,front3,483,0.010813376428683954,0.004585022020992153,0.28954984900020025,0.04991430207280942,0.0011715061264112592,0.47466519474983215
17,13,4,front3,483,0.16421398532583129,0.032583605815580736,0.3762968534651438,0.061860478075179054,0.001318190130405128,0.5479634404182434
17,13,6,front3,483,0.037017486144413775,0.02324471895451703,0.3327631099633082,0.05610399032621159,0.0015441094292327762,0.4891629219055176
17,13,7,front3,483,0.07020726366762087,0.0378341548587997,0.2631784018558618,0.04917254417330948,0.0012203174410387874,0.4030804932117462
17,13,8,front3,483,0.018928243333942756,0.005594348280153404,0.4508282492432828,0.06697443892869144,0.001939126756042242,0.6330794095993042
17,13,9,front3,483,0.02574018038594215,0.0074600925999119905,0.3768003549314476,0.05715492878169678,0.0015819811960682273,0.5421968102455139
17,13,10,front3,483,0.31396687327308426,0.08296950066982911,0.4112907725814865,0.055932847091211865,0.0017216793494299054,0.580692708492279
17,13,11,front3,483,0.14060008673339214,0.05129738245746189,0.4559115628698864,0.05228454280546882,0.0019507432589307427,0.6089479923248291
17,13,12,front3,483,0.06880662044937114,0.026250532609281126,0.38670840253619626,0.06021933095682637,0.0022465086076408625,0.5582735538482666
17,14,0,front3,483,0.008479980538263921,0.0029391350584117085,0.2732408306820272,0.05240079754976061,0.001094565843231976,0.41421249508857727
17,14,1,front3,483,0.1412259037194538,0.05581321083189627,0.2732408306820272,0.05240079754976061,0.001094565843231976,0.41421249508857727
17,14,3,front3,483,0.010813376428683954,0.004585022020992153,0.26590213681692665,0.0505795757962008,0.0010314397513866425,0.40182045102119446
17,14,4,front3,483,0.16421398532583129,0.032583605815580736,0.33019684099589375,0.0660062216309221,0.001102456240914762,0.48671549558639526
17,14,6,front3,483,0.037017486144413775,0.02324471895451703,0.2607692948906002,0.05158625811720365,0.0012734623160213232,0.4206739664077759
17,14,7,front3,483,0.07020726366762087,0.0378341548587997,0.21398482878700162,0.044476486262044854,0.0010863903444260359,0.3525633215904236
17,14,8,front3,483,0.018928243333942756,0.005594348280153404,0.3723791838302055,0.06537255544346585,0.0017051395261660218,0.5609767436981201
17,14,9,front3,483,0.02574018038594215,0.0074600925999119905,0.2945108033606289,0.051861947800064714,0.0013305841712281108,0.4700614809989929
17,14,10,front3,483,0.31396687327308426,0.08296950066982911,0.28041101290288095,0.04947830760603739,0.0012163595529273152,0.4777950346469879
17,14,11,front3,483,0.14060008673339214,0.05129738245746189,0.30418745153578763,0.04749658822545462,0.001343778450973332,0.4912598729133606
17,14,12,front3,483,0.06880662044937114,0.026250532609281126,0.2567849143308936,0.053340930564036486,0.0015312486793845892,0.4490663409233093
18,1,0,front3,219,0.009582112149798025,0.002221820207146272,0.42157279790621505,0.08478356517084804,0.0010346885537728667,0.5935829281806946
18,1,1,front3,219,0.18949612405557062,0.0598815021575639,0.42157279790621505,0.08478356517084804,0.0010346885537728667,0.5935829281806946
18,1,3,front3,219,0.017206721225137337,0.004914047406265946,0.448966188776226,0.0946989159619022,0.001196846249513328,0.6121532320976257
18,1,4,front3,219,0.15006756112959185,0.0352274973290931,0.47320824563365055,0.10330553074102367,0.0010781089076772332,0.6302875280380249
18,1,6,front3,219,0.059645036552471324,0.04362477608059619,0.5313591020661257,0.09596252002744618,0.0016625679563730955,0.6957724094390869
18,1,7,front3,219,0.05967812337659687,0.02083752384090237,0.5061932730320501,0.09806790943348867,0.0015324047999456525,0.6629489660263062
18,1,8,front3,219,0.017942542474229686,0.003261027258873287,0.5183825122759163,0.10749609054904437,0.0014697129372507334,0.7003316283226013
18,1,9,front3,219,0.021812287313916618,0.007410487787119987,0.41669822972827086,0.09019230583078497,0.0010746583575382829,0.6027455925941467
18,1,10,front3,219,0.31852045310905763,0.07280001707337072,0.4888916140811339,0.09447962335535615,0.0012548980303108692,0.6678634285926819
18,1,11,front3,219,0.10022316482666888,0.03958761470636605,0.5280210954880291,0.09462802051201974,0.0014172979863360524,0.7462425231933594
18,1,12,front3,219,0.05582587378696115,0.01460873193997906,0.4774977843746007,0.09045848060683517,0.0013272212818264961,0.6700088977813721
18,2,0,front3,219,0.009582112149798025,0.002221820207146272,0.455576426094955,0.07899694852627308,0.0013072658330202103,0.5956522226333618
18,2,1,front3,219,0.18949612405557062,0.0598815021575639,0.455576426094955,0.07899694852627308,0.0013072658330202103,0.5956522226333618
18,2,3,front3,219,0.017206721225137337,0.004914047406265946,0.462239491188214,0.09246210386977989,0.00133896479383111,0.6156749129295349
18,2,4,front3,219,0.15006756112959185,0.0352274973290931,0.4799114320965135,0.09947133761953864,0.0011777629842981696,0.6341907978057861
18,2,6,front3,219,0.059645036552471324,0.04362477608059619,0.5230652640061241,0.09600599886654224,0.001620899303816259,0.6909924745559692
18,2,7,front3,219,0.05967812337659687,0.02083752384090237,0.5174780145769122,0.09850658045760857,0.0015480563743039966,0.6905468106269836
18,2,8,front3,219,0.017942542474229686,0.003261027258873287,0.5478979811687915,0.11085213762572486,0.0015806593000888824,0.7541853785514832
18,2,9,front3,219,0.021812287313916618,0.007410487787119987,0.44338123770175525,0.09252111890236522,0.0011653727851808071,0.6173136234283447
18,2,10,front3,219,0.31852045310905763,0.07280001707337072,0.5472733008560456,0.09965470406079287,0.0015515567502006888,0.7233377695083618
18,2,11,front3,219,0.10022316482666888,0.03958761470636605,0.5806429662479121,0.09337416584834728,0.001664669020101428,0.7309086322784424
18,2,12,front3,219,0.05582587378696115,0.01460873193997906,0.5051931297022756,0.0882230969992729,0.001475130906328559,0.6712610125541687
18,3,0,front3,219,0.009582112149798025,0.002221820207146272,0.46990197951284546,0.083479689394404,0.0014861071249470115,0.6330947279930115
18,3,1,front3,219,0.18949612405557062,0.0598815021575639,0.46990197951284546,0.083479689394404,0.0014861071249470115,0.6330947279930115
18,3,3,front3,219,0.017206721225137337,0.004914047406265946,0.47479605412835757,0.09517935504187951,0.001515239360742271,0.664440929889679
18,3,4,front3,219,0.15006756112959185,0.0352274973290931,0.49320897925432483,0.10062538768859833,0.0013328443747013807,0.6604673862457275
18,3,6,front3,219,0.059645036552471324,0.04362477608059619,0.5305143766488973,0.09431969708685435,0.0018023872980847955,0.6851704716682434
18,3,7,front3,219,0.05967812337659687,0.02083752384090237,0.5247888963847085,0.09759761220067895,0.0016474262811243534,0.6728394031524658
18,3,8,front3,219,0.017942542474229686,0.003261027258873287,0.5470955081668908,0.10821124590788883,0.0016237893141806126,0.7285770773887634
18,3,9,front3,219,0.021812287313916618,0.007410487787119987,0.44270397643941417,0.09108151532507322,0.0012048807693645358,0.6184138059616089
18,3,10,front3,219,0.31852045310905763,0.07280001707337072,0.5526509821238464,0.09717350315460149,0.001645302982069552,0.7161818146705627
18,3,11,front3,219,0.10022316482666888,0.03958761470636605,0.5977980695695714,0.09651513399575884,0.0017886994173750281,0.7384353876113892
18,3,12,front3,219,0.05582587378696115,0.01460873193997906,0.5085104876394558,0.09003402958468766,0.0015816476661711931,0.6654698252677917
18,4,0,front3,219,0.009582112149798025,0.002221820207146272,0.44680907831051,0.08092609736744345,0.001444149180315435,0.6316869258880615
18,4,1,front3,219,0.18949612405557062,0.0598815021575639,0.44680907831051,0.08092609736744345,0.001444149180315435,0.6316869258880615
18,4,3,front3,219,0.017206721225137337,0.004914047406265946,0.4654045938471647,0.0910820519706829,0.001559673110023141,0.6659446954727173
18,4,4,front3,219,0.15006756112959185,0.0352274973290931,0.4876956862336892,0.09373818054099832,0.001501027145422995,0.674882709980011
18,4,6,front3,219,0.059645036552471324,0.04362477608059619,0.5381702229616627,0.08705670588908396,0.0019485598895698786,0.6798710227012634
18,4,7,front3,219,0.05967812337659687,0.02083752384090237,0.5353151022570344,0.0923255866137739,0.0018524561310186982,0.6906346082687378
18,4,8,front3,219,0.017942542474229686,0.003261027258873287,0.5844522911755444,0.10236798712994923,0.0020520281977951527,0.7288752794265747
18,4,9,front3,219,0.021812287313916618,0.007410487787119987,0.48017208809809137,0.08784756241600981,0.0013758608838543296,0.6487991213798523
18,4,10,front3,219,0.31852045310905763,0.07280001707337072,0.58783868815937,0.09068996752214115,0.0020322129130363464,0.7200391292572021
18,4,11,front3,219,0.10022316482666888,0.03958761470636605,0.6086352876914861,0.09192977860039399,0.0020713519770652056,0.7617650628089905
18,4,12,front3,219,0.05582587378696115,0.01460873193997906,0.4980559628100675,0.08420527850377892,0.001567189465276897,0.6718198657035828
18,5,0,front3,219,0.009582112149798025,0.002221820207146272,0.40647008919931066,0.07656330035386874,0.0012854377273470163,0.5880990028381348
18,5,1,front3,219,0.18949612405557062,0.0598815021575639,0.40647008919931066,0.07656330035386874,0.0012854377273470163,0.5880990028381348
18,5,3,front3,219,0.017206721225137337,0.004914047406265946,0.4357777920479304,0.08702500607908141,0.0014579471899196506,0.6359937787055969
18,5,4,front3,219,0.15006756112959185,0.0352274973290931,0.45704363671197346,0.08878642370004916,0.0014158409321680665,0.646898090839386
18,5,6,front3,219,0.059645036552471324,0.04362477608059619,0.5157410441148286,0.08212900912369257,0.0018436621176078916,0.6576377749443054
18,5,7,front3,219,0.05967812337659687,0.02083752384090237,0.5147064024881252,0.08778905094946843,0.0017654055263847113,0.6703826189041138
18,5,8,front3,219,0.017942542474229686,0.003261027258873287,0.5638336880317545,0.0976885984716211,0.0019556176848709583,0.7055913805961609
18,5,9,front3,219,0.021812287313916618,0.007410487787119987,0.44989061386953855,0.08508301724298367,0.0012349283788353205,0.621448278427124
18,5,10,front3,219,0.31852045310905763,0.07280001707337072,0.5651166867890042,0.08616918522516097,0.0019367316272109747,0.6994617581367493
18,5,11,front3,219,0.10022316482666888,0.03958761470636605,0.5911600291165502,0.08800448950822733,0.0020204498432576656,0.7535834908485413
18,5,12,front3,219,0.05582587378696115,0.01460873193997906,0.4795305405548863,0.08098458407121902,0.0014957223320379853,0.6814630031585693
18,6,0,front3,219,0.009582112149798025,0.002221820207146272,0.3790974970465764,0.07753473927621525,0.0011917628580704331,0.5796527862548828
18,6,1,front3,219,0.18949612405557062,0.0598815021575639,0.3790974970465764,0.07753473927621525,0.0011917628580704331,0.5796527862548828
18,6,3,front3,219,0.017206721225137337,0.004914047406265946,0.4264650992463347,0.08990431121100873,0.0014840516960248351,0.6456939578056335
18,6,4,front3,219,0.15006756112959185,0.0352274973290931,0.46660592891626723,0.0934936535911901,0.0014391005970537663,0.6703150868415833
18,6,6,front3,219,0.059645036552471324,0.04362477608059619,0.5070901182235631,0.08551719371242018,0.0017712631961330771,0.6648849844932556
18,6,7,front3,219,0.05967812337659687,0.02083752384090237,0.5059166252979855,0.09114102322482161,0.001696074497886002,0.6774923801422119
18,6,8,front3,219,0.017942542474229686,0.003261027258873287,0.5572227591262773,0.10143462522363401,0.0018960463348776102,0.7129805088043213
18,6,9,front3,219,0.021812287313916618,0.007410487787119987,0.4644794337085733,0.09098305680708661,0.0013062726939097047,0.6477718353271484
18,6,10,front3,219,0.31852045310905763,0.07280001707337072,0.5975830785475127,0.09044118795902523,0.0020906676072627306,0.7434320449829102
18,6,11,front3,219,0.10022316482666888,0.03958761470636605,0.6261989900036439,0.09180476094421207,0.0022442929912358522,0.7871852517127991
18,6,12,front3,219,0.05582587378696115,0.01460873193997906,0.4997653702489785,0.08498225215319699,0.0016504059312865138,0.7063546776771545
18,7,0,front3,219,0.009582112149798025,0.002221820207146272,0.36516200194452125,0.08252755181137436,0.0010104876710101962,0.6111622452735901
18,7,1,front3,219,0.18949612405557062,0.0598815021575639,0.36516200194452125,0.08252755181137436,0.0010104876710101962,0.6111622452735901
18,7,3,front3,219,0.017206721225137337,0.004914047406265946,0.4034662031909859,0.08781492452804178,0.0013113180175423622,0.6647104024887085
18,7,4,front3,219,0.15006756112959185,0.0352274973290931,0.4680790393235859,0.0859093929743567,0.0013645639410242438,0.6855197548866272
18,7,6,front3,219,0.059645036552471324,0.04362477608059619,0.5044093656408937,0.07871467919533079,0.0017966921441257,0.6776680946350098
18,7,7,front3,219,0.05967812337659687,0.02083752384090237,0.49841036587490034,0.08284081140066656,0.0016142429085448384,0.6900187730789185
18,7,8,front3,219,0.017942542474229686,0.003261027258873287,0.5564652938639201,0.09226847788581799,0.0017206264892593026,0.7324899435043335
18,7,9,front3,219,0.021812287313916618,0.007410487787119987,0.46297380337693633,0.0846065721375061,0.0013513891026377678,0.6712414026260376
18,7,10,front3,219,0.31852045310905763,0.07280001707337072,0.6047694940942863,0.08854502490375471,0.001956852152943611,0.7659552693367004
18,7,11,front3,219,0.10022316482666888,0.03958761470636605,0.6333326551708134,0.09232792051308722,0.002256592968478799,0.7970446348190308
18,7,12,front3,219,0.05582587378696115,0.01460873193997906,0.5049374244722312,0.08880778607361199,0.001715341117233038,0.7179051041603088
18,8,0,front3,219,0.009582112149798025,0.002221820207146272,0.28679805104785544,0.07286227486515455,0.0008909432799555361,0.5247431397438049
18,8,1,front3,219,0.18949612405557062,0.0598815021575639,0.28679805104785544,0.07286227486515455,0.0008909432799555361,0.5247431397438049
18,8,3,front3,219,0.017206721225137337,0.004914047406265946,0.31981714635068914,0.07815549313512417,0.00119319639634341,0.5823109745979309
18,8,4,front3,219,0.15006756112959185,0.0352274973290931,0.38325035553606285,0.07832826555790819,0.001241651945747435,0.6099798679351807
18,8,6,front3,219,0.059645036552471324,0.04362477608059619,0.39674982966984873,0.0727311292905518,0.0015454825479537249,0.5786541700363159
18,8,7,front3,219,0.05967812337659687,0.02083752384090237,0.3910384430176872,0.07396275309490313,0.001388507429510355,0.5925173759460449
18,8,8,front3,219,0.017942542474229686,0.003261027258873287,0.4538533711751719,0.08551513818467897,0.0015261837979778647,0.6444814801216125
18,8,9,front3,219,0.021812287313916618,0.007410487787119987,0.3610171744080056,0.07392515782023848,0.0011993496445938945,0.5749391913414001
18,8,10,front3,219,0.31852045310905763,0.07280001707337072,0.5505755509044677,0.08830553766378452,0.0018502118764445186,0.7378158569335938
18,8,11,front3,219,0.10022316482666888,0.03958761470636605,0.6028539478612988,0.09208551931878665,0.0020862272940576077,0.7855170369148254
18,8,12,front3,219,0.05582587378696115,0.01460873193997906,0.4454407296818575,0.08745894361054249,0.0016219273675233126,0.6463825702667236
18,9,0,front3,219,0.009582112149798025,0.002221820207146272,0.38461294178702105,0.09002147793410523,0.0010367888025939465,0.6515945196151733
18,9,1,front3,219,0.18949612405557062,0.0598815021575639,0.38461294178702105,0.09002147793410523,0.0010367888025939465,0.6515945196151733
18,9,3,front3,219,0.017206721225137337,0.004914047406265946,0.41934868718707957,0.09734831012600503,0.0013979551149532199,0.6972215175628662
18,9,4,front3,219,0.15006756112959185,0.0352274973290931,0.5005424789708006,0.10045590428303434,0.0014547138707712293,0.7359952330589294
18,9,6,front3,219,0.059645036552471324,0.04362477608059619,0.5128098323023729,0.08780774877963017,0.0018878531409427524,0.70285964012146
18,9,7,front3,219,0.05967812337659687,0.02083752384090237,0.49122734261266293,0.09188730367464933,0.0015957412542775273,0.7052726745605469
18,9,8,front3,219,0.017942542474229686,0.003261027258873287,0.5363861988638804,0.1036245139183987,0.0016646492294967175,0.7313011288642883
18,9,9,front3,219,0.021812287313916618,0.007410487787119987,0.4466900726419886,0.0899849579808994,0.0013594719348475337,0.6700469851493835
18,9,10,front3,219,0.31852045310905763,0.07280001707337072,0.5940268001164051,0.09423328446542739,0.001991907600313425,0.7641271948814392
18,9,11,front3,219,0.10022316482666888,0.03958761470636605,0.6274263741114692,0.09213024430352842,0.002276966581121087,0.7949509024620056
18,9,12,front3,219,0.05582587378696115,0.01460873193997906,0.4733206222288855,0.08821839589802132,0.001564233098179102,0.6727122068405151
18,10,0,front3,219,0.009582112149798025,0.002221820207146272,0.332565631328595,0.07089773496992119,0.0009289484587498009,0.5389970541000366
18,10,1,front3,219,0.18949612405557062,0.0598815021575639,0.332565631328595,0.07089773496992119,0.0009289484587498009,0.5389970541000366
18,10,3,front3,219,0.017206721225137337,0.004914047406265946,0.3673474141816528,0.08342707907319952,0.0012730767484754324,0.5892754793167114
18,10,4,front3,219,0.15006756112959185,0.0352274973290931,0.4424480543701514,0.0868007500869322,0.0013428055681288242,0.6390860676765442
18,10,6,front3,219,0.059645036552471324,0.04362477608059619,0.43361558912791837,0.07836502164166695,0.0016605849377810955,0.5848001837730408
18,10,7,front3,219,0.05967812337659687,0.02083752384090237,0.4294938654293302,0.0828274234589077,0.0014870137674733996,0.6012485027313232
18,10,8,front3,219,0.017942542474229686,0.003261027258873287,0.47256202642597495,0.0949819356605105,0.0015522815519943833,0.6815292239189148
18,10,9,front3,219,0.021812287313916618,0.007410487787119987,0.3796843098514803,0.079695653998662,0.001302247983403504,0.6047409772872925
18,10,10,front3,219,0.31852045310905763,0.07280001707337072,0.5615810698241668,0.09177329770833013,0.0018731207819655538,0.7219053506851196
18,10,11,front3,219,0.10022316482666888,0.03958761470636605,0.5852483153315559,0.08966180613261211,0.0021249146666377783,0.7384704947471619
18,10,12,front3,219,0.05582587378696115,0.01460873193997906,0.43093238678042134,0.08476911137652142,0.001536081894300878,0.6191158294677734
18,11,0,front3,219,0.009582112149798025,0.002221820207146272,0.334871113471757,0.06574523337244412,0.0009379994007758796,0.5134066939353943
18,11,1,front3,219,0.18949612405557062,0.0598815021575639,0.334871113471757,0.06574523337244412,0.0009379994007758796,0.5134066939353943
18,11,3,front3,219,0.017206721225137337,0.004914047406265946,0.37105144696792836,0.07727318545045661,0.001280160155147314,0.5766850113868713
18,11,4,front3,219,0.15006756112959185,0.0352274973290931,0.4420135751883308,0.07802759491074188,0.0013577524805441499,0.6163763403892517
18,11,6,front3,219,0.059645036552471324,0.04362477608059619,0.4437555084265471,0.07610637510742796,0.0016903758514672518,0.608704686164856
18,11,7,front3,219,0.05967812337659687,0.02083752384090237,0.4351219714031295,0.07890807144259433,0.0015441366704180837,0.5901823043823242
18,11,8,front3,219,0.017942542474229686,0.003261027258873287,0.5107524693129184,0.09017349954999349,0.0018647352699190378,0.6863412261009216
18,11,9,front3,219,0.021812287313916618,0.007410487787119987,0.410013049760659,0.07945043301648456,0.0012981075560674071,0.597490668296814
18,11,10,front3,219,0.31852045310905763,0.07280001707337072,0.5631018332067503,0.08841589669299861,0.002100530546158552,0.6988691687583923
18,11,11,front3,219,0.10022316482666888,0.03958761470636605,0.5753435396183214,0.09045671543281218,0.0020642331801354885,0.7495884895324707
18,11,12,front3,219,0.05582587378696115,0.01460873193997906,0.4097079007862961,0.08765804246189271,0.0012833867222070694,0.6395043730735779
18,12,0,front3,219,0.009582112149798025,0.002221820207146272,0.33155818371241486,0.06240027494105509,0.0009450115612708032,0.4867837429046631
18,12,1,front3,219,0.18949612405557062,0.0598815021575639,0.33155818371241486,0.06240027494105509,0.0009450115612708032,0.4867837429046631
18,12,3,front3,219,0.017206721225137337,0.004914047406265946,0.3712703050055741,0.07365800743255875,0.001304962090216577,0.5493759512901306
18,12,4,front3,219,0.15006756112959185,0.0352274973290931,0.44380742789099425,0.07567168808076694,0.00138494570273906,0.5898066163063049
18,12,6,front3,219,0.059645036552471324,0.04362477608059619,0.45831362783885454,0.07584857387183361,0.0017173051601275802,0.5919056534767151
18,12,7,front3,219,0.05967812337659687,0.02083752384090237,0.4515959454373963,0.07844614210436325,0.001653335872106254,0.5979467630386353
18,12,8,front3,219,0.017942542474229686,0.003261027258873287,0.5335599271459377,0.09125779183700042,0.002057002391666174,0.7144535183906555
18,12,9,front3,219,0.021812287313916618,0.007410487787119987,0.4346468949378957,0.08147392304611274,0.0013536601327359676,0.6009647846221924
18,12,10,front3,219,0.31852045310905763,0.07280001707337072,0.6192467641999698,0.09113347670176049,0.0023188309278339148,0.7490130662918091
18,12,11,front3,219,0.10022316482666888,0.03958761470636605,0.6410856762726591,0.09199745812672687,0.0024426616728305817,0.7615446448326111
18,12,12,front3,219,0.05582587378696115,0.01460873193997906,0.455581165109676,0.08668310749022241,0.0014615316176787019,0.6398833990097046
18,13,0,front3,219,0.009582112149798025,0.002221820207146272,0.29321228523077403,0.05963409920509219,0.0011856965720653534,0.4420722723007202
18,13,1,front3,219,0.18949612405557062,0.0598815021575639,0.29321228523077403,0.05963409920509219,0.0011856965720653534,0.4420722723007202
18,13,3,front3,219,0.017206721225137337,0.004914047406265946,0.27601670521602767,0.05623380901835073,0.0011602897429838777,0.39545077085494995
18,13,4,front3,219,0.15006756112959185,0.0352274973290931,0.37319621116988205,0.06895151817392009,0.0014732363633811474,0.5106869339942932
18,13,6,front3,219,0.059645036552471324,0.04362477608059619,0.3347541975462384,0.06965890878446739,0.001590056694112718,0.4635266661643982
18,13,7,front3,219,0.05967812337659687,0.02083752384090237,0.31138247035956224,0.06877583927805718,0.0015091921668499708,0.46124157309532166
18,13,8,front3,219,0.017942542474229686,0.003261027258873287,0.5052973028595589,0.09593785765772543,0.002287040464580059,0.6981996893882751
18,13,9,front3,219,0.021812287313916618,0.007410487787119987,0.4199905505411318,0.08675586801460054,0.0016173281474038959,0.6275395154953003
18,13,10,front3,219,0.31852045310905763,0.07280001707337072,0.4959766504633321,0.08965045015742244,0.0021930064540356398,0.6454063653945923
18,13,11,front3,219,0.10022316482666888,0.03958761470636605,0.5173588258120737,0.08868516554002409,0.0022852111142128706,0.6669860482215881
18,13,12,front3,219,0.05582587378696115,0.01460873193997906,0.3448442271591662,0.08298970592688515,0.001387292635627091,0.523293137550354
18,14,0,front3,219,0.009582112149798025,0.002221820207146272,0.2641595866335513,0.060187468914309136,0.0011073738569393754,0.4016822576522827
18,14,1,front3,219,0.18949612405557062,0.0598815021575639,0.2641595866335513,0.060187468914309136,0.0011073738569393754,0.4016822576522827
18,14,3,front3,219,0.017206721225137337,0.004914047406265946,0.2579468458377412,0.053992583157336585,0.001081453519873321,0.39500272274017334
18,14,4,front3,219,0.15006756112959185,0.0352274973290931,0.333383332828451,0.06818859382067302,0.0012652839068323374,0.49233877658843994
18,14,6,front3,219,0.059645036552471324,0.04362477608059619,0.26789910598024386,0.060937544678755486,0.0013882237253710628,0.39406025409698486
18,14,7,front3,219,0.05967812337659687,0.02083752384090237,0.26158658687618547,0.061426475740512965,0.0014223481994122267,0.41026386618614197
18,14,8,front3,219,0.017942542474229686,0.003261027258873287,0.432516438552693,0.09168212873622868,0.0020242715254426003,0.6499385237693787
18,14,9,front3,219,0.021812287313916618,0.007410487787119987,0.3403537310011362,0.07688342380518365,0.0013691989006474614,0.5639525055885315
18,14,10,front3,219,0.31852045310905763,0.07280001707337072,0.3722655976193289,0.08160100639943557,0.00163035630248487,0.5495091080665588
18,14,11,front3,219,0.10022316482666888,0.03958761470636605,0.37624115740867614,0.07723011924477723,0.0015720505034551024,0.5526192784309387
18,14,12,front3,219,0.05582587378696115,0.01460873193997906,0.23651607930112722,0.06570459027225382,0.0009439591085538268,0.40145254135131836
