A1_actionId,C_actionId,B1_actionId,phase,n_context,p_b_given_a_context_mean,p_b_given_a_context_std,p_win_given_abc_mean,p_win_given_abc_std,p_win_given_abc_min,p_win_given_abc_max
1,1,1,late,3238,0.06858951963181185,0.005943126419886479,0.5056925020017057,0.09894537889677231,0.00122709886636585,0.7612962126731873
1,1,2,late,3238,0.18719755715312436,0.03670801611527306,0.5335556266525857,0.10615083618162134,0.0012270567240193486,0.7908118367195129
1,1,3,late,3238,0.02265156906576743,0.006024763200110867,0.5088187417407967,0.10311511414010319,0.0011117963586002588,0.7967640161514282
1,1,4,late,3238,0.0006830261700257269,0.0009657912497692808,0.5633167336007334,0.11232238780065588,0.0013355992268770933,0.8129648566246033
1,1,5,late,3238,0.09617871513257951,0.019097332263935226,0.5722050761608114,0.11623900939916944,0.0013104135869070888,0.8287708759307861
1,1,6,late,3238,0.11931136468985451,0.03207846128631582,0.5613322575285241,0.11610915676799152,0.0011526616290211678,0.8279327750205994
1,1,7,late,3238,0.0009492677977924291,0.0009990918706716113,0.5691762119229987,0.11569169430392431,0.0013715997338294983,0.8229319453239441
1,1,8,late,3238,0.0024868620354625086,0.0011547780970210708,0.6624339797622205,0.1315571749118292,0.0016647878801450133,0.8701940774917603
1,1,9,late,3238,0.009445825580366315,0.0031666619309664713,0.5526018025492473,0.11233206817638469,0.0011137600522488356,0.7997308969497681
1,1,10,late,3238,0.010136742065180053,0.00167511372679636,0.6211822257554311,0.12397545007239516,0.0014040960231795907,0.8512446880340576
1,1,11,late,3238,0.0024940031525685904,0.0012618368329810133,0.6021734538065356,0.1210452984345153,0.0013279541162773967,0.8337244987487793
1,1,12,late,3238,0.15051115588777614,0.023091377805537314,0.5846823105597759,0.11867818410589544,0.0013431872939690948,0.822987973690033
1,1,13,late,3238,0.3082143786244912,0.02557424194683257,0.6627101114432419,0.132556849137927,0.0015501539455726743,0.8771505951881409
1,1,14,late,3238,0.02075344719658133,0.002872943828762353,0.7093071665672656,0.14312738496788077,0.0017156359972432256,0.909915566444397
1,1,16,late,3238,0.0003965658166180101,0.0009567807103526814,0.7093071665672656,0.14312738496788077,0.0017156359972432256,0.909915566444397
1,2,1,late,3238,0.06858951963181185,0.005943126419886479,0.46025460534057466,0.08922234655377002,0.0011180839501321316,0.7560114860534668
1,2,2,late,3238,0.18719755715312436,0.03670801611527306,0.5096558336073755,0.10092496307245057,0.0011583036975935102,0.7865827083587646
1,2,3,late,3238,0.02265156906576743,0.006024763200110867,0.4791775119476972,0.10034048365799997,0.0009714951738715172,0.8036317825317383
1,2,4,late,3238,0.0006830261700257269,0.0009657912497692808,0.5301110079909495,0.10664413875259506,0.0012115280842408538,0.8127747774124146
1,2,5,late,3238,0.09617871513257951,0.019097332263935226,0.5411756020587242,0.11033487276699645,0.0012068880023434758,0.8158361911773682
1,2,6,late,3238,0.11931136468985451,0.03207846128631582,0.5298334731928699,0.1107928366593116,0.0010246227029711008,0.8134685158729553
1,2,7,late,3238,0.0009492677977924291,0.0009990918706716113,0.5400217675103535,0.11019291512054306,0.0012731228489428759,0.8089026808738708
1,2,8,late,3238,0.0024868620354625086,0.0011547780970210708,0.6453446049956588,0.12846875551343978,0.0016064995434135199,0.8646321892738342
1,2,9,late,3238,0.009445825580366315,0.0031666619309664713,0.5025003564797778,0.10366908795441897,0.0009282955434173346,0.772656261920929
1,2,10,late,3238,0.010136742065180053,0.00167511372679636,0.6112826161307382,0.12119318354031197,0.0013794202823191881,0.8454069495201111
1,2,11,late,3238,0.0024940031525685904,0.0012618368329810133,0.5904204471358857,0.11780102402562037,0.0012926365016028285,0.8325700759887695
1,2,12,late,3238,0.15051115588777614,0.023091377805537314,0.5726939951986235,0.11554514820878707,0.0011908283922821283,0.8244381546974182
1,2,13,late,3238,0.3082143786244912,0.02557424194683257,0.6587441374864955,0.13096140914897345,0.0016189165180549026,0.8778528571128845
1,2,14,late,3238,0.02075344719658133,0.002872943828762353,0.7323918543754426,0.14417153724102308,0.0018577431328594685,0.9200189709663391
1,2,16,late,3238,0.0003965658166180101,0.0009567807103526814,0.7323918543754426,0.14417153724102308,0.0018577431328594685,0.9200189709663391
1,3,1,late,3238,0.06858951963181185,0.005943126419886479,0.4974134098751375,0.09733987262646711,0.001203597174026072,0.7888513207435608
1,3,2,late,3238,0.18719755715312436,0.03670801611527306,0.5237195712061288,0.10366245779094461,0.0011732230195775628,0.8054949641227722
1,3,3,late,3238,0.02265156906576743,0.006024763200110867,0.4973012413791095,0.10914484095721234,0.0009593743598088622,0.8228099942207336
1,3,4,late,3238,0.0006830261700257269,0.0009657912497692808,0.5488705712811285,0.11031106734977776,0.0012930656084790826,0.8317041397094727
1,3,5,late,3238,0.09617871513257951,0.019097332263935226,0.5579893841205276,0.11210173227905307,0.001281053526327014,0.8289477229118347
1,3,6,late,3238,0.11931136468985451,0.03207846128631582,0.5498426564555089,0.11310797109982444,0.0011258191661909223,0.8115903735160828
1,3,7,late,3238,0.0009492677977924291,0.0009990918706716113,0.5596725658242953,0.11220346389344296,0.0013988279970362782,0.8071000576019287
1,3,8,late,3238,0.0024868620354625086,0.0011547780970210708,0.6697533573636252,0.13231933156344547,0.0018237853655591607,0.8749768733978271
1,3,9,late,3238,0.009445825580366315,0.0031666619309664713,0.5218221443478973,0.1039845453588726,0.0010157697834074497,0.7692945003509521
1,3,10,late,3238,0.010136742065180053,0.00167511372679636,0.6300645702030786,0.12431081285645383,0.0014875108608976007,0.8536484837532043
1,3,11,late,3238,0.0024940031525685904,0.0012618368329810133,0.6243344164331422,0.12449687860648585,0.0014052584301680326,0.8517935872077942
1,3,12,late,3238,0.15051115588777614,0.023091377805537314,0.5909717794461147,0.12001525531790451,0.0012945918133482337,0.8347278237342834
1,3,13,late,3238,0.3082143786244912,0.02557424194683257,0.667666172301552,0.13433904708907365,0.0015592217678204179,0.8849859237670898
1,3,14,late,3238,0.02075344719658133,0.002872943828762353,0.7329210972499276,0.1462090461908379,0.0017576253740116954,0.9144463539123535
1,3,16,late,3238,0.0003965658166180101,0.0009567807103526814,0.7329210972499276,0.1462090461908379,0.0017576253740116954,0.9144463539123535
1,4,1,late,3238,0.06858951963181185,0.005943126419886479,0.4778500745148318,0.09484552320073242,0.0010518648196011782,0.7632378339767456
1,4,2,late,3238,0.18719755715312436,0.03670801611527306,0.5045890511055489,0.10040229918966011,0.0011267235968261957,0.7746414542198181
1,4,3,late,3238,0.02265156906576743,0.006024763200110867,0.4820686239147558,0.10260226036196707,0.0009866241598501801,0.7947869300842285
1,4,4,late,3238,0.0006830261700257269,0.0009657912497692808,0.5327144315279114,0.10680569916287422,0.0011843334650620818,0.7940139174461365
1,4,5,late,3238,0.09617871513257951,0.019097332263935226,0.5459003198458359,0.11006473324938548,0.0012008562916889787,0.8009012937545776
1,4,6,late,3238,0.11931136468985451,0.03207846128631582,0.5395010019881349,0.11136467204963935,0.0010673057986423373,0.7906511425971985
1,4,7,late,3238,0.0009492677977924291,0.0009990918706716113,0.5494024755792083,0.1094744027690844,0.0013378793373703957,0.7890090942382812
1,4,8,late,3238,0.0024868620354625086,0.0011547780970210708,0.6600584560023938,0.12980871904983124,0.0017364604864269495,0.8577698469161987
1,4,9,late,3238,0.009445825580366315,0.0031666619309664713,0.5101843679031064,0.10129445120509273,0.000967096071690321,0.7501547932624817
1,4,10,late,3238,0.010136742065180053,0.00167511372679636,0.6195932247531353,0.12164041608365109,0.0013918536715209484,0.8284191489219666
1,4,11,late,3238,0.0024940031525685904,0.0012618368329810133,0.6027285413039773,0.11907090284886555,0.0012752594193443656,0.8102344870567322
1,4,12,late,3238,0.15051115588777614,0.023091377805537314,0.5667230155679367,0.11295412605000865,0.0011963448487222195,0.787349283695221
1,4,13,late,3238,0.3082143786244912,0.02557424194683257,0.6426658684003754,0.12787389448586126,0.0013299962738528848,0.8342691659927368
1,4,14,late,3238,0.02075344719658133,0.002872943828762353,0.7095089458425858,0.13839202690484867,0.0015131767140701413,0.8807939291000366
1,4,16,late,3238,0.0003965658166180101,0.0009567807103526814,0.7095089458425858,0.13839202690484867,0.0015131767140701413,0.8807939291000366
1,5,1,late,3238,0.06858951963181185,0.005943126419886479,0.4532431514245999,0.09050493632326218,0.0010377982398495078,0.7382358312606812
1,5,2,late,3238,0.18719755715312436,0.03670801611527306,0.47915729255030226,0.09527726450050783,0.0011026164283975959,0.7430211901664734
1,5,3,late,3238,0.02265156906576743,0.006024763200110867,0.4621314134160712,0.09832759783477268,0.0009668749989941716,0.762849748134613
1,5,4,late,3238,0.0006830261700257269,0.0009657912497692808,0.5005090885239175,0.10006292698514017,0.001102408510632813,0.7553752064704895
1,5,5,late,3238,0.09617871513257951,0.019097332263935226,0.5253632555589833,0.10532462039833355,0.0011645260965451598,0.780756413936615
1,5,6,late,3238,0.11931136468985451,0.03207846128631582,0.5189460181166133,0.10663194537083678,0.0010350118391215801,0.7697674036026001
1,5,7,late,3238,0.0009492677977924291,0.0009990918706716113,0.5288899203578621,0.1045542675872751,0.0013235441874712706,0.768009603023529
1,5,8,late,3238,0.0024868620354625086,0.0011547780970210708,0.6409307865205122,0.12552821982994677,0.001706248614937067,0.838275671005249
1,5,9,late,3238,0.009445825580366315,0.0031666619309664713,0.4892384241528844,0.0965985686108959,0.0009655773756094277,0.727210283279419
1,5,10,late,3238,0.010136742065180053,0.00167511372679636,0.594602512770125,0.11602386234232462,0.0013763156021013856,0.8010303974151611
1,5,11,late,3238,0.0024940031525685904,0.0012618368329810133,0.5742549178151125,0.11254759845954215,0.0012717097997665405,0.7749519944190979
1,5,12,late,3238,0.15051115588777614,0.023091377805537314,0.5373758802057326,0.1060327709956056,0.0012122655753046274,0.7491293549537659
1,5,13,late,3238,0.3082143786244912,0.02557424194683257,0.6108723943254541,0.12137055173347165,0.0012978257145732641,0.8013918995857239
1,5,14,late,3238,0.02075344719658133,0.002872943828762353,0.6821797334910411,0.13352461299184154,0.0015520835295319557,0.8612828254699707
1,5,16,late,3238,0.0003965658166180101,0.0009567807103526814,0.6821797334910411,0.13352461299184154,0.0015520835295319557,0.8612828254699707
1,6,1,late,3238,0.06858951963181185,0.005943126419886479,0.4326487504398258,0.08544078085220101,0.0010199842508882284,0.7351400852203369
1,6,2,late,3238,0.18719755715312436,0.03670801611527306,0.47953151659388554,0.09476981791390265,0.0011228946968913078,0.7523248791694641
1,6,3,late,3238,0.02265156906576743,0.006024763200110867,0.46177947977749767,0.09535397978335758,0.0010174093768000603,0.7632387280464172
1,6,4,late,3238,0.0006830261700257269,0.0009657912497692808,0.5002101184104579,0.0990175769404891,0.0011304165236651897,0.7643734216690063
1,6,5,late,3238,0.09617871513257951,0.019097332263935226,0.5246006091018673,0.10479340533470077,0.001194110489450395,0.7885130643844604
1,6,6,late,3238,0.11931136468985451,0.03207846128631582,0.5181675002803561,0.10577221912519784,0.0010613094782456756,0.7778021693229675
1,6,7,late,3238,0.0009492677977924291,0.0009990918706716113,0.5316399068746286,0.10470817277424319,0.0013653640635311604,0.7788585424423218
1,6,8,late,3238,0.0024868620354625086,0.0011547780970210708,0.6586654671916748,0.1270938527072983,0.0019385177874937654,0.863200843334198
1,6,9,late,3238,0.009445825580366315,0.0031666619309664713,0.4869303350933883,0.09690642540835769,0.0009804663714021444,0.7351666688919067
1,6,10,late,3238,0.010136742065180053,0.00167511372679636,0.5913964513467954,0.11448826717933239,0.0014186874032020569,0.8050857782363892
1,6,11,late,3238,0.0024940031525685904,0.0012618368329810133,0.5715086711396249,0.11076749429977423,0.0013197018997743726,0.7739679217338562
1,6,12,late,3238,0.15051115588777614,0.023091377805537314,0.5327286843496716,0.10330252262048539,0.001213696552440524,0.7386634349822998
1,6,13,late,3238,0.3082143786244912,0.02557424194683257,0.6015722096749967,0.1175343732660236,0.0013645744184032083,0.7798084020614624
1,6,14,late,3238,0.02075344719658133,0.002872943828762353,0.6734065952396004,0.1302565738716489,0.0015718245413154364,0.8527399897575378
1,6,16,late,3238,0.0003965658166180101,0.0009567807103526814,0.6734065952396004,0.1302565738716489,0.0015718245413154364,0.8527399897575378
1,7,1,late,3238,0.06858951963181185,0.005943126419886479,0.42239428234575377,0.08552762870599497,0.0010796829592436552,0.7411764860153198
1,7,2,late,3238,0.18719755715312436,0.03670801611527306,0.4624016031818758,0.09289885325608047,0.0011000721715390682,0.7321951985359192
1,7,3,late,3238,0.02265156906576743,0.006024763200110867,0.42779173231164874,0.08821189513797366,0.0009705089614726603,0.7210584282875061
1,7,4,late,3238,0.0006830261700257269,0.0009657912497692808,0.4748775019943041,0.09529408088934196,0.0010681948624551296,0.7436723113059998
1,7,5,late,3238,0.09617871513257951,0.019097332263935226,0.4974047320161387,0.10120404445470857,0.0011283863568678498,0.7654518485069275
1,7,6,late,3238,0.11931136468985451,0.03207846128631582,0.4780921613970263,0.09992853132814242,0.0009663661476224661,0.7348373532295227
1,7,7,late,3238,0.0009492677977924291,0.0009990918706716113,0.4915803027861818,0.09875719583112033,0.0012635219609364867,0.745319664478302
1,7,8,late,3238,0.0024868620354625086,0.0011547780970210708,0.6291886500705326,0.12227507472149068,0.0018320279195904732,0.8450592160224915
1,7,9,late,3238,0.009445825580366315,0.0031666619309664713,0.45441485878898846,0.09301323316699958,0.0009824857115745544,0.7063136100769043
1,7,10,late,3238,0.010136742065180053,0.00167511372679636,0.5618577408758202,0.10829829827900739,0.0013619601959362626,0.7730410099029541
1,7,11,late,3238,0.0024940031525685904,0.0012618368329810133,0.5410609576495052,0.10423658943533275,0.001210331334732473,0.7419352531433105
1,7,12,late,3238,0.15051115588777614,0.023091377805537314,0.49831427069949796,0.0958345410160926,0.0011065939906984568,0.7006207704544067
1,7,13,late,3238,0.3082143786244912,0.02557424194683257,0.5583619067123692,0.1097780213920313,0.001192929339595139,0.7417713403701782
1,7,14,late,3238,0.02075344719658133,0.002872943828762353,0.6071641489196039,0.11780068853167443,0.001387712312862277,0.7850431203842163
1,7,16,late,3238,0.0003965658166180101,0.0009567807103526814,0.6071641489196039,0.11780068853167443,0.001387712312862277,0.7850431203842163
1,8,1,late,3238,0.06858951963181185,0.005943126419886479,0.3489689088950795,0.07734667665239356,0.0010718037374317646,0.6952937841415405
1,8,2,late,3238,0.18719755715312436,0.03670801611527306,0.38185863727165115,0.08326431128957831,0.0010886415839195251,0.6722120642662048
1,8,3,late,3238,0.02265156906576743,0.006024763200110867,0.35221022984086736,0.07531804764765418,0.0009823383297771215,0.6343628168106079
1,8,4,late,3238,0.0006830261700257269,0.0009657912497692808,0.39661063709139677,0.08574551768937927,0.0010771043598651886,0.6853552460670471
1,8,5,late,3238,0.09617871513257951,0.019097332263935226,0.41114923597779846,0.09118700506303533,0.0011377979535609484,0.7029281258583069
1,8,6,late,3238,0.11931136468985451,0.03207846128631582,0.3867421554727394,0.08894516770941882,0.0009418519912287593,0.6710828542709351
1,8,7,late,3238,0.0009492677977924291,0.0009990918706716113,0.3995045008070015,0.08792518164969812,0.0012314791092649102,0.6829981803894043
1,8,8,late,3238,0.0024868620354625086,0.0011547780970210708,0.5429369043971215,0.11173756414892555,0.0017622573068365455,0.8056550025939941
1,8,9,late,3238,0.009445825580366315,0.0031666619309664713,0.36120952677582174,0.08132151169734106,0.0009450371726416051,0.6368555426597595
1,8,10,late,3238,0.010136742065180053,0.00167511372679636,0.5186863728366269,0.10110970753025543,0.001414492609910667,0.7471700310707092
1,8,11,late,3238,0.0024940031525685904,0.0012618368329810133,0.5112365455902872,0.09892164396306971,0.0012657003244385123,0.7122645974159241
1,8,12,late,3238,0.15051115588777614,0.023091377805537314,0.43911041597857436,0.08496108373280799,0.0011572233634069562,0.6375302672386169
1,8,13,late,3238,0.3082143786244912,0.02557424194683257,0.44887999504737885,0.08984385742830191,0.001247114734724164,0.6356345415115356
1,8,14,late,3238,0.02075344719658133,0.002872943828762353,0.49555865314093356,0.09626087860086006,0.0014161700382828712,0.6768549084663391
1,8,16,late,3238,0.0003965658166180101,0.0009567807103526814,0.49555865314093356,0.09626087860086006,0.0014161700382828712,0.6768549084663391
1,9,1,late,3238,0.06858951963181185,0.005943126419886479,0.4067798149340195,0.08043518943453877,0.0010453490540385246,0.7147713303565979
1,9,2,late,3238,0.18719755715312436,0.03670801611527306,0.4395913663832931,0.08692118920288067,0.0010780009906738997,0.7039369344711304
1,9,3,late,3238,0.02265156906576743,0.006024763200110867,0.4033452845586789,0.08568368911603705,0.0008917798986658454,0.7190196514129639
1,9,4,late,3238,0.0006830261700257269,0.0009657912497692808,0.4671439704874032,0.09188907401792336,0.0011313456343486905,0.7339443564414978
1,9,5,late,3238,0.09617871513257951,0.019097332263935226,0.47098716235438615,0.09342094709885208,0.0012176851741969585,0.7311064004898071
1,9,6,late,3238,0.11931136468985451,0.03207846128631582,0.45954439843262884,0.09330332428649149,0.0010766811901703477,0.7130330204963684
1,9,7,late,3238,0.0009492677977924291,0.0009990918706716113,0.46349469044025315,0.0914235745079137,0.0013332905946299434,0.7198518514633179
1,9,8,late,3238,0.0024868620354625086,0.0011547780970210708,0.592613043492718,0.11488326549962923,0.0017790799029171467,0.8231521844863892
1,9,9,late,3238,0.009445825580366315,0.0031666619309664713,0.410401712609657,0.08282451016266061,0.0009613081929273903,0.6631966829299927
1,9,10,late,3238,0.010136742065180053,0.00167511372679636,0.5335115763491654,0.10367578373879974,0.001342516508884728,0.7592959403991699
1,9,11,late,3238,0.0024940031525685904,0.0012618368329810133,0.5168950541377878,0.10040415417385483,0.0012125687208026648,0.7338748574256897
1,9,12,late,3238,0.15051115588777614,0.023091377805537314,0.4646965516792263,0.09078419939911758,0.0011453753104433417,0.6829531192779541
1,9,13,late,3238,0.3082143786244912,0.02557424194683257,0.47097675042344694,0.09495429292505773,0.0012012234656140208,0.6686456799507141
1,9,14,late,3238,0.02075344719658133,0.002872943828762353,0.5218323251531848,0.10213403278778355,0.0013962846715003252,0.6937272548675537
1,9,16,late,3238,0.0003965658166180101,0.0009567807103526814,0.5218323251531848,0.10213403278778355,0.0013962846715003252,0.6937272548675537
1,10,1,late,3238,0.06858951963181185,0.005943126419886479,0.34996640035885324,0.06971243690031581,0.0010227711172774434,0.6700811386108398
1,10,2,late,3238,0.18719755715312436,0.03670801611527306,0.3768686967295145,0.0754268506689449,0.0010652366327121854,0.659423828125
1,10,3,late,3238,0.02265156906576743,0.006024763200110867,0.3342231616566475,0.07496293225818487,0.0008239354938268661,0.6527836918830872
1,10,4,late,3238,0.0006830261700257269,0.0009657912497692808,0.38932838681122456,0.0768506563078394,0.0010545513359829783,0.6681650876998901
1,10,5,late,3238,0.09617871513257951,0.019097332263935226,0.3827174987937045,0.07621303503842065,0.0010391323594376445,0.6476588845252991
1,10,6,late,3238,0.11931136468985451,0.03207846128631582,0.34295777161328816,0.07048637432079673,0.0007907610852271318,0.5792599320411682
1,10,7,late,3238,0.0009492677977924291,0.0009990918706716113,0.3503038724123629,0.06960159083108809,0.0009938664734363556,0.5972406268119812
1,10,8,late,3238,0.0024868620354625086,0.0011547780970210708,0.48258352957546846,0.09470880819195501,0.0013520856155082583,0.733565092086792
1,10,9,late,3238,0.009445825580366315,0.0031666619309664713,0.30631257213399815,0.06263304575889352,0.0007356471032835543,0.5333408713340759
1,10,10,late,3238,0.010136742065180053,0.00167511372679636,0.48733186401817813,0.09510903668316842,0.0011305732186883688,0.7116213440895081
1,10,11,late,3238,0.0024940031525685904,0.0012618368329810133,0.4769504813111325,0.09321512181834937,0.0010435818694531918,0.6882016062736511
1,10,12,late,3238,0.15051115588777614,0.023091377805537314,0.4258096939788132,0.08407975088694009,0.00100940081756562,0.6340720057487488
1,10,13,late,3238,0.3082143786244912,0.02557424194683257,0.4269298911265262,0.088404444262793,0.0009532233816571534,0.6437102556228638
1,10,14,late,3238,0.02075344719658133,0.002872943828762353,0.4775092253066934,0.09448272802355662,0.001194158336147666,0.6715243458747864
1,10,16,late,3238,0.0003965658166180101,0.0009567807103526814,0.4775092253066934,0.09448272802355662,0.001194158336147666,0.6715243458747864
1,11,1,late,3238,0.06858951963181185,0.005943126419886479,0.41073739620804955,0.08343327704716873,0.0009122547344304621,0.707689642906189
1,11,2,late,3238,0.18719755715312436,0.03670801611527306,0.43890249337434034,0.09074076118501243,0.0009364233701489866,0.6798338890075684
1,11,3,late,3238,0.02265156906576743,0.006024763200110867,0.407350528338614,0.08894860403051674,0.0008065311703830957,0.6763813495635986
1,11,4,late,3238,0.0006830261700257269,0.0009657912497692808,0.45066047462170516,0.09227750095206376,0.0009825165616348386,0.6802346110343933
1,11,5,late,3238,0.09617871513257951,0.019097332263935226,0.45414260549009433,0.09427332615909777,0.0011005301494151354,0.6828870177268982
1,11,6,late,3238,0.11931136468985451,0.03207846128631582,0.41577890493504077,0.08954605972940219,0.0008701281622052193,0.6262322068214417
1,11,7,late,3238,0.0009492677977924291,0.0009990918706716113,0.4347606396681596,0.08916180688684207,0.0010896397288888693,0.6549845337867737
1,11,8,late,3238,0.0024868620354625086,0.0011547780970210708,0.5910588688949248,0.11689135030708159,0.00157739978749305,0.7929120063781738
1,11,9,late,3238,0.009445825580366315,0.0031666619309664713,0.43692623649344453,0.09350317244357347,0.000871323689352721,0.6512328386306763
1,11,10,late,3238,0.010136742065180053,0.00167511372679636,0.5322812099382656,0.1073550507626565,0.0011403386015444994,0.7312184572219849
1,11,11,late,3238,0.0024940031525685904,0.0012618368329810133,0.4961400868495454,0.10007533859407343,0.0010129478760063648,0.6797370910644531
1,11,12,late,3238,0.15051115588777614,0.023091377805537314,0.4507064832207776,0.09221053506287233,0.0009920671582221985,0.6381953358650208
1,11,13,late,3238,0.3082143786244912,0.02557424194683257,0.46138079387083025,0.09895882311634502,0.0009790270123630762,0.6746968626976013
1,11,14,late,3238,0.02075344719658133,0.002872943828762353,0.5120631920276877,0.10383820276672344,0.0010847868397831917,0.7012147903442383
1,11,16,late,3238,0.0003965658166180101,0.0009567807103526814,0.5120631920276877,0.10383820276672344,0.0010847868397831917,0.7012147903442383
1,12,1,late,3238,0.06858951963181185,0.005943126419886479,0.40812306825774886,0.08349095203985757,0.0009274224867112935,0.7109501361846924
1,12,2,late,3238,0.18719755715312436,0.03670801611527306,0.4392654673079205,0.09112922880781238,0.0009456230909563601,0.6914599537849426
1,12,3,late,3238,0.02265156906576743,0.006024763200110867,0.40768526364199115,0.08888921069126705,0.0008144559687934816,0.6682420372962952
1,12,4,late,3238,0.0006830261700257269,0.0009657912497692808,0.4526749060238574,0.09288566906257735,0.0009921687887981534,0.6874915361404419
1,12,5,late,3238,0.09617871513257951,0.019097332263935226,0.4546035992546373,0.09445236377446505,0.001079102512449026,0.6930734515190125
1,12,6,late,3238,0.11931136468985451,0.03207846128631582,0.41583294589537334,0.09034028532031843,0.0008439882658421993,0.6372718214988708
1,12,7,late,3238,0.0009492677977924291,0.0009990918706716113,0.4268081678331621,0.08884886020003113,0.001005321042612195,0.6582919955253601
1,12,8,late,3238,0.0024868620354625086,0.0011547780970210708,0.5915075055565288,0.11826894593484712,0.0014425450935959816,0.8021554350852966
1,12,9,late,3238,0.009445825580366315,0.0031666619309664713,0.43969316259707475,0.09459927261204325,0.0008371190633624792,0.6661378145217896
1,12,10,late,3238,0.010136742065180053,0.00167511372679636,0.5699539164319871,0.11575756711026558,0.001088412944227457,0.7665091156959534
1,12,11,late,3238,0.0024940031525685904,0.0012618368329810133,0.5583952613423853,0.11274426415820149,0.0010065126698464155,0.7301889657974243
1,12,12,late,3238,0.15051115588777614,0.023091377805537314,0.5015392324666034,0.1015800960776573,0.0010115326149389148,0.6748754382133484
1,12,13,late,3238,0.3082143786244912,0.02557424194683257,0.5110144431074265,0.10821396504984399,0.000997437397018075,0.709361732006073
1,12,14,late,3238,0.02075344719658133,0.002872943828762353,0.5523550693121024,0.112131535170415,0.0010664017172530293,0.728671669960022
1,12,16,late,3238,0.0003965658166180101,0.0009567807103526814,0.5523550693121024,0.112131535170415,0.0010664017172530293,0.728671669960022
1,13,1,late,3238,0.06858951963181185,0.005943126419886479,0.26683251957295545,0.061137343748724884,0.00078206742182374,0.5156592130661011
1,13,2,late,3238,0.18719755715312436,0.03670801611527306,0.27559749847798237,0.06588918279673049,0.0007742207963019609,0.47680413722991943
1,13,3,late,3238,0.02265156906576743,0.006024763200110867,0.24151918691771154,0.056846485350433254,0.0006735126953572035,0.4228940010070801
1,13,4,late,3238,0.0006830261700257269,0.0009657912497692808,0.2834793707241383,0.06641352728707915,0.0007954073953442276,0.4635451138019562
1,13,5,late,3238,0.09617871513257951,0.019097332263935226,0.2502550571099389,0.061706878435846574,0.0007780937594361603,0.4264673590660095
1,13,6,late,3238,0.11931136468985451,0.03207846128631582,0.21618646949248066,0.05914072885674096,0.0006186116952449083,0.3542960584163666
1,13,7,late,3238,0.0009492677977924291,0.0009990918706716113,0.23782113858708887,0.06238164796400783,0.000753423199057579,0.39024868607521057
1,13,8,late,3238,0.0024868620354625086,0.0011547780970210708,0.46896099937668273,0.11083173053110947,0.0012420470593497157,0.6812302470207214
1,13,9,late,3238,0.009445825580366315,0.0031666619309664713,0.324677662069243,0.08458493419554118,0.0007768317591398954,0.5125918388366699
1,13,10,late,3238,0.010136742065180053,0.00167511372679636,0.35984612182932135,0.09012533615132882,0.0007811241666786373,0.5468330383300781
1,13,11,late,3238,0.0024940031525685904,0.0012618368329810133,0.3485159604704513,0.08534392259841733,0.0007781735039316118,0.5536620020866394
1,13,12,late,3238,0.15051115588777614,0.023091377805537314,0.3074933976999582,0.07805069732582803,0.0008751890854910016,0.4960666298866272
1,13,13,late,3238,0.3082143786244912,0.02557424194683257,0.35434374343519,0.09397098728022305,0.0009251658339053392,0.5683578848838806
1,13,14,late,3238,0.02075344719658133,0.002872943828762353,0.3787853858945848,0.09325759706597843,0.0010072955628857017,0.5762513875961304
1,13,16,late,3238,0.0003965658166180101,0.0009567807103526814,0.3787853858945848,0.09325759706597843,0.0010072955628857017,0.5762513875961304
1,14,1,late,3238,0.06858951963181185,0.005943126419886479,0.3401243050888378,0.08942811113546792,0.0009492944227531552,0.5950974822044373
1,14,2,late,3238,0.18719755715312436,0.03670801611527306,0.36705341528274005,0.10167037751981135,0.0009397714748047292,0.5903664827346802
1,14,3,late,3238,0.02265156906576743,0.006024763200110867,0.3366787554920009,0.08773725493165284,0.0008827737183310091,0.5145429968833923
1,14,4,late,3238,0.0006830261700257269,0.0009657912497692808,0.3070321683408964,0.077326483980393,0.0007276019896380603,0.51305091381073
1,14,5,late,3238,0.09617871513257951,0.019097332263935226,0.22570739808622728,0.05541552316048307,0.0006536043947562575,0.3731895983219147
1,14,6,late,3238,0.11931136468985451,0.03207846128631582,0.16048465744196805,0.05067117507852209,0.0004281158035155386,0.3288315236568451
1,14,7,late,3238,0.0009492677977924291,0.0009990918706716113,0.17794741103201636,0.05525295824523083,0.0005230709793977439,0.36857473850250244
1,14,8,late,3238,0.0024868620354625086,0.0011547780970210708,0.3708732271647306,0.1036123593879092,0.0008602893212810159,0.6199771165847778
1,14,9,late,3238,0.009445825580366315,0.0031666619309664713,0.2390423108395363,0.07250961702072774,0.0004974915063939989,0.43004176020622253
1,14,10,late,3238,0.010136742065180053,0.00167511372679636,0.2331707293568207,0.07341205228590834,0.0004501243820413947,0.46239104866981506
1,14,11,late,3238,0.0024940031525685904,0.0012618368329810133,0.21559475562311958,0.06810969854077634,0.0004322826862335205,0.4794575273990631
1,14,12,late,3238,0.15051115588777614,0.023091377805537314,0.18613366649730495,0.0622976599545833,0.00048009605961851776,0.4155987501144409
1,14,13,late,3238,0.3082143786244912,0.02557424194683257,0.20010294527167716,0.0736279089348933,0.0004473482840694487,0.4642011225223541
1,14,14,late,3238,0.02075344719658133,0.002872943828762353,0.22853831625093404,0.07377105032853848,0.0005109263584017754,0.4743066430091858
1,14,16,late,3238,0.0003965658166180101,0.0009567807103526814,0.22853831625093404,0.07377105032853848,0.0005109263584017754,0.4743066430091858
1,16,1,late,3238,0.06858951963181185,0.005943126419886479,0.3401243050888378,0.08942811113546792,0.0009492944227531552,0.5950974822044373
1,16,2,late,3238,0.18719755715312436,0.03670801611527306,0.36705341528274005,0.10167037751981135,0.0009397714748047292,0.5903664827346802
1,16,3,late,3238,0.02265156906576743,0.006024763200110867,0.3366787554920009,0.08773725493165284,0.0008827737183310091,0.5145429968833923
1,16,4,late,3238,0.0006830261700257269,0.0009657912497692808,0.3070321683408964,0.077326483980393,0.0007276019896380603,0.51305091381073
1,16,5,late,3238,0.09617871513257951,0.019097332263935226,0.22570739808622728,0.05541552316048307,0.0006536043947562575,0.3731895983219147
1,16,6,late,3238,0.11931136468985451,0.03207846128631582,0.16048465744196805,0.05067117507852209,0.0004281158035155386,0.3288315236568451
1,16,7,late,3238,0.0009492677977924291,0.0009990918706716113,0.17794741103201636,0.05525295824523083,0.0005230709793977439,0.36857473850250244
1,16,8,late,3238,0.0024868620354625086,0.0011547780970210708,0.3708732271647306,0.1036123593879092,0.0008602893212810159,0.6199771165847778
1,16,9,late,3238,0.009445825580366315,0.0031666619309664713,0.2390423108395363,0.07250961702072774,0.0004974915063939989,0.43004176020622253
1,16,10,late,3238,0.010136742065180053,0.00167511372679636,0.2331707293568207,0.07341205228590834,0.0004501243820413947,0.46239104866981506
1,16,11,late,3238,0.0024940031525685904,0.0012618368329810133,0.21559475562311958,0.06810969854077634,0.0004322826862335205,0.4794575273990631
1,16,12,late,3238,0.15051115588777614,0.023091377805537314,0.18613366649730495,0.0622976599545833,0.00048009605961851776,0.4155987501144409
1,16,13,late,3238,0.3082143786244912,0.02557424194683257,0.20010294527167716,0.0736279089348933,0.0004473482840694487,0.4642011225223541
1,16,14,late,3238,0.02075344719658133,0.002872943828762353,0.22853831625093404,0.07377105032853848,0.0005109263584017754,0.4743066430091858
1,16,16,late,3238,0.0003965658166180101,0.0009567807103526814,0.22853831625093404,0.07377105032853848,0.0005109263584017754,0.4743066430091858
2,1,1,late,1449,0.05067689553780164,0.0058300457627857355,0.46388167129274205,0.09279761834927693,0.0011549982009455562,0.6975417733192444
2,1,2,late,1449,0.38041533515383386,0.04744555759633257,0.48095784299588185,0.09851060223063757,0.001127932220697403,0.6950747966766357
2,1,3,late,1449,0.01775859280610045,0.0046337796746972,0.4606285364867758,0.09951603760883569,0.0010488529223948717,0.688822865486145
2,1,4,late,1449,0.0009986418829217645,0.0010491230790471285,0.5059343876397164,0.10516356041515439,0.0011906367726624012,0.6708754897117615
2,1,5,late,1449,0.07854543670720651,0.0180423470466921,0.5071200911690634,0.10691984270423337,0.0011562372092157602,0.657257616519928
2,1,6,late,1449,0.10286376401992635,0.027914241226462033,0.4911694824138015,0.10639121275086255,0.001033941050991416,0.6362938284873962
2,1,7,late,1449,0.0014818287096722475,0.0011208959497864958,0.4954551698088362,0.10657681690126643,0.0011827951529994607,0.6354815363883972
2,1,8,late,1449,0.002780306541554866,0.0009729327693884542,0.6034618368979866,0.1266010036161885,0.0014864829136058688,0.7421790361404419
2,1,9,late,1449,0.00396843102215241,0.0017118732948156116,0.47524993484994055,0.10125496807672059,0.0011100819101557136,0.6163496375083923
2,1,10,late,1449,0.00943403537586895,0.0014211137904976048,0.5561436004508473,0.11647265805911491,0.0012005902826786041,0.6876533031463623
2,1,11,late,1449,0.002956761561288899,0.0012584988124144238,0.5431953015700439,0.11399272652107537,0.0011652795365080237,0.6853127479553223
2,1,12,late,1449,0.045482450173399754,0.008818512356357885,0.5153624881792452,0.11041121986681025,0.0011580465361475945,0.6541804075241089
2,1,13,late,1449,0.2879325474967116,0.03402695608375338,0.5894894663700345,0.12342508570770234,0.00140817288774997,0.7280377149581909
2,1,14,late,1449,0.013994471868543175,0.0018502636144863262,0.6283425583682981,0.13131780137294338,0.0013564109103754163,0.7902102470397949
2,1,16,late,1449,0.000710501143017447,0.0010395416276291335,0.6283425583682981,0.13131780137294338,0.0013564109103754163,0.7902102470397949
2,2,1,late,1449,0.05067689553780164,0.0058300457627857355,0.4473859618346093,0.08894880489615907,0.0012571763945743442,0.7196165919303894
2,2,2,late,1449,0.38041533515383386,0.04744555759633257,0.4886120429155343,0.09891651543395148,0.001263684593141079,0.7103167772293091
2,2,3,late,1449,0.01775859280610045,0.0046337796746972,0.46215489302259555,0.10203033157347506,0.0011646498460322618,0.6994580030441284
2,2,4,late,1449,0.0009986418829217645,0.0010491230790471285,0.49318012039146913,0.10378872866367765,0.001223582192324102,0.6740629076957703
2,2,5,late,1449,0.07854543670720651,0.0180423470466921,0.49650270919465916,0.1053862747234044,0.0012138306628912687,0.6596471071243286
2,2,6,late,1449,0.10286376401992635,0.027914241226462033,0.469263447899811,0.1033420456364709,0.0010223662247881293,0.6294562816619873
2,2,7,late,1449,0.0014818287096722475,0.0011208959497864958,0.47553065961898155,0.1036309951123413,0.0012040191795676947,0.6273358464241028
2,2,8,late,1449,0.002780306541554866,0.0009729327693884542,0.5944250832526965,0.12535302818779154,0.0015447925543412566,0.7318047881126404
2,2,9,late,1449,0.00396843102215241,0.0017118732948156116,0.43351014605157717,0.09414223900048661,0.0010431285481899977,0.593882143497467
2,2,10,late,1449,0.00943403537586895,0.0014211137904976048,0.5555283393965696,0.11603374007275812,0.0012935299891978502,0.6939420700073242
2,2,11,late,1449,0.002956761561288899,0.0012584988124144238,0.5410809215788747,0.11295873105643049,0.001244693878106773,0.6791849732398987
2,2,12,late,1449,0.045482450173399754,0.008818512356357885,0.5132019274180024,0.10966687639398158,0.0012369685573503375,0.6547168493270874
2,2,13,late,1449,0.2879325474967116,0.03402695608375338,0.5879540308027543,0.12239959739513384,0.001485168468207121,0.727804958820343
2,2,14,late,1449,0.013994471868543175,0.0018502636144863262,0.6581871424023296,0.13445290582841915,0.0016033266438171268,0.816594660282135
2,2,16,late,1449,0.000710501143017447,0.0010395416276291335,0.6581871424023296,0.13445290582841915,0.0016033266438171268,0.816594660282135
2,3,1,late,1449,0.05067689553780164,0.0058300457627857355,0.4786661221469663,0.0960223350053747,0.001402424182742834,0.7561689615249634
2,3,2,late,1449,0.38041533515383386,0.04744555759633257,0.5067723784670446,0.10229694819265028,0.001318492111749947,0.7387949824333191
2,3,3,late,1449,0.01775859280610045,0.0046337796746972,0.4842086123391598,0.11006535644682915,0.001224767998792231,0.727349579334259
2,3,4,late,1449,0.0009986418829217645,0.0010491230790471285,0.5228660990158032,0.10808787355904911,0.001358473440632224,0.7151844501495361
2,3,5,late,1449,0.07854543670720651,0.0180423470466921,0.5238232318653543,0.10836229286064299,0.001335631706751883,0.6967424750328064
2,3,6,late,1449,0.10286376401992635,0.027914241226462033,0.4999244259723402,0.10666030137095052,0.0011404015822336078,0.6696842908859253
2,3,7,late,1449,0.0014818287096722475,0.0011208959497864958,0.5056823002050931,0.1067999388862335,0.0013217724626883864,0.6676725149154663
2,3,8,late,1449,0.002780306541554866,0.0009729327693884542,0.6300345145329336,0.1299011904962115,0.0017463777912780643,0.7709101438522339
2,3,9,late,1449,0.00396843102215241,0.0017118732948156116,0.46283734857465936,0.09671025734673117,0.001136612263508141,0.6347759962081909
2,3,10,late,1449,0.00943403537586895,0.0014211137904976048,0.5851249558820754,0.12025182437500287,0.0014160796999931335,0.7264623641967773
2,3,11,late,1449,0.002956761561288899,0.0012584988124144238,0.5858250574864867,0.12018758871847358,0.0014502184931188822,0.7213577628135681
2,3,12,late,1449,0.045482450173399754,0.008818512356357885,0.5418019403723275,0.11408565140856247,0.0013475759187713265,0.6771014928817749
2,3,13,late,1449,0.2879325474967116,0.03402695608375338,0.6080801445060282,0.1255395622183994,0.0015323689440265298,0.7473372220993042
2,3,14,late,1449,0.013994471868543175,0.0018502636144863262,0.6724042356765608,0.13750475282679947,0.0016500689089298248,0.8312948346138
2,3,16,late,1449,0.000710501143017447,0.0010395416276291335,0.6724042356765608,0.13750475282679947,0.0016500689089298248,0.8312948346138
2,4,1,late,1449,0.05067689553780164,0.0058300457627857355,0.45014469361495424,0.0898496660827942,0.001117589883506298,0.7399588823318481
2,4,2,late,1449,0.38041533515383386,0.04744555759633257,0.477751276988968,0.09574199762599163,0.001074765925295651,0.7192679047584534
2,4,3,late,1449,0.01775859280610045,0.0046337796746972,0.4594096114769484,0.10019268308287121,0.0009986944496631622,0.708301305770874
2,4,4,late,1449,0.0009986418829217645,0.0010491230790471285,0.496291175822334,0.10029037087558645,0.001114381942898035,0.6969062685966492
2,4,5,late,1449,0.07854543670720651,0.0180423470466921,0.5013311327028708,0.10150242784051426,0.001132046920247376,0.6884080171585083
2,4,6,late,1449,0.10286376401992635,0.027914241226462033,0.47898127978974203,0.09942311864691389,0.0009722956456243992,0.6569592356681824
2,4,7,late,1449,0.0014818287096722475,0.0011208959497864958,0.48474969099686477,0.09917770370623914,0.0011146925389766693,0.6503041982650757
2,4,8,late,1449,0.002780306541554866,0.0009729327693884542,0.6103537458955524,0.12354236788161463,0.0014662077883258462,0.7569734454154968
2,4,9,late,1449,0.00396843102215241,0.0017118732948156116,0.44069758377957374,0.08953423344384698,0.0009541729232296348,0.6166755557060242
2,4,10,late,1449,0.00943403537586895,0.0014211137904976048,0.5641712812907522,0.11345250763586037,0.0012000632705166936,0.7108360528945923
2,4,11,late,1449,0.002956761561288899,0.0012584988124144238,0.5528229562483896,0.11151776895749477,0.0011140290880575776,0.6764991283416748
2,4,12,late,1449,0.045482450173399754,0.008818512356357885,0.5016385962310252,0.10263404764887486,0.0010691768256947398,0.6342204213142395
2,4,13,late,1449,0.2879325474967116,0.03402695608375338,0.5680924995043595,0.11528534765707314,0.0012229623971506953,0.7015552520751953
2,4,14,late,1449,0.013994471868543175,0.0018502636144863262,0.63163507539688,0.1262203950604791,0.0016482066130265594,0.7878069877624512
2,4,16,late,1449,0.000710501143017447,0.0010395416276291335,0.63163507539688,0.1262203950604791,0.0016482066130265594,0.7878069877624512
2,5,1,late,1449,0.05067689553780164,0.0058300457627857355,0.4250072044479642,0.08527602574221266,0.0010728872148320079,0.7192608118057251
2,5,2,late,1449,0.38041533515383386,0.04744555759633257,0.45161318944230755,0.09034831210756573,0.001031774329021573,0.6968830823898315
2,5,3,late,1449,0.01775859280610045,0.0046337796746972,0.438924302276625,0.09570595025651762,0.000976871931925416,0.6901227235794067
2,5,4,late,1449,0.0009986418829217645,0.0010491230790471285,0.4632389818824663,0.09304532639343761,0.0010353492107242346,0.6669958233833313
2,5,5,late,1449,0.07854543670720651,0.0180423470466921,0.4798571489382731,0.09623777637150151,0.0010957405902445316,0.6687851548194885
2,5,6,late,1449,0.10286376401992635,0.027914241226462033,0.4591791115476161,0.09418565278705829,0.0009476248524151742,0.637998640537262
2,5,7,late,1449,0.0014818287096722475,0.0011208959497864958,0.46492447155984756,0.09385044323372783,0.0010864125797525048,0.6311823725700378
2,5,8,late,1449,0.002780306541554866,0.0009729327693884542,0.590622514109349,0.11865248031670494,0.0014290232211351395,0.7398133873939514
2,5,9,late,1449,0.00396843102215241,0.0017118732948156116,0.4204242512683517,0.08461690765137307,0.0009537457954138517,0.5956171751022339
2,5,10,late,1449,0.00943403537586895,0.0014211137904976048,0.5367515560341105,0.10698327170539595,0.0011844418477267027,0.68553626537323
2,5,11,late,1449,0.002956761561288899,0.0012584988124144238,0.5220182088882296,0.10436131816961557,0.001090796198695898,0.648809552192688
2,5,12,late,1449,0.045482450173399754,0.008818512356357885,0.4703627729929342,0.095099250204129,0.001046877820044756,0.6050248742103577
2,5,13,late,1449,0.2879325474967116,0.03402695608375338,0.5323628465013689,0.10754005372317653,0.0011911443434655666,0.6728932857513428
2,5,14,late,1449,0.013994471868543175,0.0018502636144863262,0.5988860785562012,0.12011245940783317,0.001478857360780239,0.7656041383743286
2,5,16,late,1449,0.000710501143017447,0.0010395416276291335,0.5988860785562012,0.12011245940783317,0.001478857360780239,0.7656041383743286
2,6,1,late,1449,0.05067689553780164,0.0058300457627857355,0.4112101542952858,0.08238056111159736,0.001096232794225216,0.7188311815261841
2,6,2,late,1449,0.38041533515383386,0.04744555759633257,0.45132560566584456,0.09040613682115801,0.001084827585145831,0.7029775977134705
2,6,3,late,1449,0.01775859280610045,0.0046337796746972,0.4381956108190984,0.09418144183948418,0.0010271050268784165,0.6962940096855164
2,6,4,late,1449,0.0009986418829217645,0.0010491230790471285,0.46254218999425617,0.09241469090578534,0.0010885860538110137,0.6734097599983215
2,6,5,late,1449,0.07854543670720651,0.0180423470466921,0.47862212957833294,0.09571647600728779,0.0011372469598427415,0.6744322776794434
2,6,6,late,1449,0.10286376401992635,0.027914241226462033,0.4579238438704183,0.09331379951795635,0.0009835262317210436,0.6438912153244019
2,6,7,late,1449,0.0014818287096722475,0.0011208959497864958,0.46746460019632996,0.09369526624461437,0.0011665790807455778,0.6408171653747559
2,6,8,late,1449,0.002780306541554866,0.0009729327693884542,0.6076996251261839,0.11993321697936098,0.0016785500338301063,0.772305965423584
2,6,9,late,1449,0.00396843102215241,0.0017118732948156116,0.41818317269496336,0.08419985867774211,0.0010080615757033229,0.6008862853050232
2,6,10,late,1449,0.00943403537586895,0.0014211137904976048,0.5336060274469977,0.1054604100277418,0.0012376750819385052,0.6900956034660339
2,6,11,late,1449,0.002956761561288899,0.0012584988124144238,0.5194482915734119,0.1030229805527459,0.0011529080802574754,0.6551536917686462
2,6,12,late,1449,0.045482450173399754,0.008818512356357885,0.46281099882340954,0.09257967852368634,0.0010897746542468667,0.5952630043029785
2,6,13,late,1449,0.2879325474967116,0.03402695608375338,0.5189024154509799,0.1039592142448038,0.0012251401785761118,0.6492058038711548
2,6,14,late,1449,0.013994471868543175,0.0018502636144863262,0.5886281907684257,0.11743693613030472,0.0014763274230062962,0.748094379901886
2,6,16,late,1449,0.000710501143017447,0.0010395416276291335,0.5886281907684257,0.11743693613030472,0.0014763274230062962,0.748094379901886
2,7,1,late,1449,0.05067689553780164,0.0058300457627857355,0.39119438207144297,0.07880624687542753,0.0010230785701423883,0.696132481098175
2,7,2,late,1449,0.38041533515383386,0.04744555759633257,0.42468648196207365,0.08543804287034323,0.0010159260127693415,0.6524828672409058
2,7,3,late,1449,0.01775859280610045,0.0046337796746972,0.39575005970744087,0.08649915082093654,0.0009065912454389036,0.6287704706192017
2,7,4,late,1449,0.0009986418829217645,0.0010491230790471285,0.427817608460156,0.08538576080990298,0.0009887645719572902,0.6376467943191528
2,7,5,late,1449,0.07854543670720651,0.0180423470466921,0.4424013044631939,0.08814038036710603,0.001047843717969954,0.638721227645874
2,7,6,late,1449,0.10286376401992635,0.027914241226462033,0.4091518942080792,0.0830889009193757,0.0008731933194212615,0.5817202925682068
2,7,7,late,1449,0.0014818287096722475,0.0011208959497864958,0.41852283998109074,0.0835308224585308,0.0010210288455709815,0.5902101397514343
2,7,8,late,1449,0.002780306541554866,0.0009729327693884542,0.5676184588859438,0.1118548537713468,0.0015143342316150665,0.7401507496833801
2,7,9,late,1449,0.00396843102215241,0.0017118732948156116,0.3803160097509069,0.07617840015141693,0.0009217304177582264,0.5616925954818726
2,7,10,late,1449,0.00943403537586895,0.0014211137904976048,0.5114801887516318,0.10073914883074048,0.001210961490869522,0.6709235906600952
2,7,11,late,1449,0.002956761561288899,0.0012584988124144238,0.4968180092631854,0.09816279804002931,0.001115221413783729,0.6313743591308594
2,7,12,late,1449,0.045482450173399754,0.008818512356357885,0.43687243362108735,0.08695708255672138,0.0010693295625969768,0.566635251045227
2,7,13,late,1449,0.2879325474967116,0.03402695608375338,0.48457750098540703,0.09853313776358803,0.0011232610559090972,0.6053488850593567
2,7,14,late,1449,0.013994471868543175,0.0018502636144863262,0.5279784053850892,0.10635477482140977,0.0013052523136138916,0.6893062591552734
2,7,16,late,1449,0.000710501143017447,0.0010395416276291335,0.5279784053850892,0.10635477482140977,0.0013052523136138916,0.6893062591552734
2,8,1,late,1449,0.05067689553780164,0.0058300457627857355,0.275580158773506,0.06085141600971458,0.0008621402084827423,0.5800402164459229
2,8,2,late,1449,0.38041533515383386,0.04744555759633257,0.3009943221040935,0.06574397333949498,0.0008534436346963048,0.5287848114967346
2,8,3,late,1449,0.01775859280610045,0.0046337796746972,0.2792243095323073,0.06390320029046649,0.0007789632654748857,0.5081685185432434
2,8,4,late,1449,0.0009986418829217645,0.0010491230790471285,0.3063380568653581,0.06529420661234853,0.0008463487611152232,0.516764760017395
2,8,5,late,1449,0.07854543670720651,0.0180423470466921,0.3124493147498652,0.06609722228945249,0.000896926096174866,0.5102297067642212
2,8,6,late,1449,0.10286376401992635,0.027914241226462033,0.27834735358259405,0.060314867309685834,0.0007224194123409688,0.44736751914024353
2,8,7,late,1449,0.0014818287096722475,0.0011208959497864958,0.28618620124367067,0.060872340957365476,0.0008447497966699302,0.45603427290916443
2,8,8,late,1449,0.002780306541554866,0.0009729327693884542,0.4306248976518654,0.08826982281370237,0.0012761001707985997,0.6243592500686646
2,8,9,late,1449,0.00396843102215241,0.0017118732948156116,0.25472568152486036,0.05369965829006551,0.0007766518974676728,0.42801007628440857
2,8,10,late,1449,0.00943403537586895,0.0014211137904976048,0.440884255131821,0.08760111613671567,0.001201258972287178,0.6167727112770081
2,8,11,late,1449,0.002956761561288899,0.0012584988124144238,0.4501700125130284,0.08930867010200265,0.0011135764652863145,0.5939489006996155
2,8,12,late,1449,0.045482450173399754,0.008818512356357885,0.363453426733041,0.072860244589218,0.001067752717062831,0.48987385630607605
2,8,13,late,1449,0.2879325474967116,0.03402695608375338,0.3593871940717582,0.07550762380966583,0.001121604349464178,0.4686746597290039
2,8,14,late,1449,0.013994471868543175,0.0018502636144863262,0.39763781034027396,0.08117573842648544,0.0012995166471228004,0.5502570271492004
2,8,16,late,1449,0.000710501143017447,0.0010395416276291335,0.39763781034027396,0.08117573842648544,0.0012995166471228004,0.5502570271492004
2,9,1,late,1449,0.05067689553780164,0.0058300457627857355,0.44082550564499634,0.08766708742334477,0.0013333179522305727,0.7472167015075684
2,9,2,late,1449,0.38041533515383386,0.04744555759633257,0.4693009620397419,0.0936139046204319,0.0013198747765272856,0.7081987857818604
2,9,3,late,1449,0.01775859280610045,0.0046337796746972,0.43762200663854117,0.09491431348610208,0.0011837611673399806,0.6857591867446899
2,9,4,late,1449,0.0009986418829217645,0.0010491230790471285,0.48789328348999966,0.09659061908992411,0.0013769298093393445,0.7090901136398315
2,9,5,late,1449,0.07854543670720651,0.0180423470466921,0.48396260337526487,0.09561734471798176,0.0013791037490591407,0.6936736702919006
2,9,6,late,1449,0.10286376401992635,0.027914241226462033,0.4576314706886393,0.09186864762623936,0.0011865772539749742,0.6509514451026917
2,9,7,late,1449,0.0014818287096722475,0.0011208959497864958,0.45675957221036495,0.09078115166026143,0.0013259830884635448,0.6451934576034546
2,9,8,late,1449,0.002780306541554866,0.0009729327693884542,0.5929198824068476,0.11658852111741941,0.0018272653687745333,0.7668485641479492
2,9,9,late,1449,0.00396843102215241,0.0017118732948156116,0.4011795790441009,0.08050429309595378,0.0011123387375846505,0.5968925952911377
2,9,10,late,1449,0.00943403537586895,0.0014211137904976048,0.5334552429192889,0.10505910888124981,0.0014084263239055872,0.6957806348800659
2,9,11,late,1449,0.002956761561288899,0.0012584988124144238,0.5231511547814108,0.10339619014906584,0.001323569449596107,0.6565264463424683
2,9,12,late,1449,0.045482450173399754,0.008818512356357885,0.4620185547086987,0.0929585013844868,0.001335889333859086,0.5759066343307495
2,9,13,late,1449,0.2879325474967116,0.03402695608375338,0.4540050538495219,0.09498584564769659,0.0013644287828356028,0.559828519821167
2,9,14,late,1449,0.013994471868543175,0.0018502636144863262,0.4993108225400027,0.10324735068140375,0.0015828475588932633,0.6292699575424194
2,9,16,late,1449,0.000710501143017447,0.0010395416276291335,0.4993108225400027,0.10324735068140375,0.0015828475588932633,0.6292699575424194
2,10,1,late,1449,0.05067689553780164,0.0058300457627857355,0.33433482710470036,0.0675330445231445,0.001040651579387486,0.6363663077354431
2,10,2,late,1449,0.38041533515383386,0.04744555759633257,0.35608257281713207,0.07259350484812047,0.0010356669081375003,0.5892043113708496
2,10,3,late,1449,0.01775859280610045,0.0046337796746972,0.31969177792743947,0.07425432045923286,0.0008684512577019632,0.5421268939971924
2,10,4,late,1449,0.0009986418829217645,0.0010491230790471285,0.3612660085863554,0.07234584427976949,0.0010255733504891396,0.5714026689529419
2,10,5,late,1449,0.07854543670720651,0.0180423470466921,0.3476803325929051,0.06943223464163575,0.0009985265787690878,0.543094277381897
2,10,6,late,1449,0.10286376401992635,0.027914241226462033,0.2959078588812844,0.060379616937111136,0.0007393724517896771,0.4479968249797821
2,10,7,late,1449,0.0014818287096722475,0.0011208959497864958,0.2986013346880413,0.06020412561463227,0.0008312746649608016,0.44941771030426025
2,10,8,late,1449,0.002780306541554866,0.0009729327693884542,0.43185123703929384,0.08656872472720878,0.001178912934847176,0.5981000661849976
2,10,9,late,1449,0.00396843102215241,0.0017118732948156116,0.25614463497495393,0.05228808488800859,0.0007155252387747169,0.40118929743766785
2,10,10,late,1449,0.00943403537586895,0.0014211137904976048,0.4355365751196937,0.0869255902786546,0.0009937235154211521,0.5733100175857544
2,10,11,late,1449,0.002956761561288899,0.0012584988124144238,0.4315480456157736,0.08654075093292357,0.0009531362447887659,0.5312471985816956
2,10,12,late,1449,0.045482450173399754,0.008818512356357885,0.3730322545335009,0.0768592014841147,0.0009916801936924458,0.4720225930213928
2,10,13,late,1449,0.2879325474967116,0.03402695608375338,0.36119766424154076,0.0797953138941696,0.0009604270453564823,0.4790455102920532
2,10,14,late,1449,0.013994471868543175,0.0018502636144863262,0.4045111917898,0.08736471157351046,0.0011687374208122492,0.4946141242980957
2,10,16,late,1449,0.000710501143017447,0.0010395416276291335,0.4045111917898,0.08736471157351046,0.0011687374208122492,0.4946141242980957
2,11,1,late,1449,0.05067689553780164,0.0058300457627857355,0.3799665646399053,0.0772101408454927,0.0010694625088945031,0.6656928062438965
2,11,2,late,1449,0.38041533515383386,0.04744555759633257,0.40310844658180467,0.08359073332459811,0.0010487166000530124,0.6200634837150574
2,11,3,late,1449,0.01775859280610045,0.0046337796746972,0.37799538605009464,0.08528745186860633,0.0009548408561386168,0.5847119092941284
2,11,4,late,1449,0.0009986418829217645,0.0010491230790471285,0.40757225863621077,0.0833218741469682,0.0010199963580816984,0.6010576486587524
2,11,5,late,1449,0.07854543670720651,0.0180423470466921,0.40348045516582726,0.08255289523058702,0.0010380825260654092,0.5840573310852051
2,11,6,late,1449,0.10286376401992635,0.027914241226462033,0.3518572316540847,0.07376658502173639,0.0007952607702463865,0.48984697461128235
2,11,7,late,1449,0.0014818287096722475,0.0011208959497864958,0.3655981430444825,0.07519555845250907,0.0009292123140767217,0.5051383376121521
2,11,8,late,1449,0.002780306541554866,0.0009729327693884542,0.5288040559086338,0.10634929427383386,0.0014159927377477288,0.6721848845481873
2,11,9,late,1449,0.00396843102215241,0.0017118732948156116,0.3656982025662643,0.07800264598509113,0.0009202198125422001,0.5155419707298279
2,11,10,late,1449,0.00943403537586895,0.0014211137904976048,0.4679564272624449,0.09505281105241573,0.0010023080976679921,0.6033850312232971
2,11,11,late,1449,0.002956761561288899,0.0012584988124144238,0.43752289097004954,0.08934831564696193,0.0009052325622178614,0.5345784425735474
2,11,12,late,1449,0.045482450173399754,0.008818512356357885,0.3817052490955165,0.08047895783414032,0.0009623986552469432,0.4815690815448761
2,11,13,late,1449,0.2879325474967116,0.03402695608375338,0.36806167323221667,0.083525795901379,0.0008917497470974922,0.4828553795814514
2,11,14,late,1449,0.013994471868543175,0.0018502636144863262,0.41153054076984136,0.09070130020828862,0.0012249330757185817,0.4977809190750122
2,11,16,late,1449,0.000710501143017447,0.0010395416276291335,0.41153054076984136,0.09070130020828862,0.0012249330757185817,0.4977809190750122
2,12,1,late,1449,0.05067689553780164,0.0058300457627857355,0.374090194638116,0.07643684193490723,0.001036731991916895,0.6573309898376465
2,12,2,late,1449,0.38041533515383386,0.04744555759633257,0.40090057708628624,0.0831135901305367,0.0010114116594195366,0.6161030530929565
2,12,3,late,1449,0.01775859280610045,0.0046337796746972,0.37578426740708165,0.08410273720903845,0.0009208723204210401,0.580632209777832
2,12,4,late,1449,0.0009986418829217645,0.0010491230790471285,0.4069776757618829,0.08295924572442738,0.0009979240130633116,0.5970278382301331
2,12,5,late,1449,0.07854543670720651,0.0180423470466921,0.40288145708045847,0.08206998921064422,0.0010156192583963275,0.5799758434295654
2,12,6,late,1449,0.10286376401992635,0.027914241226462033,0.3511409893391472,0.07352307734663398,0.0007613548659719527,0.4856550991535187
2,12,7,late,1449,0.0014818287096722475,0.0011208959497864958,0.3576525963775864,0.07382956923445923,0.0008389976574108005,0.4927479922771454
2,12,8,late,1449,0.002780306541554866,0.0009729327693884542,0.5288419885816518,0.10692244068776739,0.0013107205741107464,0.6706447005271912
2,12,9,late,1449,0.00396843102215241,0.0017118732948156116,0.36779458508948915,0.07839301585961257,0.0008517744718119502,0.5160595178604126
2,12,10,late,1449,0.00943403537586895,0.0014211137904976048,0.5059960322108941,0.10260521579780241,0.0009545466164126992,0.6414522528648376
2,12,11,late,1449,0.002956761561288899,0.0012584988124144238,0.4991851910922482,0.1010576829671025,0.0009509415249340236,0.6015222668647766
2,12,12,late,1449,0.045482450173399754,0.008818512356357885,0.4137097850775432,0.0854026259780619,0.0009712319006212056,0.5029065608978271
2,12,13,late,1449,0.2879325474967116,0.03402695608375338,0.39825598647859906,0.08823577046847868,0.0008999354322440922,0.5040412545204163
2,12,14,late,1449,0.013994471868543175,0.0018502636144863262,0.4335351448376445,0.09480883972753955,0.0012217636685818434,0.5220137238502502
2,12,16,late,1449,0.000710501143017447,0.0010395416276291335,0.4335351448376445,0.09480883972753955,0.0012217636685818434,0.5220137238502502
2,13,1,late,1449,0.05067689553780164,0.0058300457627857355,0.24513048416983274,0.05431345952898719,0.0009113815031014383,0.4586257040500641
2,13,2,late,1449,0.38041533515383386,0.04744555759633257,0.2508926349800508,0.057206527973206994,0.0008416404016315937,0.4013247787952423
2,13,3,late,1449,0.01775859280610045,0.0046337796746972,0.2229666306315137,0.050865060131947325,0.0007422764902003109,0.347048819065094
2,13,4,late,1449,0.0009986418829217645,0.0010491230790471285,0.252431087445656,0.055073556316392804,0.0008058985695242882,0.37220457196235657
2,13,5,late,1449,0.07854543670720651,0.0180423470466921,0.21552500326603874,0.04828988798558891,0.0007522817468270659,0.31334516406059265
2,13,6,late,1449,0.10286376401992635,0.027914241226462033,0.174069240733546,0.042426308249168744,0.0005732569843530655,0.2572639584541321
2,13,7,late,1449,0.0014818287096722475,0.0011208959497864958,0.19029033648254598,0.046277495885264516,0.0006459012511186302,0.27914124727249146
2,13,8,late,1449,0.002780306541554866,0.0009729327693884542,0.40883628560617064,0.09419025998117508,0.0010969416471198201,0.5525563359260559
2,13,9,late,1449,0.00396843102215241,0.0017118732948156116,0.2642932682544532,0.06462750393008307,0.0007127967546693981,0.40508347749710083
2,13,10,late,1449,0.00943403537586895,0.0014211137904976048,0.3022744870449229,0.07092271056483333,0.0007037132163532078,0.4265606999397278
2,13,11,late,1449,0.002956761561288899,0.0012584988124144238,0.29635584130475884,0.0690723351647848,0.0007010547560639679,0.4228620231151581
2,13,12,late,1449,0.045482450173399754,0.008818512356357885,0.23679198038338004,0.057679990962816535,0.0007295183022506535,0.36567801237106323
2,13,13,late,1449,0.2879325474967116,0.03402695608375338,0.25565244168833057,0.06617769166640562,0.0007334093097597361,0.4031001627445221
2,13,14,late,1449,0.013994471868543175,0.0018502636144863262,0.2723443932012443,0.06580592142979161,0.0009725240524858236,0.41167590022087097
2,13,16,late,1449,0.000710501143017447,0.0010395416276291335,0.2723443932012443,0.06580592142979161,0.0009725240524858236,0.41167590022087097
2,14,1,late,1449,0.05067689553780164,0.0058300457627857355,0.29523441853921467,0.07268506621422437,0.0011839099461212754,0.475047767162323
2,14,2,late,1449,0.38041533515383386,0.04744555759633257,0.3346475870183009,0.0855054122742725,0.0012234749738126993,0.4685022532939911
2,14,3,late,1449,0.01775859280610045,0.0046337796746972,0.3205188992929762,0.07628934294364294,0.0011879552621394396,0.42415788769721985
2,14,4,late,1449,0.0009986418829217645,0.0010491230790471285,0.2861566870979318,0.06416965767136758,0.000914289616048336,0.39257046580314636
2,14,5,late,1449,0.07854543670720651,0.0180423470466921,0.21827916492362717,0.04929856024955053,0.0007910048589110374,0.292236864566803
2,14,6,late,1449,0.10286376401992635,0.027914241226462033,0.15047543186079287,0.04392493097714995,0.0005079969414509833,0.2596476376056671
2,14,7,late,1449,0.0014818287096722475,0.0011208959497864958,0.16504728545014102,0.04882573641036118,0.0005771745345555246,0.2879715859889984
2,14,8,late,1449,0.002780306541554866,0.0009729327693884542,0.35658216296699674,0.09585024619281016,0.0009819467086344957,0.5532330870628357
2,14,9,late,1449,0.00396843102215241,0.0017118732948156116,0.2202852085851608,0.062740939279166,0.0006274965708144009,0.3583328425884247
2,14,10,late,1449,0.00943403537586895,0.0014211137904976048,0.22293152941010533,0.06753591354356549,0.000508995377458632,0.3782798945903778
2,14,11,late,1449,0.002956761561288899,0.0012584988124144238,0.209668167125613,0.06458719401181641,0.0004956708289682865,0.35737344622612
2,14,12,late,1449,0.045482450173399754,0.008818512356357885,0.16810499441915522,0.05567896549674192,0.0005048883613198996,0.31539732217788696
2,14,13,late,1449,0.2879325474967116,0.03402695608375338,0.1721305231921027,0.06262070026800404,0.00047233636723831296,0.36098819971084595
2,14,14,late,1449,0.013994471868543175,0.0018502636144863262,0.19220802713656512,0.06036227884559963,0.0006450209766626358,0.34046050906181335
2,14,16,late,1449,0.000710501143017447,0.0010395416276291335,0.19220802713656512,0.06036227884559963,0.0006450209766626358,0.34046050906181335
2,16,1,late,1449,0.05067689553780164,0.0058300457627857355,0.29523441853921467,0.07268506621422437,0.0011839099461212754,0.475047767162323
2,16,2,late,1449,0.38041533515383386,0.04744555759633257,0.3346475870183009,0.0855054122742725,0.0012234749738126993,0.4685022532939911
2,16,3,late,1449,0.01775859280610045,0.0046337796746972,0.3205188992929762,0.07628934294364294,0.0011879552621394396,0.42415788769721985
2,16,4,late,1449,0.0009986418829217645,0.0010491230790471285,0.2861566870979318,0.06416965767136758,0.000914289616048336,0.39257046580314636
2,16,5,late,1449,0.07854543670720651,0.0180423470466921,0.21827916492362717,0.04929856024955053,0.0007910048589110374,0.292236864566803
2,16,6,late,1449,0.10286376401992635,0.027914241226462033,0.15047543186079287,0.04392493097714995,0.0005079969414509833,0.2596476376056671
2,16,7,late,1449,0.0014818287096722475,0.0011208959497864958,0.16504728545014102,0.04882573641036118,0.0005771745345555246,0.2879715859889984
2,16,8,late,1449,0.002780306541554866,0.0009729327693884542,0.35658216296699674,0.09585024619281016,0.0009819467086344957,0.5532330870628357
2,16,9,late,1449,0.00396843102215241,0.0017118732948156116,0.2202852085851608,0.062740939279166,0.0006274965708144009,0.3583328425884247
2,16,10,late,1449,0.00943403537586895,0.0014211137904976048,0.22293152941010533,0.06753591354356549,0.000508995377458632,0.3782798945903778
2,16,11,late,1449,0.002956761561288899,0.0012584988124144238,0.209668167125613,0.06458719401181641,0.0004956708289682865,0.35737344622612
2,16,12,late,1449,0.045482450173399754,0.008818512356357885,0.16810499441915522,0.05567896549674192,0.0005048883613198996,0.31539732217788696
2,16,13,late,1449,0.2879325474967116,0.03402695608375338,0.1721305231921027,0.06262070026800404,0.00047233636723831296,0.36098819971084595
2,16,14,late,1449,0.013994471868543175,0.0018502636144863262,0.19220802713656512,0.06036227884559963,0.0006450209766626358,0.34046050906181335
2,16,16,late,1449,0.000710501143017447,0.0010395416276291335,0.19220802713656512,0.06036227884559963,0.0006450209766626358,0.34046050906181335
3,1,1,late,280,0.15170070591106674,0.029935224598297,0.5524857414391591,0.08009628137161372,0.0013774971012026072,0.7022517919540405
3,1,2,late,280,0.08312714011334091,0.027080195288201384,0.5733591947367781,0.08736638204915366,0.0013310436625033617,0.7366753220558167
3,1,3,late,280,0.02761383248193987,0.008225659881850493,0.5634828560432652,0.09080152567944927,0.0011397445341572165,0.7166523933410645
3,1,4,late,280,0.003476473940355871,0.0021497470750992957,0.5717896293083738,0.09442296422312373,0.0012690785806626081,0.7285443544387817
3,1,5,late,280,0.12178212823394173,0.04168771556003161,0.5653329774117862,0.09443730167646862,0.001214312855154276,0.7246977090835571
3,1,6,late,280,0.08625889731547087,0.03849652419548422,0.5459503464529657,0.09482182861713835,0.001148994080722332,0.7031511068344116
3,1,7,late,280,0.00424329449558251,0.0025736197001375027,0.5471522996850711,0.09534516595495722,0.0012000243877992034,0.7121511101722717
3,1,8,late,280,0.004689364668309355,0.0016329563181150645,0.6646556099402785,0.10720914173780147,0.001590617117471993,0.798639178276062
3,1,9,late,280,0.01293513816268437,0.004392395229973583,0.5222507107308567,0.09062035987715199,0.001084767747670412,0.6792280673980713
3,1,10,late,280,0.03505899429413819,0.036268346880381615,0.6175652811752765,0.1009930106911768,0.001276581548154354,0.7486637234687805
3,1,11,late,280,0.008506554976499688,0.0074409320619002834,0.6134918024364326,0.10051076116966398,0.0013041532365605235,0.7454003691673279
3,1,12,late,280,0.14228196491192516,0.04681138682063131,0.5845777335759651,0.09770259165084168,0.0012290540616959333,0.7133247256278992
3,1,13,late,280,0.22300860002806994,0.019184964459311518,0.6433627558369023,0.10122144283193678,0.0014481014804914594,0.7671793103218079
3,1,14,late,280,0.09235499306603805,0.01725871644477002,0.7138936000851183,0.10145804184883025,0.0018829824402928352,0.8104487657546997
3,1,16,late,280,0.002961917400636731,0.001772334781115954,0.7138936000851183,0.10145804184883025,0.0018829824402928352,0.8104487657546997
3,2,1,late,280,0.15170070591106674,0.029935224598297,0.5381408195406299,0.07785479412639355,0.0013742023147642612,0.6798815727233887
3,2,2,late,280,0.08312714011334091,0.027080195288201384,0.5753286921132322,0.08663461750015103,0.001394017250277102,0.7210336327552795
3,2,3,late,280,0.02761383248193987,0.008225659881850493,0.5581995128342117,0.09056666596395453,0.0011645760387182236,0.6924726366996765
3,2,4,late,280,0.003476473940355871,0.0021497470750992957,0.5647783172524734,0.09462315690107816,0.0012021580478176475,0.6974983215332031
3,2,5,late,280,0.12178212823394173,0.04168771556003161,0.5574429550677971,0.09447590080953165,0.0011607379419729114,0.6925784945487976
3,2,6,late,280,0.08625889731547087,0.03849652419548422,0.5265251703531248,0.09395194440391957,0.001071436796337366,0.6607439517974854
3,2,7,late,280,0.00424329449558251,0.0025736197001375027,0.533509697575937,0.09436212315912212,0.001157333143055439,0.6715078353881836
3,2,8,late,280,0.004689364668309355,0.0016329563181150645,0.6606206347642001,0.10695449953334009,0.0015917541459202766,0.7729928493499756
3,2,9,late,280,0.01293513816268437,0.004392395229973583,0.48359326062844565,0.0855713279655963,0.0009689304861240089,0.6187556385993958
3,2,10,late,280,0.03505899429413819,0.036268346880381615,0.6207813175877424,0.10006095183548759,0.0013005944201722741,0.7295218110084534
3,2,11,late,280,0.008506554976499688,0.0074409320619002834,0.6156555555819068,0.09909755237626534,0.0013172600883990526,0.7230134010314941
3,2,12,late,280,0.14228196491192516,0.04681138682063131,0.5868449764051807,0.0964782812936115,0.0012458598939701915,0.6869695782661438
3,2,13,late,280,0.22300860002806994,0.019184964459311518,0.6574175262990009,0.10012749357034006,0.0015072713140398264,0.7555587887763977
3,2,14,late,280,0.09235499306603805,0.01725871644477002,0.7430159512982105,0.10213274918828731,0.001986771821975708,0.8233262896537781
3,2,16,late,280,0.002961917400636731,0.001772334781115954,0.7430159512982105,0.10213274918828731,0.001986771821975708,0.8233262896537781
3,3,1,late,280,0.15170070591106674,0.029935224598297,0.5728348371863831,0.07746460815605016,0.0015758046647533774,0.6801916360855103
3,3,2,late,280,0.08312714011334091,0.027080195288201384,0.5931906938340814,0.08284309518358804,0.001526100211776793,0.7042195796966553
3,3,3,late,280,0.02761383248193987,0.008225659881850493,0.5780487096972398,0.08751170270990083,0.0012793452478945255,0.6995058059692383
3,3,4,late,280,0.003476473940355871,0.0021497470750992957,0.588548417680847,0.0888001821759803,0.0013942469377070665,0.7026880979537964
3,3,5,late,280,0.12178212823394173,0.04168771556003161,0.5728408333342356,0.08819075399654436,0.0013143758988007903,0.6870785355567932
3,3,6,late,280,0.08625889731547087,0.03849652419548422,0.5454544120314365,0.08779307236043445,0.0012299030786380172,0.6615197062492371
3,3,7,late,280,0.00424329449558251,0.0025736197001375027,0.5531371555178859,0.08842218191963967,0.001321475370787084,0.663887083530426
3,3,8,late,280,0.004689364668309355,0.0016329563181150645,0.685367915021821,0.10176527310864816,0.0018878155387938023,0.7897648215293884
3,3,9,late,280,0.01293513816268437,0.004392395229973583,0.5022410946640385,0.07951238853837174,0.0011076529044657946,0.6096338629722595
3,3,10,late,280,0.03505899429413819,0.036268346880381615,0.6394259717460955,0.09404212879329979,0.0014652286190539598,0.7370498776435852
3,3,11,late,280,0.008506554976499688,0.0074409320619002834,0.6529033827952974,0.09431997333983255,0.0015863896114751697,0.7457956075668335
3,3,12,late,280,0.14228196491192516,0.04681138682063131,0.6069691341432709,0.09256255465225699,0.001354413223452866,0.6965365409851074
3,3,13,late,280,0.22300860002806994,0.019184964459311518,0.6715686660584262,0.09543504076000914,0.0016134936595335603,0.7557989358901978
3,3,14,late,280,0.09235499306603805,0.01725871644477002,0.752748427487677,0.10030111501151312,0.0021267139818519354,0.8259973526000977
3,3,16,late,280,0.002961917400636731,0.001772334781115954,0.752748427487677,0.10030111501151312,0.0021267139818519354,0.8259973526000977
3,4,1,late,280,0.15170070591106674,0.029935224598297,0.5214968658123066,0.06823946673410343,0.001463234075345099,0.6256169676780701
3,4,2,late,280,0.08312714011334091,0.027080195288201384,0.5400252758122016,0.07271814295632885,0.0014106492744758725,0.6487231850624084
3,4,3,late,280,0.02761383248193987,0.008225659881850493,0.5264993845439416,0.07650591866196126,0.0011829478899016976,0.6349442005157471
3,4,4,late,280,0.003476473940355871,0.0021497470750992957,0.5318798995319022,0.07554908451123983,0.00129692314658314,0.6390103101730347
3,4,5,late,280,0.12178212823394173,0.04168771556003161,0.527558758712673,0.07579627384917412,0.0012838696129620075,0.6390204429626465
3,4,6,late,280,0.08625889731547087,0.03849652419548422,0.4983378439189567,0.07423966140262983,0.001208499656058848,0.605599045753479
3,4,7,late,280,0.00424329449558251,0.0025736197001375027,0.5068214542735534,0.07525454781255575,0.0012922438327223063,0.617935299873352
3,4,8,late,280,0.004689364668309355,0.0016329563181150645,0.6445299703174636,0.09197250573342043,0.0018466954352334142,0.7444786429405212
3,4,9,late,280,0.01293513816268437,0.004392395229973583,0.45420293540519197,0.06616915701725064,0.0010835077846422791,0.5600488185882568
3,4,10,late,280,0.03505899429413819,0.036268346880381615,0.595274055324262,0.08296642322853248,0.0014333000872284174,0.6885676980018616
3,4,11,late,280,0.008506554976499688,0.0074409320619002834,0.5938899208783238,0.08082150274884378,0.0013938460033386946,0.6737143397331238
3,4,12,late,280,0.14228196491192516,0.04681138682063131,0.540479534352614,0.07752338718842416,0.001217775046825409,0.6239601373672485
3,4,13,late,280,0.22300860002806994,0.019184964459311518,0.6044231684238184,0.08266258392827916,0.0014294744469225407,0.6879420280456543
3,4,14,late,280,0.09235499306603805,0.01725871644477002,0.6924111145785511,0.09367426455791032,0.001825168845243752,0.7711466550827026
3,4,16,late,280,0.002961917400636731,0.001772334781115954,0.6924111145785511,0.09367426455791032,0.001825168845243752,0.7711466550827026
3,5,1,late,280,0.15170070591106674,0.029935224598297,0.48133957986054676,0.06329487176510162,0.0014015443157404661,0.595760703086853
3,5,2,late,280,0.08312714011334091,0.027080195288201384,0.4992196905239585,0.06632379917699953,0.0013511736178770661,0.6195889711380005
3,5,3,late,280,0.02761383248193987,0.008225659881850493,0.4923641746381431,0.06957301879354977,0.0011481094406917691,0.5957231521606445
3,5,4,late,280,0.003476473940355871,0.0021497470750992957,0.48511486038208074,0.06696466926032142,0.0011955940863117576,0.6024774312973022
3,5,5,late,280,0.12178212823394173,0.04168771556003161,0.4925427183338408,0.06824887613823616,0.0012330419849604368,0.6139225363731384
3,5,6,late,280,0.08625889731547087,0.03849652419548422,0.46493311255056013,0.06635368548931295,0.001168687827885151,0.5813877582550049
3,5,7,late,280,0.00424329449558251,0.0025736197001375027,0.4734247260631361,0.06753541003199462,0.0012486462946981192,0.5939736366271973
3,5,8,late,280,0.004689364668309355,0.0016329563181150645,0.6137857972714951,0.0860611812716317,0.0017858970677480102,0.7147111296653748
3,5,9,late,280,0.01293513816268437,0.004392395229973583,0.4213807482609159,0.05943966721359929,0.001030730432830751,0.5359171628952026
3,5,10,late,280,0.03505899429413819,0.036268346880381615,0.55570827474959,0.07578896484035337,0.0013726818142458797,0.6451910734176636
3,5,11,late,280,0.008506554976499688,0.0074409320619002834,0.5533262078105639,0.07368906947175471,0.0013298322446644306,0.6328790187835693
3,5,12,late,280,0.14228196491192516,0.04681138682063131,0.49885232258737755,0.06960017345515021,0.0011618376011028886,0.5792140960693359
3,5,13,late,280,0.22300860002806994,0.019184964459311518,0.5631435102849667,0.0758827566152301,0.0013764026807621121,0.6456814408302307
3,5,14,late,280,0.09235499306603805,0.01725871644477002,0.6563102864735161,0.08959013721029205,0.0017623023595660925,0.7403984665870667
3,5,16,late,280,0.002961917400636731,0.001772334781115954,0.6563102864735161,0.08959013721029205,0.0017623023595660925,0.7403984665870667
3,6,1,late,280,0.15170070591106674,0.029935224598297,0.47131329966151886,0.06364205462324851,0.0012933982070535421,0.5776038765907288
3,6,2,late,280,0.08312714011334091,0.027080195288201384,0.49905920436306456,0.06706201653029895,0.0013011439004912972,0.6133404970169067
3,6,3,late,280,0.02761383248193987,0.008225659881850493,0.49203117897559423,0.07031224453032922,0.0011055903742089868,0.5882237553596497
3,6,4,late,280,0.003476473940355871,0.0021497470750992957,0.4847534730302868,0.0665005864312136,0.0011513184290379286,0.5961310267448425
3,6,5,late,280,0.12178212823394173,0.04168771556003161,0.4916228385837582,0.0671837677088985,0.0011833395110443234,0.6068257689476013
3,6,6,late,280,0.08625889731547087,0.03849652419548422,0.46398667358776685,0.0648324206367956,0.0011215765262022614,0.574107825756073
3,6,7,late,280,0.00424329449558251,0.0025736197001375027,0.4764051066844591,0.06596582625535911,0.001235324889421463,0.5906347632408142
3,6,8,late,280,0.004689364668309355,0.0016329563181150645,0.6381847375671246,0.08560187831320039,0.0019923096988350153,0.7387165427207947
3,6,9,late,280,0.01293513816268437,0.004392395229973583,0.4192249004109596,0.057700794831313795,0.0010087009286507964,0.533944845199585
3,6,10,late,280,0.03505899429413819,0.036268346880381615,0.5516342248871556,0.07354847147922115,0.0013175976928323507,0.635735273361206
3,6,11,late,280,0.008506554976499688,0.0074409320619002834,0.5498514617693477,0.07205314005228708,0.0012850704370066524,0.6291444301605225
3,6,12,late,280,0.14228196491192516,0.04681138682063131,0.490246160865146,0.06737635285260636,0.0011126820463687181,0.5692554116249084
3,6,13,late,280,0.22300860002806994,0.019184964459311518,0.5444057917966607,0.07254833156987626,0.001271591056138277,0.627288818359375
3,6,14,late,280,0.09235499306603805,0.01725871644477002,0.641293206746507,0.09100592107902841,0.0016454268479719758,0.7371291518211365
3,6,16,late,280,0.002961917400636731,0.001772334781115954,0.641293206746507,0.09100592107902841,0.0016454268479719758,0.7371291518211365
3,7,1,late,280,0.15170070591106674,0.029935224598297,0.44605856595028726,0.05731583150199699,0.0012662423541769385,0.5364171266555786
3,7,2,late,280,0.08312714011334091,0.027080195288201384,0.4585483842092799,0.06058770974547273,0.0012189105618745089,0.5500475168228149
3,7,3,late,280,0.02761383248193987,0.008225659881850493,0.43554600417389466,0.06105692290346133,0.0009761893888935447,0.5316603779792786
3,7,4,late,280,0.003476473940355871,0.0021497470750992957,0.4576101345928951,0.0619670977161234,0.001074186060577631,0.5565586686134338
3,7,5,late,280,0.12178212823394173,0.04168771556003161,0.4625731519934821,0.06284253369843673,0.0011040637036785483,0.565163254737854
3,7,6,late,280,0.08625889731547087,0.03849652419548422,0.42174514610835884,0.05933105331714353,0.0010083286324515939,0.5177898406982422
3,7,7,late,280,0.00424329449558251,0.0025736197001375027,0.4339645868932296,0.06016348740092863,0.0010824615601450205,0.5347311496734619
3,7,8,late,280,0.004689364668309355,0.0016329563181150645,0.6054015750901142,0.08016957838316928,0.0018335459753870964,0.6989195942878723
3,7,9,late,280,0.01293513816268437,0.004392395229973583,0.3879961302508101,0.05244293072356332,0.00090323033509776,0.48808717727661133
3,7,10,late,280,0.03505899429413819,0.036268346880381615,0.531942838852826,0.06989731061526018,0.0013202349655330181,0.6097297668457031
3,7,11,late,280,0.008506554976499688,0.0074409320619002834,0.5280676323009954,0.06880294352170631,0.0012919848086312413,0.6003832817077637
3,7,12,late,280,0.14228196491192516,0.04681138682063131,0.4648465301009959,0.06339922438101149,0.0011186698684468865,0.5357767343521118
3,7,13,late,280,0.22300860002806994,0.019184964459311518,0.5116743565308363,0.06810111005153077,0.0011992576764896512,0.5755009651184082
3,7,14,late,280,0.09235499306603805,0.01725871644477002,0.5830975257820683,0.08804174921856209,0.0014698948943987489,0.6770665049552917
3,7,16,late,280,0.002961917400636731,0.001772334781115954,0.5830975257820683,0.08804174921856209,0.0014698948943987489,0.6770665049552917
3,8,1,late,280,0.15170070591106674,0.029935224598297,0.3179408395754373,0.04422251458025987,0.0010541229275986552,0.41131627559661865
3,8,2,late,280,0.08312714011334091,0.027080195288201384,0.31726479960239623,0.044794820008859815,0.001003200770355761,0.4141559302806854
3,8,3,late,280,0.02761383248193987,0.008225659881850493,0.30207384567953083,0.0461284378867726,0.0008285740041173995,0.41102033853530884
3,8,4,late,280,0.003476473940355871,0.0021497470750992957,0.3209974713592341,0.04649016740908328,0.0009082997567020357,0.4346410036087036
3,8,5,late,280,0.12178212823394173,0.04168771556003161,0.31821430972028925,0.045993179301291424,0.0009335677605122328,0.4288822412490845
3,8,6,late,280,0.08625889731547087,0.03849652419548422,0.2796926883456763,0.042812341790883245,0.0008240976021625102,0.38501787185668945
3,8,7,late,280,0.00424329449558251,0.0025736197001375027,0.2899481436701275,0.04430622758037479,0.000882801425177604,0.38843539357185364
3,8,8,late,280,0.004689364668309355,0.0016329563181150645,0.45504946465163293,0.06448134315983285,0.0015231284778565168,0.5609196424484253
3,8,9,late,280,0.01293513816268437,0.004392395229973583,0.25142326002179677,0.03579911236171267,0.0007503200322389603,0.3423832654953003
3,8,10,late,280,0.03505899429413819,0.036268346880381615,0.4582516214847731,0.06184759740465373,0.001306632300838828,0.5526164770126343
3,8,11,late,280,0.008506554976499688,0.0074409320619002834,0.4763850548080102,0.06289944647410557,0.0012875795364379883,0.5743700265884399
3,8,12,late,280,0.14228196491192516,0.04681138682063131,0.3850069841673498,0.05391075249701569,0.0011168327182531357,0.4713188409805298
3,8,13,late,280,0.22300860002806994,0.019184964459311518,0.3814643458109848,0.05487766766646113,0.0011937891831621528,0.45341426134109497
3,8,14,late,280,0.09235499306603805,0.01725871644477002,0.44186940599049973,0.07905140419468588,0.001463194377720356,0.5407634377479553
3,8,16,late,280,0.002961917400636731,0.001772334781115954,0.44186940599049973,0.07905140419468588,0.001463194377720356,0.5407634377479553
3,9,1,late,280,0.15170070591106674,0.029935224598297,0.5276284055871656,0.06656380827774666,0.0017223900649696589,0.6200875043869019
3,9,2,late,280,0.08312714011334091,0.027080195288201384,0.5282908741372272,0.06835400477540023,0.0016392384422942996,0.6198631525039673
3,9,3,late,280,0.02761383248193987,0.008225659881850493,0.504591115095952,0.06882130315320052,0.0013304746244102716,0.5804210901260376
3,9,4,late,280,0.003476473940355871,0.0021497470750992957,0.544799643659748,0.07079721328584368,0.0015613805735483766,0.6392595767974854
3,9,5,late,280,0.12178212823394173,0.04168771556003161,0.5305022354054797,0.06979564678749396,0.0015305192209780216,0.6282590627670288
3,9,6,late,280,0.08625889731547087,0.03849652419548422,0.4990541451980659,0.06817759496613937,0.0014431799063459039,0.595184862613678
3,9,7,late,280,0.00424329449558251,0.0025736197001375027,0.5050890664736342,0.06976963141478404,0.0014910444151610136,0.6069029569625854
3,9,8,late,280,0.004689364668309355,0.0016329563181150645,0.6593526638312531,0.08646088648905628,0.0023252046667039394,0.7403961420059204
3,9,9,late,280,0.01293513816268437,0.004392395229973583,0.44277922218898313,0.062245353519900425,0.0011542020365595818,0.5396316647529602
3,9,10,late,280,0.03505899429413819,0.036268346880381615,0.5870862227847933,0.07899966164969333,0.0015956440474838018,0.6581165790557861
3,9,11,late,280,0.008506554976499688,0.0074409320619002834,0.5847090984690502,0.07864326643392279,0.0015782733680680394,0.6656989455223083
3,9,12,late,280,0.14228196491192516,0.04681138682063131,0.5143931556779925,0.07546304238073959,0.001421700231730938,0.5936728715896606
3,9,13,late,280,0.22300860002806994,0.019184964459311518,0.5019739820705061,0.07664257526860911,0.0015027010813355446,0.5981000065803528
3,9,14,late,280,0.09235499306603805,0.01725871644477002,0.5627258795629522,0.09989949076135783,0.0019018249586224556,0.6866427659988403
3,9,16,late,280,0.002961917400636731,0.001772334781115954,0.5627258795629522,0.09989949076135783,0.0019018249586224556,0.6866427659988403
3,10,1,late,280,0.15170070591106674,0.029935224598297,0.4133235705700437,0.05425140089536014,0.0012732120230793953,0.49395379424095154
3,10,2,late,280,0.08312714011334091,0.027080195288201384,0.40575581925929455,0.05547055017595761,0.001193786389194429,0.4883181154727936
3,10,3,late,280,0.02761383248193987,0.008225659881850493,0.3724080046189816,0.055067486046873004,0.0009477296844124794,0.45322614908218384
3,10,4,late,280,0.003476473940355871,0.0021497470750992957,0.4099201296730566,0.05711656683513587,0.0010903483489528298,0.4950629472732544
3,10,5,late,280,0.12178212823394173,0.04168771556003161,0.3829141042378199,0.05390646832008609,0.0010257409885525703,0.47147512435913086
3,10,6,late,280,0.08625889731547087,0.03849652419548422,0.3239852007998187,0.049997205362193424,0.000804889714345336,0.4051118493080139
3,10,7,late,280,0.00424329449558251,0.0025736197001375027,0.33690996105537385,0.05277304441113948,0.0008415353368036449,0.4244946539402008
3,10,8,late,280,0.004689364668309355,0.0016329563181150645,0.49657569680337993,0.07343922473904235,0.001349798054434359,0.5908633470535278
3,10,9,late,280,0.01293513816268437,0.004392395229973583,0.2864780685766683,0.04577988148953226,0.0006636246107518673,0.3724706768989563
3,10,10,late,280,0.03505899429413819,0.036268346880381615,0.4709963897110096,0.06821793830252237,0.001037474488839507,0.5538578629493713
3,10,11,late,280,0.008506554976499688,0.0074409320619002834,0.4738270326858453,0.0699685776870978,0.0010538602946326137,0.5644811987876892
3,10,12,late,280,0.14228196491192516,0.04681138682063131,0.4053616022256652,0.0675962076188002,0.0009681733208708465,0.49954336881637573
3,10,13,late,280,0.22300860002806994,0.019184964459311518,0.39221893840336375,0.0707042673671406,0.000980944256298244,0.5032222867012024
3,10,14,late,280,0.09235499306603805,0.01725871644477002,0.4535249166140732,0.09926587809118129,0.001285102218389511,0.5888668894767761
3,10,16,late,280,0.002961917400636731,0.001772334781115954,0.4535249166140732,0.09926587809118129,0.001285102218389511,0.5888668894767761
3,11,1,late,280,0.15170070591106674,0.029935224598297,0.44932996658608315,0.060212680937774536,0.0014260528841987252,0.5449703931808472
3,11,2,late,280,0.08312714011334091,0.027080195288201384,0.43720954064213274,0.060292566091752806,0.0013186471769586205,0.5306378602981567
3,11,3,late,280,0.02761383248193987,0.008225659881850493,0.4124841605034557,0.05908666999082149,0.0011438151123002172,0.4893609583377838
3,11,4,late,280,0.003476473940355871,0.0021497470750992957,0.43825841041398234,0.06088162494382523,0.0012327753938734531,0.5308738350868225
3,11,5,late,280,0.12178212823394173,0.04168771556003161,0.42107021187964294,0.05896080303637733,0.0012122639454901218,0.5183733105659485
3,11,6,late,280,0.08625889731547087,0.03849652419548422,0.3613832513186415,0.054582571738668935,0.0009719256777316332,0.4499816298484802
3,11,7,late,280,0.00424329449558251,0.0025736197001375027,0.3878310566285758,0.05908978464664269,0.0010740202851593494,0.4836418926715851
3,11,8,late,280,0.004689364668309355,0.0016329563181150645,0.5742502960139453,0.08069102849030797,0.0018635232700034976,0.6689366102218628
3,11,9,late,280,0.01293513816268437,0.004392395229973583,0.3835902638317618,0.05789637743481623,0.0010417088633403182,0.4890974462032318
3,11,10,late,280,0.03505899429413819,0.036268346880381615,0.4935045203559899,0.06951627722266861,0.0012469383655115962,0.5764831304550171
3,11,11,late,280,0.008506554976499688,0.0074409320619002834,0.4682529171180379,0.06845470056328341,0.0011229518568143249,0.5501617789268494
3,11,12,late,280,0.14228196491192516,0.04681138682063131,0.38703588254117804,0.06664636991769692,0.0009590860572643578,0.49098077416419983
3,11,13,late,280,0.22300860002806994,0.019184964459311518,0.37774495780800604,0.06946895537158902,0.0009717372013255954,0.49752146005630493
3,11,14,late,280,0.09235499306603805,0.01725871644477002,0.44230115119675506,0.09992185540125915,0.001278383657336235,0.5865417122840881
3,11,16,late,280,0.002961917400636731,0.001772334781115954,0.44230115119675506,0.09992185540125915,0.001278383657336235,0.5865417122840881
3,12,1,late,280,0.15170070591106674,0.029935224598297,0.43996369250235146,0.06096701694300915,0.0014058093074709177,0.5509807467460632
3,12,2,late,280,0.08312714011334091,0.027080195288201384,0.4347685643218158,0.059970341274052374,0.0013573502656072378,0.5461438298225403
3,12,3,late,280,0.02761383248193987,0.008225659881850493,0.41004621167459326,0.05836725512078822,0.001150979078374803,0.5064592957496643
3,12,4,late,280,0.003476473940355871,0.0021497470750992957,0.4369246651622234,0.06134329810731592,0.0012404958251863718,0.5463786721229553
3,12,5,late,280,0.12178212823394173,0.04168771556003161,0.4197399338087832,0.05887848919306345,0.0012198560871183872,0.5339285731315613
3,12,6,late,280,0.08625889731547087,0.03849652419548422,0.36011412660965497,0.054361747545209754,0.00097801408264786,0.46546807885169983
3,12,7,late,280,0.00424329449558251,0.0025736197001375027,0.37905321750565363,0.058612208441444116,0.0010459248442202806,0.49103957414627075
3,12,8,late,280,0.004689364668309355,0.0016329563181150645,0.5765876647550613,0.08180443863415925,0.0018821241101250052,0.6847251057624817
3,12,9,late,280,0.01293513816268437,0.004392395229973583,0.3880306681169064,0.05797638406126062,0.0010762627935037017,0.5094062089920044
3,12,10,late,280,0.03505899429413819,0.036268346880381615,0.5347875044319412,0.07337813252540241,0.0013441938208416104,0.6370741724967957
3,12,11,late,280,0.008506554976499688,0.0074409320619002834,0.533454611361958,0.07266823293391726,0.001365904463455081,0.6279476284980774
3,12,12,late,280,0.14228196491192516,0.04681138682063131,0.41762636025544325,0.0645931921836498,0.0010691803181543946,0.5009345412254333
3,12,13,late,280,0.22300860002806994,0.019184964459311518,0.40735086796422754,0.06638765784312982,0.0010832827538251877,0.5048055648803711
3,12,14,late,280,0.09235499306603805,0.01725871644477002,0.46457982767523,0.09109000980452224,0.001388196018524468,0.587135374546051
3,12,16,late,280,0.002961917400636731,0.001772334781115954,0.46457982767523,0.09109000980452224,0.001388196018524468,0.587135374546051
3,13,1,late,280,0.15170070591106674,0.029935224598297,0.28191957105882465,0.047068740439135594,0.0012661947403103113,0.36439603567123413
3,13,2,late,280,0.08312714011334091,0.027080195288201384,0.2661953465888343,0.04592838551674188,0.001125919516198337,0.3551254868507385
3,13,3,late,280,0.02761383248193987,0.008225659881850493,0.23846867952005205,0.04011713829255139,0.000965916900895536,0.3088324964046478
3,13,4,late,280,0.003476473940355871,0.0021497470750992957,0.26722808617632837,0.04590203764837109,0.0010539240902289748,0.3579283654689789
3,13,5,late,280,0.12178212823394173,0.04168771556003161,0.22732626355510938,0.04143705481765929,0.00099577393848449,0.3252541124820709
3,13,6,late,280,0.08625889731547087,0.03849652419548422,0.17994253474358368,0.03976739891390164,0.0007954388274811208,0.25720643997192383
3,13,7,late,280,0.00424329449558251,0.0025736197001375027,0.1996611224298249,0.046347465440502784,0.0008697622106410563,0.2854711711406708
3,13,8,late,280,0.004689364668309355,0.0016329563181150645,0.45173762425713776,0.08822091031593557,0.0017451869789510965,0.5723777413368225
3,13,9,late,280,0.01293513816268437,0.004392395229973583,0.2783640181525178,0.061570330999016175,0.0009978993330150843,0.39893853664398193
3,13,10,late,280,0.03505899429413819,0.036268346880381615,0.3237454196700128,0.06497903012140903,0.0011101929703727365,0.4309469759464264
3,13,11,late,280,0.008506554976499688,0.0074409320619002834,0.3224583818136515,0.06519494556152457,0.0011202716268599033,0.442493200302124
3,13,12,late,280,0.14228196491192516,0.04681138682063131,0.2341888510867388,0.05554902177191953,0.0008996594115160406,0.3476642370223999
3,13,13,late,280,0.22300860002806994,0.019184964459311518,0.24206754485120266,0.05968338907557517,0.0009333573398180306,0.36125123500823975
3,13,14,late,280,0.09235499306603805,0.01725871644477002,0.27554510333492155,0.07120671389707427,0.0012008717749267817,0.43686097860336304
3,13,16,late,280,0.002961917400636731,0.001772334781115954,0.27554510333492155,0.07120671389707427,0.0012008717749267817,0.43686097860336304
3,14,1,late,280,0.15170070591106674,0.029935224598297,0.29747569984008027,0.05159870276112092,0.0013023968786001205,0.38252192735671997
3,14,2,late,280,0.08312714011334091,0.027080195288201384,0.2886745479905845,0.05092233309675534,0.0011993348598480225,0.3851231634616852
3,14,3,late,280,0.02761383248193987,0.008225659881850493,0.2643809788170204,0.042887574305395144,0.0011518789688125253,0.35124361515045166
3,14,4,late,280,0.003476473940355871,0.0021497470750992957,0.2788362191345576,0.04945805193711741,0.001114270999096334,0.3773457109928131
3,14,5,late,280,0.12178212823394173,0.04168771556003161,0.22857972940837498,0.04329577273115167,0.0009671186562627554,0.29914239048957825
3,14,6,late,280,0.08625889731547087,0.03849652419548422,0.17060194166759693,0.04439536202167281,0.0006835486274212599,0.24175532162189484
3,14,7,late,280,0.00424329449558251,0.0025736197001375027,0.18954955496488504,0.05099618284321883,0.0007474251324310899,0.27780210971832275
3,14,8,late,280,0.004689364668309355,0.0016329563181150645,0.414428737680594,0.09616481103476245,0.0013776427367702127,0.5442110300064087
3,14,9,late,280,0.01293513816268437,0.004392395229973583,0.24517332281289522,0.06136238738481031,0.0008011742029339075,0.339876264333725
3,14,10,late,280,0.03505899429413819,0.036268346880381615,0.2591533431163823,0.0656374169768589,0.0007080872310325503,0.34875550866127014
3,14,11,late,280,0.008506554976499688,0.0074409320619002834,0.25056227009377574,0.06458470187736728,0.000665741041302681,0.34039393067359924
3,14,12,late,280,0.14228196491192516,0.04681138682063131,0.17814076412531513,0.05197585097272025,0.000530865101609379,0.2667768597602844
3,14,13,late,280,0.22300860002806994,0.019184964459311518,0.17127899872263827,0.05288617324873175,0.0005016732611693442,0.29295122623443604
3,14,14,late,280,0.09235499306603805,0.01725871644477002,0.20148653688665946,0.06040025057717631,0.0006765107973478734,0.3186923563480377
3,14,16,late,280,0.002961917400636731,0.001772334781115954,0.20148653688665946,0.06040025057717631,0.0006765107973478734,0.3186923563480377
3,16,1,late,280,0.15170070591106674,0.029935224598297,0.29747569984008027,0.05159870276112092,0.0013023968786001205,0.38252192735671997
3,16,2,late,280,0.08312714011334091,0.027080195288201384,0.2886745479905845,0.05092233309675534,0.0011993348598480225,0.3851231634616852
3,16,3,late,280,0.02761383248193987,0.008225659881850493,0.2643809788170204,0.042887574305395144,0.0011518789688125253,0.35124361515045166
3,16,4,late,280,0.003476473940355871,0.0021497470750992957,0.2788362191345576,0.04945805193711741,0.001114270999096334,0.3773457109928131
3,16,5,late,280,0.12178212823394173,0.04168771556003161,0.22857972940837498,0.04329577273115167,0.0009671186562627554,0.29914239048957825
3,16,6,late,280,0.08625889731547087,0.03849652419548422,0.17060194166759693,0.04439536202167281,0.0006835486274212599,0.24175532162189484
3,16,7,late,280,0.00424329449558251,0.0025736197001375027,0.18954955496488504,0.05099618284321883,0.0007474251324310899,0.27780210971832275
3,16,8,late,280,0.004689364668309355,0.0016329563181150645,0.414428737680594,0.09616481103476245,0.0013776427367702127,0.5442110300064087
3,16,9,late,280,0.01293513816268437,0.004392395229973583,0.24517332281289522,0.06136238738481031,0.0008011742029339075,0.339876264333725
3,16,10,late,280,0.03505899429413819,0.036268346880381615,0.2591533431163823,0.0656374169768589,0.0007080872310325503,0.34875550866127014
3,16,11,late,280,0.008506554976499688,0.0074409320619002834,0.25056227009377574,0.06458470187736728,0.000665741041302681,0.34039393067359924
3,16,12,late,280,0.14228196491192516,0.04681138682063131,0.17814076412531513,0.05197585097272025,0.000530865101609379,0.2667768597602844
3,16,13,late,280,0.22300860002806994,0.019184964459311518,0.17127899872263827,0.05288617324873175,0.0005016732611693442,0.29295122623443604
3,16,14,late,280,0.09235499306603805,0.01725871644477002,0.20148653688665946,0.06040025057717631,0.0006765107973478734,0.3186923563480377
3,16,16,late,280,0.002961917400636731,0.001772334781115954,0.20148653688665946,0.06040025057717631,0.0006765107973478734,0.3186923563480377
4,1,1,late,375,0.08887370673939173,0.008751102880963126,0.7458816378290455,0.10445416778566972,0.0025211183819919825,0.8784914612770081
4,1,2,late,375,0.18848414188772497,0.043377519866466825,0.7453388321263095,0.10573011493648213,0.0023999002296477556,0.8909085988998413
4,1,3,late,375,0.019730996164041305,0.006010898641996369,0.6799885136354714,0.10266614575794641,0.0017933318158611655,0.8451182842254639
4,1,4,late,375,0.008102971062560117,0.005157360616854645,0.7506828828826546,0.10835269202980877,0.0023959751706570387,0.9040650725364685
4,1,5,late,375,0.11735582931998054,0.018452918955992614,0.7527463055308908,0.10962168534481916,0.00229449151083827,0.907730221748352
4,1,6,late,375,0.16032464144400627,0.02922314344150916,0.7406111580512176,0.11072662044412017,0.0022352703381329775,0.9034486413002014
4,1,7,late,375,0.008324894788495511,0.00514864162848485,0.7430368432601293,0.10901824437726423,0.0023910575546324253,0.8987733125686646
4,1,8,late,375,0.008562489287344047,0.004847629881435319,0.8086132083851844,0.11227507825011344,0.0030965188052505255,0.9356766939163208
4,1,9,late,375,0.012763350367808443,0.007345025084863688,0.7306835031422476,0.10655036966803065,0.0021127737127244473,0.8899723291397095
4,1,10,late,375,0.01826771239844164,0.0069974033074331485,0.781911968473345,0.11072258612717314,0.00247487286105752,0.9249022603034973
4,1,11,late,375,0.010536512832355157,0.006405291032596597,0.7672651966090004,0.1100044916246906,0.0024055109824985266,0.9176189303398132
4,1,12,late,375,0.05031805076951033,0.009045301720954975,0.7436767188776284,0.11041763600126185,0.0022487426176667213,0.9062353372573853
4,1,13,late,375,0.28314975813112897,0.03659708004593001,0.7916347590144723,0.1138818433372003,0.002763776807114482,0.934516429901123
4,1,14,late,375,0.017441964119974143,0.007269816764704331,0.8592974716232469,0.11595951072142507,0.003897483693435788,0.9628404974937439
4,1,16,late,375,0.007762980687236836,0.0051107503596419124,0.8592974716232469,0.11595951072142507,0.003897483693435788,0.9628404974937439
4,2,1,late,375,0.08887370673939173,0.008751102880963126,0.6856829012886931,0.11060678501601277,0.002158974763005972,0.8620255589485168
4,2,2,late,375,0.18848414188772497,0.043377519866466825,0.7095387711549799,0.1077192685487569,0.002292423974722624,0.881193220615387
4,2,3,late,375,0.019730996164041305,0.006010898641996369,0.6347700009333591,0.10698468750542553,0.0016712306533008814,0.8301492929458618
4,2,4,late,375,0.008102971062560117,0.005157360616854645,0.7116082476551334,0.1105004964400255,0.002187845529988408,0.8952713012695312
4,2,5,late,375,0.11735582931998054,0.018452918955992614,0.7142059492977957,0.11107544947801856,0.0021141949109733105,0.8974253535270691
4,2,6,late,375,0.16032464144400627,0.02922314344150916,0.7039099269857009,0.11279255823635712,0.0020706416107714176,0.8937988877296448
4,2,7,late,375,0.008324894788495511,0.00514864162848485,0.7084288143943995,0.11015819054649073,0.0022298693656921387,0.890565812587738
4,2,8,late,375,0.008562489287344047,0.004847629881435319,0.7882377909291536,0.11232439174664278,0.0030021327547729015,0.933098554611206
4,2,9,late,375,0.012763350367808443,0.007345025084863688,0.6787473632767796,0.10745139025193186,0.0018284651450812817,0.8705503344535828
4,2,10,late,375,0.01826771239844164,0.0069974033074331485,0.7644695601978649,0.11041608714679786,0.0024402912240475416,0.9224608540534973
4,2,11,late,375,0.010536512832355157,0.006405291032596597,0.7475089683240901,0.1092293881464911,0.0023515229113399982,0.9140797853469849
4,2,12,late,375,0.05031805076951033,0.009045301720954975,0.7225606843767067,0.11004888847431754,0.0021982653997838497,0.902259111404419
4,2,13,late,375,0.28314975813112897,0.03659708004593001,0.780572681405892,0.11284302617058822,0.0028274203650653362,0.9313920736312866
4,2,14,late,375,0.017441964119974143,0.007269816764704331,0.8660144373091558,0.11568231825625981,0.004219853784888983,0.9638289213180542
4,2,16,late,375,0.007762980687236836,0.0051107503596419124,0.8660144373091558,0.11568231825625981,0.004219853784888983,0.9638289213180542
4,3,1,late,375,0.08887370673939173,0.008751102880963126,0.672796824776878,0.11293387655616392,0.002088718581944704,0.8623573780059814
4,3,2,late,375,0.18848414188772497,0.043377519866466825,0.6933714541817705,0.10897391143959648,0.0022178348153829575,0.8729368448257446
4,3,3,late,375,0.019730996164041305,0.006010898641996369,0.6205837714343021,0.1084911893812528,0.001638196175917983,0.825108528137207
4,3,4,late,375,0.008102971062560117,0.005157360616854645,0.6996900667951753,0.11164265099668093,0.0021446202881634235,0.8922252655029297
4,3,5,late,375,0.11735582931998054,0.018452918955992614,0.7030072574224323,0.11192201656578554,0.0021097902208566666,0.894302248954773
4,3,6,late,375,0.16032464144400627,0.02922314344150916,0.6937147263778994,0.11330023797937624,0.0020813350565731525,0.8896209597587585
4,3,7,late,375,0.008324894788495511,0.00514864162848485,0.6981827870514243,0.11074444982704032,0.002241383073851466,0.88627690076828
4,3,8,late,375,0.008562489287344047,0.004847629881435319,0.7856799459854762,0.11308133418520619,0.003130807541310787,0.9327018857002258
4,3,9,late,375,0.012763350367808443,0.007345025084863688,0.6681812991152207,0.10684490257820398,0.0018379110842943192,0.8655953407287598
4,3,10,late,375,0.01826771239844164,0.0069974033074331485,0.7566063995156437,0.11109671672590098,0.002417447743937373,0.9191446900367737
4,3,11,late,375,0.010536512832355157,0.006405291032596597,0.7504395999430369,0.11027343672294976,0.0023729121312499046,0.914271891117096
4,3,12,late,375,0.05031805076951033,0.009045301720954975,0.7113585337431481,0.11021783315285741,0.002148117171600461,0.8959530591964722
4,3,13,late,375,0.28314975813112897,0.03659708004593001,0.7683728183514128,0.11352718990211984,0.0026345141232013702,0.926504909992218
4,3,14,late,375,0.017441964119974143,0.007269816764704331,0.8578187575700382,0.11573002371060387,0.003935638815164566,0.9611559510231018
4,3,16,late,375,0.007762980687236836,0.0051107503596419124,0.8578187575700382,0.11573002371060387,0.003935638815164566,0.9611559510231018
4,4,1,late,375,0.08887370673939173,0.008751102880963126,0.6654295319560916,0.10919768896192938,0.002123437821865082,0.844423770904541
4,4,2,late,375,0.18848414188772497,0.043377519866466825,0.6855990552560737,0.10497547188446389,0.0022444799542427063,0.8534581661224365
4,4,3,late,375,0.019730996164041305,0.006010898641996369,0.6168997465623542,0.10305375050783085,0.0017473498592153192,0.8012781143188477
4,4,4,late,375,0.008102971062560117,0.005157360616854645,0.6942880457441012,0.10714063339490106,0.002184126293286681,0.8683345317840576
4,4,5,late,375,0.11735582931998054,0.018452918955992614,0.6991186243034899,0.10775051846163783,0.0021638607140630484,0.8717325329780579
4,4,6,late,375,0.16032464144400627,0.02922314344150916,0.6903101868548741,0.1074602363860267,0.0021473609376698732,0.8599691987037659
4,4,7,late,375,0.008324894788495511,0.00514864162848485,0.6953605220665534,0.10537331193318623,0.0023126043379306793,0.8639824986457825
4,4,8,late,375,0.008562489287344047,0.004847629881435319,0.7835730323009193,0.11014326384598912,0.0032156070228666067,0.9191187024116516
4,4,9,late,375,0.012763350367808443,0.007345025084863688,0.6643077050745487,0.10135553687104672,0.0018877569818869233,0.8407794833183289
4,4,10,late,375,0.01826771239844164,0.0069974033074331485,0.7531753475237638,0.10689853340427478,0.0024829721078276634,0.8995311260223389
4,4,11,late,375,0.010536512832355157,0.006405291032596597,0.7434037247778227,0.10500056573465778,0.002371617592871189,0.8884232640266418
4,4,12,late,375,0.05031805076951033,0.009045301720954975,0.6960358585342765,0.10368991029422303,0.00211689667776227,0.8629512190818787
4,4,13,late,375,0.28314975813112897,0.03659708004593001,0.7491828252486885,0.10870839294097705,0.002609034301713109,0.8940765261650085
4,4,14,late,375,0.017441964119974143,0.007269816764704331,0.8447373383268714,0.11310355144720861,0.0038948096334934235,0.9424561262130737
4,4,16,late,375,0.007762980687236836,0.0051107503596419124,0.8447373383268714,0.11310355144720861,0.0038948096334934235,0.9424561262130737
4,5,1,late,375,0.08887370673939173,0.008751102880963126,0.6418175729680806,0.10714618235983442,0.002020572079345584,0.8126132488250732
4,5,2,late,375,0.18848414188772497,0.043377519866466825,0.661966448382785,0.10210913133903658,0.0021357627119868994,0.8226156830787659
4,5,3,late,375,0.019730996164041305,0.006010898641996369,0.5962268237670263,0.10056577796841563,0.0016847413498908281,0.7691364288330078
4,5,4,late,375,0.008102971062560117,0.005157360616854645,0.6652425121807803,0.10405869668657976,0.002000354463234544,0.8369219899177551
4,5,5,late,375,0.11735582931998054,0.018452918955992614,0.6803435754595946,0.1051364790047242,0.0020645768381655216,0.8472952246665955
4,5,6,late,375,0.16032464144400627,0.02922314344150916,0.672644248402367,0.10469767527356338,0.002063004532828927,0.8346736431121826
4,5,7,late,375,0.008324894788495511,0.00514864162848485,0.6778612707859526,0.10233463932144336,0.0022217710502445698,0.8392764329910278
4,5,8,late,375,0.008562489287344047,0.004847629881435319,0.7692511169674496,0.10809184921150108,0.003089414443820715,0.9033066630363464
4,5,9,late,375,0.012763350367808443,0.007345025084863688,0.6455406884240608,0.09797878122232456,0.0018188977846875787,0.8132180571556091
4,5,10,late,375,0.01826771239844164,0.0069974033074331485,0.7320710072498768,0.10396254640114584,0.0023624033201485872,0.8773050904273987
4,5,11,late,375,0.010536512832355157,0.006405291032596597,0.7156591129209846,0.1011461869349196,0.002183029195293784,0.8604546785354614
4,5,12,late,375,0.05031805076951033,0.009045301720954975,0.6651769274727751,0.09909674448317449,0.0019485227530822158,0.8298207521438599
4,5,13,late,375,0.28314975813112897,0.03659708004593001,0.7185986048380534,0.1054110703643667,0.0024011984933167696,0.867076575756073
4,5,14,late,375,0.017441964119974143,0.007269816764704331,0.8243843447292845,0.11151575993766484,0.0035765296779572964,0.9269662499427795
4,5,16,late,375,0.007762980687236836,0.0051107503596419124,0.8243843447292845,0.11151575993766484,0.0035765296779572964,0.9269662499427795
4,6,1,late,375,0.08887370673939173,0.008751102880963126,0.6426165829822421,0.10874164320869961,0.001983152935281396,0.8182621002197266
4,6,2,late,375,0.18848414188772497,0.043377519866466825,0.6687044758896032,0.10232985396860614,0.002125807572156191,0.8238908052444458
4,6,3,late,375,0.019730996164041305,0.006010898641996369,0.602612043112206,0.1014504774683917,0.0016768848290666938,0.7739830613136292
4,6,4,late,375,0.008102971062560117,0.005157360616854645,0.6711772610017409,0.10385393316628962,0.001991029130294919,0.8380250334739685
4,6,5,late,375,0.11735582931998054,0.018452918955992614,0.6857463245081404,0.10488594422133529,0.0020479641389101744,0.8479011058807373
4,6,6,late,375,0.16032464144400627,0.02922314344150916,0.6781705433024714,0.10411410571871249,0.0020464046392589808,0.8353198766708374
4,6,7,late,375,0.008324894788495511,0.00514864162848485,0.6863673545451214,0.10233935633025222,0.0022393963299691677,0.8420498371124268
4,6,8,late,375,0.008562489287344047,0.004847629881435319,0.7896373924898604,0.10871642423340774,0.003405860625207424,0.9119850397109985
4,6,9,late,375,0.012763350367808443,0.007345025084863688,0.6495385465280463,0.09846045880884222,0.001804586499929428,0.8131065368652344
4,6,10,late,375,0.01826771239844164,0.0069974033074331485,0.7345119417440146,0.10327182247215055,0.002343825763091445,0.8756189346313477
4,6,11,late,375,0.010536512832355157,0.006405291032596597,0.7185238038258006,0.10038005426873235,0.0021804464049637318,0.8585741519927979
4,6,12,late,375,0.05031805076951033,0.009045301720954975,0.6622740071515242,0.0962741365238748,0.0019288237672299147,0.8185968995094299
4,6,13,late,375,0.28314975813112897,0.03659708004593001,0.7053385528450211,0.10108384971832789,0.0022541594225913286,0.8508856296539307
4,6,14,late,375,0.017441964119974143,0.007269816764704331,0.8143084203799565,0.11000889369347663,0.0033360302913933992,0.917087733745575
4,6,16,late,375,0.007762980687236836,0.0051107503596419124,0.8143084203799565,0.11000889369347663,0.0033360302913933992,0.917087733745575
4,7,1,late,375,0.08887370673939173,0.008751102880963126,0.6184949942256014,0.11190250591673638,0.0017973840003833175,0.8070626854896545
4,7,2,late,375,0.18848414188772497,0.043377519866466825,0.6378687650542706,0.10019342527671858,0.0018740908708423376,0.794562816619873
4,7,3,late,375,0.019730996164041305,0.006010898641996369,0.5521042688377201,0.09866543559238986,0.0013933384325355291,0.730853259563446
4,7,4,late,375,0.008102971062560117,0.005157360616854645,0.6335451980680227,0.10121458205525885,0.0017114921938627958,0.8061596751213074
4,7,5,late,375,0.11735582931998054,0.018452918955992614,0.6481260226170222,0.10218836495728303,0.0017604479799047112,0.8161070942878723
4,7,6,late,375,0.16032464144400627,0.02922314344150916,0.6272543978101264,0.09818155683701976,0.0017115166410803795,0.7860799431800842
4,7,7,late,375,0.008324894788495511,0.00514864162848485,0.6380814219638705,0.09845770490025167,0.0018729852745309472,0.8021172285079956
4,7,8,late,375,0.008562489287344047,0.004847629881435319,0.7579808467912177,0.10634366124649927,0.0029365052469074726,0.8912516236305237
4,7,9,late,375,0.012763350367808443,0.007345025084863688,0.6088817099453881,0.09523947421568153,0.0015766661381348968,0.7771783471107483
4,7,10,late,375,0.01826771239844164,0.0069974033074331485,0.7152990360663583,0.10138927109785845,0.0022158361971378326,0.8598818778991699
4,7,11,late,375,0.010536512832355157,0.006405291032596597,0.6976694440953434,0.09783448669361412,0.002061359817162156,0.8396283984184265
4,7,12,late,375,0.05031805076951033,0.009045301720954975,0.635989596137777,0.09296732549832955,0.0018234547460451722,0.7932882905006409
4,7,13,late,375,0.28314975813112897,0.03659708004593001,0.6696047018133103,0.09830989791628227,0.0019991828594356775,0.8262066841125488
4,7,14,late,375,0.017441964119974143,0.007269816764704331,0.7691569783998032,0.10725399773587671,0.0028029587119817734,0.8910586833953857
4,7,16,late,375,0.007762980687236836,0.0051107503596419124,0.7691569783998032,0.10725399773587671,0.0028029587119817734,0.8910586833953857
4,8,1,late,375,0.08887370673939173,0.008751102880963126,0.5053289828551933,0.11475255515747684,0.001565541373565793,0.7353065013885498
4,8,2,late,375,0.18848414188772497,0.043377519866466825,0.5195889245097836,0.0969053597429347,0.001613863161765039,0.7100741863250732
4,8,3,late,375,0.019730996164041305,0.006010898641996369,0.43577685389574616,0.09521766856491479,0.0012373656500130892,0.6418124437332153
4,8,4,late,375,0.008102971062560117,0.005157360616854645,0.5194946812074631,0.09790093039044832,0.0015141856856644154,0.7194480895996094
4,8,5,late,375,0.11735582931998054,0.018452918955992614,0.5276631538157041,0.09839222299155549,0.001557506388053298,0.725477397441864
4,8,6,late,375,0.16032464144400627,0.02922314344150916,0.5002638144136096,0.09297927042003566,0.0014636130072176456,0.6896247863769531
4,8,7,late,375,0.008324894788495511,0.00514864162848485,0.5119602788062766,0.09448040844813839,0.0016017312882468104,0.7102276086807251
4,8,8,late,375,0.008562489287344047,0.004847629881435319,0.6613162293626617,0.10345714142442053,0.0025578702334314585,0.8364948034286499
4,8,9,late,375,0.012763350367808443,0.007345025084863688,0.48405460102328407,0.08932702886514143,0.001373128965497017,0.6762567758560181
4,8,10,late,375,0.01826771239844164,0.0069974033074331485,0.6580166153280685,0.09865142705508592,0.0021986428182572126,0.8209277987480164
4,8,11,late,375,0.010536512832355157,0.006405291032596597,0.6595870940188567,0.09488725455149506,0.0020579767879098654,0.8100453019142151
4,8,12,late,375,0.05031805076951033,0.009045301720954975,0.5677636917314182,0.08761379222836262,0.0018204620573669672,0.7404448390007019
4,8,13,late,375,0.28314975813112897,0.03659708004593001,0.5562283012662083,0.08906750225536103,0.001990074058994651,0.7354558110237122
4,8,14,late,375,0.017441964119974143,0.007269816764704331,0.6697988568736861,0.10184130889612923,0.0027901981957256794,0.8249042630195618
4,8,16,late,375,0.007762980687236836,0.0051107503596419124,0.6697988568736861,0.10184130889612923,0.0027901981957256794,0.8249042630195618
4,9,1,late,375,0.08887370673939173,0.008751102880963126,0.6727904468464355,0.1128753682838367,0.002408341271802783,0.8507078289985657
4,9,2,late,375,0.18848414188772497,0.043377519866466825,0.6860916119869799,0.1035917813069865,0.0024994108825922012,0.8369207978248596
4,9,3,late,375,0.019730996164041305,0.006010898641996369,0.6044808492648105,0.10312826358080136,0.0018833723152056336,0.7838920950889587
4,9,4,late,375,0.008102971062560117,0.005157360616854645,0.696309321752439,0.10466487773804357,0.0024669102858752012,0.8532808423042297
4,9,5,late,375,0.11735582931998054,0.018452918955992614,0.6937615052095304,0.10480048432881671,0.002420094097033143,0.8510904312133789
4,9,6,late,375,0.16032464144400627,0.02922314344150916,0.6827605610601604,0.10265627283698077,0.0024290820583701134,0.8358762264251709
4,9,7,late,375,0.008324894788495511,0.00514864162848485,0.685228343664358,0.10263584390546217,0.002527795732021332,0.8461934924125671
4,9,8,late,375,0.008562489287344047,0.004847629881435319,0.7870678449906409,0.10857424873626893,0.0036819863598793745,0.9153380393981934
4,9,9,late,375,0.012763350367808443,0.007345025084863688,0.6444734670178344,0.09963221951913527,0.001977614127099514,0.8153075575828552
4,9,10,late,375,0.01826771239844164,0.0069974033074331485,0.7441651139147579,0.10382102412042592,0.002657618373632431,0.8839444518089294
4,9,11,late,375,0.010536512832355157,0.006405291032596597,0.7306643429932494,0.10049984984808623,0.0025063143111765385,0.8660666346549988
4,9,12,late,375,0.05031805076951033,0.009045301720954975,0.6721747327428311,0.09510387830618008,0.0023064755368977785,0.8209177255630493
4,9,13,late,375,0.28314975813112897,0.03659708004593001,0.6576799491718411,0.09605615209608555,0.002493191510438919,0.8125163316726685
4,9,14,late,375,0.017441964119974143,0.007269816764704331,0.7576933835844198,0.10598657354778798,0.0035944257397204638,0.8858357667922974
4,9,16,late,375,0.007762980687236836,0.0051107503596419124,0.7576933835844198,0.10598657354778798,0.0035944257397204638,0.8858357667922974
4,10,1,late,375,0.08887370673939173,0.008751102880963126,0.5395030284496024,0.11286954569349296,0.001674411236308515,0.7653473019599915
4,10,2,late,375,0.18848414188772497,0.043377519866466825,0.5493194358550633,0.09792688247714637,0.0017692223191261292,0.7378936409950256
4,10,3,late,375,0.019730996164041305,0.006010898641996369,0.44253069288811336,0.09191498661178216,0.0012518520234152675,0.6315340995788574
4,10,4,late,375,0.008102971062560117,0.005157360616854645,0.5419877552964414,0.09621216929455727,0.0016222193371504545,0.740602433681488
4,10,5,late,375,0.11735582931998054,0.018452918955992614,0.5282548305752377,0.0956262066828433,0.001527344691567123,0.7241644263267517
4,10,6,late,375,0.16032464144400627,0.02922314344150916,0.4827571390072505,0.08612950088421989,0.0013262685388326645,0.6715166568756104
4,10,7,late,375,0.008324894788495511,0.00514864162848485,0.4908945108201976,0.08836555504825094,0.0013995170593261719,0.6959714293479919
4,10,8,late,375,0.008562489287344047,0.004847629881435319,0.6282198198704669,0.09932151782069794,0.0020985694136470556,0.81968754529953
4,10,9,late,375,0.012763350367808443,0.007345025084863688,0.44863683615904304,0.08355973347641726,0.0011263239430263638,0.6498726606369019
4,10,10,late,375,0.01826771239844164,0.0069974033074331485,0.6284804774448276,0.09260317903057134,0.0016898520989343524,0.7921767234802246
4,10,11,late,375,0.010536512832355157,0.006405291032596597,0.6211235771498953,0.08785538182087914,0.001672184793278575,0.7678940892219543
4,10,12,late,375,0.05031805076951033,0.009045301720954975,0.5528992353457337,0.08060285857663427,0.001548553118482232,0.7021199464797974
4,10,13,late,375,0.28314975813112897,0.03659708004593001,0.5306113528124988,0.08482624553330206,0.0015823225257918239,0.6914037466049194
4,10,14,late,375,0.017441964119974143,0.007269816764704331,0.6502193298147371,0.09862734661913837,0.0023429628927260637,0.8127533793449402
4,10,16,late,375,0.007762980687236836,0.0051107503596419124,0.6502193298147371,0.09862734661913837,0.0023429628927260637,0.8127533793449402
4,11,1,late,375,0.08887370673939173,0.008751102880963126,0.605406715132296,0.10677503163770244,0.001963790273293853,0.7897298336029053
4,11,2,late,375,0.18848414188772497,0.043377519866466825,0.6132181952781975,0.09588773517600063,0.0020794025622308254,0.7655948400497437
4,11,3,late,375,0.019730996164041305,0.006010898641996369,0.5208416567593813,0.08940848641071206,0.0015856751706451178,0.6672096848487854
4,11,4,late,375,0.008102971062560117,0.005157360616854645,0.6057408036881436,0.09445816878128865,0.0019182550022378564,0.7584671974182129
4,11,5,late,375,0.11735582931998054,0.018452918955992614,0.6025827644752959,0.09470307900852949,0.0018878425471484661,0.7507098317146301
4,11,6,late,375,0.16032464144400627,0.02922314344150916,0.5601555818387618,0.08705225122753234,0.0016960453940555453,0.6964345574378967
4,11,7,late,375,0.008324894788495511,0.00514864162848485,0.5774421998777737,0.08948186392119208,0.0018556630238890648,0.7291734218597412
4,11,8,late,375,0.008562489287344047,0.004847629881435319,0.7234906590984513,0.10197041517533194,0.0030095006804913282,0.8545010089874268
4,11,9,late,375,0.012763350367808443,0.007345025084863688,0.5862652712867906,0.09218530926295801,0.00186232291162014,0.7343425154685974
4,11,10,late,375,0.01826771239844164,0.0069974033074331485,0.6713361439177146,0.09564190008156735,0.002110097324475646,0.801851212978363
4,11,11,late,375,0.010536512832355157,0.006405291032596597,0.6403674867910644,0.08938106094530991,0.0018693864112719893,0.7574704885482788
4,11,12,late,375,0.05031805076951033,0.009045301720954975,0.578518330684863,0.08152747982914348,0.0017188338097184896,0.6792288422584534
4,11,13,late,375,0.28314975813112897,0.03659708004593001,0.5579694052233051,0.08973447472879743,0.0016132971504703164,0.677396297454834
4,11,14,late,375,0.017441964119974143,0.007269816764704331,0.6752371132249634,0.10156221786866795,0.0026330272667109966,0.8085746765136719
4,11,16,late,375,0.007762980687236836,0.0051107503596419124,0.6752371132249634,0.10156221786866795,0.0026330272667109966,0.8085746765136719
4,12,1,late,375,0.08887370673939173,0.008751102880963126,0.6001436090723922,0.10616543952974206,0.0018700617365539074,0.789282500743866
4,12,2,late,375,0.18848414188772497,0.043377519866466825,0.61159009936514,0.09579926589417509,0.002100197598338127,0.7661336064338684
4,12,3,late,375,0.019730996164041305,0.006010898641996369,0.5191362978635977,0.08871269554531408,0.0015561041655018926,0.6619402766227722
4,12,4,late,375,0.008102971062560117,0.005157360616854645,0.6056463687866926,0.09458081427475831,0.0019374414114281535,0.7631435394287109
4,12,5,late,375,0.11735582931998054,0.018452918955992614,0.6024946811969082,0.09478270866990447,0.0019067254615947604,0.7559221982955933
4,12,6,late,375,0.16032464144400627,0.02922314344150916,0.5597078758832067,0.08798116008226055,0.0017130131600424647,0.7014538645744324
4,12,7,late,375,0.008324894788495511,0.00514864162848485,0.569064568505312,0.0902086874000238,0.0018138817977160215,0.7290891408920288
4,12,8,late,375,0.008562489287344047,0.004847629881435319,0.7240275497163335,0.10346381417333726,0.0030156446155160666,0.8600353598594666
4,12,9,late,375,0.012763350367808443,0.007345025084863688,0.5893610768001527,0.09373407155072346,0.0018661291105672717,0.7447978258132935
4,12,10,late,375,0.01826771239844164,0.0069974033074331485,0.7049865598392984,0.10029924458256932,0.002256652107462287,0.8344796299934387
4,12,11,late,375,0.010536512832355157,0.006405291032596597,0.6940992014668882,0.096383049017069,0.002183510921895504,0.8095384240150452
4,12,12,late,375,0.05031805076951033,0.009045301720954975,0.6171386737540985,0.0862037556231256,0.0019208266166970134,0.7183461785316467
4,12,13,late,375,0.28314975813112897,0.03659708004593001,0.5960930520892144,0.09485712251368073,0.0017912306357175112,0.7125710844993591
4,12,14,late,375,0.017441964119974143,0.007269816764704331,0.7004323379825801,0.10379104427321129,0.0027819089591503143,0.827045202255249
4,12,16,late,375,0.007762980687236836,0.0051107503596419124,0.7004323379825801,0.10379104427321129,0.0027819089591503143,0.827045202255249
4,13,1,late,375,0.08887370673939173,0.008751102880963126,0.45267314804842074,0.08672585649174,0.0016963990638032556,0.6269721984863281
4,13,2,late,375,0.18848414188772497,0.043377519866466825,0.4427715304748466,0.07474932046401064,0.0018562204204499722,0.5795172452926636
4,13,3,late,375,0.019730996164041305,0.006010898641996369,0.34452677007454136,0.05988455686701064,0.0013632059562951326,0.4424574673175812
4,13,4,late,375,0.008102971062560117,0.005157360616854645,0.4269259565528482,0.07061917562693461,0.00165481714066118,0.5566778779029846
4,13,5,late,375,0.11735582931998054,0.018452918955992614,0.3804209305491919,0.06209204921036737,0.0015573729760944843,0.5039556622505188
4,13,6,late,375,0.16032464144400627,0.02922314344150916,0.32992430595556893,0.05794743759882239,0.0014222803292796016,0.4233229458332062
4,13,7,late,375,0.008324894788495511,0.00514864162848485,0.35586149177638193,0.06347142591325612,0.001539811142720282,0.4700146019458771
4,13,8,late,375,0.008562489287344047,0.004847629881435319,0.6208184371044239,0.09926339897478278,0.002868837211281061,0.7639898061752319
4,13,9,late,375,0.012763350367808443,0.007345025084863688,0.472054519594647,0.0823258995405268,0.001775183598510921,0.6113182306289673
4,13,10,late,375,0.01826771239844164,0.0069974033074331485,0.5082900134405742,0.08467052299473242,0.0018361581023782492,0.6399980783462524
4,13,11,late,375,0.010536512832355157,0.006405291032596597,0.4942084237563734,0.08120556933599901,0.0017385496757924557,0.5998055934906006
4,13,12,late,375,0.05031805076951033,0.009045301720954975,0.42542220232635736,0.07582236268531072,0.0014131616335362196,0.5338971614837646
4,13,13,late,375,0.28314975813112897,0.03659708004593001,0.44911446440747627,0.09358036936800569,0.001358118955977261,0.5768204927444458
4,13,14,late,375,0.017441964119974143,0.007269816764704331,0.5433480194484194,0.09310127957071587,0.0020169243216514587,0.635631799697876
4,13,16,late,375,0.007762980687236836,0.0051107503596419124,0.5433480194484194,0.09310127957071587,0.0020169243216514587,0.635631799697876
4,14,1,late,375,0.08887370673939173,0.008751102880963126,0.4228087059076255,0.07715658906704592,0.001708464347757399,0.5920122265815735
4,14,2,late,375,0.18848414188772497,0.043377519866466825,0.43844068475688497,0.07227637149317126,0.0019195186905562878,0.5570092797279358
4,14,3,late,375,0.019730996164041305,0.006010898641996369,0.3774909646715969,0.0609638775991604,0.001658667461015284,0.46407434344291687
4,14,4,late,375,0.008102971062560117,0.005157360616854645,0.40878417903526376,0.0667540667848573,0.001666987664066255,0.532733678817749
4,14,5,late,375,0.11735582931998054,0.018452918955992614,0.32573139083292335,0.058337934011645526,0.0014275114517658949,0.46704086661338806
4,14,6,late,375,0.16032464144400627,0.02922314344150916,0.2425411549527198,0.06457743276149261,0.0010410010581836104,0.3707371950149536
4,14,7,late,375,0.008324894788495511,0.00514864162848485,0.26442971600374826,0.07190308746312483,0.0011065691942349076,0.41787853837013245
4,14,8,late,375,0.008562489287344047,0.004847629881435319,0.49496835201606154,0.11070493250857269,0.0019392587710171938,0.7066612839698792
4,14,9,late,375,0.012763350367808443,0.007345025084863688,0.34515146823755155,0.08639052374613597,0.0012398349354043603,0.5281293988227844
4,14,10,late,375,0.01826771239844164,0.0069974033074331485,0.336238436835818,0.09036780162393497,0.0010308286873623729,0.5380526781082153
4,14,11,late,375,0.010536512832355157,0.006405291032596597,0.31243489659484475,0.08706415406541876,0.0008732062415219843,0.4859999418258667
4,14,12,late,375,0.05031805076951033,0.009045301720954975,0.28033641748254495,0.08661503854831602,0.0007772304816171527,0.4560159742832184
4,14,13,late,375,0.28314975813112897,0.03659708004593001,0.2995523561341688,0.10479862025286396,0.0007257398683577776,0.5227975249290466
4,14,14,late,375,0.017441964119974143,0.007269816764704331,0.3995426759496331,0.10326172960848846,0.001126281451433897,0.5718213319778442
4,14,16,late,375,0.007762980687236836,0.0051107503596419124,0.3995426759496331,0.10326172960848846,0.001126281451433897,0.5718213319778442
4,16,1,late,375,0.08887370673939173,0.008751102880963126,0.4228087059076255,0.07715658906704592,0.001708464347757399,0.5920122265815735
4,16,2,late,375,0.18848414188772497,0.043377519866466825,0.43844068475688497,0.07227637149317126,0.0019195186905562878,0.5570092797279358
4,16,3,late,375,0.019730996164041305,0.006010898641996369,0.3774909646715969,0.0609638775991604,0.001658667461015284,0.46407434344291687
4,16,4,late,375,0.008102971062560117,0.005157360616854645,0.40878417903526376,0.0667540667848573,0.001666987664066255,0.532733678817749
4,16,5,late,375,0.11735582931998054,0.018452918955992614,0.32573139083292335,0.058337934011645526,0.0014275114517658949,0.46704086661338806
4,16,6,late,375,0.16032464144400627,0.02922314344150916,0.2425411549527198,0.06457743276149261,0.0010410010581836104,0.3707371950149536
4,16,7,late,375,0.008324894788495511,0.00514864162848485,0.26442971600374826,0.07190308746312483,0.0011065691942349076,0.41787853837013245
4,16,8,late,375,0.008562489287344047,0.004847629881435319,0.49496835201606154,0.11070493250857269,0.0019392587710171938,0.7066612839698792
4,16,9,late,375,0.012763350367808443,0.007345025084863688,0.34515146823755155,0.08639052374613597,0.0012398349354043603,0.5281293988227844
4,16,10,late,375,0.01826771239844164,0.0069974033074331485,0.336238436835818,0.09036780162393497,0.0010308286873623729,0.5380526781082153
4,16,11,late,375,0.010536512832355157,0.006405291032596597,0.31243489659484475,0.08706415406541876,0.0008732062415219843,0.4859999418258667
4,16,12,late,375,0.05031805076951033,0.009045301720954975,0.28033641748254495,0.08661503854831602,0.0007772304816171527,0.4560159742832184
4,16,13,late,375,0.28314975813112897,0.03659708004593001,0.2995523561341688,0.10479862025286396,0.0007257398683577776,0.5227975249290466
4,16,14,late,375,0.017441964119974143,0.007269816764704331,0.3995426759496331,0.10326172960848846,0.001126281451433897,0.5718213319778442
4,16,16,late,375,0.007762980687236836,0.0051107503596419124,0.3995426759496331,0.10326172960848846,0.001126281451433897,0.5718213319778442
5,1,1,late,1002,0.12449201283211107,0.01919199405078734,0.521949035355574,0.11393152054131647,0.0014385777758434415,0.6413393020629883
5,1,2,late,1002,0.14821035354825296,0.028064837915142644,0.5516339092217516,0.12159669813223245,0.0015340055106207728,0.6836923956871033
5,1,3,late,1002,0.03880041805306848,0.010274570019375302,0.4997940156532139,0.11446200109683749,0.001205985900014639,0.6689962148666382
5,1,4,late,1002,0.0011204108273127932,0.0010653887412484762,0.5640161202911672,0.12570136345139293,0.0016001313924789429,0.7044893503189087
5,1,5,late,1002,0.21875194216272262,0.016632465482232094,0.564924505309661,0.12602243316937814,0.0015324084088206291,0.7160201072692871
5,1,6,late,1002,0.15234325486466585,0.034490917861692644,0.5463186512242756,0.12292180593657914,0.0014685539063066244,0.6980730295181274
5,1,7,late,1002,0.0014407283321720833,0.001096274127130484,0.5513454628572706,0.12383407957819041,0.0015251734293997288,0.7034522891044617
5,1,8,late,1002,0.003115538200766939,0.0010030521453200621,0.6487814923402149,0.14472665987952632,0.0019673325587064028,0.7930978536605835
5,1,9,late,1002,0.011006811199967981,0.0044620449529968985,0.5447823149186954,0.12182588690741174,0.001415654900483787,0.689593493938446
5,1,10,late,1002,0.011132096033790504,0.001750279048649177,0.6089419977406705,0.13567274019940814,0.0015513935359194875,0.7485068440437317
5,1,11,late,1002,0.004131624120066349,0.0014917860798822956,0.5938655055826763,0.13271973410070576,0.0014013247564435005,0.7407758831977844
5,1,12,late,1002,0.053790825761843374,0.009755036414801835,0.5591217424516508,0.1271744718574709,0.0013470087433233857,0.708823561668396
5,1,13,late,1002,0.21915623806083492,0.014864813660393033,0.6263430583523819,0.1407399060500099,0.0012427641777321696,0.771240234375
5,1,14,late,1002,0.01167612974964455,0.0013581837231014117,0.7249840160117517,0.15839892258777344,0.002013677963986993,0.8561358451843262
5,1,16,late,1002,0.000831616252779469,0.0010538307416766487,0.7249840160117517,0.15839892258777344,0.002013677963986993,0.8561358451843262
5,2,1,late,1002,0.12449201283211107,0.01919199405078734,0.4750417871664449,0.10426252623510092,0.0013880823971703649,0.6518453359603882
5,2,2,late,1002,0.14821035354825296,0.028064837915142644,0.5104689667307625,0.11288840110846796,0.0014753015711903572,0.6751180291175842
5,2,3,late,1002,0.03880041805306848,0.010274570019375302,0.4530359722888599,0.10726417321323392,0.0011431516613811255,0.6325978636741638
5,2,4,late,1002,0.0011204108273127932,0.0010653887412484762,0.5180904467319679,0.1166687621911885,0.0014902246184647083,0.6774085164070129
5,2,5,late,1002,0.21875194216272262,0.016632465482232094,0.5204913541033284,0.11700824779228508,0.0014461376704275608,0.6841682195663452
5,2,6,late,1002,0.15234325486466585,0.034490917861692644,0.502515569516084,0.11403323969874345,0.0013032467104494572,0.6646683812141418
5,2,7,late,1002,0.0014407283321720833,0.001096274127130484,0.5096069307295613,0.11515019737126964,0.0014405999099835753,0.6526454091072083
5,2,8,late,1002,0.003115538200766939,0.0010030521453200621,0.6205648333502296,0.1390884073355239,0.0019140098011121154,0.7663558125495911
5,2,9,late,1002,0.011006811199967981,0.0044620449529968985,0.4834854385839727,0.10862786977754443,0.0011511265765875578,0.6170334219932556
5,2,10,late,1002,0.011132096033790504,0.001750279048649177,0.5872403379316403,0.13076124716370743,0.0015748641453683376,0.7219708561897278
5,2,11,late,1002,0.004131624120066349,0.0014917860798822956,0.5702021065711355,0.12732415093264224,0.001410850789397955,0.7119537591934204
5,2,12,late,1002,0.053790825761843374,0.009755036414801835,0.5347977330996013,0.1217757747631611,0.0013561666710302234,0.6701705455780029
5,2,13,late,1002,0.21915623806083492,0.014864813660393033,0.6117046777115523,0.1372380943302866,0.0013276770478114486,0.7529754042625427
5,2,14,late,1002,0.01167612974964455,0.0013581837231014117,0.7354200222369603,0.15919908263965366,0.002261163666844368,0.8705037236213684
5,2,16,late,1002,0.000831616252779469,0.0010538307416766487,0.7354200222369603,0.15919908263965366,0.002261163666844368,0.8705037236213684
5,3,1,late,1002,0.12449201283211107,0.01919199405078734,0.48213110610267834,0.10953161496429255,0.0014148167101666331,0.6575778126716614
5,3,2,late,1002,0.14821035354825296,0.028064837915142644,0.5143039405495561,0.11635399113451472,0.0014265438076108694,0.6796134114265442
5,3,3,late,1002,0.03880041805306848,0.010274570019375302,0.4608426451038926,0.11531036101553428,0.0011099184630438685,0.6813145875930786
5,3,4,late,1002,0.0011204108273127932,0.0010653887412484762,0.5264638876579627,0.12104463008734395,0.001397398067638278,0.6945390105247498
5,3,5,late,1002,0.21875194216272262,0.016632465482232094,0.527729242289543,0.12035890618766033,0.0014082191046327353,0.69273442029953
5,3,6,late,1002,0.15234325486466585,0.034490917861692644,0.5123395973231184,0.11808696571509064,0.0011991930659860373,0.6713541746139526
5,3,7,late,1002,0.0014407283321720833,0.001096274127130484,0.518892990569993,0.11903162032884866,0.001429568394087255,0.6802343726158142
5,3,8,late,1002,0.003115538200766939,0.0010030521453200621,0.6360923372009935,0.1440571338081324,0.0018611823907122016,0.7976508140563965
5,3,9,late,1002,0.011006811199967981,0.0044620449529968985,0.49250610160584213,0.11192880837850779,0.0012499052099883556,0.6423514485359192
5,3,10,late,1002,0.011132096033790504,0.001750279048649177,0.5971052383288542,0.134628679059487,0.0015031963121145964,0.7481821775436401
5,3,11,late,1002,0.004131624120066349,0.0014917860798822956,0.5958448109664757,0.13490669414744536,0.0014545073499903083,0.7503469586372375
5,3,12,late,1002,0.053790825761843374,0.009755036414801835,0.5445491059219926,0.12684574060004605,0.0013072845758870244,0.7007109522819519
5,3,13,late,1002,0.21915623806083492,0.014864813660393033,0.6161934994063535,0.1408158251457336,0.0012880584690719843,0.7687909007072449
5,3,14,late,1002,0.01167612974964455,0.0013581837231014117,0.7380638059757059,0.1606638404619858,0.0021956060081720352,0.8731781244277954
5,3,16,late,1002,0.000831616252779469,0.0010538307416766487,0.7380638059757059,0.1606638404619858,0.0021956060081720352,0.8731781244277954
5,4,1,late,1002,0.12449201283211107,0.01919199405078734,0.4664560407308347,0.10250961561953507,0.0012837492395192385,0.6489660739898682
5,4,2,late,1002,0.14821035354825296,0.028064837915142644,0.4943549450225022,0.10900217377552324,0.001289889682084322,0.658594012260437
5,4,3,late,1002,0.03880041805306848,0.010274570019375302,0.44459395277713093,0.10502916654158223,0.0010140177328139544,0.6396363377571106
5,4,4,late,1002,0.0011204108273127932,0.0010653887412484762,0.5082245678602562,0.1130992941635328,0.0012753615155816078,0.6686459183692932
5,4,5,late,1002,0.21875194216272262,0.016632465482232094,0.5126182128540046,0.11368255458564068,0.0012943415204063058,0.6767419576644897
5,4,6,late,1002,0.15234325486466585,0.034490917861692644,0.4987474735784428,0.11161973138330991,0.0011591181391850114,0.6527699828147888
5,4,7,late,1002,0.0014407283321720833,0.001096274127130484,0.5053594548413446,0.11211650768182001,0.0013818055158481002,0.6523824334144592
5,4,8,late,1002,0.003115538200766939,0.0010030521453200621,0.6235538217616212,0.13824275583588774,0.0017908852314576507,0.7758792638778687
5,4,9,late,1002,0.011006811199967981,0.0044620449529968985,0.47768318166311724,0.10478189358932277,0.0011829996947199106,0.6129170060157776
5,4,10,late,1002,0.011132096033790504,0.001750279048649177,0.5835836640334439,0.12846335985457152,0.0014464008854702115,0.7216559648513794
5,4,11,late,1002,0.004131624120066349,0.0014917860798822956,0.5752581617401767,0.12648222160633332,0.0013473916333168745,0.7108495831489563
5,4,12,late,1002,0.053790825761843374,0.009755036414801835,0.51400105219484,0.11506325165980096,0.0012003685114905238,0.6544837355613708
5,4,13,late,1002,0.21915623806083492,0.014864813660393033,0.5817009294307985,0.13085160460115414,0.001116025960072875,0.7310554385185242
5,4,14,late,1002,0.01167612974964455,0.0013581837231014117,0.7089542533448078,0.1530594063505191,0.0019101023208349943,0.8526560664176941
5,4,16,late,1002,0.000831616252779469,0.0010538307416766487,0.7089542533448078,0.1530594063505191,0.0019101023208349943,0.8526560664176941
5,5,1,late,1002,0.12449201283211107,0.01919199405078734,0.4404320457998799,0.09715052616579484,0.0011792369186878204,0.625777006149292
5,5,2,late,1002,0.14821035354825296,0.028064837915142644,0.467473631668018,0.10303773804799125,0.0011848779395222664,0.6335598826408386
5,5,3,late,1002,0.03880041805306848,0.010274570019375302,0.4235672536527993,0.10026710095342234,0.0009575438452884555,0.6112189888954163
5,5,4,late,1002,0.0011204108273127932,0.0010653887412484762,0.4747104090992817,0.10518224197077378,0.001143937697634101,0.6384604573249817
5,5,5,late,1002,0.21875194216272262,0.016632465482232094,0.4905624455453302,0.10808285077249367,0.0012095026904717088,0.6577872633934021
5,5,6,late,1002,0.15234325486466585,0.034490917861692644,0.47829849311086015,0.1063408385032388,0.0010906325187534094,0.634774386882782
5,5,7,late,1002,0.0014407283321720833,0.001096274127130484,0.4849130114293685,0.10664821506434881,0.001300179515965283,0.6305392384529114
5,5,8,late,1002,0.003115538200766939,0.0010030521453200621,0.6038890651093997,0.13325539303076148,0.0016851350665092468,0.7459914684295654
5,5,9,late,1002,0.011006811199967981,0.0044620449529968985,0.4569351412935653,0.09945365692627513,0.0011388888815417886,0.592899739742279
5,5,10,late,1002,0.011132096033790504,0.001750279048649177,0.556447333762675,0.12182530453264197,0.001378207583911717,0.6811950206756592
5,5,11,late,1002,0.004131624120066349,0.0014917860798822956,0.543112903627397,0.11879107732447101,0.0012736686039716005,0.6676331758499146
5,5,12,late,1002,0.053790825761843374,0.009755036414801835,0.4809183258170117,0.10688980090398292,0.0011346802348271012,0.6084010601043701
5,5,13,late,1002,0.21915623806083492,0.014864813660393033,0.5448966934438609,0.12258528277021684,0.0010493836598470807,0.6820250749588013
5,5,14,late,1002,0.01167612974964455,0.0013581837231014117,0.679339422828317,0.14679415451366856,0.0018011026550084352,0.8324005603790283
5,5,16,late,1002,0.000831616252779469,0.0010538307416766487,0.679339422828317,0.14679415451366856,0.0018011026550084352,0.8324005603790283
5,6,1,late,1002,0.12449201283211107,0.01919199405078734,0.441060002825591,0.09694988935291299,0.0013058783952146769,0.644256055355072
5,6,2,late,1002,0.14821035354825296,0.028064837915142644,0.4757663385425332,0.10387570460811432,0.0013837432488799095,0.6648041605949402
5,6,3,late,1002,0.03880041805306848,0.010274570019375302,0.43087712461777133,0.1001192461932085,0.001106034847907722,0.6167876720428467
5,6,4,late,1002,0.0011204108273127932,0.0010653887412484762,0.48395590841579167,0.10567848666253285,0.0013311101356521249,0.6685558557510376
5,6,5,late,1002,0.21875194216272262,0.016632465482232094,0.4993719989497785,0.10862497684235829,0.0014116538222879171,0.6869800686836243
5,6,6,late,1002,0.15234325486466585,0.034490917861692644,0.4853221891090523,0.10631359196634918,0.0012635551393032074,0.6632771492004395
5,6,7,late,1002,0.0014407283321720833,0.001096274127130484,0.4955186248532015,0.10763623209167739,0.001457913313060999,0.662783682346344
5,6,8,late,1002,0.003115538200766939,0.0010030521453200621,0.6296270945413361,0.13643460835991186,0.0020597372204065323,0.7699560523033142
5,6,9,late,1002,0.011006811199967981,0.0044620449529968985,0.4638516531486674,0.10065432255439113,0.0012246572878211737,0.6260197162628174
5,6,10,late,1002,0.011132096033790504,0.001750279048649177,0.5620201154950795,0.12193132205036505,0.0015483018942177296,0.6969214677810669
5,6,11,late,1002,0.004131624120066349,0.0014917860798822956,0.5491174233478062,0.11924084679966579,0.0014308793470263481,0.6976268291473389
5,6,12,late,1002,0.053790825761843374,0.009755036414801835,0.48226637910831227,0.10557077853883994,0.0012718738289549947,0.6170048117637634
5,6,13,late,1002,0.21915623806083492,0.014864813660393033,0.5338128960614479,0.11860931231780086,0.001138070016168058,0.6690995693206787
5,6,14,late,1002,0.01167612974964455,0.0013581837231014117,0.6687256008785817,0.1443736365947731,0.0018610752886161208,0.8245039582252502
5,6,16,late,1002,0.000831616252779469,0.0010538307416766487,0.6687256008785817,0.1443736365947731,0.0018610752886161208,0.8245039582252502
5,7,1,late,1002,0.12449201283211107,0.01919199405078734,0.4103431171274506,0.09130926543218869,0.0011514960788190365,0.6153393387794495
5,7,2,late,1002,0.14821035354825296,0.028064837915142644,0.4398695103823674,0.097034336113766,0.0012279283255338669,0.6258014440536499
5,7,3,late,1002,0.03880041805306848,0.010274570019375302,0.3793016494373896,0.09063388256165186,0.0009159781038761139,0.5844399333000183
5,7,4,late,1002,0.0011204108273127932,0.0010653887412484762,0.4405363348493689,0.09678152980614167,0.0011933476198464632,0.6208513379096985
5,7,5,late,1002,0.21875194216272262,0.016632465482232094,0.4549933325670317,0.09941543108961548,0.001265565981157124,0.6405014395713806
5,7,6,late,1002,0.15234325486466585,0.034490917861692644,0.43760694691666424,0.09626945024685354,0.0011366290273144841,0.6001272201538086
5,7,7,late,1002,0.0014407283321720833,0.001096274127130484,0.44775288011992587,0.09767172960335148,0.0013095451286062598,0.6111531257629395
5,7,8,late,1002,0.003115538200766939,0.0010030521453200621,0.5921898660358755,0.12844576079655703,0.0019098613411188126,0.7328475117683411
5,7,9,late,1002,0.011006811199967981,0.0044620449529968985,0.42607098974265667,0.09341467231661335,0.0011598471319302917,0.5847367644309998
5,7,10,late,1002,0.011132096033790504,0.001750279048649177,0.5437234577718433,0.11833112295808415,0.0015524160116910934,0.6777619123458862
5,7,11,late,1002,0.004131624120066349,0.0014917860798822956,0.5302454271220636,0.11555093856852473,0.001434682053513825,0.6751111745834351
5,7,12,late,1002,0.053790825761843374,0.009755036414801835,0.4597723709981463,0.10093766643058576,0.0012752545299008489,0.5886167287826538
5,7,13,late,1002,0.21915623806083492,0.014864813660393033,0.5008166619231915,0.11350728331508037,0.0010704165324568748,0.6339805126190186
5,7,14,late,1002,0.01167612974964455,0.0013581837231014117,0.6133988899298006,0.134241852481589,0.0016508043045178056,0.7742675542831421
5,7,16,late,1002,0.000831616252779469,0.0010538307416766487,0.6133988899298006,0.134241852481589,0.0016508043045178056,0.7742675542831421
5,8,1,late,1002,0.12449201283211107,0.01919199405078734,0.29475447003652494,0.07139872763515363,0.0010403363266959786,0.5158988833427429
5,8,2,late,1002,0.14821035354825296,0.028064837915142644,0.31482887729022285,0.07537978060165702,0.0010811135871335864,0.5079876780509949
5,8,3,late,1002,0.03880041805306848,0.010274570019375302,0.267287153664915,0.06955844507272096,0.0008363337256014347,0.4836207628250122
5,8,4,late,1002,0.0011204108273127932,0.0010653887412484762,0.3194931330941915,0.0760060393005367,0.0010687012691050768,0.5059822201728821
5,8,5,late,1002,0.21875194216272262,0.016632465482232094,0.3255529982541379,0.07678320209894521,0.001111127668991685,0.519364058971405
5,8,6,late,1002,0.15234325486466585,0.034490917861692644,0.3049905463090462,0.0726705337734826,0.0009838733822107315,0.48040515184402466
5,8,7,late,1002,0.0014407283321720833,0.001096274127130484,0.31382521102437283,0.0738526002200972,0.0010703385341912508,0.4854162931442261
5,8,8,late,1002,0.003115538200766939,0.0010030521453200621,0.46199684928042606,0.1037687241594891,0.0016747723566368222,0.63677579164505
5,8,9,late,1002,0.011006811199967981,0.0044620449529968985,0.29716373636306426,0.06981311105705604,0.0009706499404273927,0.4630260765552521
5,8,10,late,1002,0.011132096033790504,0.001750279048649177,0.47347474019224395,0.10527029229488175,0.0015406213933601975,0.6218128204345703
5,8,11,late,1002,0.004131624120066349,0.0014917860798822956,0.4838249524889148,0.1070831269528624,0.0014325665542855859,0.63664710521698
5,8,12,late,1002,0.053790825761843374,0.009755036414801835,0.3865337539398011,0.08669816576590078,0.0012733744224533439,0.5198542475700378
5,8,13,late,1002,0.21915623806083492,0.014864813660393033,0.3791718421650989,0.0897750773406444,0.0010688381735235453,0.518429696559906
5,8,14,late,1002,0.01167612974964455,0.0013581837231014117,0.4896660915416983,0.11160478356524386,0.0016483706422150135,0.681498110294342
5,8,16,late,1002,0.000831616252779469,0.0010538307416766487,0.4896660915416983,0.11160478356524386,0.0016483706422150135,0.681498110294342
5,9,1,late,1002,0.12449201283211107,0.01919199405078734,0.48083049223801033,0.10607859573279191,0.0015984192723408341,0.6910014152526855
5,9,2,late,1002,0.14821035354825296,0.028064837915142644,0.5022163737289693,0.11019160948910679,0.0016702794237062335,0.6901489496231079
5,9,3,late,1002,0.03880041805306848,0.010274570019375302,0.43972037738747244,0.10371763059866414,0.0012627472169697285,0.641672670841217
5,9,4,late,1002,0.0011204108273127932,0.0010653887412484762,0.5197987966417212,0.11351979210352484,0.0018018392147496343,0.6994796991348267
5,9,5,late,1002,0.21875194216272262,0.016632465482232094,0.5155371998244118,0.11226703429210708,0.0018224065424874425,0.7007616758346558
5,9,6,late,1002,0.15234325486466585,0.034490917861692644,0.4972252993932284,0.10866876132005032,0.001628390746191144,0.6655445098876953
5,9,7,late,1002,0.0014407283321720833,0.001096274127130484,0.49833954191785734,0.10831840303953053,0.0017388849519193172,0.6633000373840332
5,9,8,late,1002,0.003115538200766939,0.0010030521453200621,0.6291775660574931,0.1358310857541461,0.002417339477688074,0.7694531679153442
5,9,9,late,1002,0.011006811199967981,0.0044620449529968985,0.46116403408047413,0.10031198334688225,0.0014020329108461738,0.622042179107666
5,9,10,late,1002,0.011132096033790504,0.001750279048649177,0.5779715511096714,0.125031384085844,0.0018858362454921007,0.7051664590835571
5,9,11,late,1002,0.004131624120066349,0.0014917860798822956,0.5692511758955981,0.12321742841988892,0.0017667707288637757,0.7022435069084167
5,9,12,late,1002,0.053790825761843374,0.009755036414801835,0.5014752253723663,0.10973626100041076,0.0016111411387100816,0.6189965605735779
5,9,13,late,1002,0.21915623806083492,0.014864813660393033,0.4885835969058923,0.11079827217816161,0.0013746466720476747,0.6055593490600586
5,9,14,late,1002,0.01167612974964455,0.0013581837231014117,0.6016321330848977,0.13307279779384265,0.002180093666538596,0.757682204246521
5,9,16,late,1002,0.000831616252779469,0.0010538307416766487,0.6016321330848977,0.13307279779384265,0.002180093666538596,0.757682204246521
5,10,1,late,1002,0.12449201283211107,0.01919199405078734,0.34603483604983853,0.07890397074701933,0.0010980006773024797,0.54616379737854
5,10,2,late,1002,0.14821035354825296,0.028064837915142644,0.3619864821923616,0.08199249754670318,0.0011167305056005716,0.546040952205658
5,10,3,late,1002,0.03880041805306848,0.010274570019375302,0.29354694466139825,0.07576578113538358,0.0007999399094842374,0.4890950322151184
5,10,4,late,1002,0.0011204108273127932,0.0010653887412484762,0.36145765918860967,0.080934627065606,0.0011687034275382757,0.5318272709846497
5,10,5,late,1002,0.21875194216272262,0.016632465482232094,0.3475553383367571,0.07751144443368815,0.0011129662161692977,0.5230924487113953
5,10,6,late,1002,0.15234325486466585,0.034490917861692644,0.3038631933356706,0.06744478024596293,0.0009185300441458821,0.4348706603050232
5,10,7,late,1002,0.0014407283321720833,0.001096274127130484,0.3084565801692368,0.06806829315774263,0.0009714839980006218,0.4412400722503662
5,10,8,late,1002,0.003115538200766939,0.0010030521453200621,0.4415622971744691,0.09681892339012674,0.0014156003016978502,0.5782257914543152
5,10,9,late,1002,0.011006811199967981,0.0044620449529968985,0.28057274867073184,0.06200169695523471,0.0008055894868448377,0.4033547341823578
5,10,10,late,1002,0.011132096033790504,0.001750279048649177,0.45118798405218297,0.09908742376770799,0.0012126034125685692,0.5718674659729004
5,10,11,late,1002,0.004131624120066349,0.0014917860798822956,0.45359771654331416,0.09979779464022674,0.0012076676357537508,0.5714238882064819
5,10,12,late,1002,0.053790825761843374,0.009755036414801835,0.3867578609124339,0.08705522369537051,0.001081462251022458,0.5039152503013611
5,10,13,late,1002,0.21915623806083492,0.014864813660393033,0.3696928445540602,0.08865653339702412,0.0009714566986076534,0.5033567547798157
5,10,14,late,1002,0.01167612974964455,0.0013581837231014117,0.48346838845182194,0.11146334500101546,0.0015410271007567644,0.6312369704246521
5,10,16,late,1002,0.000831616252779469,0.0010538307416766487,0.48346838845182194,0.11146334500101546,0.0015410271007567644,0.6312369704246521
5,11,1,late,1002,0.12449201283211107,0.01919199405078734,0.40783332602853817,0.09071120402685046,0.0012612356804311275,0.590499222278595
5,11,2,late,1002,0.14821035354825296,0.028064837915142644,0.42409970601040037,0.09492679460857543,0.00128361105453223,0.5936433672904968
5,11,3,late,1002,0.03880041805306848,0.010274570019375302,0.3614115386197721,0.08873642311525581,0.000964062986895442,0.5587817430496216
5,11,4,late,1002,0.0011204108273127932,0.0010653887412484762,0.42138802050299173,0.09388147925355408,0.0012969564413651824,0.580186128616333
5,11,5,late,1002,0.21875194216272262,0.016632465482232094,0.4170700739952968,0.09270708065494329,0.0013163089752197266,0.5825142860412598
5,11,6,late,1002,0.15234325486466585,0.034490917861692644,0.3690319856649224,0.0827255590059897,0.0010331852827221155,0.4923833906650543
5,11,7,late,1002,0.0014407283321720833,0.001096274127130484,0.38378787156138217,0.08506198176035047,0.001177784870378673,0.5106996893882751
5,11,8,late,1002,0.003115538200766939,0.0010030521453200621,0.5456324031017906,0.11944024952575505,0.001762252883054316,0.6662741899490356
5,11,9,late,1002,0.011006811199967981,0.0044620449529968985,0.40255105299649746,0.08908141896318257,0.0010377458529546857,0.5315958857536316
5,11,10,late,1002,0.011132096033790504,0.001750279048649177,0.4902934305180011,0.10837543573621519,0.0013516137842088938,0.6177531480789185
5,11,11,late,1002,0.004131624120066349,0.0014917860798822956,0.46588577573887535,0.10333139868016596,0.0012511707609519362,0.5881697535514832
5,11,12,late,1002,0.053790825761843374,0.009755036414801835,0.40528709702800214,0.09159795832943228,0.001240055775269866,0.5149936676025391
5,11,13,late,1002,0.21915623806083492,0.014864813660393033,0.38757342794952365,0.09292904192718217,0.0009738272055983543,0.5085335373878479
5,11,14,late,1002,0.01167612974964455,0.0013581837231014117,0.5020723364197652,0.1163209081101077,0.0014286688528954983,0.6458794474601746
5,11,16,late,1002,0.000831616252779469,0.0010538307416766487,0.5020723364197652,0.1163209081101077,0.0014286688528954983,0.6458794474601746
5,12,1,late,1002,0.12449201283211107,0.01919199405078734,0.40267042760777205,0.09000301970679875,0.001236757729202509,0.5814390778541565
5,12,2,late,1002,0.14821035354825296,0.028064837915142644,0.4222968180032778,0.09469706296022326,0.001288755564019084,0.5817191004753113
5,12,3,late,1002,0.03880041805306848,0.010274570019375302,0.35973021727296506,0.08894868626010437,0.0009679280337877572,0.5658557415008545
5,12,4,late,1002,0.0011204108273127932,0.0010653887412484762,0.42127871627353797,0.09415380682976603,0.0012229792773723602,0.571673572063446
5,12,5,late,1002,0.21875194216272262,0.016632465482232094,0.41695960149812156,0.09286617492131448,0.0012412292417138815,0.5740143060684204
5,12,6,late,1002,0.15234325486466585,0.034490917861692644,0.36870389663383824,0.08323060474926328,0.0009533405536785722,0.5036597847938538
5,12,7,late,1002,0.0014407283321720833,0.001096274127130484,0.37580531907089876,0.0841380854350013,0.0010249702027067542,0.5030989646911621
5,12,8,late,1002,0.003115538200766939,0.0010030521453200621,0.5460531692195567,0.12028507499415987,0.0015722676180303097,0.6728765368461609
5,12,9,late,1002,0.011006811199967981,0.0044620449529968985,0.4051443602898606,0.09000589165775472,0.0009820691775530577,0.5310522317886353
5,12,10,late,1002,0.011132096033790504,0.001750279048649177,0.5285330973280931,0.11710718148745398,0.001233389601111412,0.6627910733222961
5,12,11,late,1002,0.004131624120066349,0.0014917860798822956,0.5262171684976011,0.11647431783561894,0.0012309373123571277,0.6432877779006958
5,12,12,late,1002,0.053790825761843374,0.009755036414801835,0.445081787884464,0.09955917600280578,0.0012487825006246567,0.5560106039047241
5,12,13,late,1002,0.21915623806083492,0.014864813660393033,0.4263802626252243,0.10082562028623564,0.0009522497421130538,0.5453646183013916
5,12,14,late,1002,0.01167612974964455,0.0013581837231014117,0.5323570595690311,0.12180421426349476,0.0014060174580663443,0.6653943061828613
5,12,16,late,1002,0.000831616252779469,0.0010538307416766487,0.5323570595690311,0.12180421426349476,0.0014060174580663443,0.6653943061828613
5,13,1,late,1002,0.12449201283211107,0.01919199405078734,0.26584719157298586,0.06171125415719533,0.001091811340302229,0.38750824332237244
5,13,2,late,1002,0.14821035354825296,0.028064837915142644,0.26549488403836724,0.06311895351539624,0.0010517676128074527,0.3958923816680908
5,13,3,late,1002,0.03880041805306848,0.010274570019375302,0.21070833578696493,0.054449880179613205,0.0008013035985641181,0.3714452385902405
5,13,4,late,1002,0.0011204108273127932,0.0010653887412484762,0.2580136228111706,0.060617333778275974,0.0009480778244324028,0.38529035449028015
5,13,5,late,1002,0.21875194216272262,0.016632465482232094,0.22231651100359334,0.05226148101319809,0.0009539283346384764,0.33872711658477783
5,13,6,late,1002,0.15234325486466585,0.034490917861692644,0.1838788282878008,0.04585940498610172,0.000744772027246654,0.28201186656951904
5,13,7,late,1002,0.0014407283321720833,0.001096274127130484,0.20114560711231017,0.0504608931212725,0.0008187028579413891,0.30433890223503113
5,13,8,late,1002,0.003115538200766939,0.0010030521453200621,0.42627494026590307,0.10284040337282198,0.0013721758732572198,0.5786402821540833
5,13,9,late,1002,0.011006811199967981,0.0044620449529968985,0.2950345923705979,0.07099164005311029,0.0008896398940123618,0.4071117639541626
5,13,10,late,1002,0.011132096033790504,0.001750279048649177,0.3238724017702949,0.07779146959785052,0.0009482652531005442,0.4466562271118164
5,13,11,late,1002,0.004131624120066349,0.0014917860798822956,0.3216897996656965,0.07676031460370296,0.000946379266679287,0.4614490270614624
5,13,12,late,1002,0.053790825761843374,0.009755036414801835,0.2648748870717804,0.06413000524988885,0.0010258381953462958,0.39237064123153687
5,13,13,late,1002,0.21915623806083492,0.014864813660393033,0.2857453096231019,0.07308188466289832,0.000935077085159719,0.4129911959171295
5,13,14,late,1002,0.01167612974964455,0.0013581837231014117,0.3612785087325592,0.08805408826883795,0.0012620865600183606,0.4814612865447998
5,13,16,late,1002,0.000831616252779469,0.0010538307416766487,0.3612785087325592,0.08805408826883795,0.0012620865600183606,0.4814612865447998
5,14,1,late,1002,0.12449201283211107,0.01919199405078734,0.2600422446435213,0.05961845515209733,0.0011073232162743807,0.3299063444137573
5,14,2,late,1002,0.14821035354825296,0.028064837915142644,0.27603987048084044,0.0651334844079187,0.001214700983837247,0.3547601103782654
5,14,3,late,1002,0.03880041805306848,0.010274570019375302,0.24123388051648834,0.0572145004083346,0.0010582639370113611,0.30996647477149963
5,14,4,late,1002,0.0011204108273127932,0.0010653887412484762,0.2587030584225199,0.05912559379527152,0.0010743277380242944,0.33104223012924194
5,14,5,late,1002,0.21875194216272262,0.016632465482232094,0.20115600738616543,0.04732802630317561,0.0009594634757377207,0.2866859436035156
5,14,6,late,1002,0.15234325486466585,0.034490917861692644,0.14111203814593204,0.04337770882861672,0.0005723973736166954,0.2574200928211212
5,14,7,late,1002,0.0014407283321720833,0.001096274127130484,0.15533039827055917,0.048721659178001586,0.000629227957688272,0.2842436134815216
5,14,8,late,1002,0.003115538200766939,0.0010030521453200621,0.334003214337705,0.09730277846186729,0.0010188823798671365,0.5399798154830933
5,14,9,late,1002,0.011006811199967981,0.0044620449529968985,0.21626673664909532,0.06178925389367723,0.0007081135408952832,0.3736076056957245
5,14,10,late,1002,0.011132096033790504,0.001750279048649177,0.2107055934720339,0.06544573378433702,0.0006213676533661783,0.38700276613235474
5,14,11,late,1002,0.004131624120066349,0.0014917860798822956,0.2004851625904398,0.0626247130510363,0.0006119194440543652,0.37170714139938354
5,14,12,late,1002,0.053790825761843374,0.009755036414801835,0.17299874593989883,0.05650136864151372,0.0006796187371946871,0.3376958668231964
5,14,13,late,1002,0.21915623806083492,0.014864813660393033,0.18503599632256051,0.06609462211928464,0.0006209647981449962,0.37075626850128174
5,14,14,late,1002,0.01167612974964455,0.0013581837231014117,0.25468782040339566,0.07456638387673457,0.0008671918767504394,0.4078294038772583
5,14,16,late,1002,0.000831616252779469,0.0010538307416766487,0.25468782040339566,0.07456638387673457,0.0008671918767504394,0.4078294038772583
5,16,1,late,1002,0.12449201283211107,0.01919199405078734,0.2600422446435213,0.05961845515209733,0.0011073232162743807,0.3299063444137573
5,16,2,late,1002,0.14821035354825296,0.028064837915142644,0.27603987048084044,0.0651334844079187,0.001214700983837247,0.3547601103782654
5,16,3,late,1002,0.03880041805306848,0.010274570019375302,0.24123388051648834,0.0572145004083346,0.0010582639370113611,0.30996647477149963
5,16,4,late,1002,0.0011204108273127932,0.0010653887412484762,0.2587030584225199,0.05912559379527152,0.0010743277380242944,0.33104223012924194
5,16,5,late,1002,0.21875194216272262,0.016632465482232094,0.20115600738616543,0.04732802630317561,0.0009594634757377207,0.2866859436035156
5,16,6,late,1002,0.15234325486466585,0.034490917861692644,0.14111203814593204,0.04337770882861672,0.0005723973736166954,0.2574200928211212
5,16,7,late,1002,0.0014407283321720833,0.001096274127130484,0.15533039827055917,0.048721659178001586,0.000629227957688272,0.2842436134815216
5,16,8,late,1002,0.003115538200766939,0.0010030521453200621,0.334003214337705,0.09730277846186729,0.0010188823798671365,0.5399798154830933
5,16,9,late,1002,0.011006811199967981,0.0044620449529968985,0.21626673664909532,0.06178925389367723,0.0007081135408952832,0.3736076056957245
5,16,10,late,1002,0.011132096033790504,0.001750279048649177,0.2107055934720339,0.06544573378433702,0.0006213676533661783,0.38700276613235474
5,16,11,late,1002,0.004131624120066349,0.0014917860798822956,0.2004851625904398,0.0626247130510363,0.0006119194440543652,0.37170714139938354
5,16,12,late,1002,0.053790825761843374,0.009755036414801835,0.17299874593989883,0.05650136864151372,0.0006796187371946871,0.3376958668231964
5,16,13,late,1002,0.21915623806083492,0.014864813660393033,0.18503599632256051,0.06609462211928464,0.0006209647981449962,0.37075626850128174
5,16,14,late,1002,0.01167612974964455,0.0013581837231014117,0.25468782040339566,0.07456638387673457,0.0008671918767504394,0.4078294038772583
5,16,16,late,1002,0.000831616252779469,0.0010538307416766487,0.25468782040339566,0.07456638387673457,0.0008671918767504394,0.4078294038772583
6,1,1,late,1696,0.22560782398460721,0.03791415931069114,0.5373427615886612,0.11128636755560645,0.0013550027506425977,0.7476702928543091
6,1,2,late,1696,0.14215638332536423,0.03609585371109638,0.5817408275764154,0.12227052199974628,0.0014141390565782785,0.7932238578796387
6,1,3,late,1696,0.025137553841964855,0.008663050321543839,0.5134480166899558,0.10647251333007213,0.0012020075228065252,0.7046586871147156
6,1,4,late,1696,0.001670605087785021,0.0017211113003432828,0.6010282775385795,0.12712115092091109,0.0015360716497525573,0.7994487881660461
6,1,5,late,1696,0.11810241015493812,0.02298034329210003,0.6084345846077512,0.12764868477119712,0.0015845636371523142,0.788128137588501
6,1,6,late,1696,0.2816394911011143,0.07359723945802524,0.5920077232852768,0.12630390176299272,0.0014809663407504559,0.7752215266227722
6,1,7,late,1696,0.002355558201290576,0.0026096989974540583,0.5959845067843831,0.12688450307594765,0.0016002549091354012,0.7710004448890686
6,1,8,late,1696,0.004569120322540523,0.002107217815766585,0.685114096046644,0.1420042683231416,0.0019256805535405874,0.8535724878311157
6,1,9,late,1696,0.007875591261240262,0.003475765656764698,0.6061295437134246,0.12709755260362965,0.0015980813186615705,0.7828591465950012
6,1,10,late,1696,0.019217430104211404,0.022870069424956015,0.6677083838424225,0.13758964651455738,0.001706581679172814,0.8290959000587463
6,1,11,late,1696,0.004315557419722925,0.0045222642428070356,0.664331086022702,0.13708231437962262,0.0016349629731848836,0.8374728560447693
6,1,12,late,1696,0.03301203742330893,0.00900236578800996,0.6333089037415328,0.13296838061826582,0.0014608142664656043,0.8104252219200134
6,1,13,late,1696,0.12337923272435397,0.017919608437330356,0.6859123031334196,0.14144998979999188,0.0017523382557556033,0.8706768751144409
6,1,14,late,1696,0.01005992951958242,0.0021408239924434174,0.8087674140690481,0.15735939293284704,0.0027744900435209274,0.8985891938209534
6,1,16,late,1696,0.000901275527975331,0.0012349449812259165,0.8087674140690481,0.15735939293284704,0.0027744900435209274,0.8985891938209534
6,2,1,late,1696,0.22560782398460721,0.03791415931069114,0.4887552062573377,0.0994188272042676,0.0014010572340339422,0.6919190287590027
6,2,2,late,1696,0.14215638332536423,0.03609585371109638,0.5413468488483697,0.11373958071931269,0.0014148153131827712,0.7444555759429932
6,2,3,late,1696,0.025137553841964855,0.008663050321543839,0.46423967590810616,0.09619292955977424,0.001158896367996931,0.6541733741760254
6,2,4,late,1696,0.001670605087785021,0.0017211113003432828,0.5535569848597214,0.1190091322132569,0.0014324936782941222,0.7509509921073914
6,2,5,late,1696,0.11810241015493812,0.02298034329210003,0.5560224803536225,0.11828519463206742,0.0014554101508110762,0.7346571683883667
6,2,6,late,1696,0.2816394911011143,0.07359723945802524,0.54113958668464,0.11712629556260837,0.0013340323930606246,0.7203099727630615
6,2,7,late,1696,0.002355558201290576,0.0026096989974540583,0.5482633490555257,0.11820247832290702,0.0014849217841401696,0.7208429574966431
6,2,8,late,1696,0.004569120322540523,0.002107217815766585,0.6526162692092805,0.13635883339528046,0.001853131572715938,0.8200129866600037
6,2,9,late,1696,0.007875591261240262,0.003475765656764698,0.5492850281479373,0.11627396412564284,0.0013705466408282518,0.7172451019287109
6,2,10,late,1696,0.019217430104211404,0.022870069424956015,0.6376141181411545,0.13149205048375218,0.00166496227029711,0.7973490357398987
6,2,11,late,1696,0.004315557419722925,0.0045222642428070356,0.6324775537999263,0.1307145814958529,0.0015613090945407748,0.796639621257782
6,2,12,late,1696,0.03301203742330893,0.00900236578800996,0.6002511466749123,0.12565170526591873,0.001452937605790794,0.7576960921287537
6,2,13,late,1696,0.12337923272435397,0.017919608437330356,0.666860121040029,0.13718890855059016,0.0017304387874901295,0.8529905676841736
6,2,14,late,1696,0.01005992951958242,0.0021408239924434174,0.8128512402675729,0.15716961973227028,0.0028546995017677546,0.8988010287284851
6,2,16,late,1696,0.000901275527975331,0.0012349449812259165,0.8128512402675729,0.15716961973227028,0.0028546995017677546,0.8988010287284851
6,3,1,late,1696,0.22560782398460721,0.03791415931069114,0.4843423460423644,0.10037627446925974,0.001376915373839438,0.7045637965202332
6,3,2,late,1696,0.14215638332536423,0.03609585371109638,0.5323094968971075,0.11307381590992775,0.0013842039043083787,0.7481129169464111
6,3,3,late,1696,0.025137553841964855,0.008663050321543839,0.45945995386027105,0.09696316336780877,0.0011488123564049602,0.6868999004364014
6,3,4,late,1696,0.001670605087785021,0.0017211113003432828,0.549569588416832,0.11865774071736972,0.0014200323494151235,0.7575732469558716
6,3,5,late,1696,0.11810241015493812,0.02298034329210003,0.5531378223872107,0.1174715200717589,0.0014432885218411684,0.7467367649078369
6,3,6,late,1696,0.2816394911011143,0.07359723945802524,0.5404089952617657,0.11655220341107636,0.0013325358740985394,0.7382893562316895
6,3,7,late,1696,0.002355558201290576,0.0026096989974540583,0.549033002248421,0.11750224501526739,0.0014832562301307917,0.7374753952026367
6,3,8,late,1696,0.004569120322540523,0.002107217815766585,0.6609030108969441,0.13697063799361825,0.0019205688731744885,0.8361166715621948
6,3,9,late,1696,0.007875591261240262,0.003475765656764698,0.5500322357691162,0.11558123332712071,0.0014735058648511767,0.7297784686088562
6,3,10,late,1696,0.019217430104211404,0.022870069424956015,0.6383436557639556,0.13098362580869824,0.001666084979660809,0.8088114261627197
6,3,11,late,1696,0.004315557419722925,0.0045222642428070356,0.6486147185673614,0.1323882661060205,0.0017435536719858646,0.8177241086959839
6,3,12,late,1696,0.03301203742330893,0.00900236578800996,0.5979846155160148,0.12500929524975626,0.001440261723473668,0.7680741548538208
6,3,13,late,1696,0.12337923272435397,0.017919608437330356,0.661425714731452,0.13625103244396866,0.0016379375010728836,0.8567408323287964
6,3,14,late,1696,0.01005992951958242,0.0021408239924434174,0.809002949988699,0.1564640182342212,0.002802220406010747,0.8997663259506226
6,3,16,late,1696,0.000901275527975331,0.0012349449812259165,0.809002949988699,0.1564640182342212,0.002802220406010747,0.8997663259506226
6,4,1,late,1696,0.22560782398460721,0.03791415931069114,0.4676153287438419,0.09403645083064416,0.001279807765968144,0.7272248268127441
6,4,2,late,1696,0.14215638332536423,0.03609585371109638,0.5128112727528924,0.10549089487394314,0.0012616484891623259,0.7444463968276978
6,4,3,late,1696,0.025137553841964855,0.008663050321543839,0.4452597564294987,0.09098692379015677,0.0010509297717362642,0.6565475463867188
6,4,4,late,1696,0.001670605087785021,0.0017211113003432828,0.5307644943628166,0.1096535675160023,0.0012977194273844361,0.7377070784568787
6,4,5,late,1696,0.11810241015493812,0.02298034329210003,0.536313148342811,0.10945566235470727,0.001328316517174244,0.7354776263237
6,4,6,late,1696,0.2816394911011143,0.07359723945802524,0.5236309148164061,0.10825237880730894,0.0012284080730751157,0.7196762561798096
6,4,7,late,1696,0.002355558201290576,0.0026096989974540583,0.5331214311509888,0.10936689973514672,0.001367366872727871,0.7122380137443542
6,4,8,late,1696,0.004569120322540523,0.002107217815766585,0.6465616472892437,0.13094908795273089,0.0017625608015805483,0.8102179765701294
6,4,9,late,1696,0.007875591261240262,0.003475765656764698,0.5329498482209395,0.10810398031084194,0.0013733264058828354,0.7373120188713074
6,4,10,late,1696,0.019217430104211404,0.022870069424956015,0.6231745816780944,0.12464163408377171,0.0015289816074073315,0.7977055907249451
6,4,11,late,1696,0.004315557419722925,0.0045222642428070356,0.6277110770820828,0.12468620510550112,0.001500820624642074,0.7789855003356934
6,4,12,late,1696,0.03301203742330893,0.00900236578800996,0.569484392557604,0.11564221116525958,0.0013595218770205975,0.7457969188690186
6,4,13,late,1696,0.12337923272435397,0.017919608437330356,0.6300275422255031,0.12886061893322653,0.0013752038357779384,0.8288175463676453
6,4,14,late,1696,0.01005992951958242,0.0021408239924434174,0.7871571187953242,0.15212775693341893,0.0024902699515223503,0.8789016008377075
6,4,16,late,1696,0.000901275527975331,0.0012349449812259165,0.7871571187953242,0.15212775693341893,0.0024902699515223503,0.8789016008377075
6,5,1,late,1696,0.22560782398460721,0.03791415931069114,0.4308820916457818,0.08625041179845432,0.0011232829419896007,0.6923483610153198
6,5,2,late,1696,0.14215638332536423,0.03609585371109638,0.4752648865187267,0.09665773396403105,0.0011073421919718385,0.7102019786834717
6,5,3,late,1696,0.025137553841964855,0.008663050321543839,0.41386002382720144,0.08399690407255993,0.0009398136171512306,0.6303726434707642
6,5,4,late,1696,0.001670605087785021,0.0017211113003432828,0.4869891550952848,0.09942080261936538,0.0011023228289559484,0.696692168712616
6,5,5,late,1696,0.11810241015493812,0.02298034329210003,0.5040827002648823,0.10139261854008537,0.0011754939332604408,0.7042285799980164
6,5,6,late,1696,0.2816394911011143,0.07359723945802524,0.4929506210608211,0.10030793287471551,0.0010945940157398582,0.6888364553451538
6,5,7,late,1696,0.002355558201290576,0.0026096989974540583,0.5025245507880205,0.10138794224148262,0.001218434190377593,0.6809426546096802
6,5,8,late,1696,0.004569120322540523,0.002107217815766585,0.6184517975918836,0.12452056424057968,0.0015706515405327082,0.7858337759971619
6,5,9,late,1696,0.007875591261240262,0.003475765656764698,0.5022813389566507,0.1008019207907143,0.0012400936102494597,0.7076241374015808
6,5,10,late,1696,0.019217430104211404,0.022870069424956015,0.5874399559651688,0.11672741366797917,0.0013633097987622023,0.7681183218955994
6,5,11,late,1696,0.004315557419722925,0.0045222642428070356,0.5850847970956101,0.11549001919444529,0.0013275734381750226,0.7479312419891357
6,5,12,late,1696,0.03301203742330893,0.00900236578800996,0.524560795245222,0.10554530102663477,0.0012289258884266019,0.7118045687675476
6,5,13,late,1696,0.12337923272435397,0.017919608437330356,0.5864958755184214,0.12030981994763251,0.0012276570778340101,0.8026686310768127
6,5,14,late,1696,0.01005992951958242,0.0021408239924434174,0.7578615035253845,0.14685670599628123,0.002229512669146061,0.8591027855873108
6,5,16,late,1696,0.000901275527975331,0.0012349449812259165,0.7578615035253845,0.14685670599628123,0.002229512669146061,0.8591027855873108
6,6,1,late,1696,0.22560782398460721,0.03791415931069114,0.44015689744120673,0.08677963102123831,0.0012258453061804175,0.629507303237915
6,6,2,late,1696,0.14215638332536423,0.03609585371109638,0.48906246211406124,0.0968594461161032,0.001212146133184433,0.666480302810669
6,6,3,late,1696,0.025137553841964855,0.008663050321543839,0.4266879536399018,0.08444263688688626,0.001028778264299035,0.6268384456634521
6,6,4,late,1696,0.001670605087785021,0.0017211113003432828,0.5024838541329065,0.09987172305933956,0.0012186092790216208,0.668933629989624
6,6,5,late,1696,0.11810241015493812,0.02298034329210003,0.5190650222104763,0.10207247871323069,0.0012994894059374928,0.664176881313324
6,6,6,late,1696,0.2816394911011143,0.07359723945802524,0.5061556349077673,0.1004343589863148,0.0012011427897959948,0.6529875993728638
6,6,7,late,1696,0.002355558201290576,0.0026096989974540583,0.5193859145850028,0.10251520967768164,0.0013654668582603335,0.6553826332092285
6,6,8,late,1696,0.004569120322540523,0.002107217815766585,0.6594836725460756,0.12907298460001873,0.002013517078012228,0.7908031940460205
6,6,9,late,1696,0.007875591261240262,0.003475765656764698,0.5133512743578083,0.10067396279794608,0.0013818982988595963,0.6569738388061523
6,6,10,late,1696,0.019217430104211404,0.022870069424956015,0.5963951562549001,0.11590683336813193,0.001530068926513195,0.7261961102485657
6,6,11,late,1696,0.004315557419722925,0.0045222642428070356,0.594452474957438,0.11496575431963722,0.0014899678062647581,0.7117689251899719
6,6,12,late,1696,0.03301203742330893,0.00900236578800996,0.5294687055881335,0.10359616765969111,0.0013049024855718017,0.6683743596076965
6,6,13,late,1696,0.12337923272435397,0.017919608437330356,0.5729712523737722,0.11422072054030592,0.0012986535439267755,0.7637540102005005
6,6,14,late,1696,0.01005992951958242,0.0021408239924434174,0.7470849389078552,0.1448044525397283,0.0022471274714916945,0.8282715082168579
6,6,16,late,1696,0.000901275527975331,0.0012349449812259165,0.7470849389078552,0.1448044525397283,0.0022471274714916945,0.8282715082168579
6,7,1,late,1696,0.22560782398460721,0.03791415931069114,0.4061245135074061,0.08074351017506481,0.0010788008803501725,0.6077664494514465
6,7,2,late,1696,0.14215638332536423,0.03609585371109638,0.44586857520945794,0.08903759130836383,0.0010667431633919477,0.634270966053009
6,7,3,late,1696,0.025137553841964855,0.008663050321543839,0.36810342580758754,0.07414852424093157,0.0008533212239854038,0.5783764719963074
6,7,4,late,1696,0.001670605087785021,0.0017211113003432828,0.45185734956440976,0.09037467209822549,0.0010456827003508806,0.624717116355896
6,7,5,late,1696,0.11810241015493812,0.02298034329210003,0.4670460994609627,0.09193960988447326,0.0011150982463732362,0.6228567957878113
6,7,6,late,1696,0.2816394911011143,0.07359723945802524,0.4515087343741402,0.08964035852617128,0.0010406847577542067,0.6098641157150269
6,7,7,late,1696,0.002355558201290576,0.0026096989974540583,0.46477085969130505,0.09187645903389188,0.0011830831645056605,0.6135098934173584
6,7,8,late,1696,0.004569120322540523,0.002107217815766585,0.6170462289036258,0.12106948808326928,0.00179828773252666,0.7554703950881958
6,7,9,late,1696,0.007875591261240262,0.003475765656764698,0.46573341231892557,0.09143469841887839,0.0012180019402876496,0.6018097400665283
6,7,10,late,1696,0.019217430104211404,0.022870069424956015,0.5691495492411497,0.11025426154378362,0.0014612524537369609,0.6994720697402954
6,7,11,late,1696,0.004315557419722925,0.0045222642428070356,0.5644405180703544,0.10878670213047072,0.001407743082381785,0.6814934015274048
6,7,12,late,1696,0.03301203742330893,0.00900236578800996,0.4949472295663996,0.09613042832744151,0.0012366557493805885,0.6225850582122803
6,7,13,late,1696,0.12337923272435397,0.017919608437330356,0.5244675607997501,0.10565796610717001,0.0011509823380038142,0.7090832591056824
6,7,14,late,1696,0.01005992951958242,0.0021408239924434174,0.6764785893654609,0.1330912240144383,0.001911495579406619,0.7748907208442688
6,7,16,late,1696,0.000901275527975331,0.0012349449812259165,0.6764785893654609,0.1330912240144383,0.001911495579406619,0.7748907208442688
6,8,1,late,1696,0.22560782398460721,0.03791415931069114,0.3037750153448971,0.06491489663863498,0.0009649479761719704,0.4769209921360016
6,8,2,late,1696,0.14215638332536423,0.03609585371109638,0.33138226869084736,0.07073002254897527,0.0009298207005485892,0.5170031189918518
6,8,3,late,1696,0.025137553841964855,0.008663050321543839,0.2675856410188094,0.059447444940883526,0.0007654356304556131,0.48322486877441406
6,8,4,late,1696,0.001670605087785021,0.0017211113003432828,0.34064955633159183,0.07247636105382572,0.0009344384889118373,0.5207573175430298
6,8,5,late,1696,0.11810241015493812,0.02298034329210003,0.3471977389714805,0.0718104474663539,0.0009964770870283246,0.5157964825630188
6,8,6,late,1696,0.2816394911011143,0.07359723945802524,0.3288383493055112,0.06895993665447676,0.0008988814079202712,0.4948161244392395
6,8,7,late,1696,0.002355558201290576,0.0026096989974540583,0.34086742623452976,0.07113677214392006,0.0010218963725492358,0.4986532926559448
6,8,8,late,1696,0.004569120322540523,0.002107217815766585,0.5017218381664243,0.10091305895747099,0.001582051278091967,0.6528395414352417
6,8,9,late,1696,0.007875591261240262,0.003475765656764698,0.3448660298455029,0.07064910004841622,0.0010586188873276114,0.47260603308677673
6,8,10,late,1696,0.019217430104211404,0.022870069424956015,0.5053805014239909,0.09925094580582462,0.0014202204765751958,0.6437698006629944
6,8,11,late,1696,0.004315557419722925,0.0045222642428070356,0.5207176170458623,0.10115352664906938,0.0013766551855951548,0.6443111300468445
6,8,12,late,1696,0.03301203742330893,0.00900236578800996,0.4235707183296019,0.08267208556012746,0.0012346250005066395,0.5514529347419739
6,8,13,late,1696,0.12337923272435397,0.017919608437330356,0.40455666215979674,0.08338529657751684,0.0011255580466240644,0.5511285662651062
6,8,14,late,1696,0.01005992951958242,0.0021408239924434174,0.5547444980730465,0.11290879491022848,0.0018693036399781704,0.6729856133460999
6,8,16,late,1696,0.000901275527975331,0.0012349449812259165,0.5547444980730465,0.11290879491022848,0.0018693036399781704,0.6729856133460999
6,9,1,late,1696,0.22560782398460721,0.03791415931069114,0.4824825460424829,0.09466912758427615,0.0015633234288543463,0.6353168487548828
6,9,2,late,1696,0.14215638332536423,0.03609585371109638,0.5158330643706612,0.10108553299973572,0.001506446278654039,0.6583158373832703
6,9,3,late,1696,0.025137553841964855,0.008663050321543839,0.43532412139194215,0.08692165482365537,0.0012186517706140876,0.6543160676956177
6,9,4,late,1696,0.001670605087785021,0.0017211113003432828,0.538084844746852,0.10513057844146226,0.0015925825573503971,0.6648775935173035
6,9,5,late,1696,0.11810241015493812,0.02298034329210003,0.5344757610471548,0.10358327073332724,0.0016196550568565726,0.662667453289032
6,9,6,late,1696,0.2816394911011143,0.07359723945802524,0.5193697630805578,0.10144387212963135,0.0015038263518363237,0.6528233885765076
6,9,7,late,1696,0.002355558201290576,0.0026096989974540583,0.5254940304037278,0.10301238100975983,0.0016256318194791675,0.660877525806427
6,9,8,late,1696,0.004569120322540523,0.002107217815766585,0.6619942660261174,0.12825541894234957,0.002295754849910736,0.7767413854598999
6,9,9,late,1696,0.007875591261240262,0.003475765656764698,0.5123637717262236,0.09964842040668832,0.0015226383693516254,0.6265906095504761
6,9,10,late,1696,0.019217430104211404,0.022870069424956015,0.6133679779457041,0.11844370130406418,0.0017660821322351694,0.7306632995605469
6,9,11,late,1696,0.004315557419722925,0.0045222642428070356,0.6089881745901262,0.11714693977182816,0.001724772620946169,0.7190383672714233
6,9,12,late,1696,0.03301203742330893,0.00900236578800996,0.5353969472639877,0.10390575663953046,0.001637917128391564,0.6567721962928772
6,9,13,late,1696,0.12337923272435397,0.017919608437330356,0.505426143988034,0.10177429589540309,0.001397523796185851,0.6168082356452942
6,9,14,late,1696,0.01005992951958242,0.0021408239924434174,0.6507893952926542,0.1300908896038338,0.0023867336567491293,0.7700153589248657
6,9,16,late,1696,0.000901275527975331,0.0012349449812259165,0.6507893952926542,0.1300908896038338,0.0023867336567491293,0.7700153589248657
6,10,1,late,1696,0.22560782398460721,0.03791415931069114,0.36398752088616504,0.07320779309296575,0.0010899760527536273,0.5422350168228149
6,10,2,late,1696,0.14215638332536423,0.03609585371109638,0.3914978013628982,0.07882092929544089,0.001044763601385057,0.5562238097190857
6,10,3,late,1696,0.025137553841964855,0.008663050321543839,0.30725107066297463,0.06268803267063416,0.0008168050553649664,0.504514217376709
6,10,4,late,1696,0.001670605087785021,0.0017211113003432828,0.4026025764928732,0.08075163732172995,0.0010762017918750644,0.5251395106315613
6,10,5,late,1696,0.11810241015493812,0.02298034329210003,0.38642727114011166,0.07617159524163067,0.001042658113874495,0.5125784277915955
6,10,6,late,1696,0.2816394911011143,0.07359723945802524,0.3377669836074072,0.06904284873933277,0.000814527680631727,0.4651672840118408
6,10,7,late,1696,0.002355558201290576,0.0026096989974540583,0.3511882676195352,0.07259728607951242,0.00091274589067325,0.47344231605529785
6,10,8,late,1696,0.004569120322540523,0.002107217815766585,0.4970324561188633,0.10096387643594716,0.0013137062778696418,0.6267375349998474
6,10,9,late,1696,0.007875591261240262,0.003475765656764698,0.34238234131421535,0.06939959718670163,0.000907875772099942,0.45595046877861023
6,10,10,late,1696,0.019217430104211404,0.022870069424956015,0.4890894199047322,0.09611342727123204,0.001080207177437842,0.6109495759010315
6,10,11,late,1696,0.004315557419722925,0.0045222642428070356,0.48884206869074404,0.09594382153552597,0.0010711856884881854,0.6226790547370911
6,10,12,late,1696,0.03301203742330893,0.00900236578800996,0.41446944418361076,0.08290920583986806,0.001024722121655941,0.5611048936843872
6,10,13,late,1696,0.12337923272435397,0.017919608437330356,0.38089309259494086,0.08313893850780012,0.0008463721023872495,0.5154358744621277
6,10,14,late,1696,0.01005992951958242,0.0021408239924434174,0.5318696466422138,0.11471637831501891,0.0014460248639807105,0.6887192130088806
6,10,16,late,1696,0.000901275527975331,0.0012349449812259165,0.5318696466422138,0.11471637831501891,0.0014460248639807105,0.6887192130088806
6,11,1,late,1696,0.22560782398460721,0.03791415931069114,0.4046715005238613,0.08147549752655324,0.0010488858679309487,0.5846215486526489
6,11,2,late,1696,0.14215638332536423,0.03609585371109638,0.42861845502275686,0.08668984356568782,0.0010053761070594192,0.5907275080680847
6,11,3,late,1696,0.025137553841964855,0.008663050321543839,0.3491999140859198,0.07130900326636698,0.0008244388736784458,0.5521669387817383
6,11,4,late,1696,0.001670605087785021,0.0017211113003432828,0.43791612622898923,0.08796090745827868,0.0010380810126662254,0.573333740234375
6,11,5,late,1696,0.11810241015493812,0.02298034329210003,0.43169247521476584,0.08559961759194648,0.0010512822773307562,0.5654585957527161
6,11,6,late,1696,0.2816394911011143,0.07359723945802524,0.378768588548893,0.07754823668745574,0.0008339770138263702,0.5168128609657288
6,11,7,late,1696,0.002355558201290576,0.0026096989974540583,0.40551436040811306,0.08305941907269687,0.0009712332393974066,0.5463801026344299
6,11,8,late,1696,0.004569120322540523,0.002107217815766585,0.5758813804679689,0.1150156077599983,0.0015020509017631412,0.7086293697357178
6,11,9,late,1696,0.007875591261240262,0.003475765656764698,0.4290128444280406,0.08578980617045787,0.0010319886496290565,0.5643358826637268
6,11,10,late,1696,0.019217430104211404,0.022870069424956015,0.5211754149893509,0.10268277383265789,0.0010886223753914237,0.653900682926178
6,11,11,late,1696,0.004315557419722925,0.0045222642428070356,0.49319076034280784,0.0971202734846206,0.001016500173136592,0.622488260269165
6,11,12,late,1696,0.03301203742330893,0.00900236578800996,0.40134707807648634,0.08181999989110514,0.0009048186475411057,0.5491148829460144
6,11,13,late,1696,0.12337923272435397,0.017919608437330356,0.37185937442027694,0.08329408794712885,0.0007473218138329685,0.5070610046386719
6,11,14,late,1696,0.01005992951958242,0.0021408239924434174,0.5257799891609602,0.11754901497874984,0.0012961068423464894,0.6847266554832458
6,11,16,late,1696,0.000901275527975331,0.0012349449812259165,0.5257799891609602,0.11754901497874984,0.0012961068423464894,0.6847266554832458
6,12,1,late,1696,0.22560782398460721,0.03791415931069114,0.4015278681048208,0.08216601894206664,0.0010161641985177994,0.5908108949661255
6,12,2,late,1696,0.14215638332536423,0.03609585371109638,0.4321721549147113,0.08856710046445247,0.0009690200095064938,0.5993567705154419
6,12,3,late,1696,0.025137553841964855,0.008663050321543839,0.35295657476081893,0.07262852208079187,0.0007970256847329438,0.5590294599533081
6,12,4,late,1696,0.001670605087785021,0.0017211113003432828,0.4437747785462839,0.09012463642809933,0.0010180698009207845,0.5973384380340576
6,12,5,late,1696,0.11810241015493812,0.02298034329210003,0.43754910537458236,0.08771660574749622,0.0010310168145224452,0.5818498134613037
6,12,6,late,1696,0.2816394911011143,0.07359723945802524,0.3842378095112096,0.08034283586319999,0.0008003497496247292,0.5329870581626892
6,12,7,late,1696,0.002355558201290576,0.0026096989974540583,0.4033588898680634,0.08484299120605006,0.0008790599531494081,0.5490241646766663
6,12,8,late,1696,0.004569120322540523,0.002107217815766585,0.5844510990711981,0.11833048242093658,0.001410020049661398,0.7236832976341248
6,12,9,late,1696,0.007875591261240262,0.003475765656764698,0.44027136151086077,0.08936977016517028,0.000968730659224093,0.5616223216056824
6,12,10,late,1696,0.019217430104211404,0.022870069424956015,0.5686730076888366,0.11291775726535849,0.0010513945017009974,0.7048711776733398
6,12,11,late,1696,0.004315557419722925,0.0045222642428070356,0.5619654149984785,0.11097203550016767,0.001058463123627007,0.6842566132545471
6,12,12,late,1696,0.03301203742330893,0.00900236578800996,0.4441614919510271,0.09022607737359804,0.000914545264095068,0.5788023471832275
6,12,13,late,1696,0.12337923272435397,0.017919608437330356,0.41288174463494764,0.09148046837691189,0.0007562429527752101,0.5383061766624451
6,12,14,late,1696,0.01005992951958242,0.0021408239924434174,0.5585800167333768,0.12217047986476359,0.001296283327974379,0.7028277516365051
6,12,16,late,1696,0.000901275527975331,0.0012349449812259165,0.5585800167333768,0.12217047986476359,0.001296283327974379,0.7028277516365051
6,13,1,late,1696,0.22560782398460721,0.03791415931069114,0.2396945221092742,0.05826090456757699,0.0008491452899761498,0.4943510890007019
6,13,2,late,1696,0.14215638332536423,0.03609585371109638,0.25716957271693247,0.06109034323783531,0.0008032381883822381,0.4980382025241852
6,13,3,late,1696,0.025137553841964855,0.008663050321543839,0.19647033479170958,0.0465941040236826,0.0006709190201945603,0.3419601023197174
6,13,4,late,1696,0.001670605087785021,0.0017211113003432828,0.26249558766797254,0.06057271544477796,0.0008151084766723216,0.4345349967479706
6,13,5,late,1696,0.11810241015493812,0.02298034329210003,0.22709185761009137,0.053792344458887545,0.0007884736405685544,0.38574934005737305
6,13,6,late,1696,0.2816394911011143,0.07359723945802524,0.18301149462480817,0.04869700181503097,0.0006221843068487942,0.3460412621498108
6,13,7,late,1696,0.002355558201290576,0.0026096989974540583,0.2053870986860173,0.055517098902112684,0.0006987139931879938,0.37309756875038147
6,13,8,late,1696,0.004569120322540523,0.002107217815766585,0.4442242593836025,0.10744391749459613,0.0012900320580229163,0.6540396809577942
6,13,9,late,1696,0.007875591261240262,0.003475765656764698,0.3083806041774877,0.07577409051871574,0.0008862611721269786,0.4891984164714813
6,13,10,late,1696,0.019217430104211404,0.022870069424956015,0.3434699209397911,0.08101176231414109,0.0008826152188703418,0.5281714797019958
6,13,11,late,1696,0.004315557419722925,0.0045222642428070356,0.33698996611084747,0.07837351661581062,0.0008885500719770789,0.5039013028144836
6,13,12,late,1696,0.03301203742330893,0.00900236578800996,0.23743392759323162,0.059374686408648826,0.0007491386495530605,0.3874337077140808
6,13,13,late,1696,0.12337923272435397,0.017919608437330356,0.23370890382730583,0.06017666090565435,0.0006342886481434107,0.39639511704444885
6,13,14,late,1696,0.01005992951958242,0.0021408239924434174,0.33778385655167303,0.08020419079001366,0.0010361869353801012,0.4920267164707184
6,13,16,late,1696,0.000901275527975331,0.0012349449812259165,0.33778385655167303,0.08020419079001366,0.0010361869353801012,0.4920267164707184
6,14,1,late,1696,0.22560782398460721,0.03791415931069114,0.19616932286596736,0.04937342466593693,0.0007615486392751336,0.38887521624565125
6,14,2,late,1696,0.14215638332536423,0.03609585371109638,0.22937060126835448,0.05334927416486951,0.0008923829882405698,0.4160977900028229
6,14,3,late,1696,0.025137553841964855,0.008663050321543839,0.19604655178697594,0.04595673596577242,0.000782422604970634,0.29767873883247375
6,14,4,late,1696,0.001670605087785021,0.0017211113003432828,0.22478650658239582,0.05514986713892805,0.0008644064073450863,0.34149396419525146
6,14,5,late,1696,0.11810241015493812,0.02298034329210003,0.1703116795696982,0.04552388326525975,0.0007607924635522068,0.2856118381023407
6,14,6,late,1696,0.2816394911011143,0.07359723945802524,0.12746649993435843,0.04270657724827369,0.0005164216854609549,0.2589237689971924
6,14,7,late,1696,0.002355558201290576,0.0026096989974540583,0.1444234775437233,0.04918610036318806,0.0005799498758278787,0.29202285408973694
6,14,8,late,1696,0.004569120322540523,0.002107217815766585,0.3259005426355903,0.09974572212126771,0.0010344558395445347,0.5542134642601013
6,14,9,late,1696,0.007875591261240262,0.003475765656764698,0.20845983850048005,0.06459851740521261,0.0006988720851950347,0.3842569887638092
6,14,10,late,1696,0.019217430104211404,0.022870069424956015,0.20451931026681844,0.06544861612650453,0.0005718547618016601,0.37360790371894836
6,14,11,late,1696,0.004315557419722925,0.0045222642428070356,0.19168232618618997,0.06221774485164445,0.0005680772592313588,0.35137224197387695
6,14,12,late,1696,0.03301203742330893,0.00900236578800996,0.14013517830731734,0.047608121111014076,0.0005135287647135556,0.2664766013622284
6,14,13,late,1696,0.12337923272435397,0.017919608437330356,0.13693524402834503,0.050992125298101675,0.0004301437584217638,0.31308266520500183
6,14,14,late,1696,0.01005992951958242,0.0021408239924434174,0.22119136932691755,0.06755340126281068,0.0006828783079981804,0.3638232350349426
6,14,16,late,1696,0.000901275527975331,0.0012349449812259165,0.22119136932691755,0.06755340126281068,0.0006828783079981804,0.3638232350349426
6,16,1,late,1696,0.22560782398460721,0.03791415931069114,0.19616932286596736,0.04937342466593693,0.0007615486392751336,0.38887521624565125
6,16,2,late,1696,0.14215638332536423,0.03609585371109638,0.22937060126835448,0.05334927416486951,0.0008923829882405698,0.4160977900028229
6,16,3,late,1696,0.025137553841964855,0.008663050321543839,0.19604655178697594,0.04595673596577242,0.000782422604970634,0.29767873883247375
6,16,4,late,1696,0.001670605087785021,0.0017211113003432828,0.22478650658239582,0.05514986713892805,0.0008644064073450863,0.34149396419525146
6,16,5,late,1696,0.11810241015493812,0.02298034329210003,0.1703116795696982,0.04552388326525975,0.0007607924635522068,0.2856118381023407
6,16,6,late,1696,0.2816394911011143,0.07359723945802524,0.12746649993435843,0.04270657724827369,0.0005164216854609549,0.2589237689971924
6,16,7,late,1696,0.002355558201290576,0.0026096989974540583,0.1444234775437233,0.04918610036318806,0.0005799498758278787,0.29202285408973694
6,16,8,late,1696,0.004569120322540523,0.002107217815766585,0.3259005426355903,0.09974572212126771,0.0010344558395445347,0.5542134642601013
6,16,9,late,1696,0.007875591261240262,0.003475765656764698,0.20845983850048005,0.06459851740521261,0.0006988720851950347,0.3842569887638092
6,16,10,late,1696,0.019217430104211404,0.022870069424956015,0.20451931026681844,0.06544861612650453,0.0005718547618016601,0.37360790371894836
6,16,11,late,1696,0.004315557419722925,0.0045222642428070356,0.19168232618618997,0.06221774485164445,0.0005680772592313588,0.35137224197387695
6,16,12,late,1696,0.03301203742330893,0.00900236578800996,0.14013517830731734,0.047608121111014076,0.0005135287647135556,0.2664766013622284
6,16,13,late,1696,0.12337923272435397,0.017919608437330356,0.13693524402834503,0.050992125298101675,0.0004301437584217638,0.31308266520500183
6,16,14,late,1696,0.01005992951958242,0.0021408239924434174,0.22119136932691755,0.06755340126281068,0.0006828783079981804,0.3638232350349426
6,16,16,late,1696,0.000901275527975331,0.0012349449812259165,0.22119136932691755,0.06755340126281068,0.0006828783079981804,0.3638232350349426
7,1,1,late,259,0.22449440918307148,0.04593064268197922,0.7333867303167675,0.1066072300858361,0.0018880472052842379,0.806643545627594
7,1,2,late,259,0.1486258777295875,0.03782271591406148,0.7285323134006781,0.10672558442924536,0.0021466456819325686,0.8221356868743896
7,1,3,late,259,0.024675274036050278,0.010084676996780168,0.6727864633936392,0.10069892804962789,0.001805757638067007,0.8036292791366577
7,1,4,late,259,0.0061944713276202105,0.002755793628275219,0.7108002085302522,0.10567762789108692,0.0019285996677353978,0.8119999766349792
7,1,5,late,259,0.1058826531529015,0.019218951096555085,0.7077466558011494,0.1061324617312838,0.001924885087646544,0.8100940585136414
7,1,6,late,259,0.1401712899226448,0.027790326185017453,0.6947988004668195,0.10497541405765382,0.0018770508468151093,0.8028852939605713
7,1,7,late,259,0.006689053365427118,0.0037882933907021125,0.7092316612726236,0.10639062767462754,0.0019014683784916997,0.80513995885849
7,1,8,late,259,0.00801185137918832,0.004194667296133983,0.7821604703394804,0.11556186617050296,0.0023787810932844877,0.8732147216796875
7,1,9,late,259,0.01025126440591994,0.004102071754017174,0.7268298920234989,0.10834250159844544,0.002048045163974166,0.8117611408233643
7,1,10,late,259,0.02431168323549049,0.01154751126076498,0.7611105036112735,0.11239176661136088,0.0021658455953001976,0.8529295325279236
7,1,11,late,259,0.010300630463146866,0.005846412854285068,0.7483001838152343,0.11058523714766968,0.001948866993188858,0.8421224355697632
7,1,12,late,259,0.0562925401005138,0.013323297773145136,0.6983800914348013,0.10686668589246111,0.001911354367621243,0.7879416346549988
7,1,13,late,259,0.21401462112113062,0.05224148590869403,0.7386681395533412,0.1092178244518731,0.0016179695958271623,0.8229721188545227
7,1,14,late,259,0.014392470441139713,0.002679511040882606,0.8269641620545688,0.11843214856842,0.002103017643094063,0.9073505997657776
7,1,16,late,259,0.005691910136167394,0.0023707695341438585,0.8269641620545688,0.11843214856842,0.002103017643094063,0.9073505997657776
7,2,1,late,259,0.22449440918307148,0.04593064268197922,0.6993340674884847,0.10053243451336709,0.0019133621826767921,0.7892562747001648
7,2,2,late,259,0.1486258777295875,0.03782271591406148,0.7028401761691528,0.1024867244870404,0.0020789604168385267,0.7984915971755981
7,2,3,late,259,0.024675274036050278,0.010084676996780168,0.6383422872624234,0.09732904404493234,0.0017103219870477915,0.7782400846481323
7,2,4,late,259,0.0061944713276202105,0.002755793628275219,0.6780806217224852,0.10112075615992196,0.0018498870776966214,0.7882087230682373
7,2,5,late,259,0.1058826531529015,0.019218951096555085,0.673778590978605,0.10116973980539501,0.0017849162686616182,0.7805902361869812
7,2,6,late,259,0.1401712899226448,0.027790326185017453,0.6634567800790618,0.10054676418430288,0.0016372131649404764,0.7753556370735168
7,2,7,late,259,0.006689053365427118,0.0037882933907021125,0.6812448577495097,0.1022888168200412,0.001700142864137888,0.7800704836845398
7,2,8,late,259,0.00801185137918832,0.004194667296133983,0.7665601712417821,0.11312453408995038,0.002062183106318116,0.866740882396698
7,2,9,late,259,0.01025126440591994,0.004102071754017174,0.6964615806946207,0.10486502430434648,0.0017120684497058392,0.7924041748046875
7,2,10,late,259,0.02431168323549049,0.01154751126076498,0.75032505576506,0.11001580908927586,0.0019069414120167494,0.8431909084320068
7,2,11,late,259,0.010300630463146866,0.005846412854285068,0.7356043955473891,0.10787670262710522,0.0019442635821178555,0.8351330161094666
7,2,12,late,259,0.0562925401005138,0.013323297773145136,0.6845448337469258,0.10381867312468407,0.0018912930972874165,0.7813467383384705
7,2,13,late,259,0.21401462112113062,0.05224148590869403,0.7361085929545578,0.10768659716142298,0.001820891979150474,0.8276575207710266
7,2,14,late,259,0.014392470441139713,0.002679511040882606,0.8392094044800502,0.11962864597783701,0.0023962953127920628,0.9104431867599487
7,2,16,late,259,0.005691910136167394,0.0023707695341438585,0.8392094044800502,0.11962864597783701,0.0023962953127920628,0.9104431867599487
7,3,1,late,259,0.22449440918307148,0.04593064268197922,0.7076547664750195,0.1021317571662276,0.002113117603585124,0.8024624586105347
7,3,2,late,259,0.1486258777295875,0.03782271591406148,0.7087662798805615,0.1029468629675856,0.0022099034395068884,0.8141747117042542
7,3,3,late,259,0.024675274036050278,0.010084676996780168,0.6470363384699737,0.10165898626638273,0.0018584145000204444,0.8035317659378052
7,3,4,late,259,0.0061944713276202105,0.002755793628275219,0.6873579753812719,0.10199115885794093,0.002010039985179901,0.8003039360046387
7,3,5,late,259,0.1058826531529015,0.019218951096555085,0.6810249460256087,0.10102005656487524,0.0018967511132359505,0.7931970953941345
7,3,6,late,259,0.1401712899226448,0.027790326185017453,0.6738297481370306,0.10074949231722907,0.0018523725448176265,0.7871732115745544
7,3,7,late,259,0.006689053365427118,0.0037882933907021125,0.6915768235364504,0.10246050700087342,0.0019235562067478895,0.8015260100364685
7,3,8,late,259,0.00801185137918832,0.004194667296133983,0.7802951074228712,0.11398191878877646,0.0024106334894895554,0.8796274065971375
7,3,9,late,259,0.01025126440591994,0.004102071754017174,0.7059849535944803,0.10475990560392646,0.0019290422787889838,0.8056010007858276
7,3,10,late,259,0.02431168323549049,0.01154751126076498,0.7589418335006892,0.11024566559830436,0.002117504132911563,0.857602059841156
7,3,11,late,259,0.010300630463146866,0.005846412854285068,0.7573298612262507,0.11005657718336981,0.002250731224194169,0.8551477789878845
7,3,12,late,259,0.0562925401005138,0.013323297773145136,0.6943041319153398,0.1044330511709281,0.002026892267167568,0.7843231558799744
7,3,13,late,259,0.21401462112113062,0.05224148590869403,0.7391153493726224,0.10857636079565686,0.0019339058781042695,0.8303554654121399
7,3,14,late,259,0.014392470441139713,0.002679511040882606,0.8398009659021258,0.11996424889792533,0.0024264201056212187,0.9098729491233826
7,3,16,late,259,0.005691910136167394,0.0023707695341438585,0.8398009659021258,0.11996424889792533,0.0024264201056212187,0.9098729491233826
7,4,1,late,259,0.22449440918307148,0.04593064268197922,0.6848232137658687,0.09969888624336598,0.0019360164878889918,0.7887606024742126
7,4,2,late,259,0.1486258777295875,0.03782271591406148,0.6967279200530233,0.10136647888756502,0.002081099431961775,0.8051570653915405
7,4,3,late,259,0.024675274036050278,0.010084676996780168,0.6377507203760193,0.09585849591417499,0.0017624046886339784,0.7911109328269958
7,4,4,late,259,0.0061944713276202105,0.002755793628275219,0.6768480892330012,0.09915095225562544,0.0019105732208117843,0.7874391078948975
7,4,5,late,259,0.1058826531529015,0.019218951096555085,0.6749726693527089,0.09906738854538416,0.0018931436352431774,0.7847673296928406
7,4,6,late,259,0.1401712899226448,0.027790326185017453,0.6701565801528279,0.09830136862269237,0.0018765338463708758,0.780147910118103
7,4,7,late,259,0.006689053365427118,0.0037882933907021125,0.6881885099877392,0.10009415238937584,0.0019465922378003597,0.7948601245880127
7,4,8,late,259,0.00801185137918832,0.004194667296133983,0.7771832685068998,0.11236414511542231,0.0025635140482336283,0.8746699690818787
7,4,9,late,259,0.01025126440591994,0.004102071754017174,0.7019195437519433,0.10204303294696858,0.0020495669450610876,0.793002188205719
7,4,10,late,259,0.02431168323549049,0.01154751126076498,0.755488500277724,0.10836953052346382,0.0022518355399370193,0.8519006967544556
7,4,11,late,259,0.010300630463146866,0.005846412854285068,0.7355788438464066,0.10561163581720054,0.0019224097486585379,0.833875834941864
7,4,12,late,259,0.0562925401005138,0.013323297773145136,0.6551458981574934,0.09626946976745471,0.0017628258792683482,0.7487499713897705
7,4,13,late,259,0.21401462112113062,0.05224148590869403,0.6974971252686837,0.1021236991180467,0.001641782931983471,0.7939626574516296
7,4,14,late,259,0.014392470441139713,0.002679511040882606,0.8092487242196877,0.11578698203807478,0.0020492118783295155,0.8848281502723694
7,4,16,late,259,0.005691910136167394,0.0023707695341438585,0.8092487242196877,0.11578698203807478,0.0020492118783295155,0.8848281502723694
7,5,1,late,259,0.22449440918307148,0.04593064268197922,0.6613106038538257,0.09773058499163534,0.0017877715872600675,0.7742363214492798
7,5,2,late,259,0.1486258777295875,0.03782271591406148,0.6741366049078829,0.09875481392036518,0.001981473760679364,0.7804374098777771
7,5,3,late,259,0.024675274036050278,0.010084676996780168,0.6179221865795661,0.09438828430722135,0.001724991132505238,0.7791197896003723
7,5,4,late,259,0.0061944713276202105,0.002755793628275219,0.6470908788612659,0.09484682599655699,0.0017762765055522323,0.7581762671470642
7,5,5,late,259,0.1058826531529015,0.019218951096555085,0.6557681407392003,0.09567469629042014,0.001833609538152814,0.7517595291137695
7,5,6,late,259,0.1401712899226448,0.027790326185017453,0.6522909402671992,0.0950816836647784,0.0018300960073247552,0.74796462059021
7,5,7,late,259,0.006689053365427118,0.0037882933907021125,0.6709207427642097,0.09678902304623868,0.0018984238849952817,0.7641795873641968
7,5,8,late,259,0.00801185137918832,0.004194667296133983,0.763044346120338,0.10984938907165838,0.002572809113189578,0.8537290692329407
7,5,9,late,259,0.01025126440591994,0.004102071754017174,0.6854222984067578,0.09879081553149172,0.0020047170110046864,0.7616239190101624
7,5,10,late,259,0.02431168323549049,0.01154751126076498,0.7353744545059717,0.10488331260681427,0.0022308602929115295,0.8233126997947693
7,5,11,late,259,0.010300630463146866,0.005846412854285068,0.7116449207946672,0.1014159738406624,0.002028525108471513,0.7957172393798828
7,5,12,late,259,0.0562925401005138,0.013323297773145136,0.6270323561339973,0.09091071477728037,0.0017311028204858303,0.6992358565330505
7,5,13,late,259,0.21401462112113062,0.05224148590869403,0.667007959731423,0.09778057495838573,0.001578192925080657,0.7681149840354919
7,5,14,late,259,0.014392470441139713,0.002679511040882606,0.7879769559113604,0.11322779918205904,0.001969874370843172,0.8639109134674072
7,5,16,late,259,0.005691910136167394,0.0023707695341438585,0.7879769559113604,0.11322779918205904,0.001969874370843172,0.8639109134674072
7,6,1,late,259,0.22449440918307148,0.04593064268197922,0.6614961138711595,0.09745514895752244,0.0018669740529730916,0.7762771844863892
7,6,2,late,259,0.1486258777295875,0.03782271591406148,0.6788185869953074,0.09888039309847883,0.0020702483598142862,0.7870761752128601
7,6,3,late,259,0.024675274036050278,0.010084676996780168,0.6234193972548341,0.09399533649427287,0.001785807660780847,0.7780693769454956
7,6,4,late,259,0.0061944713276202105,0.002755793628275219,0.6573761844958995,0.09546846927613925,0.0018860679119825363,0.7616938352584839
7,6,5,late,259,0.1058826531529015,0.019218951096555085,0.6655483157904352,0.09633004281875918,0.001946193864569068,0.7542449831962585
7,6,6,late,259,0.1401712899226448,0.027790326185017453,0.6605502501059086,0.09541852015145717,0.0019281510030850768,0.7490851879119873
7,6,7,late,259,0.006689053365427118,0.0037882933907021125,0.6871059069654484,0.0981713648138998,0.0020731298718601465,0.7674914002418518
7,6,8,late,259,0.00801185137918832,0.004194667296133983,0.7809571989858702,0.1110102817332208,0.003024641191586852,0.8532030582427979
7,6,9,late,259,0.01025126440591994,0.004102071754017174,0.6977347628335724,0.09993078722092819,0.0021535574924200773,0.7613595724105835
7,6,10,late,259,0.02431168323549049,0.01154751126076498,0.7465190278891201,0.10550684350136239,0.0024457182735204697,0.8122246265411377
7,6,11,late,259,0.010300630463146866,0.005846412854285068,0.7238907449920104,0.10234339503758222,0.0022239391691982746,0.7844926118850708
7,6,12,late,259,0.0562925401005138,0.013323297773145136,0.6365501312291767,0.09174681786270152,0.0018936294363811612,0.7197124361991882
7,6,13,late,259,0.21401462112113062,0.05224148590869403,0.6624716945602936,0.09530045719490199,0.0015968598891049623,0.7561625242233276
7,6,14,late,259,0.014392470441139713,0.002679511040882606,0.7826318919674842,0.11285696740387828,0.0019063516519963741,0.8513811230659485
7,6,16,late,259,0.005691910136167394,0.0023707695341438585,0.7826318919674842,0.11285696740387828,0.0019063516519963741,0.8513811230659485
7,7,1,late,259,0.22449440918307148,0.04593064268197922,0.6099303934172975,0.09064305859217509,0.0015876778634265065,0.7331541180610657
7,7,2,late,259,0.1486258777295875,0.03782271591406148,0.6287461188792621,0.09240517352520566,0.0016909826081246138,0.7591537833213806
7,7,3,late,259,0.024675274036050278,0.010084676996780168,0.5523947654844847,0.0865080234620359,0.0013606856809929013,0.7203039526939392
7,7,4,late,259,0.0061944713276202105,0.002755793628275219,0.5996116672015055,0.08745947487156928,0.0014866712735965848,0.7180892825126648
7,7,5,late,259,0.1058826531529015,0.019218951096555085,0.6083252575238591,0.08815585400235282,0.0015474343672394753,0.7196873426437378
7,7,6,late,259,0.1401712899226448,0.027790326185017453,0.59943535318733,0.08670371631904242,0.0015265688998624682,0.711155354976654
7,7,7,late,259,0.006689053365427118,0.0037882933907021125,0.6310711228203308,0.09034578881223798,0.001661677728407085,0.7268439531326294
7,7,8,late,259,0.00801185137918832,0.004194667296133983,0.749294950997162,0.10651575154004833,0.0025943173095583916,0.825934648513794
7,7,9,late,259,0.01025126440591994,0.004102071754017174,0.6580978116172485,0.09493016927372042,0.001846936298534274,0.7314733266830444
7,7,10,late,259,0.02431168323549049,0.01154751126076498,0.7241954177332157,0.10248981400646276,0.00222381972707808,0.7971166968345642
7,7,11,late,259,0.010300630463146866,0.005846412854285068,0.6993476472584653,0.09910974350052978,0.0020005209371447563,0.7677913904190063
7,7,12,late,259,0.0562925401005138,0.013323297773145136,0.6065152928010205,0.08824043182789197,0.0017190678045153618,0.7008278369903564
7,7,13,late,259,0.21401462112113062,0.05224148590869403,0.6239259637169482,0.09129576970147459,0.0015080968150869012,0.7195640206336975
7,7,14,late,259,0.014392470441139713,0.002679511040882606,0.7230969110955969,0.1067455235149293,0.0017921474063768983,0.8122703433036804
7,7,16,late,259,0.005691910136167394,0.0023707695341438585,0.7230969110955969,0.1067455235149293,0.0017921474063768983,0.8122703433036804
7,8,1,late,259,0.22449440918307148,0.04593064268197922,0.4673789351653581,0.08039572478103393,0.0012768442975357175,0.6492847800254822
7,8,2,late,259,0.1486258777295875,0.03782271591406148,0.4890096176615251,0.08232846700099372,0.0013766183983534575,0.683742880821228
7,8,3,late,259,0.024675274036050278,0.010084676996780168,0.41606159759083094,0.07627174303423777,0.0011399073991924524,0.6370843648910522
7,8,4,late,259,0.0061944713276202105,0.002755793628275219,0.4635844998462593,0.07697196267328675,0.0012454772368073463,0.6431043744087219
7,8,5,late,259,0.1058826531529015,0.019218951096555085,0.464792779565458,0.07639062832059225,0.001296395086683333,0.6378301382064819
7,8,6,late,259,0.1401712899226448,0.027790326185017453,0.4499930622600896,0.0735894985831493,0.0012361683184280992,0.6201098561286926
7,8,7,late,259,0.006689053365427118,0.0037882933907021125,0.48354929182444734,0.07662786566900036,0.0013456097804009914,0.6382278800010681
7,8,8,late,259,0.00801185137918832,0.004194667296133983,0.6308286730658522,0.09394039641236444,0.0021399385295808315,0.7454501390457153
7,8,9,late,259,0.01025126440591994,0.004102071754017174,0.5169147858207391,0.0802689669069557,0.001523257582448423,0.6370980739593506
7,8,10,late,259,0.02431168323549049,0.01154751126076498,0.6632574306302937,0.09526943431990162,0.0021621573250740767,0.7590582966804504
7,8,11,late,259,0.010300630463146866,0.005846412854285068,0.6567792983511714,0.09421650897916457,0.001978681655600667,0.7462112307548523
7,8,12,late,259,0.0562925401005138,0.013323297773145136,0.5283303516283164,0.07827170528262077,0.0017002965323626995,0.6330257654190063
7,8,13,late,259,0.21401462112113062,0.05224148590869403,0.49580413348564667,0.07594082922576254,0.001464222907088697,0.6121450066566467
7,8,14,late,259,0.014392470441139713,0.002679511040882606,0.6034333067640489,0.09465850520382206,0.0017400258220732212,0.7133793830871582
7,8,16,late,259,0.005691910136167394,0.0023707695341438585,0.6034333067640489,0.09465850520382206,0.0017400258220732212,0.7133793830871582
7,9,1,late,259,0.22449440918307148,0.04593064268197922,0.6261053290096755,0.09257779560432618,0.0017873768229037523,0.7439866662025452
7,9,2,late,259,0.1486258777295875,0.03782271591406148,0.6449608687135214,0.0942675242543788,0.0019622815307229757,0.7636215686798096
7,9,3,late,259,0.024675274036050278,0.010084676996780168,0.569597382950201,0.08943529292362995,0.0015959987649694085,0.7485619783401489
7,9,4,late,259,0.0061944713276202105,0.002755793628275219,0.6331083114042295,0.09176338709911193,0.0018667936092242599,0.7518761157989502
7,9,5,late,259,0.1058826531529015,0.019218951096555085,0.6240020084386317,0.09026756883862605,0.0018531695241108537,0.7256397008895874
7,9,6,late,259,0.1401712899226448,0.027790326185017453,0.6149499823957768,0.08866483889838346,0.001818763674236834,0.7145622372627258
7,9,7,late,259,0.006689053365427118,0.0037882933907021125,0.6381379423652233,0.0914137581496245,0.001875079469755292,0.7200945019721985
7,9,8,late,259,0.00801185137918832,0.004194667296133983,0.745916676410909,0.10602282559501124,0.0027203033678233624,0.8132182359695435
7,9,9,late,259,0.01025126440591994,0.004102071754017174,0.6509039733000639,0.09444980341606983,0.001936698448844254,0.7214752435684204
7,9,10,late,259,0.02431168323549049,0.01154751126076498,0.7189140427861234,0.10213161884277322,0.0022067828103899956,0.78913414478302
7,9,11,late,259,0.010300630463146866,0.005846412854285068,0.6966624571842908,0.09910027883451712,0.002013255376368761,0.7615527510643005
7,9,12,late,259,0.0562925401005138,0.013323297773145136,0.6089490513298409,0.0902241753543074,0.0017858733190223575,0.6997756361961365
7,9,13,late,259,0.21401462112113062,0.05224148590869403,0.5712767136134891,0.08777354887864923,0.001559321186505258,0.6675832867622375
7,9,14,late,259,0.014392470441139713,0.002679511040882606,0.6747255545580565,0.10575815036305859,0.0019135070033371449,0.7774106860160828
7,9,16,late,259,0.005691910136167394,0.0023707695341438585,0.6747255545580565,0.10575815036305859,0.0019135070033371449,0.7774106860160828
7,10,1,late,259,0.22449440918307148,0.04593064268197922,0.5695613723677048,0.08509902777623483,0.0015691097360104322,0.680452287197113
7,10,2,late,259,0.1486258777295875,0.03782271591406148,0.5856527212708756,0.08682580020920147,0.0017196350963786244,0.701947033405304
7,10,3,late,259,0.024675274036050278,0.010084676996780168,0.4964941534241589,0.08338133117741316,0.001348820747807622,0.6712731122970581
7,10,4,late,259,0.0061944713276202105,0.002755793628275219,0.5601408908343208,0.0824977169403071,0.0015904989559203386,0.6769303679466248
7,10,5,late,259,0.1058826531529015,0.019218951096555085,0.5379609663302841,0.07912467357228227,0.0015041292645037174,0.6352277398109436
7,10,6,late,259,0.1401712899226448,0.027790326185017453,0.4962675188862248,0.07296971993761832,0.0012473647948354483,0.5900540351867676
7,10,7,late,259,0.006689053365427118,0.0037882933907021125,0.5265076526168295,0.07683920856666246,0.0013330099172890186,0.6035850644111633
7,10,8,late,259,0.00801185137918832,0.004194667296133983,0.64783136745237,0.09416714361538805,0.0019376525888219476,0.7358646988868713
7,10,9,late,259,0.01025126440591994,0.004102071754017174,0.5369149607163045,0.08113792721685549,0.0013791851233690977,0.629006028175354
7,10,10,late,259,0.02431168323549049,0.01154751126076498,0.6571803567620915,0.09433175665492213,0.0017828097334131598,0.7286723256111145
7,10,11,late,259,0.010300630463146866,0.005846412854285068,0.6374771166408549,0.09212980450474423,0.0016670774202793837,0.7030449509620667
7,10,12,late,259,0.0562925401005138,0.013323297773145136,0.5442268241670623,0.08429474746479879,0.0014861326199024916,0.6599050164222717
7,10,13,late,259,0.21401462112113062,0.05224148590869403,0.49962560776180615,0.08307386622061178,0.0011222573230043054,0.6268315315246582
7,10,14,late,259,0.014392470441139713,0.002679511040882606,0.6095497568626079,0.10228511580754732,0.0013773048995062709,0.7420669198036194
7,10,16,late,259,0.005691910136167394,0.0023707695341438585,0.6095497568626079,0.10228511580754732,0.0013773048995062709,0.7420669198036194
7,11,1,late,259,0.22449440918307148,0.04593064268197922,0.6046124075909781,0.09202550972274555,0.0015186287928372622,0.7208291292190552
7,11,2,late,259,0.1486258777295875,0.03782271591406148,0.6186345869546728,0.09338388690623192,0.001835544710047543,0.7313074469566345
7,11,3,late,259,0.024675274036050278,0.010084676996780168,0.5424825858340947,0.087385387938235,0.001514669507741928,0.7013238668441772
7,11,4,late,259,0.0061944713276202105,0.002755793628275219,0.5919535549669472,0.08855322207444141,0.0017068538581952453,0.6971893906593323
7,11,5,late,259,0.1058826531529015,0.019218951096555085,0.5804560665871847,0.08673137943335714,0.001649260870181024,0.6796397566795349
7,11,6,late,259,0.1401712899226448,0.027790326185017453,0.5423542207118635,0.0823458936179935,0.001448023715056479,0.6423602104187012
7,11,7,late,259,0.006689053365427118,0.0037882933907021125,0.5833177960263817,0.08640360460543944,0.0016354721738025546,0.660576581954956
7,11,8,late,259,0.00801185137918832,0.004194667296133983,0.7160846860935501,0.10401810065936938,0.002408310305327177,0.7892012000083923
7,11,9,late,259,0.01025126440591994,0.004102071754017174,0.6214636027611591,0.09256334574043348,0.0016330797225236893,0.6955652832984924
7,11,10,late,259,0.02431168323549049,0.01154751126076498,0.6847834102719533,0.09935730454207861,0.0019092916045337915,0.7540445327758789
7,11,11,late,259,0.010300630463146866,0.005846412854285068,0.6419779081320081,0.09416140926970906,0.0016579404473304749,0.7280256152153015
7,11,12,late,259,0.0562925401005138,0.013323297773145136,0.5448334287145467,0.08673265315942122,0.0015305622946470976,0.6541019678115845
7,11,13,late,259,0.21401462112113062,0.05224148590869403,0.5017267293710276,0.08935762745240894,0.0010065716924145818,0.6428841948509216
7,11,14,late,259,0.014392470441139713,0.002679511040882606,0.6119607029079089,0.10732756099669072,0.0012539558811113238,0.7308210134506226
7,11,16,late,259,0.005691910136167394,0.0023707695341438585,0.6119607029079089,0.10732756099669072,0.0012539558811113238,0.7308210134506226
7,12,1,late,259,0.22449440918307148,0.04593064268197922,0.6009039018616893,0.092246073608098,0.0014712742995470762,0.7209527492523193
7,12,2,late,259,0.1486258777295875,0.03782271591406148,0.6161161605354118,0.0937210465557905,0.001768326386809349,0.7371070384979248
7,12,3,late,259,0.024675274036050278,0.010084676996780168,0.5403282337909219,0.0871057790524142,0.0014591848012059927,0.7047901153564453
7,12,4,late,259,0.0061944713276202105,0.002755793628275219,0.5916095409680762,0.0892082549378365,0.00166808080393821,0.7006832361221313
7,12,5,late,259,0.1058826531529015,0.019218951096555085,0.5801224952220241,0.08737351426425541,0.001608183840289712,0.686726987361908
7,12,6,late,259,0.1401712899226448,0.027790326185017453,0.5410867360479856,0.08371950871489617,0.0013863199856132269,0.6498473882675171
7,12,7,late,259,0.006689053365427118,0.0037882933907021125,0.573753689941195,0.08706346425309694,0.0015468444908037782,0.6632720232009888
7,12,8,late,259,0.00801185137918832,0.004194667296133983,0.7154967990374862,0.10543200095729643,0.0023305879440158606,0.7979951500892639
7,12,9,late,259,0.01025126440591994,0.004102071754017174,0.6231280305399469,0.09338161664987402,0.001571759465150535,0.705848217010498
7,12,10,late,259,0.02431168323549049,0.01154751126076498,0.7155351690048151,0.1050310137824809,0.0019009335665032268,0.7934004068374634
7,12,11,late,259,0.010300630463146866,0.005846412854285068,0.6948924038440536,0.10210465305248798,0.001805671607144177,0.7726715803146362
7,12,12,late,259,0.0562925401005138,0.013323297773145136,0.5887396675570504,0.0910964064632996,0.0016599693335592747,0.6891160011291504
7,12,13,late,259,0.21401462112113062,0.05224148590869403,0.5448348381795693,0.09519134737608322,0.001043108757585287,0.6717102527618408
7,12,14,late,259,0.014392470441139713,0.002679511040882606,0.6432323624747608,0.11011708874605355,0.0012843142030760646,0.7584298849105835
7,12,16,late,259,0.005691910136167394,0.0023707695341438585,0.6432323624747608,0.11011708874605355,0.0012843142030760646,0.7584298849105835
7,13,1,late,259,0.22449440918307148,0.04593064268197922,0.44778611767015863,0.08759664745890496,0.001205264707095921,0.5792564749717712
7,13,2,late,259,0.1486258777295875,0.03782271591406148,0.44743408552689196,0.08723838673916819,0.0014419353101402521,0.5838401913642883
7,13,3,late,259,0.024675274036050278,0.010084676996780168,0.36189288057972996,0.07152994511125012,0.0012434580130502582,0.49605703353881836
7,13,4,late,259,0.0061944713276202105,0.002755793628275219,0.41454229889299116,0.0791630120212877,0.0013498732587322593,0.5302397012710571
7,13,5,late,259,0.1058826531529015,0.019218951096555085,0.3639327648916537,0.06980059372203497,0.001185344299301505,0.47240522503852844
7,13,6,late,259,0.1401712899226448,0.027790326185017453,0.3209431999611118,0.07037335182504259,0.0010657446691766381,0.4439776539802551
7,13,7,late,259,0.006689053365427118,0.0037882933907021125,0.36421522354072455,0.07721947564761533,0.001231008325703442,0.4947836697101593
7,13,8,late,259,0.00801185137918832,0.004194667296133983,0.6088421039137644,0.11158506496463587,0.0021115124691277742,0.7496145367622375
7,13,9,late,259,0.01025126440591994,0.004102071754017174,0.5081650840026833,0.09659538954422335,0.0015043511521071196,0.6483426690101624
7,13,10,late,259,0.02431168323549049,0.01154751126076498,0.5212718846431923,0.10069147146289002,0.001504248008131981,0.6561263203620911
7,13,11,late,259,0.010300630463146866,0.005846412854285068,0.49594688998008485,0.09570726936352443,0.0014494004426524043,0.6430459022521973
7,13,12,late,259,0.0562925401005138,0.013323297773145136,0.393569809092482,0.0855152154925608,0.0013575152261182666,0.5582824945449829
7,13,13,late,259,0.21401462112113062,0.05224148590869403,0.40742247233672507,0.10552388838054524,0.0008764764061197639,0.5964512825012207
7,13,14,late,259,0.014392470441139713,0.002679511040882606,0.4913185857915999,0.11258839245328339,0.0010755222756415606,0.6564385294914246
7,13,16,late,259,0.005691910136167394,0.0023707695341438585,0.4913185857915999,0.11258839245328339,0.0010755222756415606,0.6564385294914246
7,14,1,late,259,0.22449440918307148,0.04593064268197922,0.387280273049419,0.08087635027357004,0.0009604869410395622,0.49239617586135864
7,14,2,late,259,0.1486258777295875,0.03782271591406148,0.4045782320005424,0.08227407066047153,0.0011579213896766305,0.4999213218688965
7,14,3,late,259,0.024675274036050278,0.010084676996780168,0.34275258567748756,0.07102296261072781,0.0010173909831792116,0.43990635871887207
7,14,4,late,259,0.0061944713276202105,0.002755793628275219,0.3614097503701613,0.07389699844039962,0.0010303569724783301,0.4696924686431885
7,14,5,late,259,0.1058826531529015,0.019218951096555085,0.28610578036042733,0.062173086575410506,0.0009191476856358349,0.4130094647407532
7,14,6,late,259,0.1401712899226448,0.027790326185017453,0.22699393932217674,0.06313940228335128,0.0007236217497847974,0.3923548460006714
7,14,7,late,259,0.006689053365427118,0.0037882933907021125,0.26265185116790235,0.07155005505833592,0.0008087715250439942,0.4419488310813904
7,14,8,late,259,0.00801185137918832,0.004194667296133983,0.4744551017557713,0.10991451486734075,0.0013580950908362865,0.6897646188735962
7,14,9,late,259,0.01025126440591994,0.004102071754017174,0.363506323914583,0.08947565406792765,0.0009900456061586738,0.565708339214325
7,14,10,late,259,0.02431168323549049,0.01154751126076498,0.3379359569939476,0.09212133145466159,0.000836356426589191,0.5502867102622986
7,14,11,late,259,0.010300630463146866,0.005846412854285068,0.30461348646723135,0.08451069485935032,0.0008032446494325995,0.5035918354988098
7,14,12,late,259,0.0562925401005138,0.013323297773145136,0.24092356080003263,0.07482161061007585,0.0007006092928349972,0.4443913698196411
7,14,13,late,259,0.21401462112113062,0.05224148590869403,0.24989997476548798,0.09288408686024084,0.0004914889577776194,0.4985024631023407
7,14,14,late,259,0.014392470441139713,0.002679511040882606,0.336016294233812,0.10252565705982601,0.0006320965476334095,0.5440930724143982
7,14,16,late,259,0.005691910136167394,0.0023707695341438585,0.336016294233812,0.10252565705982601,0.0006320965476334095,0.5440930724143982
7,16,1,late,259,0.22449440918307148,0.04593064268197922,0.387280273049419,0.08087635027357004,0.0009604869410395622,0.49239617586135864
7,16,2,late,259,0.1486258777295875,0.03782271591406148,0.4045782320005424,0.08227407066047153,0.0011579213896766305,0.4999213218688965
7,16,3,late,259,0.024675274036050278,0.010084676996780168,0.34275258567748756,0.07102296261072781,0.0010173909831792116,0.43990635871887207
7,16,4,late,259,0.0061944713276202105,0.002755793628275219,0.3614097503701613,0.07389699844039962,0.0010303569724783301,0.4696924686431885
7,16,5,late,259,0.1058826531529015,0.019218951096555085,0.28610578036042733,0.062173086575410506,0.0009191476856358349,0.4130094647407532
7,16,6,late,259,0.1401712899226448,0.027790326185017453,0.22699393932217674,0.06313940228335128,0.0007236217497847974,0.3923548460006714
7,16,7,late,259,0.006689053365427118,0.0037882933907021125,0.26265185116790235,0.07155005505833592,0.0008087715250439942,0.4419488310813904
7,16,8,late,259,0.00801185137918832,0.004194667296133983,0.4744551017557713,0.10991451486734075,0.0013580950908362865,0.6897646188735962
7,16,9,late,259,0.01025126440591994,0.004102071754017174,0.363506323914583,0.08947565406792765,0.0009900456061586738,0.565708339214325
7,16,10,late,259,0.02431168323549049,0.01154751126076498,0.3379359569939476,0.09212133145466159,0.000836356426589191,0.5502867102622986
7,16,11,late,259,0.010300630463146866,0.005846412854285068,0.30461348646723135,0.08451069485935032,0.0008032446494325995,0.5035918354988098
7,16,12,late,259,0.0562925401005138,0.013323297773145136,0.24092356080003263,0.07482161061007585,0.0007006092928349972,0.4443913698196411
7,16,13,late,259,0.21401462112113062,0.05224148590869403,0.24989997476548798,0.09288408686024084,0.0004914889577776194,0.4985024631023407
7,16,14,late,259,0.014392470441139713,0.002679511040882606,0.336016294233812,0.10252565705982601,0.0006320965476334095,0.5440930724143982
7,16,16,late,259,0.005691910136167394,0.0023707695341438585,0.336016294233812,0.10252565705982601,0.0006320965476334095,0.5440930724143982
8,1,1,late,69,0.331823001588333,0.026683222345512597,0.6202561091024267,0.11345229509026068,0.0016659342218190432,0.7727932929992676
8,1,2,late,69,0.062230482638640026,0.012025628128370002,0.6471868740374466,0.1185513915032301,0.001787539222277701,0.7512590289115906
8,1,3,late,69,0.06554261621224255,0.010469205951194265,0.5800459856771446,0.10663184157309062,0.0014317427994683385,0.6797233819961548
8,1,4,late,69,0.009826487372912664,0.0024979007746933693,0.6533717915695836,0.1204483727307761,0.0018282049568369985,0.7720577120780945
8,1,5,late,69,0.08854650068497522,0.016154891482336935,0.6586910629952056,0.12146914667471306,0.0019258371321484447,0.7729885578155518
8,1,6,late,69,0.1694567696847606,0.046164273604479736,0.6419625201741692,0.11941348335071747,0.0018556567374616861,0.7634735107421875
8,1,7,late,69,0.012415404895159578,0.0056994200945371595,0.6485564343283708,0.12035355994243549,0.0018084723269566894,0.7663334012031555
8,1,8,late,69,0.022975451897494857,0.0033647433086011476,0.7340698305355466,0.1342287784491792,0.002326284535229206,0.845186710357666
8,1,9,late,69,0.017889756672856343,0.003715755073695559,0.678307307354323,0.12499493049106453,0.001960021909326315,0.7855467796325684
8,1,10,late,69,0.04324392067328903,0.041928393005456824,0.7166277064327691,0.13092809499403935,0.0020663156174123287,0.8299782276153564
8,1,11,late,69,0.01721283291246154,0.011755167401456833,0.6940858293513673,0.12894750579002032,0.0016423300839960575,0.8234866857528687
8,1,12,late,69,0.03508895613331789,0.008325399779157132,0.5770594084372177,0.11522387254032562,0.0013640254037454724,0.7322924137115479
8,1,13,late,69,0.09889314810448543,0.014183417642627077,0.6092770924940165,0.1191302228524726,0.0013895101146772504,0.7448593974113464
8,1,14,late,69,0.016307523924332656,0.0020091600258169235,0.7265252157627349,0.13343686580270403,0.002035572426393628,0.8291298151016235
8,1,16,late,69,0.008547146604738683,0.00085564685125792,0.7265252157627349,0.13343686580270403,0.002035572426393628,0.8291298151016235
8,2,1,late,69,0.331823001588333,0.026683222345512597,0.586795516592194,0.10497590818688073,0.0016860185423865914,0.7115010023117065
8,2,2,late,69,0.062230482638640026,0.012025628128370002,0.6105613957945446,0.11023604094436901,0.0017641236772760749,0.705726146697998
8,2,3,late,69,0.06554261621224255,0.010469205951194265,0.5316366187931187,0.09636782172746064,0.0013445677468553185,0.6118643879890442
8,2,4,late,69,0.009826487372912664,0.0024979007746933693,0.6048522868068835,0.11058714226107672,0.0017083616694435477,0.7330600619316101
8,2,5,late,69,0.08854650068497522,0.016154891482336935,0.608081245074467,0.11139232850084563,0.0017477450892329216,0.7311863303184509
8,2,6,late,69,0.1694567696847606,0.046164273604479736,0.5930994028508987,0.10956630606451764,0.0017008478753268719,0.7237407565116882
8,2,7,late,69,0.012415404895159578,0.0056994200945371595,0.6057005619117315,0.11131135262093447,0.001724504167214036,0.7306379079818726
8,2,8,late,69,0.022975451897494857,0.0033647433086011476,0.7068907405938143,0.12821841434138218,0.0022993083111941814,0.8252824544906616
8,2,9,late,69,0.017889756672856343,0.003715755073695559,0.6338706226476157,0.11643077363621417,0.0018429768970236182,0.7474029064178467
8,2,10,late,69,0.04324392067328903,0.041928393005456824,0.6919844246037521,0.12481326085175322,0.002032293239608407,0.8109695911407471
8,2,11,late,69,0.01721283291246154,0.011755167401456833,0.6663969544140433,0.12170511265038896,0.0016013927524909377,0.782208263874054
8,2,12,late,69,0.03508895613331789,0.008325399779157132,0.5454123824045224,0.10514344895791049,0.001341596245765686,0.6712719798088074
8,2,13,late,69,0.09889314810448543,0.014183417642627077,0.5934204910308176,0.11233295159160175,0.0014197707641869783,0.7304767370223999
8,2,14,late,69,0.016307523924332656,0.0020091600258169235,0.7368228877590888,0.13330624500712426,0.0021571817342191935,0.8296400904655457
8,2,16,late,69,0.008547146604738683,0.00085564685125792,0.7368228877590888,0.13330624500712426,0.0021571817342191935,0.8296400904655457
8,3,1,late,69,0.331823001588333,0.026683222345512597,0.5843390272626572,0.10533744759492081,0.0016792077803984284,0.742804229259491
8,3,2,late,69,0.062230482638640026,0.012025628128370002,0.6066379016788298,0.10942071778170769,0.001777085941284895,0.7169599533081055
8,3,3,late,69,0.06554261621224255,0.010469205951194265,0.5311011141975936,0.09734398651373129,0.0013495087623596191,0.6237871646881104
8,3,4,late,69,0.009826487372912664,0.0024979007746933693,0.6052084942601378,0.10978420454652402,0.0017146373866125941,0.7414516806602478
8,3,5,late,69,0.08854650068497522,0.016154891482336935,0.6092444260139018,0.1101596576865985,0.001754819881170988,0.7396878600120544
8,3,6,late,69,0.1694567696847606,0.046164273604479736,0.5973891080036571,0.10873850466399533,0.0017201409209519625,0.733810544013977
8,3,7,late,69,0.012415404895159578,0.0056994200945371595,0.6111347958330821,0.11056960138880093,0.0017709730891510844,0.740546464920044
8,3,8,late,69,0.022975451897494857,0.0033647433086011476,0.718372571700509,0.12892608317477172,0.00244985637255013,0.8375946283340454
8,3,9,late,69,0.017889756672856343,0.003715755073695559,0.6390544144753907,0.11555724307373107,0.0018926330376416445,0.7568998336791992
8,3,10,late,69,0.04324392067328903,0.041928393005456824,0.6941877449727685,0.12427868228395211,0.002043425804004073,0.8183282613754272
8,3,11,late,69,0.01721283291246154,0.011755167401456833,0.6823460128161706,0.12337935884457962,0.0017477873479947448,0.8013250231742859
8,3,12,late,69,0.03508895613331789,0.008325399779157132,0.5433317269654134,0.10507168061258383,0.0013246306916698813,0.6809136867523193
8,3,13,late,69,0.09889314810448543,0.014183417642627077,0.5857850222315207,0.1125665002442151,0.0013436415465548635,0.7337870597839355
8,3,14,late,69,0.016307523924332656,0.0020091600258169235,0.7286717400251739,0.1323592451567677,0.002043318934738636,0.8320125937461853
8,3,16,late,69,0.008547146604738683,0.00085564685125792,0.7286717400251739,0.1323592451567677,0.002043318934738636,0.8320125937461853
8,4,1,late,69,0.331823001588333,0.026683222345512597,0.5757668127096596,0.10374224636662928,0.0016587938880547881,0.737107515335083
8,4,2,late,69,0.062230482638640026,0.012025628128370002,0.5988545940153004,0.10793220392601709,0.0017681042663753033,0.7100307941436768
8,4,3,late,69,0.06554261621224255,0.010469205951194265,0.5308755057361112,0.09617885132470276,0.001348184305243194,0.62548828125
8,4,4,late,69,0.009826487372912664,0.0024979007746933693,0.5957414077129215,0.10738921876813315,0.0016805569175630808,0.6993758678436279
8,4,5,late,69,0.08854650068497522,0.016154891482336935,0.6031112721345077,0.10849665603134201,0.0017321181949228048,0.6991839408874512
8,4,6,late,69,0.1694567696847606,0.046164273604479736,0.5912453333823604,0.10696204615985805,0.0017006996786221862,0.6924623250961304
8,4,7,late,69,0.012415404895159578,0.0056994200945371595,0.6056266868945913,0.10883488266364724,0.0017571611097082496,0.7005602121353149
8,4,8,late,69,0.022975451897494857,0.0033647433086011476,0.713083964333856,0.12757830488924302,0.002419771859422326,0.8079977035522461
8,4,9,late,69,0.017889756672856343,0.003715755073695559,0.6328255040402375,0.11351472309737583,0.0018693783786147833,0.7227733731269836
8,4,10,late,69,0.04324392067328903,0.041928393005456824,0.688551535124661,0.1227671844708238,0.0020183222368359566,0.7861168384552002
8,4,11,late,69,0.01721283291246154,0.011755167401456833,0.6548419459908525,0.11744972701846754,0.001679811393842101,0.7525851130485535
8,4,12,late,69,0.03508895613331789,0.008325399779157132,0.5217915680647517,0.09830192598151018,0.0013074408052489161,0.626370370388031
8,4,13,late,69,0.09889314810448543,0.014183417642627077,0.5579917480177043,0.10639815042448288,0.0012862324947491288,0.6864158511161804
8,4,14,late,69,0.016307523924332656,0.0020091600258169235,0.7030601031383149,0.12725432210474388,0.0019637939985841513,0.7943875193595886
8,4,16,late,69,0.008547146604738683,0.00085564685125792,0.7030601031383149,0.12725432210474388,0.0019637939985841513,0.7943875193595886
8,5,1,late,69,0.331823001588333,0.026683222345512597,0.5611204192113213,0.10095387955102009,0.0016311326762661338,0.7217869758605957
8,5,2,late,69,0.062230482638640026,0.012025628128370002,0.5857959456296394,0.105723052086551,0.001738623483106494,0.7039482593536377
8,5,3,late,69,0.06554261621224255,0.010469205951194265,0.5226035490952621,0.09523488247877078,0.001362826325930655,0.6216965913772583
8,5,4,late,69,0.009826487372912664,0.0024979007746933693,0.5759122203056957,0.10354612654370944,0.0016136281192302704,0.6678014993667603
8,5,5,late,69,0.08854650068497522,0.016154891482336935,0.5947933772332508,0.10651168880873113,0.0017326361266896129,0.6877102255821228
8,5,6,late,69,0.1694567696847606,0.046164273604479736,0.5844389659949861,0.10515017844473472,0.0017129797488451004,0.6721163988113403
8,5,7,late,69,0.012415404895159578,0.0056994200945371595,0.5989325965056196,0.10694695996018583,0.001769848051480949,0.6929194927215576
8,5,8,late,69,0.022975451897494857,0.0033647433086011476,0.7068443482782206,0.12607137506974034,0.002437232295051217,0.7936399579048157
8,5,9,late,69,0.017889756672856343,0.003715755073695559,0.6264958201951442,0.11187543499484644,0.0018883961020037532,0.7293313145637512
8,5,10,late,69,0.04324392067328903,0.041928393005456824,0.6764088814936416,0.12030200905784351,0.002013234421610832,0.7673031687736511
8,5,11,late,69,0.01721283291246154,0.011755167401456833,0.6377549492517837,0.11469000590831326,0.0016210280591621995,0.7550274133682251
8,5,12,late,69,0.03508895613331789,0.008325399779157132,0.5026485854624838,0.09584367902307721,0.0012616707244887948,0.6511864066123962
8,5,13,late,69,0.09889314810448543,0.014183417642627077,0.5346751866568609,0.10347713008002492,0.0012376396916806698,0.6974834203720093
8,5,14,late,69,0.016307523924332656,0.0020091600258169235,0.6844804549363671,0.12443939173714333,0.001894888118840754,0.7698874473571777
8,5,16,late,69,0.008547146604738683,0.00085564685125792,0.6844804549363671,0.12443939173714333,0.001894888118840754,0.7698874473571777
8,6,1,late,69,0.331823001588333,0.026683222345512597,0.5629828154882146,0.1005896005427635,0.0016378164291381836,0.6989014744758606
8,6,2,late,69,0.062230482638640026,0.012025628128370002,0.592022532463897,0.10651128054346522,0.0017806667601689696,0.7014825344085693
8,6,3,late,69,0.06554261621224255,0.010469205951194265,0.5288804920704063,0.09618267706115687,0.0014057657681405544,0.6368652582168579
8,6,4,late,69,0.009826487372912664,0.0024979007746933693,0.5874912168331228,0.10510094932871664,0.001707159448415041,0.6852428913116455
8,6,5,late,69,0.08854650068497522,0.016154891482336935,0.6058277593287842,0.10799752067336406,0.0018323524855077267,0.7045688033103943
8,6,6,late,69,0.1694567696847606,0.046164273604479736,0.5938862589056321,0.1062605904224027,0.0017982159042730927,0.6878476142883301
8,6,7,late,69,0.012415404895159578,0.0056994200945371595,0.6158535519085042,0.1092343789599239,0.0019257253734394908,0.7124242782592773
8,6,8,late,69,0.022975451897494857,0.0033647433086011476,0.734206469344866,0.1296785513715867,0.0028549262788146734,0.8197165131568909
8,6,9,late,69,0.017889756672856343,0.003715755073695559,0.6393206581520592,0.11358278161688425,0.002021250780671835,0.7442492246627808
8,6,10,late,69,0.04324392067328903,0.041928393005456824,0.6911014449559962,0.12204967948358712,0.0021991650573909283,0.7841126322746277
8,6,11,late,69,0.01721283291246154,0.011755167401456833,0.6541242207555721,0.1168209514808687,0.0017708010273054242,0.7736409306526184
8,6,12,late,69,0.03508895613331789,0.008325399779157132,0.515696639756915,0.09723221582521695,0.001375169842503965,0.6688394546508789
8,6,13,late,69,0.09889314810448543,0.014183417642627077,0.5302761783502807,0.09954032009913241,0.0013089497806504369,0.6849148273468018
8,6,14,late,69,0.016307523924332656,0.0020091600258169235,0.6771452564482942,0.1235294301899733,0.0019964363891631365,0.7464497089385986
8,6,16,late,69,0.008547146604738683,0.00085564685125792,0.6771452564482942,0.1235294301899733,0.0019964363891631365,0.7464497089385986
8,7,1,late,69,0.331823001588333,0.026683222345512597,0.5121044308298092,0.0937572798228583,0.0013220985420048237,0.6735243201255798
8,7,2,late,69,0.062230482638640026,0.012025628128370002,0.5399920285318344,0.09997689289201273,0.0013783664908260107,0.6732063889503479
8,7,3,late,69,0.06554261621224255,0.010469205951194265,0.4577556422294077,0.08730470657831339,0.0010360294254496694,0.5699996948242188
8,7,4,late,69,0.009826487372912664,0.0024979007746933693,0.529369385776353,0.09693588507841958,0.0013069086708128452,0.6311737895011902
8,7,5,late,69,0.08854650068497522,0.016154891482336935,0.5482093568256907,0.09941617357175252,0.0014187009073793888,0.6515061855316162
8,7,6,late,69,0.1694567696847606,0.046164273604479736,0.533583566347353,0.09706192112321134,0.0014126752503216267,0.6332484483718872
8,7,7,late,69,0.012415404895159578,0.0056994200945371595,0.5596626561617587,0.10104021054586025,0.001531578367576003,0.6749235987663269
8,7,8,late,69,0.022975451897494857,0.0033647433086011476,0.7008193151492194,0.12441594981471585,0.0024700933136045933,0.7967446446418762
8,7,9,late,69,0.017889756672856343,0.003715755073695559,0.5991949240552208,0.10794703494673924,0.001748597831465304,0.7150046825408936
8,7,10,late,69,0.04324392067328903,0.041928393005456824,0.665186806909227,0.1177338757552792,0.0020263446494936943,0.7594069242477417
8,7,11,late,69,0.01721283291246154,0.011755167401456833,0.6238125646993032,0.11217995441108995,0.0016141528030857444,0.746938169002533
8,7,12,late,69,0.03508895613331789,0.008325399779157132,0.4789152787880216,0.09202073268564412,0.0012534764828160405,0.6355969309806824
8,7,13,late,69,0.09889314810448543,0.014183417642627077,0.47823009250408877,0.08995765417755339,0.001137930084951222,0.6135491132736206
8,7,14,late,69,0.016307523924332656,0.0020091600258169235,0.5937644772525148,0.11096214692896857,0.0016518860356882215,0.6993165016174316
8,7,16,late,69,0.008547146604738683,0.00085564685125792,0.5937644772525148,0.11096214692896857,0.0016518860356882215,0.6993165016174316
8,8,1,late,69,0.331823001588333,0.026683222345512597,0.39745251849408436,0.08018952905452945,0.0011351968860253692,0.5250858664512634
8,8,2,late,69,0.062230482638640026,0.012025628128370002,0.41927214711904526,0.08624245630726085,0.0011665195925161242,0.5485313534736633
8,8,3,late,69,0.06554261621224255,0.010469205951194265,0.34654203367645625,0.07520081557427888,0.0009022846352308989,0.47238674759864807
8,8,4,late,69,0.009826487372912664,0.0024979007746933693,0.41437470747927285,0.08385533208731064,0.0011382348602637649,0.5395058989524841
8,8,5,late,69,0.08854650068497522,0.016154891482336935,0.4254042959950891,0.08506162365542323,0.0012356173247098923,0.5548263192176819
8,8,6,late,69,0.1694567696847606,0.046164273604479736,0.40484098496549914,0.08110319500784023,0.001189246540889144,0.5266416668891907
8,8,7,late,69,0.012415404895159578,0.0056994200945371595,0.4307300954486878,0.08560202456927514,0.0012893681414425373,0.5616190433502197
8,8,8,late,69,0.022975451897494857,0.0033647433086011476,0.5924130812645012,0.1094864939781067,0.002118090633302927,0.7080143690109253
8,8,9,late,69,0.017889756672856343,0.003715755073695559,0.47478310517170397,0.09185424526030174,0.001499258796684444,0.6082960963249207
8,8,10,late,69,0.04324392067328903,0.041928393005456824,0.6053579388982684,0.10927289817595126,0.001979420892894268,0.7036569714546204
8,8,11,late,69,0.01721283291246154,0.011755167401456833,0.5806014966860792,0.10728698233039169,0.0015864885644987226,0.716063380241394
8,8,12,late,69,0.03508895613331789,0.008325399779157132,0.4044870962726249,0.08160607248132679,0.0012319865636527538,0.5711212754249573
8,8,13,late,69,0.09889314810448543,0.014183417642627077,0.35460255238349025,0.06832239108554522,0.0011151513317599893,0.4851091206073761
8,8,14,late,69,0.016307523924332656,0.0020091600258169235,0.45967078216515644,0.08974124701876386,0.0016188349109143019,0.5653117299079895
8,8,16,late,69,0.008547146604738683,0.00085564685125792,0.45967078216515644,0.08974124701876386,0.0016188349109143019,0.5653117299079895
8,9,1,late,69,0.331823001588333,0.026683222345512597,0.5180928228014702,0.09351324129150025,0.0014567149337381124,0.6242077350616455
8,9,2,late,69,0.062230482638640026,0.012025628128370002,0.5252177543074324,0.09598460752379208,0.0014226611237972975,0.6236754655838013
8,9,3,late,69,0.06554261621224255,0.010469205951194265,0.44295718963595404,0.08370934927211197,0.0010813077678903937,0.5418334603309631
8,9,4,late,69,0.009826487372912664,0.0024979007746933693,0.5309813024418807,0.09525343041371681,0.0014603100717067719,0.6212631464004517
8,9,5,late,69,0.08854650068497522,0.016154891482336935,0.532726760312537,0.09600832087184673,0.001511840964667499,0.630804717540741
8,9,6,late,69,0.1694567696847606,0.046164273604479736,0.5168682093026818,0.09325577603480759,0.0014976562233641744,0.6090038418769836
8,9,7,late,69,0.012415404895159578,0.0056994200945371595,0.5352088787468097,0.0967931520649023,0.0015440447023138404,0.6385586857795715
8,9,8,late,69,0.022975451897494857,0.0033647433086011476,0.6690893367614489,0.11900609474126202,0.0023141461424529552,0.7603873014450073
8,9,9,late,69,0.017889756672856343,0.003715755073695559,0.5591370320855302,0.10179978282614909,0.001638126908801496,0.6702244281768799
8,9,10,late,69,0.04324392067328903,0.041928393005456824,0.6288569649188793,0.11253421366731271,0.001791211892850697,0.7212936282157898
8,9,11,late,69,0.01721283291246154,0.011755167401456833,0.5856986736770773,0.10677569061414424,0.001446362235583365,0.7165185213088989
8,9,12,late,69,0.03508895613331789,0.008325399779157132,0.43166694914301235,0.08541962303930567,0.0011594230309128761,0.5974463224411011
8,9,13,late,69,0.09889314810448543,0.014183417642627077,0.37056624997690646,0.07082654477158978,0.0009936870774254203,0.5009967088699341
8,9,14,late,69,0.016307523924332656,0.0020091600258169235,0.47932260793269327,0.09395292993048811,0.001483760541304946,0.5887921452522278
8,9,16,late,69,0.008547146604738683,0.00085564685125792,0.47932260793269327,0.09395292993048811,0.001483760541304946,0.5887921452522278
8,10,1,late,69,0.331823001588333,0.026683222345512597,0.4833672635436085,0.08803902923086478,0.001390359248034656,0.6163462400436401
8,10,2,late,69,0.062230482638640026,0.012025628128370002,0.48794331538248,0.09005757936767901,0.0013554436154663563,0.5971167087554932
8,10,3,late,69,0.06554261621224255,0.010469205951194265,0.39591355284210294,0.07554919999343473,0.0009957222500815988,0.49430257081985474
8,10,4,late,69,0.009826487372912664,0.0024979007746933693,0.48317503004226886,0.0871448489163652,0.0013556417543441057,0.5650753974914551
8,10,5,late,69,0.08854650068497522,0.016154891482336935,0.4726460768058356,0.08586467238540972,0.0013370196102187037,0.5702289938926697
8,10,6,late,69,0.1694567696847606,0.046164273604479736,0.41948436148653645,0.07806277889585904,0.0011144860181957483,0.5158914923667908
8,10,7,late,69,0.012415404895159578,0.0056994200945371595,0.44593947924727545,0.083702906521749,0.0011910184985026717,0.5640174150466919
8,10,8,late,69,0.022975451897494857,0.0033647433086011476,0.5828831145182198,0.10690146331235657,0.0017592206131666899,0.6942691206932068
8,10,9,late,69,0.017889756672856343,0.003715755073695559,0.4654786479153225,0.08889675863016247,0.0012451071524992585,0.592557966709137
8,10,10,late,69,0.04324392067328903,0.041928393005456824,0.5789387142353192,0.10446542007417434,0.0015462716110050678,0.6807622313499451
8,10,11,late,69,0.01721283291246154,0.011755167401456833,0.5366271738944899,0.09923931840391456,0.0012913406826555729,0.6695283055305481
8,10,12,late,69,0.03508895613331789,0.008325399779157132,0.38446067630792496,0.0778922038106425,0.001005525584332645,0.5455843210220337
8,10,13,late,69,0.09889314810448543,0.014183417642627077,0.3207648367388174,0.06524080751498543,0.0009173103608191013,0.4491260349750519
8,10,14,late,69,0.016307523924332656,0.0020091600258169235,0.4252879428255466,0.08768208815914677,0.001369768287986517,0.5373875498771667
8,10,16,late,69,0.008547146604738683,0.00085564685125792,0.4252879428255466,0.08768208815914677,0.001369768287986517,0.5373875498771667
8,11,1,late,69,0.331823001588333,0.026683222345512597,0.5026952946774553,0.09087928600728985,0.0014697395963594317,0.6145915389060974
8,11,2,late,69,0.062230482638640026,0.012025628128370002,0.5045191305757001,0.09274397038155491,0.0014328333782032132,0.599482536315918
8,11,3,late,69,0.06554261621224255,0.010469205951194265,0.42192163589356496,0.07945234991351477,0.0011040500830858946,0.5102863311767578
8,11,4,late,69,0.009826487372912664,0.0024979007746933693,0.5001432224770711,0.09091063610628332,0.0014364327071234584,0.5883954763412476
8,11,5,late,69,0.08854650068497522,0.016154891482336935,0.49903444596228824,0.09069632751518264,0.0014808493433520198,0.5890159010887146
8,11,6,late,69,0.1694567696847606,0.046164273604479736,0.44931373352596565,0.08399006251762352,0.001277087489143014,0.5497955083847046
8,11,7,late,69,0.012415404895159578,0.0056994200945371595,0.4881090722181767,0.08999196985780458,0.0014424400869756937,0.5750908255577087
8,11,8,late,69,0.022975451897494857,0.0033647433086011476,0.6508084444929778,0.11753025629124197,0.0023897658102214336,0.7373771071434021
8,11,9,late,69,0.017889756672856343,0.003715755073695559,0.5342903780950017,0.096867876582101,0.0017506984295323491,0.6022070050239563
8,11,10,late,69,0.04324392067328903,0.041928393005456824,0.6053766393376029,0.10943418959624875,0.0018167089438065886,0.6839108467102051
8,11,11,late,69,0.01721283291246154,0.011755167401456833,0.5386736405662437,0.09937534670503875,0.0013582910178229213,0.6517652273178101
8,11,12,late,69,0.03508895613331789,0.008325399779157132,0.3708957797608109,0.07488481227711677,0.00099846045486629,0.5181710720062256
8,11,13,late,69,0.09889314810448543,0.014183417642627077,0.31169780013252696,0.06646189690465842,0.0009470743825659156,0.4257296323776245
8,11,14,late,69,0.016307523924332656,0.0020091600258169235,0.4186491491121199,0.09183684482038909,0.0014430604642257094,0.5426211953163147
8,11,16,late,69,0.008547146604738683,0.00085564685125792,0.4186491491121199,0.09183684482038909,0.0014430604642257094,0.5426211953163147
8,12,1,late,69,0.331823001588333,0.026683222345512597,0.4979073864178381,0.09056138452640737,0.0014428164577111602,0.6186466217041016
8,12,2,late,69,0.062230482638640026,0.012025628128370002,0.5021983145236752,0.09250936654250998,0.0014198195422068238,0.6020416617393494
8,12,3,late,69,0.06554261621224255,0.010469205951194265,0.4201554554528084,0.0788567290540908,0.0010973294265568256,0.5137079954147339
8,12,4,late,69,0.009826487372912664,0.0024979007746933693,0.5000418531590317,0.09109001112231777,0.0014483083505183458,0.5924106240272522
8,12,5,late,69,0.08854650068497522,0.016154891482336935,0.4989362560749135,0.09080579624912584,0.001493091695010662,0.5934836864471436
8,12,6,late,69,0.1694567696847606,0.046164273604479736,0.44754239953750663,0.08486444522891032,0.001287647639401257,0.5543670654296875
8,12,7,late,69,0.012415404895159578,0.0056994200945371595,0.4779197691713689,0.09008176524460178,0.0014075213111937046,0.57420814037323
8,12,8,late,69,0.022975451897494857,0.0033647433086011476,0.6513014238604439,0.11917317046925936,0.002418413758277893,0.7448539733886719
8,12,9,late,69,0.017889756672856343,0.003715755073695559,0.5372537093294406,0.09858237100961434,0.0017716990550979972,0.6117339134216309
8,12,10,late,69,0.04324392067328903,0.041928393005456824,0.6397432947794542,0.1169649128796124,0.001962218899279833,0.7270762920379639
8,12,11,late,69,0.01721283291246154,0.011755167401456833,0.5948924694254157,0.10976361020895044,0.0016024307115003467,0.6837707757949829
8,12,12,late,69,0.03508895613331789,0.008325399779157132,0.4098251963530303,0.08085455224390313,0.0011472791666164994,0.5425235033035278
8,12,13,late,69,0.09889314810448543,0.014183417642627077,0.34575636012216465,0.07381098242461606,0.0010467690881341696,0.4587993919849396
8,12,14,late,69,0.016307523924332656,0.0020091600258169235,0.446662878246465,0.0978867266910756,0.0015454464592039585,0.5808293223381042
8,12,16,late,69,0.008547146604738683,0.00085564685125792,0.446662878246465,0.0978867266910756,0.0015454464592039585,0.5808293223381042
8,13,1,late,69,0.331823001588333,0.026683222345512597,0.3194728528885036,0.07395070210787372,0.0012226495891809464,0.522261381149292
8,13,2,late,69,0.062230482638640026,0.012025628128370002,0.3178679445029601,0.07272381001884354,0.0012251980369910598,0.4754396677017212
8,13,3,late,69,0.06554261621224255,0.010469205951194265,0.2427210085443221,0.05548835952312075,0.0009418752742931247,0.37720176577568054
8,13,4,late,69,0.009826487372912664,0.0024979007746933693,0.306857295295534,0.06841429448181235,0.0011824212269857526,0.4519284963607788
8,13,5,late,69,0.08854650068497522,0.016154891482336935,0.2723124641891353,0.05976960110235281,0.0011320151388645172,0.4123043417930603
8,13,6,late,69,0.1694567696847606,0.046164273604479736,0.22497840120754056,0.05659004586110098,0.0009772898629307747,0.3779994547367096
8,13,7,late,69,0.012415404895159578,0.0056994200945371595,0.2579732588424847,0.06381066168986539,0.001092256628908217,0.40690284967422485
8,13,8,late,69,0.022975451897494857,0.0033647433086011476,0.5149415433136881,0.11282854692722274,0.002147369086742401,0.6940184831619263
8,13,9,late,69,0.017889756672856343,0.003715755073695559,0.39921092323155777,0.08812303251067824,0.00157302082516253,0.5400102734565735
8,13,10,late,69,0.04324392067328903,0.041928393005456824,0.41463837564409967,0.09359137227413208,0.0015519749140366912,0.567603588104248
8,13,11,late,69,0.01721283291246154,0.011755167401456833,0.3681964551679034,0.08421342582620882,0.0012673125602304935,0.5114354491233826
8,13,12,late,69,0.03508895613331789,0.008325399779157132,0.22755539195740299,0.05731604105586389,0.0009716321947053075,0.32582011818885803
8,13,13,late,69,0.09889314810448543,0.014183417642627077,0.20930667481118598,0.05693248597316982,0.0009480321896262467,0.31660208106040955
8,13,14,late,69,0.016307523924332656,0.0020091600258169235,0.27425218911409593,0.06759728131693223,0.001353110303170979,0.386400431394577
8,13,16,late,69,0.008547146604738683,0.00085564685125792,0.27425218911409593,0.06759728131693223,0.001353110303170979,0.386400431394577
8,14,1,late,69,0.331823001588333,0.026683222345512597,0.2468114395160228,0.05982676113398022,0.0009184158407151699,0.40028300881385803
8,14,2,late,69,0.062230482638640026,0.012025628128370002,0.26398897610530525,0.05955551356866299,0.0010066699469462037,0.3374502658843994
8,14,3,late,69,0.06554261621224255,0.010469205951194265,0.2183857036820289,0.04971341377440255,0.0008230523089878261,0.2906056344509125
8,14,4,late,69,0.009826487372912664,0.0024979007746933693,0.2430631417833417,0.05733227910732043,0.0008671592804603279,0.3209475874900818
8,14,5,late,69,0.08854650068497522,0.016154891482336935,0.18256769453148372,0.04416003512067967,0.0007695378735661507,0.2726292014122009
8,14,6,late,69,0.1694567696847606,0.046164273604479736,0.13545258646068312,0.04118345626451756,0.0006105329375714064,0.23643159866333008
8,14,7,late,69,0.012415404895159578,0.0056994200945371595,0.15825044462521412,0.04803421312942553,0.0006823844742029905,0.27278804779052734
8,14,8,late,69,0.022975451897494857,0.0033647433086011476,0.35187895020530763,0.09720443102773073,0.0012326837750151753,0.5486002564430237
8,14,9,late,69,0.017889756672856343,0.003715755073695559,0.24399927687119233,0.06851984887028652,0.0008635144331492484,0.40293028950691223
8,14,10,late,69,0.04324392067328903,0.041928393005456824,0.22007762568081607,0.06442525643239626,0.0008041794644668698,0.3981599509716034
8,14,11,late,69,0.01721283291246154,0.011755167401456833,0.18154442099098494,0.05268662847694657,0.0006118835881352425,0.3347558081150055
8,14,12,late,69,0.03508895613331789,0.008325399779157132,0.11206964732306349,0.03475232342108407,0.0005377056659199297,0.21518856287002563
8,14,13,late,69,0.09889314810448543,0.014183417642627077,0.10074583512850686,0.03468968802872087,0.00048114682431332767,0.21633003652095795
8,14,14,late,69,0.016307523924332656,0.0020091600258169235,0.14999348828417208,0.044220704425698996,0.0007198217208497226,0.2658650875091553
8,14,16,late,69,0.008547146604738683,0.00085564685125792,0.14999348828417208,0.044220704425698996,0.0007198217208497226,0.2658650875091553
8,16,1,late,69,0.331823001588333,0.026683222345512597,0.2468114395160228,0.05982676113398022,0.0009184158407151699,0.40028300881385803
8,16,2,late,69,0.062230482638640026,0.012025628128370002,0.26398897610530525,0.05955551356866299,0.0010066699469462037,0.3374502658843994
8,16,3,late,69,0.06554261621224255,0.010469205951194265,0.2183857036820289,0.04971341377440255,0.0008230523089878261,0.2906056344509125
8,16,4,late,69,0.009826487372912664,0.0024979007746933693,0.2430631417833417,0.05733227910732043,0.0008671592804603279,0.3209475874900818
8,16,5,late,69,0.08854650068497522,0.016154891482336935,0.18256769453148372,0.04416003512067967,0.0007695378735661507,0.2726292014122009
8,16,6,late,69,0.1694567696847606,0.046164273604479736,0.13545258646068312,0.04118345626451756,0.0006105329375714064,0.23643159866333008
8,16,7,late,69,0.012415404895159578,0.0056994200945371595,0.15825044462521412,0.04803421312942553,0.0006823844742029905,0.27278804779052734
8,16,8,late,69,0.022975451897494857,0.0033647433086011476,0.35187895020530763,0.09720443102773073,0.0012326837750151753,0.5486002564430237
8,16,9,late,69,0.017889756672856343,0.003715755073695559,0.24399927687119233,0.06851984887028652,0.0008635144331492484,0.40293028950691223
8,16,10,late,69,0.04324392067328903,0.041928393005456824,0.22007762568081607,0.06442525643239626,0.0008041794644668698,0.3981599509716034
8,16,11,late,69,0.01721283291246154,0.011755167401456833,0.18154442099098494,0.05268662847694657,0.0006118835881352425,0.3347558081150055
8,16,12,late,69,0.03508895613331789,0.008325399779157132,0.11206964732306349,0.03475232342108407,0.0005377056659199297,0.21518856287002563
8,16,13,late,69,0.09889314810448543,0.014183417642627077,0.10074583512850686,0.03468968802872087,0.00048114682431332767,0.21633003652095795
8,16,14,late,69,0.016307523924332656,0.0020091600258169235,0.14999348828417208,0.044220704425698996,0.0007198217208497226,0.2658650875091553
8,16,16,late,69,0.008547146604738683,0.00085564685125792,0.14999348828417208,0.044220704425698996,0.0007198217208497226,0.2658650875091553
9,1,1,late,117,0.34875181241923847,0.05297387639272168,0.6752823592625303,0.09320131497012503,0.0017357515171170235,0.8401902914047241
9,1,2,late,117,0.02727037257912004,0.014704369366081887,0.6837682230905511,0.0941402810310542,0.0018750919261947274,0.8434674143791199
9,1,3,late,117,0.06392846033957145,0.009341342067495293,0.6021617277222885,0.08274675127925987,0.0014412269229069352,0.7449491024017334
9,1,4,late,117,0.013555210936344935,0.0033997900565955162,0.6876140243421571,0.09485947776057259,0.0018579033203423023,0.8432715535163879
9,1,5,late,117,0.06338848908602862,0.011906436665897524,0.6877113447413167,0.09496708122476942,0.0018255484756082296,0.8304969668388367
9,1,6,late,117,0.05696709817928238,0.029454863759063983,0.6703380287543306,0.09326666284863869,0.001759770093485713,0.8129043579101562
9,1,7,late,117,0.01632126880842537,0.0049174758430686845,0.6675442481317964,0.09273682713039813,0.0018212593859061599,0.7976139783859253
9,1,8,late,117,0.009413302561018525,0.0015443508232388019,0.7526221211132013,0.10352819256726203,0.002367998706176877,0.8611157536506653
9,1,9,late,117,0.015201706494601,0.007558095978626723,0.681587440534853,0.09465971711745595,0.0019360892474651337,0.8018814921379089
9,1,10,late,117,0.23170659906999794,0.07146059410080562,0.7269705856819916,0.10018725863017644,0.0020464961417019367,0.8399227261543274
9,1,11,late,117,0.03851647521502034,0.014402671692135686,0.6992450471167476,0.09851778514161467,0.0016188973095268011,0.8352262377738953
9,1,12,late,117,0.05326156597975248,0.005748703339842359,0.5639607622666268,0.08747975067836825,0.001434757956303656,0.7359619140625
9,1,13,late,117,0.04124907751190433,0.016137450512214924,0.608579786753075,0.09117570333080124,0.0014405957190319896,0.8054012060165405
9,1,14,late,117,0.01368985088988582,0.0031984601562611466,0.7007448246491611,0.1016529899445315,0.002080220030620694,0.8185194730758667
9,1,16,late,117,0.006778709929808299,0.0015400046850187496,0.7007448246491611,0.1016529899445315,0.002080220030620694,0.8185194730758667
9,2,1,late,117,0.34875181241923847,0.05297387639272168,0.6088714459483138,0.0828778213326444,0.0017878268845379353,0.793857991695404
9,2,2,late,117,0.02727037257912004,0.014704369366081887,0.6248100941292305,0.08523711967965986,0.0018139299936592579,0.7949672341346741
9,2,3,late,117,0.06392846033957145,0.009341342067495293,0.5305488667009064,0.07229388677970255,0.0013778815045952797,0.6684117317199707
9,2,4,late,117,0.013555210936344935,0.0033997900565955162,0.6205183444206372,0.08522856105387662,0.0016712251817807555,0.7878361940383911
9,2,5,late,117,0.06338848908602862,0.011906436665897524,0.6216214144429287,0.08555539622907729,0.0016262439312413335,0.7665455341339111
9,2,6,late,117,0.05696709817928238,0.029454863759063983,0.6056137506563503,0.08407727931711788,0.0015948496293276548,0.7452318072319031
9,2,7,late,117,0.01632126880842537,0.0049174758430686845,0.6157803627101179,0.08515095832137501,0.0016819469165056944,0.7316182851791382
9,2,8,late,117,0.009413302561018525,0.0015443508232388019,0.7180492372558508,0.09806348626002201,0.002266794675961137,0.811863124370575
9,2,9,late,117,0.015201706494601,0.007558095978626723,0.6260388398893241,0.08782722342943428,0.0017677147407084703,0.7361001372337341
9,2,10,late,117,0.23170659906999794,0.07146059410080562,0.6962040086042008,0.09481995930002744,0.0019876956939697266,0.7915806174278259
9,2,11,late,117,0.03851647521502034,0.014402671692135686,0.6647930333886344,0.09182649746382175,0.0015588469104841352,0.7831319570541382
9,2,12,late,117,0.05326156597975248,0.005748703339842359,0.5255113960806933,0.0785798706149754,0.001398213324137032,0.6677418947219849
9,2,13,late,117,0.04124907751190433,0.016137450512214924,0.5861470649152214,0.08438511361700031,0.0014666777569800615,0.7763820886611938
9,2,14,late,117,0.01368985088988582,0.0031984601562611466,0.7045190374259479,0.10066177438521853,0.0021569395903497934,0.8022392988204956
9,2,16,late,117,0.006778709929808299,0.0015400046850187496,0.7045190374259479,0.10066177438521853,0.0021569395903497934,0.8022392988204956
9,3,1,late,117,0.34875181241923847,0.05297387639272168,0.6096189643722028,0.0842388931407425,0.0017885426059365273,0.8118321299552917
9,3,2,late,117,0.02727037257912004,0.014704369366081887,0.6236175201926778,0.08583954357052621,0.0018733730539679527,0.8084354400634766
9,3,3,late,117,0.06392846033957145,0.009341342067495293,0.5331529399089547,0.0737075539748763,0.0013994163600727916,0.6897412538528442
9,3,4,late,117,0.013555210936344935,0.0033997900565955162,0.6236837619893715,0.08588023070822727,0.001773650641553104,0.8042527437210083
9,3,5,late,117,0.06338848908602862,0.011906436665897524,0.6272721209764306,0.08610100385427918,0.0016953535377979279,0.7869817614555359
9,3,6,late,117,0.05696709817928238,0.029454863759063983,0.6145750188595082,0.08476036967055649,0.0016639187233522534,0.7719678282737732
9,3,7,late,117,0.01632126880842537,0.0049174758430686845,0.6245717666635258,0.08583343332048621,0.001763625885359943,0.7593215703964233
9,3,8,late,117,0.009413302561018525,0.0015443508232388019,0.7322140737460592,0.10008856700644683,0.002455833600834012,0.8382428288459778
9,3,9,late,117,0.015201706494601,0.007558095978626723,0.6347468588978816,0.08800751742463835,0.0018458922859281301,0.7634902596473694
9,3,10,late,117,0.23170659906999794,0.07146059410080562,0.7021424396333691,0.09563581949479079,0.0020652017556130886,0.811837911605835
9,3,11,late,117,0.03851647521502034,0.014402671692135686,0.6845324564979881,0.09543509419048418,0.0017507958691567183,0.8040069937705994
9,3,12,late,117,0.05326156597975248,0.005748703339842359,0.5298837958277863,0.07978827237691737,0.0014206620398908854,0.6944054961204529
9,3,13,late,117,0.04124907751190433,0.016137450512214924,0.5839960763945332,0.08604289526112006,0.001428383868187666,0.7918304800987244
9,3,14,late,117,0.01368985088988582,0.0031984601562611466,0.6999592885183983,0.09978813992903023,0.002060329308733344,0.8079618215560913
9,3,16,late,117,0.006778709929808299,0.0015400046850187496,0.6999592885183983,0.09978813992903023,0.002060329308733344,0.8079618215560913
9,4,1,late,117,0.34875181241923847,0.05297387639272168,0.6165201579823565,0.08554495902888777,0.0017779613845050335,0.8099837303161621
9,4,2,late,117,0.02727037257912004,0.014704369366081887,0.6295768208164945,0.08701825506427444,0.0017871827585622668,0.8132638931274414
9,4,3,late,117,0.06392846033957145,0.009341342067495293,0.5493699960185724,0.07648142164925939,0.0014761945931240916,0.7083753347396851
9,4,4,late,117,0.013555210936344935,0.0033997900565955162,0.6277889412515358,0.08658359347736276,0.0016684611327946186,0.8062939643859863
9,4,5,late,117,0.06338848908602862,0.011906436665897524,0.6333251252459983,0.08692747953136333,0.0016356606502085924,0.7932400107383728
9,4,6,late,117,0.05696709817928238,0.029454863759063983,0.6221507294461704,0.08582578491936467,0.0016479289624840021,0.7808414101600647
9,4,7,late,117,0.01632126880842537,0.0049174758430686845,0.6321370588430466,0.08651072145898958,0.0017117431852966547,0.7685496807098389
9,4,8,late,117,0.009413302561018525,0.0015443508232388019,0.7375604009801029,0.10061921520281483,0.0023728576488792896,0.8444666862487793
9,4,9,late,117,0.015201706494601,0.007558095978626723,0.6412369881340693,0.08824419868771534,0.0017834879690781236,0.7718074321746826
9,4,10,late,117,0.23170659906999794,0.07146059410080562,0.707922650107111,0.09606086704184172,0.0019953979644924402,0.8188580870628357
9,4,11,late,117,0.03851647521502034,0.014402671692135686,0.6709668703126506,0.09208059024093591,0.001590827596373856,0.7888748645782471
9,4,12,late,117,0.05326156597975248,0.005748703339842359,0.5087342286973985,0.07576003092471709,0.001232276437804103,0.6699482202529907
9,4,13,late,117,0.04124907751190433,0.016137450512214924,0.5571400958041732,0.08236822381679705,0.0012016285909339786,0.7737867832183838
9,4,14,late,117,0.01368985088988582,0.0031984601562611466,0.6720259608889922,0.0952535311104539,0.001740270177833736,0.79278963804245
9,4,16,late,117,0.006778709929808299,0.0015400046850187496,0.6720259608889922,0.0952535311104539,0.001740270177833736,0.79278963804245
9,5,1,late,117,0.34875181241923847,0.05297387639272168,0.5985898911369901,0.08288265499609537,0.0017587300390005112,0.7810208797454834
9,5,2,late,117,0.02727037257912004,0.014704369366081887,0.6130249754895862,0.08471789694715771,0.0017678518779575825,0.79271399974823
9,5,3,late,117,0.06392846033957145,0.009341342067495293,0.5361363601405174,0.07453321283944862,0.0014989074552431703,0.6836763620376587
9,5,4,late,117,0.013555210936344935,0.0033997900565955162,0.6035182633383486,0.08282165160948596,0.0016115575563162565,0.7786462903022766
9,5,5,late,117,0.06338848908602862,0.011906436665897524,0.6205557111220864,0.08458961672038183,0.0016458961181342602,0.7763093709945679
9,5,6,late,117,0.05696709817928238,0.029454863759063983,0.6108010575567316,0.08366642270642156,0.0016697158571332693,0.7644447088241577
9,5,7,late,117,0.01632126880842537,0.0049174758430686845,0.6209399374838696,0.08413170960235032,0.001734372228384018,0.75152587890625
9,5,8,late,117,0.009413302561018525,0.0015443508232388019,0.728156392991893,0.09888971436481823,0.0024042068980634212,0.8318047523498535
9,5,9,late,117,0.015201706494601,0.007558095978626723,0.6307095381457152,0.08613125875984047,0.0018123629270121455,0.7549468278884888
9,5,10,late,117,0.23170659906999794,0.07146059410080562,0.6921432663957214,0.09354267960696479,0.0020022201351821423,0.8004531264305115
9,5,11,late,117,0.03851647521502034,0.014402671692135686,0.6485098713051735,0.08898958208996216,0.0015902179293334484,0.7686669230461121
9,5,12,late,117,0.05326156597975248,0.005748703339842359,0.48326713383062464,0.07293895710997009,0.0012318029766902328,0.6435014009475708
9,5,13,late,117,0.04124907751190433,0.016137450512214924,0.5277328920674025,0.07942443767760579,0.0011977176181972027,0.749947726726532
9,5,14,late,117,0.01368985088988582,0.0031984601562611466,0.6461229097430443,0.09307744257345323,0.0017394163878634572,0.7703588008880615
9,5,16,late,117,0.006778709929808299,0.0015400046850187496,0.6461229097430443,0.09307744257345323,0.0017394163878634572,0.7703588008880615
9,6,1,late,117,0.34875181241923847,0.05297387639272168,0.5997880578456988,0.0823803109600145,0.0017464783741161227,0.7637040615081787
9,6,2,late,117,0.02727037257912004,0.014704369366081887,0.6185964802250218,0.08508326742800941,0.0018365486757829785,0.7826357483863831
9,6,3,late,117,0.06392846033957145,0.009341342067495293,0.542755161303605,0.07525195807293103,0.0014805877581238747,0.6717674732208252
9,6,4,late,117,0.013555210936344935,0.0033997900565955162,0.6153487793934078,0.08390803868212555,0.001708006369881332,0.7708539366722107
9,6,5,late,117,0.06338848908602862,0.011906436665897524,0.6317306698676055,0.08559726174396075,0.001755541656166315,0.7678512930870056
9,6,6,late,117,0.05696709817928238,0.029454863759063983,0.620411405678138,0.08438954412173778,0.0016830475069582462,0.7543083429336548
9,6,7,late,117,0.01632126880842537,0.0049174758430686845,0.6381213788150085,0.08572212832322504,0.001903296448290348,0.7440834641456604
9,6,8,late,117,0.009413302561018525,0.0015443508232388019,0.7552462824258126,0.10147607961852599,0.0028403587639331818,0.8293711543083191
9,6,9,late,117,0.015201706494601,0.007558095978626723,0.6448376420308223,0.0874418470046758,0.0019640557002276182,0.7451912760734558
9,6,10,late,117,0.23170659906999794,0.07146059410080562,0.7077443735200403,0.09498996458652838,0.002214387059211731,0.7848734855651855
9,6,11,late,117,0.03851647521502034,0.014402671692135686,0.6661677210806654,0.09075350067243228,0.0017588036134839058,0.7806488871574402
9,6,12,late,117,0.05326156597975248,0.005748703339842359,0.49773415124230885,0.07414976927475384,0.001359362038783729,0.6199316382408142
9,6,13,late,117,0.04124907751190433,0.016137450512214924,0.5222639480782832,0.07691360519567783,0.0012775881914421916,0.7093265652656555
9,6,14,late,117,0.01368985088988582,0.0031984601562611466,0.6381275779468158,0.09309554122913385,0.0018483477178961039,0.739055871963501
9,6,16,late,117,0.006778709929808299,0.0015400046850187496,0.6381275779468158,0.09309554122913385,0.0018483477178961039,0.739055871963501
9,7,1,late,117,0.34875181241923847,0.05297387639272168,0.5509676816326001,0.0778320650239853,0.0014581277500838041,0.7257835268974304
9,7,2,late,117,0.02727037257912004,0.014704369366081887,0.5699917202423382,0.080913778645281,0.0015567176742479205,0.7453601360321045
9,7,3,late,117,0.06392846033957145,0.009341342067495293,0.47420663063207436,0.06920188177910468,0.0012069615768268704,0.609186589717865
9,7,4,late,117,0.013555210936344935,0.0033997900565955162,0.5608054520572241,0.07844507751760207,0.001397215062752366,0.7260746359825134
9,7,5,late,117,0.06338848908602862,0.011906436665897524,0.5765216550740023,0.07949876990595511,0.001438862644135952,0.7138912081718445
9,7,6,late,117,0.05696709817928238,0.029454863759063983,0.5625861393572349,0.07785416137933679,0.0014427724527195096,0.7009633183479309
9,7,7,late,117,0.01632126880842537,0.0049174758430686845,0.5842812802925165,0.07962316873295847,0.0015725677367299795,0.6920592784881592
9,7,8,late,117,0.009413302561018525,0.0015443508232388019,0.7244094298718672,0.09775515534629738,0.0025112854782491922,0.7978132367134094
9,7,9,late,117,0.015201706494601,0.007558095978626723,0.6064512381572913,0.08299698933575454,0.001736331731081009,0.70362788438797
9,7,10,late,117,0.23170659906999794,0.07146059410080562,0.6828466720270137,0.09162642200787226,0.0020755266305059195,0.7627250552177429
9,7,11,late,117,0.03851647521502034,0.014402671692135686,0.6388724723574108,0.08735420789692197,0.0016484648222103715,0.7715217471122742
9,7,12,late,117,0.05326156597975248,0.005748703339842359,0.4639596392949804,0.07033403557390384,0.0012740507954731584,0.6041419506072998
9,7,13,late,117,0.04124907751190433,0.016137450512214924,0.47396193533980596,0.07058715216640171,0.0011325484374538064,0.6760770678520203
9,7,14,late,117,0.01368985088988582,0.0031984601562611466,0.5520514560879296,0.08433818949066776,0.0015452669467777014,0.6750022768974304
9,7,16,late,117,0.006778709929808299,0.0015400046850187496,0.5520514560879296,0.08433818949066776,0.0015452669467777014,0.6750022768974304
9,8,1,late,117,0.34875181241923847,0.05297387639272168,0.45319101098192555,0.07064163492773695,0.0011900862446054816,0.6112369298934937
9,8,2,late,117,0.02727037257912004,0.014704369366081887,0.4665662065789135,0.07282754584385888,0.0012593133142217994,0.6270381808280945
9,8,3,late,117,0.06392846033957145,0.009341342067495293,0.3788009904400629,0.0633999107961743,0.001026786514557898,0.48906904458999634
9,8,4,late,117,0.013555210936344935,0.0033997900565955162,0.4634979324679997,0.07045098874594662,0.0011656536953523755,0.619439959526062
9,8,5,late,117,0.06338848908602862,0.011906436665897524,0.4715977826227362,0.07007876418719011,0.001200407394208014,0.5967299938201904
9,8,6,late,117,0.05696709817928238,0.029454863759063983,0.4514690053681087,0.06724897253853653,0.001163439592346549,0.5800353288650513
9,8,7,late,117,0.01632126880842537,0.0049174758430686845,0.47360538164328814,0.06949353009645493,0.0012681372463703156,0.5697407722473145
9,8,8,late,117,0.009413302561018525,0.0015443508232388019,0.6349792658096641,0.08810998914227361,0.002062820130959153,0.6938115954399109
9,8,9,late,117,0.015201706494601,0.007558095978626723,0.4998145635741261,0.07188396963156325,0.0014260603347793221,0.5854821801185608
9,8,10,late,117,0.23170659906999794,0.07146059410080562,0.6394772871743697,0.08728364428154464,0.002030973555520177,0.7324838638305664
9,8,11,late,117,0.03851647521502034,0.014402671692135686,0.6166897118409984,0.08648759309267937,0.0016236911760643125,0.7753875255584717
9,8,12,late,117,0.05326156597975248,0.005748703339842359,0.4107229422974902,0.06443373616291095,0.00125489744823426,0.5761883854866028
9,8,13,late,117,0.04124907751190433,0.016137450512214924,0.3680296955803314,0.05746914138889386,0.0011122608557343483,0.5284456014633179
9,8,14,late,117,0.01368985088988582,0.0031984601562611466,0.43866634190492493,0.07156380586958175,0.0015175967710092664,0.5587291121482849
9,8,16,late,117,0.006778709929808299,0.0015400046850187496,0.43866634190492493,0.07156380586958175,0.0015175967710092664,0.5587291121482849
9,9,1,late,117,0.34875181241923847,0.05297387639272168,0.5578448034914482,0.07758049975469382,0.0015100525924935937,0.6601816415786743
9,9,2,late,117,0.02727037257912004,0.014704369366081887,0.5693508778543522,0.0787318537960449,0.0015978622250258923,0.67336106300354
9,9,3,late,117,0.06392846033957145,0.009341342067495293,0.4740164592109907,0.06823449734107377,0.0012757350923493505,0.5545382499694824
9,9,4,late,117,0.013555210936344935,0.0033997900565955162,0.5772738567708681,0.07813728415735544,0.0015551820397377014,0.6609876155853271
9,9,5,late,117,0.06338848908602862,0.011906436665897524,0.5755696448847715,0.07797513921052285,0.0015274130273610353,0.6441091299057007
9,9,6,late,117,0.05696709817928238,0.029454863759063983,0.560858888581443,0.07593423269763908,0.001523664453998208,0.6348685026168823
9,9,7,late,117,0.01632126880842537,0.0049174758430686845,0.5772596755857046,0.0781280879222346,0.0015729489969089627,0.6405742168426514
9,9,8,late,117,0.009413302561018525,0.0015443508232388019,0.7071059780338635,0.0947963013799843,0.00233432836830616,0.751702606678009
9,9,9,late,117,0.015201706494601,0.007558095978626723,0.5827412982610588,0.07960514556951763,0.001613894011825323,0.6536298394203186
9,9,10,late,117,0.23170659906999794,0.07146059410080562,0.6655357718133391,0.08964141159845347,0.001825699582695961,0.7467101812362671
9,9,11,late,117,0.03851647521502034,0.014402671692135686,0.6246989600511634,0.08575255973570252,0.00147047673817724,0.7723279595375061
9,9,12,late,117,0.05326156597975248,0.005748703339842359,0.45732592571224284,0.0685411074166082,0.0012718630023300648,0.6105222702026367
9,9,13,late,117,0.04124907751190433,0.016137450512214924,0.4070809512801118,0.061625547942110816,0.0010968962451443076,0.5557191967964172
9,9,14,late,117,0.01368985088988582,0.0031984601562611466,0.479270503594556,0.07775126494113903,0.0015455266693606973,0.5694622993469238
9,9,16,late,117,0.006778709929808299,0.0015400046850187496,0.479270503594556,0.07775126494113903,0.0015455266693606973,0.5694622993469238
9,10,1,late,117,0.34875181241923847,0.05297387639272168,0.5285254801717053,0.07493754920156773,0.001470769988372922,0.6485872268676758
9,10,2,late,117,0.02727037257912004,0.014704369366081887,0.5364747888082241,0.07573677768866473,0.0015217287000268698,0.6514058709144592
9,10,3,late,117,0.06392846033957145,0.009341342067495293,0.429144648475867,0.0641984427570634,0.0011300531914457679,0.5229060053825378
9,10,4,late,117,0.013555210936344935,0.0033997900565955162,0.5307569331380053,0.07307447284403522,0.0014555597444996238,0.6155773401260376
9,10,5,late,117,0.06338848908602862,0.011906436665897524,0.5162558917336277,0.07125849442407857,0.00140529521740973,0.5931686758995056
9,10,6,late,117,0.05696709817928238,0.029454863759063983,0.4705204139642704,0.06539545312561754,0.001111016608774662,0.5505715012550354
9,10,7,late,117,0.01632126880842537,0.0049174758430686845,0.4955663634255194,0.06887300138248677,0.00127475056797266,0.5698300004005432
9,10,8,late,117,0.009413302561018525,0.0015443508232388019,0.6325559572258996,0.08629606870408947,0.001882786164060235,0.6867022514343262
9,10,9,late,117,0.015201706494601,0.007558095978626723,0.4977312787280728,0.07104778046216266,0.0013015276053920388,0.5748598575592041
9,10,10,late,117,0.23170659906999794,0.07146059410080562,0.6223357815751169,0.08448429463290062,0.001673799124546349,0.7214490175247192
9,10,11,late,117,0.03851647521502034,0.014402671692135686,0.5852847060807542,0.08205748259235682,0.001430121948942542,0.7540830373764038
9,10,12,late,117,0.05326156597975248,0.005748703339842359,0.4182272681610213,0.06684037474350249,0.001220179139636457,0.587798535823822
9,10,13,late,117,0.04124907751190433,0.016137450512214924,0.36484189468841904,0.06275546587171979,0.0010369062656536698,0.5269845724105835
9,10,14,late,117,0.01368985088988582,0.0031984601562611466,0.43519968788923585,0.07821062004387228,0.0014659606385976076,0.5323404669761658
9,10,16,late,117,0.006778709929808299,0.0015400046850187496,0.43519968788923585,0.07821062004387228,0.0014659606385976076,0.5323404669761658
9,11,1,late,117,0.34875181241923847,0.05297387639272168,0.5527398717603607,0.0774753021923234,0.0014496358344331384,0.662436306476593
9,11,2,late,117,0.02727037257912004,0.014704369366081887,0.5582754615212703,0.07851006430541246,0.001499863457866013,0.6612094044685364
9,11,3,late,117,0.06392846033957145,0.009341342067495293,0.4636226289509597,0.0679974345859312,0.001168253249488771,0.5453200936317444
9,11,4,late,117,0.013555210936344935,0.0033997900565955162,0.552344322604581,0.07682199746093896,0.0014380373759195209,0.6452911496162415
9,11,5,late,117,0.06338848908602862,0.011906436665897524,0.547530479538135,0.07583947760915158,0.0014512435300275683,0.644723653793335
9,11,6,late,117,0.05696709817928238,0.029454863759063983,0.5053936649436275,0.07184050877830699,0.0011870288290083408,0.6165427565574646
9,11,7,late,117,0.01632126880842537,0.0049174758430686845,0.5445672604225528,0.07576908749343773,0.0014528088504448533,0.6530618667602539
9,11,8,late,117,0.009413302561018525,0.0015443508232388019,0.7028565733140318,0.09617057007008346,0.0023310824763029814,0.7806371450424194
9,11,9,late,117,0.015201706494601,0.007558095978626723,0.5780152491439118,0.08088398878863891,0.0016370400553569198,0.6245081424713135
9,11,10,late,117,0.23170659906999794,0.07146059410080562,0.6529642946363434,0.08959799954045519,0.0017601788276806474,0.766713559627533
9,11,11,late,117,0.03851647521502034,0.014402671692135686,0.5904570148380187,0.08317998660836078,0.0014731577830389142,0.7389506697654724
9,11,12,late,117,0.05326156597975248,0.005748703339842359,0.408575957827071,0.06556697070642244,0.001142602995969355,0.5472177863121033
9,11,13,late,117,0.04124907751190433,0.016137450512214924,0.35590180578993824,0.06540436443208221,0.0009709704318083823,0.5115726590156555
9,11,14,late,117,0.01368985088988582,0.0031984601562611466,0.4291740408919465,0.08120456005886001,0.0014782920479774475,0.5352526307106018
9,11,16,late,117,0.006778709929808299,0.0015400046850187496,0.4291740408919465,0.08120456005886001,0.0014782920479774475,0.5352526307106018
9,12,1,late,117,0.34875181241923847,0.05297387639272168,0.5491465949164863,0.07732400616971942,0.0014044295530766249,0.6771290302276611
9,12,2,late,117,0.02727037257912004,0.014704369366081887,0.5561571361568685,0.07847499206642945,0.0014456516364589334,0.6707548499107361
9,12,3,late,117,0.06392846033957145,0.009341342067495293,0.46205474250615597,0.06741595257033373,0.001129420823417604,0.5531914830207825
9,12,4,late,117,0.013555210936344935,0.0033997900565955162,0.552687220258487,0.07694970809823376,0.0013902499340474606,0.6536204218864441
9,12,5,late,117,0.06338848908602862,0.011906436665897524,0.547876728581201,0.07592951925862636,0.0014030179008841515,0.6530591249465942
9,12,6,late,117,0.05696709817928238,0.029454863759063983,0.504495590705321,0.07280182742506461,0.0011229610536247492,0.625154972076416
9,12,7,late,117,0.01632126880842537,0.0049174758430686845,0.5357443812138074,0.07602370069851919,0.0012962709879502654,0.6563374400138855
9,12,8,late,117,0.009413302561018525,0.0015443508232388019,0.7044094240444148,0.09762271804035044,0.002157239243388176,0.7883201241493225
9,12,9,late,117,0.015201706494601,0.007558095978626723,0.5822453154838031,0.08200843794775915,0.0015148773090913892,0.6368524432182312
9,12,10,late,117,0.23170659906999794,0.07146059410080562,0.6881295335857182,0.09562105066352652,0.0016758306883275509,0.8049356341362
9,12,11,late,117,0.03851647521502034,0.014402671692135686,0.6474949417030836,0.09095322735520758,0.0015121095348149538,0.7884321808815002
9,12,12,late,117,0.05326156597975248,0.005748703339842359,0.4506084153599814,0.06937297641933106,0.001167902140878141,0.5974494814872742
9,12,13,late,117,0.04124907751190433,0.016137450512214924,0.3930446309212627,0.07087338952894891,0.0009936378337442875,0.5554671883583069
9,12,14,late,117,0.01368985088988582,0.0031984601562611466,0.4585690767241594,0.085111549315254,0.0015522888861596584,0.5783825516700745
9,12,16,late,117,0.006778709929808299,0.0015400046850187496,0.4585690767241594,0.085111549315254,0.0015522888861596584,0.5783825516700745
9,13,1,late,117,0.34875181241923847,0.05297387639272168,0.4298809154982018,0.07843274284620703,0.0011062603443861008,0.6188657879829407
9,13,2,late,117,0.02727037257912004,0.014704369366081887,0.41780315764928955,0.07500636244033378,0.0011295952135697007,0.5858638882637024
9,13,3,late,117,0.06392846033957145,0.009341342067495293,0.3191876978738807,0.05839273857152151,0.0008777835173532367,0.41728830337524414
9,13,4,late,117,0.013555210936344935,0.0033997900565955162,0.4009747779032645,0.07009091208607522,0.0010277305264025927,0.5192387104034424
9,13,5,late,117,0.06338848908602862,0.011906436665897524,0.35768200423564506,0.061756807694576525,0.001000485848635435,0.47713565826416016
9,13,6,late,117,0.05696709817928238,0.029454863759063983,0.32019195855549404,0.06300814203972312,0.0008139861165545881,0.45113295316696167
9,13,7,late,117,0.01632126880842537,0.0049174758430686845,0.3576009225107244,0.0676795017122669,0.0009607290267013013,0.4949972331523895
9,13,8,late,117,0.009413302561018525,0.0015443508232388019,0.6312173031475474,0.10476475234986306,0.0019086418906226754,0.744834303855896
9,13,9,late,117,0.015201706494601,0.007558095978626723,0.5064013090808518,0.08822812780900025,0.0014082365669310093,0.5909108519554138
9,13,10,late,117,0.23170659906999794,0.07146059410080562,0.517320117730106,0.09065952690081251,0.0013604887062683702,0.6741500496864319
9,13,11,late,117,0.03851647521502034,0.014402671692135686,0.4710479643072487,0.08487432469725412,0.0012275371700525284,0.6513739228248596
9,13,12,late,117,0.05326156597975248,0.005748703339842359,0.30032895940145016,0.059902764150483664,0.0010153083130717278,0.44739609956741333
9,13,13,late,117,0.04124907751190433,0.016137450512214924,0.31775151752333486,0.07546705241388732,0.0009148917160928249,0.4716356694698334
9,13,14,late,117,0.01368985088988582,0.0031984601562611466,0.36247090692233896,0.07879255036122208,0.0013773265527561307,0.4818689525127411
9,13,16,late,117,0.006778709929808299,0.0015400046850187496,0.36247090692233896,0.07879255036122208,0.0013773265527561307,0.4818689525127411
9,14,1,late,117,0.34875181241923847,0.05297387639272168,0.32197659274485585,0.06254567848894933,0.0009305510320700705,0.4707764983177185
9,14,2,late,117,0.02727037257912004,0.014704369366081887,0.3350787676465857,0.06060527870646813,0.0009576611337251961,0.4473373591899872
9,14,3,late,117,0.06392846033957145,0.009341342067495293,0.27881985326928416,0.05271091757341401,0.000825644878204912,0.37494683265686035
9,14,4,late,117,0.013555210936344935,0.0033997900565955162,0.3098777070050486,0.056960051535026354,0.0008575140964239836,0.42441704869270325
9,14,5,late,117,0.06338848908602862,0.011906436665897524,0.23275798976144746,0.0426876392039734,0.000759533082600683,0.33449095487594604
9,14,6,late,117,0.05696709817928238,0.029454863759063983,0.19099742272653833,0.04287242467763225,0.0005792306619696319,0.29902225732803345
9,14,7,late,117,0.01632126880842537,0.0049174758430686845,0.21843526919091788,0.04812843278426515,0.0006836815155111253,0.3371823728084564
9,14,8,late,117,0.009413302561018525,0.0015443508232388019,0.4480522426052226,0.08881847583923631,0.0013124338584020734,0.5818167328834534
9,14,9,late,117,0.015201706494601,0.007558095978626723,0.3156694190230412,0.06582373641456796,0.0009261015802621841,0.42131307721138
9,14,10,late,117,0.23170659906999794,0.07146059410080562,0.2821889178509999,0.06075191939925969,0.0007558409706689417,0.4295859932899475
9,14,11,late,117,0.03851647521502034,0.014402671692135686,0.23690619772105104,0.05114464200903,0.0006729073356837034,0.38908126950263977
9,14,12,late,117,0.05326156597975248,0.005748703339842359,0.14520869350844884,0.034226199951360496,0.0006080003222450614,0.24866876006126404
9,14,13,late,117,0.04124907751190433,0.016137450512214924,0.15481340894216877,0.044669270429819136,0.0005406927666626871,0.32584866881370544
9,14,14,late,117,0.01368985088988582,0.0031984601562611466,0.19860513540707195,0.05117189723140124,0.0007632799679413438,0.31874167919158936
9,14,16,late,117,0.006778709929808299,0.0015400046850187496,0.19860513540707195,0.05117189723140124,0.0007632799679413438,0.31874167919158936
9,16,1,late,117,0.34875181241923847,0.05297387639272168,0.32197659274485585,0.06254567848894933,0.0009305510320700705,0.4707764983177185
9,16,2,late,117,0.02727037257912004,0.014704369366081887,0.3350787676465857,0.06060527870646813,0.0009576611337251961,0.4473373591899872
9,16,3,late,117,0.06392846033957145,0.009341342067495293,0.27881985326928416,0.05271091757341401,0.000825644878204912,0.37494683265686035
9,16,4,late,117,0.013555210936344935,0.0033997900565955162,0.3098777070050486,0.056960051535026354,0.0008575140964239836,0.42441704869270325
9,16,5,late,117,0.06338848908602862,0.011906436665897524,0.23275798976144746,0.0426876392039734,0.000759533082600683,0.33449095487594604
9,16,6,late,117,0.05696709817928238,0.029454863759063983,0.19099742272653833,0.04287242467763225,0.0005792306619696319,0.29902225732803345
9,16,7,late,117,0.01632126880842537,0.0049174758430686845,0.21843526919091788,0.04812843278426515,0.0006836815155111253,0.3371823728084564
9,16,8,late,117,0.009413302561018525,0.0015443508232388019,0.4480522426052226,0.08881847583923631,0.0013124338584020734,0.5818167328834534
9,16,9,late,117,0.015201706494601,0.007558095978626723,0.3156694190230412,0.06582373641456796,0.0009261015802621841,0.42131307721138
9,16,10,late,117,0.23170659906999794,0.07146059410080562,0.2821889178509999,0.06075191939925969,0.0007558409706689417,0.4295859932899475
9,16,11,late,117,0.03851647521502034,0.014402671692135686,0.23690619772105104,0.05114464200903,0.0006729073356837034,0.38908126950263977
9,16,12,late,117,0.05326156597975248,0.005748703339842359,0.14520869350844884,0.034226199951360496,0.0006080003222450614,0.24866876006126404
9,16,13,late,117,0.04124907751190433,0.016137450512214924,0.15481340894216877,0.044669270429819136,0.0005406927666626871,0.32584866881370544
9,16,14,late,117,0.01368985088988582,0.0031984601562611466,0.19860513540707195,0.05117189723140124,0.0007632799679413438,0.31874167919158936
9,16,16,late,117,0.006778709929808299,0.0015400046850187496,0.19860513540707195,0.05117189723140124,0.0007632799679413438,0.31874167919158936
10,1,1,late,1888,0.34839643147614957,0.0787797795189988,0.6466612207402511,0.11830417103349969,0.001533593749627471,0.8115558624267578
10,1,2,late,1888,0.019951461774825235,0.009661711108619823,0.6525174589086865,0.11966894788193796,0.0016334326937794685,0.7856056690216064
10,1,3,late,1888,0.04328065961568893,0.011322531800078592,0.5904948804808077,0.11080693945092737,0.001269071944989264,0.7727160453796387
10,1,4,late,1888,0.008657196849996714,0.004311865862960748,0.6518994705689631,0.12053838647698326,0.0015968699008226395,0.8024280071258545
10,1,5,late,1888,0.0266264833560176,0.012852494868217157,0.6489399779613635,0.12099145770193095,0.0015783499693498015,0.8320242166519165
10,1,6,late,1888,0.030772638389239132,0.028277314969149925,0.6325269624290216,0.11873895677939143,0.0015182247152552009,0.8242160677909851
10,1,7,late,1888,0.011802322668041319,0.00744362773730679,0.6330979068957662,0.11876371321645844,0.0016098606865853071,0.8144236207008362
10,1,8,late,1888,0.004002143710725207,0.0025260798990907893,0.6695036443441926,0.12544597146871195,0.0016667036106809974,0.8435255885124207
10,1,9,late,1888,0.00655454072402208,0.0027302146810855754,0.6360958382177514,0.11980505852964443,0.001581988763064146,0.8277071714401245
10,1,10,late,1888,0.35819477582868026,0.0993436572496994,0.6755421174957364,0.12632630548069088,0.0016102439258247614,0.849992573261261
10,1,11,late,1888,0.027135388933661544,0.012272033960782948,0.6718982230059598,0.12670204339846183,0.0014774947194382548,0.8638906478881836
10,1,12,late,1888,0.08064770954541985,0.014348503308905886,0.586191008679588,0.11922726742474911,0.0012742510298267007,0.8506059646606445
10,1,13,late,1888,0.025890630855448835,0.010197171111801394,0.6801329990121919,0.133042477941211,0.0013136995257809758,0.8993674516677856
10,1,14,late,1888,0.006528715011281434,0.003157308793986614,0.7631504759632723,0.1428008303758364,0.0019140435615554452,0.9354099631309509
10,1,16,late,1888,0.0015589012608022803,0.0021496843359646487,0.7631504759632723,0.1428008303758364,0.0019140435615554452,0.9354099631309509
10,2,1,late,1888,0.34839643147614957,0.0787797795189988,0.5966904405105521,0.1090119768423094,0.0016029976541176438,0.7802163362503052
10,2,2,late,1888,0.019951461774825235,0.009661711108619823,0.6088302030054319,0.11169501120958514,0.001702809939160943,0.7811541557312012
10,2,3,late,1888,0.04328065961568893,0.011322531800078592,0.5359308521429292,0.10316539383964389,0.0012268498539924622,0.7386859655380249
10,2,4,late,1888,0.008657196849996714,0.004311865862960748,0.599020602097572,0.11132811617345749,0.001567544648423791,0.7853118181228638
10,2,5,late,1888,0.0266264833560176,0.012852494868217157,0.5968631616537311,0.11230010809589397,0.0015414174413308501,0.8141239881515503
10,2,6,late,1888,0.030772638389239132,0.028277314969149925,0.5819389055344554,0.1106763009908126,0.001441026572138071,0.8094226121902466
10,2,7,late,1888,0.011802322668041319,0.00744362773730679,0.5949558616833864,0.1121695272728066,0.0014937181258574128,0.7977051138877869
10,2,8,late,1888,0.004002143710725207,0.0025260798990907893,0.6423729289330121,0.12106175998530572,0.001607717713341117,0.8359556794166565
10,2,9,late,1888,0.00655454072402208,0.0027302146810855754,0.5922203658062815,0.11393637394632379,0.0013121032388880849,0.8154818415641785
10,2,10,late,1888,0.35819477582868026,0.0993436572496994,0.6521242385689698,0.12115686039260531,0.0016666195588186383,0.8394623398780823
10,2,11,late,1888,0.027135388933661544,0.012272033960782948,0.6503119994372586,0.12165160165109713,0.00157581374514848,0.8592076301574707
10,2,12,late,1888,0.08064770954541985,0.014348503308905886,0.5637217767424911,0.11422143643397245,0.0012588341487571597,0.8425283432006836
10,2,13,late,1888,0.025890630855448835,0.010197171111801394,0.6746461928944928,0.12957314110990328,0.001480922568589449,0.8982008099555969
10,2,14,late,1888,0.006528715011281434,0.003157308793986614,0.7753341470085877,0.14373994948249233,0.002178015885874629,0.9418106079101562
10,2,16,late,1888,0.0015589012608022803,0.0021496843359646487,0.7753341470085877,0.14373994948249233,0.002178015885874629,0.9418106079101562
10,3,1,late,1888,0.34839643147614957,0.0787797795189988,0.6066977133244618,0.11239893146040109,0.001613760250620544,0.8040282726287842
10,3,2,late,1888,0.019951461774825235,0.009661711108619823,0.6166117705108911,0.11426406007796926,0.0016152928583323956,0.778212308883667
10,3,3,late,1888,0.04328065961568893,0.011322531800078592,0.5467885465740884,0.1090620018812365,0.001214021467603743,0.7535561323165894
10,3,4,late,1888,0.008657196849996714,0.004311865862960748,0.6102335121443394,0.11406914979641261,0.001533893053419888,0.7863696217536926
10,3,5,late,1888,0.0266264833560176,0.012852494868217157,0.60605938875165,0.1133866505649283,0.0015325857093557715,0.8110589981079102
10,3,6,late,1888,0.030772638389239132,0.028277314969149925,0.5951843677848031,0.11230773948080693,0.0014306803932413459,0.8073523640632629
10,3,7,late,1888,0.011802322668041319,0.00744362773730679,0.6084838709921006,0.11396736363739253,0.001615328248590231,0.7955396175384521
10,3,8,late,1888,0.004002143710725207,0.0025260798990907893,0.6548159273280377,0.12187416849128473,0.0017385935643687844,0.8335397243499756
10,3,9,late,1888,0.00655454072402208,0.0027302146810855754,0.6053909114756822,0.11472015448395563,0.0014264711644500494,0.8001163601875305
10,3,10,late,1888,0.35819477582868026,0.0993436572496994,0.6622649376239047,0.12309970610582974,0.0016237159725278616,0.8373331427574158
10,3,11,late,1888,0.027135388933661544,0.012272033960782948,0.6743767074225061,0.12606909993132653,0.0016252254135906696,0.864364504814148
10,3,12,late,1888,0.08064770954541985,0.014348503308905886,0.5714163717493648,0.11635810623150322,0.0012800967087969184,0.8386848568916321
10,3,13,late,1888,0.025890630855448835,0.010197171111801394,0.6756447563857364,0.13191199094759593,0.0013781629968434572,0.8951226472854614
10,3,14,late,1888,0.006528715011281434,0.003157308793986614,0.7735069345211032,0.14383703409780987,0.00207540113478899,0.9399629235267639
10,3,16,late,1888,0.0015589012608022803,0.0021496843359646487,0.7735069345211032,0.14383703409780987,0.00207540113478899,0.9399629235267639
10,4,1,late,1888,0.34839643147614957,0.0787797795189988,0.597285999196359,0.10948585605870553,0.0014977667015045881,0.7918350696563721
10,4,2,late,1888,0.019951461774825235,0.009661711108619823,0.6067147230111251,0.1109766390385953,0.001579409115947783,0.7681256532669067
10,4,3,late,1888,0.04328065961568893,0.011322531800078592,0.543040176776585,0.1020757557450257,0.0012796896044164896,0.7482640743255615
10,4,4,late,1888,0.008657196849996714,0.004311865862960748,0.6039341582800878,0.1105881850125996,0.0014972492353990674,0.7541947960853577
10,4,5,late,1888,0.0266264833560176,0.012852494868217157,0.6061517023774317,0.1115533347025579,0.0014832725282758474,0.7878398299217224
10,4,6,late,1888,0.030772638389239132,0.028277314969149925,0.5966727108952601,0.11020563715123567,0.0014217861462384462,0.7716116309165955
10,4,7,late,1888,0.011802322668041319,0.00744362773730679,0.6101405599887184,0.11190865544887735,0.0016662364359945059,0.7742999792098999
10,4,8,late,1888,0.004002143710725207,0.0025260798990907893,0.6556779182413929,0.11979689355927758,0.0018604773795232177,0.8174764513969421
10,4,9,late,1888,0.00655454072402208,0.0027302146810855754,0.6061029671885589,0.112641430588683,0.0015233366284519434,0.7933802604675293
10,4,10,late,1888,0.35819477582868026,0.0993436572496994,0.6629422914827616,0.12142924318230207,0.0017025077249854803,0.8107305765151978
10,4,11,late,1888,0.027135388933661544,0.012272033960782948,0.6611321100769555,0.12109219362702137,0.0016712306533008814,0.8217527866363525
10,4,12,late,1888,0.08064770954541985,0.014348503308905886,0.5358428468547788,0.10557628891450656,0.0012026706244796515,0.7922512888908386
10,4,13,late,1888,0.025890630855448835,0.010197171111801394,0.6383979687008092,0.12366217689160902,0.0012522842735052109,0.8548703193664551
10,4,14,late,1888,0.006528715011281434,0.003157308793986614,0.7413941934298807,0.13756052322815593,0.0018863972509279847,0.9158300161361694
10,4,16,late,1888,0.0015589012608022803,0.0021496843359646487,0.7413941934298807,0.13756052322815593,0.0018863972509279847,0.9158300161361694
10,5,1,late,1888,0.34839643147614957,0.0787797795189988,0.5806426170632422,0.1067438507660042,0.0014359552878886461,0.7733003497123718
10,5,2,late,1888,0.019951461774825235,0.009661711108619823,0.5902501788573394,0.10798531008572444,0.0015142332995310426,0.7481513619422913
10,5,3,late,1888,0.04328065961568893,0.011322531800078592,0.5218389433607857,0.09829271777198555,0.001207137480378151,0.7228392958641052
10,5,4,late,1888,0.008657196849996714,0.004311865862960748,0.5797889261249742,0.10592735584813998,0.0014016564236953855,0.7212026715278625
10,5,5,late,1888,0.0266264833560176,0.012852494868217157,0.5936139494684324,0.10887567918494608,0.0014466115972027183,0.760539710521698
10,5,6,late,1888,0.030772638389239132,0.028277314969149925,0.5856017639846453,0.10784954446289442,0.0013962407829239964,0.7442218065261841
10,5,7,late,1888,0.011802322668041319,0.00744362773730679,0.5992321485468044,0.10943889451103435,0.0016363061731681228,0.7471269369125366
10,5,8,late,1888,0.004002143710725207,0.0025260798990907893,0.6447226184752515,0.11744321293989474,0.001830819877795875,0.7941194772720337
10,5,9,late,1888,0.00655454072402208,0.0027302146810855754,0.5954497831467745,0.11028206353324341,0.0014990444760769606,0.7701757550239563
10,5,10,late,1888,0.35819477582868026,0.0993436572496994,0.6463505917964864,0.11827080081339908,0.0016729563940316439,0.7849488854408264
10,5,11,late,1888,0.027135388933661544,0.012272033960782948,0.6417173545303092,0.11767008990651279,0.001614812295883894,0.8132109642028809
10,5,12,late,1888,0.08064770954541985,0.014348503308905886,0.5140508289200548,0.10204218734530866,0.001127415569499135,0.7907150983810425
10,5,13,late,1888,0.025890630855448835,0.010197171111801394,0.614365818708547,0.12053560259491457,0.0012065173359587789,0.8445762991905212
10,5,14,late,1888,0.006528715011281434,0.003157308793986614,0.7223762253522443,0.13501137827886042,0.0018152912380173802,0.9035822153091431
10,5,16,late,1888,0.0015589012608022803,0.0021496843359646487,0.7223762253522443,0.13501137827886042,0.0018152912380173802,0.9035822153091431
10,6,1,late,1888,0.34839643147614957,0.0787797795189988,0.587603328709643,0.10741862017590181,0.0015021110884845257,0.7639603614807129
10,6,2,late,1888,0.019951461774825235,0.009661711108619823,0.6012512139481629,0.1093405929747533,0.0016295237001031637,0.7403583526611328
10,6,3,late,1888,0.04328065961568893,0.011322531800078592,0.5345582678891009,0.10012631821453113,0.0013080979697406292,0.7393057942390442
10,6,4,late,1888,0.008657196849996714,0.004311865862960748,0.5943554602965408,0.10803701491113255,0.0015261184889823198,0.7407435774803162
10,6,5,late,1888,0.0266264833560176,0.012852494868217157,0.6076168422088382,0.11087411842378164,0.0015798324020579457,0.7753335237503052
10,6,6,late,1888,0.030772638389239132,0.028277314969149925,0.5980247456952954,0.10950407941985806,0.0015135889407247305,0.7583497166633606
10,6,7,late,1888,0.011802322668041319,0.00744362773730679,0.6146944183034929,0.11180847336704934,0.001716857310384512,0.7649573087692261
10,6,8,late,1888,0.004002143710725207,0.0025260798990907893,0.6592600316483077,0.119747115929911,0.0019293021177873015,0.8094812631607056
10,6,9,late,1888,0.00655454072402208,0.0027302146810855754,0.608068640431958,0.1121360593946304,0.001559992553666234,0.7840737104415894
10,6,10,late,1888,0.35819477582868026,0.0993436572496994,0.6607717371488264,0.12024302572567713,0.0017622546292841434,0.797796368598938
10,6,11,late,1888,0.027135388933661544,0.012272033960782948,0.6568694903215115,0.11974259419623381,0.001722217071801424,0.8255698680877686
10,6,12,late,1888,0.08064770954541985,0.014348503308905886,0.5255425293344469,0.10291107906976252,0.0011838485952466726,0.7834539413452148
10,6,13,late,1888,0.025890630855448835,0.010197171111801394,0.6215863993183721,0.11903967415467094,0.001361213275231421,0.8336963653564453
10,6,14,late,1888,0.006528715011281434,0.003157308793986614,0.7249329334191023,0.13551283743555453,0.0018488641362637281,0.8991313576698303
10,6,16,late,1888,0.0015589012608022803,0.0021496843359646487,0.7249329334191023,0.13551283743555453,0.0018488641362637281,0.8991313576698303
10,7,1,late,1888,0.34839643147614957,0.0787797795189988,0.5538600702658818,0.1024860409956853,0.0013465796364471316,0.7462215423583984
10,7,2,late,1888,0.019951461774825235,0.009661711108619823,0.5677078527566618,0.10411462956481182,0.0014477602671831846,0.72149258852005
10,7,3,late,1888,0.04328065961568893,0.011322531800078592,0.4903381028216553,0.0938113232302923,0.0010878361063078046,0.6904332041740417
10,7,4,late,1888,0.008657196849996714,0.004311865862960748,0.5550804174336471,0.10150239159444314,0.0013183357659727335,0.69173264503479
10,7,5,late,1888,0.0266264833560176,0.012852494868217157,0.5683045873133702,0.10409375521391942,0.0013924072263762355,0.7361875176429749
10,7,6,late,1888,0.030772638389239132,0.028277314969149925,0.5556137137699175,0.10212884575057912,0.0013283429434522986,0.7169071435928345
10,7,7,late,1888,0.011802322668041319,0.00744362773730679,0.572925877399122,0.10464012348130426,0.0014943932183086872,0.7242358922958374
10,7,8,late,1888,0.004002143710725207,0.0025260798990907893,0.6254014841003898,0.11338215014338827,0.0017338423058390617,0.7810189127922058
10,7,9,late,1888,0.00655454072402208,0.0027302146810855754,0.5719451323026787,0.105933685509938,0.0013961544027552009,0.7529740929603577
10,7,10,late,1888,0.35819477582868026,0.0993436572496994,0.6371089721944403,0.1158474954897251,0.0016703231958672404,0.7889310121536255
10,7,11,late,1888,0.027135388933661544,0.012272033960782948,0.6324688678521513,0.11532725659284626,0.0016229995526373386,0.8184087872505188
10,7,12,late,1888,0.08064770954541985,0.014348503308905886,0.4951335415906338,0.09773025149155515,0.0010929128620773554,0.7505733966827393
10,7,13,late,1888,0.025890630855448835,0.010197171111801394,0.57989882713791,0.11143214813602591,0.0012260455405339599,0.8169471621513367
10,7,14,late,1888,0.006528715011281434,0.003157308793986614,0.6570930987858816,0.12522828385598433,0.001703950110822916,0.8723905086517334
10,7,16,late,1888,0.0015589012608022803,0.0021496843359646487,0.6570930987858816,0.12522828385598433,0.001703950110822916,0.8723905086517334
10,8,1,late,1888,0.34839643147614957,0.0787797795189988,0.44745877659739036,0.09054765432394647,0.0011206329800188541,0.6544121503829956
10,8,2,late,1888,0.019951461774825235,0.009661711108619823,0.45641396162682213,0.09057179749461725,0.001216429634951055,0.6212990283966064
10,8,3,late,1888,0.04328065961568893,0.011322531800078592,0.38615382851220587,0.08000481722387887,0.0009677011985331774,0.592959463596344
10,8,4,late,1888,0.008657196849996714,0.004311865862960748,0.4497001692822269,0.08844779125462938,0.0011314022121950984,0.61256343126297
10,8,5,late,1888,0.0266264833560176,0.012852494868217157,0.4552236936600574,0.08996780640709696,0.001181435538455844,0.6397971510887146
10,8,6,late,1888,0.030772638389239132,0.028277314969149925,0.43685909351114466,0.08654884090465854,0.0010893942089751363,0.6312018036842346
10,8,7,late,1888,0.011802322668041319,0.00744362773730679,0.4544318695816555,0.08868203795076211,0.0012107164366170764,0.6322851777076721
10,8,8,late,1888,0.004002143710725207,0.0025260798990907893,0.5165499261673762,0.0958325042429871,0.0014580388087779284,0.7096543908119202
10,8,9,late,1888,0.00655454072402208,0.0027302146810855754,0.4567019001340175,0.08910300193360515,0.0011544395238161087,0.6671155691146851
10,8,10,late,1888,0.35819477582868026,0.0993436572496994,0.5926414053771577,0.10921479684607678,0.0016119374195113778,0.7669797539710999
10,8,11,late,1888,0.027135388933661544,0.012272033960782948,0.6111156408754187,0.11250566494922706,0.0015950561501085758,0.8226619362831116
10,8,12,late,1888,0.08064770954541985,0.014348503308905886,0.44167477973752606,0.08814100657151547,0.001083839568309486,0.7019156813621521
10,8,13,late,1888,0.025890630855448835,0.010197171111801394,0.47467212022777444,0.09278782365637853,0.0012313020415604115,0.7438521385192871
10,8,14,late,1888,0.006528715011281434,0.003157308793986614,0.5543462353021916,0.10935006768233518,0.0017112528439611197,0.8097946047782898
10,8,16,late,1888,0.0015589012608022803,0.0021496843359646487,0.5543462353021916,0.10935006768233518,0.0017112528439611197,0.8097946047782898
10,9,1,late,1888,0.34839643147614957,0.0787797795189988,0.5599594688427391,0.10307941389931863,0.0014219526201486588,0.7057356238365173
10,9,2,late,1888,0.019951461774825235,0.009661711108619823,0.5672740963248435,0.10355960770100225,0.0015619575278833508,0.7094772458076477
10,9,3,late,1888,0.04328065961568893,0.011322531800078592,0.49031373933085903,0.09422587788105997,0.0012082152534276247,0.7048234343528748
10,9,4,late,1888,0.008657196849996714,0.004311865862960748,0.5707766375627386,0.10419769854908578,0.001527586136944592,0.7322596311569214
10,9,5,late,1888,0.0266264833560176,0.012852494868217157,0.5672864699061053,0.10377421786414556,0.0015212903963401914,0.7368336319923401
10,9,6,late,1888,0.030772638389239132,0.028277314969149925,0.5541599422957284,0.10164024251414823,0.0014438198413699865,0.722064733505249
10,9,7,late,1888,0.011802322668041319,0.00744362773730679,0.5639628994551643,0.10315782489873392,0.0015292802127078176,0.7167055010795593
10,9,8,late,1888,0.004002143710725207,0.0025260798990907893,0.6039191128496649,0.11067984914413752,0.0016460245242342353,0.7659858465194702
10,9,9,late,1888,0.00655454072402208,0.0027302146810855754,0.5471410694368326,0.10242558205605748,0.0013195750070735812,0.7406520843505859
10,9,10,late,1888,0.35819477582868026,0.0993436572496994,0.6180476145142412,0.11276822383284965,0.0015049937646836042,0.7795554995536804
10,9,11,late,1888,0.027135388933661544,0.012272033960782948,0.6174338723299039,0.11299583667602478,0.0015004092128947377,0.8197813630104065
10,9,12,late,1888,0.08064770954541985,0.014348503308905886,0.4871166818375059,0.09693905120616247,0.0011277641169726849,0.7273554801940918
10,9,13,late,1888,0.025890630855448835,0.010197171111801394,0.5135290777999232,0.09990317448133157,0.0012983029009774327,0.7614351511001587
10,9,14,late,1888,0.006528715011281434,0.003157308793986614,0.593743072067532,0.11777959226165065,0.00184746109880507,0.828544020652771
10,9,16,late,1888,0.0015589012608022803,0.0021496843359646487,0.593743072067532,0.11777959226165065,0.00184746109880507,0.828544020652771
10,10,1,late,1888,0.34839643147614957,0.0787797795189988,0.5291475162985543,0.09897365715358768,0.001323021249845624,0.6977609992027283
10,10,2,late,1888,0.019951461774825235,0.009661711108619823,0.533289774303878,0.09886390292144259,0.0014262063195928931,0.7228826284408569
10,10,3,late,1888,0.04328065961568893,0.011322531800078592,0.445427997065824,0.08846002470144021,0.0010658609680831432,0.7163963913917542
10,10,4,late,1888,0.008657196849996714,0.004311865862960748,0.5234924567929569,0.09693900730404571,0.0013560692314058542,0.7356085777282715
10,10,5,late,1888,0.0266264833560176,0.012852494868217157,0.5073546092248531,0.09444246820431482,0.001286521670408547,0.7211515307426453
10,10,6,late,1888,0.030772638389239132,0.028277314969149925,0.4602183015132002,0.08692619280058711,0.0010316814295947552,0.6729490756988525
10,10,7,late,1888,0.011802322668041319,0.00744362773730679,0.47883468885019115,0.09091084044833089,0.0011489398311823606,0.6826791167259216
10,10,8,late,1888,0.004002143710725207,0.0025260798990907893,0.52498856088629,0.09954869008186838,0.0013036987511441112,0.7423497438430786
10,10,9,late,1888,0.00655454072402208,0.0027302146810855754,0.466328766424494,0.0923682537239418,0.001039251103065908,0.7044917941093445
10,10,10,late,1888,0.35819477582868026,0.0993436572496994,0.5815282457525288,0.10722298675556902,0.0013150270096957684,0.7765958905220032
10,10,11,late,1888,0.027135388933661544,0.012272033960782948,0.5823872576918309,0.10833640149380765,0.0013337929267436266,0.8059157729148865
10,10,12,late,1888,0.08064770954541985,0.014348503308905886,0.45209271198701434,0.09397352217806805,0.0010368189541622996,0.729322612285614
10,10,13,late,1888,0.025890630855448835,0.010197171111801394,0.4730213891547834,0.09680518769535226,0.0011579329147934914,0.7613148093223572
10,10,14,late,1888,0.006528715011281434,0.003157308793986614,0.5545912418918737,0.11540888428448481,0.0015823104185983539,0.8284498453140259
10,10,16,late,1888,0.0015589012608022803,0.0021496843359646487,0.5545912418918737,0.11540888428448481,0.0015823104185983539,0.8284498453140259
10,11,1,late,1888,0.34839643147614957,0.0787797795189988,0.552315660981302,0.10282792648637536,0.0013431854313239455,0.7088611721992493
10,11,2,late,1888,0.019951461774825235,0.009661711108619823,0.5550236924203907,0.10320313629934523,0.00144794094376266,0.7235574126243591
10,11,3,late,1888,0.04328065961568893,0.011322531800078592,0.4794788056245479,0.09456442284701602,0.0011217191349714994,0.7139601111412048
10,11,4,late,1888,0.008657196849996714,0.004311865862960748,0.5451985098842346,0.10129550959912403,0.0013822357868775725,0.7273238301277161
10,11,5,late,1888,0.0266264833560176,0.012852494868217157,0.5381066737513643,0.10029157899215466,0.00137298833578825,0.7215873003005981
10,11,6,late,1888,0.030772638389239132,0.028277314969149925,0.49402877277772583,0.09363643257014617,0.0011391144944354892,0.686960756778717
10,11,7,late,1888,0.011802322668041319,0.00744362773730679,0.5255441685234072,0.09861078763669776,0.0013183609116822481,0.706476092338562
10,11,8,late,1888,0.004002143710725207,0.0025260798990907893,0.6086769985204382,0.11302683839898818,0.0017396118491888046,0.7863872051239014
10,11,9,late,1888,0.00655454072402208,0.0027302146810855754,0.5415044487546488,0.10328654297740691,0.00127532915212214,0.7398584485054016
10,11,10,late,1888,0.35819477582868026,0.0993436572496994,0.6110477409126006,0.11332927503516926,0.001407792093232274,0.7970040440559387
10,11,11,late,1888,0.027135388933661544,0.012272033960782948,0.5864001542841695,0.10975762065062417,0.0013228636234998703,0.7924017310142517
10,11,12,late,1888,0.08064770954541985,0.014348503308905886,0.44239188662390533,0.09297402984844011,0.0009941610042005777,0.7150332927703857
10,11,13,late,1888,0.025890630855448835,0.010197171111801394,0.46398271031512967,0.09893710773075945,0.0010899490443989635,0.7523200511932373
10,11,14,late,1888,0.006528715011281434,0.003157308793986614,0.5489624887862701,0.11725493310340986,0.0014993858058005571,0.8213914632797241
10,11,16,late,1888,0.0015589012608022803,0.0021496843359646487,0.5489624887862701,0.11725493310340986,0.0014993858058005571,0.8213914632797241
10,12,1,late,1888,0.34839643147614957,0.0787797795189988,0.5482940663116436,0.10238947917199129,0.0012594733852893114,0.7090286016464233
10,12,2,late,1888,0.019951461774825235,0.009661711108619823,0.5523647484983716,0.10302275530285603,0.0013507554540410638,0.7262794375419617
10,12,3,late,1888,0.04328065961568893,0.011322531800078592,0.47733681345531387,0.09409567408666206,0.0010844318894669414,0.7175076007843018
10,12,4,late,1888,0.008657196849996714,0.004311865862960748,0.5445785404631737,0.10144582832921725,0.0013098869239911437,0.7335836291313171
10,12,5,late,1888,0.0266264833560176,0.012852494868217157,0.5374847714616192,0.10043127842996266,0.0012993259588256478,0.7279294729232788
10,12,6,late,1888,0.030772638389239132,0.028277314969149925,0.49174918714573834,0.09431739023164556,0.0010548648424446583,0.6989418864250183
10,12,7,late,1888,0.011802322668041319,0.00744362773730679,0.514996483193484,0.09812938834938485,0.0011514455545693636,0.7115111351013184
10,12,8,late,1888,0.004002143710725207,0.0025260798990907893,0.6089492257199447,0.11383751618064535,0.0015796248335391283,0.7952141761779785
10,12,9,late,1888,0.00655454072402208,0.0027302146810855754,0.5440223384401303,0.10395377630890341,0.0012239645002409816,0.7425805330276489
10,12,10,late,1888,0.35819477582868026,0.0993436572496994,0.6449227188479538,0.1208183142523563,0.0013403076445683837,0.834102988243103
10,12,11,late,1888,0.027135388933661544,0.012272033960782948,0.6408225987041818,0.11988441682228151,0.0013774564722552896,0.8378457427024841
10,12,12,late,1888,0.08064770954541985,0.014348503308905886,0.4834668363936683,0.09864232007912717,0.001061334740370512,0.7594118714332581
10,12,13,late,1888,0.025890630855448835,0.010197171111801394,0.5015236915599001,0.10656511776090209,0.0011159233981743455,0.7927691340446472
10,12,14,late,1888,0.006528715011281434,0.003157308793986614,0.5763023031318202,0.12193364451817494,0.0015010350616648793,0.8480159640312195
10,12,16,late,1888,0.0015589012608022803,0.0021496843359646487,0.5763023031318202,0.12193364451817494,0.0015010350616648793,0.8480159640312195
10,13,1,late,1888,0.34839643147614957,0.0787797795189988,0.4269154340850884,0.09082097099091584,0.0009462851448915899,0.6137476563453674
10,13,2,late,1888,0.019951461774825235,0.009661711108619823,0.41149520772141535,0.08842651782217084,0.0010067395633086562,0.6037037372589111
10,13,3,late,1888,0.04328065961568893,0.011322531800078592,0.3268192441260846,0.07403284170769221,0.0008241494069807231,0.53891921043396
10,13,4,late,1888,0.008657196849996714,0.004311865862960748,0.3908632175827764,0.08384817948173705,0.0009236332844011486,0.5795361399650574
10,13,5,late,1888,0.0266264833560176,0.012852494868217157,0.34376032266466655,0.07325627853200353,0.0008837726782076061,0.5479043126106262
10,13,6,late,1888,0.030772638389239132,0.028277314969149925,0.3023006060329708,0.07123292974281825,0.000729332328774035,0.5306330323219299
10,13,7,late,1888,0.011802322668041319,0.00744362773730679,0.33150521544392453,0.07738331606748185,0.000813988852314651,0.5556955933570862
10,13,8,late,1888,0.004002143710725207,0.0025260798990907893,0.5163249864129639,0.11139949064421802,0.0013122644741088152,0.7284194231033325
10,13,9,late,1888,0.00655454072402208,0.0027302146810855754,0.45557758317023644,0.10035682746444494,0.001148112234659493,0.6762861609458923
10,13,10,late,1888,0.35819477582868026,0.0993436572496994,0.45874344145630536,0.10245128797415767,0.001063820905983448,0.713526725769043
10,13,11,late,1888,0.027135388933661544,0.012272033960782948,0.4541007316183206,0.10102261966823592,0.001075271749868989,0.7174314856529236
10,13,12,late,1888,0.08064770954541985,0.014348503308905886,0.3139786689970282,0.07891683633398837,0.000887290807440877,0.58905029296875
10,13,13,late,1888,0.025890630855448835,0.010197171111801394,0.3943354740817301,0.10260282226985729,0.0009862111182883382,0.6664372086524963
10,13,14,late,1888,0.006528715011281434,0.003157308793986614,0.4531844772468888,0.10915273677648508,0.0013815679121762514,0.698043942451477
10,13,16,late,1888,0.0015589012608022803,0.0021496843359646487,0.4531844772468888,0.10915273677648508,0.0013815679121762514,0.698043942451477
10,14,1,late,1888,0.34839643147614957,0.0787797795189988,0.3331689133076799,0.07879909289585489,0.000758760841563344,0.5458295941352844
10,14,2,late,1888,0.019951461774825235,0.009661711108619823,0.33796141782514205,0.07814446078524989,0.0007961121737025678,0.5611220002174377
10,14,3,late,1888,0.04328065961568893,0.011322531800078592,0.2831088249451445,0.06804617234015582,0.0006824846495874226,0.4834442138671875
10,14,4,late,1888,0.008657196849996714,0.004311865862960748,0.3075503005823875,0.07338771385681515,0.0006802722928114235,0.5201618075370789
10,14,5,late,1888,0.0266264833560176,0.012852494868217157,0.23406566831856593,0.057776763206193106,0.0006326690781861544,0.42476871609687805
10,14,6,late,1888,0.030772638389239132,0.028277314969149925,0.18538531092990987,0.053850634667016894,0.0004785667988471687,0.35982584953308105
10,14,7,late,1888,0.011802322668041319,0.00744362773730679,0.2068954684536177,0.059882654327276505,0.0005341314827091992,0.39766380190849304
10,14,8,late,1888,0.004002143710725207,0.0025260798990907893,0.3463333841404689,0.09369172486043989,0.000831953773740679,0.5874603986740112
10,14,9,late,1888,0.00655454072402208,0.0027302146810855754,0.2837350208746241,0.07912408889158085,0.0007018425967544317,0.5032429099082947
10,14,10,late,1888,0.35819477582868026,0.0993436572496994,0.24773752225004408,0.07204951861775301,0.0005951928324066103,0.4779176712036133
10,14,11,late,1888,0.027135388933661544,0.012272033960782948,0.23659344325599288,0.0689884841446591,0.0005960966809652746,0.4835706353187561
10,14,12,late,1888,0.08064770954541985,0.014348503308905886,0.15869035251141167,0.05212133229842058,0.0005222626496106386,0.3928373456001282
10,14,13,late,1888,0.025890630855448835,0.010197171111801394,0.20991387412628312,0.07188366873721372,0.000534175313077867,0.4508633315563202
10,14,14,late,1888,0.006528715011281434,0.003157308793986614,0.27181939314366405,0.08234325260149707,0.0008030798053368926,0.5324667692184448
10,14,16,late,1888,0.0015589012608022803,0.0021496843359646487,0.27181939314366405,0.08234325260149707,0.0008030798053368926,0.5324667692184448
10,16,1,late,1888,0.34839643147614957,0.0787797795189988,0.3331689133076799,0.07879909289585489,0.000758760841563344,0.5458295941352844
10,16,2,late,1888,0.019951461774825235,0.009661711108619823,0.33796141782514205,0.07814446078524989,0.0007961121737025678,0.5611220002174377
10,16,3,late,1888,0.04328065961568893,0.011322531800078592,0.2831088249451445,0.06804617234015582,0.0006824846495874226,0.4834442138671875
10,16,4,late,1888,0.008657196849996714,0.004311865862960748,0.3075503005823875,0.07338771385681515,0.0006802722928114235,0.5201618075370789
10,16,5,late,1888,0.0266264833560176,0.012852494868217157,0.23406566831856593,0.057776763206193106,0.0006326690781861544,0.42476871609687805
10,16,6,late,1888,0.030772638389239132,0.028277314969149925,0.18538531092990987,0.053850634667016894,0.0004785667988471687,0.35982584953308105
10,16,7,late,1888,0.011802322668041319,0.00744362773730679,0.2068954684536177,0.059882654327276505,0.0005341314827091992,0.39766380190849304
10,16,8,late,1888,0.004002143710725207,0.0025260798990907893,0.3463333841404689,0.09369172486043989,0.000831953773740679,0.5874603986740112
10,16,9,late,1888,0.00655454072402208,0.0027302146810855754,0.2837350208746241,0.07912408889158085,0.0007018425967544317,0.5032429099082947
10,16,10,late,1888,0.35819477582868026,0.0993436572496994,0.24773752225004408,0.07204951861775301,0.0005951928324066103,0.4779176712036133
10,16,11,late,1888,0.027135388933661544,0.012272033960782948,0.23659344325599288,0.0689884841446591,0.0005960966809652746,0.4835706353187561
10,16,12,late,1888,0.08064770954541985,0.014348503308905886,0.15869035251141167,0.05212133229842058,0.0005222626496106386,0.3928373456001282
10,16,13,late,1888,0.025890630855448835,0.010197171111801394,0.20991387412628312,0.07188366873721372,0.000534175313077867,0.4508633315563202
10,16,14,late,1888,0.006528715011281434,0.003157308793986614,0.27181939314366405,0.08234325260149707,0.0008030798053368926,0.5324667692184448
10,16,16,late,1888,0.0015589012608022803,0.0021496843359646487,0.27181939314366405,0.08234325260149707,0.0008030798053368926,0.5324667692184448
11,1,1,late,960,0.20211436594367485,0.057572068531624936,0.6986704479798694,0.10890498441392715,0.001624799333512783,0.8307293057441711
11,1,2,late,960,0.022930074189822736,0.011159764939518396,0.6963496147310555,0.10258098493856768,0.0018385874573141336,0.8274979591369629
11,1,3,late,960,0.03430127658614867,0.010312949141064977,0.621958600145202,0.0918593169450506,0.00137853913474828,0.7842656970024109
11,1,4,late,960,0.04567752835026147,0.008591338665585256,0.7103388596132088,0.10270470123300626,0.002042364329099655,0.827351450920105
11,1,5,late,960,0.024342519964775114,0.012000919490602236,0.6958573305870231,0.10153959816807975,0.001884838449768722,0.8260281085968018
11,1,6,late,960,0.03297468910232278,0.022798345091418572,0.6788447413895483,0.09905785704501044,0.0018229444976896048,0.8071608543395996
11,1,7,late,960,0.06512937071248576,0.023558534108955618,0.6650385044419332,0.09738625839678539,0.0017180157592520118,0.7934074997901917
11,1,8,late,960,0.005500219570440875,0.003209750471497632,0.6914116136924956,0.10157097007944461,0.0017248744843527675,0.8184687495231628
11,1,9,late,960,0.010679249561165503,0.0031836778809479034,0.6650830450395006,0.10026303853368787,0.0015716650523245335,0.8043414354324341
11,1,10,late,960,0.2776892901817839,0.05069055507951238,0.7284444873435859,0.10645478872078402,0.0019078446784988046,0.8501940369606018
11,1,11,late,960,0.13011627765392123,0.05541409826085265,0.7400804431264987,0.11060814447783716,0.0018796935910359025,0.8718870878219604
11,1,12,late,960,0.10937613176353886,0.030021756078319837,0.6535752964795393,0.10807620071597443,0.0014126987662166357,0.85036700963974
11,1,13,late,960,0.026420132325336264,0.010963608512040682,0.7390574495925345,0.11733565349140246,0.001498980331234634,0.9043776988983154
11,1,14,late,960,0.009481026722125111,0.004173958870954702,0.8094507638464469,0.11858433514086048,0.0021428740583360195,0.9128881692886353
11,1,16,late,960,0.0032678473721969932,0.002588481770558766,0.8094507638464469,0.11858433514086048,0.0021428740583360195,0.9128881692886353
11,2,1,late,960,0.20211436594367485,0.057572068531624936,0.6474140647493186,0.10015012980025216,0.0016675281804054976,0.8005436062812805
11,2,2,late,960,0.022930074189822736,0.011159764939518396,0.646591684065667,0.09417058036262374,0.0018674451857805252,0.7881119251251221
11,2,3,late,960,0.03430127658614867,0.010312949141064977,0.5588588244857723,0.08160413159177396,0.0012408331967890263,0.7394381761550903
11,2,4,late,960,0.04567752835026147,0.008591338665585256,0.6505446973575696,0.09360867123366337,0.0018692279700189829,0.7767795920372009
11,2,5,late,960,0.024342519964775114,0.012000919490602236,0.6328951217605209,0.09148349813484853,0.0017257309518754482,0.772826611995697
11,2,6,late,960,0.03297468910232278,0.022798345091418572,0.6133142656039127,0.08872079513192915,0.0016171849565580487,0.7558110952377319
11,2,7,late,960,0.06512937071248576,0.023558534108955618,0.6071645442516456,0.08741096965240823,0.0015809453325346112,0.7345308065414429
11,2,8,late,960,0.005500219570440875,0.003209750471497632,0.6426425650131325,0.09240815369730329,0.001688429736532271,0.7553002834320068
11,2,9,late,960,0.010679249561165503,0.0031836778809479034,0.6011011636164767,0.09097788728661058,0.0013382680481299758,0.7390591502189636
11,2,10,late,960,0.2776892901817839,0.05069055507951238,0.6893675187088472,0.0981753595639143,0.0018526739440858364,0.7987670302391052
11,2,11,late,960,0.13011627765392123,0.05541409826085265,0.7014834106181903,0.1011316428529051,0.0018428093753755093,0.8405094742774963
11,2,12,late,960,0.10937613176353886,0.030021756078319837,0.6091571157974006,0.09480821051408232,0.0013956093462184072,0.8149496912956238
11,2,13,late,960,0.026420132325336264,0.010963608512040682,0.7255087373753971,0.11050377094193374,0.0016897482564672828,0.8932041525840759
11,2,14,late,960,0.009481026722125111,0.004173958870954702,0.8084876085054323,0.1155134144651959,0.0024222834035754204,0.9102982878684998
11,2,16,late,960,0.0032678473721969932,0.002588481770558766,0.8084876085054323,0.1155134144651959,0.0024222834035754204,0.9102982878684998
11,3,1,late,960,0.20211436594367485,0.057572068531624936,0.6628495045921833,0.10131266742150134,0.001812807284295559,0.7944650650024414
11,3,2,late,960,0.022930074189822736,0.011159764939518396,0.6619972529418495,0.09550878236166618,0.0018956521525979042,0.7835250496864319
11,3,3,late,960,0.03430127658614867,0.010312949141064977,0.5787371616951229,0.08555178772827347,0.0012715704506263137,0.7648942470550537
11,3,4,late,960,0.04567752835026147,0.008591338665585256,0.66940768959527,0.09518942833057689,0.0019280948908999562,0.7854991555213928
11,3,5,late,960,0.024342519964775114,0.012000919490602236,0.6501158373566189,0.09290084739774576,0.001836322364397347,0.7706485986709595
11,3,6,late,960,0.03297468910232278,0.022798345091418572,0.6379490082512348,0.09111903079118407,0.001756495563313365,0.7586308121681213
11,3,7,late,960,0.06512937071248576,0.023558534108955618,0.6319913361102711,0.09004814762227661,0.0016994104953482747,0.7487289309501648
11,3,8,late,960,0.005500219570440875,0.003209750471497632,0.6657733533595699,0.09465054340518934,0.0018149353563785553,0.7818078994750977
11,3,9,late,960,0.010679249561165503,0.0031836778809479034,0.625476028294482,0.09239824417266211,0.0014425450935959816,0.7450870275497437
11,3,10,late,960,0.2776892901817839,0.05069055507951238,0.7078418531961991,0.10002519795699445,0.0019626726862043142,0.8021230101585388
11,3,11,late,960,0.13011627765392123,0.05541409826085265,0.7254708098958266,0.10278485309770893,0.0020620045252144337,0.8424695134162903
11,3,12,late,960,0.10937613176353886,0.030021756078319837,0.623859346547033,0.09639145105263976,0.0014110214542597532,0.8161269426345825
11,3,13,late,960,0.026420132325336264,0.010963608512040682,0.7331688706274387,0.11130202083778662,0.0016786986961960793,0.8935176134109497
11,3,14,late,960,0.009481026722125111,0.004173958870954702,0.8081475232468317,0.11525770636581063,0.0023536907974630594,0.9105665683746338
11,3,16,late,960,0.0032678473721969932,0.002588481770558766,0.8081475232468317,0.11525770636581063,0.0023536907974630594,0.9105665683746338
11,4,1,late,960,0.20211436594367485,0.057572068531624936,0.6481321205484467,0.10359868449491465,0.0015951708192005754,0.7932459712028503
11,4,2,late,960,0.022930074189822736,0.011159764939518396,0.6492060171175884,0.09690847317153835,0.001835966482758522,0.7903227210044861
11,4,3,late,960,0.03430127658614867,0.010312949141064977,0.5714214863809806,0.08608607976209329,0.0013444499345496297,0.7421927452087402
11,4,4,late,960,0.04567752835026147,0.008591338665585256,0.664562529448934,0.09684950576501287,0.0019174570916220546,0.7889809012413025
11,4,5,late,960,0.024342519964775114,0.012000919490602236,0.6562021017147345,0.09540081186685088,0.0018432954093441367,0.7845343947410583
11,4,6,late,960,0.03297468910232278,0.022798345091418572,0.6483068371663345,0.0939357609600292,0.0017942982958629727,0.7686107158660889
11,4,7,late,960,0.06512937071248576,0.023558534108955618,0.6425610887362079,0.09262123757056466,0.001807491178624332,0.7550510168075562
11,4,8,late,960,0.005500219570440875,0.003209750471497632,0.6748519227957634,0.09685797948183349,0.00185198534745723,0.7837716937065125
11,4,9,late,960,0.010679249561165503,0.0031836778809479034,0.6347973735629542,0.09734886160541895,0.0014708456583321095,0.7688419818878174
11,4,10,late,960,0.2776892901817839,0.05069055507951238,0.716022175343096,0.10244181540396374,0.0020893726032227278,0.8212317228317261
11,4,11,late,960,0.13011627765392123,0.05541409826085265,0.7101518393302588,0.10078145784693537,0.002022101543843746,0.8288631439208984
11,4,12,late,960,0.10937613176353886,0.030021756078319837,0.5893291588915114,0.0923318593081902,0.001341064227744937,0.7777277231216431
11,4,13,late,960,0.026420132325336264,0.010963608512040682,0.698760383325983,0.1090787130731295,0.0015425399178639054,0.8695505261421204
11,4,14,late,960,0.009481026722125111,0.004173958870954702,0.7789343825800946,0.11311082028707126,0.0021074824035167694,0.8959324359893799
11,4,16,late,960,0.0032678473721969932,0.002588481770558766,0.7789343825800946,0.11311082028707126,0.0021074824035167694,0.8959324359893799
11,5,1,late,960,0.20211436594367485,0.057572068531624936,0.6354465639512151,0.10145713792911282,0.0015671357978135347,0.777850866317749
11,5,2,late,960,0.022930074189822736,0.011159764939518396,0.6364107567990384,0.0946013628266738,0.0018037072150036693,0.7747716903686523
11,5,3,late,960,0.03430127658614867,0.010312949141064977,0.552661055137772,0.08286729107310468,0.0012988595990464091,0.7199665307998657
11,5,4,late,960,0.04567752835026147,0.008591338665585256,0.6554507071137777,0.09506001188797156,0.0019271528581157327,0.7773325443267822
11,5,5,late,960,0.024342519964775114,0.012000919490602236,0.6502771354270711,0.09462220438535295,0.0018315607449039817,0.7754347324371338
11,5,6,late,960,0.03297468910232278,0.022798345091418572,0.6438317350921958,0.09332012700334692,0.0017952107591554523,0.7603061199188232
11,5,7,late,960,0.06512937071248576,0.023558534108955618,0.6380523057364674,0.09193385294443386,0.0018053081585094333,0.7464203834533691
11,5,8,late,960,0.005500219570440875,0.003209750471497632,0.6694397456605656,0.09611908229911983,0.0018230027053505182,0.7758525609970093
11,5,9,late,960,0.010679249561165503,0.0031836778809479034,0.6293631939303547,0.0965886162434227,0.0014478188240900636,0.7600371241569519
11,5,10,late,960,0.2776892901817839,0.05069055507951238,0.7056383494835852,0.1012300750072027,0.002056668745353818,0.8099501132965088
11,5,11,late,960,0.13011627765392123,0.05541409826085265,0.7068574215734164,0.10215241980046796,0.0019662983249872923,0.8343294858932495
11,5,12,late,960,0.10937613176353886,0.030021756078319837,0.5855402651046461,0.09621709842760696,0.001277068629860878,0.7840436100959778
11,5,13,late,960,0.026420132325336264,0.010963608512040682,0.6911045148918977,0.11281483140863283,0.0015037081902846694,0.8721136450767517
11,5,14,late,960,0.009481026722125111,0.004173958870954702,0.7726405950175831,0.11501500832486804,0.0020544601138681173,0.8950315713882446
11,5,16,late,960,0.0032678473721969932,0.002588481770558766,0.7726405950175831,0.11501500832486804,0.0020544601138681173,0.8950315713882446
11,6,1,late,960,0.20211436594367485,0.057572068531624936,0.6436609742299576,0.100315218328145,0.0016212688060477376,0.7785370349884033
11,6,2,late,960,0.022930074189822736,0.011159764939518396,0.6504571131212288,0.09517311806349667,0.0018874049419537187,0.7768056988716125
11,6,3,late,960,0.03430127658614867,0.010312949141064977,0.5689978258335031,0.08392386712914063,0.0013799630105495453,0.7242149710655212
11,6,4,late,960,0.04567752835026147,0.008591338665585256,0.667809923683914,0.09581946969985948,0.0019976135808974504,0.7777185440063477
11,6,5,late,960,0.024342519964775114,0.012000919490602236,0.6624697863040637,0.09527105811099572,0.0018985331989824772,0.7758230566978455
11,6,6,late,960,0.03297468910232278,0.022798345091418572,0.6545312594872181,0.09379665644051172,0.001847142819315195,0.7593609690666199
11,6,7,late,960,0.06512937071248576,0.023558534108955618,0.6529650455094573,0.0930474485446109,0.0019002895569428802,0.749418318271637
11,6,8,late,960,0.005500219570440875,0.003209750471497632,0.6836549726381539,0.09713780144203937,0.0019510373240336776,0.7786057591438293
11,6,9,late,960,0.010679249561165503,0.0031836778809479034,0.6415387879568395,0.09684839814824386,0.0015243117231875658,0.7599382996559143
11,6,10,late,960,0.2776892901817839,0.05069055507951238,0.7199905625622098,0.10235127277540783,0.002188736805692315,0.8128830790519714
11,6,11,late,960,0.13011627765392123,0.05541409826085265,0.7224087420812187,0.10340767248380447,0.0021066702902317047,0.8481776714324951
11,6,12,late,960,0.10937613176353886,0.030021756078319837,0.5983327766751851,0.09665978173063595,0.0013560692314058542,0.7825178503990173
11,6,13,late,960,0.026420132325336264,0.010963608512040682,0.693775822571115,0.11104337077303628,0.0016045887023210526,0.8663786053657532
11,6,14,late,960,0.009481026722125111,0.004173958870954702,0.7701727263304444,0.11413666640628921,0.002096743555739522,0.8849917054176331
11,6,16,late,960,0.0032678473721969932,0.002588481770558766,0.7701727263304444,0.11413666640628921,0.002096743555739522,0.8849917054176331
11,7,1,late,960,0.20211436594367485,0.057572068531624936,0.6244839159381324,0.09967387163791512,0.001448218710720539,0.761234700679779
11,7,2,late,960,0.022930074189822736,0.011159764939518396,0.6305834024072586,0.09360588735697487,0.001578404102474451,0.7526105642318726
11,7,3,late,960,0.03430127658614867,0.010312949141064977,0.5443899295449228,0.08254703021374166,0.0012145627988502383,0.6923750042915344
11,7,4,late,960,0.04567752835026147,0.008591338665585256,0.6490569492050174,0.09410637155636982,0.0017428335268050432,0.7531284093856812
11,7,5,late,960,0.024342519964775114,0.012000919490602236,0.644103025498407,0.09348396433114502,0.0017617471748962998,0.7492758631706238
11,7,6,late,960,0.03297468910232278,0.022798345091418572,0.6342033515235622,0.09199691135088897,0.00172255071811378,0.7311358451843262
11,7,7,late,960,0.06512937071248576,0.023558534108955618,0.63284739485498,0.09148686143394084,0.0016481917118653655,0.7204562425613403
11,7,8,late,960,0.005500219570440875,0.003209750471497632,0.6660659105188339,0.09508323047790149,0.0017312074778601527,0.7540677189826965
11,7,9,late,960,0.010679249561165503,0.0031836778809479034,0.6228045959856293,0.09543678894521941,0.0013524971436709166,0.7383009791374207
11,7,10,late,960,0.2776892901817839,0.05069055507951238,0.7073185555513192,0.10057221990870281,0.002033534459769726,0.7924425005912781
11,7,11,late,960,0.13011627765392123,0.05541409826085265,0.7089610079223349,0.10166469439820926,0.0019997137133032084,0.8367388844490051
11,7,12,late,960,0.10937613176353886,0.030021756078319837,0.580568252120429,0.09513411463686605,0.0012871712679043412,0.7671684622764587
11,7,13,late,960,0.026420132325336264,0.010963608512040682,0.6617890560051213,0.10531323424697439,0.0015932105015963316,0.8359887003898621
11,7,14,late,960,0.009481026722125111,0.004173958870954702,0.7189362300256713,0.10943489824206722,0.0019690562039613724,0.8371424674987793
11,7,16,late,960,0.0032678473721969932,0.002588481770558766,0.7189362300256713,0.10943489824206722,0.0019690562039613724,0.8371424674987793
11,8,1,late,960,0.20211436594367485,0.057572068531624936,0.5154652804563132,0.0886342766794483,0.0012513060355558991,0.6724757552146912
11,8,2,late,960,0.022930074189822736,0.011159764939518396,0.5218072059692834,0.08223831986594476,0.0013614161871373653,0.665989875793457
11,8,3,late,960,0.03430127658614867,0.010312949141064977,0.4351417324962919,0.07068736667266395,0.0010452554561197758,0.578796923160553
11,8,4,late,960,0.04567752835026147,0.008591338665585256,0.5447938686541117,0.08377448703489501,0.001515067066065967,0.6683453321456909
11,8,5,late,960,0.024342519964775114,0.012000919490602236,0.53158053476036,0.08218403255903582,0.00144933070987463,0.656997561454773
11,8,6,late,960,0.03297468910232278,0.022798345091418572,0.5141500422567333,0.07900583320846427,0.001383600290864706,0.6275091767311096
11,8,7,late,960,0.06512937071248576,0.023558534108955618,0.5126362008936364,0.07819536665801347,0.0013822719920426607,0.6148816347122192
11,8,8,late,960,0.005500219570440875,0.003209750471497632,0.5501194657402569,0.082084142763292,0.0014931472251191735,0.6562414169311523
11,8,9,late,960,0.010679249561165503,0.0031836778809479034,0.5030664171624569,0.08255499145143677,0.0011664534686133265,0.6380489468574524
11,8,10,late,960,0.2776892901817839,0.05069055507951238,0.6606590639147423,0.09377512629492965,0.0020054783672094345,0.7423758506774902
11,8,11,late,960,0.13011627765392123,0.05541409826085265,0.6859723956483018,0.09777466249224429,0.0019421754404902458,0.8219223022460938
11,8,12,late,960,0.10937613176353886,0.030021756078319837,0.5218975210219166,0.0860442253340838,0.00125010940246284,0.723931610584259
11,8,13,late,960,0.026420132325336264,0.010963608512040682,0.5461038547252731,0.08919217459459787,0.0015330418245866895,0.7475711703300476
11,8,14,late,960,0.009481026722125111,0.004173958870954702,0.6074814770709054,0.09773102053470324,0.0018233427545055747,0.7495575547218323
11,8,16,late,960,0.0032678473721969932,0.002588481770558766,0.6074814770709054,0.09773102053470324,0.0018233427545055747,0.7495575547218323
11,9,1,late,960,0.20211436594367485,0.057572068531624936,0.6168627138624287,0.09414612802738513,0.0015611471608281136,0.7457733154296875
11,9,2,late,960,0.022930074189822736,0.011159764939518396,0.6217473482026737,0.0900131187206963,0.0017077804077416658,0.7459889054298401
11,9,3,late,960,0.03430127658614867,0.010312949141064977,0.531932903866497,0.07913527807038222,0.0013100828509777784,0.6668522953987122
11,9,4,late,960,0.04567752835026147,0.008591338665585256,0.6443711671066316,0.09268543118070509,0.001999149564653635,0.7457081079483032
11,9,5,late,960,0.024342519964775114,0.012000919490602236,0.6318136921004528,0.0905912077454392,0.0019905127119272947,0.7376284003257751
11,9,6,late,960,0.03297468910232278,0.022798345091418572,0.6205963684650972,0.0887933836583742,0.001956023508682847,0.7179139852523804
11,9,7,late,960,0.06512937071248576,0.023558534108955618,0.6097390840339358,0.08758856657625394,0.0016859486931934953,0.7037855982780457
11,9,8,late,960,0.005500219570440875,0.003209750471497632,0.6300538571177943,0.0903050182076638,0.001661690417677164,0.7289395928382874
11,9,9,late,960,0.010679249561165503,0.0031836778809479034,0.5853560207742703,0.08735652525401977,0.001337787020020187,0.7077914476394653
11,9,10,late,960,0.2776892901817839,0.05069055507951238,0.6725450401114358,0.09544390584019252,0.0019602410029619932,0.7658502459526062
11,9,11,late,960,0.13011627765392123,0.05541409826085265,0.6804187735343779,0.09669741608131537,0.0019252022029832006,0.8173075914382935
11,9,12,late,960,0.10937613176353886,0.030021756078319837,0.5543600176206382,0.0887086334091175,0.0013462866190820932,0.7539671659469604
11,9,13,late,960,0.026420132325336264,0.010963608512040682,0.5690506847968209,0.0886983483845703,0.0016329499194398522,0.7603797316551208
11,9,14,late,960,0.009481026722125111,0.004173958870954702,0.6335511957634784,0.09796463802762814,0.00200554053299129,0.7683650255203247
11,9,16,late,960,0.0032678473721969932,0.002588481770558766,0.6335511957634784,0.09796463802762814,0.00200554053299129,0.7683650255203247
11,10,1,late,960,0.20211436594367485,0.057572068531624936,0.5656716273778633,0.09033967202326504,0.0013635935029014945,0.7193892002105713
11,10,2,late,960,0.022930074189822736,0.011159764939518396,0.5682319602919355,0.08499365115175271,0.0015619269106537104,0.7163791060447693
11,10,3,late,960,0.03430127658614867,0.010312949141064977,0.46720327225290625,0.0725341067296762,0.001097278785891831,0.5821418166160583
11,10,4,late,960,0.04567752835026147,0.008591338665585256,0.580853138654129,0.08536131412704968,0.0015880527207627892,0.703291118144989
11,10,5,late,960,0.024342519964775114,0.012000919490602236,0.555154613699051,0.08241075120896943,0.0014922012342140079,0.6852371096611023
11,10,6,late,960,0.03297468910232278,0.022798345091418572,0.5161497307206446,0.07689802319864762,0.0013048956170678139,0.6359363198280334
11,10,7,late,960,0.06512937071248576,0.023558534108955618,0.5129279716432696,0.07677837609632447,0.001291270018555224,0.6280634999275208
11,10,8,late,960,0.005500219570440875,0.003209750471497632,0.5387537894136282,0.0803169673758718,0.0013418709859251976,0.6588669419288635
11,10,9,late,960,0.010679249561165503,0.0031836778809479034,0.49164549000682506,0.08050718562357818,0.0010563707910478115,0.6349892616271973
11,10,10,late,960,0.2776892901817839,0.05069055507951238,0.633091271350592,0.0915581646844059,0.0016144787659868598,0.740676760673523
11,10,11,late,960,0.13011627765392123,0.05541409826085265,0.6389828807201411,0.09382055737456842,0.001581692835316062,0.8061363697052002
11,10,12,late,960,0.10937613176353886,0.030021756078319837,0.5103505354190323,0.08943916262585397,0.0011431805323809385,0.7413752675056458
11,10,13,late,960,0.026420132325336264,0.010963608512040682,0.5189637870438067,0.09031285886256689,0.0012768637388944626,0.7487224340438843
11,10,14,late,960,0.009481026722125111,0.004173958870954702,0.5856521177902323,0.09909496752765881,0.001579134608618915,0.7569718360900879
11,10,16,late,960,0.0032678473721969932,0.002588481770558766,0.5856521177902323,0.09909496752765881,0.001579134608618915,0.7569718360900879
11,11,1,late,960,0.20211436594367485,0.057572068531624936,0.5769037354225778,0.08914882882912392,0.0013681730488315225,0.696670413017273
11,11,2,late,960,0.022930074189822736,0.011159764939518396,0.5792161416795959,0.08447572259430346,0.0015671715373173356,0.6935205459594727
11,11,3,late,960,0.03430127658614867,0.010312949141064977,0.4929490245591296,0.07462426488459634,0.0012533749686554074,0.6237032413482666
11,11,4,late,960,0.04567752835026147,0.008591338665585256,0.6002973604201542,0.0861172803005324,0.00173465465195477,0.6985926032066345
11,11,5,late,960,0.024342519964775114,0.012000919490602236,0.5776717127278971,0.08325879528859874,0.0015792939811944962,0.672493040561676
11,11,6,late,960,0.03297468910232278,0.022798345091418572,0.5441071871243669,0.07909356053974752,0.0014288164675235748,0.6454019546508789
11,11,7,late,960,0.06512937071248576,0.023558534108955618,0.5536485611425935,0.08020280045031265,0.001498182537034154,0.6540532112121582
11,11,8,late,960,0.005500219570440875,0.003209750471497632,0.6164709869288345,0.08830878317615447,0.001816029311157763,0.716592013835907
11,11,9,late,960,0.010679249561165503,0.0031836778809479034,0.5471252515748347,0.08490216222974742,0.0012462313752621412,0.6700742244720459
11,11,10,late,960,0.2776892901817839,0.05069055507951238,0.658529665835158,0.09454697591726545,0.0018150709802284837,0.7559168934822083
11,11,11,late,960,0.13011627765392123,0.05541409826085265,0.6503872250598458,0.0956720318732791,0.0016820591408759356,0.7873517870903015
11,11,12,late,960,0.10937613176353886,0.030021756078319837,0.5128067894325795,0.09250168702663036,0.0011456464417278767,0.7153511047363281
11,11,13,late,960,0.026420132325336264,0.010963608512040682,0.5204036627942211,0.09588377931448797,0.0013061614008620381,0.7314807176589966
11,11,14,late,960,0.009481026722125111,0.004173958870954702,0.5903601927537239,0.1023487081900167,0.0016396616119891405,0.7429668307304382
11,11,16,late,960,0.0032678473721969932,0.002588481770558766,0.5903601927537239,0.1023487081900167,0.0016396616119891405,0.7429668307304382
11,12,1,late,960,0.20211436594367485,0.057572068531624936,0.5726375593262977,0.08816702419910394,0.0013183194678276777,0.6916496753692627
11,12,2,late,960,0.022930074189822736,0.011159764939518396,0.5751975645535519,0.0834898379126123,0.001502344966866076,0.6863867044448853
11,12,3,late,960,0.03430127658614867,0.010312949141064977,0.4894937611024943,0.07311975313797679,0.001221447833813727,0.626319169998169
11,12,4,late,960,0.04567752835026147,0.008591338665585256,0.5974289129084355,0.08565130530064206,0.001667940174229443,0.7102456092834473
11,12,5,late,960,0.024342519964775114,0.012000919490602236,0.5747468670516052,0.08278064757858654,0.0015185457887127995,0.7018592953681946
11,12,6,late,960,0.03297468910232278,0.022798345091418572,0.5378488556759596,0.07823106403847076,0.0013443897478282452,0.6600655317306519
11,12,7,late,960,0.06512937071248576,0.023558534108955618,0.5417467282134264,0.07877298349038184,0.001378896296955645,0.663066029548645
11,12,8,late,960,0.005500219570440875,0.003209750471497632,0.6101144070564867,0.08756144905145018,0.0017043069237843156,0.7170066237449646
11,12,9,late,960,0.010679249561165503,0.0031836778809479034,0.5426537360640699,0.08403161390608489,0.001169521943666041,0.6643063426017761
11,12,10,late,960,0.2776892901817839,0.05069055507951238,0.6820858075793997,0.09776829506291622,0.001752544310875237,0.7860166430473328
11,12,11,late,960,0.13011627765392123,0.05541409826085265,0.6896430250484021,0.0987483818079767,0.0018029535422101617,0.804244339466095
11,12,12,late,960,0.10937613176353886,0.030021756078319837,0.5426925862288045,0.0905694666979449,0.0012824868317693472,0.7335848808288574
11,12,13,late,960,0.026420132325336264,0.010963608512040682,0.540266366342136,0.09478146690942629,0.0013363256584852934,0.7377006411552429
11,12,14,late,960,0.009481026722125111,0.004173958870954702,0.6013952453318779,0.09934543543052046,0.0017536459490656853,0.7360746264457703
11,12,16,late,960,0.0032678473721969932,0.002588481770558766,0.6013952453318779,0.09934543543052046,0.0017536459490656853,0.7360746264457703
11,13,1,late,960,0.20211436594367485,0.057572068531624936,0.4021580490055688,0.08620865541436362,0.0009922032477334142,0.5877148509025574
11,13,2,late,960,0.022930074189822736,0.011159764939518396,0.3856380348616464,0.07260610728858954,0.0011504781432449818,0.5322675108909607
11,13,3,late,960,0.03430127658614867,0.010312949141064977,0.2954901692003962,0.054653580019745025,0.0009303272236138582,0.42388153076171875
11,13,4,late,960,0.04567752835026147,0.008591338665585256,0.4075023654108615,0.07164036051628632,0.0012995958095416427,0.5391787886619568
11,13,5,late,960,0.024342519964775114,0.012000919490602236,0.36488582671566594,0.06413993028823461,0.0011605152394622564,0.48329025506973267
11,13,6,late,960,0.03297468910232278,0.022798345091418572,0.3272687428968008,0.06197093794499059,0.0010444038780406117,0.43951570987701416
11,13,7,late,960,0.06512937071248576,0.023558534108955618,0.3399862766656346,0.06474476941404751,0.001095239189453423,0.45422160625457764
11,13,8,late,960,0.005500219570440875,0.003209750471497632,0.48001441327699773,0.0837557036016067,0.00153482670430094,0.6278838515281677
11,13,9,late,960,0.010679249561165503,0.0031836778809479034,0.4234229051745691,0.07917724261585937,0.0011066419538110495,0.5684360861778259
11,13,10,late,960,0.2776892901817839,0.05069055507951238,0.456759612822619,0.07866897736610243,0.0013785306364297867,0.5982789397239685
11,13,11,late,960,0.13011627765392123,0.05541409826085265,0.46563112538727486,0.07824966427793414,0.001426205737516284,0.6395768523216248
11,13,12,late,960,0.10937613176353886,0.030021756078319837,0.32614191818950833,0.06856430441592509,0.0009707693243399262,0.5474905371665955
11,13,13,late,960,0.026420132325336264,0.010963608512040682,0.3857167573542635,0.08886593126790138,0.0011088711908087134,0.6221797466278076
11,13,14,late,960,0.009481026722125111,0.004173958870954702,0.43628153071695125,0.08825441150871187,0.0013514290330931544,0.618598997592926
11,13,16,late,960,0.0032678473721969932,0.002588481770558766,0.43628153071695125,0.08825441150871187,0.0013514290330931544,0.618598997592926
11,14,1,late,960,0.20211436594367485,0.057572068531624936,0.298788105264551,0.06558405834405041,0.0008937717648223042,0.4394318461418152
11,14,2,late,960,0.022930074189822736,0.011159764939518396,0.29875761642312376,0.0563438828151643,0.0010442750062793493,0.4141920804977417
11,14,3,late,960,0.03430127658614867,0.010312949141064977,0.23682525700066132,0.04420029564556508,0.0008762830984778702,0.3487488329410553
11,14,4,late,960,0.04567752835026147,0.008591338665585256,0.30818922119639564,0.05767568988516682,0.001164173474535346,0.44942522048950195
11,14,5,late,960,0.024342519964775114,0.012000919490602236,0.2393735726744732,0.04502080368776379,0.001010453444905579,0.3855026960372925
11,14,6,late,960,0.03297468910232278,0.022798345091418572,0.19763710409630827,0.042268259188998625,0.0008664398337714374,0.35130003094673157
11,14,7,late,960,0.06512937071248576,0.023558534108955618,0.20701635549054723,0.04498528126413441,0.0009086208301596344,0.3649764358997345
11,14,8,late,960,0.005500219570440875,0.003209750471497632,0.3085761986385478,0.0639259407095334,0.0011291787959635258,0.5169432759284973
11,14,9,late,960,0.010679249561165503,0.0031836778809479034,0.2530155155868973,0.05362177415108634,0.0008479833486489952,0.43917399644851685
11,14,10,late,960,0.2776892901817839,0.05069055507951238,0.23778144486993066,0.049714605091322535,0.0008231531246565282,0.4484281837940216
11,14,11,late,960,0.13011627765392123,0.05541409826085265,0.24318805792311954,0.049249879349588015,0.0007762364111840725,0.42990997433662415
11,14,12,late,960,0.10937613176353886,0.030021756078319837,0.16496598680168972,0.04187529920606128,0.000567857176065445,0.34195345640182495
11,14,13,late,960,0.026420132325336264,0.010963608512040682,0.20180197121699167,0.057000908459042876,0.0005925428122282028,0.41501709818840027
11,14,14,late,960,0.009481026722125111,0.004173958870954702,0.25637335434281944,0.0607533578132483,0.0007568863802589476,0.4370759427547455
11,14,16,late,960,0.0032678473721969932,0.002588481770558766,0.25637335434281944,0.0607533578132483,0.0007568863802589476,0.4370759427547455
11,16,1,late,960,0.20211436594367485,0.057572068531624936,0.298788105264551,0.06558405834405041,0.0008937717648223042,0.4394318461418152
11,16,2,late,960,0.022930074189822736,0.011159764939518396,0.29875761642312376,0.0563438828151643,0.0010442750062793493,0.4141920804977417
11,16,3,late,960,0.03430127658614867,0.010312949141064977,0.23682525700066132,0.04420029564556508,0.0008762830984778702,0.3487488329410553
11,16,4,late,960,0.04567752835026147,0.008591338665585256,0.30818922119639564,0.05767568988516682,0.001164173474535346,0.44942522048950195
11,16,5,late,960,0.024342519964775114,0.012000919490602236,0.2393735726744732,0.04502080368776379,0.001010453444905579,0.3855026960372925
11,16,6,late,960,0.03297468910232278,0.022798345091418572,0.19763710409630827,0.042268259188998625,0.0008664398337714374,0.35130003094673157
11,16,7,late,960,0.06512937071248576,0.023558534108955618,0.20701635549054723,0.04498528126413441,0.0009086208301596344,0.3649764358997345
11,16,8,late,960,0.005500219570440875,0.003209750471497632,0.3085761986385478,0.0639259407095334,0.0011291787959635258,0.5169432759284973
11,16,9,late,960,0.010679249561165503,0.0031836778809479034,0.2530155155868973,0.05362177415108634,0.0008479833486489952,0.43917399644851685
11,16,10,late,960,0.2776892901817839,0.05069055507951238,0.23778144486993066,0.049714605091322535,0.0008231531246565282,0.4484281837940216
11,16,11,late,960,0.13011627765392123,0.05541409826085265,0.24318805792311954,0.049249879349588015,0.0007762364111840725,0.42990997433662415
11,16,12,late,960,0.10937613176353886,0.030021756078319837,0.16496598680168972,0.04187529920606128,0.000567857176065445,0.34195345640182495
11,16,13,late,960,0.026420132325336264,0.010963608512040682,0.20180197121699167,0.057000908459042876,0.0005925428122282028,0.41501709818840027
11,16,14,late,960,0.009481026722125111,0.004173958870954702,0.25637335434281944,0.0607533578132483,0.0007568863802589476,0.4370759427547455
11,16,16,late,960,0.0032678473721969932,0.002588481770558766,0.25637335434281944,0.0607533578132483,0.0007568863802589476,0.4370759427547455
12,1,1,late,839,0.4298795387025888,0.06450212045732583,0.5176480976910207,0.10520628833392022,0.0012254250468686223,0.7816712260246277
12,1,2,late,839,0.019366470568864123,0.011627639464976258,0.5285525582318669,0.10865440110765856,0.0012943502515554428,0.8189312219619751
12,1,3,late,839,0.09194376324949653,0.012126721618148074,0.44271617161936466,0.0948494641021033,0.0010123569518327713,0.8086137175559998
12,1,4,late,839,0.005788000314684213,0.002719975907132919,0.5694499807059044,0.11564763493612194,0.001461265841498971,0.8487871289253235
12,1,5,late,839,0.025496576232721866,0.011105421465729987,0.5692550502574577,0.11616336547595853,0.0014506522566080093,0.8580934405326843
12,1,6,late,839,0.025942404430984833,0.020406524624642174,0.5627244602615753,0.1160606350638832,0.0014463836560025811,0.8506194353103638
12,1,7,late,839,0.006971540834473138,0.0038898747671347084,0.5441347511622031,0.1133452934134639,0.0013490570709109306,0.8341568112373352
12,1,8,late,839,0.0031687587662559812,0.002695346588553176,0.5949899750803037,0.11992809460946914,0.0014380339998751879,0.8461089730262756
12,1,9,late,839,0.0045169824514619365,0.0024905560175869407,0.5515563226967086,0.11376002823729128,0.0012481973972171545,0.8292734026908875
12,1,10,late,839,0.20301963535529455,0.06323797098328433,0.624442913491391,0.12643534005505472,0.001311797765083611,0.8681552410125732
12,1,11,late,839,0.10046546794003285,0.02896109353475683,0.6198044048338636,0.13361711428476708,0.0009985703509300947,0.8900009393692017
12,1,12,late,839,0.0473613745380707,0.010015764609993472,0.5540967741661319,0.12846485575550953,0.0009051622473634779,0.8803482055664062
12,1,13,late,839,0.02685367143237545,0.011140848669332255,0.6561448055364445,0.1427511250352237,0.001159570412710309,0.9119877219200134
12,1,14,late,839,0.0069357224629419505,0.003134497828972239,0.7396936703772208,0.14774062983017805,0.0016843547346070409,0.9384737610816956
12,1,16,late,839,0.00229009271975305,0.002577608523821701,0.7396936703772208,0.14774062983017805,0.0016843547346070409,0.9384737610816956
12,2,1,late,839,0.4298795387025888,0.06450212045732583,0.47750482019242363,0.09740270091570026,0.0013262932188808918,0.7696336507797241
12,2,2,late,839,0.019366470568864123,0.011627639464976258,0.4936181072003338,0.10222302184666875,0.001331885694526136,0.809393584728241
12,2,3,late,839,0.09194376324949653,0.012126721618148074,0.40019553476090947,0.08869951217345501,0.0009779982501640916,0.7942008376121521
12,2,4,late,839,0.005788000314684213,0.002719975907132919,0.521956981003925,0.10742370998317845,0.0013681366108357906,0.8397924900054932
12,2,5,late,839,0.025496576232721866,0.011105421465729987,0.5229561386898568,0.1087829367482302,0.00128823088016361,0.8503565192222595
12,2,6,late,839,0.025942404430984833,0.020406524624642174,0.5126656097936065,0.10820690620297586,0.001224918058142066,0.8385644555091858
12,2,7,late,839,0.006971540834473138,0.0038898747671347084,0.5032478329451939,0.10620317383416913,0.00122279510833323,0.8235126733779907
12,2,8,late,839,0.0031687587662559812,0.002695346588553176,0.5621793422801087,0.11460397646850927,0.0012910787481814623,0.839400589466095
12,2,9,late,839,0.0045169824514619365,0.0024905560175869407,0.5043999513493811,0.10520070710149954,0.00113264552783221,0.8042625784873962
12,2,10,late,839,0.20301963535529455,0.06323797098328433,0.5993057284691494,0.12072995204389958,0.001371214515529573,0.8618482947349548
12,2,11,late,839,0.10046546794003285,0.02896109353475683,0.5975896530641471,0.12774483054764516,0.0010538147762417793,0.8892255425453186
12,2,12,late,839,0.0473613745380707,0.010015764609993472,0.5314100256265464,0.12299462100985264,0.0009591476991772652,0.8795923590660095
12,2,13,late,839,0.02685367143237545,0.011140848669332255,0.6483362934846848,0.1384973315272219,0.0012764649000018835,0.9198658466339111
12,2,14,late,839,0.0069357224629419505,0.003134497828972239,0.7514766605109692,0.1475704784387752,0.0019026887603104115,0.9425338506698608
12,2,16,late,839,0.00229009271975305,0.002577608523821701,0.7514766605109692,0.1475704784387752,0.0019026887603104115,0.9425338506698608
12,3,1,late,839,0.4298795387025888,0.06450212045732583,0.48317367567043057,0.10248787507806881,0.0013279261766001582,0.7872768640518188
12,3,2,late,839,0.019366470568864123,0.011627639464976258,0.49798374521727556,0.10606056568298625,0.0013382062315940857,0.8197383284568787
12,3,3,late,839,0.09194376324949653,0.012126721618148074,0.40806263044747915,0.09560620493548917,0.0009779110550880432,0.8050277233123779
12,3,4,late,839,0.005788000314684213,0.002719975907132919,0.5303627755893927,0.11129443721979997,0.001362510840408504,0.8490958213806152
12,3,5,late,839,0.025496576232721866,0.011105421465729987,0.5337620902236515,0.11183100138801094,0.001361036323942244,0.8576883673667908
12,3,6,late,839,0.025942404430984833,0.020406524624642174,0.5271300326532454,0.11185231794308148,0.00133611005730927,0.849937379360199
12,3,7,late,839,0.006971540834473138,0.0038898747671347084,0.5185739011831217,0.10955116223713043,0.0012879610294476151,0.8357383012771606
12,3,8,late,839,0.0031687587662559812,0.002695346588553176,0.5765217727421216,0.11656345366861605,0.001436814316548407,0.8480615615844727
12,3,9,late,839,0.0045169824514619365,0.0024905560175869407,0.5191840193591262,0.10766958777856614,0.001183299464173615,0.8143994212150574
12,3,10,late,839,0.20301963535529455,0.06323797098328433,0.6107962797644256,0.12427667262355604,0.0012894185492768884,0.867912769317627
12,3,11,late,839,0.10046546794003285,0.02896109353475683,0.6248894033597503,0.13355560126804666,0.001079730223864317,0.8999143838882446
12,3,12,late,839,0.0473613745380707,0.010015764609993472,0.542722213189273,0.12647247801043845,0.0008889747550711036,0.8839121460914612
12,3,13,late,839,0.02685367143237545,0.011140848669332255,0.6527324883069974,0.14233730919888246,0.0011339945485815406,0.922544002532959
12,3,14,late,839,0.0069357224629419505,0.003134497828972239,0.7520204368317989,0.1485078796981792,0.001664108014665544,0.943105161190033
12,3,16,late,839,0.00229009271975305,0.002577608523821701,0.7520204368317989,0.1485078796981792,0.001664108014665544,0.943105161190033
12,4,1,late,839,0.4298795387025888,0.06450212045732583,0.4780254290970342,0.09769246426810017,0.0013341709272935987,0.7120146155357361
12,4,2,late,839,0.019366470568864123,0.011627639464976258,0.4935119584433377,0.10136221097972187,0.0013737920671701431,0.7592281103134155
12,4,3,late,839,0.09194376324949653,0.012126721618148074,0.41161796316480614,0.08857576949740949,0.0010659152176231146,0.7420612573623657
12,4,4,late,839,0.005788000314684213,0.002719975907132919,0.5326328149657303,0.10749394657565299,0.0014819996431469917,0.7996116280555725
12,4,5,late,839,0.025496576232721866,0.011105421465729987,0.5388664327412278,0.10881974093863413,0.0014992821961641312,0.8169233798980713
12,4,6,late,839,0.025942404430984833,0.020406524624642174,0.5331052117037484,0.10854044581542983,0.0014826341066509485,0.8060995936393738
12,4,7,late,839,0.006971540834473138,0.0038898747671347084,0.524778884157585,0.10636665929748422,0.0014378984924405813,0.7893730401992798
12,4,8,late,839,0.0031687587662559812,0.002695346588553176,0.5819312876812766,0.11416144058937001,0.0015967937652021646,0.8085026741027832
12,4,9,late,839,0.0045169824514619365,0.0024905560175869407,0.5245453736274998,0.10488417073948368,0.0013150890590623021,0.7684689164161682
12,4,10,late,839,0.20301963535529455,0.06323797098328433,0.6160107796435346,0.12175567561626639,0.0014330100966617465,0.8325015902519226
12,4,11,late,839,0.10046546794003285,0.02896109353475683,0.6149265520060679,0.12644807498813454,0.0012245441321283579,0.8552553653717041
12,4,12,late,839,0.0473613745380707,0.010015764609993472,0.5125884191099503,0.11665264926121723,0.0008961423300206661,0.8370665311813354
12,4,13,late,839,0.02685367143237545,0.011140848669332255,0.6203193679719462,0.13505143753569887,0.001108673750422895,0.8900873064994812
12,4,14,late,839,0.0069357224629419505,0.003134497828972239,0.7220672843146667,0.14196177886982433,0.0016333929961547256,0.9153940677642822
12,4,16,late,839,0.00229009271975305,0.002577608523821701,0.7220672843146667,0.14196177886982433,0.0016333929961547256,0.9153940677642822
12,5,1,late,839,0.4298795387025888,0.06450212045732583,0.4523476633079255,0.09319270368366969,0.0012549374951049685,0.6859433054924011
12,5,2,late,839,0.019366470568864123,0.011627639464976258,0.4678268058763049,0.09681920588591224,0.0012922087917104363,0.7358453869819641
12,5,3,late,839,0.09194376324949653,0.012126721618148074,0.3828351265867102,0.0831480289388132,0.0009828493930399418,0.7149620652198792
12,5,4,late,839,0.005788000314684213,0.002719975907132919,0.5114614638040359,0.10372544144242601,0.0014216717099770904,0.7809625864028931
12,5,5,late,839,0.025496576232721866,0.011105421465729987,0.51715136026085,0.10498591421191959,0.0014021564275026321,0.8005947470664978
12,5,6,late,839,0.025942404430984833,0.020406524624642174,0.5113516281980797,0.10479992509533599,0.0013904506340622902,0.7890549898147583
12,5,7,late,839,0.006971540834473138,0.0038898747671347084,0.502951019456337,0.10247726705037229,0.001365688513033092,0.7712752819061279
12,5,8,late,839,0.0031687587662559812,0.002695346588553176,0.5603595016377393,0.11022146758926715,0.0015166157390922308,0.7916145324707031
12,5,9,late,839,0.0045169824514619365,0.0024905560175869407,0.49829071999848873,0.10005022770205595,0.0011834787437692285,0.7377046942710876
12,5,10,late,839,0.20301963535529455,0.06323797098328433,0.5906588668571185,0.11749924009169715,0.001357205561362207,0.8134906888008118
12,5,11,late,839,0.10046546794003285,0.02896109353475683,0.5862394719260009,0.12241987874641189,0.0011219809530302882,0.8406277298927307
12,5,12,late,839,0.0473613745380707,0.010015764609993472,0.48231364684411143,0.11248840230075885,0.0008210614905692637,0.8209854960441589
12,5,13,late,839,0.02685367143237545,0.011140848669332255,0.5880676854659356,0.1315398289175457,0.0010128875728696585,0.876963198184967
12,5,14,late,839,0.0069357224629419505,0.003134497828972239,0.694817920867992,0.13818267034392812,0.001496476586908102,0.8911842703819275
12,5,16,late,839,0.00229009271975305,0.002577608523821701,0.694817920867992,0.13818267034392812,0.001496476586908102,0.8911842703819275
12,6,1,late,839,0.4298795387025888,0.06450212045732583,0.4798228855872542,0.0982430363891016,0.0012807424645870924,0.6969369649887085
12,6,2,late,839,0.019366470568864123,0.011627639464976258,0.49891817244879805,0.10209603704435616,0.0013228114694356918,0.7456310987472534
12,6,3,late,839,0.09194376324949653,0.012126721618148074,0.4141496908291786,0.08849228525537485,0.001027082558721304,0.7255973815917969
12,6,4,late,839,0.005788000314684213,0.002719975907132919,0.5427557404489668,0.10860135068734901,0.0014724439242854714,0.7874566316604614
12,6,5,late,839,0.025496576232721866,0.011105421465729987,0.547463486780034,0.1091304879447785,0.0014993714867159724,0.8046971559524536
12,6,6,late,839,0.025942404430984833,0.020406524624642174,0.539961222870302,0.10852594083914412,0.0014626927440986037,0.7921157479286194
12,6,7,late,839,0.006971540834473138,0.0038898747671347084,0.5394828669963841,0.10787078142588354,0.0015214838786050677,0.7773047685623169
12,6,8,late,839,0.0031687587662559812,0.002695346588553176,0.5978675197881532,0.11591134910443529,0.0017710868269205093,0.7987221479415894
12,6,9,late,839,0.0045169824514619365,0.0024905560175869407,0.5343364700698598,0.10530624643872064,0.001373957027681172,0.7481197714805603
12,6,10,late,839,0.20301963535529455,0.06323797098328433,0.6266822674506232,0.12179812197245968,0.0016478457255288959,0.8152666687965393
12,6,11,late,839,0.10046546794003285,0.02896109353475683,0.6284433177965655,0.12617636544544147,0.0014373246813192964,0.8453271985054016
12,6,12,late,839,0.0473613745380707,0.010015764609993472,0.5218294054794006,0.11418959180227885,0.0010495386086404324,0.822899580001831
12,6,13,late,839,0.02685367143237545,0.011140848669332255,0.6205916296813084,0.13022538219446594,0.0013314931420609355,0.8728379607200623
12,6,14,late,839,0.0069357224629419505,0.003134497828972239,0.718967225642917,0.13987677674245272,0.0019594801124185324,0.891098141670227
12,6,16,late,839,0.00229009271975305,0.002577608523821701,0.718967225642917,0.13987677674245272,0.0019594801124185324,0.891098141670227
12,7,1,late,839,0.4298795387025888,0.06450212045732583,0.4602183246653731,0.09578155247681859,0.0011612467933446169,0.6794227361679077
12,7,2,late,839,0.019366470568864123,0.011627639464976258,0.47829032705608904,0.09933785572058881,0.0011993952794000506,0.7255169749259949
12,7,3,late,839,0.09194376324949653,0.012126721618148074,0.391036838316317,0.08576617273737346,0.0009312321781180799,0.7045267820358276
12,7,4,late,839,0.005788000314684213,0.002719975907132919,0.5260493732484877,0.10622660397132572,0.0013376767747104168,0.7785839438438416
12,7,5,late,839,0.025496576232721866,0.011105421465729987,0.5289519371769277,0.10623965144350628,0.0013621430844068527,0.7947834134101868
12,7,6,late,839,0.025942404430984833,0.020406524624642174,0.5182301052513003,0.10505918007336269,0.0013335413532331586,0.7785698175430298
12,7,7,late,839,0.006971540834473138,0.0038898747671347084,0.5178137479701853,0.10436624952521603,0.001387148629873991,0.7630823850631714
12,7,8,late,839,0.0031687587662559812,0.002695346588553176,0.5849193939282831,0.11319588767359352,0.0017007378628477454,0.7854900360107422
12,7,9,late,839,0.0045169824514619365,0.0024905560175869407,0.5207723054563942,0.10276139007086275,0.0013715997338294983,0.7326744794845581
12,7,10,late,839,0.20301963535529455,0.06323797098328433,0.6238572253035026,0.12145032483466423,0.0016873336862772703,0.8181389570236206
12,7,11,late,839,0.10046546794003285,0.02896109353475683,0.6287466221573931,0.12503591924005228,0.0015882749576121569,0.8486954569816589
12,7,12,late,839,0.0473613745380707,0.010015764609993472,0.5188180317409021,0.11240102833026941,0.0011598096461966634,0.8246442079544067
12,7,13,late,839,0.02685367143237545,0.011140848669332255,0.5957004021860424,0.1256358933108808,0.0013317131670191884,0.8651697635650635
12,7,14,late,839,0.0069357224629419505,0.003134497828972239,0.6640130045036458,0.1313585470728055,0.0018481911392882466,0.8650925755500793
12,7,16,late,839,0.00229009271975305,0.002577608523821701,0.6640130045036458,0.1313585470728055,0.0018481911392882466,0.8650925755500793
12,8,1,late,839,0.4298795387025888,0.06450212045732583,0.3646227610684627,0.08325430115809905,0.0010174671187996864,0.6143323183059692
12,8,2,late,839,0.019366470568864123,0.011627639464976258,0.37644905043533905,0.08582737644451792,0.0010357999708503485,0.6573711633682251
12,8,3,late,839,0.09194376324949653,0.012126721618148074,0.2978317102371422,0.07272392219747342,0.0008104962180368602,0.6356143355369568
12,8,4,late,839,0.005788000314684213,0.002719975907132919,0.4241195984660116,0.09348031864443289,0.001164305373094976,0.7220245003700256
12,8,5,late,839,0.025496576232721866,0.011105421465729987,0.41888058154426927,0.09293198906469971,0.0011753097642213106,0.7240674495697021
12,8,6,late,839,0.025942404430984833,0.020406524624642174,0.4026347317652948,0.09130212559179572,0.0011219093576073647,0.7075223922729492
12,8,7,late,839,0.006971540834473138,0.0038898747671347084,0.4021223982002673,0.08968111471069201,0.0011670191306620836,0.6890503764152527
12,8,8,late,839,0.0031687587662559812,0.002695346588553176,0.47264516097812603,0.09568826215982261,0.0013454335276037455,0.7070413827896118
12,8,9,late,839,0.0045169824514619365,0.0024905560175869407,0.4044787745485171,0.08502679938171621,0.0010828153463080525,0.6438218355178833
12,8,10,late,839,0.20301963535529455,0.06323797098328433,0.5736021281829707,0.11535414855540922,0.0015892666997388005,0.7990792989730835
12,8,11,late,839,0.10046546794003285,0.02896109353475683,0.6027817444615532,0.12414652379946825,0.0015051873633638024,0.852515697479248
12,8,12,late,839,0.0473613745380707,0.010015764609993472,0.4618161546448812,0.10776287597742613,0.0010991116287186742,0.8133467435836792
12,8,13,late,839,0.02685367143237545,0.011140848669332255,0.4843694994694257,0.11074360142315416,0.0012741012033075094,0.81406170129776
12,8,14,late,839,0.0069357224629419505,0.003134497828972239,0.5562791487235904,0.11645901783682355,0.0017682750476524234,0.8139618039131165
12,8,16,late,839,0.00229009271975305,0.002577608523821701,0.5562791487235904,0.11645901783682355,0.0017682750476524234,0.8139618039131165
12,9,1,late,839,0.4298795387025888,0.06450212045732583,0.48416780779377977,0.09858113034428134,0.0014334372244775295,0.6836403608322144
12,9,2,late,839,0.019366470568864123,0.011627639464976258,0.4952376911358928,0.10079966896531803,0.0014592541847378016,0.724540114402771
12,9,3,late,839,0.09194376324949653,0.012126721618148074,0.40457871411435853,0.08744443281822878,0.0011290593538433313,0.7015578746795654
12,9,4,late,839,0.005788000314684213,0.002719975907132919,0.5559193060897941,0.10974744907019827,0.001721410546451807,0.7791554927825928
12,9,5,late,839,0.025496576232721866,0.011105421465729987,0.5417230002804359,0.10675291174071873,0.001686106901615858,0.7844537496566772
12,9,6,late,839,0.025942404430984833,0.020406524624642174,0.530130260529222,0.10533991009805144,0.001642201910726726,0.7740712761878967
12,9,7,late,839,0.006971540834473138,0.0038898747671347084,0.5225763249763813,0.10449583384583198,0.001614342792890966,0.7526108622550964
12,9,8,late,839,0.0031687587662559812,0.002695346588553176,0.5734035548969384,0.11141570626691753,0.0016842192271724343,0.7644262313842773
12,9,9,late,839,0.0045169824514619365,0.0024905560175869407,0.5060507256964486,0.10030396452706218,0.0013678636169061065,0.7146625518798828
12,9,10,late,839,0.20301963535529455,0.06323797098328433,0.6092517489938707,0.1188679596170213,0.0016034739091992378,0.8084998726844788
12,9,11,late,839,0.10046546794003285,0.02896109353475683,0.6202370199048504,0.12349457852808587,0.0015691514126956463,0.848495364189148
12,9,12,late,839,0.0473613745380707,0.010015764609993472,0.5166052583888389,0.11073731213848911,0.0012612465070560575,0.8209601044654846
12,9,13,late,839,0.02685367143237545,0.011140848669332255,0.5323148089761016,0.11313149149859816,0.001426977920345962,0.8140078186988831
12,9,14,late,839,0.0069357224629419505,0.003134497828972239,0.602905765108107,0.12193546894748492,0.0020368185359984636,0.8134362697601318
12,9,16,late,839,0.00229009271975305,0.002577608523821701,0.602905765108107,0.12193546894748492,0.0020368185359984636,0.8134362697601318
12,10,1,late,839,0.4298795387025888,0.06450212045732583,0.4236644555461294,0.08910921044025989,0.0010712286457419395,0.6913653612136841
12,10,2,late,839,0.019366470568864123,0.011627639464976258,0.4305903866746395,0.0904872235355628,0.0010885923402383924,0.7237997651100159
12,10,3,late,839,0.09194376324949653,0.012126721618148074,0.3345125928331478,0.07701346976554277,0.0008166034240275621,0.7032771110534668
12,10,4,late,839,0.005788000314684213,0.002719975907132919,0.47588632753978044,0.09748604463065169,0.001249359454959631,0.7686173319816589
12,10,5,late,839,0.025496576232721866,0.011105421465729987,0.44805387442327116,0.09300428872824655,0.001155847916379571,0.7561570405960083
12,10,6,late,839,0.025942404430984833,0.020406524624642174,0.41074562060585107,0.08777107376775871,0.0010108000133186579,0.7228953838348389
12,10,7,late,839,0.006971540834473138,0.0038898747671347084,0.41536265852374354,0.08870293052507354,0.0010431732516735792,0.710616946220398
12,10,8,late,839,0.0031687587662559812,0.002695346588553176,0.471121809929576,0.09643690008797684,0.0012154411524534225,0.7277470827102661
12,10,9,late,839,0.0045169824514619365,0.0024905560175869407,0.4035111803197079,0.08586697408437441,0.0009692803723737597,0.6668906211853027
12,10,10,late,839,0.20301963535529455,0.06323797098328433,0.558147988799561,0.11112470766893351,0.0012818205868825316,0.797592282295227
12,10,11,late,839,0.10046546794003285,0.02896109353475683,0.566045422094632,0.11673190253548239,0.0012221751967445016,0.8324024677276611
12,10,12,late,839,0.0473613745380707,0.010015764609993472,0.4615648368623827,0.1070723893694586,0.0010396962752565742,0.8036282062530518
12,10,13,late,839,0.02685367143237545,0.011140848669332255,0.47053664463949063,0.10926378599611503,0.00107827119063586,0.7949756979942322
12,10,14,late,839,0.0069357224629419505,0.003134497828972239,0.5426343725704231,0.11881508565177996,0.0015529905213043094,0.794360339641571
12,10,16,late,839,0.00229009271975305,0.002577608523821701,0.5426343725704231,0.11881508565177996,0.0015529905213043094,0.794360339641571
12,11,1,late,839,0.4298795387025888,0.06450212045732583,0.43833485635342156,0.09344657222683889,0.0010669834446161985,0.7251718044281006
12,11,2,late,839,0.019366470568864123,0.011627639464976258,0.44369244114182227,0.09447824104143787,0.0010842784540727735,0.7432336807250977
12,11,3,late,839,0.09194376324949653,0.012126721618148074,0.35991621439811955,0.08313957920354145,0.0008531375788152218,0.721169650554657
12,11,4,late,839,0.005788000314684213,0.002719975907132919,0.49151064926720667,0.10194455763463527,0.001247353502549231,0.7872719764709473
12,11,5,late,839,0.025496576232721866,0.011105421465729987,0.47264394333269183,0.09872546619635957,0.001206258195452392,0.7743730545043945
12,11,6,late,839,0.025942404430984833,0.020406524624642174,0.4381880733236966,0.0938868318699787,0.001091371988877654,0.7413655519485474
12,11,7,late,839,0.006971540834473138,0.0038898747671347084,0.45580293919629705,0.09661293346039511,0.001170538947917521,0.7403942346572876
12,11,8,late,839,0.0031687587662559812,0.002695346588553176,0.5509919545302974,0.10900100644360564,0.0015733825275674462,0.7859968543052673
12,11,9,late,839,0.0045169824514619365,0.0024905560175869407,0.4726427462049377,0.09592084536381322,0.0012174329021945596,0.7172986268997192
12,11,10,late,839,0.20301963535529455,0.06323797098328433,0.5838325176830931,0.1167363476168614,0.0013622345868498087,0.8195251822471619
12,11,11,late,839,0.10046546794003285,0.02896109353475683,0.5685104841524036,0.1164531154414523,0.0012230316642671824,0.8177477121353149
12,11,12,late,839,0.0473613745380707,0.010015764609993472,0.449911202018924,0.10321401997235251,0.0010085899848490953,0.785243809223175
12,11,13,late,839,0.02685367143237545,0.011140848669332255,0.4583516069884935,0.10824213175630341,0.0010134923504665494,0.7798687219619751
12,11,14,late,839,0.0069357224629419505,0.003134497828972239,0.5337742526544573,0.11623966733355233,0.0015650457935407758,0.781943678855896
12,11,16,late,839,0.00229009271975305,0.002577608523821701,0.5337742526544573,0.11623966733355233,0.0015650457935407758,0.781943678855896
12,12,1,late,839,0.4298795387025888,0.06450212045732583,0.43426860197579337,0.094269230410846,0.0010280933929607272,0.7373844981193542
12,12,2,late,839,0.019366470568864123,0.011627639464976258,0.44076246703687405,0.09606898253261797,0.0010394060518592596,0.7598653435707092
12,12,3,late,839,0.09194376324949653,0.012126721618148074,0.35779818570151417,0.08455274464155443,0.0008202982135117054,0.7393115758895874
12,12,4,late,839,0.005788000314684213,0.002719975907132919,0.49100304442123177,0.10363526875137839,0.0012166816741228104,0.803051233291626
12,12,5,late,839,0.025496576232721866,0.011105421465729987,0.47216353759475393,0.10051987566279394,0.0011765955714508891,0.790854811668396
12,12,6,late,839,0.025942404430984833,0.020406524624642174,0.436027900004594,0.09634446869654008,0.0010416985023766756,0.7595096826553345
12,12,7,late,839,0.006971540834473138,0.0038898747671347084,0.44527797659368423,0.09854311098180332,0.0010537267662584782,0.7545142769813538
12,12,8,late,839,0.0031687587662559812,0.002695346588553176,0.5467625615913787,0.11075006018134868,0.0014442530227825046,0.8005495667457581
12,12,9,late,839,0.0045169824514619365,0.0024905560175869407,0.4706742962002554,0.09775615708671405,0.001142494147643447,0.7367073893547058
12,12,10,late,839,0.20301963535529455,0.06323797098328433,0.6136332491702201,0.12501853751895228,0.0012864989694207907,0.8552614450454712
12,12,11,late,839,0.10046546794003285,0.02896109353475683,0.6175853621791293,0.126479127064502,0.0012452797964215279,0.8613823056221008
12,12,12,late,839,0.0473613745380707,0.010015764609993472,0.4849437392635617,0.10978467574795321,0.0010226302547380328,0.8252861499786377
12,12,13,late,839,0.02685367143237545,0.011140848669332255,0.4895456509715439,0.11576605100814008,0.001028805156238377,0.8138752579689026
12,12,14,late,839,0.0069357224629419505,0.003134497828972239,0.5553943186294048,0.12149513689494289,0.0015701663214713335,0.8090181946754456
12,12,16,late,839,0.00229009271975305,0.002577608523821701,0.5553943186294048,0.12149513689494289,0.0015701663214713335,0.8090181946754456
12,13,1,late,839,0.4298795387025888,0.06450212045732583,0.296419705517151,0.0761325329945138,0.0007924454403109848,0.5646554231643677
12,13,2,late,839,0.019366470568864123,0.011627639464976258,0.2914348026388325,0.07570760972863266,0.0007947307894937694,0.5794104337692261
12,13,3,late,839,0.09194376324949653,0.012126721618148074,0.22248366812952539,0.06153278422280822,0.0006447096820920706,0.541107714176178
12,13,4,late,839,0.005788000314684213,0.002719975907132919,0.3433575618347343,0.08535155248335485,0.000945061503443867,0.6489200592041016
12,13,5,late,839,0.025496576232721866,0.011105421465729987,0.3033621404649544,0.07595826490763699,0.0008743497892282903,0.596421480178833
12,13,6,late,839,0.025942404430984833,0.020406524624642174,0.2740977169294798,0.07313297703431602,0.0007869100663810968,0.5404208302497864
12,13,7,late,839,0.006971540834473138,0.0038898747671347084,0.2904365522801128,0.07755466762798516,0.0008138527628034353,0.5437462329864502
12,13,8,late,839,0.0031687587662559812,0.002695346588553176,0.4631974899288571,0.1076655532406477,0.001240408979356289,0.7057275772094727
12,13,9,late,839,0.0045169824514619365,0.0024905560175869407,0.39383342798093846,0.09428100215453454,0.0009865504689514637,0.6372615694999695
12,13,10,late,839,0.20301963535529455,0.06323797098328433,0.4332538786952254,0.1054757138834812,0.0010138419456779957,0.6968048810958862
12,13,11,late,839,0.10046546794003285,0.02896109353475683,0.436180635928193,0.1076868952350643,0.0009767564479261637,0.7105174660682678
12,13,12,late,839,0.0473613745380707,0.010015764609993472,0.32051400384604567,0.08766718329474132,0.0008244247874245048,0.6558593511581421
12,13,13,late,839,0.02685367143237545,0.011140848669332255,0.3995121633615933,0.1086352522713343,0.0009451344376429915,0.670129120349884
12,13,14,late,839,0.0069357224629419505,0.003134497828972239,0.4462811551815791,0.10730694097307794,0.0014112741919234395,0.6621395945549011
12,13,16,late,839,0.00229009271975305,0.002577608523821701,0.4462811551815791,0.10730694097307794,0.0014112741919234395,0.6621395945549011
12,14,1,late,839,0.4298795387025888,0.06450212045732583,0.2482264788432965,0.06664387832945447,0.0008715770090930164,0.47781336307525635
12,14,2,late,839,0.019366470568864123,0.011627639464976258,0.2648613421131659,0.06786722313691611,0.0009399890550412238,0.4922521710395813
12,14,3,late,839,0.09194376324949653,0.012126721618148074,0.2229297309600514,0.06039600992614939,0.0008191620581783354,0.45011386275291443
12,14,4,late,839,0.005788000314684213,0.002719975907132919,0.28680629115164585,0.07491150205168415,0.0009430552017875016,0.5483838319778442
12,14,5,late,839,0.025496576232721866,0.011105421465729987,0.21984030364137597,0.062432704850870074,0.0007938516791909933,0.5065112709999084
12,14,6,late,839,0.025942404430984833,0.020406524624642174,0.18525222277359513,0.057738594489956406,0.0006404219311662018,0.45505452156066895
12,14,7,late,839,0.006971540834473138,0.0038898747671347084,0.19787629608523336,0.06166343160157568,0.0006623523659072816,0.4583786129951477
12,14,8,late,839,0.0031687587662559812,0.002695346588553176,0.3296845261221507,0.08921162675547371,0.0009768346790224314,0.6213930249214172
12,14,9,late,839,0.0045169824514619365,0.0024905560175869407,0.26097026294289066,0.07320887233349908,0.0007430982077494264,0.5430724024772644
12,14,10,late,839,0.20301963535529455,0.06323797098328433,0.25553988695750457,0.07833115540793811,0.0006451353547163308,0.5759477019309998
12,14,11,late,839,0.10046546794003285,0.02896109353475683,0.2501256156023714,0.07742033426095894,0.0006132979760877788,0.5952813029289246
12,14,12,late,839,0.0473613745380707,0.010015764609993472,0.1829659795886432,0.06323885841881696,0.0005635321722365916,0.5455659031867981
12,14,13,late,839,0.02685367143237545,0.011140848669332255,0.2388688566113092,0.08259817839168931,0.0006295203347690403,0.5587183237075806
12,14,14,late,839,0.0069357224629419505,0.003134497828972239,0.29388130734377976,0.08645331673344496,0.000818861648440361,0.5693995356559753
12,14,16,late,839,0.00229009271975305,0.002577608523821701,0.29388130734377976,0.08645331673344496,0.000818861648440361,0.5693995356559753
12,16,1,late,839,0.4298795387025888,0.06450212045732583,0.2482264788432965,0.06664387832945447,0.0008715770090930164,0.47781336307525635
12,16,2,late,839,0.019366470568864123,0.011627639464976258,0.2648613421131659,0.06786722313691611,0.0009399890550412238,0.4922521710395813
12,16,3,late,839,0.09194376324949653,0.012126721618148074,0.2229297309600514,0.06039600992614939,0.0008191620581783354,0.45011386275291443
12,16,4,late,839,0.005788000314684213,0.002719975907132919,0.28680629115164585,0.07491150205168415,0.0009430552017875016,0.5483838319778442
12,16,5,late,839,0.025496576232721866,0.011105421465729987,0.21984030364137597,0.062432704850870074,0.0007938516791909933,0.5065112709999084
12,16,6,late,839,0.025942404430984833,0.020406524624642174,0.18525222277359513,0.057738594489956406,0.0006404219311662018,0.45505452156066895
12,16,7,late,839,0.006971540834473138,0.0038898747671347084,0.19787629608523336,0.06166343160157568,0.0006623523659072816,0.4583786129951477
12,16,8,late,839,0.0031687587662559812,0.002695346588553176,0.3296845261221507,0.08921162675547371,0.0009768346790224314,0.6213930249214172
12,16,9,late,839,0.0045169824514619365,0.0024905560175869407,0.26097026294289066,0.07320887233349908,0.0007430982077494264,0.5430724024772644
12,16,10,late,839,0.20301963535529455,0.06323797098328433,0.25553988695750457,0.07833115540793811,0.0006451353547163308,0.5759477019309998
12,16,11,late,839,0.10046546794003285,0.02896109353475683,0.2501256156023714,0.07742033426095894,0.0006132979760877788,0.5952813029289246
12,16,12,late,839,0.0473613745380707,0.010015764609993472,0.1829659795886432,0.06323885841881696,0.0005635321722365916,0.5455659031867981
12,16,13,late,839,0.02685367143237545,0.011140848669332255,0.2388688566113092,0.08259817839168931,0.0006295203347690403,0.5587183237075806
12,16,14,late,839,0.0069357224629419505,0.003134497828972239,0.29388130734377976,0.08645331673344496,0.000818861648440361,0.5693995356559753
12,16,16,late,839,0.00229009271975305,0.002577608523821701,0.29388130734377976,0.08645331673344496,0.000818861648440361,0.5693995356559753
13,1,1,late,1790,0.44884123119389063,0.03634598731221467,0.47208678076666777,0.1220143123046061,0.0012175454758107662,0.7005873322486877
13,1,2,late,1790,0.06550897253111526,0.007374335325841963,0.5029560124809208,0.13173159702668558,0.001286027953028679,0.7088994979858398
13,1,3,late,1790,0.04869355255821377,0.01176670624716707,0.4238913384703243,0.11226456365333343,0.0010083263041451573,0.6787142753601074
13,1,4,late,1790,0.0013878688540055275,0.0013240911597589319,0.5512293691935496,0.14243745256246257,0.0014035538770258427,0.7468656897544861
13,1,5,late,1790,0.0975995594630313,0.009319239362169144,0.559102529130145,0.14431541066420978,0.0014176751719787717,0.7497633099555969
13,1,6,late,1790,0.17469416339132912,0.03798174356681761,0.5564576976586592,0.1448974186763332,0.001421831431798637,0.7529569864273071
13,1,7,late,1790,0.0022876928124565417,0.003228414368253742,0.5531781045476094,0.1443754704043587,0.0014460640959441662,0.7521395683288574
13,1,8,late,1790,0.003458133114943442,0.0007478889274038648,0.6065633432468784,0.15449310008274414,0.0016320095164701343,0.7770398259162903
13,1,9,late,1790,0.005600027616748763,0.00250681813401033,0.5699853762631778,0.14603922141203196,0.0014876186614856124,0.7622926831245422
13,1,10,late,1790,0.019508732754454566,0.0094785866195673,0.6308362373472816,0.15987154909106255,0.0014728885143995285,0.8078091144561768
13,1,11,late,1790,0.004510171453049462,0.0023927357543619045,0.6345487600068208,0.16218094166513053,0.0013160932576283813,0.8230084776878357
13,1,12,late,1790,0.03340399506592872,0.00605444560195699,0.6015166947439277,0.15522698604384344,0.0012886757031083107,0.803580105304718
13,1,13,late,1790,0.08230858331071612,0.011303845651632609,0.663122466961169,0.17388892683049428,0.001137009123340249,0.8506487607955933
13,1,14,late,1790,0.011454117387331316,0.0027161351708197713,0.7490644863897716,0.18450779022607652,0.0016919561894610524,0.8801990747451782
13,1,16,late,1790,0.0007431984927855288,0.0008226579960134593,0.7490644863897716,0.18450779022607652,0.0016919561894610524,0.8801990747451782
13,2,1,late,1790,0.44884123119389063,0.03634598731221467,0.4594795491217308,0.11600916760469372,0.0013253455981612206,0.6696599721908569
13,2,2,late,1790,0.06550897253111526,0.007374335325841963,0.4859932589252329,0.12520303034549404,0.001368519151583314,0.6944294571876526
13,2,3,late,1790,0.04869355255821377,0.01176670624716707,0.39687852442606647,0.10387226866259897,0.001042939256876707,0.6528076529502869
13,2,4,late,1790,0.0013878688540055275,0.0013240911597589319,0.5184576939675025,0.13324983057043013,0.0014124270528554916,0.7166650891304016
13,2,5,late,1790,0.0975995594630313,0.009319239362169144,0.523947912238749,0.13454242042161982,0.001399018568918109,0.7109788060188293
13,2,6,late,1790,0.17469416339132912,0.03798174356681761,0.5193283105030391,0.13485962812051244,0.0013567415298894048,0.7103893160820007
13,2,7,late,1790,0.0022876928124565417,0.003228414368253742,0.5168514031426482,0.13429549335708016,0.0013874234864488244,0.7117530703544617
13,2,8,late,1790,0.003458133114943442,0.0007478889274038648,0.5789196400289871,0.1466528963273939,0.001507650245912373,0.7595263123512268
13,2,9,late,1790,0.005600027616748763,0.00250681813401033,0.5308829062099324,0.13515453771497998,0.0013908969704061747,0.7232804894447327
13,2,10,late,1790,0.019508732754454566,0.0094785866195673,0.6081804776750895,0.15244321036379382,0.0015226838877424598,0.7943080067634583
13,2,11,late,1790,0.004510171453049462,0.0023927357543619045,0.6142041882715974,0.1549713305811914,0.001380734029226005,0.8007217049598694
13,2,12,late,1790,0.03340399506592872,0.00605444560195699,0.5804673582642579,0.1474514974508401,0.0013450953410938382,0.7796295285224915
13,2,13,late,1790,0.08230858331071612,0.011303845651632609,0.654461134788086,0.16867200404492036,0.0012795865768566728,0.8414871692657471
13,2,14,late,1790,0.011454117387331316,0.0027161351708197713,0.7621524117556635,0.1852079479681937,0.0019747719634324312,0.8854342699050903
13,2,16,late,1790,0.0007431984927855288,0.0008226579960134593,0.7621524117556635,0.1852079479681937,0.0019747719634324312,0.8854342699050903
13,3,1,late,1790,0.44884123119389063,0.03634598731221467,0.45230874284554284,0.11394180418948995,0.001254041912034154,0.6616954207420349
13,3,2,late,1790,0.06550897253111526,0.007374335325841963,0.4751592682844272,0.12081164383392845,0.0013641000259667635,0.6947327256202698
13,3,3,late,1790,0.04869355255821377,0.01176670624716707,0.39031381636231033,0.10236338630198773,0.0010022330097854137,0.6656489372253418
13,3,4,late,1790,0.0013878688540055275,0.0013240911597589319,0.5126549830497633,0.12959997830947875,0.0013875985750928521,0.7202742695808411
13,3,5,late,1790,0.0975995594630313,0.009319239362169144,0.5185014075459132,0.13027253892401486,0.0014020001981407404,0.7154009342193604
13,3,6,late,1790,0.17469416339132912,0.03798174356681761,0.5192345521302878,0.13154619173289767,0.0014118097024038434,0.7214154601097107
13,3,7,late,1790,0.0022876928124565417,0.003228414368253742,0.51880102386118,0.1310588951464059,0.001523358398117125,0.7191532254219055
13,3,8,late,1790,0.003458133114943442,0.0007478889274038648,0.5806693009746017,0.1438457863562133,0.0017244360642507672,0.7683008313179016
13,3,9,late,1790,0.005600027616748763,0.00250681813401033,0.5324473256042992,0.13248057531668717,0.0015179875772446394,0.7290781736373901
13,3,10,late,1790,0.019508732754454566,0.0094785866195673,0.6074402049773077,0.15038077525344434,0.0015835243975743651,0.7991756796836853
13,3,11,late,1790,0.004510171453049462,0.0023927357543619045,0.6304801317695372,0.1570802838863457,0.0015756014036014676,0.8158791065216064
13,3,12,late,1790,0.03340399506592872,0.00605444560195699,0.5782737865717561,0.14636493725971456,0.0014553373912349343,0.7840433120727539
13,3,13,late,1790,0.08230858331071612,0.011303845651632609,0.6478881199338198,0.16742544046958452,0.0012600998161360621,0.8412468433380127
13,3,14,late,1790,0.011454117387331316,0.0027161351708197713,0.755008809287075,0.18369707303702923,0.0019144315738230944,0.885251522064209
13,3,16,late,1790,0.0007431984927855288,0.0008226579960134593,0.755008809287075,0.18369707303702923,0.0019144315738230944,0.885251522064209
13,4,1,late,1790,0.44884123119389063,0.03634598731221467,0.4359014533453637,0.10790565333050628,0.0012181387282907963,0.6644657850265503
13,4,2,late,1790,0.06550897253111526,0.007374335325841963,0.4605853734188063,0.11504877609317453,0.0013447668170556426,0.6646186709403992
13,4,3,late,1790,0.04869355255821377,0.01176670624716707,0.38158781560737504,0.09608105479362529,0.000996086047962308,0.6115784049034119
13,4,4,late,1790,0.0013878688540055275,0.0013240911597589319,0.5039293745419469,0.12512162059177495,0.001349911792203784,0.6877859234809875
13,4,5,late,1790,0.0975995594630313,0.009319239362169144,0.512361156875944,0.12699177866966652,0.0013581720413640141,0.690018892288208
13,4,6,late,1790,0.17469416339132912,0.03798174356681761,0.5119729554544037,0.12786185990039037,0.0013533752644434571,0.6864987015724182
13,4,7,late,1790,0.0022876928124565417,0.003228414368253742,0.512175618835228,0.12750879302039855,0.0014603135641664267,0.6848422288894653
13,4,8,late,1790,0.003458133114943442,0.0007478889274038648,0.5734389198104352,0.14044727890245814,0.0017008890863507986,0.7369253039360046
13,4,9,late,1790,0.005600027616748763,0.00250681813401033,0.5248082437144733,0.12879074587074563,0.0014611301012337208,0.7023636102676392
13,4,10,late,1790,0.019508732754454566,0.0094785866195673,0.6004656875811715,0.14741546515089152,0.0015358704840764403,0.7707334160804749
13,4,11,late,1790,0.004510171453049462,0.0023927357543619045,0.6121570356837318,0.15063499315274484,0.0014730526600033045,0.7731858491897583
13,4,12,late,1790,0.03340399506592872,0.00605444560195699,0.5513738027095467,0.1372801840747342,0.001331025967374444,0.724466860294342
13,4,13,late,1790,0.08230858331071612,0.011303845651632609,0.6176950777631758,0.1600234400841662,0.0011273479321971536,0.8201730847358704
13,4,14,late,1790,0.011454117387331316,0.0027161351708197713,0.7293483263135929,0.17764830727965075,0.001719626015983522,0.8616341948509216
13,4,16,late,1790,0.0007431984927855288,0.0008226579960134593,0.7293483263135929,0.17764830727965075,0.001719626015983522,0.8616341948509216
13,5,1,late,1790,0.44884123119389063,0.03634598731221467,0.408551128154787,0.10153517976743083,0.001135635538958013,0.6341846585273743
13,5,2,late,1790,0.06550897253111526,0.007374335325841963,0.43303850582851533,0.10866990988030939,0.0012536980211734772,0.6343438029289246
13,5,3,late,1790,0.04869355255821377,0.01176670624716707,0.3526385381716361,0.08936836625326726,0.0009218112099915743,0.5868961811065674
13,5,4,late,1790,0.0013878688540055275,0.0013240911597589319,0.48197815780860875,0.12005037659676157,0.0012949537485837936,0.6647018790245056
13,5,5,late,1790,0.0975995594630313,0.009319239362169144,0.4894930614179323,0.12174257497767235,0.0012880627764388919,0.6694162487983704
13,5,6,late,1790,0.17469416339132912,0.03798174356681761,0.48912686898097313,0.12266005075222876,0.0012835132656618953,0.6641708016395569
13,5,7,late,1790,0.0022876928124565417,0.003228414368253742,0.48932110980229826,0.12222647020412498,0.001384938950650394,0.6624543070793152
13,5,8,late,1790,0.003458133114943442,0.0007478889274038648,0.5504823288676725,0.13533051685757483,0.0016131172887980938,0.7167067527770996
13,5,9,late,1790,0.005600027616748763,0.00250681813401033,0.4996157358695789,0.12314340809116103,0.001396214822307229,0.6690581440925598
13,5,10,late,1790,0.019508732754454566,0.0094785866195673,0.5735589271979068,0.14154649224154206,0.0014675864949822426,0.7481073141098022
13,5,11,late,1790,0.004510171453049462,0.0023927357543619045,0.5808896693817273,0.14378211075325145,0.001396385719999671,0.7551645636558533
13,5,12,late,1790,0.03340399506592872,0.00605444560195699,0.5183819455970027,0.1300556298389839,0.0012471807422116399,0.7150295376777649
13,5,13,late,1790,0.08230858331071612,0.011303845651632609,0.5831407591740877,0.15357416049185674,0.0010655848309397697,0.8066999316215515
13,5,14,late,1790,0.011454117387331316,0.0027161351708197713,0.70225562263539,0.17209936188849217,0.0016299720155075192,0.8428099751472473
13,5,16,late,1790,0.0007431984927855288,0.0008226579960134593,0.70225562263539,0.17209936188849217,0.0016299720155075192,0.8428099751472473
13,6,1,late,1790,0.44884123119389063,0.03634598731221467,0.4236198819910343,0.10435694416798093,0.0012285665143281221,0.6336321830749512
13,6,2,late,1790,0.06550897253111526,0.007374335325841963,0.45255080468519515,0.11248883413966382,0.0013124450342729688,0.6435863375663757
13,6,3,late,1790,0.04869355255821377,0.01176670624716707,0.37153704704628354,0.09318993206162739,0.001019031391479075,0.6032369136810303
13,6,4,late,1790,0.0013878688540055275,0.0013240911597589319,0.5026424385534402,0.12401899122885829,0.0014524264261126518,0.6801390051841736
13,6,5,late,1790,0.0975995594630313,0.009319239362169144,0.509063628774628,0.1253389822569275,0.0014336570166051388,0.6714170575141907
13,6,6,late,1790,0.17469416339132912,0.03798174356681761,0.5069456555158051,0.1257233059012126,0.0014180614380165935,0.6752744317054749
13,6,7,late,1790,0.0022876928124565417,0.003228414368253742,0.5102717657318578,0.1263042174671238,0.0014809762360528111,0.6770981550216675
13,6,8,late,1790,0.003458133114943442,0.0007478889274038648,0.5728921728947476,0.13983312839932585,0.001740759122185409,0.731753945350647
13,6,9,late,1790,0.005600027616748763,0.00250681813401033,0.5188397349711045,0.12699434349223027,0.0014751125127077103,0.6815311312675476
13,6,10,late,1790,0.019508732754454566,0.0094785866195673,0.5940759347003166,0.1449158890899266,0.0015899991849437356,0.7461346983909607
13,6,11,late,1790,0.004510171453049462,0.0023927357543619045,0.6035551168965618,0.1470969596202145,0.0015630325069651008,0.7606642842292786
13,6,12,late,1790,0.03340399506592872,0.00605444560195699,0.540299027285073,0.13300685845499563,0.0013268206967040896,0.7255597710609436
13,6,13,late,1790,0.08230858331071612,0.011303845651632609,0.6033738417025427,0.1528350781850565,0.0012826388701796532,0.8024359345436096
13,6,14,late,1790,0.011454117387331316,0.0027161351708197713,0.7162429377132267,0.17398877982524316,0.0017762351781129837,0.8321987390518188
13,6,16,late,1790,0.0007431984927855288,0.0008226579960134593,0.7162429377132267,0.17398877982524316,0.0017762351781129837,0.8321987390518188
13,7,1,late,1790,0.44884123119389063,0.03634598731221467,0.3979290762858975,0.09819516235855548,0.001143768196925521,0.6093345880508423
13,7,2,late,1790,0.06550897253111526,0.007374335325841963,0.4243566291491298,0.10582554002400617,0.0011813432211056352,0.6253235340118408
13,7,3,late,1790,0.04869355255821377,0.01176670624716707,0.34136671224890625,0.08652154536070707,0.0009172125137411058,0.5994860529899597
13,7,4,late,1790,0.0013878688540055275,0.0013240911597589319,0.47448549802524337,0.11724877370664433,0.001326138386502862,0.6636967658996582
13,7,5,late,1790,0.0975995594630313,0.009319239362169144,0.47965950499446125,0.11799237767634484,0.0013525699032470584,0.6467666029930115
13,7,6,late,1790,0.17469416339132912,0.03798174356681761,0.47419047668373326,0.11747292914272466,0.0013378551229834557,0.642569363117218
13,7,7,late,1790,0.0022876928124565417,0.003228414368253742,0.4775349007120132,0.1180959381570451,0.001397216459736228,0.6421464085578918
13,7,8,late,1790,0.003458133114943442,0.0007478889274038648,0.5499745033566278,0.13388653301318607,0.0017083064885810018,0.7023178935050964
13,7,9,late,1790,0.005600027616748763,0.00250681813401033,0.49513785484618916,0.12107851052802396,0.0014125837478786707,0.6694400310516357
13,7,10,late,1790,0.019508732754454566,0.0094785866195673,0.5826920366239234,0.1418836068022004,0.0016233411151915789,0.7434642314910889
13,7,11,late,1790,0.004510171453049462,0.0023927357543619045,0.5914790928525091,0.14368367278712285,0.0016246283194050193,0.746823251247406
13,7,12,late,1790,0.03340399506592872,0.00605444560195699,0.5242544248747618,0.12876210648479144,0.001420909771695733,0.708533525466919
13,7,13,late,1790,0.08230858331071612,0.011303845651632609,0.5629972496201342,0.14247398803993608,0.0012002834118902683,0.750028669834137
13,7,14,late,1790,0.011454117387331316,0.0027161351708197713,0.6580793469020442,0.16054017687018163,0.001664771931245923,0.8033361434936523
13,7,16,late,1790,0.0007431984927855288,0.0008226579960134593,0.6580793469020442,0.16054017687018163,0.001664771931245923,0.8033361434936523
13,8,1,late,1790,0.44884123119389063,0.03634598731221467,0.2923010525473799,0.07444258142915679,0.0009922949830070138,0.49622035026550293
13,8,2,late,1790,0.06550897253111526,0.007374335325841963,0.3104819866963246,0.07963260479191459,0.0010202077683061361,0.4985027015209198
13,8,3,late,1790,0.04869355255821377,0.01176670624716707,0.23964154814336158,0.06320944582536524,0.000798292807303369,0.478333979845047
13,8,4,late,1790,0.0013878688540055275,0.0013240911597589319,0.3563806365951037,0.09039348309901449,0.0011322610080242157,0.5417652726173401
13,8,5,late,1790,0.0975995594630313,0.009319239362169144,0.35391988042506584,0.08940005656663619,0.001120278611779213,0.5233576893806458
13,8,6,late,1790,0.17469416339132912,0.03798174356681761,0.34468683002993994,0.08832342025484348,0.0010710490169003606,0.5111604332923889
13,8,7,late,1790,0.0022876928124565417,0.003228414368253742,0.3477689224662124,0.08884734263483458,0.0011185852345079184,0.5134355425834656
13,8,8,late,1790,0.003458133114943442,0.0007478889274038648,0.4254489234013889,0.10493055315056056,0.0013802875764667988,0.5786859393119812
13,8,9,late,1790,0.005600027616748763,0.00250681813401033,0.3665038870688523,0.09128417684318635,0.0011847662972286344,0.5420805811882019
13,8,10,late,1790,0.019508732754454566,0.0094785866195673,0.5162147768449907,0.12711248293611063,0.0015153865097090602,0.6899905800819397
13,8,11,late,1790,0.004510171453049462,0.0023927357543619045,0.5446726675693586,0.1335301016646479,0.001526580541394651,0.733346700668335
13,8,12,late,1790,0.03340399506592872,0.00605444560195699,0.44779030645478196,0.11081783686193357,0.0013669423060491681,0.6517961025238037
13,8,13,late,1790,0.08230858331071612,0.011303845651632609,0.42315824247633926,0.10839572086488929,0.0010797246359288692,0.6099371910095215
13,8,14,late,1790,0.011454117387331316,0.0027161351708197713,0.519279913642631,0.1288288033743684,0.0014976285165175796,0.6957579851150513
13,8,16,late,1790,0.0007431984927855288,0.0008226579960134593,0.519279913642631,0.1288288033743684,0.0014976285165175796,0.6957579851150513
13,9,1,late,1790,0.44884123119389063,0.03634598731221467,0.41616638228674446,0.1011593675220028,0.0014118676772341132,0.5926927328109741
13,9,2,late,1790,0.06550897253111526,0.007374335325841963,0.438393232838105,0.10732731840002421,0.001437296741642058,0.6181637644767761
13,9,3,late,1790,0.04869355255821377,0.01176670624716707,0.35068653766878793,0.08785932509607332,0.0011120648123323917,0.6020557880401611
13,9,4,late,1790,0.0013878688540055275,0.0013240911597589319,0.5020786768190989,0.12159344990012468,0.0017095592338591814,0.671289324760437
13,9,5,late,1790,0.0975995594630313,0.009319239362169144,0.48881585167899116,0.11811682421146177,0.0016093840822577477,0.6415727734565735
13,9,6,late,1790,0.17469416339132912,0.03798174356681761,0.48371642140447885,0.11780634863398234,0.0015836707316339016,0.6455036997795105
13,9,7,late,1790,0.0022876928124565417,0.003228414368253742,0.4781338253775846,0.11714223526389665,0.0015568030066788197,0.6425294876098633
13,9,8,late,1790,0.003458133114943442,0.0007478889274038648,0.5375008990321511,0.13043648482540232,0.0017526712035760283,0.6879282593727112
13,9,9,late,1790,0.005600027616748763,0.00250681813401033,0.4790439423090419,0.11710433009604043,0.0014679834712296724,0.6444452404975891
13,9,10,late,1790,0.019508732754454566,0.0094785866195673,0.5602827521537914,0.13653358860396772,0.0015265311812981963,0.7236774563789368
13,9,11,late,1790,0.004510171453049462,0.0023927357543619045,0.5709259118916019,0.1384242946879623,0.0015889497008174658,0.7381951808929443
13,9,12,late,1790,0.03340399506592872,0.00605444560195699,0.49373200096361675,0.12116744498629878,0.001475528464652598,0.6795417666435242
13,9,13,late,1790,0.08230858331071612,0.011303845651632609,0.45877807872745796,0.1157046673882195,0.0011275041615590453,0.6409747004508972
13,9,14,late,1790,0.011454117387331316,0.0027161351708197713,0.5565370897917915,0.13844055813631895,0.0016055178130045533,0.7103179097175598
13,9,16,late,1790,0.0007431984927855288,0.0008226579960134593,0.5565370897917915,0.13844055813631895,0.0016055178130045533,0.7103179097175598
13,10,1,late,1790,0.44884123119389063,0.03634598731221467,0.3328198527368358,0.08315129660289947,0.0010201460681855679,0.5503643155097961
13,10,2,late,1790,0.06550897253111526,0.007374335325841963,0.35083346540627314,0.08813319624282377,0.0010366826318204403,0.546683669090271
13,10,3,late,1790,0.04869355255821377,0.01176670624716707,0.26346575928697175,0.0678032643717552,0.0007776534766890109,0.4829520583152771
13,10,4,late,1790,0.0013878688540055275,0.0013240911597589319,0.3994512338583441,0.09858967260940338,0.0011975527741014957,0.5676275491714478
13,10,5,late,1790,0.0975995594630313,0.009319239362169144,0.37785283234555733,0.09295097618223722,0.0011057925876230001,0.5413799285888672
13,10,6,late,1790,0.17469416339132912,0.03798174356681761,0.34698152858750925,0.08703148426417372,0.0009810957126319408,0.5104625821113586
13,10,7,late,1790,0.0022876928124565417,0.003228414368253742,0.3467412507301327,0.08804588711273525,0.0009872396476566792,0.5166455507278442
13,10,8,late,1790,0.003458133114943442,0.0007478889274038648,0.4071919734477893,0.1021533221006206,0.001151298638433218,0.5560543537139893
13,10,9,late,1790,0.005600027616748763,0.00250681813401033,0.3508978321214399,0.0898598496717002,0.0009355796501040459,0.536921501159668
13,10,10,late,1790,0.019508732754454566,0.0094785866195673,0.4828823855042707,0.11853389494619455,0.0011898420052602887,0.6420952677726746
13,10,11,late,1790,0.004510171453049462,0.0023927357543619045,0.48821659942564694,0.11971538952801569,0.0011903316481038928,0.6768653988838196
13,10,12,late,1790,0.03340399506592872,0.00605444560195699,0.4115690707276555,0.10352412877819817,0.0011318852193653584,0.6208322644233704
13,10,13,late,1790,0.08230858331071612,0.011303845651632609,0.3785596806718903,0.09828671967039386,0.0009311173344030976,0.5741767883300781
13,10,14,late,1790,0.011454117387331316,0.0027161351708197713,0.4759562145172639,0.12376469056822592,0.001224451931193471,0.6382169723510742
13,10,16,late,1790,0.0007431984927855288,0.0008226579960134593,0.4759562145172639,0.12376469056822592,0.001224451931193471,0.6382169723510742
13,11,1,late,1790,0.44884123119389063,0.03634598731221467,0.35472792629679334,0.0902964868610618,0.0009976665023714304,0.5451633930206299
13,11,2,late,1790,0.06550897253111526,0.007374335325841963,0.3684912435904239,0.09349769961492022,0.0010302533628419042,0.5496301054954529
13,11,3,late,1790,0.04869355255821377,0.01176670624716707,0.2883934511254833,0.07437857244739036,0.0008106198511086404,0.5232645869255066
13,11,4,late,1790,0.0013878688540055275,0.0013240911597589319,0.41889148891328537,0.10423285395545359,0.0011661556782200933,0.5884755253791809
13,11,5,late,1790,0.0975995594630313,0.009319239362169144,0.4069024762464557,0.1008031575794538,0.0011072761844843626,0.5630764961242676
13,11,6,late,1790,0.17469416339132912,0.03798174356681761,0.37715342412553154,0.09472947425783729,0.0010163898114115,0.5317268967628479
13,11,7,late,1790,0.0022876928124565417,0.003228414368253742,0.38864464001806825,0.09824190214837035,0.0010629091411828995,0.5468542575836182
13,11,8,late,1790,0.003458133114943442,0.0007478889274038648,0.4898230819036149,0.12090766720216976,0.0014300273032858968,0.6389099359512329
13,11,9,late,1790,0.005600027616748763,0.00250681813401033,0.4264977320742549,0.10628453687062574,0.0011574279051274061,0.5851727724075317
13,11,10,late,1790,0.019508732754454566,0.0094785866195673,0.5111602509409247,0.1254861799596879,0.0012616513995453715,0.6819539070129395
13,11,11,late,1790,0.004510171453049462,0.0023927357543619045,0.4922933976309681,0.12023075575473426,0.0011884889099746943,0.6772311925888062
13,11,12,late,1790,0.03340399506592872,0.00605444560195699,0.3887034429074655,0.09699192848849299,0.0010192159097641706,0.608539879322052
13,11,13,late,1790,0.08230858331071612,0.011303845651632609,0.35987985767596453,0.09421457881413106,0.00082662224303931,0.5748941898345947
13,11,14,late,1790,0.011454117387331316,0.0027161351708197713,0.4599096281824025,0.1216419179991514,0.0011693164706230164,0.6283683180809021
13,11,16,late,1790,0.0007431984927855288,0.0008226579960134593,0.4599096281824025,0.1216419179991514,0.0011693164706230164,0.6283683180809021
13,12,1,late,1790,0.44884123119389063,0.03634598731221467,0.3562857178322107,0.0921674771990349,0.0009887198684737086,0.5473672151565552
13,12,2,late,1790,0.06550897253111526,0.007374335325841963,0.3739611475523587,0.09696163243415089,0.0009995998116210103,0.5674455165863037
13,12,3,late,1790,0.04869355255821377,0.01176670624716707,0.2936720989477709,0.07676207453187832,0.0007888764375820756,0.5384425520896912
13,12,4,late,1790,0.0013878688540055275,0.0013240911597589319,0.4266072581845398,0.10784486316687217,0.0011664157500490546,0.6077214479446411
13,12,5,late,1790,0.0975995594630313,0.009319239362169144,0.41459422407323215,0.10442535848017671,0.0011075231013819575,0.5771196484565735
13,12,6,late,1790,0.17469416339132912,0.03798174356681761,0.38371796270756975,0.09882003346907899,0.0009948095539584756,0.5516045689582825
13,12,7,late,1790,0.0022876928124565417,0.003228414368253742,0.38728902547531785,0.10126042651521555,0.0009811737108975649,0.5585451126098633
13,12,8,late,1790,0.003458133114943442,0.0007478889274038648,0.4951408986852234,0.12493846260435057,0.0013460353948175907,0.6555457711219788
13,12,9,late,1790,0.005600027616748763,0.00250681813401033,0.43404103612388073,0.11053627349171903,0.001099358662031591,0.6049106121063232
13,12,10,late,1790,0.019508732754454566,0.0094785866195673,0.5532867880476972,0.13861885967818025,0.0012059577275067568,0.7179320454597473
13,12,11,late,1790,0.004510171453049462,0.0023927357543619045,0.5550574212883308,0.1375752681268835,0.0012247913982719183,0.7175144553184509
13,12,12,late,1790,0.03340399506592872,0.00605444560195699,0.42986978735610865,0.10862890938997648,0.0010287987533956766,0.6088747978210449
13,12,13,late,1790,0.08230858331071612,0.011303845651632609,0.3985138820169179,0.10744265891990704,0.0008598307613283396,0.5891118049621582
13,12,14,late,1790,0.011454117387331316,0.0027161351708197713,0.4906421463224418,0.13149229471472984,0.0011658607982099056,0.6578181982040405
13,12,16,late,1790,0.0007431984927855288,0.0008226579960134593,0.4906421463224418,0.13149229471472984,0.0011658607982099056,0.6578181982040405
13,13,1,late,1790,0.44884123119389063,0.03634598731221467,0.19626272607733908,0.059905148667271944,0.0007613976486027241,0.3757289946079254
13,13,2,late,1790,0.06550897253111526,0.007374335325841963,0.20688499185265113,0.06363201996450454,0.0007635935326106846,0.373134046792984
13,13,3,late,1790,0.04869355255821377,0.01176670624716707,0.15344044470853255,0.04659385872509847,0.0006194462184794247,0.31394514441490173
13,13,4,late,1790,0.0013878688540055275,0.0013240911597589319,0.2566930226402165,0.07610382472261193,0.0009201386710628867,0.4109705686569214
13,13,5,late,1790,0.0975995594630313,0.009319239362169144,0.22621141956675558,0.06699877027574017,0.0008671873947605491,0.3676683008670807
13,13,6,late,1790,0.17469416339132912,0.03798174356681761,0.19935345922157105,0.06264302542005067,0.0007885998929850757,0.3399960994720459
13,13,7,late,1790,0.0022876928124565417,0.003228414368253742,0.211248189521506,0.0680531426302491,0.0007952338200993836,0.36044901609420776
13,13,8,late,1790,0.003458133114943442,0.0007478889274038648,0.3804116632736044,0.11257905214774151,0.0012525832280516624,0.5606861114501953
13,13,9,late,1790,0.005600027616748763,0.00250681813401033,0.3260302553656407,0.09775829779456317,0.001048482721671462,0.5066019296646118
13,13,10,late,1790,0.019508732754454566,0.0094785866195673,0.3523082894451302,0.10487403965042214,0.0009958123555406928,0.5376563668251038
13,13,11,late,1790,0.004510171453049462,0.0023927357543619045,0.3517954374525654,0.1020969409652064,0.0010066335089504719,0.5197119116783142
13,13,12,late,1790,0.03340399506592872,0.00605444560195699,0.2554625453842367,0.0776328633734885,0.0008886884897947311,0.40987810492515564
13,13,13,late,1790,0.08230858331071612,0.011303845651632609,0.2679241472971626,0.08687731440905996,0.0008376212790608406,0.4440676271915436
13,13,14,late,1790,0.011454117387331316,0.0027161351708197713,0.33030151989552914,0.10038006870740682,0.0010852990671992302,0.4680226743221283
13,13,16,late,1790,0.0007431984927855288,0.0008226579960134593,0.33030151989552914,0.10038006870740682,0.0010852990671992302,0.4680226743221283
13,14,1,late,1790,0.44884123119389063,0.03634598731221467,0.17340589627267808,0.05672965350675936,0.0006542204064317048,0.31241872906684875
13,14,2,late,1790,0.06550897253111526,0.007374335325841963,0.20156425430160407,0.06246456638680776,0.0007805526256561279,0.3333655893802643
13,14,3,late,1790,0.04869355255821377,0.01176670624716707,0.16460704950202132,0.05093277550948162,0.0006345719448290765,0.279399573802948
13,14,4,late,1790,0.0013878688540055275,0.0013240911597589319,0.22446065030500356,0.07085077945821561,0.0007549101719632745,0.3632059693336487
13,14,5,late,1790,0.0975995594630313,0.009319239362169144,0.17143631217131058,0.055960465182823584,0.0006897337734699249,0.3246528208255768
13,14,6,late,1790,0.17469416339132912,0.03798174356681761,0.14200941752827748,0.050220180997565984,0.0005947182653471828,0.28963229060173035
13,14,7,late,1790,0.0022876928124565417,0.003228414368253742,0.15128108946689114,0.05474677984794195,0.0005997222033329308,0.30847153067588806
13,14,8,late,1790,0.003458133114943442,0.0007478889274038648,0.2768358448548269,0.09173028023048425,0.0009140879265032709,0.48164793848991394
13,14,9,late,1790,0.005600027616748763,0.00250681813401033,0.22346861649346253,0.07509013787669255,0.0007318345597013831,0.41560542583465576
13,14,10,late,1790,0.019508732754454566,0.0094785866195673,0.21121132435168494,0.07207612792872864,0.0006605790695175529,0.4223368465900421
13,14,11,late,1790,0.004510171453049462,0.0023927357543619045,0.2017978669285017,0.06667784443443982,0.0006589175318367779,0.3951207399368286
13,14,12,late,1790,0.03340399506592872,0.00605444560195699,0.14924032873891596,0.050649337551699224,0.0006237157504074275,0.2863980531692505
13,14,13,late,1790,0.08230858331071612,0.011303845651632609,0.15601887418150345,0.05747468017012627,0.0005184324691072106,0.34448352456092834
13,14,14,late,1790,0.011454117387331316,0.0027161351708197713,0.2156150364723478,0.07092283518268892,0.0007118996581993997,0.3633417785167694
13,14,16,late,1790,0.0007431984927855288,0.0008226579960134593,0.2156150364723478,0.07092283518268892,0.0007118996581993997,0.3633417785167694
13,16,1,late,1790,0.44884123119389063,0.03634598731221467,0.17340589627267808,0.05672965350675936,0.0006542204064317048,0.31241872906684875
13,16,2,late,1790,0.06550897253111526,0.007374335325841963,0.20156425430160407,0.06246456638680776,0.0007805526256561279,0.3333655893802643
13,16,3,late,1790,0.04869355255821377,0.01176670624716707,0.16460704950202132,0.05093277550948162,0.0006345719448290765,0.279399573802948
13,16,4,late,1790,0.0013878688540055275,0.0013240911597589319,0.22446065030500356,0.07085077945821561,0.0007549101719632745,0.3632059693336487
13,16,5,late,1790,0.0975995594630313,0.009319239362169144,0.17143631217131058,0.055960465182823584,0.0006897337734699249,0.3246528208255768
13,16,6,late,1790,0.17469416339132912,0.03798174356681761,0.14200941752827748,0.050220180997565984,0.0005947182653471828,0.28963229060173035
13,16,7,late,1790,0.0022876928124565417,0.003228414368253742,0.15128108946689114,0.05474677984794195,0.0005997222033329308,0.30847153067588806
13,16,8,late,1790,0.003458133114943442,0.0007478889274038648,0.2768358448548269,0.09173028023048425,0.0009140879265032709,0.48164793848991394
13,16,9,late,1790,0.005600027616748763,0.00250681813401033,0.22346861649346253,0.07509013787669255,0.0007318345597013831,0.41560542583465576
13,16,10,late,1790,0.019508732754454566,0.0094785866195673,0.21121132435168494,0.07207612792872864,0.0006605790695175529,0.4223368465900421
13,16,11,late,1790,0.004510171453049462,0.0023927357543619045,0.2017978669285017,0.06667784443443982,0.0006589175318367779,0.3951207399368286
13,16,12,late,1790,0.03340399506592872,0.00605444560195699,0.14924032873891596,0.050649337551699224,0.0006237157504074275,0.2863980531692505
13,16,13,late,1790,0.08230858331071612,0.011303845651632609,0.15601887418150345,0.05747468017012627,0.0005184324691072106,0.34448352456092834
13,16,14,late,1790,0.011454117387331316,0.0027161351708197713,0.2156150364723478,0.07092283518268892,0.0007118996581993997,0.3633417785167694
13,16,16,late,1790,0.0007431984927855288,0.0008226579960134593,0.2156150364723478,0.07092283518268892,0.0007118996581993997,0.3633417785167694
14,1,1,late,134,0.27923796540572077,0.027925089036935635,0.4041494556143185,0.15071702530792908,0.001154220663011074,0.6629934310913086
14,1,2,late,134,0.09379951400883298,0.029632462649664223,0.40666552303695996,0.15529415039705768,0.001150687923654914,0.6940249800682068
14,1,3,late,134,0.2626374021445605,0.027666897028398727,0.3553477952295025,0.13589009418017128,0.0009710675803944468,0.5950561761856079
14,1,4,late,134,0.006486395323626132,0.0023850966386653283,0.4486001336246854,0.1698788585955341,0.001262779114767909,0.7267423272132874
14,1,5,late,134,0.05766303905007515,0.010768066451250606,0.45140992710714356,0.1712051407356125,0.0012860891874879599,0.723344624042511
14,1,6,late,134,0.07450171775835356,0.023830214378424364,0.4457708189243089,0.1699234092372869,0.0012370510958135128,0.719875693321228
14,1,7,late,134,0.007012966532414321,0.0034082344830382674,0.4430938214645721,0.16897635407421507,0.0012226199032738805,0.7156974077224731
14,1,8,late,134,0.006945912069291899,0.001986226984490603,0.4887477694454589,0.18412119851038372,0.0013381291646510363,0.769280195236206
14,1,9,late,134,0.009709176966950835,0.0028561470174166023,0.4661405456283672,0.17541858640996838,0.0012654406018555164,0.7338467240333557
14,1,10,late,134,0.018405708789741553,0.008741743924951398,0.50543595719457,0.18999250851785052,0.001145408023148775,0.7927111983299255
14,1,11,late,134,0.01071880292570329,0.004196903046032674,0.5191217668662056,0.19626225188652247,0.000991158769465983,0.8028737306594849
14,1,12,late,134,0.04581307855542336,0.015273997771633603,0.4849583275760385,0.18691755949563563,0.0009756846120581031,0.7536126375198364
14,1,13,late,134,0.1063583027005003,0.0246760327043705,0.5481081760697825,0.20938509427556878,0.000873254903126508,0.8415014147758484
14,1,14,late,134,0.014787936716002599,0.003634643280731296,0.6372163949339692,0.23431425103073464,0.0012857303954660892,0.8774670958518982
14,1,16,late,134,0.005922081052802715,0.0018656420835345955,0.6372163949339692,0.23431425103073464,0.0012857303954660892,0.8774670958518982
14,2,1,late,134,0.27923796540572077,0.027925089036935635,0.3809866938364706,0.1426215918390513,0.0011993655934929848,0.6383189558982849
14,2,2,late,134,0.09379951400883298,0.029632462649664223,0.3877891414119417,0.1478988395801334,0.0011916880030184984,0.6757556796073914
14,2,3,late,134,0.2626374021445605,0.027666897028398727,0.32987651588228434,0.12607189584714304,0.0009765834547579288,0.5642723441123962
14,2,4,late,134,0.006486395323626132,0.0023850966386653283,0.41557081862884476,0.1575368039486309,0.0012433241354301572,0.7012968063354492
14,2,5,late,134,0.05766303905007515,0.010768066451250606,0.41938230119134756,0.15901944489597294,0.0012424095766618848,0.694572925567627
14,2,6,late,134,0.07450171775835356,0.023830214378424364,0.40956864398626136,0.15667650898490004,0.0011660768650472164,0.6880301237106323
14,2,7,late,134,0.007012966532414321,0.0034082344830382674,0.40788494694696514,0.15571742083154422,0.0011829427676275373,0.6841554045677185
14,2,8,late,134,0.006945912069291899,0.001986226984490603,0.46063474034925284,0.1734738674585217,0.001310692518018186,0.7475720643997192
14,2,9,late,134,0.009709176966950835,0.0028561470174166023,0.42863838391382,0.16131766872957357,0.0012201012577861547,0.6991414427757263
14,2,10,late,134,0.018405708789741553,0.008741743924951398,0.48422088433203025,0.1808470400567192,0.001223377650603652,0.7749488353729248
14,2,11,late,134,0.01071880292570329,0.004196903046032674,0.5003012672845107,0.1876312821370323,0.0010687817120924592,0.7881978750228882
14,2,12,late,134,0.04581307855542336,0.015273997771633603,0.4664534419043504,0.17793154436665637,0.0010563954710960388,0.7366169095039368
14,2,13,late,134,0.1063583027005003,0.0246760327043705,0.5407956149029448,0.20459040532379988,0.0010032992577180266,0.8350679278373718
14,2,14,late,134,0.014787936716002599,0.003634643280731296,0.6526044475335155,0.23752248130735706,0.0015158714959397912,0.8807069063186646
14,2,16,late,134,0.005922081052802715,0.0018656420835345955,0.6526044475335155,0.23752248130735706,0.0015158714959397912,0.8807069063186646
14,3,1,late,134,0.27923796540572077,0.027925089036935635,0.3893037942236415,0.14532142381632882,0.00114252301864326,0.6569451689720154
14,3,2,late,134,0.09379951400883298,0.029632462649664223,0.39443331826287115,0.1488510577319748,0.001203275052830577,0.6869193315505981
14,3,3,late,134,0.2626374021445605,0.027666897028398727,0.33331719004903543,0.12782951354433456,0.0009006543550640345,0.568554699420929
14,3,4,late,134,0.006486395323626132,0.0023850966386653283,0.41985361645547253,0.1583350961331238,0.001126814866438508,0.7056139707565308
14,3,5,late,134,0.05766303905007515,0.010768066451250606,0.4216959611312903,0.1582346558369249,0.001172470161691308,0.6993188261985779
14,3,6,late,134,0.07450171775835356,0.023830214378424364,0.41357136075124284,0.15660675344468006,0.0010892603313550353,0.6930381059646606
14,3,7,late,134,0.007012966532414321,0.0034082344830382674,0.4124121668196019,0.15574000407885058,0.0011659807059913874,0.6891974806785583
14,3,8,late,134,0.006945912069291899,0.001986226984490603,0.4623223555842484,0.17200930473182569,0.0013195134233683348,0.7488460540771484
14,3,9,late,134,0.009709176966950835,0.0028561470174166023,0.43021431891942646,0.159940650783477,0.001196563127450645,0.7005619406700134
14,3,10,late,134,0.018405708789741553,0.008741743924951398,0.48691395728730724,0.18043867228248242,0.0011628556530922651,0.7771410346031189
14,3,11,late,134,0.01071880292570329,0.004196903046032674,0.5177088007921659,0.19249213268176096,0.0011187753407284617,0.801227867603302
14,3,12,late,134,0.04581307855542336,0.015273997771633603,0.46790335309316416,0.1773854643741633,0.0010339381406083703,0.738147497177124
14,3,13,late,134,0.1063583027005003,0.0246760327043705,0.5366050969629458,0.20328844112491257,0.0009364032302983105,0.8324000239372253
14,3,14,late,134,0.014787936716002599,0.003634643280731296,0.6468294702214884,0.23593039758338807,0.001392801059409976,0.8786699771881104
14,3,16,late,134,0.005922081052802715,0.0018656420835345955,0.6468294702214884,0.23593039758338807,0.001392801059409976,0.8786699771881104
14,4,1,late,134,0.27923796540572077,0.027925089036935635,0.37711160017330364,0.13952772264866678,0.0011262708576396108,0.6229099631309509
14,4,2,late,134,0.09379951400883298,0.029632462649664223,0.3829404916961803,0.1433399869278086,0.001186159672215581,0.6555240750312805
14,4,3,late,134,0.2626374021445605,0.027666897028398727,0.32725351727819557,0.12297130707745071,0.0009034799295477569,0.5475368499755859
14,4,4,late,134,0.006486395323626132,0.0023850966386653283,0.41394769472639953,0.1544307929217423,0.0011357659241184592,0.6810157299041748
14,4,5,late,134,0.05766303905007515,0.010768066451250606,0.41813057687640914,0.15593717258369036,0.001181783271022141,0.6747008562088013
14,4,6,late,134,0.07450171775835356,0.023830214378424364,0.4179447270241747,0.15435664288181478,0.0012378307292237878,0.667088508605957
14,4,7,late,134,0.007012966532414321,0.0034082344830382674,0.41690901797021557,0.15353074314271434,0.0013117396738380194,0.6638720035552979
14,4,8,late,134,0.006945912069291899,0.001986226984490603,0.46870525403785757,0.17104251986480737,0.0014468004228547215,0.7255481481552124
14,4,9,late,134,0.009709176966950835,0.0028561470174166023,0.4364345934156871,0.15886747994223616,0.0013423674972727895,0.6747305989265442
14,4,10,late,134,0.018405708789741553,0.008741743924951398,0.49332024951538406,0.18006284906967088,0.001315469155088067,0.7556112408638
14,4,11,late,134,0.01071880292570329,0.004196903046032674,0.5067382446001979,0.1857314719161664,0.0012107527581974864,0.7668527364730835
14,4,12,late,134,0.04581307855542336,0.015273997771633603,0.4439924028293758,0.16614584187423964,0.0010478022741153836,0.697058916091919
14,4,13,late,134,0.1063583027005003,0.0246760327043705,0.5057272414777623,0.19151337015898934,0.0008954424411058426,0.7997772097587585
14,4,14,late,134,0.014787936716002599,0.003634643280731296,0.6166543444834038,0.22432915007448437,0.0013371629174798727,0.8473653793334961
14,4,16,late,134,0.005922081052802715,0.0018656420835345955,0.6166543444834038,0.22432915007448437,0.0013371629174798727,0.8473653793334961
14,5,1,late,134,0.27923796540572077,0.027925089036935635,0.35363135421509617,0.13180224580704833,0.0010319739812985063,0.5956564545631409
14,5,2,late,134,0.09379951400883298,0.029632462649664223,0.3594054223729798,0.13561598664351762,0.0010868540266528726,0.6292245388031006
14,5,3,late,134,0.2626374021445605,0.027666897028398727,0.2995006692032816,0.11361984306294129,0.000821760855615139,0.5125396251678467
14,5,4,late,134,0.006486395323626132,0.0023850966386653283,0.3916484984741268,0.14712477780591748,0.0010708306217566133,0.6578748226165771
14,5,5,late,134,0.05766303905007515,0.010768066451250606,0.3928141921294728,0.14769072240641415,0.0010902818758040667,0.6479766368865967
14,5,6,late,134,0.07450171775835356,0.023830214378424364,0.39256649329796184,0.14595754933739624,0.0011419947259128094,0.6400725841522217
14,5,7,late,134,0.007012966532414321,0.0034082344830382674,0.3915196440014085,0.14503378514670276,0.0012040117289870977,0.6367372274398804
14,5,8,late,134,0.006945912069291899,0.001986226984490603,0.442001504586391,0.16213281207947075,0.0013279952108860016,0.7011509537696838
14,5,9,late,134,0.009709176966950835,0.0028561470174166023,0.4093745621668397,0.14951912289388106,0.001189583563245833,0.6486762762069702
14,5,10,late,134,0.018405708789741553,0.008741743924951398,0.4638555138371885,0.1700601496352188,0.0012375165242701769,0.7285642623901367
14,5,11,late,134,0.01071880292570329,0.004196903046032674,0.4749798315773551,0.17513024322362059,0.0011299547040835023,0.7322816848754883
14,5,12,late,134,0.04581307855542336,0.015273997771633603,0.41200669593813677,0.15554536684310538,0.0009778672829270363,0.6567710041999817
14,5,13,late,134,0.1063583027005003,0.0246760327043705,0.46983301080980533,0.180298626829599,0.0008312592399306595,0.7660931944847107
14,5,14,late,134,0.014787936716002599,0.003634643280731296,0.5853606848873254,0.21424153105242272,0.001244799350388348,0.8202931880950928
14,5,16,late,134,0.005922081052802715,0.0018656420835345955,0.5853606848873254,0.21424153105242272,0.001244799350388348,0.8202931880950928
14,6,1,late,134,0.27923796540572077,0.027925089036935635,0.3729397236810886,0.13786355856038948,0.001168523682281375,0.6103752851486206
14,6,2,late,134,0.09379951400883298,0.029632462649664223,0.3813471278147911,0.14269029319642346,0.0012541416799649596,0.6423953771591187
14,6,3,late,134,0.2626374021445605,0.027666897028398727,0.3197549028945878,0.1201790116497966,0.0009617483010515571,0.525804340839386
14,6,4,late,134,0.006486395323626132,0.0023850966386653283,0.413614172033215,0.1537996375895208,0.0012625043746083975,0.6672303676605225
14,6,5,late,134,0.05766303905007515,0.010768066451250606,0.41197475640680087,0.15325923029951719,0.00120503397192806,0.6525828242301941
14,6,6,late,134,0.07450171775835356,0.023830214378424364,0.41014103491620313,0.1510690220407282,0.001266940962523222,0.6430261731147766
14,6,7,late,134,0.007012966532414321,0.0034082344830382674,0.41504156752141996,0.15213011481547756,0.0013124026590958238,0.6433855891227722
14,6,8,late,134,0.006945912069291899,0.001986226984490603,0.4678082290173286,0.17004265450973238,0.0014608011115342379,0.7090514898300171
14,6,9,late,134,0.009709176966950835,0.0028561470174166023,0.4317932853235432,0.156448008087886,0.001256421091966331,0.6535725593566895
14,6,10,late,134,0.018405708789741553,0.008741743924951398,0.48945873147728086,0.17772907475508418,0.0013905850937590003,0.7190089225769043
14,6,11,late,134,0.01071880292570329,0.004196903046032674,0.5009999898255372,0.18280517395408466,0.001311848871409893,0.7233594655990601
14,6,12,late,134,0.04581307855542336,0.015273997771633603,0.4362366717724032,0.16209215556957474,0.001147027825936675,0.6494882106781006
14,6,13,late,134,0.1063583027005003,0.0246760327043705,0.48960000236515205,0.1838880193897016,0.0010188124142587185,0.7520677447319031
14,6,14,late,134,0.014787936716002599,0.003634643280731296,0.5980884857882343,0.21751467131146332,0.001453537493944168,0.80812007188797
14,6,16,late,134,0.005922081052802715,0.0018656420835345955,0.5980884857882343,0.21751467131146332,0.001453537493944168,0.80812007188797
14,7,1,late,134,0.27923796540572077,0.027925089036935635,0.35879692801017204,0.1328188794519161,0.0011462075635790825,0.5974708795547485
14,7,2,late,134,0.09379951400883298,0.029632462649664223,0.3663823673668415,0.13715971177614505,0.0012203679652884603,0.6248081922531128
14,7,3,late,134,0.2626374021445605,0.027666897028398727,0.30306051765201936,0.1139441594079995,0.0009394286316819489,0.506884753704071
14,7,4,late,134,0.006486395323626132,0.0023850966386653283,0.40090571391073043,0.14864818337311847,0.001234968425706029,0.6506407260894775
14,7,5,late,134,0.05766303905007515,0.010768066451250606,0.39908414806670217,0.14796795887274802,0.001149737392552197,0.6351441144943237
14,7,6,late,134,0.07450171775835356,0.023830214378424364,0.39446831249055075,0.1448679965669523,0.001242077094502747,0.6218833923339844
14,7,7,late,134,0.007012966532414321,0.0034082344830382674,0.3994426709571992,0.14596411510642482,0.001298857037909329,0.6222516298294067
14,7,8,late,134,0.006945912069291899,0.001986226984490603,0.46030873691649243,0.16639861636979325,0.0015038155252113938,0.6983096599578857
14,7,9,late,134,0.009709176966950835,0.0028561470174166023,0.4242154754665263,0.1529047419869237,0.0012621477944776416,0.6418172121047974
14,7,10,late,134,0.018405708789741553,0.008741743924951398,0.49382239833314306,0.17861514019634392,0.0014950366457924247,0.7308762669563293
14,7,11,late,134,0.01071880292570329,0.004196903046032674,0.5040109803780233,0.18303157934042805,0.0014513832284137607,0.733009934425354
14,7,12,late,134,0.04581307855542336,0.015273997771633603,0.43621513983599647,0.1606665735154594,0.001269052503630519,0.6517031788825989
14,7,13,late,134,0.1063583027005003,0.0246760327043705,0.4664022022095481,0.17414243886580297,0.0010202073026448488,0.7436562180519104
14,7,14,late,134,0.014787936716002599,0.003634643280731296,0.5531600609433893,0.2010596343078195,0.001372592174448073,0.7843801379203796
14,7,16,late,134,0.005922081052802715,0.0018656420835345955,0.5531600609433893,0.2010596343078195,0.001372592174448073,0.7843801379203796
14,8,1,late,134,0.27923796540572077,0.027925089036935635,0.2631133933110274,0.10123702354951948,0.0009769208263605833,0.4953007698059082
14,8,2,late,134,0.09379951400883298,0.029632462649664223,0.26700906734044816,0.10404003281896834,0.0010211884509772062,0.5168642401695251
14,8,3,late,134,0.2626374021445605,0.027666897028398727,0.21430554043687533,0.0841828859759355,0.0008273207931779325,0.3995935022830963
14,8,4,late,134,0.006486395323626132,0.0023850966386653283,0.2979183711629333,0.11436822523518476,0.00103497295640409,0.5466530323028564
14,8,5,late,134,0.05766303905007515,0.010768066451250606,0.2900143824039903,0.11138659990344531,0.0009635313181206584,0.521181046962738
14,8,6,late,134,0.07450171775835356,0.023830214378424364,0.2811176007650028,0.1070590372200349,0.001006135018542409,0.5053760409355164
14,8,7,late,134,0.007012966532414321,0.0034082344830382674,0.2781753384277099,0.10578961459069261,0.001029642065986991,0.5057675838470459
14,8,8,late,134,0.006945912069291899,0.001986226984490603,0.34027707598992246,0.12546194248767942,0.0012012338265776634,0.5825620293617249
14,8,9,late,134,0.009709176966950835,0.0028561470174166023,0.3022608512034292,0.11100778180104112,0.0010585663840174675,0.519477367401123
14,8,10,late,134,0.018405708789741553,0.008741743924951398,0.42666409091777235,0.15671253396757134,0.001378076383844018,0.6762409210205078
14,8,11,late,134,0.01071880292570329,0.004196903046032674,0.4580514403390212,0.16878911670826569,0.0013460898771882057,0.6971847414970398
14,8,12,late,134,0.04581307855542336,0.015273997771633603,0.3639084683486205,0.1364889641943034,0.0011769711272791028,0.5791107416152954
14,8,13,late,134,0.1063583027005003,0.0246760327043705,0.3313024222743072,0.12699002282607885,0.0009017899865284562,0.6102489829063416
14,8,14,late,134,0.014787936716002599,0.003634643280731296,0.4116492520117743,0.1525740244751916,0.001213322626426816,0.6522939205169678
14,8,16,late,134,0.005922081052802715,0.0018656420835345955,0.4116492520117743,0.1525740244751916,0.001213322626426816,0.6522939205169678
14,9,1,late,134,0.27923796540572077,0.027925089036935635,0.377672794213303,0.1382930996966742,0.0013909341068938375,0.5982263684272766
14,9,2,late,134,0.09379951400883298,0.029632462649664223,0.38101263016066167,0.14089257778221206,0.0014856396010145545,0.6212511658668518
14,9,3,late,134,0.2626374021445605,0.027666897028398727,0.3137673894456004,0.11717925288132994,0.0011534738587215543,0.5007685422897339
14,9,4,late,134,0.006486395323626132,0.0023850966386653283,0.4284054605436247,0.15670364287481264,0.0015590435359627008,0.6623055338859558
14,9,5,late,134,0.05766303905007515,0.010768066451250606,0.41006166173263325,0.1503427998593141,0.0014093884965404868,0.6280229687690735
14,9,6,late,134,0.07450171775835356,0.023830214378424364,0.4047047303026931,0.14735743225834755,0.0015062741003930569,0.6180910468101501
14,9,7,late,134,0.007012966532414321,0.0034082344830382674,0.3916628518734308,0.14326792914266134,0.0014324267394840717,0.6134214997291565
14,9,8,late,134,0.006945912069291899,0.001986226984490603,0.44086474313751667,0.16009454621537986,0.0015271032461896539,0.6707621812820435
14,9,9,late,134,0.009709176966950835,0.0028561470174166023,0.40035298926001694,0.1450128953255532,0.0013116559712216258,0.61213219165802
14,9,10,late,134,0.018405708789741553,0.008741743924951398,0.4658777293212253,0.16892411289678175,0.0014193333918228745,0.7046719789505005
14,9,11,late,134,0.01071880292570329,0.004196903046032674,0.4789923811340079,0.17419776530096395,0.0014302663039416075,0.7059221267700195
14,9,12,late,134,0.04581307855542336,0.015273997771633603,0.41374769753258706,0.15140110243681235,0.0014071393525227904,0.6082162857055664
14,9,13,late,134,0.1063583027005003,0.0246760327043705,0.37342618650638626,0.1385110064153124,0.0010491207940503955,0.6266189217567444
14,9,14,late,134,0.014787936716002599,0.003634643280731296,0.4595824649623498,0.16774954691132818,0.0014517647214233875,0.6662781238555908
14,9,16,late,134,0.005922081052802715,0.0018656420835345955,0.4595824649623498,0.16774954691132818,0.0014517647214233875,0.6662781238555908
14,10,1,late,134,0.27923796540572077,0.027925089036935635,0.31188147300298313,0.11593511341082607,0.0010931731667369604,0.530083179473877
14,10,2,late,134,0.09379951400883298,0.029632462649664223,0.3106560954049146,0.11707000177918209,0.001177531317807734,0.5394452810287476
14,10,3,late,134,0.2626374021445605,0.027666897028398727,0.23666016273365578,0.09057362345747813,0.0008730909903533757,0.3967701494693756
14,10,4,late,134,0.006486395323626132,0.0023850966386653283,0.3344662315420695,0.12478629406122992,0.0011736975284293294,0.5576773881912231
14,10,5,late,134,0.05766303905007515,0.010768066451250606,0.3097077305272305,0.11597225556865791,0.0010369936935603619,0.5106467604637146
14,10,6,late,134,0.07450171775835356,0.023830214378424364,0.28515984646241016,0.10583132954954226,0.0009364429279230535,0.47094446420669556
14,10,7,late,134,0.007012966532414321,0.0034082344830382674,0.2759314914174906,0.10361431155392754,0.0009378135437145829,0.4706204831600189
14,10,8,late,134,0.006945912069291899,0.001986226984490603,0.3232187225114999,0.11965347389637927,0.0010287752375006676,0.53562331199646
14,10,9,late,134,0.009709176966950835,0.0028561470174166023,0.2865501996581512,0.10604066319162464,0.0008833488100208342,0.4718758165836334
14,10,10,late,134,0.018405708789741553,0.008741743924951398,0.3935585847305162,0.14477068020062867,0.0011547364993020892,0.6155204176902771
14,10,11,late,134,0.01071880292570329,0.004196903046032674,0.40208365277772934,0.1487338769939433,0.0011738965986296535,0.6138067841529846
14,10,12,late,134,0.04581307855542336,0.015273997771633603,0.3396891010290971,0.12670776554372268,0.0010609151795506477,0.5229130983352661
14,10,13,late,134,0.1063583027005003,0.0246760327043705,0.30299565603317163,0.11462483575472276,0.0008645257912576199,0.5308533906936646
14,10,14,late,134,0.014787936716002599,0.003634643280731296,0.3849056096062926,0.1424273961245645,0.0012331141624599695,0.5737653374671936
14,10,16,late,134,0.005922081052802715,0.0018656420835345955,0.3849056096062926,0.1424273961245645,0.0012331141624599695,0.5737653374671936
14,11,1,late,134,0.27923796540572077,0.027925089036935635,0.3405554198665169,0.12795656093465224,0.0010562752140685916,0.5690156817436218
14,11,2,late,134,0.09379951400883298,0.029632462649664223,0.33738497245723187,0.12813586835870813,0.0011646843049675226,0.568801760673523
14,11,3,late,134,0.2626374021445605,0.027666897028398727,0.26903813398780246,0.10475017825235493,0.0009185887174680829,0.4352909326553345
14,11,4,late,134,0.006486395323626132,0.0023850966386653283,0.36324085893957364,0.13680033145059806,0.0011401914525777102,0.5853983163833618
14,11,5,late,134,0.05766303905007515,0.010768066451250606,0.3417922676699027,0.12947973597146692,0.0010264628799632192,0.5498772263526917
14,11,6,late,134,0.07450171775835356,0.023830214378424364,0.3189573971452122,0.11995805752522845,0.0009476827690377831,0.5092348456382751
14,11,7,late,134,0.007012966532414321,0.0034082344830382674,0.3078898266166337,0.11602970653408787,0.000952828791923821,0.5089706182479858
14,11,8,late,134,0.006945912069291899,0.001986226984490603,0.39213807243374244,0.1436815313457878,0.0012506518978625536,0.6140524744987488
14,11,9,late,134,0.009709176966950835,0.0028561470174166023,0.3437487639724833,0.1258819297944511,0.0010677298996597528,0.5426626205444336
14,11,10,late,134,0.018405708789741553,0.008741743924951398,0.40769018554962727,0.15312414179550538,0.001120379427447915,0.6378886103630066
14,11,11,late,134,0.01071880292570329,0.004196903046032674,0.40585334814212687,0.1523286507000538,0.0011371829314157367,0.6177765727043152
14,11,12,late,134,0.04581307855542336,0.015273997771633603,0.33211524703248,0.1237707187168446,0.0010142771061509848,0.5045113563537598
14,11,13,late,134,0.1063583027005003,0.0246760327043705,0.2957374714679821,0.11397549602365073,0.000749734346754849,0.5122812390327454
14,11,14,late,134,0.014787936716002599,0.003634643280731296,0.3778282019566856,0.14243416296344927,0.0010855337604880333,0.5591599941253662
14,11,16,late,134,0.005922081052802715,0.0018656420835345955,0.3778282019566856,0.14243416296344927,0.0010855337604880333,0.5591599941253662
14,12,1,late,134,0.27923796540572077,0.027925089036935635,0.33771028372618966,0.12804904811937823,0.0010468284599483013,0.5800928473472595
14,12,2,late,134,0.09379951400883298,0.029632462649664223,0.3358645947596211,0.1293973793473423,0.0011483561247587204,0.5864294171333313
14,12,3,late,134,0.2626374021445605,0.027666897028398727,0.26818531884511226,0.1055467748084675,0.0009057075949385762,0.4538787007331848
14,12,4,late,134,0.006486395323626132,0.0023850966386653283,0.36367580969470426,0.1385507094269091,0.0011404455872252584,0.6046915054321289
14,12,5,late,134,0.05766303905007515,0.010768066451250606,0.3422714038413199,0.1313230268154849,0.001023019547574222,0.5696080327033997
14,12,6,late,134,0.07450171775835356,0.023830214378424364,0.3171917526203437,0.12133803906113867,0.0009275599732063711,0.5292218923568726
14,12,7,late,134,0.007012966532414321,0.0034082344830382674,0.30022440687927016,0.11554538185373403,0.0009030264336615801,0.5223968029022217
14,12,8,late,134,0.006945912069291899,0.001986226984490603,0.39252214970279126,0.14608713329718773,0.0012362189590930939,0.6379199028015137
14,12,9,late,134,0.009709176966950835,0.0028561470174166023,0.34609897478063134,0.12864486512299314,0.0010268735932186246,0.5700581073760986
14,12,10,late,134,0.018405708789741553,0.008741743924951398,0.4396202357680495,0.16758283578458677,0.0011327480897307396,0.6990448236465454
14,12,11,late,134,0.01071880292570329,0.004196903046032674,0.4474784626300558,0.1696252559125729,0.0012165872612968087,0.6907845139503479
14,12,12,late,134,0.04581307855542336,0.015273997771633603,0.3571705628454046,0.13348299151413157,0.0010556202614679933,0.5404785871505737
14,12,13,late,134,0.1063583027005003,0.0246760327043705,0.32009609912933934,0.1255751843088617,0.0007859385223127902,0.567743718624115
14,12,14,late,134,0.014787936716002599,0.003634643280731296,0.3959235481756267,0.15047080640008798,0.0011246695648878813,0.6066601276397705
14,12,16,late,134,0.005922081052802715,0.0018656420835345955,0.3959235481756267,0.15047080640008798,0.0011246695648878813,0.6066601276397705
14,13,1,late,134,0.27923796540572077,0.027925089036935635,0.2154158573422178,0.09263488147959854,0.000878749240655452,0.40279072523117065
14,13,2,late,134,0.09379951400883298,0.029632462649664223,0.20881535300686122,0.09323728008771293,0.000956247909925878,0.39876967668533325
14,13,3,late,134,0.2626374021445605,0.027666897028398727,0.15669736097638023,0.0714838995361044,0.0007408653036691248,0.2776584327220917
14,13,4,late,134,0.006486395323626132,0.0023850966386653283,0.2355095393362337,0.10312245868188372,0.0009299105731770396,0.42902275919914246
14,13,5,late,134,0.05766303905007515,0.010768066451250606,0.2002999419550613,0.08649999065695649,0.0007959938375279307,0.36968594789505005
14,13,6,late,134,0.07450171775835356,0.023830214378424364,0.17650018458266797,0.0757475149424099,0.0007465883390977979,0.3287001848220825
14,13,7,late,134,0.007012966532414321,0.0034082344830382674,0.1718617431174811,0.07372519852283967,0.0007431413978338242,0.3305893540382385
14,13,8,late,134,0.006945912069291899,0.001986226984490603,0.3121694311136449,0.1272993582430306,0.0011408650316298008,0.5584575533866882
14,13,9,late,134,0.009709176966950835,0.0028561470174166023,0.27248416628876226,0.11051146063322051,0.0010506800608709455,0.5000571012496948
14,13,10,late,134,0.018405708789741553,0.008741743924951398,0.28102498054686836,0.12117499862987868,0.0009547535446472466,0.5318454504013062
14,13,11,late,134,0.01071880292570329,0.004196903046032674,0.2864111049618544,0.12151489782092469,0.0009850129717960954,0.5221371054649353
14,13,12,late,134,0.04581307855542336,0.015273997771633603,0.22170807687920144,0.09038789879104522,0.000968372100032866,0.37780144810676575
14,13,13,late,134,0.1063583027005003,0.0246760327043705,0.24528015784505727,0.10619827659058606,0.0008269905229099095,0.4403853416442871
14,13,14,late,134,0.014787936716002599,0.003634643280731296,0.2965398327318896,0.12118461000922508,0.0011311807902529836,0.45912376046180725
14,13,16,late,134,0.005922081052802715,0.0018656420835345955,0.2965398327318896,0.12118461000922508,0.0011311807902529836,0.45912376046180725
14,14,1,late,134,0.27923796540572077,0.027925089036935635,0.2111721877560346,0.09176311050015998,0.0007813418633304536,0.36733946204185486
14,14,2,late,134,0.09379951400883298,0.029632462649664223,0.22317706506678472,0.09863638326060611,0.0008631241507828236,0.3809577524662018
14,14,3,late,134,0.2626374021445605,0.027666897028398727,0.1848918542725472,0.0848699208733667,0.0007002915372140706,0.33538129925727844
14,14,4,late,134,0.006486395323626132,0.0023850966386653283,0.23065730295215262,0.10210790989997691,0.0008169392822310328,0.3945678174495697
14,14,5,late,134,0.05766303905007515,0.010768066451250606,0.1706192651711432,0.07668022723653774,0.0006809666519984603,0.33970877528190613
14,14,6,late,134,0.07450171775835356,0.023830214378424364,0.14144047969689857,0.06422927709877282,0.0005976368556730449,0.29482731223106384
14,14,7,late,134,0.007012966532414321,0.0034082344830382674,0.13758228854284926,0.06257663850849726,0.0005948772304691374,0.2966077923774719
14,14,8,late,134,0.006945912069291899,0.001986226984490603,0.2494261364501192,0.1062164801676642,0.00091249292017892,0.4983479976654053
14,14,9,late,134,0.009709176966950835,0.0028561470174166023,0.2074732420502974,0.08769473934001261,0.0008038101950660348,0.42772361636161804
14,14,10,late,134,0.018405708789741553,0.008741743924951398,0.18143928103251453,0.08468379126909105,0.0006700180820189416,0.4337616264820099
14,14,11,late,134,0.01071880292570329,0.004196903046032674,0.179678574260915,0.08124813332402188,0.0006739418604411185,0.4143296778202057
14,14,12,late,134,0.04581307855542336,0.015273997771633603,0.14393933921350416,0.061240734352402126,0.0006687119021080434,0.30706843733787537
14,14,13,late,134,0.1063583027005003,0.0246760327043705,0.1593161395871699,0.07273094947085303,0.0005340169882401824,0.36167478561401367
14,14,14,late,134,0.014787936716002599,0.003634643280731296,0.21398045867551188,0.08960007523083736,0.0007655665394850075,0.3880755305290222
14,14,16,late,134,0.005922081052802715,0.0018656420835345955,0.21398045867551188,0.08960007523083736,0.0007655665394850075,0.3880755305290222
14,16,1,late,134,0.27923796540572077,0.027925089036935635,0.2111721877560346,0.09176311050015998,0.0007813418633304536,0.36733946204185486
14,16,2,late,134,0.09379951400883298,0.029632462649664223,0.22317706506678472,0.09863638326060611,0.0008631241507828236,0.3809577524662018
14,16,3,late,134,0.2626374021445605,0.027666897028398727,0.1848918542725472,0.0848699208733667,0.0007002915372140706,0.33538129925727844
14,16,4,late,134,0.006486395323626132,0.0023850966386653283,0.23065730295215262,0.10210790989997691,0.0008169392822310328,0.3945678174495697
14,16,5,late,134,0.05766303905007515,0.010768066451250606,0.1706192651711432,0.07668022723653774,0.0006809666519984603,0.33970877528190613
14,16,6,late,134,0.07450171775835356,0.023830214378424364,0.14144047969689857,0.06422927709877282,0.0005976368556730449,0.29482731223106384
14,16,7,late,134,0.007012966532414321,0.0034082344830382674,0.13758228854284926,0.06257663850849726,0.0005948772304691374,0.2966077923774719
14,16,8,late,134,0.006945912069291899,0.001986226984490603,0.2494261364501192,0.1062164801676642,0.00091249292017892,0.4983479976654053
14,16,9,late,134,0.009709176966950835,0.0028561470174166023,0.2074732420502974,0.08769473934001261,0.0008038101950660348,0.42772361636161804
14,16,10,late,134,0.018405708789741553,0.008741743924951398,0.18143928103251453,0.08468379126909105,0.0006700180820189416,0.4337616264820099
14,16,11,late,134,0.01071880292570329,0.004196903046032674,0.179678574260915,0.08124813332402188,0.0006739418604411185,0.4143296778202057
14,16,12,late,134,0.04581307855542336,0.015273997771633603,0.14393933921350416,0.061240734352402126,0.0006687119021080434,0.30706843733787537
14,16,13,late,134,0.1063583027005003,0.0246760327043705,0.1593161395871699,0.07273094947085303,0.0005340169882401824,0.36167478561401367
14,16,14,late,134,0.014787936716002599,0.003634643280731296,0.21398045867551188,0.08960007523083736,0.0007655665394850075,0.3880755305290222
14,16,16,late,134,0.005922081052802715,0.0018656420835345955,0.21398045867551188,0.08960007523083736,0.0007655665394850075,0.3880755305290222
