A1_actionId,C_actionId,B1_actionId,phase,n_context,p_b_given_a_context_mean,p_b_given_a_context_std,p_win_given_abc_mean,p_win_given_abc_std,p_win_given_abc_min,p_win_given_abc_max
0,1,1,receive,1,0.20918110312193147,0.0,0.37158632278442383,0.0,0.37158632278442383,0.37158632278442383
0,1,2,receive,1,0.08152004123639481,0.0,0.4360384941101074,0.0,0.4360384941101074,0.4360384941101074
0,1,3,receive,1,0.04325863078371068,0.0,0.4602349102497101,0.0,0.4602349102497101,0.4602349102497101
0,1,4,receive,1,0.04362771191347933,0.0,0.504406750202179,0.0,0.504406750202179,0.504406750202179
0,1,5,receive,1,0.062409840517262116,0.0,0.4861685037612915,0.0,0.4861685037612915,0.4861685037612915
0,1,6,receive,1,0.0879174474857182,0.0,0.4380382299423218,0.0,0.4380382299423218,0.4380382299423218
0,1,7,receive,1,0.047359532225584644,0.0,0.45177510380744934,0.0,0.45177510380744934,0.45177510380744934
0,1,8,receive,1,0.035877008188337535,0.0,0.5597293376922607,0.0,0.5597293376922607,0.5597293376922607
0,1,9,receive,1,0.035671963116243835,0.0,0.398639440536499,0.0,0.398639440536499,0.398639440536499
0,1,10,receive,1,0.1082579186374131,0.0,0.5201520323753357,0.0,0.5201520323753357,0.5201520323753357
0,1,11,receive,1,0.08869209612270523,0.0,0.5526880025863647,0.0,0.5526880025863647,0.5526880025863647
0,1,12,receive,1,0.04912291984559045,0.0,0.5649593472480774,0.0,0.5649593472480774,0.5649593472480774
0,1,13,receive,1,0.07389236455450923,0.0,0.7061949372291565,0.0,0.7061949372291565,0.7061949372291565
0,1,14,receive,1,0.03321142225111945,0.0,0.725574254989624,0.0,0.725574254989624,0.725574254989624
0,2,1,receive,1,0.20918110312193147,0.0,0.2605637311935425,0.0,0.2605637311935425,0.2605637311935425
0,2,2,receive,1,0.08152004123639481,0.0,0.34302595257759094,0.0,0.34302595257759094,0.34302595257759094
0,2,3,receive,1,0.04325863078371068,0.0,0.359694242477417,0.0,0.359694242477417,0.359694242477417
0,2,4,receive,1,0.04362771191347933,0.0,0.4029639959335327,0.0,0.4029639959335327,0.4029639959335327
0,2,5,receive,1,0.062409840517262116,0.0,0.39607661962509155,0.0,0.39607661962509155,0.39607661962509155
0,2,6,receive,1,0.0879174474857182,0.0,0.35232341289520264,0.0,0.35232341289520264,0.35232341289520264
0,2,7,receive,1,0.047359532225584644,0.0,0.3669023811817169,0.0,0.3669023811817169,0.3669023811817169
0,2,8,receive,1,0.035877008188337535,0.0,0.4758913815021515,0.0,0.4758913815021515,0.4758913815021515
0,2,9,receive,1,0.035671963116243835,0.0,0.3042190670967102,0.0,0.3042190670967102,0.3042190670967102
0,2,10,receive,1,0.1082579186374131,0.0,0.441093385219574,0.0,0.441093385219574,0.441093385219574
0,2,11,receive,1,0.08869209612270523,0.0,0.4638254940509796,0.0,0.4638254940509796,0.4638254940509796
0,2,12,receive,1,0.04912291984559045,0.0,0.4762243330478668,0.0,0.4762243330478668,0.4762243330478668
0,2,13,receive,1,0.07389236455450923,0.0,0.6354196667671204,0.0,0.6354196667671204,0.6354196667671204
0,2,14,receive,1,0.03321142225111945,0.0,0.6513622999191284,0.0,0.6513622999191284,0.6513622999191284
0,3,1,receive,1,0.20918110312193147,0.0,0.3091975450515747,0.0,0.3091975450515747,0.3091975450515747
0,3,2,receive,1,0.08152004123639481,0.0,0.38149669766426086,0.0,0.38149669766426086,0.38149669766426086
0,3,3,receive,1,0.04325863078371068,0.0,0.40079012513160706,0.0,0.40079012513160706,0.40079012513160706
0,3,4,receive,1,0.04362771191347933,0.0,0.4455728828907013,0.0,0.4455728828907013,0.4455728828907013
0,3,5,receive,1,0.062409840517262116,0.0,0.44177085161209106,0.0,0.44177085161209106,0.44177085161209106
0,3,6,receive,1,0.0879174474857182,0.0,0.4045830965042114,0.0,0.4045830965042114,0.4045830965042114
0,3,7,receive,1,0.047359532225584644,0.0,0.41992247104644775,0.0,0.41992247104644775,0.41992247104644775
0,3,8,receive,1,0.035877008188337535,0.0,0.534729540348053,0.0,0.534729540348053,0.534729540348053
0,3,9,receive,1,0.035671963116243835,0.0,0.34783467650413513,0.0,0.34783467650413513,0.34783467650413513
0,3,10,receive,1,0.1082579186374131,0.0,0.48685306310653687,0.0,0.48685306310653687,0.48685306310653687
0,3,11,receive,1,0.08869209612270523,0.0,0.5085974335670471,0.0,0.5085974335670471,0.5085974335670471
0,3,12,receive,1,0.04912291984559045,0.0,0.5193155407905579,0.0,0.5193155407905579,0.5193155407905579
0,3,13,receive,1,0.07389236455450923,0.0,0.6662737727165222,0.0,0.6662737727165222,0.6662737727165222
0,3,14,receive,1,0.03321142225111945,0.0,0.6674141883850098,0.0,0.6674141883850098,0.6674141883850098
0,4,1,receive,1,0.20918110312193147,0.0,0.30235305428504944,0.0,0.30235305428504944,0.30235305428504944
0,4,2,receive,1,0.08152004123639481,0.0,0.37285315990448,0.0,0.37285315990448,0.37285315990448
0,4,3,receive,1,0.04325863078371068,0.0,0.39506715536117554,0.0,0.39506715536117554,0.39506715536117554
0,4,4,receive,1,0.04362771191347933,0.0,0.4383513927459717,0.0,0.4383513927459717,0.4383513927459717
0,4,5,receive,1,0.062409840517262116,0.0,0.4561541974544525,0.0,0.4561541974544525,0.4561541974544525
0,4,6,receive,1,0.0879174474857182,0.0,0.4209061861038208,0.0,0.4209061861038208,0.4209061861038208
0,4,7,receive,1,0.047359532225584644,0.0,0.4364246129989624,0.0,0.4364246129989624,0.4364246129989624
0,4,8,receive,1,0.035877008188337535,0.0,0.5503303408622742,0.0,0.5503303408622742,0.5503303408622742
0,4,9,receive,1,0.035671963116243835,0.0,0.36222800612449646,0.0,0.36222800612449646,0.36222800612449646
0,4,10,receive,1,0.1082579186374131,0.0,0.502565860748291,0.0,0.502565860748291,0.502565860748291
0,4,11,receive,1,0.08869209612270523,0.0,0.48038700222969055,0.0,0.48038700222969055,0.48038700222969055
0,4,12,receive,1,0.04912291984559045,0.0,0.49562132358551025,0.0,0.49562132358551025,0.49562132358551025
0,4,13,receive,1,0.07389236455450923,0.0,0.6374855041503906,0.0,0.6374855041503906,0.6374855041503906
0,4,14,receive,1,0.03321142225111945,0.0,0.6421399712562561,0.0,0.6421399712562561,0.6421399712562561
0,5,1,receive,1,0.20918110312193147,0.0,0.28867578506469727,0.0,0.28867578506469727,0.28867578506469727
0,5,2,receive,1,0.08152004123639481,0.0,0.3568461537361145,0.0,0.3568461537361145,0.3568461537361145
0,5,3,receive,1,0.04325863078371068,0.0,0.3844573199748993,0.0,0.3844573199748993,0.3844573199748993
0,5,4,receive,1,0.04362771191347933,0.0,0.4238964915275574,0.0,0.4238964915275574,0.4238964915275574
0,5,5,receive,1,0.062409840517262116,0.0,0.4498959183692932,0.0,0.4498959183692932,0.4498959183692932
0,5,6,receive,1,0.0879174474857182,0.0,0.41476261615753174,0.0,0.41476261615753174,0.41476261615753174
0,5,7,receive,1,0.047359532225584644,0.0,0.43022283911705017,0.0,0.43022283911705017,0.43022283911705017
0,5,8,receive,1,0.035877008188337535,0.0,0.5440725088119507,0.0,0.5440725088119507,0.5440725088119507
0,5,9,receive,1,0.035671963116243835,0.0,0.3564138412475586,0.0,0.3564138412475586,0.3564138412475586
0,5,10,receive,1,0.1082579186374131,0.0,0.48681673407554626,0.0,0.48681673407554626,0.48681673407554626
0,5,11,receive,1,0.08869209612270523,0.0,0.48201125860214233,0.0,0.48201125860214233,0.48201125860214233
0,5,12,receive,1,0.04912291984559045,0.0,0.4972477853298187,0.0,0.4972477853298187,0.4972477853298187
0,5,13,receive,1,0.07389236455450923,0.0,0.6372266411781311,0.0,0.6372266411781311,0.6372266411781311
0,5,14,receive,1,0.03321142225111945,0.0,0.641882598400116,0.0,0.641882598400116,0.641882598400116
0,6,1,receive,1,0.20918110312193147,0.0,0.2570418119430542,0.0,0.2570418119430542,0.2570418119430542
0,6,2,receive,1,0.08152004123639481,0.0,0.34088119864463806,0.0,0.34088119864463806,0.34088119864463806
0,6,3,receive,1,0.04325863078371068,0.0,0.3679638206958771,0.0,0.3679638206958771,0.3679638206958771
0,6,4,receive,1,0.04362771191347933,0.0,0.4068293571472168,0.0,0.4068293571472168,0.4068293571472168
0,6,5,receive,1,0.062409840517262116,0.0,0.4317302107810974,0.0,0.4317302107810974,0.4317302107810974
0,6,6,receive,1,0.0879174474857182,0.0,0.3969917893409729,0.0,0.3969917893409729,0.3969917893409729
0,6,7,receive,1,0.047359532225584644,0.0,0.416142076253891,0.0,0.416142076253891,0.416142076253891
0,6,8,receive,1,0.035877008188337535,0.0,0.5520544052124023,0.0,0.5520544052124023,0.5520544052124023
0,6,9,receive,1,0.035671963116243835,0.0,0.33973291516304016,0.0,0.33973291516304016,0.33973291516304016
0,6,10,receive,1,0.1082579186374131,0.0,0.468303382396698,0.0,0.468303382396698,0.468303382396698
0,6,11,receive,1,0.08869209612270523,0.0,0.4651888906955719,0.0,0.4651888906955719,0.4651888906955719
0,6,12,receive,1,0.04912291984559045,0.0,0.46926748752593994,0.0,0.46926748752593994,0.46926748752593994
0,6,13,receive,1,0.07389236455450923,0.0,0.5873249173164368,0.0,0.5873249173164368,0.5873249173164368
0,6,14,receive,1,0.03321142225111945,0.0,0.5922113656997681,0.0,0.5922113656997681,0.5922113656997681
0,7,1,receive,1,0.20918110312193147,0.0,0.2479335367679596,0.0,0.2479335367679596,0.2479335367679596
0,7,2,receive,1,0.08152004123639481,0.0,0.31481924653053284,0.0,0.31481924653053284,0.31481924653053284
0,7,3,receive,1,0.04325863078371068,0.0,0.3237753212451935,0.0,0.3237753212451935,0.3237753212451935
0,7,4,receive,1,0.04362771191347933,0.0,0.3695092499256134,0.0,0.3695092499256134,0.3695092499256134
0,7,5,receive,1,0.062409840517262116,0.0,0.3771772086620331,0.0,0.3771772086620331,0.3771772086620331
0,7,6,receive,1,0.0879174474857182,0.0,0.33746880292892456,0.0,0.33746880292892456,0.33746880292892456
0,7,7,receive,1,0.047359532225584644,0.0,0.35544028878211975,0.0,0.35544028878211975,0.35544028878211975
0,7,8,receive,1,0.035877008188337535,0.0,0.48581239581108093,0.0,0.48581239581108093,0.48581239581108093
0,7,9,receive,1,0.035671963116243835,0.0,0.28335005044937134,0.0,0.28335005044937134,0.28335005044937134
0,7,10,receive,1,0.1082579186374131,0.0,0.4079515337944031,0.0,0.4079515337944031,0.4079515337944031
0,7,11,receive,1,0.08869209612270523,0.0,0.40493276715278625,0.0,0.40493276715278625,0.40493276715278625
0,7,12,receive,1,0.04912291984559045,0.0,0.40888699889183044,0.0,0.40888699889183044,0.40888699889183044
0,7,13,receive,1,0.07389236455450923,0.0,0.5244487524032593,0.0,0.5244487524032593,0.5244487524032593
0,7,14,receive,1,0.03321142225111945,0.0,0.49854856729507446,0.0,0.49854856729507446,0.49854856729507446
0,8,1,receive,1,0.20918110312193147,0.0,0.21439744532108307,0.0,0.21439744532108307,0.21439744532108307
0,8,2,receive,1,0.08152004123639481,0.0,0.2652147114276886,0.0,0.2652147114276886,0.2652147114276886
0,8,3,receive,1,0.04325863078371068,0.0,0.2774945795536041,0.0,0.2774945795536041,0.2774945795536041
0,8,4,receive,1,0.04362771191347933,0.0,0.31895408034324646,0.0,0.31895408034324646,0.31895408034324646
0,8,5,receive,1,0.062409840517262116,0.0,0.32149139046669006,0.0,0.32149139046669006,0.32149139046669006
0,8,6,receive,1,0.0879174474857182,0.0,0.2794802188873291,0.0,0.2794802188873291,0.2794802188873291
0,8,7,receive,1,0.047359532225584644,0.0,0.295742005109787,0.0,0.295742005109787,0.295742005109787
0,8,8,receive,1,0.035877008188337535,0.0,0.41650262475013733,0.0,0.41650262475013733,0.41650262475013733
0,8,9,receive,1,0.035671963116243835,0.0,0.2301194816827774,0.0,0.2301194816827774,0.2301194816827774
0,8,10,receive,1,0.1082579186374131,0.0,0.40655285120010376,0.0,0.40655285120010376,0.40655285120010376
0,8,11,receive,1,0.08869209612270523,0.0,0.42854806780815125,0.0,0.42854806780815125,0.42854806780815125
0,8,12,receive,1,0.04912291984559045,0.0,0.4020066261291504,0.0,0.4020066261291504,0.4020066261291504
0,8,13,receive,1,0.07389236455450923,0.0,0.484414666891098,0.0,0.484414666891098,0.484414666891098
0,8,14,receive,1,0.03321142225111945,0.0,0.44843170046806335,0.0,0.44843170046806335,0.44843170046806335
0,9,1,receive,1,0.20918110312193147,0.0,0.21872574090957642,0.0,0.21872574090957642,0.21872574090957642
0,9,2,receive,1,0.08152004123639481,0.0,0.26870131492614746,0.0,0.26870131492614746,0.26870131492614746
0,9,3,receive,1,0.04325863078371068,0.0,0.2763175964355469,0.0,0.2763175964355469,0.2763175964355469
0,9,4,receive,1,0.04362771191347933,0.0,0.3193884789943695,0.0,0.3193884789943695,0.3193884789943695
0,9,5,receive,1,0.062409840517262116,0.0,0.32192760705947876,0.0,0.32192760705947876,0.32192760705947876
0,9,6,receive,1,0.0879174474857182,0.0,0.2917434275150299,0.0,0.2917434275150299,0.2917434275150299
0,9,7,receive,1,0.047359532225584644,0.0,0.3043568730354309,0.0,0.3043568730354309,0.3043568730354309
0,9,8,receive,1,0.035877008188337535,0.0,0.42650488018989563,0.0,0.42650488018989563,0.42650488018989563
0,9,9,receive,1,0.035671963116243835,0.0,0.23746752738952637,0.0,0.23746752738952637,0.23746752738952637
0,9,10,receive,1,0.1082579186374131,0.0,0.3681259751319885,0.0,0.3681259751319885,0.3681259751319885
0,9,11,receive,1,0.08869209612270523,0.0,0.3813527822494507,0.0,0.3813527822494507,0.3813527822494507
0,9,12,receive,1,0.04912291984559045,0.0,0.37648510932922363,0.0,0.37648510932922363,0.37648510932922363
0,9,13,receive,1,0.07389236455450923,0.0,0.4616621434688568,0.0,0.4616621434688568,0.4616621434688568
0,9,14,receive,1,0.03321142225111945,0.0,0.4252123236656189,0.0,0.4252123236656189,0.4252123236656189
0,10,1,receive,1,0.20918110312193147,0.0,0.21310661733150482,0.0,0.21310661733150482,0.21310661733150482
0,10,2,receive,1,0.08152004123639481,0.0,0.2587486505508423,0.0,0.2587486505508423,0.2587486505508423
0,10,3,receive,1,0.04325863078371068,0.0,0.256596177816391,0.0,0.256596177816391,0.256596177816391
0,10,4,receive,1,0.04362771191347933,0.0,0.2960963547229767,0.0,0.2960963547229767,0.2960963547229767
0,10,5,receive,1,0.062409840517262116,0.0,0.29281455278396606,0.0,0.29281455278396606,0.29281455278396606
0,10,6,receive,1,0.0879174474857182,0.0,0.2526518404483795,0.0,0.2526518404483795,0.2526518404483795
0,10,7,receive,1,0.047359532225584644,0.0,0.2669162452220917,0.0,0.2669162452220917,0.2669162452220917
0,10,8,receive,1,0.035877008188337535,0.0,0.3803512454032898,0.0,0.3803512454032898,0.3803512454032898
0,10,9,receive,1,0.035671963116243835,0.0,0.20447655022144318,0.0,0.20447655022144318,0.20447655022144318
0,10,10,receive,1,0.1082579186374131,0.0,0.3637470304965973,0.0,0.3637470304965973,0.3637470304965973
0,10,11,receive,1,0.08869209612270523,0.0,0.3763073682785034,0.0,0.3763073682785034,0.3763073682785034
0,10,12,receive,1,0.04912291984559045,0.0,0.3729514181613922,0.0,0.3729514181613922,0.3729514181613922
0,10,13,receive,1,0.07389236455450923,0.0,0.4761175215244293,0.0,0.4761175215244293,0.4761175215244293
0,10,14,receive,1,0.03321142225111945,0.0,0.43945807218551636,0.0,0.43945807218551636,0.43945807218551636
0,11,1,receive,1,0.20918110312193147,0.0,0.2689052224159241,0.0,0.2689052224159241,0.2689052224159241
0,11,2,receive,1,0.08152004123639481,0.0,0.32354864478111267,0.0,0.32354864478111267,0.32354864478111267
0,11,3,receive,1,0.04325863078371068,0.0,0.33629968762397766,0.0,0.33629968762397766,0.33629968762397766
0,11,4,receive,1,0.04362771191347933,0.0,0.3783760666847229,0.0,0.3783760666847229,0.3783760666847229
0,11,5,receive,1,0.062409840517262116,0.0,0.37433770298957825,0.0,0.37433770298957825,0.37433770298957825
0,11,6,receive,1,0.0879174474857182,0.0,0.3333355486392975,0.0,0.3333355486392975,0.3333355486392975
0,11,7,receive,1,0.047359532225584644,0.0,0.362734317779541,0.0,0.362734317779541,0.362734317779541
0,11,8,receive,1,0.035877008188337535,0.0,0.512626588344574,0.0,0.512626588344574,0.512626588344574
0,11,9,receive,1,0.035671963116243835,0.0,0.3127373456954956,0.0,0.3127373456954956,0.3127373456954956
0,11,10,receive,1,0.1082579186374131,0.0,0.4424910545349121,0.0,0.4424910545349121,0.4424910545349121
0,11,11,receive,1,0.08869209612270523,0.0,0.4379463195800781,0.0,0.4379463195800781,0.4379463195800781
0,11,12,receive,1,0.04912291984559045,0.0,0.43866249918937683,0.0,0.43866249918937683,0.43866249918937683
0,11,13,receive,1,0.07389236455450923,0.0,0.5312100648880005,0.0,0.5312100648880005,0.5312100648880005
0,11,14,receive,1,0.03321142225111945,0.0,0.49431124329566956,0.0,0.49431124329566956,0.49431124329566956
0,12,1,receive,1,0.20918110312193147,0.0,0.27415525913238525,0.0,0.27415525913238525,0.27415525913238525
0,12,2,receive,1,0.08152004123639481,0.0,0.3304433524608612,0.0,0.3304433524608612,0.3304433524608612
0,12,3,receive,1,0.04325863078371068,0.0,0.34332820773124695,0.0,0.34332820773124695,0.34332820773124695
0,12,4,receive,1,0.04362771191347933,0.0,0.38577279448509216,0.0,0.38577279448509216,0.38577279448509216
0,12,5,receive,1,0.062409840517262116,0.0,0.3852606415748596,0.0,0.3852606415748596,0.3852606415748596
0,12,6,receive,1,0.0879174474857182,0.0,0.344769686460495,0.0,0.344769686460495,0.344769686460495
0,12,7,receive,1,0.047359532225584644,0.0,0.3818139433860779,0.0,0.3818139433860779,0.3818139433860779
0,12,8,receive,1,0.035877008188337535,0.0,0.534513533115387,0.0,0.534513533115387,0.534513533115387
0,12,9,receive,1,0.035671963116243835,0.0,0.3339122533798218,0.0,0.3339122533798218,0.3339122533798218
0,12,10,receive,1,0.1082579186374131,0.0,0.5064402222633362,0.0,0.5064402222633362,0.5064402222633362
0,12,11,receive,1,0.08869209612270523,0.0,0.5210885405540466,0.0,0.5210885405540466,0.5210885405540466
0,12,12,receive,1,0.04912291984559045,0.0,0.506537139415741,0.0,0.506537139415741,0.506537139415741
0,12,13,receive,1,0.07389236455450923,0.0,0.5868528485298157,0.0,0.5868528485298157,0.5868528485298157
0,12,14,receive,1,0.03321142225111945,0.0,0.5421945452690125,0.0,0.5421945452690125,0.5421945452690125
0,13,1,receive,1,0.20918110312193147,0.0,0.20672500133514404,0.0,0.20672500133514404,0.20672500133514404
0,13,2,receive,1,0.08152004123639481,0.0,0.24960586428642273,0.0,0.24960586428642273,0.24960586428642273
0,13,3,receive,1,0.04325863078371068,0.0,0.2564094662666321,0.0,0.2564094662666321,0.2564094662666321
0,13,4,receive,1,0.04362771191347933,0.0,0.2853623330593109,0.0,0.2853623330593109,0.2853623330593109
0,13,5,receive,1,0.062409840517262116,0.0,0.2639404833316803,0.0,0.2639404833316803,0.2639404833316803
0,13,6,receive,1,0.0879174474857182,0.0,0.23140063881874084,0.0,0.23140063881874084,0.23140063881874084
0,13,7,receive,1,0.047359532225584644,0.0,0.2769971489906311,0.0,0.2769971489906311,0.2769971489906311
0,13,8,receive,1,0.035877008188337535,0.0,0.5240107774734497,0.0,0.5240107774734497,0.5240107774734497
0,13,9,receive,1,0.035671963116243835,0.0,0.3355660140514374,0.0,0.3355660140514374,0.3355660140514374
0,13,10,receive,1,0.1082579186374131,0.0,0.3782706558704376,0.0,0.3782706558704376,0.3782706558704376
0,13,11,receive,1,0.08869209612270523,0.0,0.39215728640556335,0.0,0.39215728640556335,0.39215728640556335
0,13,12,receive,1,0.04912291984559045,0.0,0.3873528838157654,0.0,0.3873528838157654,0.3873528838157654
0,13,13,receive,1,0.07389236455450923,0.0,0.481091171503067,0.0,0.481091171503067,0.481091171503067
0,13,14,receive,1,0.03321142225111945,0.0,0.43436121940612793,0.0,0.43436121940612793,0.43436121940612793
0,14,1,receive,1,0.20918110312193147,0.0,0.20713457465171814,0.0,0.20713457465171814,0.20713457465171814
0,14,2,receive,1,0.08152004123639481,0.0,0.26609674096107483,0.0,0.26609674096107483,0.26609674096107483
0,14,3,receive,1,0.04325863078371068,0.0,0.26775676012039185,0.0,0.26775676012039185,0.26775676012039185
0,14,4,receive,1,0.04362771191347933,0.0,0.2443033754825592,0.0,0.2443033754825592,0.2443033754825592
0,14,5,receive,1,0.062409840517262116,0.0,0.18589957058429718,0.0,0.18589957058429718,0.18589957058429718
0,14,6,receive,1,0.0879174474857182,0.0,0.1515115350484848,0.0,0.1515115350484848,0.1515115350484848
0,14,7,receive,1,0.047359532225584644,0.0,0.18370430171489716,0.0,0.18370430171489716,0.18370430171489716
0,14,8,receive,1,0.035877008188337535,0.0,0.3811347484588623,0.0,0.3811347484588623,0.3811347484588623
0,14,9,receive,1,0.035671963116243835,0.0,0.2174389362335205,0.0,0.2174389362335205,0.2174389362335205
0,14,10,receive,1,0.1082579186374131,0.0,0.20500890910625458,0.0,0.20500890910625458,0.20500890910625458
0,14,11,receive,1,0.08869209612270523,0.0,0.20970825850963593,0.0,0.20970825850963593,0.20970825850963593
0,14,12,receive,1,0.04912291984559045,0.0,0.20560571551322937,0.0,0.20560571551322937,0.20560571551322937
0,14,13,receive,1,0.07389236455450923,0.0,0.2467004656791687,0.0,0.2467004656791687,0.2467004656791687
0,14,14,receive,1,0.03321142225111945,0.0,0.23178371787071228,0.0,0.23178371787071228,0.23178371787071228
1,1,1,receive,1360,0.09539378994832859,0.01105677684439783,0.5236654802020091,0.09533339772889932,0.001227423781529069,0.6650965809822083
1,1,2,receive,1360,0.22829211261502735,0.03711081864164137,0.5110460821397068,0.09572944160470868,0.001234356313943863,0.6963878273963928
1,1,3,receive,1360,0.011677673196936772,0.0034636355604739373,0.4670151304945809,0.08376840000007947,0.0012071519158780575,0.6702536940574646
1,1,4,receive,1360,0.00348063634579353,0.0017477151848408242,0.5390738831530839,0.09988040676640736,0.0013969442807137966,0.7298596501350403
1,1,5,receive,1360,0.11336623703175139,0.011552917590101684,0.5306581991325776,0.1019365126244517,0.0012971361866220832,0.7287281155586243
1,1,6,receive,1360,0.2204873409723009,0.03999684561335457,0.5008507327428293,0.10097286433363283,0.0010942077497020364,0.7054743766784668
1,1,7,receive,1360,0.00436601866659481,0.0017323297178725985,0.5120419608788592,0.10088364043662044,0.0012919779401272535,0.7155934572219849
1,1,8,receive,1360,0.003827069085121688,0.001737722318952555,0.5983737017793294,0.11215312060508616,0.0016494288574904203,0.7812262773513794
1,1,9,receive,1360,0.007172421965037818,0.002675588426156827,0.48462829091355053,0.09590864539673728,0.0010830283863469958,0.6902658939361572
1,1,10,receive,1360,0.01606713503974646,0.0025272002657427905,0.5431832349383244,0.10286379048096088,0.0013378768926486373,0.739294171333313
1,1,11,receive,1360,0.007067285296725331,0.0019630133875265642,0.5223342835029197,0.10055152219111718,0.001282047713175416,0.7217446565628052
1,1,12,receive,1360,0.0600724072467746,0.010937520397834157,0.5119180573966279,0.10004749187479672,0.0012229494750499725,0.7266234755516052
1,1,13,receive,1360,0.22546113937115533,0.01717589629492044,0.5629734807280543,0.10669143068299045,0.0014098241226747632,0.7487863302230835
1,1,14,receive,1360,0.003268733218705504,0.0020496911271727907,0.5851846586854663,0.1166606592099308,0.0013969775754958391,0.7803301811218262
1,2,1,receive,1360,0.09539378994832859,0.01105677684439783,0.43237512273772155,0.07693647778704606,0.001166608533822,0.6079944372177124
1,2,2,receive,1360,0.22829211261502735,0.03711081864164137,0.4518854270720861,0.08291598170187595,0.0012299423106014729,0.6240620613098145
1,2,3,receive,1360,0.011677673196936772,0.0034636355604739373,0.4083413726874449,0.0738828940664828,0.001122170127928257,0.5990657210350037
1,2,4,receive,1360,0.00348063634579353,0.0017477151848408242,0.4717306930711322,0.08733557825530797,0.001254613627679646,0.657129168510437
1,2,5,receive,1360,0.11336623703175139,0.011552917590101684,0.4828570728808272,0.09214481497622813,0.001226515625603497,0.6779974102973938
1,2,6,receive,1360,0.2204873409723009,0.03999684561335457,0.4549492035825525,0.09224895911807192,0.0010280306451022625,0.655519962310791
1,2,7,receive,1360,0.00436601866659481,0.0017323297178725985,0.4684070011937258,0.0919721606558375,0.0011633819667622447,0.6680348515510559
1,2,8,receive,1360,0.003827069085121688,0.001737722318952555,0.5654158064861857,0.10537486566405474,0.0015441402792930603,0.7449893951416016
1,2,9,receive,1360,0.007172421965037818,0.002675588426156827,0.4201274652407258,0.08455662745127678,0.0008354416349902749,0.618425726890564
1,2,10,receive,1360,0.01606713503974646,0.0025272002657427905,0.5169578310101368,0.0957344212780816,0.001317042508162558,0.7042570114135742
1,2,11,receive,1360,0.007067285296725331,0.0019630133875265642,0.49398761037009536,0.09284170176999251,0.0012689027935266495,0.6834851503372192
1,2,12,receive,1360,0.0600724072467746,0.010937520397834157,0.48352366930390844,0.09223257035734589,0.0012723312247544527,0.6887454986572266
1,2,13,receive,1360,0.22546113937115533,0.01717589629492044,0.5574459944100989,0.10178824842146454,0.0016045788070186973,0.7276872992515564
1,2,14,receive,1360,0.003268733218705504,0.0020496911271727907,0.6165446113176157,0.11396952612777578,0.0016260024858638644,0.7986347079277039
1,3,1,receive,1360,0.09539378994832859,0.01105677684439783,0.44267662408802766,0.0770398750858807,0.0013050639536231756,0.6129696369171143
1,3,2,receive,1360,0.22829211261502735,0.03711081864164137,0.4441892480086501,0.07876249535327455,0.0013182566035538912,0.602344810962677
1,3,3,receive,1360,0.011677673196936772,0.0034636355604739373,0.40750985053378186,0.07832951796908194,0.001096310093998909,0.5590631365776062
1,3,4,receive,1360,0.00348063634579353,0.0017477151848408242,0.4714632220207611,0.08469591826627391,0.0013553203316405416,0.62000572681427
1,3,5,receive,1360,0.11336623703175139,0.011552917590101684,0.48309152520789,0.08772242643567711,0.0013177087530493736,0.6395397782325745
1,3,6,receive,1360,0.2204873409723009,0.03999684561335457,0.4579241154322517,0.08725046661282457,0.001119626802392304,0.626546323299408
1,3,7,receive,1360,0.00436601866659481,0.0017323297178725985,0.46901220160661444,0.08713109135893718,0.0013430798426270485,0.625440239906311
1,3,8,receive,1360,0.003827069085121688,0.001737722318952555,0.5726024458641084,0.10426188260128903,0.0017772829160094261,0.7153815627098083
1,3,9,receive,1360,0.007172421965037818,0.002675588426156827,0.41820327857387707,0.0774506706089595,0.000949925510212779,0.5677173733711243
1,3,10,receive,1360,0.01606713503974646,0.0025272002657427905,0.517019992972029,0.0933379430175498,0.001443619723431766,0.6626805663108826
1,3,11,receive,1360,0.007067285296725331,0.0019630133875265642,0.5099314407412963,0.09487388526258024,0.0013857425656169653,0.6633140444755554
1,3,12,receive,1360,0.0600724072467746,0.010937520397834157,0.4820877277670661,0.0918561858971284,0.001238793134689331,0.6496455669403076
1,3,13,receive,1360,0.22546113937115533,0.01717589629492044,0.5475478297388797,0.10205067740851803,0.0015274028992280364,0.705085813999176
1,3,14,receive,1360,0.003268733218705504,0.0020496911271727907,0.5987277272168499,0.1144190663362673,0.0014513686764985323,0.769729733467102
1,4,1,receive,1360,0.09539378994832859,0.01105677684439783,0.42999602465724285,0.07505663445611167,0.0012116209836676717,0.6013222336769104
1,4,2,receive,1360,0.22829211261502735,0.03711081864164137,0.43204900441136596,0.07679719054342818,0.0011185776675119996,0.5853335857391357
1,4,3,receive,1360,0.011677673196936772,0.0034636355604739373,0.4052983048349715,0.07345972767469654,0.0010384756606072187,0.5419026017189026
1,4,4,receive,1360,0.00348063634579353,0.0017477151848408242,0.46466066122263916,0.08315681908628701,0.0011667151702567935,0.6066834330558777
1,4,5,receive,1360,0.11336623703175139,0.011552917590101684,0.47957117267334765,0.0875985281648606,0.0011592644732445478,0.6294793486595154
1,4,6,receive,1360,0.2204873409723009,0.03999684561335457,0.4564532602615038,0.08745118884257819,0.000990835833363235,0.6037943959236145
1,4,7,receive,1360,0.00436601866659481,0.0017323297178725985,0.46751788065440075,0.0858125194850463,0.0012988322414457798,0.5982480049133301
1,4,8,receive,1360,0.003827069085121688,0.001737722318952555,0.5702516413247555,0.1024596287682663,0.001623714342713356,0.7053284645080566
1,4,9,receive,1360,0.007172421965037818,0.002675588426156827,0.4156112075506826,0.07619113734128259,0.0009600820485502481,0.5353348851203918
1,4,10,receive,1360,0.01606713503974646,0.0025272002657427905,0.5144594579547308,0.09158903729990439,0.0012718241196125746,0.6356933116912842
1,4,11,receive,1360,0.007067285296725331,0.0019630133875265642,0.49736516052447877,0.08939347372405888,0.001185269677080214,0.6185569167137146
1,4,12,receive,1360,0.0600724072467746,0.010937520397834157,0.46359766975656386,0.08390111554018502,0.001112801837734878,0.5931634902954102
1,4,13,receive,1360,0.22546113937115533,0.01717589629492044,0.5293669742352316,0.09418556901150878,0.0013940278440713882,0.6815442442893982
1,4,14,receive,1360,0.003268733218705504,0.0020496911271727907,0.5840813173946705,0.10469435222127733,0.001539861666969955,0.7093414068222046
1,5,1,receive,1360,0.09539378994832859,0.01105677684439783,0.4100977240586551,0.0724797587596567,0.0011925101280212402,0.5760887265205383
1,5,2,receive,1360,0.22829211261502735,0.03711081864164137,0.4113074003613506,0.07327890170381857,0.0011009323643520474,0.5589964985847473
1,5,3,receive,1360,0.011677673196936772,0.0034636355604739373,0.39283616382462616,0.07116776188046499,0.0010473885340616107,0.5225853323936462
1,5,4,receive,1360,0.00348063634579353,0.0017477151848408242,0.43940816380439657,0.0782740754260034,0.00111769896466285,0.5754850506782532
1,5,5,receive,1360,0.11336623703175139,0.011552917590101684,0.4658698825929177,0.08437738154598591,0.0011569946072995663,0.6103648543357849
1,5,6,receive,1360,0.2204873409723009,0.03999684561335457,0.4428438137121916,0.084220966194314,0.0009888955391943455,0.5842300653457642
1,5,7,receive,1360,0.00436601866659481,0.0017323297178725985,0.4538169123300844,0.08191742626176493,0.0012962896144017577,0.5786008834838867
1,5,8,receive,1360,0.003827069085121688,0.001737722318952555,0.5559539475895957,0.09875563463388301,0.0016288466285914183,0.6772610545158386
1,5,9,receive,1360,0.007172421965037818,0.002675588426156827,0.4022815549604061,0.07313184105574369,0.000982586294412613,0.5176035165786743
1,5,10,receive,1360,0.01606713503974646,0.0025272002657427905,0.49034521590673485,0.08644731316593941,0.001281145610846579,0.607067346572876
1,5,11,receive,1360,0.007067285296725331,0.0019630133875265642,0.46846749406617805,0.0832259817254375,0.0011844785185530782,0.599276602268219
1,5,12,receive,1360,0.0600724072467746,0.010937520397834157,0.434820396240941,0.07757192866050899,0.0011120589915663004,0.5734847187995911
1,5,13,receive,1360,0.22546113937115533,0.01717589629492044,0.49870331328206435,0.08811524424219067,0.0013930975692346692,0.6679291725158691
1,5,14,receive,1360,0.003268733218705504,0.0020496911271727907,0.5552415129476097,0.09962350351935861,0.0015007806941866875,0.6862131953239441
1,6,1,receive,1360,0.09539378994832859,0.01105677684439783,0.39917672213041977,0.06945827804960686,0.0012354366481304169,0.5763116478919983
1,6,2,receive,1360,0.22829211261502735,0.03711081864164137,0.4212461978977765,0.07400491647040099,0.001202345360070467,0.575244665145874
1,6,3,receive,1360,0.011677673196936772,0.0034636355604739373,0.40154648182874286,0.06997411842400802,0.0011438749497756362,0.539068877696991
1,6,4,receive,1360,0.00348063634579353,0.0017477151848408242,0.44844674453163275,0.07848373456599131,0.0012206545798107982,0.5915696024894714
1,6,5,receive,1360,0.11336623703175139,0.011552917590101684,0.47458414825771744,0.08505158280301273,0.0012635653838515282,0.6251872181892395
1,6,6,receive,1360,0.2204873409723009,0.03999684561335457,0.4514371240829967,0.08433346814339918,0.001079999259673059,0.5993940830230713
1,6,7,receive,1360,0.00436601866659481,0.0017323297178725985,0.4659521640270695,0.0833453047119981,0.0014280321775004268,0.5976843237876892
1,6,8,receive,1360,0.003827069085121688,0.001737722318952555,0.5865025250924244,0.10191359178294523,0.00203441409394145,0.720282793045044
1,6,9,receive,1360,0.007172421965037818,0.002675588426156827,0.4089398054710781,0.0754142194384888,0.0009813696378841996,0.5301446318626404
1,6,10,receive,1360,0.01606713503974646,0.0025272002657427905,0.49566865375732855,0.08570507357370286,0.0014064869610592723,0.6171611547470093
1,6,11,receive,1360,0.007067285296725331,0.0019630133875265642,0.47416748678104553,0.0821211242454244,0.0013079122873023152,0.5957342386245728
1,6,12,receive,1360,0.0600724072467746,0.010937520397834157,0.4327301196706899,0.07486943191595875,0.0012033776147291064,0.560573160648346
1,6,13,receive,1360,0.22546113937115533,0.01717589629492044,0.48302098638232566,0.08325737999969773,0.0014779668999835849,0.5987346768379211
1,6,14,receive,1360,0.003268733218705504,0.0020496911271727907,0.5391405509694939,0.09522056703643576,0.0014366500545293093,0.6673817038536072
1,7,1,receive,1360,0.09539378994832859,0.01105677684439783,0.3902344536873416,0.06972264352854797,0.0011826633708551526,0.5734806656837463
1,7,2,receive,1360,0.22829211261502735,0.03711081864164137,0.4062373240593896,0.07260006476044402,0.0011812194716185331,0.544481635093689
1,7,3,receive,1360,0.011677673196936772,0.0034636355604739373,0.36959130397307866,0.06426826675035034,0.0010592059697955847,0.4901241362094879
1,7,4,receive,1360,0.00348063634579353,0.0017477151848408242,0.4248943896079094,0.07554804244973116,0.0011631215456873178,0.5595091581344604
1,7,5,receive,1360,0.11336623703175139,0.011552917590101684,0.4485634552059791,0.08166176994954256,0.001204012893140316,0.5887550711631775
1,7,6,receive,1360,0.2204873409723009,0.03999684561335457,0.41308448111171053,0.07868082034837316,0.0009916150011122227,0.5373603105545044
1,7,7,receive,1360,0.00436601866659481,0.0017323297178725985,0.42734976553602955,0.07759614390627816,0.0012503315228968859,0.547600507736206
1,7,8,receive,1360,0.003827069085121688,0.001737722318952555,0.5558140657605048,0.09720580981718743,0.0018873338121920824,0.6857818961143494
1,7,9,receive,1360,0.007172421965037818,0.002675588426156827,0.3790545488739393,0.07176714737638128,0.000887659378349781,0.4894147515296936
1,7,10,receive,1360,0.01606713503974646,0.0025272002657427905,0.46590743800111606,0.07916148767897438,0.0013420934556052089,0.5774415135383606
1,7,11,receive,1360,0.007067285296725331,0.0019630133875265642,0.4439347549137036,0.07539918677886173,0.001225158921442926,0.5707921981811523
1,7,12,receive,1360,0.0600724072467746,0.010937520397834157,0.39967236923052146,0.06763107044096973,0.0011239851592108607,0.5316761136054993
1,7,13,receive,1360,0.22546113937115533,0.01717589629492044,0.45761041115123696,0.0776626049265895,0.0013555939076468349,0.5737898349761963
1,7,14,receive,1360,0.003268733218705504,0.0020496911271727907,0.48785394526091885,0.08432855199204675,0.0013384942431002855,0.6110730171203613
1,8,1,receive,1360,0.09539378994832859,0.01105677684439783,0.35110524256948233,0.06913266530099622,0.0011558507103472948,0.549599826335907
1,8,2,receive,1360,0.22829211261502735,0.03711081864164137,0.36181853996659974,0.07048445853184265,0.0011724823853000998,0.5069541931152344
1,8,3,receive,1360,0.011677673196936772,0.0034636355604739373,0.3292580085548894,0.060419820435169816,0.0011248703813180327,0.4560716450214386
1,8,4,receive,1360,0.00348063634579353,0.0017477151848408242,0.38174754370146036,0.07336161952073024,0.0012305264826864004,0.5234391093254089
1,8,5,receive,1360,0.11336623703175139,0.011552917590101684,0.39907553028358106,0.07883795750550529,0.001232065842486918,0.545732855796814
1,8,6,receive,1360,0.2204873409723009,0.03999684561335457,0.3612441156495205,0.0749198990382213,0.0010140215745195746,0.4991537928581238
1,8,7,receive,1360,0.00436601866659481,0.0017323297178725985,0.3747899087787921,0.0742405638684873,0.0012282284442335367,0.5094677209854126
1,8,8,receive,1360,0.003827069085121688,0.001737722318952555,0.5106791282988578,0.09498139096607189,0.0018251462606713176,0.6609859466552734
1,8,9,receive,1360,0.007172421965037818,0.002675588426156827,0.3316190196263693,0.06884714462278958,0.0008956266683526337,0.45101022720336914
1,8,10,receive,1360,0.01606713503974646,0.0025272002657427905,0.4700170069159118,0.08030693682484955,0.0014563119038939476,0.5764545202255249
1,8,11,receive,1360,0.007067285296725331,0.0019630133875265642,0.46190081878500194,0.0783406024676264,0.001338199246674776,0.5917587280273438
1,8,12,receive,1360,0.0600724072467746,0.010937520397834157,0.389382306657396,0.06558222210831222,0.0012807204620912671,0.5234156250953674
1,8,13,receive,1360,0.22546113937115533,0.01717589629492044,0.43337939948482124,0.07412236170019626,0.0015098957810550928,0.5647707581520081
1,8,14,receive,1360,0.003268733218705504,0.0020496911271727907,0.4491957579640952,0.07638642068979778,0.0014576134271919727,0.5850409865379333
1,9,1,receive,1360,0.09539378994832859,0.01105677684439783,0.3646527759550201,0.06334959290197825,0.001135061727836728,0.5427029132843018
1,9,2,receive,1360,0.22829211261502735,0.03711081864164137,0.3738529535209904,0.06472082485316753,0.0011956630041822791,0.5026236772537231
1,9,3,receive,1360,0.011677673196936772,0.0034636355604739373,0.335922600644442,0.05915042851347158,0.0010799540905281901,0.4447927474975586
1,9,4,receive,1360,0.00348063634579353,0.0017477151848408242,0.4062358886224341,0.06964174953425756,0.0012648212723433971,0.5326996445655823
1,9,5,receive,1360,0.11336623703175139,0.011552917590101684,0.4127541561867795,0.07183805204399707,0.0012486730702221394,0.542767345905304
1,9,6,receive,1360,0.2204873409723009,0.03999684561335457,0.3876739778289715,0.0703697037312011,0.0010617615189403296,0.5106910467147827
1,9,7,receive,1360,0.00436601866659481,0.0017323297178725985,0.3932638204376631,0.06992329217595973,0.0012525658821687102,0.5157696008682251
1,9,8,receive,1360,0.003827069085121688,0.001737722318952555,0.5161390767177663,0.0900980039968772,0.0017378415213897824,0.6530795097351074
1,9,9,receive,1360,0.007172421965037818,0.002675588426156827,0.3374373241374783,0.06396708530863693,0.0008362564258277416,0.46538323163986206
1,9,10,receive,1360,0.01606713503974646,0.0025272002657427905,0.4495288788251106,0.07820674452073714,0.0012867740588262677,0.5783833861351013
1,9,11,receive,1360,0.007067285296725331,0.0019630133875265642,0.43111233749300215,0.07497331146114078,0.0011922057019546628,0.594063401222229
1,9,12,receive,1360,0.0600724072467746,0.010937520397834157,0.37939232449870736,0.06691434822770867,0.00110600795596838,0.5496761798858643
1,9,13,receive,1360,0.22546113937115533,0.01717589629492044,0.4283041525803342,0.07549211489809517,0.0012993388809263706,0.5953737497329712
1,9,14,receive,1360,0.003268733218705504,0.0020496911271727907,0.4474726813662154,0.07767662573991202,0.001286879531107843,0.6144530773162842
1,10,1,receive,1360,0.09539378994832859,0.01105677684439783,0.3061135689557619,0.05406463719490245,0.00101634138263762,0.4933493137359619
1,10,2,receive,1360,0.22829211261502735,0.03711081864164137,0.31303630657048953,0.05480917771118653,0.0010562449460849166,0.44724544882774353
1,10,3,receive,1360,0.011677673196936772,0.0034636355604739373,0.2706063356693502,0.05029288951040774,0.0009500309242866933,0.3680553138256073
1,10,4,receive,1360,0.00348063634579353,0.0017477151848408242,0.32995984703028464,0.05651554028194352,0.0011154036037623882,0.4587533473968506
1,10,5,receive,1360,0.11336623703175139,0.011552917590101684,0.3249023967230802,0.05602072272717092,0.0010156569769605994,0.4469137191772461
1,10,6,receive,1360,0.2204873409723009,0.03999684561335457,0.27658567984865784,0.05008008348918117,0.0007916816393844783,0.3938802182674408
1,10,7,receive,1360,0.00436601866659481,0.0017323297178725985,0.2849644544917871,0.051149263136322086,0.0009244881803169847,0.40469709038734436
1,10,8,receive,1360,0.003827069085121688,0.001737722318952555,0.4017836697337129,0.07166805290255708,0.001297362265177071,0.5384341478347778
1,10,9,receive,1360,0.007172421965037818,0.002675588426156827,0.2416880130264069,0.04674352798630002,0.0006447435007430613,0.36343660950660706
1,10,10,receive,1360,0.01606713503974646,0.0025272002657427905,0.39916673624744253,0.06910570892762553,0.0010544037213549018,0.561864972114563
1,10,11,receive,1360,0.007067285296725331,0.0019630133875265642,0.3874578993962667,0.06713173230649157,0.001002468983642757,0.5841985940933228
1,10,12,receive,1360,0.0600724072467746,0.010937520397834157,0.3384741491821307,0.060343452491414824,0.0009022110607475042,0.540101170539856
1,10,13,receive,1360,0.22546113937115533,0.01717589629492044,0.41233344376806225,0.07393241372548551,0.0012022176524624228,0.617005467414856
1,10,14,receive,1360,0.003268733218705504,0.0020496911271727907,0.4313290089349132,0.07606436537310346,0.0012331288307905197,0.6356889009475708
1,11,1,receive,1360,0.09539378994832859,0.01105677684439783,0.3695739486899316,0.06622647869604262,0.0011724610812962055,0.5496801733970642
1,11,2,receive,1360,0.22829211261502735,0.03711081864164137,0.37643376990539873,0.06895026719928356,0.0011682281037792563,0.4947656989097595
1,11,3,receive,1360,0.011677673196936772,0.0034636355604739373,0.34261752002579776,0.06403071957431403,0.0010579510126262903,0.46732375025749207
1,11,4,receive,1360,0.00348063634579353,0.0017477151848408242,0.39357796663337946,0.0710376115270528,0.0011644152691587806,0.5283648371696472
1,11,5,receive,1360,0.11336623703175139,0.011552917590101684,0.39839315337722997,0.07286450032167165,0.0011532221687957644,0.5425946712493896
1,11,6,receive,1360,0.2204873409723009,0.03999684561335457,0.34792679972879875,0.06769697189156923,0.00087314925622195,0.5007968544960022
1,11,7,receive,1360,0.00436601866659481,0.0017323297178725985,0.3667042522246929,0.06796341326589339,0.0011624902253970504,0.5259053111076355
1,11,8,receive,1360,0.003827069085121688,0.001737722318952555,0.5158323683160501,0.09184572498259824,0.0016413633711636066,0.6687894463539124
1,11,9,receive,1360,0.007172421965037818,0.002675588426156827,0.36202144934658836,0.07180794985678163,0.0009276337223127484,0.525978147983551
1,11,10,receive,1360,0.01606713503974646,0.0025272002657427905,0.44833662477527364,0.08058141601449459,0.001157531514763832,0.6125741004943848
1,11,11,receive,1360,0.007067285296725331,0.0019630133875265642,0.41054210863281587,0.07381496086166943,0.000993300462141633,0.5935685038566589
1,11,12,receive,1360,0.0600724072467746,0.010937520397834157,0.3843800788330127,0.07078583168684106,0.0010521374642848969,0.5727705955505371
1,11,13,receive,1360,0.22546113937115533,0.01717589629492044,0.46570544998967844,0.08802379835460432,0.0013537007616832852,0.6648858189582825
1,11,14,receive,1360,0.003268733218705504,0.0020496911271727907,0.4850168059445637,0.08780384330355616,0.0013783618342131376,0.6824357509613037
1,12,1,receive,1360,0.09539378994832859,0.01105677684439783,0.3616394313155872,0.06591911666113513,0.0010905010858550668,0.5454949736595154
1,12,2,receive,1360,0.22829211261502735,0.03711081864164137,0.37609794830504517,0.0695090552250896,0.001146752038039267,0.497906893491745
1,12,3,receive,1360,0.011677673196936772,0.0034636355604739373,0.34229529607092607,0.06452290313999788,0.0010551457526162267,0.4545931816101074
1,12,4,receive,1360,0.00348063634579353,0.0017477151848408242,0.3947693453167791,0.07169405078164304,0.0011430090526118875,0.515580952167511
1,12,5,receive,1360,0.11336623703175139,0.011552917590101684,0.403114683769972,0.07392079826654804,0.0011491610202938318,0.5335989594459534
1,12,6,receive,1360,0.2204873409723009,0.03999684561335457,0.3529715593513923,0.06881935462521412,0.0008553743828088045,0.49291205406188965
1,12,7,receive,1360,0.00436601866659481,0.0017323297178725985,0.37614170109017697,0.06965806451692867,0.0011406965786591172,0.5230132341384888
1,12,8,receive,1360,0.003827069085121688,0.001737722318952555,0.5347363444077714,0.0950729914028612,0.001689018215984106,0.6760982871055603
1,12,9,receive,1360,0.007172421965037818,0.002675588426156827,0.38200970419822944,0.07475220777106717,0.0010211748303845525,0.5364956259727478
1,12,10,receive,1360,0.01606713503974646,0.0025272002657427905,0.5060182828471571,0.0911379157387392,0.0012034550309181213,0.659385621547699
1,12,11,receive,1360,0.007067285296725331,0.0019630133875265642,0.4912651909452774,0.08787925352460998,0.0011388567509129643,0.6623764038085938
1,12,12,receive,1360,0.0600724072467746,0.010937520397834157,0.450864920643867,0.08117056205022942,0.0012442102888599038,0.6288219690322876
1,12,13,receive,1360,0.22546113937115533,0.01717589629492044,0.5321614601635648,0.09750466949884974,0.001600738731212914,0.7148680686950684
1,12,14,receive,1360,0.003268733218705504,0.0020496911271727907,0.5422917511669392,0.09644852898532867,0.0016879925969988108,0.7238113284111023
1,13,1,receive,1360,0.09539378994832859,0.01105677684439783,0.263722281065523,0.05391383055384095,0.0009961174800992012,0.40107813477516174
1,13,2,receive,1360,0.22829211261502735,0.03711081864164137,0.26988947229478716,0.057611368321623564,0.0010226313024759293,0.3508957624435425
1,13,3,receive,1360,0.011677673196936772,0.0034636355604739373,0.23370818359317663,0.04869905717062443,0.0008881048415787518,0.3259390890598297
1,13,4,receive,1360,0.00348063634579353,0.0017477151848408242,0.2776922896153444,0.05800119863732186,0.0009908038191497326,0.37825021147727966
1,13,5,receive,1360,0.11336623703175139,0.011552917590101684,0.25291141731842587,0.054567819901334864,0.0009318228112533689,0.3640022575855255
1,13,6,receive,1360,0.2204873409723009,0.03999684561335457,0.21024228189297206,0.05224148185106213,0.000705058453604579,0.3308078646659851
1,13,7,receive,1360,0.00436601866659481,0.0017323297178725985,0.241548548067872,0.057425436180157344,0.0009613749571144581,0.37676459550857544
1,13,8,receive,1360,0.003827069085121688,0.001737722318952555,0.4884803939018371,0.10252161157915711,0.0016377760330215096,0.6541252136230469
1,13,9,receive,1360,0.007172421965037818,0.002675588426156827,0.34175075122013154,0.07965713016614857,0.0010264022275805473,0.5118893980979919
1,13,10,receive,1360,0.01606713503974646,0.0025272002657427905,0.35616769457770076,0.08019169667877238,0.0010095686884596944,0.5306834578514099
1,13,11,receive,1360,0.007067285296725331,0.0019630133875265642,0.3424544791372575,0.07575022335407627,0.0009407968609593809,0.5340057611465454
1,13,12,receive,1360,0.0600724072467746,0.010937520397834157,0.31613823287839565,0.07309021804429808,0.0010658426908776164,0.5055913925170898
1,13,13,receive,1360,0.22546113937115533,0.01717589629492044,0.4085108930741519,0.09576683625862026,0.0014756704913452268,0.6042431592941284
1,13,14,receive,1360,0.003268733218705504,0.0020496911271727907,0.406199689519417,0.08819472468486435,0.0015253345482051373,0.5991542935371399
1,14,1,receive,1360,0.09539378994832859,0.01105677684439783,0.35095909830389943,0.0831088915046686,0.0011510009644553065,0.4850406348705292
1,14,2,receive,1360,0.22829211261502735,0.03711081864164137,0.38788532793277064,0.09509516182090683,0.0012558175949379802,0.5281639695167542
1,14,3,receive,1360,0.011677673196936772,0.0034636355604739373,0.3517968503793407,0.0834322163377247,0.0013330238871276379,0.49795281887054443
1,14,4,receive,1360,0.00348063634579353,0.0017477151848408242,0.3252291946878198,0.07504353444957351,0.0010658081155270338,0.4775296747684479
1,14,5,receive,1360,0.11336623703175139,0.011552917590101684,0.2435313401342308,0.05544394219798416,0.0008593787206336856,0.3878209590911865
1,14,6,receive,1360,0.2204873409723009,0.03999684561335457,0.1728661341465554,0.05236236083444137,0.0005610165535472333,0.3203261196613312
1,14,7,receive,1360,0.00436601866659481,0.0017323297178725985,0.19844750864114544,0.05826127961057744,0.0007576539064757526,0.3633829355239868
1,14,8,receive,1360,0.003827069085121688,0.001737722318952555,0.4152047456989428,0.10416293930417635,0.001333207474090159,0.6297178864479065
1,14,9,receive,1360,0.007172421965037818,0.002675588426156827,0.2755938863325248,0.07928124935274572,0.000821515335701406,0.4811757802963257
1,14,10,receive,1360,0.01606713503974646,0.0025272002657427905,0.24628132704742978,0.0717385280179756,0.0006409968482330441,0.4432547688484192
1,14,11,receive,1360,0.007067285296725331,0.0019630133875265642,0.2261013854171752,0.06612728718637413,0.0006100487662479281,0.43459832668304443
1,14,12,receive,1360,0.0600724072467746,0.010937520397834157,0.20794137498541043,0.0656306082546993,0.0006764814606867731,0.39739230275154114
1,14,13,receive,1360,0.22546113937115533,0.01717589629492044,0.25969538981208806,0.08604225986730842,0.0007594209164381027,0.45934420824050903
1,14,14,receive,1360,0.003268733218705504,0.0020496911271727907,0.27366945515493757,0.08197030013492428,0.0007943639648146927,0.48056283593177795
3,1,1,receive,21,0.3180466440457731,0.03715290547809057,0.47854041648540824,0.12283037479356666,0.0015645369421690702,0.6034162044525146
3,1,2,receive,21,0.07734724332333019,0.005960102312077448,0.46982871603575493,0.12638175516691946,0.0017302269116044044,0.6070013642311096
3,1,3,receive,21,0.04500454634413108,0.015023113366072883,0.4354815317783505,0.1270852951413933,0.0016282007563859224,0.5819638967514038
3,1,4,receive,21,0.026130897736297773,0.0037608563434860186,0.4638678119850478,0.12524794848652354,0.001378895016387105,0.5937237739562988
3,1,5,receive,21,0.07951585202759036,0.027771868623474937,0.43913806611228556,0.12016450821035489,0.0012309830635786057,0.5691559314727783
3,1,6,receive,21,0.05715987071547384,0.011905138625128313,0.41927702561952174,0.11644836067347407,0.0011583075392991304,0.5433774590492249
3,1,7,receive,21,0.03346869564363841,0.005815420872994231,0.42926136258479564,0.11951907868368614,0.0011919207172468305,0.5484394431114197
3,1,8,receive,21,0.021145262199681842,0.003406194724210551,0.5409307722445755,0.14772534824917843,0.0016045300289988518,0.6694803833961487
3,1,9,receive,21,0.01908786585533759,0.00212761118721631,0.4077839430898339,0.11413546016874591,0.0010260454146191478,0.5298559069633484
3,1,10,receive,21,0.09171283984500694,0.029457639928052167,0.4896918906431113,0.13286066511377095,0.0013316618278622627,0.6215186715126038
3,1,11,receive,21,0.04075993239096323,0.007318595276476856,0.4891763792949773,0.13440043459280565,0.0013656215742230415,0.6265624165534973
3,1,12,receive,21,0.048661391809864854,0.011818089082303628,0.46833960887133363,0.13042417682710047,0.001379809807986021,0.6183480024337769
3,1,13,receive,21,0.1190906952561516,0.009623457248940002,0.49975480642058845,0.13370511894244852,0.0011138332774862647,0.6188650727272034
3,1,14,receive,21,0.02286826280675925,0.0031605374370672597,0.5430259224459795,0.14542011421298884,0.0011363377561792731,0.6712707877159119
3,2,1,receive,21,0.3180466440457731,0.03715290547809057,0.4115230965295008,0.10919479764497073,0.0015289466828107834,0.5351661443710327
3,2,2,receive,21,0.07734724332333019,0.005960102312077448,0.42737078677219825,0.1157452723679033,0.001663478440605104,0.5556195378303528
3,2,3,receive,21,0.04500454634413108,0.015023113366072883,0.39255924050563146,0.11697137330677927,0.0015328279696404934,0.5245977640151978
3,2,4,receive,21,0.026130897736297773,0.0037608563434860186,0.4071871040422203,0.1123138887066672,0.001278575393371284,0.5278177857398987
3,2,5,receive,21,0.07951585202759036,0.027771868623474937,0.40208675303784686,0.1099451064105161,0.0011570415226742625,0.520693302154541
3,2,6,receive,21,0.05715987071547384,0.011905138625128313,0.37290285472824636,0.10409966961938766,0.0010243688011541963,0.48458123207092285
3,2,7,receive,21,0.03346869564363841,0.005815420872994231,0.3897769249521107,0.10755523798757209,0.0010743973543867469,0.4909062385559082
3,2,8,receive,21,0.021145262199681842,0.003406194724210551,0.5097930246764528,0.13915148136094221,0.0015036759432405233,0.6296929121017456
3,2,9,receive,21,0.01908786585533759,0.00212761118721631,0.3487938278870258,0.09810351133797442,0.0008283071801997721,0.45356035232543945
3,2,10,receive,21,0.09171283984500694,0.029457639928052167,0.46570883322108003,0.1248138113548767,0.001285102916881442,0.5854450464248657
3,2,11,receive,21,0.04075993239096323,0.007318595276476856,0.46349294895550147,0.12622769475145545,0.0013065458042547107,0.5885605216026306
3,2,12,receive,21,0.048661391809864854,0.011818089082303628,0.442725917817803,0.12239484554339893,0.0013248558389022946,0.5800705552101135
3,2,13,receive,21,0.1190906952561516,0.009623457248940002,0.5014802506692442,0.13140441572700987,0.0011985712917521596,0.6087570786476135
3,2,14,receive,21,0.02286826280675925,0.0031605374370672597,0.5716613271451068,0.14657840810067443,0.0011821002699434757,0.6952956318855286
3,3,1,receive,21,0.3180466440457731,0.03715290547809057,0.4386624833735238,0.12031146591145496,0.0017528788885101676,0.5704830288887024
3,3,2,receive,21,0.07734724332333019,0.005960102312077448,0.44359245787685114,0.12119319251539148,0.0018870006315410137,0.570227861404419
3,3,3,receive,21,0.04500454634413108,0.015023113366072883,0.4123617544648282,0.12434542551903591,0.0017448199214413762,0.5486958622932434
3,3,4,receive,21,0.026130897736297773,0.0037608563434860186,0.43728925375866573,0.1197092510885536,0.0015365815488621593,0.5576902031898499
3,3,5,receive,21,0.07951585202759036,0.027771868623474937,0.4270979815572944,0.11463565101639621,0.0013576677301898599,0.5399024486541748
3,3,6,receive,21,0.05715987071547384,0.011905138625128313,0.4004011015141649,0.1097343153432375,0.0012442530132830143,0.507266640663147
3,3,7,receive,21,0.03346869564363841,0.005815420872994231,0.415245714275876,0.11386268545585715,0.0013050062116235495,0.5135927796363831
3,3,8,receive,21,0.021145262199681842,0.003406194724210551,0.5397353181560036,0.14531217078448158,0.0018505052430555224,0.6530558466911316
3,3,9,receive,21,0.01908786585533759,0.00212761118721631,0.3693107055899288,0.10210743185613419,0.0009825858287513256,0.4702218770980835
3,3,10,receive,21,0.09171283984500694,0.029457639928052167,0.48796993268409833,0.1280149705690686,0.0015022876905277371,0.6020483374595642
3,3,11,receive,21,0.04075993239096323,0.007318595276476856,0.5037378755985715,0.13356989638241487,0.0016327245393767953,0.6236851215362549
3,3,12,receive,21,0.048661391809864854,0.011818089082303628,0.4640370570622118,0.1276971270920552,0.0014945092843845487,0.5982741117477417
3,3,13,receive,21,0.1190906952561516,0.009623457248940002,0.5185425240169501,0.1350571422301737,0.0013372029643505812,0.6201432943344116
3,3,14,receive,21,0.02286826280675925,0.0031605374370672597,0.5859140576129513,0.1497091200496052,0.001258924137800932,0.7056436538696289
3,4,1,receive,21,0.3180466440457731,0.03715290547809057,0.40620004653465,0.10690603734640551,0.0016654323553666472,0.5160191655158997
3,4,2,receive,21,0.07734724332333019,0.005960102312077448,0.4092272808110075,0.1069847305909607,0.0017700283788144588,0.5125496983528137
3,4,3,receive,21,0.04500454634413108,0.015023113366072883,0.38433825460240423,0.10783406562688531,0.001650494639761746,0.5082506537437439
3,4,4,receive,21,0.026130897736297773,0.0037608563434860186,0.4060857044588331,0.10514717134985069,0.0014621998416259885,0.5045268535614014
3,4,5,receive,21,0.07951585202759036,0.027771868623474937,0.40515303995371577,0.1037881720058599,0.0013566524721682072,0.4991021752357483
3,4,6,receive,21,0.05715987071547384,0.011905138625128313,0.3786213769732664,0.09818543568018546,0.0012344180140644312,0.46386781334877014
3,4,7,receive,21,0.03346869564363841,0.005815420872994231,0.3936608910693654,0.10263401015482027,0.0012992802076041698,0.47105172276496887
3,4,8,receive,21,0.021145262199681842,0.003406194724210551,0.5177839861938819,0.1348378068999284,0.0018340547103434801,0.6153216361999512
3,4,9,receive,21,0.01908786585533759,0.00212761118721631,0.3473649035773373,0.0908956854016028,0.0009738433873280883,0.42699959874153137
3,4,10,receive,21,0.09171283984500694,0.029457639928052167,0.46525916618494584,0.11703754648611114,0.0014889281010255218,0.5595060586929321
3,4,11,receive,21,0.04075993239096323,0.007318595276476856,0.46372053746156217,0.11436567090082025,0.0014765580417588353,0.5569549202919006
3,4,12,receive,21,0.048661391809864854,0.011818089082303628,0.41610710079493446,0.1072689530066959,0.0014138455735519528,0.5222692489624023
3,4,13,receive,21,0.1190906952561516,0.009623457248940002,0.4676764875129309,0.11637915257457439,0.0012460906291380525,0.5452044606208801
3,4,14,receive,21,0.02286826280675925,0.0031605374370672597,0.537289878453261,0.1328488672466275,0.0011777731124311686,0.6418612003326416
3,5,1,receive,21,0.3180466440457731,0.03715290547809057,0.3753430090146139,0.09936727373735257,0.0016190983587875962,0.4814779758453369
3,5,2,receive,21,0.07734724332333019,0.005960102312077448,0.37747203042575467,0.09870152226403067,0.0017207894707098603,0.4771687090396881
3,5,3,receive,21,0.04500454634413108,0.015023113366072883,0.3609041116987577,0.0999074080856842,0.001658557797782123,0.46511110663414
3,5,4,receive,21,0.026130897736297773,0.0037608563434860186,0.37052245293411296,0.09491722621432311,0.0013956570765003562,0.4638136625289917
3,5,5,receive,21,0.07951585202759036,0.027771868623474937,0.38042400592738496,0.09595499072872178,0.0013490378623828292,0.47035741806030273
3,5,6,receive,21,0.05715987071547384,0.011905138625128313,0.3559097574158971,0.09042573855554004,0.0012359863612800837,0.43708714842796326
3,5,7,receive,21,0.03346869564363841,0.005815420872994231,0.37067106506964637,0.09480827679285969,0.0013009307440370321,0.4441998600959778
3,5,8,receive,21,0.021145262199681842,0.003406194724210551,0.493915402895904,0.1275796727899377,0.0018363834824413061,0.5894098281860352
3,5,9,receive,21,0.01908786585533759,0.00212761118721631,0.3256976168652597,0.08443945076408955,0.0009750810568220913,0.40146100521087646
3,5,10,receive,21,0.09171283984500694,0.029457639928052167,0.4299243734040785,0.10751406343232299,0.0014571011997759342,0.5208523869514465
3,5,11,receive,21,0.04075993239096323,0.007318595276476856,0.42585807638464585,0.10511956237614262,0.001439517131075263,0.5179092884063721
3,5,12,receive,21,0.048661391809864854,0.011818089082303628,0.37916186397030416,0.09807771638128743,0.001378375687636435,0.48300430178642273
3,5,13,receive,21,0.1190906952561516,0.009623457248940002,0.43160315185031367,0.1075435231939346,0.0012325288262218237,0.5085148811340332
3,5,14,receive,21,0.02286826280675925,0.0031605374370672597,0.5022937674851468,0.12560694111390974,0.0011649539228528738,0.6082610487937927
3,6,1,receive,21,0.3180466440457731,0.03715290547809057,0.36176166874134824,0.09781166613645847,0.0016025183722376823,0.472177654504776
3,6,2,receive,21,0.07734724332333019,0.005960102312077448,0.37531541993043255,0.09863661149093453,0.0017750104889273643,0.4799577295780182
3,6,3,receive,21,0.04500454634413108,0.015023113366072883,0.3580627038775544,0.0998780592275207,0.0017108210595324636,0.4677523970603943
3,6,4,receive,21,0.026130897736297773,0.0037608563434860186,0.36760716860382153,0.09438193776090452,0.0014396480983123183,0.46659424901008606
3,6,5,receive,21,0.07951585202759036,0.027771868623474937,0.3769604977430953,0.09500662898846572,0.001386825810186565,0.4722917377948761
3,6,6,receive,21,0.05715987071547384,0.011905138625128313,0.3525016913079612,0.08921543482577535,0.0012706115376204252,0.4389980435371399
3,6,7,receive,21,0.03346869564363841,0.005815420872994231,0.3707955710401404,0.0941615492554954,0.0013589340960606933,0.45007792115211487
3,6,8,receive,21,0.021145262199681842,0.003406194724210551,0.5222433301997149,0.1328962701453423,0.002194330794736743,0.6241242289543152
3,6,9,receive,21,0.01908786585533759,0.00212761118721631,0.32171425381897106,0.08332386547723589,0.0009987240191549063,0.402023047208786
3,6,10,receive,21,0.09171283984500694,0.029457639928052167,0.4240366860758513,0.10539619803607331,0.001492414390668273,0.5177318453788757
3,6,11,receive,21,0.04075993239096323,0.007318595276476856,0.4207808322195585,0.10357183787730152,0.0014843420358374715,0.514787495136261
3,6,12,receive,21,0.048661391809864854,0.011818089082303628,0.36363094039483085,0.09396706787236428,0.0013636026997119188,0.4673011898994446
3,6,13,receive,21,0.1190906952561516,0.009623457248940002,0.39971111916072133,0.0994154923773857,0.00118076556827873,0.47732245922088623
3,6,14,receive,21,0.02286826280675925,0.0031605374370672597,0.4726061444130859,0.11898371281006563,0.0011321438942104578,0.5807234048843384
3,7,1,receive,21,0.3180466440457731,0.03715290547809057,0.34478474410051213,0.08473765004785966,0.0015452582156285644,0.4206455945968628
3,7,2,receive,21,0.07734724332333019,0.005960102312077448,0.3473857809412515,0.0827806133649917,0.0015704885590821505,0.41033118963241577
3,7,3,receive,21,0.04500454634413108,0.015023113366072883,0.3150227077948373,0.07877824581050676,0.0014267435763031244,0.38861286640167236
3,7,4,receive,21,0.026130897736297773,0.0037608563434860186,0.34536518240236636,0.08286137972335286,0.0013733532978221774,0.41504642367362976
3,7,5,receive,21,0.07951585202759036,0.027771868623474937,0.3530137754222822,0.0841717998249836,0.001322960015386343,0.41825318336486816
3,7,6,receive,21,0.05715987071547384,0.011905138625128313,0.3175013821095317,0.07618765458578362,0.001167960581369698,0.37289267778396606
3,7,7,receive,21,0.03346869564363841,0.005815420872994231,0.3349890903891286,0.0803203895740757,0.0012491565430536866,0.3834443986415863
3,7,8,receive,21,0.021145262199681842,0.003406194724210551,0.4920809256866397,0.11877893578630985,0.001998846186324954,0.5647902488708496
3,7,9,receive,21,0.01908786585533759,0.00212761118721631,0.2969894968472155,0.07210327435792982,0.0009220066713169217,0.34799864888191223
3,7,10,receive,21,0.09171283984500694,0.029457639928052167,0.41279705601101296,0.09848284442775998,0.0014290708350017667,0.4829755425453186
3,7,11,receive,21,0.04075993239096323,0.007318595276476856,0.408415444577778,0.09697003579844778,0.0014124667504802346,0.4773465692996979
3,7,12,receive,21,0.048661391809864854,0.011818089082303628,0.3485360104379998,0.08598761019769413,0.0012975662248209119,0.4268289804458618
3,7,13,receive,21,0.1190906952561516,0.009623457248940002,0.3876577684866442,0.09206416442012451,0.0011235735146328807,0.44068729877471924
3,7,14,receive,21,0.02286826280675925,0.0031605374370672597,0.43342529911370503,0.10653761910370337,0.0010898187756538391,0.5313655138015747
3,8,1,receive,21,0.3180466440457731,0.03715290547809057,0.2577779704727055,0.0636563887295298,0.0013101103249937296,0.3044930696487427
3,8,2,receive,21,0.07734724332333019,0.005960102312077448,0.2528976717620112,0.05926540163523504,0.0013259748229756951,0.2845439910888672
3,8,3,receive,21,0.04500454634413108,0.015023113366072883,0.2287095905769439,0.056742115455100654,0.001230001449584961,0.2819366157054901
3,8,4,receive,21,0.026130897736297773,0.0037608563434860186,0.25348154388345956,0.06000851166686389,0.0011794649763032794,0.2895967364311218
3,8,5,receive,21,0.07951585202759036,0.027771868623474937,0.25530113466084003,0.05989485148099475,0.0011361781507730484,0.2900678813457489
3,8,6,receive,21,0.05715987071547384,0.011905138625128313,0.22320917507611393,0.05319810605230429,0.0009695090120658278,0.2625012695789337
3,8,7,receive,21,0.03346869564363841,0.005815420872994231,0.23753586037838387,0.05719495139089755,0.0010369231458753347,0.2860995829105377
3,8,8,receive,21,0.021145262199681842,0.003406194724210551,0.3864746395431991,0.09345261208464899,0.0016890245024114847,0.4579050838947296
3,8,9,receive,21,0.01908786585533759,0.00212761118721631,0.21038748710028207,0.050444637020777464,0.0007789647788740695,0.24820078909397125
3,8,10,receive,21,0.09171283984500694,0.029457639928052167,0.38601059723822845,0.09118982819481825,0.00148061104118824,0.43928655982017517
3,8,11,receive,21,0.04075993239096323,0.007318595276476856,0.40380689413065,0.0943334018628843,0.0014730505645275116,0.45519763231277466
3,8,12,receive,21,0.048661391809864854,0.011818089082303628,0.316259403746309,0.0761654524441712,0.0013532282318919897,0.37680861353874207
3,8,13,receive,21,0.1190906952561516,0.009623457248940002,0.34102931695746347,0.08047301725334063,0.0011683566262945533,0.4012206494808197
3,8,14,receive,21,0.02286826280675925,0.0031605374370672597,0.369564880683486,0.09274080933040112,0.0011332579888403416,0.4632948935031891
3,9,1,receive,21,0.3180466440457731,0.03715290547809057,0.4094686509010249,0.10000999001710259,0.0018157976446673274,0.48655200004577637
3,9,2,receive,21,0.07734724332333019,0.005960102312077448,0.40367933778491405,0.09569943330087005,0.001871457090601325,0.4652204215526581
3,9,3,receive,21,0.04500454634413108,0.015023113366072883,0.36728741455313174,0.0921031338135842,0.0017058580415323377,0.4523998498916626
3,9,4,receive,21,0.026130897736297773,0.0037608563434860186,0.41653869186328457,0.09895499564676573,0.0016358030261471868,0.4845482110977173
3,9,5,receive,21,0.07951585202759036,0.027771868623474937,0.407806608825922,0.09629188295571939,0.0016089566051959991,0.46851059794425964
3,9,6,receive,21,0.05715987071547384,0.011905138625128313,0.37974635808772983,0.09044022670533623,0.0014665527269244194,0.4360039532184601
3,9,7,receive,21,0.03346869564363841,0.005815420872994231,0.39236767994173405,0.09437197899920391,0.0014855667250230908,0.44235482811927795
3,9,8,receive,21,0.021145262199681842,0.003406194724210551,0.5421266855583304,0.12957349589404954,0.0022960640490055084,0.609512448310852
3,9,9,receive,21,0.01908786585533759,0.00212761118721631,0.3385754090545344,0.08291086372261174,0.0010592740727588534,0.4030510485172272
3,9,10,receive,21,0.09171283984500694,0.029457639928052167,0.46694452542301623,0.11246897251872513,0.0016584052937105298,0.5399494171142578
3,9,11,receive,21,0.04075993239096323,0.007318595276476856,0.4646811602149336,0.11141376048386764,0.0016623209230601788,0.5332365036010742
3,9,12,receive,21,0.048661391809864854,0.011818089082303628,0.39705394044341075,0.09896628795712735,0.0015401644632220268,0.4705604612827301
3,9,13,receive,21,0.1190906952561516,0.009623457248940002,0.41987248763464213,0.1054470996358306,0.0012796084629371762,0.5242102742195129
3,9,14,receive,21,0.02286826280675925,0.0031605374370672597,0.45062122530569987,0.11882754547763902,0.0012817236129194498,0.5909507870674133
3,10,1,receive,21,0.3180466440457731,0.03715290547809057,0.3162361288919956,0.07840143031088483,0.0014182728482410312,0.38404080271720886
3,10,2,receive,21,0.07734724332333019,0.005960102312077448,0.3077853783200096,0.07327083719645765,0.0014604775933548808,0.3592386543750763
3,10,3,receive,21,0.04500454634413108,0.015023113366072883,0.2670031179330267,0.0676910055772656,0.0012890176149085164,0.34431391954421997
3,10,4,receive,21,0.026130897736297773,0.0037608563434860186,0.30842007596844007,0.07358836835297082,0.0012489198707044125,0.3641606569290161
3,10,5,receive,21,0.07951585202759036,0.027771868623474937,0.29053551225834306,0.06886758405857021,0.001178946578875184,0.33878427743911743
3,10,6,receive,21,0.05715987071547384,0.011905138625128313,0.24210971194718564,0.05901972320147662,0.0009079333394765854,0.2827886641025543
3,10,7,receive,21,0.03346869564363841,0.005815420872994231,0.25850680587713476,0.06388415905866071,0.0009486325434409082,0.296304851770401
3,10,8,receive,21,0.021145262199681842,0.003406194724210551,0.39699028619188104,0.09816350550125853,0.001494282972998917,0.45410144329071045
3,10,9,receive,21,0.01908786585533759,0.00212761118721631,0.21864019287195766,0.05505677824690331,0.0006890794029459357,0.2692019045352936
3,10,10,receive,21,0.09171283984500694,0.029457639928052167,0.3723823634430855,0.08946398735266883,0.0011529783951118588,0.4288083612918854
3,10,11,receive,21,0.04075993239096323,0.007318595276476856,0.3750434225214468,0.09078392855826746,0.0011824482353404164,0.43927431106567383
3,10,12,receive,21,0.048661391809864854,0.011818089082303628,0.3137903374043249,0.08031207547819975,0.0011056456714868546,0.396178662776947
3,10,13,receive,21,0.1190906952561516,0.009623457248940002,0.348017963663941,0.09290251138320417,0.0009790965123102069,0.45697689056396484
3,10,14,receive,21,0.02286826280675925,0.0031605374370672597,0.3777581514801741,0.1088046637237812,0.000980714918114245,0.5183165669441223
3,11,1,receive,21,0.3180466440457731,0.03715290547809057,0.3519223582698032,0.08718923823185722,0.001621146104298532,0.4265349805355072
3,11,2,receive,21,0.07734724332333019,0.005960102312077448,0.34116120711855946,0.0814764162620084,0.0016693780198693275,0.3923713266849518
3,11,3,receive,21,0.04500454634413108,0.015023113366072883,0.3091583699819499,0.07586090430155797,0.0015558617888018489,0.36553677916526794
3,11,4,receive,21,0.026130897736297773,0.0037608563434860186,0.3408704888951477,0.08056318015103249,0.0015074744587764144,0.3912465572357178
3,11,5,receive,21,0.07951585202759036,0.027771868623474937,0.3316290617499146,0.07836752757805326,0.0014136980753391981,0.3814440965652466
3,11,6,receive,21,0.05715987071547384,0.011905138625128313,0.2815910084727442,0.06800181011477005,0.0011264311615377665,0.3354004919528961
3,11,7,receive,21,0.03346869564363841,0.005815420872994231,0.31128193584403824,0.07576939732236616,0.0012439051643013954,0.3666868209838867
3,11,8,receive,21,0.021145262199681842,0.003406194724210551,0.4821507200443496,0.11591722880924553,0.0021194678265601397,0.5429843664169312
3,11,9,receive,21,0.01908786585533759,0.00212761118721631,0.3127117740444928,0.07787024750225835,0.0010100934887304902,0.3817784786224365
3,11,10,receive,21,0.09171283984500694,0.029457639928052167,0.4059402702731036,0.09703423166251418,0.0014666644856333733,0.4694422483444214
3,11,11,receive,21,0.04075993239096323,0.007318595276476856,0.38255570546746076,0.09315611045792534,0.001346543780528009,0.45341140031814575
3,11,12,receive,21,0.048661391809864854,0.011818089082303628,0.32559370812738225,0.08540788732664123,0.0012691831216216087,0.40632858872413635
3,11,13,receive,21,0.1190906952561516,0.009623457248940002,0.35703766193529146,0.09942732808381288,0.0011075414950028062,0.470029354095459
3,11,14,receive,21,0.02286826280675925,0.0031605374370672597,0.3902646342259167,0.11722793529961639,0.0011260734172537923,0.5599232912063599
3,12,1,receive,21,0.3180466440457731,0.03715290547809057,0.3394892239787926,0.08653298319085496,0.0015416948590427637,0.42115578055381775
3,12,2,receive,21,0.07734724332333019,0.005960102312077448,0.33662211520242546,0.08089278047416226,0.0016780602745711803,0.39414456486701965
3,12,3,receive,21,0.04500454634413108,0.015023113366072883,0.3048886558972299,0.07564279966868535,0.001563954632729292,0.3624746799468994
3,12,4,receive,21,0.026130897736297773,0.0037608563434860186,0.3375612845910447,0.08015199109244177,0.0015153158456087112,0.39301797747612
3,12,5,receive,21,0.07951585202759036,0.027771868623474937,0.33155218240184087,0.07819588740023628,0.001442561624571681,0.38068830966949463
3,12,6,receive,21,0.05715987071547384,0.011905138625128313,0.28149958548601717,0.06769144703898934,0.0011494363425299525,0.32019928097724915
3,12,7,receive,21,0.03346869564363841,0.005815420872994231,0.30690242874524776,0.07479406648507321,0.0012559054885059595,0.3532470166683197
3,12,8,receive,21,0.021145262199681842,0.003406194724210551,0.48855053001482573,0.11755828563615048,0.0022192387841641903,0.552035391330719
3,12,9,receive,21,0.01908786585533759,0.00212761118721631,0.320229093854626,0.0788641542953481,0.0010576974600553513,0.37555378675460815
3,12,10,receive,21,0.09171283984500694,0.029457639928052167,0.4510153902838716,0.10671738464943584,0.0016391315730288625,0.5028336048126221
3,12,11,receive,21,0.04075993239096323,0.007318595276476856,0.45023853344000164,0.10725353142675163,0.0016816060524433851,0.5201860070228577
3,12,12,receive,21,0.048661391809864854,0.011818089082303628,0.36735156355869203,0.09286578501210511,0.0015320852398872375,0.44921886920928955
3,12,13,receive,21,0.1190906952561516,0.009623457248940002,0.39941025342947495,0.10564530756374105,0.0012759853852912784,0.5032141208648682
3,12,14,receive,21,0.02286826280675925,0.0031605374370672597,0.42426785321107935,0.11991988696825284,0.0012637507170438766,0.5829805135726929
3,13,1,receive,21,0.3180466440457731,0.03715290547809057,0.24586824757335263,0.06318806848259428,0.001370333950035274,0.2870534062385559
3,13,2,receive,21,0.07734724332333019,0.005960102312077448,0.23998336505056136,0.06067434788496438,0.0014967196621000767,0.28176435828208923
3,13,3,receive,21,0.04500454634413108,0.015023113366072883,0.20876532758120447,0.053505465765202674,0.0014135466190055013,0.2620716989040375
3,13,4,receive,21,0.026130897736297773,0.0037608563434860186,0.23361408879004775,0.058402438319988495,0.0013316776603460312,0.27565860748291016
3,13,5,receive,21,0.07951585202759036,0.027771868623474937,0.20349135363496662,0.05183300865809682,0.0012828722828999162,0.24104957282543182
3,13,6,receive,21,0.05715987071547384,0.011905138625128313,0.16513900266450254,0.04671330289495641,0.0010232968488708138,0.20900782942771912
3,13,7,receive,21,0.03346869564363841,0.005815420872994231,0.19066529723239087,0.05567867536159765,0.001143165398389101,0.2498757243156433
3,13,8,receive,21,0.021145262199681842,0.003406194724210551,0.4478560595750986,0.12005122896789394,0.002420503878965974,0.5488619804382324
3,13,9,receive,21,0.01908786585533759,0.00212761118721631,0.2866642115903752,0.08191579981017046,0.0012123193591833115,0.37011101841926575
3,13,10,receive,21,0.09171283984500694,0.029457639928052167,0.30974807642355917,0.08494294351054901,0.0014660542365163565,0.3827601373195648
3,13,11,receive,21,0.04075993239096323,0.007318595276476856,0.30909047532449696,0.08551364818107465,0.0015040504513308406,0.39512982964515686
3,13,12,receive,21,0.048661391809864854,0.011818089082303628,0.24524920170439318,0.07582236930046307,0.0013961164513602853,0.336809366941452
3,13,13,receive,21,0.1190906952561516,0.009623457248940002,0.2775725424345139,0.09285883583264809,0.001141548273153603,0.3922659158706665
3,13,14,receive,21,0.02286826280675925,0.0031605374370672597,0.2890105659995849,0.10256384704777831,0.0011417140485718846,0.4556174874305725
3,14,1,receive,21,0.3180466440457731,0.03715290547809057,0.24412173529465994,0.06819893657017867,0.0011813640594482422,0.339496374130249
3,14,2,receive,21,0.07734724332333019,0.005960102312077448,0.2504252455795982,0.0671468456871309,0.0013293877709656954,0.3231465518474579
3,14,3,receive,21,0.04500454634413108,0.015023113366072883,0.2265943096496076,0.05909820702019468,0.0012550785904750228,0.28256383538246155
3,14,4,receive,21,0.026130897736297773,0.0037608563434860186,0.23275225590138385,0.0626359760777149,0.0011681948089972138,0.30592048168182373
3,14,5,receive,21,0.07951585202759036,0.027771868623474937,0.1824382119035969,0.051153752806890884,0.0010302092414349318,0.2384226769208908
3,14,6,receive,21,0.05715987071547384,0.011905138625128313,0.13841569058630349,0.044807220185787866,0.0007761099259369075,0.20451487600803375
3,14,7,receive,21,0.03346869564363841,0.005815420872994231,0.1593494573497169,0.052604909123591115,0.0008587136399000883,0.24241861701011658
3,14,8,receive,21,0.021145262199681842,0.003406194724210551,0.3761436151218645,0.11375314561628425,0.0016705832676962018,0.5110698938369751
3,14,9,receive,21,0.01908786585533759,0.00212761118721631,0.22595294117317757,0.07154110539681487,0.0008225767523981631,0.3037131428718567
3,14,10,receive,21,0.09171283984500694,0.029457639928052167,0.21406850659210855,0.06887875553699727,0.0008368522976525128,0.30968159437179565
3,14,11,receive,21,0.04075993239096323,0.007318595276476856,0.204664492453005,0.06866733489969343,0.0008309689583256841,0.3039923906326294
3,14,12,receive,21,0.048661391809864854,0.011818089082303628,0.16199512789136775,0.05835183309680565,0.0007864629151299596,0.2535226047039032
3,14,13,receive,21,0.1190906952561516,0.009623457248940002,0.17411848188965537,0.06551492545870598,0.0005856892676092684,0.27525657415390015
3,14,14,receive,21,0.02286826280675925,0.0031605374370672597,0.19479420054648516,0.07657485567173047,0.0006138795870356262,0.3267543911933899
4,1,1,receive,1374,0.15904107558530212,0.026966195155896443,0.5914272363719584,0.10425842261715948,0.0018054929096251726,0.7640939950942993
4,1,2,receive,1374,0.20291084522009892,0.038619651493642805,0.5610229654136464,0.10240897859273568,0.0015820791013538837,0.7519376873970032
4,1,3,receive,1374,0.008672833780082226,0.003994145258990647,0.49436974776591874,0.09032073269653945,0.001302813645452261,0.7021189332008362
4,1,4,receive,1374,0.004493070843684548,0.002707199122785712,0.5748869437722488,0.10656776811912658,0.0016646761214360595,0.7709433436393738
4,1,5,receive,1374,0.10885131545282314,0.015266593061792195,0.5570523808085837,0.10608928208879631,0.0015361133264377713,0.7738270163536072
4,1,6,receive,1374,0.2550734168744603,0.05736361618628751,0.5220309763520161,0.10414921917762729,0.0013861358165740967,0.7587950229644775
4,1,7,receive,1374,0.005642127869102775,0.002562427630499228,0.5265145471295494,0.10302906670063254,0.0014467700384557247,0.7456100583076477
4,1,8,receive,1374,0.006212930381405975,0.0033272993453381827,0.6135887057118672,0.11721515214507032,0.0016757925041019917,0.8161448240280151
4,1,9,receive,1374,0.006737414016961221,0.0039373964544038385,0.4966644630830103,0.09757318635670974,0.0012344521237537265,0.7081267833709717
4,1,10,receive,1374,0.02094878476373597,0.007426669852705,0.5609588568590093,0.10774797070078351,0.0014330612029880285,0.7704217433929443
4,1,11,receive,1374,0.00830412348652843,0.002909020647410406,0.548528958947328,0.10807253798247736,0.0013198420638218522,0.7721824049949646
4,1,12,receive,1374,0.026760881057646378,0.006772987217296113,0.5269599109684732,0.10688488179612621,0.0013369482476264238,0.7486631870269775
4,1,13,receive,1374,0.18148633936702163,0.015707254401428315,0.5450965783609114,0.10817867165558077,0.0014022478135302663,0.7809299826622009
4,1,14,receive,1374,0.004864841301146434,0.0032360258010994433,0.6307166185797859,0.12310691181944693,0.0016937016043812037,0.8403729796409607
4,2,1,receive,1374,0.15904107558530212,0.026966195155896443,0.46667406021033075,0.09184185941826531,0.0013428273377940059,0.682622492313385
4,2,2,receive,1374,0.20291084522009892,0.038619651493642805,0.4732232448694756,0.09053487070687637,0.001370813581161201,0.6813339591026306
4,2,3,receive,1374,0.008672833780082226,0.003994145258990647,0.4067369673777815,0.07964796568496697,0.001088969875127077,0.628491997718811
4,2,4,receive,1374,0.004493070843684548,0.002707199122785712,0.48260280675474376,0.09495421970205642,0.0013817501021549106,0.7002821564674377
4,2,5,receive,1374,0.10885131545282314,0.015266593061792195,0.4847261778696974,0.09679386238396541,0.001305961748585105,0.7175534963607788
4,2,6,receive,1374,0.2550734168744603,0.05736361618628751,0.4597899188647478,0.09570698934514942,0.0011849704897031188,0.7044134140014648
4,2,7,receive,1374,0.005642127869102775,0.002562427630499228,0.46636400543964296,0.09352034801285374,0.0012322160182520747,0.690519392490387
4,2,8,receive,1374,0.006212930381405975,0.0033272993453381827,0.5657858929916771,0.10961193626912165,0.001635667635127902,0.7772054672241211
4,2,9,receive,1374,0.006737414016961221,0.0039373964544038385,0.4164376246035516,0.08545285199968294,0.0009006804903037846,0.6278751492500305
4,2,10,receive,1374,0.02094878476373597,0.007426669852705,0.5181962531198085,0.09962694249125141,0.0013763123424723744,0.7226223349571228
4,2,11,receive,1374,0.00830412348652843,0.002909020647410406,0.504414892948966,0.09991681650710467,0.0013164286501705647,0.7265635132789612
4,2,12,receive,1374,0.026760881057646378,0.006772987217296113,0.48267149282219446,0.09889887760148731,0.001206032931804657,0.7013726830482483
4,2,13,receive,1374,0.18148633936702163,0.015707254401428315,0.5263656870640098,0.10328891765653407,0.0014268597587943077,0.7517637014389038
4,2,14,receive,1374,0.004864841301146434,0.0032360258010994433,0.6431938512797272,0.12218556691467419,0.0015936329727992415,0.8425211906433105
4,3,1,receive,1374,0.15904107558530212,0.026966195155896443,0.4449466051550933,0.09130244899587564,0.00130790239199996,0.6519311666488647
4,3,2,receive,1374,0.20291084522009892,0.038619651493642805,0.45703452190294797,0.0892283665271123,0.0013762061716988683,0.6576456427574158
4,3,3,receive,1374,0.008672833780082226,0.003994145258990647,0.3965655997861685,0.07921380730862426,0.0011222097091376781,0.581337571144104
4,3,4,receive,1374,0.004493070843684548,0.002707199122785712,0.472848498668563,0.09439441384457499,0.0014037997461855412,0.6930657625198364
4,3,5,receive,1374,0.10885131545282314,0.015266593061792195,0.4783624989303233,0.0960312062321757,0.001381981186568737,0.7004374265670776
4,3,6,receive,1374,0.2550734168744603,0.05736361618628751,0.45484015440789977,0.09452676948768318,0.0012837357353419065,0.6778854727745056
4,3,7,receive,1374,0.005642127869102775,0.002562427630499228,0.459787269884004,0.09281432938243715,0.001337810535915196,0.6675714254379272
4,3,8,receive,1374,0.006212930381405975,0.0033272993453381827,0.5678287321271909,0.11125016556238235,0.0017252990510314703,0.7892634868621826
4,3,9,receive,1374,0.006737414016961221,0.0039373964544038385,0.4099586982791091,0.08285154264951773,0.0009836775716394186,0.6136977672576904
4,3,10,receive,1374,0.02094878476373597,0.007426669852705,0.5131085313607673,0.09996628442369793,0.0014283756026998162,0.7257190346717834
4,3,11,receive,1374,0.00830412348652843,0.002909020647410406,0.5147065549556457,0.10259030245916911,0.0013848242815583944,0.7389829754829407
4,3,12,receive,1374,0.026760881057646378,0.006772987217296113,0.4750428195079257,0.09795758067990798,0.0012776331277564168,0.7047902345657349
4,3,13,receive,1374,0.18148633936702163,0.015707254401428315,0.5146395623959462,0.10332740773983264,0.0013986894628033042,0.7493133544921875
4,3,14,receive,1374,0.004864841301146434,0.0032360258010994433,0.6314763925010318,0.12125634217763827,0.0015762781258672476,0.8345737457275391
4,4,1,receive,1374,0.15904107558530212,0.026966195155896443,0.4358337877640735,0.08630495474441813,0.001297991955652833,0.6142401099205017
4,4,2,receive,1374,0.20291084522009892,0.038619651493642805,0.4472325225092106,0.08408063065216952,0.0013173611368983984,0.6173409819602966
4,4,3,receive,1374,0.008672833780082226,0.003994145258990647,0.3997494296197545,0.07568549277686924,0.0011636046692728996,0.5585474371910095
4,4,4,receive,1374,0.004493070843684548,0.002707199122785712,0.4674183797267309,0.08871935165208675,0.001386715448461473,0.6492658853530884
4,4,5,receive,1374,0.10885131545282314,0.015266593061792195,0.47483718361198196,0.0910026232948251,0.001372477156110108,0.6590293645858765
4,4,6,receive,1374,0.2550734168744603,0.05736361618628751,0.45154386762439125,0.08757959979422317,0.0011987523175776005,0.6226745247840881
4,4,7,receive,1374,0.005642127869102775,0.002562427630499228,0.45724525209575595,0.08664746954245976,0.0013588540023192763,0.6274778246879578
4,4,8,receive,1374,0.006212930381405975,0.0033272993453381827,0.5653173697252726,0.10596027884526936,0.001660668756812811,0.7570229172706604
4,4,9,receive,1374,0.006737414016961221,0.0039373964544038385,0.40670407586426,0.07699220137721398,0.0010250351624563336,0.5721870064735413
4,4,10,receive,1374,0.02094878476373597,0.007426669852705,0.5088189110361355,0.09358490901567329,0.001376764615997672,0.6872422695159912
4,4,11,receive,1374,0.00830412348652843,0.002909020647410406,0.5020933890913672,0.09213633820196923,0.001288986299186945,0.676154375076294
4,4,12,receive,1374,0.026760881057646378,0.006772987217296113,0.45209017901558,0.08614252123665085,0.0012394245713949203,0.6469540596008301
4,4,13,receive,1374,0.18148633936702163,0.015707254401428315,0.4854903400848854,0.09161601987958685,0.0012333326740190387,0.6784985065460205
4,4,14,receive,1374,0.004864841301146434,0.0032360258010994433,0.6078122854201439,0.11110039755752937,0.0015584314242005348,0.7774773836135864
4,5,1,receive,1374,0.15904107558530212,0.026966195155896443,0.40461149541201924,0.0802511287792953,0.001182435778900981,0.5627301931381226
4,5,2,receive,1374,0.20291084522009892,0.038619651493642805,0.4149149731798823,0.07704768789171539,0.0012405962916091084,0.5586360692977905
4,5,3,receive,1374,0.008672833780082226,0.003994145258990647,0.3763142355254769,0.07061109231392321,0.0011168986093252897,0.5271192789077759
4,5,4,receive,1374,0.004493070843684548,0.002707199122785712,0.43080734864797093,0.08043807221432506,0.0012781607219949365,0.5896092653274536
4,5,5,receive,1374,0.10885131545282314,0.015266593061792195,0.4497174314789886,0.0845689117093081,0.001317918999120593,0.6253304481506348
4,5,6,receive,1374,0.2550734168744603,0.05736361618628751,0.42819829120833136,0.08124037770413525,0.0011590613285079598,0.5976917147636414
4,5,7,receive,1374,0.005642127869102775,0.002562427630499228,0.43382518522851804,0.0800302716980757,0.0013138690264895558,0.5900615453720093
4,5,8,receive,1374,0.006212930381405975,0.0033272993453381827,0.5415874072211608,0.09995358281218969,0.001605709781870246,0.7172003984451294
4,5,9,receive,1374,0.006737414016961221,0.0039373964544038385,0.3839320889035283,0.07100478253612158,0.001019254676066339,0.5234049558639526
4,5,10,receive,1374,0.02094878476373597,0.007426669852705,0.47321295622177695,0.08561716402644433,0.0013343379832804203,0.6304062604904175
4,5,11,receive,1374,0.00830412348652843,0.002909020647410406,0.45908411164160373,0.08277196018791277,0.0012393436627462506,0.6091682314872742
4,5,12,receive,1374,0.026760881057646378,0.006772987217296113,0.4095729046337357,0.0764370147246663,0.001188499154523015,0.5776925683021545
4,5,13,receive,1374,0.18148633936702163,0.015707254401428315,0.441543215217853,0.08221994744368431,0.0011858309153467417,0.6133781671524048
4,5,14,receive,1374,0.004864841301146434,0.0032360258010994433,0.5667944377142661,0.10410701473693056,0.0014652864774689078,0.7255957126617432
4,6,1,receive,1374,0.15904107558530212,0.026966195155896443,0.405880617400007,0.08300670682188008,0.0011085068108513951,0.569323718547821
4,6,2,receive,1374,0.20291084522009892,0.038619651493642805,0.42263339309903336,0.0785243754615894,0.0012314080959185958,0.5721533298492432
4,6,3,receive,1374,0.008672833780082226,0.003994145258990647,0.38297487803978175,0.07252078887897018,0.0010923539521172643,0.5383638143539429
4,6,4,receive,1374,0.004493070843684548,0.002707199122785712,0.4376234443060304,0.0812364988670788,0.0013418288435786963,0.6003360152244568
4,6,5,receive,1374,0.10885131545282314,0.015266593061792195,0.4561408215303725,0.08531821538799146,0.00136381306219846,0.6356117129325867
4,6,6,receive,1374,0.2550734168744603,0.05736361618628751,0.4345371330003905,0.08141880645589154,0.0012400031555444002,0.6082562804222107
4,6,7,receive,1374,0.005642127869102775,0.002562427630499228,0.4436972125258339,0.0810146640763181,0.001402600551955402,0.6045278906822205
4,6,8,receive,1374,0.006212930381405975,0.0033272993453381827,0.571869587804224,0.10360358418493604,0.0019190519815310836,0.7271278500556946
4,6,9,receive,1374,0.006737414016961221,0.0039373964544038385,0.38814627594598183,0.07245770845414565,0.0010177554795518517,0.5389873385429382
4,6,10,receive,1374,0.02094878476373597,0.007426669852705,0.47573736791324084,0.08471890955594252,0.0014350024284794927,0.6191210746765137
4,6,11,receive,1374,0.00830412348652843,0.002909020647410406,0.461991709544665,0.08200738711509785,0.0013328513596206903,0.6054542660713196
4,6,12,receive,1374,0.026760881057646378,0.006772987217296113,0.3998435881240307,0.07276345573505742,0.0011530437041074038,0.5504446625709534
4,6,13,receive,1374,0.18148633936702163,0.015707254401428315,0.41319983714171027,0.07500439317384257,0.0011231070384383202,0.5587356090545654
4,6,14,receive,1374,0.004864841301146434,0.0032360258010994433,0.5372124809492684,0.09856318119606092,0.0013364906189963222,0.6912499070167542
4,7,1,receive,1374,0.15904107558530212,0.026966195155896443,0.37766462600985856,0.08174664877275649,0.001002711127512157,0.5528101921081543
4,7,2,receive,1374,0.20291084522009892,0.038619651493642805,0.38558702622580965,0.07161784243851346,0.0010991445742547512,0.5327214002609253
4,7,3,receive,1374,0.008672833780082226,0.003994145258990647,0.3310707487653788,0.063446701289309,0.0009064958430826664,0.48353901505470276
4,7,4,receive,1374,0.004493070843684548,0.002707199122785712,0.39278218959784544,0.07275586130367527,0.0011623817263171077,0.5574508309364319
4,7,5,receive,1374,0.10885131545282314,0.015266593061792195,0.4097159842056835,0.07625892431742957,0.001181429368443787,0.5916144847869873
4,7,6,receive,1374,0.2550734168744603,0.05736361618628751,0.37520986332678746,0.06838727274566225,0.001063902978785336,0.5383474826812744
4,7,7,receive,1374,0.005642127869102775,0.002562427630499228,0.3862304877860233,0.07009193081591494,0.001175041077658534,0.5464769005775452
4,7,8,receive,1374,0.006212930381405975,0.0033272993453381827,0.521827206677646,0.09520045928462438,0.0016972317826002836,0.6819063425064087
4,7,9,receive,1374,0.006737414016961221,0.0039373964544038385,0.3432679313903992,0.06435565989044886,0.0009248129208572209,0.49282506108283997
4,7,10,receive,1374,0.02094878476373597,0.007426669852705,0.44918353860947713,0.07942144104090577,0.0013601422542706132,0.5880786776542664
4,7,11,receive,1374,0.00830412348652843,0.002909020647410406,0.4345840343662736,0.07635766104237099,0.0012647326802834868,0.5671969056129456
4,7,12,receive,1374,0.026760881057646378,0.006772987217296113,0.3701949542498635,0.06656334895954268,0.001087478594854474,0.516534686088562
4,7,13,receive,1374,0.18148633936702163,0.015707254401428315,0.3889761586428526,0.0699110300501101,0.0010519345523789525,0.5090547204017639
4,7,14,receive,1374,0.004864841301146434,0.0032360258010994433,0.48563836479101674,0.08775870521007777,0.0012635545572265983,0.625417947769165
4,8,1,receive,1374,0.15904107558530212,0.026966195155896443,0.2921626926032898,0.07097837172331789,0.0009093445260077715,0.46674084663391113
4,8,2,receive,1374,0.20291084522009892,0.038619651493642805,0.2962922742179381,0.05836105040154926,0.0009982045739889145,0.4266912341117859
4,8,3,receive,1374,0.008672833780082226,0.003994145258990647,0.25146007183753666,0.05246078676335158,0.0008406109409406781,0.37050458788871765
4,8,4,receive,1374,0.004493070843684548,0.002707199122785712,0.3045130004434273,0.05971445786674797,0.001044381526298821,0.4409829080104828
4,8,5,receive,1374,0.10885131545282314,0.015266593061792195,0.3143021984206644,0.061686707797221865,0.0010716562392190099,0.4681966304779053
4,8,6,receive,1374,0.2550734168744603,0.05736361618628751,0.2818751020474021,0.05428978796993807,0.0009353042696602643,0.42017263174057007
4,8,7,receive,1374,0.005642127869102775,0.002562427630499228,0.29153754324250647,0.05638618824852585,0.0010400390019640326,0.42817264795303345
4,8,8,receive,1374,0.006212930381405975,0.0033272993453381827,0.4321578247093913,0.08256131530363303,0.001538021257147193,0.5936452150344849
4,8,9,receive,1374,0.006737414016961221,0.0039373964544038385,0.2613091500850243,0.051579847002457234,0.000827810144983232,0.3892046809196472
4,8,10,receive,1374,0.02094878476373597,0.007426669852705,0.4205833536129969,0.07564646169025238,0.0013874135911464691,0.5593081116676331
4,8,11,receive,1374,0.00830412348652843,0.002909020647410406,0.429435513326217,0.07566801364647044,0.001335597364231944,0.5595294237136841
4,8,12,receive,1374,0.026760881057646378,0.006772987217296113,0.33992204042605706,0.0615574056802836,0.0011146293254569173,0.47539225220680237
4,8,13,receive,1374,0.18148633936702163,0.015707254401428315,0.3453199386436884,0.06208794126122876,0.001068625831976533,0.4511873126029968
4,8,14,receive,1374,0.004864841301146434,0.0032360258010994433,0.42358807551984984,0.07771069850996724,0.0013305480824783444,0.5635206699371338
4,9,1,receive,1374,0.15904107558530212,0.026966195155896443,0.42151211522159665,0.08950537004427254,0.0012320675887167454,0.598776638507843
4,9,2,receive,1374,0.20291084522009892,0.038619651493642805,0.42655031182132175,0.07880028628158876,0.0013557759812101722,0.5740559101104736
4,9,3,receive,1374,0.008672833780082226,0.003994145258990647,0.3672795501771299,0.07094884045927585,0.001121913199312985,0.5164389610290527
4,9,4,receive,1374,0.004493070843684548,0.002707199122785712,0.44843931711596413,0.08221364201694775,0.0015427198959514499,0.6070319414138794
4,9,5,receive,1374,0.10885131545282314,0.015266593061792195,0.4484286148903798,0.0827631688330723,0.0014928578166291118,0.6217969655990601
4,9,6,receive,1374,0.2550734168744603,0.05736361618628751,0.42477215205655083,0.07755995240180448,0.0014074723003432155,0.5891891121864319
4,9,7,receive,1374,0.005642127869102775,0.002562427630499228,0.428196665264254,0.07869589868280652,0.0014534267829731107,0.5920476913452148
4,9,8,receive,1374,0.006212930381405975,0.0033272993453381827,0.5584120350844787,0.10118149186336765,0.002005254151299596,0.7221558690071106
4,9,9,receive,1374,0.006737414016961221,0.0039373964544038385,0.3742946504797072,0.07143480710311811,0.0010473092552274466,0.5408185720443726
4,9,10,receive,1374,0.02094878476373597,0.007426669852705,0.4894077015708213,0.08715020510021368,0.0014972134958952665,0.6384566426277161
4,9,11,receive,1374,0.00830412348652843,0.002909020647410406,0.47722414998507756,0.08406324630171953,0.0014521221164613962,0.6213951706886292
4,9,12,receive,1374,0.026760881057646378,0.006772987217296113,0.4105740385407953,0.07336895941186806,0.0012143695494160056,0.5488988161087036
4,9,13,receive,1374,0.18148633936702163,0.015707254401428315,0.41782449160684226,0.07562596563196278,0.001120018307119608,0.5415598154067993
4,9,14,receive,1374,0.004864841301146434,0.0032360258010994433,0.5017031205905665,0.08906331444343983,0.0014499223325401545,0.6295644640922546
4,10,1,receive,1374,0.15904107558530212,0.026966195155896443,0.31775611439464596,0.07993929006886628,0.0009678947972133756,0.5031868815422058
4,10,2,receive,1374,0.20291084522009892,0.038619651493642805,0.31882894938076906,0.06546181226091206,0.0010153676848858595,0.4680948555469513
4,10,3,receive,1374,0.008672833780082226,0.003994145258990647,0.25364891580781146,0.05442829453405135,0.0007961763185448945,0.38108590245246887
4,10,4,receive,1374,0.004493070843684548,0.002707199122785712,0.3207484995592975,0.0636901078241066,0.001092173857614398,0.46944013237953186
4,10,5,receive,1374,0.10885131545282314,0.015266593061792195,0.3089343021239806,0.06229208428689429,0.0010022426722571254,0.4720876216888428
4,10,6,receive,1374,0.2550734168744603,0.05736361618628751,0.263445292964335,0.05069261293835046,0.0008630800875835121,0.4053612947463989
4,10,7,receive,1374,0.005642127869102775,0.002562427630499228,0.2704331179576813,0.05345635525257707,0.0008911637123674154,0.4169245958328247
4,10,8,receive,1374,0.006212930381405975,0.0033272993453381827,0.39145225334261496,0.07729299083600429,0.0012732356553897262,0.5625172257423401
4,10,9,receive,1374,0.006737414016961221,0.0039373964544038385,0.23150414280580517,0.048819543202111626,0.0006821117713116109,0.3884921669960022
4,10,10,receive,1374,0.02094878476373597,0.007426669852705,0.38086239415096534,0.06792421218489995,0.0010847806697711349,0.5092548727989197
4,10,11,receive,1374,0.00830412348652843,0.002909020647410406,0.37912281822598587,0.06614712445333132,0.0010887457756325603,0.5149105787277222
4,10,12,receive,1374,0.026760881057646378,0.006772987217296113,0.3181745225421812,0.05670574280817143,0.0009418291738256812,0.4449167847633362
4,10,13,receive,1374,0.18148633936702163,0.015707254401428315,0.33615361437903213,0.06363288650074513,0.0008856592467054725,0.4631090462207794
4,10,14,receive,1374,0.004864841301146434,0.0032360258010994433,0.41587545038160245,0.07708778828037532,0.0011857819044962525,0.5488376021385193
4,11,1,receive,1374,0.15904107558530212,0.026966195155896443,0.378570473747578,0.08243151728035618,0.0011317395837977529,0.5795551538467407
4,11,2,receive,1374,0.20291084522009892,0.038619651493642805,0.3781290942015231,0.07083326250381013,0.0011540903942659497,0.5365521311759949
4,11,3,receive,1374,0.008672833780082226,0.003994145258990647,0.3173773969391265,0.06020493592809323,0.0009488151990808547,0.45443516969680786
4,11,4,receive,1374,0.004493070843684548,0.002707199122785712,0.3794809695551161,0.06922475711209883,0.0012260186485946178,0.533542275428772
4,11,5,receive,1374,0.10885131545282314,0.015266593061792195,0.3767062770464563,0.06949396194647321,0.0012027663178741932,0.5472608208656311
4,11,6,receive,1374,0.2550734168744603,0.05736361618628751,0.32753407488127334,0.05943666333655993,0.0009534069104120135,0.4730609357357025
4,11,7,receive,1374,0.005642127869102775,0.002562427630499228,0.34384438698095293,0.06288704047740766,0.0010904730297625065,0.4988328218460083
4,11,8,receive,1374,0.006212930381405975,0.0033272993453381827,0.49871004257622964,0.09023620668214287,0.0015625226078554988,0.6635326743125916
4,11,9,receive,1374,0.006737414016961221,0.0039373964544038385,0.34331439947819586,0.06599863772995924,0.0009721895912662148,0.5090044140815735
4,11,10,receive,1374,0.02094878476373597,0.007426669852705,0.4257604637005491,0.07485010635307532,0.0011287551606073976,0.5444943308830261
4,11,11,receive,1374,0.00830412348652843,0.002909020647410406,0.397910234181897,0.0693106400566852,0.0010501286014914513,0.5121147036552429
4,11,12,receive,1374,0.026760881057646378,0.006772987217296113,0.3566048015675811,0.06338380906473774,0.0009814930381253362,0.48057717084884644
4,11,13,receive,1374,0.18148633936702163,0.015707254401428315,0.3738428684829441,0.0761181577450568,0.0009229598799720407,0.5056455731391907
4,11,14,receive,1374,0.004864841301146434,0.0032360258010994433,0.45637945550484743,0.08736348687176697,0.0012875765096396208,0.5647355914115906
4,12,1,receive,1374,0.15904107558530212,0.026966195155896443,0.3706508216370518,0.08021891258501938,0.0010654502548277378,0.5637615919113159
4,12,2,receive,1374,0.20291084522009892,0.038619651493642805,0.37350613949532324,0.06965416948229178,0.0011455672793090343,0.5278273224830627
4,12,3,receive,1374,0.008672833780082226,0.003994145258990647,0.313034252292074,0.05847345628338714,0.0009418066474609077,0.4457613527774811
4,12,4,receive,1374,0.004493070843684548,0.002707199122785712,0.3761684361216917,0.06813819181775725,0.0012051837984472513,0.5248110294342041
4,12,5,receive,1374,0.10885131545282314,0.015266593061792195,0.37685559907510574,0.06888813450151257,0.001193371368572116,0.5423005223274231
4,12,6,receive,1374,0.2550734168744603,0.05736361618628751,0.32819239819533186,0.05984566812578977,0.0009275851771235466,0.46807780861854553
4,12,7,receive,1374,0.005642127869102775,0.002562427630499228,0.3469776186936676,0.06323703556009144,0.001054725726135075,0.48850545287132263
4,12,8,receive,1374,0.006212930381405975,0.0033272993453381827,0.5116408375498372,0.09237823968773112,0.0015493083046749234,0.6668926477432251
4,12,9,receive,1374,0.006737414016961221,0.0039373964544038385,0.35721784287563246,0.06756440316177535,0.0009751093457452953,0.5150360465049744
4,12,10,receive,1374,0.02094878476373597,0.007426669852705,0.47775010958726055,0.08406457408261589,0.001151509233750403,0.6033918261528015
4,12,11,receive,1374,0.00830412348652843,0.002909020647410406,0.4704417796962077,0.08206313975705362,0.0011550181079655886,0.5798497200012207
4,12,12,receive,1374,0.026760881057646378,0.006772987217296113,0.4076230018456423,0.07258265554422953,0.0010982041712850332,0.5010735988616943
4,12,13,receive,1374,0.18148633936702163,0.015707254401428315,0.42448196257151094,0.08673526551268049,0.0010327184572815895,0.5201323628425598
4,12,14,receive,1374,0.004864841301146434,0.0032360258010994433,0.4994277214331334,0.09473034291054538,0.0013411261606961489,0.599929690361023
4,13,1,receive,1374,0.15904107558530212,0.026966195155896443,0.27690465535585235,0.06279384207027554,0.0009806293528527021,0.4411238133907318
4,13,2,receive,1374,0.20291084522009892,0.038619651493642805,0.2719280815612473,0.05320356402240504,0.0010228563332930207,0.39469844102859497
4,13,3,receive,1374,0.008672833780082226,0.003994145258990647,0.21144707821949427,0.040592657263998216,0.000847860996145755,0.3028434216976166
4,13,4,receive,1374,0.004493070843684548,0.002707199122785712,0.26151354041611746,0.048883125339134074,0.000978094176389277,0.37264034152030945
4,13,5,receive,1374,0.10885131545282314,0.015266593061792195,0.23019959844672222,0.042984447575279486,0.0009390331106260419,0.333190381526947
4,13,6,receive,1374,0.2550734168744603,0.05736361618628751,0.18998940898408995,0.04173376994648607,0.00074195017805323,0.2733498811721802
4,13,7,receive,1374,0.005642127869102775,0.002562427630499228,0.21623562718860215,0.04886750147762223,0.0008625900954939425,0.3097009062767029
4,13,8,receive,1374,0.006212930381405975,0.0033272993453381827,0.4664415185952497,0.0962029482290154,0.0014879622031003237,0.6088994145393372
4,13,9,receive,1374,0.006737414016961221,0.0039373964544038385,0.3182129493751106,0.0691471616268053,0.0009364777361042798,0.4381210505962372
4,13,10,receive,1374,0.02094878476373597,0.007426669852705,0.3311308830006528,0.0697379153231263,0.0009421684080734849,0.4387360215187073
4,13,11,receive,1374,0.00830412348652843,0.002909020647410406,0.32465950001173166,0.06888745348709069,0.0009450399084016681,0.4262140095233917
4,13,12,receive,1374,0.026760881057646378,0.006772987217296113,0.28154056726936577,0.06549043383444048,0.0009511418174952269,0.3769696056842804
4,13,13,receive,1374,0.18148633936702163,0.015707254401428315,0.31609760434455725,0.08884931380262209,0.0008885293500497937,0.43715977668762207
4,13,14,receive,1374,0.004864841301146434,0.0032360258010994433,0.36610919328803315,0.0892498572739056,0.0011115014785900712,0.47788184881210327
4,14,1,receive,1374,0.15904107558530212,0.026966195155896443,0.24457191620786298,0.05310498425751534,0.0009891710942611098,0.37223032116889954
4,14,2,receive,1374,0.20291084522009892,0.038619651493642805,0.26296925898017753,0.05327791664929338,0.001074358937330544,0.3591143786907196
4,14,3,receive,1374,0.008672833780082226,0.003994145258990647,0.22471368722793011,0.04402973480174384,0.0009527062647975981,0.29078400135040283
4,14,4,receive,1374,0.004493070843684548,0.002707199122785712,0.2585701332612267,0.051943345583992925,0.00104967609513551,0.34604522585868835
4,14,5,receive,1374,0.10885131545282314,0.015266593061792195,0.20447210009711228,0.04416654878444357,0.0008693209383636713,0.27085089683532715
4,14,6,receive,1374,0.2550734168744603,0.05736361618628751,0.1506069234576672,0.04539533965050708,0.0006238855421543121,0.24319012463092804
4,14,7,receive,1374,0.005642127869102775,0.002562427630499228,0.1712966772780284,0.05275133237875991,0.0006673176540061831,0.28489556908607483
4,14,8,receive,1374,0.006212930381405975,0.0033272993453381827,0.37609607637727704,0.10048184308624113,0.0012009231140837073,0.5594330430030823
4,14,9,receive,1374,0.006737414016961221,0.0039373964544038385,0.24052540802330238,0.06905460158434153,0.000716283218935132,0.3635534644126892
4,14,10,receive,1374,0.02094878476373597,0.007426669852705,0.22164279403105844,0.0670930542954728,0.0006479081348516047,0.3630048632621765
4,14,11,receive,1374,0.00830412348652843,0.002909020647410406,0.20828629621083264,0.06494373778904304,0.0005943204741925001,0.3444186747074127
4,14,12,receive,1374,0.026760881057646378,0.006772987217296113,0.1972219187707767,0.06546503516816006,0.0005565032479353249,0.3264538049697876
4,14,13,receive,1374,0.18148633936702163,0.015707254401428315,0.23006611135761995,0.08791655445372594,0.0005340457428246737,0.3941460847854614
4,14,14,receive,1374,0.004864841301146434,0.0032360258010994433,0.28681870841197,0.09296781664683208,0.0006793240900151432,0.4153060019016266
6,1,1,receive,360,0.2705432478810124,0.05527033164285295,0.5495784983970224,0.0856760825690542,0.0015360679244622588,0.6780059933662415
6,1,2,receive,360,0.11445078204322989,0.03372554522766565,0.5694224956975732,0.09173468944423646,0.0015779847744852304,0.734117865562439
6,1,3,receive,360,0.05001997279766195,0.009768697595128837,0.5111420135369472,0.08218153087281325,0.0013073306763544679,0.6771807074546814
6,1,4,receive,360,0.01691507315241061,0.005307042087280059,0.5794125200132839,0.09508638158449415,0.0015864704037085176,0.7476083040237427
6,1,5,receive,360,0.09715337883971525,0.02220604230945661,0.5664650326568841,0.09478221909970208,0.001538270153105259,0.7519807815551758
6,1,6,receive,360,0.16752554946648754,0.04934919052091375,0.5498576313981579,0.09569558368181996,0.0014325714437291026,0.7431538701057434
6,1,7,receive,360,0.02154330337187018,0.007343355879724968,0.5561137678247178,0.09588297016534597,0.001521461526863277,0.7480486631393433
6,1,8,receive,360,0.013029458629678276,0.005676342221922848,0.6516249605528881,0.10516468618578828,0.0018370837206020951,0.8090245127677917
6,1,9,receive,360,0.023451908291912914,0.005552515352291151,0.5643263043745214,0.0941592773184365,0.0014635705156251788,0.7282540798187256
6,1,10,receive,360,0.06842548261009432,0.03890066281179108,0.6217744681363304,0.1005990266322124,0.001561689074151218,0.7767375111579895
6,1,11,receive,360,0.022016630115382893,0.010600841987124921,0.6193765958428331,0.10179029907090598,0.001485619810409844,0.7799182534217834
6,1,12,receive,360,0.06251688920806936,0.011674844428407305,0.6018624718084337,0.102283257607237,0.0014630103250965476,0.7609429359436035
6,1,13,receive,360,0.06458963209863375,0.018468914904014855,0.5992511027062493,0.1021137165297907,0.0011678693117573857,0.7689622044563293
6,1,14,receive,360,0.007818691493840579,0.0016295984197570268,0.7222948045356639,0.11269255314705685,0.0015245242975652218,0.8384977579116821
6,2,1,receive,360,0.2705432478810124,0.05527033164285295,0.46703378427450337,0.07211320319092558,0.0014579062117263675,0.6253678798675537
6,2,2,receive,360,0.11445078204322989,0.03372554522766565,0.4935498269895712,0.08188550793654373,0.001476238132454455,0.6700335144996643
6,2,3,receive,360,0.05001997279766195,0.009768697595128837,0.43223250620649195,0.07132098589333251,0.0012060399167239666,0.5961350202560425
6,2,4,receive,360,0.01691507315241061,0.005307042087280059,0.4959334617302779,0.08644072442490205,0.001415650243870914,0.6830223798751831
6,2,5,receive,360,0.09715337883971525,0.02220604230945661,0.4979457890640737,0.0864307803376976,0.0013820950407534838,0.6716023087501526
6,2,6,receive,360,0.16752554946648754,0.04934919052091375,0.48204718298188204,0.08808846894694836,0.001196655328385532,0.6623095870018005
6,2,7,receive,360,0.02154330337187018,0.007343355879724968,0.4933028046966582,0.08773021277267294,0.0013815909624099731,0.6691415905952454
6,2,8,receive,360,0.013029458629678276,0.005676342221922848,0.602532990179154,0.09999796299972548,0.0017433620523661375,0.7754588723182678
6,2,9,receive,360,0.023451908291912914,0.005552515352291151,0.4896763593404709,0.08500584633897151,0.0012452038936316967,0.640276312828064
6,2,10,receive,360,0.06842548261009432,0.03890066281179108,0.5771876630328027,0.0933929262168575,0.0015093302354216576,0.7382298111915588
6,2,11,receive,360,0.022016630115382893,0.010600841987124921,0.5728099806159864,0.09473060780679456,0.0014234640402719378,0.7410922646522522
6,2,12,receive,360,0.06251688920806936,0.011674844428407305,0.555047626401453,0.09396155265837972,0.0014115282101556659,0.6984590888023376
6,2,13,receive,360,0.06458963209863375,0.018468914904014855,0.5860401485380458,0.09656816228568753,0.0013168079312890768,0.753092348575592
6,2,14,receive,360,0.007818691493840579,0.0016295984197570268,0.7349262075657155,0.11039216054297349,0.0017220588633790612,0.8444327116012573
6,3,1,receive,360,0.2705432478810124,0.05527033164285295,0.4463959230177958,0.07477675837374623,0.001296801958233118,0.6809971928596497
6,3,2,receive,360,0.11445078204322989,0.03372554522766565,0.47788323099796093,0.08206322183142455,0.0013809528900310397,0.6729273200035095
6,3,3,receive,360,0.05001997279766195,0.009768697595128837,0.4222333512356272,0.07458316530325179,0.0011817101622000337,0.6019517183303833
6,3,4,receive,360,0.01691507315241061,0.005307042087280059,0.48641256721748505,0.08576416288010348,0.0013870978727936745,0.6893814206123352
6,3,5,receive,360,0.09715337883971525,0.02220604230945661,0.4912918642561029,0.08468969884908878,0.001405715593136847,0.6841803193092346
6,3,6,receive,360,0.16752554946648754,0.04934919052091375,0.4783939487869955,0.08559274478550413,0.001308407518081367,0.6733998656272888
6,3,7,receive,360,0.02154330337187018,0.007343355879724968,0.49118101760654503,0.08556126164879785,0.0014287960948422551,0.6799958348274231
6,3,8,receive,360,0.013029458629678276,0.005676342221922848,0.6082197202705881,0.09971798685457085,0.0018321640091016889,0.7961063981056213
6,3,9,receive,360,0.023451908291912914,0.005552515352291151,0.4867414237433372,0.08287517716784397,0.001358894631266594,0.6509127020835876
6,3,10,receive,360,0.06842548261009432,0.03890066281179108,0.5737276135801544,0.09132549027116314,0.0016351621598005295,0.751007616519928
6,3,11,receive,360,0.022016630115382893,0.010600841987124921,0.5866725962896857,0.09418510392988219,0.0016485432861372828,0.7660490870475769
6,3,12,receive,360,0.06251688920806936,0.011674844428407305,0.5490466353978263,0.0921496898535438,0.0014788482803851366,0.7114560604095459
6,3,13,receive,360,0.06458963209863375,0.018468914904014855,0.5763081896257871,0.09518559251974602,0.0013585019623860717,0.7596056461334229
6,3,14,receive,360,0.007818691493840579,0.0016295984197570268,0.7252780525240168,0.10869297807158947,0.0016958999913185835,0.8348784446716309
6,4,1,receive,360,0.2705432478810124,0.05527033164285295,0.4303369227337599,0.06666155116382384,0.0012839155970141292,0.6898542046546936
6,4,2,receive,360,0.11445078204322989,0.03372554522766565,0.46064144416531133,0.07516343294018214,0.0012599617475643754,0.6598807573318481
6,4,3,receive,360,0.05001997279766195,0.009768697595128837,0.41833297084312004,0.06798172390194955,0.0011349823325872421,0.6242583990097046
6,4,4,receive,360,0.01691507315241061,0.005307042087280059,0.47270498018511314,0.07776191151339285,0.0012561142211779952,0.651035726070404
6,4,5,receive,360,0.09715337883971525,0.02220604230945661,0.4809219133128257,0.07794022722803769,0.0012465317267924547,0.6474123001098633
6,4,6,receive,360,0.16752554946648754,0.04934919052091375,0.46839964667936634,0.07919917637918393,0.0011574792442843318,0.635707676410675
6,4,7,receive,360,0.02154330337187018,0.007343355879724968,0.48180125195196727,0.07808448367423647,0.001400641049258411,0.6434740424156189
6,4,8,receive,360,0.013029458629678276,0.005676342221922848,0.5988879522780836,0.09383815757081122,0.0017146921018138528,0.767511785030365
6,4,9,receive,360,0.023451908291912914,0.005552515352291151,0.47617764436064236,0.0748896437146919,0.0012961655156686902,0.6078484058380127
6,4,10,receive,360,0.06842548261009432,0.03890066281179108,0.5637796213132484,0.08583548931385677,0.0015483637107536197,0.7183259725570679
6,4,11,receive,360,0.022016630115382893,0.010600841987124921,0.5648758629346654,0.0866406735500587,0.001448633847758174,0.7151073217391968
6,4,12,receive,360,0.06251688920806936,0.011674844428407305,0.5188486249638825,0.08408715125430334,0.0012696963967755437,0.6593332290649414
6,4,13,receive,360,0.06458963209863375,0.018468914904014855,0.5427780435019587,0.08884124371775673,0.001148897223174572,0.7305654287338257
6,4,14,receive,360,0.007818691493840579,0.0016295984197570268,0.6996050310971138,0.1056385302615749,0.0014399763895198703,0.8033196330070496
6,5,1,receive,360,0.2705432478810124,0.05527033164285295,0.39386490105502564,0.06081140786669661,0.0012068299110978842,0.6698371171951294
6,5,2,receive,360,0.11445078204322989,0.03372554522766565,0.42286085313696986,0.06799158478659187,0.0011791144497692585,0.6381621360778809
6,5,3,receive,360,0.05001997279766195,0.009768697595128837,0.38947863526797544,0.06267093331057787,0.0011042598634958267,0.6095543503761292
6,5,4,receive,360,0.01691507315241061,0.005307042087280059,0.43071009992401943,0.06936289192227639,0.0011608137283474207,0.5899161100387573
6,5,5,receive,360,0.09715337883971525,0.02220604230945661,0.4504462209462266,0.07100918771366474,0.0012001192662864923,0.6054731607437134
6,5,6,receive,360,0.16752554946648754,0.04934919052091375,0.43971519170510065,0.07232479768629259,0.0011220942251384258,0.6009218096733093
6,5,7,receive,360,0.02154330337187018,0.007343355879724968,0.45298671900495213,0.0709208779206489,0.0013578325742855668,0.6091049313545227
6,5,8,receive,360,0.013029458629678276,0.005676342221922848,0.5707426091630219,0.08830718976954421,0.0016623020637780428,0.7269484400749207
6,5,9,receive,360,0.023451908291912914,0.005552515352291151,0.4475274955155328,0.06854060145126423,0.0012717860518023372,0.5779102444648743
6,5,10,receive,360,0.06842548261009432,0.03890066281179108,0.5234072575866271,0.07879100891055735,0.0014848877908661962,0.6616447567939758
6,5,11,receive,360,0.022016630115382893,0.010600841987124921,0.5179742052484977,0.07839895231725197,0.0013782135210931301,0.6494745016098022
6,5,12,receive,360,0.06251688920806936,0.011674844428407305,0.47138356867524434,0.07541401411227712,0.0012079639127478004,0.6412174701690674
6,5,13,receive,360,0.06458963209863375,0.018468914904014855,0.4974672504855941,0.0813969793508998,0.0011089630424976349,0.7234629392623901
6,5,14,receive,360,0.007818691493840579,0.0016295984197570268,0.6619742813959925,0.10058795878004896,0.0013899389887228608,0.7720624804496765
6,6,1,receive,360,0.2705432478810124,0.05527033164285295,0.40296976304477233,0.05938299417997339,0.0012376438826322556,0.605097770690918
6,6,2,receive,360,0.11445078204322989,0.03372554522766565,0.4377967295330665,0.06529551981459938,0.0013801738386973739,0.5931275486946106
6,6,3,receive,360,0.05001997279766195,0.009768697595128837,0.40321067124411153,0.06040585095224447,0.0012663907837122679,0.5633952617645264
6,6,4,receive,360,0.01691507315241061,0.005307042087280059,0.447261619987613,0.06701461331569142,0.0013750990619882941,0.5813929438591003
6,6,5,receive,360,0.09715337883971525,0.02220604230945661,0.466762313565899,0.06880705578567355,0.0014259591698646545,0.61053466796875
6,6,6,receive,360,0.16752554946648754,0.04934919052091375,0.4540993964373936,0.06937967919841229,0.0013234402285888791,0.6042328476905823
6,6,7,receive,360,0.02154330337187018,0.007343355879724968,0.47097012012511386,0.06957544227714886,0.0015345315914601088,0.6161864399909973
6,6,8,receive,360,0.013029458629678276,0.005676342221922848,0.6177867769134334,0.08896216105620225,0.002163114259019494,0.7392727732658386
6,6,9,receive,360,0.023451908291912914,0.005552515352291151,0.46036722724481177,0.06699326381817487,0.0014107434544712305,0.5808681845664978
6,6,10,receive,360,0.06842548261009432,0.03890066281179108,0.5347424575515712,0.07559393571150178,0.0016470905393362045,0.6435613036155701
6,6,11,receive,360,0.022016630115382893,0.010600841987124921,0.5300001792958937,0.07534451856691686,0.001539084711112082,0.638625979423523
6,6,12,receive,360,0.06251688920806936,0.011674844428407305,0.47248043765203973,0.07117731090036378,0.0013321482110768557,0.5942134261131287
6,6,13,receive,360,0.06458963209863375,0.018468914904014855,0.47210967680536364,0.07270108309218885,0.0011154738022014499,0.6442312598228455
6,6,14,receive,360,0.007818691493840579,0.0016295984197570268,0.636979203020908,0.09811165333388108,0.0013371672248467803,0.7399778366088867
6,7,1,receive,360,0.2705432478810124,0.05527033164285295,0.36688320446668915,0.05537920785859751,0.0011157182743772864,0.5789614915847778
6,7,2,receive,360,0.11445078204322989,0.03372554522766565,0.39345630269801607,0.05911047784105045,0.0012058198917657137,0.5563666224479675
6,7,3,receive,360,0.05001997279766195,0.009768697595128837,0.34361906608844744,0.05440684763361421,0.0010418518213555217,0.5083125829696655
6,7,4,receive,360,0.01691507315241061,0.005307042087280059,0.39526143058998664,0.05844315739476824,0.0011842031963169575,0.5240460634231567
6,7,5,receive,360,0.09715337883971525,0.02220604230945661,0.4127502335859592,0.059538136951202046,0.0012586478842422366,0.5565709471702576
6,7,6,receive,360,0.16752554946648754,0.04934919052091375,0.3977873743220698,0.05850062026729042,0.0012043792521581054,0.5478590726852417
6,7,7,receive,360,0.02154330337187018,0.007343355879724968,0.4142727782577923,0.05994121649702476,0.0013104970566928387,0.5602762699127197
6,7,8,receive,360,0.013029458629678276,0.005676342221922848,0.5697595017528834,0.08192269275554113,0.0019657211378216743,0.687548041343689
6,7,9,receive,360,0.023451908291912914,0.005552515352291151,0.41050560150114407,0.059895963768590105,0.001280061318539083,0.5313391089439392
6,7,10,receive,360,0.06842548261009432,0.03890066281179108,0.5041499072000281,0.06937556868871395,0.0016435704892501235,0.610683262348175
6,7,11,receive,360,0.022016630115382893,0.010600841987124921,0.4968499764622215,0.06850450163533817,0.0015709686558693647,0.6106940507888794
6,7,12,receive,360,0.06251688920806936,0.011674844428407305,0.43603323181192133,0.0640033750815638,0.0013530413853004575,0.5598778128623962
6,7,13,receive,360,0.06458963209863375,0.018468914904014855,0.43330212373467575,0.06331505680358891,0.0011574251111596823,0.579592764377594
6,7,14,receive,360,0.007818691493840579,0.0016295984197570268,0.5643600338193614,0.08517180840255105,0.0013776335399597883,0.6695953011512756
6,8,1,receive,360,0.2705432478810124,0.05527033164285295,0.2853565042515078,0.0480758764311263,0.000989588676020503,0.4680991470813751
6,8,2,receive,360,0.11445078204322989,0.03372554522766565,0.3056690907542361,0.050940130172260914,0.0010650712065398693,0.4436693787574768
6,8,3,receive,360,0.05001997279766195,0.009768697595128837,0.264956462170974,0.04795146322442737,0.0009396478999406099,0.4016602635383606
6,8,4,receive,360,0.01691507315241061,0.005307042087280059,0.309496843096632,0.050438458876299726,0.0010639901738613844,0.4272136390209198
6,8,5,receive,360,0.09715337883971525,0.02220604230945661,0.3197267239612605,0.050148427044558276,0.0011308861430734396,0.446930855512619
6,8,6,receive,360,0.16752554946648754,0.04934919052091375,0.3034158082604538,0.04869322394946147,0.0010120478691533208,0.43836137652397156
6,8,7,receive,360,0.02154330337187018,0.007343355879724968,0.31807400141777986,0.05007185059382324,0.0011381226358935237,0.4507710635662079
6,8,8,receive,360,0.013029458629678276,0.005676342221922848,0.477971835648835,0.07203150001612348,0.00173773558344692,0.6014693975448608
6,8,9,receive,360,0.023451908291912914,0.005552515352291151,0.32047347926321285,0.05000659737481544,0.0011315083829686046,0.42726218700408936
6,8,10,receive,360,0.06842548261009432,0.03890066281179108,0.4789969760973084,0.06734596664171719,0.0016552836168557405,0.5789772272109985
6,8,11,receive,360,0.022016630115382893,0.010600841987124921,0.49305623998063514,0.06841800437193875,0.0016123511595651507,0.6184519529342651
6,8,12,receive,360,0.06251688920806936,0.011674844428407305,0.4032556224181058,0.05875244602321217,0.0013710969360545278,0.5412014126777649
6,8,13,receive,360,0.06458963209863375,0.018468914904014855,0.38687973176096824,0.05550996196001027,0.0012225756654515862,0.5032302737236023
6,8,14,receive,360,0.007818691493840579,0.0016295984197570268,0.49707185934207193,0.07655148269891408,0.0014551612548530102,0.606291651725769
6,9,1,receive,360,0.2705432478810124,0.05527033164285295,0.4264415312888256,0.06296529497677363,0.0014421495143324137,0.6088821291923523
6,9,2,receive,360,0.11445078204322989,0.03372554522766565,0.45173347683933873,0.06521410756579052,0.0015844723675400019,0.5877352952957153
6,9,3,receive,360,0.05001997279766195,0.009768697595128837,0.3972336176601756,0.06126277129900008,0.0013695914531126618,0.5395787358283997
6,9,4,receive,360,0.01691507315241061,0.005307042087280059,0.46787675884487623,0.06636828813803056,0.0016602023970335722,0.5978378057479858
6,9,5,receive,360,0.09715337883971525,0.02220604230945661,0.46931859589692776,0.06578402352143718,0.0016508051194250584,0.6106323003768921
6,9,6,receive,360,0.16752554946648754,0.04934919052091375,0.4556022149090293,0.0651765812041485,0.001517767901532352,0.6073565483093262
6,9,7,receive,360,0.02154330337187018,0.007343355879724968,0.4655548335560727,0.06674090341244894,0.001657624845393002,0.615713357925415
6,9,8,receive,360,0.013029458629678276,0.005676342221922848,0.6100187525819314,0.0855956745457752,0.0022774250246584415,0.7288416028022766
6,9,9,receive,360,0.023451908291912914,0.005552515352291151,0.44982110825981686,0.06472646353419345,0.0015036852564662695,0.5705588459968567
6,9,10,receive,360,0.06842548261009432,0.03890066281179108,0.5537640874972567,0.07609099544601086,0.001826987136155367,0.6581734418869019
6,9,11,receive,360,0.022016630115382893,0.010600841987124921,0.5465244500027944,0.07496617793457816,0.0017161251744255424,0.6744118928909302
6,9,12,receive,360,0.06251688920806936,0.011674844428407305,0.48134303483950336,0.06884068122135165,0.0015739662339910865,0.6150017380714417
6,9,13,receive,360,0.06458963209863375,0.018468914904014855,0.4494274897830716,0.0653655373994983,0.001445599365979433,0.5567566156387329
6,9,14,receive,360,0.007818691493840579,0.0016295984197570268,0.5618337361811427,0.08426867817646158,0.001805259962566197,0.6707031726837158
6,10,1,receive,360,0.2705432478810124,0.05527033164285295,0.3427429708710406,0.051937069795051936,0.0012324278941377997,0.5282455682754517
6,10,2,receive,360,0.11445078204322989,0.03372554522766565,0.3612845604741273,0.053517264908682353,0.0013000761391595006,0.506053626537323
6,10,3,receive,360,0.05001997279766195,0.009768697595128837,0.30179116272580964,0.04806430300769538,0.0011055428767576814,0.4376140534877777
6,10,4,receive,360,0.01691507315241061,0.005307042087280059,0.36546569132963974,0.05246126735239498,0.0013390451204031706,0.47431135177612305
6,10,5,receive,360,0.09715337883971525,0.02220604230945661,0.3525898950636878,0.0496693512276042,0.0012615793384611607,0.4712417423725128
6,10,6,receive,360,0.16752554946648754,0.04934919052091375,0.3073102788000445,0.04573324076461476,0.00098138686735183,0.4344400465488434
6,10,7,receive,360,0.02154330337187018,0.007343355879724968,0.3234768046645008,0.04938606145620164,0.001110787969082594,0.4519888162612915
6,10,8,receive,360,0.013029458629678276,0.005676342221922848,0.46761292379427083,0.06997108098005007,0.0015709740109741688,0.5945702195167542
6,10,9,receive,360,0.023451908291912914,0.005552515352291151,0.3132986558391066,0.04905738331609831,0.001043635536916554,0.420254111289978
6,10,10,receive,360,0.06842548261009432,0.03890066281179108,0.45316396900711375,0.06199694328380885,0.0014210253721103072,0.5607957243919373
6,10,11,receive,360,0.022016630115382893,0.010600841987124921,0.450233857018692,0.0621301993314204,0.001373624661937356,0.5824052691459656
6,10,12,receive,360,0.06251688920806936,0.011674844428407305,0.3880862271481116,0.057931371053672506,0.001247734995558858,0.519447922706604
6,10,13,receive,360,0.06458963209863375,0.018468914904014855,0.37276580960767913,0.058806907733867715,0.0011883858824148774,0.5026654601097107
6,10,14,receive,360,0.007818691493840579,0.0016295984197570268,0.48351630138673096,0.08058084215966713,0.0014606828335672617,0.6249759197235107
6,11,1,receive,360,0.2705432478810124,0.05527033164285295,0.37622864221468466,0.054813523796217595,0.001323079806752503,0.5702700018882751
6,11,2,receive,360,0.11445078204322989,0.03372554522766565,0.39188914117468004,0.05766816558436905,0.0013449352700263262,0.5483648180961609
6,11,3,receive,360,0.05001997279766195,0.009768697595128837,0.3387254503849868,0.05168349246572063,0.0011978608090430498,0.4924602210521698
6,11,4,receive,360,0.01691507315241061,0.005307042087280059,0.39525895180090126,0.05750659764243292,0.0012986406218260527,0.5200719833374023
6,11,5,receive,360,0.09715337883971525,0.02220604230945661,0.3915820483490178,0.05614861879299373,0.0012792568886652589,0.5280615091323853
6,11,6,receive,360,0.16752554946648754,0.04934919052091375,0.3422529070178926,0.05286785430495038,0.001010540989227593,0.48520880937576294
6,11,7,receive,360,0.02154330337187018,0.007343355879724968,0.3711917042347421,0.055851007726967994,0.0012076020939275622,0.51683509349823
6,11,8,receive,360,0.013029458629678276,0.005676342221922848,0.5427670496771396,0.07852486911712825,0.001806361018680036,0.6769620776176453
6,11,9,receive,360,0.023451908291912914,0.005552515352291151,0.386431328956193,0.058634070076955466,0.001162016880698502,0.5264465808868408
6,11,10,receive,360,0.06842548261009432,0.03890066281179108,0.48016883792653164,0.06792092235637491,0.001430668169632554,0.5956359505653381
6,11,11,receive,360,0.022016630115382893,0.010600841987124921,0.4493525704307508,0.06429479560531919,0.0012833329383283854,0.5756326913833618
6,11,12,receive,360,0.06251688920806936,0.011674844428407305,0.38958331444753436,0.060295099489076895,0.0012732265749946237,0.5187961459159851
6,11,13,receive,360,0.06458963209863375,0.018468914904014855,0.37338159235951024,0.0609134200067555,0.0010591449681669474,0.48794931173324585
6,11,14,receive,360,0.007818691493840579,0.0016295984197570268,0.4877364561255995,0.08726131146783016,0.0013214615173637867,0.611279308795929
6,12,1,receive,360,0.2705432478810124,0.05527033164285295,0.36673337769882186,0.05512301391398721,0.0012310774764046073,0.5506983399391174
6,12,2,receive,360,0.11445078204322989,0.03372554522766565,0.3865814624600009,0.05881462590278024,0.001230464898981154,0.5337420105934143
6,12,3,receive,360,0.05001997279766195,0.009768697595128837,0.33410528586634125,0.05173457986209609,0.0010958940256386995,0.47850608825683594
6,12,4,receive,360,0.01691507315241061,0.005307042087280059,0.3919826344641883,0.05891812849045681,0.0012052664533257484,0.5226185321807861
6,12,5,receive,360,0.09715337883971525,0.02220604230945661,0.3918420210147613,0.0578690872875813,0.001205248641781509,0.5343489646911621
6,12,6,receive,360,0.16752554946648754,0.04934919052091375,0.3417619126679104,0.05587678906551145,0.0009316412615589797,0.4915173649787903
6,12,7,receive,360,0.02154330337187018,0.007343355879724968,0.36560549259722597,0.05833966058990715,0.0010621186811476946,0.5178170204162598
6,12,8,receive,360,0.013029458629678276,0.005676342221922848,0.5481120983992392,0.08196773580644466,0.001647801836952567,0.6870494484901428
6,12,9,receive,360,0.023451908291912914,0.005552515352291151,0.39393130045403574,0.061487163412700316,0.0011180391302332282,0.5402759909629822
6,12,10,receive,360,0.06842548261009432,0.03890066281179108,0.5244393454120857,0.07702053979874202,0.001334851491264999,0.6493017077445984
6,12,11,receive,360,0.022016630115382893,0.010600841987124921,0.5151205138452093,0.07535572048667138,0.0013346436899155378,0.6506438255310059
6,12,12,receive,360,0.06251688920806936,0.011674844428407305,0.43246493711226824,0.06628053671398129,0.0013742651790380478,0.5744113326072693
6,12,13,receive,360,0.06458963209863375,0.018468914904014855,0.4135945975958344,0.06703158841150991,0.0010920832864940166,0.5338696837425232
6,12,14,receive,360,0.007818691493840579,0.0016295984197570268,0.5200470394409624,0.09156951365457584,0.0013466662494465709,0.6355977654457092
6,13,1,receive,360,0.2705432478810124,0.05527033164285295,0.25865543574974353,0.04771407643162345,0.0011290089460089803,0.4859309196472168
6,13,2,receive,360,0.11445078204322989,0.03372554522766565,0.2684582697085312,0.04973460952186918,0.0010889101540669799,0.465415358543396
6,13,3,receive,360,0.05001997279766195,0.009768697595128837,0.21801252996018675,0.04182688749633051,0.0009693986503407359,0.3690885901451111
6,13,4,receive,360,0.01691507315241061,0.005307042087280059,0.2622611130946704,0.04651366563535349,0.0010170547757297754,0.36778733134269714
6,13,5,receive,360,0.09715337883971525,0.02220604230945661,0.23322498073264594,0.041516451322579764,0.0009789607720449567,0.33689799904823303
6,13,6,receive,360,0.16752554946648754,0.04934919052091375,0.1904466803250317,0.03950240931211306,0.0007692277431488037,0.2915536165237427
6,13,7,receive,360,0.02154330337187018,0.007343355879724968,0.21720247585520458,0.045232379883059,0.0008966474561020732,0.32721105217933655
6,13,8,receive,360,0.013029458629678276,0.005676342221922848,0.481932348122872,0.0870424953004537,0.0016335549298673868,0.6216909885406494
6,13,9,receive,360,0.023451908291912914,0.005552515352291151,0.3357552552951448,0.06237424892411307,0.0012025749310851097,0.46783646941185
6,13,10,receive,360,0.06842548261009432,0.03890066281179108,0.35386019916913936,0.06399780606178833,0.0011274274438619614,0.47515419125556946
6,13,11,receive,360,0.022016630115382893,0.010600841987124921,0.34525088856139013,0.062213672545243126,0.0011272517731413245,0.47662556171417236
6,13,12,receive,360,0.06251688920806936,0.011674844428407305,0.2744548538259955,0.05516576801746969,0.001188499154523015,0.3967384696006775
6,13,13,receive,360,0.06458963209863375,0.018468914904014855,0.2637699619902479,0.057598544398772496,0.0009941268945112824,0.41175785660743713
6,13,14,receive,360,0.007818691493840579,0.0016295984197570268,0.3422146651557543,0.07169470530526034,0.0012109136441722512,0.49521878361701965
6,14,1,receive,360,0.2705432478810124,0.05527033164285295,0.18316450132988393,0.03751987674773619,0.0007696207030676305,0.36211830377578735
6,14,2,receive,360,0.11445078204322989,0.03372554522766565,0.20930348276354682,0.040669876473214815,0.000877897662576288,0.3643752634525299
6,14,3,receive,360,0.05001997279766195,0.009768697595128837,0.1814028307509337,0.03539513093066865,0.0007945282268337905,0.28176891803741455
6,14,4,receive,360,0.01691507315241061,0.005307042087280059,0.21162183996234996,0.04312167777892518,0.0008576489053666592,0.3386842608451843
6,14,5,receive,360,0.09715337883971525,0.02220604230945661,0.16655829565635133,0.035842556990118395,0.0007837643497623503,0.2741905748844147
6,14,6,receive,360,0.16752554946648754,0.04934919052091375,0.12522864372197848,0.03525303299904152,0.0005484222783707082,0.2252136617898941
6,14,7,receive,360,0.02154330337187018,0.007343355879724968,0.14333629095069936,0.04042466179222879,0.0006331431795842946,0.253850519657135
6,14,8,receive,360,0.013029458629678276,0.005676342221922848,0.34271115262947405,0.08522442298903986,0.0011145152384415269,0.5200005173683167
6,14,9,receive,360,0.023451908291912914,0.005552515352291151,0.217251953660808,0.0552520851495493,0.0007885277736932039,0.3570898175239563
6,14,10,receive,360,0.06842548261009432,0.03890066281179108,0.20128049978779422,0.052221854665163554,0.0006839164416305721,0.3376184403896332
6,14,11,receive,360,0.022016630115382893,0.010600841987124921,0.1881773803960338,0.0492228300383284,0.0006739897071383893,0.3205827474594116
6,14,12,receive,360,0.06251688920806936,0.011674844428407305,0.15868885166031152,0.042812735413172445,0.0006938391597941518,0.260520875453949
6,14,13,receive,360,0.06458963209863375,0.018468914904014855,0.15429033636658762,0.04455548281415676,0.000604346685577184,0.24405747652053833
6,14,14,receive,360,0.007818691493840579,0.0016295984197570268,0.2251095425082086,0.061977841742983424,0.0007715141982771456,0.3495795428752899
7,1,1,receive,570,0.2773635163940594,0.042566895496537,0.5966409298881333,0.1244309722759236,0.0015311699826270342,0.7224512100219727
7,1,2,receive,570,0.1824869804793735,0.03816876328341116,0.5894177472676363,0.12376765739130383,0.0016011130064725876,0.7437310814857483
7,1,3,receive,570,0.023255090267058107,0.01358586075093657,0.5362111704669108,0.11331456488076194,0.0014274781569838524,0.7339110374450684
7,1,4,receive,570,0.009413645324841773,0.007319954377832687,0.5883741006432837,0.1251335587405944,0.0016366802155971527,0.7478212118148804
7,1,5,receive,570,0.10065907283711936,0.016580187445288056,0.5668715247551486,0.1226045648739486,0.0014690484385937452,0.7256540060043335
7,1,6,receive,570,0.18127854839106392,0.06086694327582917,0.5467290689478416,0.11989763845011084,0.0014230716042220592,0.7163956165313721
7,1,7,receive,570,0.013147782537047058,0.009166165461227645,0.5796840598557569,0.12546798606602716,0.001566565129905939,0.7418205738067627
7,1,8,receive,570,0.012960416999246653,0.007244039667959539,0.6742458265168559,0.1424578942150928,0.001958701526746154,0.8347728252410889
7,1,9,receive,570,0.014095300712941154,0.010365249520825572,0.615952188317182,0.13071306439715666,0.001847019768320024,0.7628948092460632
7,1,10,receive,570,0.030300967163036208,0.02061391977129797,0.6624043299661329,0.13794346217521758,0.0019845643546432257,0.8102663159370422
7,1,11,receive,570,0.012786559057889887,0.006726486937494413,0.6472124334189862,0.13576133618196876,0.0017788333352655172,0.8046432733535767
7,1,12,receive,570,0.033524542990754115,0.01308521978034547,0.6388632698147966,0.13596924662710314,0.0018610476981848478,0.7897663712501526
7,1,13,receive,570,0.10264753499316147,0.029725653065104427,0.6359173037236344,0.13514732699017168,0.0015303312102332711,0.7799992561340332
7,1,14,receive,570,0.006080041852407475,0.0022744302639004345,0.7232186502051997,0.14869391567324733,0.001738206367008388,0.8580112457275391
7,2,1,receive,570,0.2773635163940594,0.042566895496537,0.5181483664022954,0.10702787636798926,0.0015225991373881698,0.666692852973938
7,2,2,receive,570,0.1824869804793735,0.03816876328341116,0.5199253449369663,0.10981328257043603,0.0015383324353024364,0.689204752445221
7,2,3,receive,570,0.023255090267058107,0.01358586075093657,0.4638646473452498,0.10015606705974948,0.0013236695667728782,0.6755557656288147
7,2,4,receive,570,0.009413645324841773,0.007319954377832687,0.5125640413258225,0.11082824599389966,0.001438711304217577,0.6917017102241516
7,2,5,receive,570,0.10065907283711936,0.016580187445288056,0.5080294415575305,0.11057799784472054,0.001377967419102788,0.6792576909065247
7,2,6,receive,570,0.18127854839106392,0.06086694327582917,0.4975287201052548,0.10977963290176287,0.0013225455768406391,0.6726557612419128
7,2,7,receive,570,0.013147782537047058,0.009166165461227645,0.5341310004090988,0.11609265709307587,0.001482396968640387,0.7043054699897766
7,2,8,receive,570,0.012960416999246653,0.007244039667959539,0.6418890177345785,0.13620963122027405,0.0018980219028890133,0.8141716718673706
7,2,9,receive,570,0.014095300712941154,0.010365249520825572,0.5676984514054646,0.12190686825113478,0.0017128624022006989,0.7226066589355469
7,2,10,receive,570,0.030300967163036208,0.02061391977129797,0.636704467159794,0.13202064122679386,0.001985486363992095,0.7864357829093933
7,2,11,receive,570,0.012786559057889887,0.006726486937494413,0.6190437362933727,0.12945304860739348,0.0017643639585003257,0.7796851992607117
7,2,12,receive,570,0.033524542990754115,0.01308521978034547,0.6110685723096443,0.12947528374889639,0.0018459116108715534,0.766579270362854
7,2,13,receive,570,0.10264753499316147,0.029725653065104427,0.6401529269002934,0.1334001976919616,0.001765021588653326,0.7822121977806091
7,2,14,receive,570,0.006080041852407475,0.0022744302639004345,0.7472710667533408,0.15065953597102044,0.00200843159109354,0.8671458959579468
7,3,1,receive,570,0.2773635163940594,0.042566895496537,0.5169084737191728,0.10958082378852016,0.001510673202574253,0.7009583115577698
7,3,2,receive,570,0.1824869804793735,0.03816876328341116,0.5206044064219959,0.11180920997195753,0.0015407695900648832,0.7187013030052185
7,3,3,receive,570,0.023255090267058107,0.01358586075093657,0.4689885248023641,0.1064306714479816,0.001237075193785131,0.7145882844924927
7,3,4,receive,570,0.009413645324841773,0.007319954377832687,0.5183268765855596,0.11320799649666068,0.0014864277327433228,0.7158722877502441
7,3,5,receive,570,0.10065907283711936,0.016580187445288056,0.5129349544554491,0.11187519589464065,0.0013658745447173715,0.7060359716415405
7,3,6,receive,570,0.18127854839106392,0.06086694327582917,0.5056278544555729,0.11177287436188453,0.0013289098860695958,0.7038779854774475
7,3,7,receive,570,0.013147782537047058,0.009166165461227645,0.5412699688469027,0.11796252815295463,0.0015942734898999333,0.7298651933670044
7,3,8,receive,570,0.012960416999246653,0.007244039667959539,0.6529954772851054,0.13872881412368832,0.0020682967733591795,0.828876793384552
7,3,9,receive,570,0.014095300712941154,0.010365249520825572,0.571665538404047,0.12294816357292945,0.001760203973390162,0.735135018825531
7,3,10,receive,570,0.030300967163036208,0.02061391977129797,0.640639064100718,0.13285203992594666,0.0020166190806776285,0.7938647270202637
7,3,11,receive,570,0.012786559057889887,0.006726486937494413,0.6387621527927797,0.13347516035484622,0.0019141164375469089,0.7983343005180359
7,3,12,receive,570,0.033524542990754115,0.01308521978034547,0.6146918919972928,0.13041609947685773,0.0018079171422868967,0.7643874287605286
7,3,13,receive,570,0.10264753499316147,0.029725653065104427,0.6369004805833755,0.1349479279845413,0.0017763720825314522,0.7877128720283508
7,3,14,receive,570,0.006080041852407475,0.0022744302639004345,0.7429548986840242,0.15091692964098755,0.002109771128743887,0.8648101091384888
7,4,1,receive,570,0.2773635163940594,0.042566895496537,0.47853685919085126,0.10112345618796939,0.0013165383134037256,0.6857529282569885
7,4,2,receive,570,0.1824869804793735,0.03816876328341116,0.4949006763337948,0.10505884053307996,0.0013559103244915605,0.6790626645088196
7,4,3,receive,570,0.023255090267058107,0.01358586075093657,0.45156509415287394,0.09770923226031122,0.001253893249668181,0.6774594187736511
7,4,4,receive,570,0.009413645324841773,0.007319954377832687,0.49663430350371063,0.10632749710431315,0.0013310416834428906,0.6777016520500183
7,4,5,receive,570,0.10065907283711936,0.016580187445288056,0.49622618806887453,0.1063707144222168,0.001276651513762772,0.6731009483337402
7,4,6,receive,570,0.18127854839106392,0.06086694327582917,0.49143998392780003,0.10589598588790945,0.0012406370369717479,0.6719789505004883
7,4,7,receive,570,0.013147782537047058,0.009166165461227645,0.5275094809022879,0.11211772999581347,0.0014884000411257148,0.7024521231651306
7,4,8,receive,570,0.012960416999246653,0.007244039667959539,0.6402825757080951,0.13385807916697226,0.0019222695846110582,0.8065847754478455
7,4,9,receive,570,0.014095300712941154,0.010365249520825572,0.5572774681095197,0.11613633630150288,0.0017634807154536247,0.6971563696861267
7,4,10,receive,570,0.030300967163036208,0.02061391977129797,0.6274756650995921,0.127730697305611,0.001988708972930908,0.77742999792099
7,4,11,receive,570,0.012786559057889887,0.006726486937494413,0.6018480465553391,0.12242779053344188,0.0017990419873967767,0.7519903779029846
7,4,12,receive,570,0.033524542990754115,0.01308521978034547,0.5617591159101657,0.1165615619393835,0.0016677338862791657,0.6889642477035522
7,4,13,receive,570,0.10264753499316147,0.029725653065104427,0.5815908094888488,0.12187550564300663,0.0015018756967037916,0.7574356198310852
7,4,14,receive,570,0.006080041852407475,0.0022744302639004345,0.6997792614529955,0.14127729578609777,0.0017710766987875104,0.8129631876945496
7,5,1,receive,570,0.2773635163940594,0.042566895496537,0.44240489064536076,0.09426660680442767,0.0011838919017463923,0.6773911714553833
7,5,2,receive,570,0.1824869804793735,0.03816876328341116,0.45902242294345214,0.09748866376890589,0.001219301950186491,0.6604883074760437
7,5,3,receive,570,0.023255090267058107,0.01358586075093657,0.4238223654644874,0.09231637266659885,0.0011722557246685028,0.6463708877563477
7,5,4,receive,570,0.009413645324841773,0.007319954377832687,0.45638653851857636,0.09713331590858962,0.0011819684877991676,0.6280611157417297
7,5,5,receive,570,0.10065907283711936,0.016580187445288056,0.46754687697189584,0.09885043908001113,0.0011881815735250711,0.633437991142273
7,5,6,receive,570,0.18127854839106392,0.06086694327582917,0.46441308353402605,0.09857183638711238,0.0011556866811588407,0.6347671747207642
7,5,7,receive,570,0.013147782537047058,0.009166165461227645,0.5006800696529498,0.10475005669390632,0.0013865081127732992,0.6639360189437866
7,5,8,receive,570,0.012960416999246653,0.007244039667959539,0.6154170530266129,0.12762192305542455,0.0017907292349264026,0.7775575518608093
7,5,9,receive,570,0.014095300712941154,0.010365249520825572,0.5312304206429409,0.10903163612472298,0.0017430484294891357,0.6472782492637634
7,5,10,receive,570,0.030300967163036208,0.02061391977129797,0.591783062135188,0.11946181893781518,0.001834919094108045,0.7267767190933228
7,5,11,receive,570,0.012786559057889887,0.006726486937494413,0.5612636426661833,0.113131855525097,0.001646722899749875,0.6947593092918396
7,5,12,receive,570,0.033524542990754115,0.01308521978034547,0.5199371347665427,0.10694510015335137,0.0015717518981546164,0.6859254240989685
7,5,13,receive,570,0.10264753499316147,0.029725653065104427,0.5388066277003912,0.11308913246114341,0.0013780022272840142,0.7714564800262451
7,5,14,receive,570,0.006080041852407475,0.0022744302639004345,0.6642635664845441,0.1343609793333032,0.0018014636589214206,0.8050493597984314
7,6,1,receive,570,0.2773635163940594,0.042566895496537,0.4413667257889501,0.0929025499842353,0.0012400670675560832,0.6486567258834839
7,6,2,receive,570,0.1824869804793735,0.03816876328341116,0.46320623663874966,0.09662123176417695,0.0013138802023604512,0.6497402191162109
7,6,3,receive,570,0.023255090267058107,0.01358586075093657,0.4282124955975042,0.09151791905749469,0.0012516266433522105,0.642402708530426
7,6,4,receive,570,0.009413645324841773,0.007319954377832687,0.466407423219521,0.09742152215021622,0.001294387155212462,0.62912917137146
7,6,5,receive,570,0.10065907283711936,0.016580187445288056,0.4771932874461064,0.0991697524334351,0.0013051348505541682,0.633707582950592
7,6,6,receive,570,0.18127854839106392,0.06086694327582917,0.47227188543816867,0.09834676787100981,0.0012600847985595465,0.6333169937133789
7,6,7,receive,570,0.013147782537047058,0.009166165461227645,0.5167568272716987,0.10615619993478675,0.0014925593277439475,0.6713927984237671
7,6,8,receive,570,0.012960416999246653,0.007244039667959539,0.6377554745764651,0.12970037049393798,0.0020754633005708456,0.7794427871704102
7,6,9,receive,570,0.014095300712941154,0.010365249520825572,0.54299302070806,0.11023801772692439,0.0018466428155079484,0.6509606242179871
7,6,10,receive,570,0.030300967163036208,0.02061391977129797,0.603871870568643,0.12016147333858147,0.001983015099540353,0.7196734547615051
7,6,11,receive,570,0.012786559057889887,0.006726486937494413,0.5741742139245105,0.1142538452145183,0.0017796567408367991,0.6903550028800964
7,6,12,receive,570,0.033524542990754115,0.01308521978034547,0.5225673362034733,0.1073834175487443,0.0015878395643085241,0.6689087748527527
7,6,13,receive,570,0.10264753499316147,0.029725653065104427,0.5214939570125895,0.1077955581349847,0.001475685858167708,0.7275152802467346
7,6,14,receive,570,0.006080041852407475,0.0022744302639004345,0.6466096098732873,0.13091487459773585,0.0016337312990799546,0.765604555606842
7,7,1,receive,570,0.2773635163940594,0.042566895496537,0.38374362483318375,0.08095023010093004,0.0010732674272730947,0.5904681086540222
7,7,2,receive,570,0.1824869804793735,0.03816876328341116,0.4050288105953338,0.08487234158898105,0.0011484917486086488,0.5881096720695496
7,7,3,receive,570,0.023255090267058107,0.01358586075093657,0.35478514735484823,0.07815799219824587,0.0009865189203992486,0.5790846943855286
7,7,4,receive,570,0.009413645324841773,0.007319954377832687,0.40205286454997563,0.0840470057914311,0.0010919059859588742,0.5768767595291138
7,7,5,receive,570,0.10065907283711936,0.016580187445288056,0.41224939652203924,0.0852224417825163,0.0011105594458058476,0.5793135762214661
7,7,6,receive,570,0.18127854839106392,0.06086694327582917,0.4041326111446037,0.08374994835554765,0.0010676607489585876,0.5748835802078247
7,7,7,receive,570,0.013147782537047058,0.009166165461227645,0.45105585966712647,0.09250319183645098,0.0012803076533600688,0.6182481050491333
7,7,8,receive,570,0.012960416999246653,0.007244039667959539,0.592702124702638,0.12081256511942673,0.0019050237024202943,0.7463223934173584
7,7,9,receive,570,0.014095300712941154,0.010365249520825572,0.49419688327348255,0.10092000637078041,0.0015930701047182083,0.5968207716941833
7,7,10,receive,570,0.030300967163036208,0.02061391977129797,0.5739003578225444,0.11408562403926616,0.0018879269482567906,0.7057571411132812
7,7,11,receive,570,0.012786559057889887,0.006726486937494413,0.54232767022464,0.1078634709840465,0.0016761984443292022,0.6574833393096924
7,7,12,receive,570,0.033524542990754115,0.01308521978034547,0.48864836164713393,0.10114527059858415,0.0015138671733438969,0.635391891002655
7,7,13,receive,570,0.10264753499316147,0.029725653065104427,0.4961560277815647,0.10244878911282147,0.0014261648757383227,0.6610099077224731
7,7,14,receive,570,0.006080041852407475,0.0022744302639004345,0.5894185959465654,0.12000861595795086,0.0015502084279432893,0.7020369172096252
7,8,1,receive,570,0.2773635163940594,0.042566895496537,0.2838033998238021,0.0661236187419653,0.0009109930251725018,0.4771648645401001
7,8,2,receive,570,0.1824869804793735,0.03816876328341116,0.30010222960171584,0.06914852690707278,0.0009708044235594571,0.47313275933265686
7,8,3,receive,570,0.023255090267058107,0.01358586075093657,0.25971382321573366,0.06403041185529337,0.0008799985516816378,0.4857097864151001
7,8,4,receive,570,0.009413645324841773,0.007319954377832687,0.30030760988399074,0.06934809442528557,0.0009424458257853985,0.4758334755897522
7,8,5,receive,570,0.10065907283711936,0.016580187445288056,0.3040053231826485,0.06938178662532993,0.0009585483931005001,0.4609316289424896
7,8,6,receive,570,0.18127854839106392,0.06086694327582917,0.29409569283179415,0.06709833720521759,0.0008907078299671412,0.45654791593551636
7,8,7,receive,570,0.013147782537047058,0.009166165461227645,0.3357852148421092,0.07512470441549814,0.0010681485291570425,0.5015166401863098
7,8,8,receive,570,0.012960416999246653,0.007244039667959539,0.4877055886248535,0.1040656091553194,0.001617837930098176,0.6445358991622925
7,8,9,receive,570,0.014095300712941154,0.010365249520825572,0.3834699300589579,0.08250895345541505,0.0013364084297791123,0.5059427618980408
7,8,10,receive,570,0.030300967163036208,0.02061391977129797,0.541367038202129,0.10931094175230818,0.0018523195758461952,0.6833034753799438
7,8,11,receive,570,0.012786559057889887,0.006726486937494413,0.5323954429040385,0.10720192359339392,0.0016554112080484629,0.6574594974517822
7,8,12,receive,570,0.033524542990754115,0.01308521978034547,0.4490110900269397,0.09380555125749629,0.0015353477792814374,0.5937106609344482
7,8,13,receive,570,0.10264753499316147,0.029725653065104427,0.4411373103390807,0.09140540926880177,0.0014084746362641454,0.5872025489807129
7,8,14,receive,570,0.006080041852407475,0.0022744302639004345,0.5197783519466931,0.10694293755493467,0.0016206747386604548,0.6392778158187866
7,9,1,receive,570,0.2773635163940594,0.042566895496537,0.39367903120582926,0.08283481534900516,0.001171849318780005,0.5749368667602539
7,9,2,receive,570,0.1824869804793735,0.03816876328341116,0.411466999109957,0.08570388406603646,0.0012487645726650953,0.5791034698486328
7,9,3,receive,570,0.023255090267058107,0.01358586075093657,0.3587238739134352,0.07955228096927067,0.001112902071326971,0.5891757607460022
7,9,4,receive,570,0.009413645324841773,0.007319954377832687,0.4236441269412784,0.08819293975524457,0.0012747056316584349,0.5980121493339539
7,9,5,receive,570,0.10065907283711936,0.016580187445288056,0.41712105982700004,0.08631977417917469,0.001236460288055241,0.5647986531257629
7,9,6,receive,570,0.18127854839106392,0.06086694327582917,0.4107402264843123,0.08509032926706503,0.001182571635581553,0.5656155347824097
7,9,7,receive,570,0.013147782537047058,0.009166165461227645,0.449794786297226,0.0928864790088083,0.0013431048719212413,0.6047294735908508
7,9,8,receive,570,0.012960416999246653,0.007244039667959539,0.5842645732994322,0.11924719369588072,0.001855952781625092,0.7297573089599609
7,9,9,receive,570,0.014095300712941154,0.010365249520825572,0.4818960497343684,0.09930772873051281,0.0015553515404462814,0.5864558219909668
7,9,10,receive,570,0.030300967163036208,0.02061391977129797,0.570958356549269,0.11471169147539534,0.0017323869979009032,0.7054170370101929
7,9,11,receive,570,0.012786559057889887,0.006726486937494413,0.5415972586635402,0.10863227289056969,0.0015598282916471362,0.6603519320487976
7,9,12,receive,570,0.033524542990754115,0.01308521978034547,0.49328762612125854,0.10214403484701937,0.0014760856283828616,0.6269634366035461
7,9,13,receive,570,0.10264753499316147,0.029725653065104427,0.4835463362682627,0.10103591178060055,0.0013330575311556458,0.6110960841178894
7,9,14,receive,570,0.006080041852407475,0.0022744302639004345,0.5640865566893154,0.11660448457319095,0.0016610276652500033,0.6803755164146423
7,10,1,receive,570,0.2773635163940594,0.042566895496537,0.35667207653965116,0.07541893476715857,0.0011738401371985674,0.5546090006828308
7,10,2,receive,570,0.1824869804793735,0.03816876328341116,0.37118099587336345,0.07789502315386193,0.001225163578055799,0.5529906749725342
7,10,3,receive,570,0.023255090267058107,0.01358586075093657,0.31156112254319485,0.07158546839985781,0.0010530053405091166,0.517609179019928
7,10,4,receive,570,0.009413645324841773,0.007319954377832687,0.3710100432036837,0.07783892428779775,0.0012186592211946845,0.5293310284614563
7,10,5,receive,570,0.10065907283711936,0.016580187445288056,0.35199434387848894,0.07329865795733842,0.001126101240515709,0.48305854201316833
7,10,6,receive,570,0.18127854839106392,0.06086694327582917,0.3179470839233162,0.0664035489425209,0.0009100092574954033,0.4469846785068512
7,10,7,receive,570,0.013147782537047058,0.009166165461227645,0.3588056257398995,0.07479543612476634,0.0010713638039305806,0.49056676030158997
7,10,8,receive,570,0.012960416999246653,0.007244039667959539,0.4886475465137904,0.10181373569889544,0.0014831270091235638,0.6328253746032715
7,10,9,receive,570,0.014095300712941154,0.010365249520825572,0.3858742960781807,0.08207550696768579,0.0012519045267254114,0.4918874502182007
7,10,10,receive,570,0.030300967163036208,0.02061391977129797,0.5156958255694215,0.10293917530118017,0.0015665659448131919,0.6311023235321045
7,10,11,receive,570,0.012786559057889887,0.006726486937494413,0.4911312763928436,0.09810224248381963,0.0014297700254246593,0.5883309245109558
7,10,12,receive,570,0.033524542990754115,0.01308521978034547,0.4437753919172999,0.09325922255273435,0.0013833539560437202,0.5672387480735779
7,10,13,receive,570,0.10264753499316147,0.029725653065104427,0.44905157224418135,0.0955563852951032,0.001283693010918796,0.5611658692359924
7,10,14,receive,570,0.006080041852407475,0.0022744302639004345,0.5301357011135112,0.11276303980188396,0.0014439875958487391,0.6541823744773865
7,11,1,receive,570,0.2773635163940594,0.042566895496537,0.38909945254103817,0.08385737954731126,0.0011381605872884393,0.5819316506385803
7,11,2,receive,570,0.1824869804793735,0.03816876328341116,0.40177675468148666,0.08573483295596607,0.001185871660709381,0.5803375244140625
7,11,3,receive,570,0.023255090267058107,0.01358586075093657,0.3495228215947894,0.07856653525236845,0.0010741316946223378,0.5461792945861816
7,11,4,receive,570,0.009413645324841773,0.007319954377832687,0.39914974097219674,0.08511019590256322,0.0011879807570949197,0.5465711355209351
7,11,5,receive,570,0.10065907283711936,0.016580187445288056,0.389588810601721,0.0825063682886709,0.0011477742809802294,0.5186097621917725
7,11,6,receive,570,0.18127854839106392,0.06086694327582917,0.35632576618533535,0.07683024474871042,0.000959607888944447,0.4972996115684509
7,11,7,receive,570,0.013147782537047058,0.009166165461227645,0.40951993411668297,0.08596991344176015,0.0011740978807210922,0.554717481136322
7,11,8,receive,570,0.012960416999246653,0.007244039667959539,0.563294266996366,0.11536806336970543,0.0017464060802012682,0.7051023244857788
7,11,9,receive,570,0.014095300712941154,0.010365249520825572,0.4667342286201586,0.09614694112427288,0.0015551605029031634,0.5703610181808472
7,11,10,receive,570,0.030300967163036208,0.02061391977129797,0.5446088835445902,0.10952933602315922,0.0015860776184126735,0.6686353087425232
7,11,11,receive,570,0.012786559057889887,0.006726486937494413,0.493954552710669,0.09964908854976977,0.001383760361932218,0.5885198712348938
7,11,12,receive,570,0.033524542990754115,0.01308521978034547,0.4658510619022867,0.09633178735225469,0.001432748045772314,0.571298360824585
7,11,13,receive,570,0.10264753499316147,0.029725653065104427,0.47006524698910906,0.1020217759993731,0.0013229821342974901,0.5721582770347595
7,11,14,receive,570,0.006080041852407475,0.0022744302639004345,0.5516290631764078,0.11867639152347544,0.0015336746582761407,0.6554374694824219
7,12,1,receive,570,0.2773635163940594,0.042566895496537,0.3811986600148916,0.08351404144829304,0.0010387720540165901,0.5624836087226868
7,12,2,receive,570,0.1824869804793735,0.03816876328341116,0.3946657672655164,0.08547672179349078,0.0010786415077745914,0.563179612159729
7,12,3,receive,570,0.023255090267058107,0.01358586075093657,0.3431535967249881,0.07760801324588648,0.0009753062622621655,0.5447048544883728
7,12,4,receive,570,0.009413645324841773,0.007319954377832687,0.3942217521522635,0.08521902522454342,0.0010942744556814432,0.5420354008674622
7,12,5,receive,570,0.10065907283711936,0.016580187445288056,0.38816780280158447,0.08324682198679614,0.0010732439113780856,0.5256929397583008
7,12,6,receive,570,0.18127854839106392,0.06086694327582917,0.3526099810800556,0.07794516328145089,0.0008780361386016011,0.5020270347595215
7,12,7,receive,570,0.013147782537047058,0.009166165461227645,0.40710663436871153,0.08852843333723504,0.001024891040287912,0.5669193267822266
7,12,8,receive,570,0.012960416999246653,0.007244039667959539,0.5695978022701303,0.11852614710258759,0.001581143937073648,0.7215603590011597
7,12,9,receive,570,0.014095300712941154,0.010365249520825572,0.47558838207879217,0.09911860965832893,0.001407970441505313,0.5894762873649597
7,12,10,receive,570,0.030300967163036208,0.02061391977129797,0.5878643297841527,0.12000792963410807,0.0015092690009623766,0.7225393652915955
7,12,11,receive,570,0.012786559057889887,0.006726486937494413,0.5602392359299733,0.1141604052117899,0.0014272906119003892,0.6684685349464417
7,12,12,receive,570,0.033524542990754115,0.01308521978034547,0.5142243353729626,0.10515693251807812,0.0014862013049423695,0.6055914759635925
7,12,13,receive,570,0.10264753499316147,0.029725653065104427,0.5170046077600043,0.11207248383052974,0.0013355063274502754,0.6213847398757935
7,12,14,receive,570,0.006080041852407475,0.0022744302639004345,0.5881564511455954,0.12562902349327404,0.001643605763092637,0.6817637085914612
7,13,1,receive,570,0.2773635163940594,0.042566895496537,0.2940626340471984,0.07598089706261033,0.0008841407834552228,0.4949789345264435
7,13,2,receive,570,0.1824869804793735,0.03816876328341116,0.298632755015748,0.07714601170476874,0.0009107066434808075,0.48658496141433716
7,13,3,receive,570,0.023255090267058107,0.01358586075093657,0.2470727750971268,0.06458068585787659,0.0008270429098047316,0.4304177463054657
7,13,4,receive,570,0.009413645324841773,0.007319954377832687,0.2867198116073524,0.07369577167975047,0.0008838409557938576,0.4192466139793396
7,13,5,receive,570,0.10065907283711936,0.016580187445288056,0.25226201647739416,0.0638038749588178,0.0008167431806214154,0.37511223554611206
7,13,6,receive,570,0.18127854839106392,0.06086694327582917,0.21984631372401245,0.061826711485394995,0.0007033541332930326,0.3569453954696655
7,13,7,receive,570,0.013147782537047058,0.009166165461227645,0.2741151853638146,0.075964251114569,0.0008394314791075885,0.4347289502620697
7,13,8,receive,570,0.012960416999246653,0.007244039667959539,0.5329742963685197,0.1277257439759159,0.0016020797193050385,0.7124032378196716
7,13,9,receive,570,0.014095300712941154,0.010365249520825572,0.4417085388485391,0.10679868426964409,0.0014266172656789422,0.599886953830719
7,13,10,receive,570,0.030300967163036208,0.02061391977129797,0.447739673972236,0.10902992427328313,0.0013571480521932244,0.60135418176651
7,13,11,receive,570,0.012786559057889887,0.006726486937494413,0.41942629404835763,0.10148097196092669,0.0012711648596450686,0.5636060237884521
7,13,12,receive,570,0.033524542990754115,0.01308521978034547,0.3851529696018827,0.09441320759071667,0.0014137041289359331,0.5260893702507019
7,13,13,receive,570,0.10264753499316147,0.029725653065104427,0.41967263474178157,0.11990919581013972,0.0012681108200922608,0.5867652893066406
7,13,14,receive,570,0.006080041852407475,0.0022744302639004345,0.47600353771510223,0.12530962414460944,0.0014478210359811783,0.6338611245155334
7,14,1,receive,570,0.2773635163940594,0.042566895496537,0.2242301519943826,0.0621353898530363,0.0006186777609400451,0.36257094144821167
7,14,2,receive,570,0.1824869804793735,0.03816876328341116,0.24489848219264673,0.06723516027611755,0.0006284823757596314,0.3761821687221527
7,14,3,receive,570,0.023255090267058107,0.01358586075093657,0.210941996214413,0.059156617362962925,0.0005757676553912461,0.316006064414978
7,14,4,receive,570,0.009413645324841773,0.007319954377832687,0.24233125231908878,0.06732420196968414,0.0006261368980631232,0.35998257994651794
7,14,5,receive,570,0.10065907283711936,0.016580187445288056,0.19354331183682294,0.055171312343436196,0.0005794388125650585,0.31449583172798157
7,14,6,receive,570,0.18127854839106392,0.06086694327582917,0.15151004799133116,0.05242627220283891,0.00044158240780234337,0.2982883155345917
7,14,7,receive,570,0.013147782537047058,0.009166165461227645,0.19195729204006248,0.06592536810027755,0.0005219737649895251,0.36896514892578125
7,14,8,receive,570,0.012960416999246653,0.007244039667959539,0.401592105070513,0.11704391207964239,0.0009626063983887434,0.6426427364349365
7,14,9,receive,570,0.014095300712941154,0.010365249520825572,0.30691244198854917,0.09165319675616129,0.0008198559517040849,0.5132704973220825
7,14,10,receive,570,0.030300967163036208,0.02061391977129797,0.28175033198540883,0.0887093213947118,0.0007588743465021253,0.4963674545288086
7,14,11,receive,570,0.012786559057889887,0.006726486937494413,0.24964010902913286,0.07896144469962724,0.000702309946063906,0.4483723044395447
7,14,12,receive,570,0.033524542990754115,0.01308521978034547,0.24097619820018543,0.07628192585408038,0.0007928389823064208,0.4117797017097473
7,14,13,receive,570,0.10264753499316147,0.029725653065104427,0.2736453226410065,0.10199996680209501,0.000691621913574636,0.4980205297470093
7,14,14,receive,570,0.006080041852407475,0.0022744302639004345,0.34005748928532725,0.11150606364340883,0.0007963485550135374,0.5179089307785034
8,1,1,receive,63,0.3569607192773994,0.04351266732546885,0.5675344088720897,0.03696029168574881,0.5074824690818787,0.6556060910224915
8,1,2,receive,63,0.0459842354602826,0.008700186899567643,0.584218010069832,0.04030124728362849,0.5150222182273865,0.6552110314369202
8,1,3,receive,63,0.06082046388341066,0.00821423261070959,0.5101282710120791,0.03557386613463322,0.4480269253253937,0.5885009765625
8,1,4,receive,63,0.02537314751106117,0.005522048563798779,0.5817353791660733,0.04122313828886634,0.5075498819351196,0.6346836686134338
8,1,5,receive,63,0.06401151005548791,0.017008661228562965,0.5675456060303582,0.044130813544465124,0.4917539358139038,0.6274430155754089
8,1,6,receive,63,0.13341037421590232,0.03623776408305582,0.5474718151584504,0.04551315910743361,0.46519455313682556,0.6111425161361694
8,1,7,receive,63,0.03116498413915321,0.007497318218247286,0.557502199733068,0.04496791480327423,0.4714736342430115,0.6167150139808655
8,1,8,receive,63,0.01737788830262783,0.002342545197237092,0.6688658888377841,0.04754129013506796,0.5664628744125366,0.7392789125442505
8,1,9,receive,63,0.024102624396425052,0.0073372023812984,0.6044318638150654,0.04492869649145656,0.5224047303199768,0.6879962682723999
8,1,10,receive,63,0.1014249573725247,0.03215141538178553,0.6563478528507172,0.0433085751992123,0.575357973575592,0.7140131592750549
8,1,11,receive,63,0.04011930711400812,0.01647302877728436,0.6305681173763578,0.04902189008554816,0.5345321297645569,0.7288139462471008
8,1,12,receive,63,0.036956020743265476,0.0038273317262608186,0.5534662211698199,0.05964230173201519,0.40810802578926086,0.6915287375450134
8,1,13,receive,63,0.039487341667864835,0.008593309528469373,0.5327890699818021,0.05757731770013486,0.4184158742427826,0.681665301322937
8,1,14,receive,63,0.02280642586058677,0.0036522895325556636,0.6394399546441578,0.05543528000476668,0.5087664723396301,0.7360314130783081
8,2,1,receive,63,0.3569607192773994,0.04351266732546885,0.4915576790060316,0.024421414022318177,0.4486902058124542,0.5688266754150391
8,2,2,receive,63,0.0459842354602826,0.008700186899567643,0.5046461304974934,0.030533716783334944,0.44650760293006897,0.5672868490219116
8,2,3,receive,63,0.06082046388341066,0.00821423261070959,0.4255339058618697,0.024753081323883472,0.3802923858165741,0.49442344903945923
8,2,4,receive,63,0.02537314751106117,0.005522048563798779,0.49056413438585067,0.032651760770243086,0.4297656714916229,0.5472227931022644
8,2,5,receive,63,0.06401151005548791,0.017008661228562965,0.491877553954957,0.035587667033534484,0.43311768770217896,0.5467242002487183
8,2,6,receive,63,0.13341037421590232,0.03623776408305582,0.47491161548902117,0.03787600575850412,0.40832844376564026,0.5332196354866028
8,2,7,receive,63,0.03116498413915321,0.007497318218247286,0.49255325207634576,0.03670559914876538,0.4280342161655426,0.5438123345375061
8,2,8,receive,63,0.01737788830262783,0.002342545197237092,0.619205651775239,0.04259948139035665,0.5205512046813965,0.6856245994567871
8,2,9,receive,63,0.024102624396425052,0.0073372023812984,0.537116382330183,0.04034286257537963,0.4529150426387787,0.6254079341888428
8,2,10,receive,63,0.1014249573725247,0.03215141538178553,0.613220333106934,0.036091904314057836,0.5354577898979187,0.6650728583335876
8,2,11,receive,63,0.04011930711400812,0.01647302877728436,0.5841095106942313,0.040595794095909236,0.5041672587394714,0.6470935940742493
8,2,12,receive,63,0.036956020743265476,0.0038273317262608186,0.5059555101962316,0.04844955941952784,0.38275641202926636,0.5890518426895142
8,2,13,receive,63,0.039487341667864835,0.008593309528469373,0.5197667593047732,0.04236933259721143,0.4267142415046692,0.607258141040802
8,2,14,receive,63,0.02280642586058677,0.0036522895325556636,0.6573639483678908,0.045789280770778575,0.5119518637657166,0.7182292342185974
8,3,1,receive,63,0.3569607192773994,0.04351266732546885,0.46629972306508866,0.029078793312194595,0.4066292643547058,0.6124761700630188
8,3,2,receive,63,0.0459842354602826,0.008700186899567643,0.48854386806488037,0.029100399320218247,0.4187259078025818,0.5682258009910583
8,3,3,receive,63,0.06082046388341066,0.00821423261070959,0.4146356133241502,0.024095241857566216,0.36468055844306946,0.48274967074394226
8,3,4,receive,63,0.02537314751106117,0.005522048563798779,0.480212607554027,0.02772685879145327,0.41426846385002136,0.5689482092857361
8,3,5,receive,63,0.06401151005548791,0.017008661228562965,0.48725597678668914,0.02870440195888569,0.42043352127075195,0.5540381073951721
8,3,6,receive,63,0.13341037421590232,0.03623776408305582,0.47325597348667325,0.030350203287317027,0.3975989520549774,0.5454791784286499
8,3,7,receive,63,0.03116498413915321,0.007497318218247286,0.49225172826222013,0.028711649127676767,0.4353151321411133,0.5601997375488281
8,3,8,receive,63,0.01737788830262783,0.002342545197237092,0.6276918630751352,0.03637093597117886,0.5483375191688538,0.6867491602897644
8,3,9,receive,63,0.024102624396425052,0.0073372023812984,0.5368181135919359,0.03273855090466084,0.4784720242023468,0.6123941540718079
8,3,10,receive,63,0.1014249573725247,0.03215141538178553,0.6095995306968689,0.02840778492765122,0.5526686906814575,0.6551991701126099
8,3,11,receive,63,0.04011930711400812,0.01647302877728436,0.5967015955183241,0.035504258952389865,0.5232710838317871,0.6606570482254028
8,3,12,receive,63,0.036956020743265476,0.0038273317262608186,0.4983132420078156,0.04615204807284009,0.37551742792129517,0.5861318111419678
8,3,13,receive,63,0.039487341667864835,0.008593309528469373,0.5065893762641482,0.04246545369838302,0.4084818959236145,0.6079007983207703
8,3,14,receive,63,0.02280642586058677,0.0036522895325556636,0.6425682703653971,0.043400725711736164,0.5122403502464294,0.7018769383430481
8,4,1,receive,63,0.3569607192773994,0.04351266732546885,0.46056492744930205,0.03051295555130288,0.3923289179801941,0.6163285374641418
8,4,2,receive,63,0.0459842354602826,0.008700186899567643,0.4829530030015915,0.030955449279808655,0.4045056402683258,0.5821305513381958
8,4,3,receive,63,0.06082046388341066,0.00821423261070959,0.42738015121883816,0.02806300119926136,0.36368757486343384,0.5038623809814453
8,4,4,receive,63,0.02537314751106117,0.005522048563798779,0.47496650237885735,0.02770410239315402,0.40293148159980774,0.539170503616333
8,4,5,receive,63,0.06401151005548791,0.017008661228562965,0.4840539296468099,0.028511866148157393,0.410754919052124,0.5439184308052063
8,4,6,receive,63,0.13341037421590232,0.03623776408305582,0.4706459963132465,0.030025027550394608,0.388487845659256,0.5325381755828857
8,4,7,receive,63,0.03116498413915321,0.007497318218247286,0.4901520113150279,0.02806427218579226,0.4259508550167084,0.5384382009506226
8,4,8,receive,63,0.01737788830262783,0.002342545197237092,0.6246934949405609,0.03596610138741957,0.5377331376075745,0.6835490465164185
8,4,9,receive,63,0.024102624396425052,0.0073372023812984,0.5336170745274377,0.031004409380049603,0.4737282395362854,0.5978572368621826
8,4,10,receive,63,0.1014249573725247,0.03215141538178553,0.6065381339618138,0.027480941707972224,0.5484753847122192,0.6556074023246765
8,4,11,receive,63,0.04011930711400812,0.01647302877728436,0.5667947663201226,0.030768265880926318,0.49851444363594055,0.6237825155258179
8,4,12,receive,63,0.036956020743265476,0.0038273317262608186,0.47588955599164207,0.04308739850746702,0.3548363447189331,0.5607406497001648
8,4,13,receive,63,0.039487341667864835,0.008593309528469373,0.48071774982270743,0.0395277896857862,0.39070048928260803,0.5820470452308655
8,4,14,receive,63,0.02280642586058677,0.0036522895325556636,0.6186152223556761,0.039970302905354645,0.4954981803894043,0.6790355443954468
8,5,1,receive,63,0.3569607192773994,0.04351266732546885,0.436458064450158,0.028914109786364914,0.3753618001937866,0.5960623025894165
8,5,2,receive,63,0.0459842354602826,0.008700186899567643,0.46019855330860804,0.03145489703591506,0.387347549200058,0.5731951594352722
8,5,3,receive,63,0.06082046388341066,0.00821423261070959,0.4131822921927013,0.02980120380892645,0.35612621903419495,0.4969094693660736
8,5,4,receive,63,0.02537314751106117,0.005522048563798779,0.44767166508568657,0.024878577224928596,0.382815957069397,0.5098472237586975
8,5,5,receive,63,0.06401151005548791,0.017008661228562965,0.4687536391947005,0.025247190247826925,0.40198421478271484,0.5361317992210388
8,5,6,receive,63,0.13341037421590232,0.03623776408305582,0.45710342980566476,0.02722120481903922,0.3815144896507263,0.5264492034912109
8,5,7,receive,63,0.03116498413915321,0.007497318218247286,0.47655648182308863,0.023982604604973787,0.4187655746936798,0.532358705997467
8,5,8,receive,63,0.01737788830262783,0.002342545197237092,0.6113070968597655,0.03298691911517659,0.5283927917480469,0.678238570690155
8,5,9,receive,63,0.024102624396425052,0.0073372023812984,0.5206039372890715,0.02679918637030734,0.46703583002090454,0.5771990418434143
8,5,10,receive,63,0.1014249573725247,0.03215141538178553,0.5818909595883082,0.025026421940581987,0.5299268960952759,0.6385132074356079
8,5,11,receive,63,0.04011930711400812,0.01647302877728436,0.5358893251608289,0.029572559904961215,0.4733273386955261,0.5961165428161621
8,5,12,receive,63,0.036956020743265476,0.0038273317262608186,0.44494221749759855,0.044434127803247334,0.3321012258529663,0.5463046431541443
8,5,13,receive,63,0.039487341667864835,0.008593309528469373,0.4483471479680803,0.04198684173349638,0.3627645969390869,0.588386058807373
8,5,14,receive,63,0.02280642586058677,0.0036522895325556636,0.5882142588259682,0.04128356619354489,0.46596387028694153,0.6736438274383545
8,6,1,receive,63,0.3569607192773994,0.04351266732546885,0.4361766080061595,0.026042708213043657,0.389834463596344,0.5729937553405762
8,6,2,receive,63,0.0459842354602826,0.008700186899567643,0.46450894077618915,0.03043292062939953,0.4078802168369293,0.5727139711380005
8,6,3,receive,63,0.06082046388341066,0.00821423261070959,0.4173286192946964,0.030000120117628457,0.3738619089126587,0.5054053068161011
8,6,4,receive,63,0.02537314751106117,0.005522048563798779,0.4576914059737372,0.02362782466344323,0.40716323256492615,0.5208007097244263
8,6,5,receive,63,0.06401151005548791,0.017008661228562965,0.4784523948790535,0.02394332415284164,0.4274493157863617,0.5461737513542175
8,6,6,receive,63,0.13341037421590232,0.03623776408305582,0.4649233628833105,0.025725607592381357,0.4047776758670807,0.5346762537956238
8,6,7,receive,63,0.03116498413915321,0.007497318218247286,0.49273067854699637,0.02223331238620576,0.4395240843296051,0.544547438621521
8,6,8,receive,63,0.01737788830262783,0.002342545197237092,0.6435244726756263,0.029633867326490676,0.5677013993263245,0.7044902443885803
8,6,9,receive,63,0.024102624396425052,0.0073372023812984,0.5328264321599688,0.025705446285865494,0.4844798147678375,0.5885021090507507
8,6,10,receive,63,0.1014249573725247,0.03215141538178553,0.5974903286449493,0.022889225235279167,0.5517803430557251,0.6504983901977539
8,6,11,receive,63,0.04011930711400812,0.01647302877728436,0.5529164302916754,0.028826940779776853,0.49157434701919556,0.6104289889335632
8,6,12,receive,63,0.036956020743265476,0.0038273317262608186,0.4507646248454139,0.04656465664487825,0.3356344401836395,0.5640859007835388
8,6,13,receive,63,0.039487341667864835,0.008593309528469373,0.42999808419318425,0.039359974455077155,0.35951855778694153,0.5701715350151062
8,6,14,receive,63,0.02280642586058677,0.0036522895325556636,0.5659647825218382,0.043311121720369626,0.4307138919830322,0.6468784213066101
8,7,1,receive,63,0.3569607192773994,0.04351266732546885,0.38114326388116865,0.028741209109286247,0.3454761207103729,0.535664975643158
8,7,2,receive,63,0.0459842354602826,0.008700186899567643,0.4065466367063068,0.03477516817620529,0.3649860918521881,0.5335606336593628
8,7,3,receive,63,0.06082046388341066,0.00821423261070959,0.3446230131482321,0.034688166049657305,0.3141866624355316,0.4402289390563965
8,7,4,receive,63,0.02537314751106117,0.005522048563798779,0.3939526956232767,0.02622420145182126,0.356891393661499,0.4665733575820923
8,7,5,receive,63,0.06401151005548791,0.017008661228562965,0.4131367674895695,0.025050328982447127,0.378301203250885,0.4895973801612854
8,7,6,receive,63,0.13341037421590232,0.03623776408305582,0.3981136121447124,0.025268510177059094,0.3547082841396332,0.4758395552635193
8,7,7,receive,63,0.03116498413915321,0.007497318218247286,0.42832948243807234,0.023664708422116595,0.39088180661201477,0.48883065581321716
8,7,8,receive,63,0.01737788830262783,0.002342545197237092,0.5973265227817354,0.031054359910863083,0.5348708033561707,0.662334680557251
8,7,9,receive,63,0.024102624396425052,0.0073372023812984,0.48374129666222465,0.029093289294837663,0.4376180171966553,0.5408565402030945
8,7,10,receive,63,0.1014249573725247,0.03215141538178553,0.5631921859014601,0.02170114366578666,0.5250210762023926,0.6188127994537354
8,7,11,receive,63,0.04011930711400812,0.01647302877728436,0.5153919146174476,0.028308790676977853,0.463137149810791,0.5847706198692322
8,7,12,receive,63,0.036956020743265476,0.0038273317262608186,0.410689996348487,0.04656453536894529,0.3077200949192047,0.52620929479599
8,7,13,receive,63,0.039487341667864835,0.008593309528469373,0.39097259962369524,0.03663469422352645,0.328911155462265,0.528860330581665
8,7,14,receive,63,0.02280642586058677,0.0036522895325556636,0.48711566177625504,0.04185770741801985,0.37296825647354126,0.579322099685669
8,8,1,receive,63,0.3569607192773994,0.04351266732546885,0.3015805383523305,0.029471171240919244,0.2566330134868622,0.39980852603912354
8,8,2,receive,63,0.0459842354602826,0.008700186899567643,0.3213148344130743,0.03606714767898191,0.27903592586517334,0.41138172149658203
8,8,3,receive,63,0.06082046388341066,0.00821423261070959,0.27026548366698006,0.03771197353135554,0.22318141162395477,0.3756818175315857
8,8,4,receive,63,0.02537314751106117,0.005522048563798779,0.3135522594527593,0.029760435830230702,0.27776843309402466,0.38791629672050476
8,8,5,receive,63,0.06401151005548791,0.017008661228562965,0.3257551311500489,0.02889117078425157,0.29078787565231323,0.4049433767795563
8,8,6,receive,63,0.13341037421590232,0.03623776408305582,0.3078977494012742,0.026979013096308575,0.2676849961280823,0.38530826568603516
8,8,7,receive,63,0.03116498413915321,0.007497318218247286,0.33508236256856766,0.027763565112450508,0.2952904999256134,0.40631192922592163
8,8,8,receive,63,0.01737788830262783,0.002342545197237092,0.5078083068605453,0.03484470422852213,0.44680967926979065,0.5779335498809814
8,8,9,receive,63,0.024102624396425052,0.0073372023812984,0.39217760875111535,0.033616775215617394,0.34347718954086304,0.46493539214134216
8,8,10,receive,63,0.1014249573725247,0.03215141538178553,0.5388077970535036,0.026182251013251424,0.49547484517097473,0.6050002574920654
8,8,11,receive,63,0.04011930711400812,0.01647302877728436,0.5124446352322897,0.0326460814263458,0.4665217101573944,0.5896440744400024
8,8,12,receive,63,0.036956020743265476,0.0038273317262608186,0.3780894355168418,0.04553313178790588,0.2875398099422455,0.49534663558006287
8,8,13,receive,63,0.039487341667864835,0.008593309528469373,0.34282582856359933,0.030841266595500603,0.29731738567352295,0.44031211733818054
8,8,14,receive,63,0.02280642586058677,0.0036522895325556636,0.41742376344544546,0.0366882546600548,0.321734219789505,0.5045823454856873
8,9,1,receive,63,0.3569607192773994,0.04351266732546885,0.3988915951479049,0.024837946227574226,0.36392322182655334,0.4974415898323059
8,9,2,receive,63,0.0459842354602826,0.008700186899567643,0.40527517029217314,0.029516217683459387,0.36882877349853516,0.4875670075416565
8,9,3,receive,63,0.06082046388341066,0.00821423261070959,0.3420152938555157,0.03227856714005237,0.3009616434574127,0.4313412010669708
8,9,4,receive,63,0.02537314751106117,0.005522048563798779,0.40728448355008684,0.021120603959857147,0.3748973309993744,0.47445380687713623
8,9,5,receive,63,0.06401151005548791,0.017008661228562965,0.41161708699332344,0.02272927533724091,0.3804296553134918,0.4827446937561035
8,9,6,receive,63,0.13341037421590232,0.03623776408305582,0.3968429948602404,0.02232989073832879,0.35538414120674133,0.46748653054237366
8,9,7,receive,63,0.03116498413915321,0.007497318218247286,0.4202542021161034,0.02302139130119631,0.37874576449394226,0.47669532895088196
8,9,8,receive,63,0.01737788830262783,0.002342545197237092,0.5767080159414382,0.03013758729599129,0.5173917412757874,0.6419231295585632
8,9,9,receive,63,0.024102624396425052,0.0073372023812984,0.46114239238557364,0.029972444828929606,0.40982890129089355,0.5175554156303406
8,9,10,receive,63,0.1014249573725247,0.03215141538178553,0.5524458913576036,0.027046789992237495,0.49721401929855347,0.6118757128715515
8,9,11,receive,63,0.04011930711400812,0.01647302877728436,0.5048615478333973,0.03316571582029107,0.4474371075630188,0.5737285017967224
8,9,12,receive,63,0.036956020743265476,0.0038273317262608186,0.39575986777033123,0.04690225033282034,0.3027368485927582,0.5179871916770935
8,9,13,receive,63,0.039487341667864835,0.008593309528469373,0.3460716259857965,0.03671597286349176,0.28542211651802063,0.4659195840358734
8,9,14,receive,63,0.02280642586058677,0.0036522895325556636,0.42207616946053883,0.038193351943724356,0.33414044976234436,0.5057451128959656
8,10,1,receive,63,0.3569607192773994,0.04351266732546885,0.37437763573631405,0.025632299291717304,0.3471439778804779,0.49680840969085693
8,10,2,receive,63,0.0459842354602826,0.008700186899567643,0.3768656381538936,0.028299674509866073,0.3423566222190857,0.463796466588974
8,10,3,receive,63,0.06082046388341066,0.00821423261070959,0.30585521033832,0.029298581412894584,0.2705937623977661,0.383560448884964
8,10,4,receive,63,0.02537314751106117,0.005522048563798779,0.36763513466668507,0.018548567222992408,0.3449387848377228,0.4267491400241852
8,10,5,receive,63,0.06401151005548791,0.017008661228562965,0.357392801651879,0.01890011008817947,0.3371639549732208,0.4127313196659088
8,10,6,receive,63,0.13341037421590232,0.03623776408305582,0.31132321887546116,0.01990421376171888,0.2741089165210724,0.3680645525455475
8,10,7,receive,63,0.03116498413915321,0.007497318218247286,0.3400767024547335,0.023729072886466418,0.2984548509120941,0.38844284415245056
8,10,8,receive,63,0.01737788830262783,0.002342545197237092,0.4875787676326812,0.032269085281390754,0.425740122795105,0.5452264547348022
8,10,9,receive,63,0.024102624396425052,0.0073372023812984,0.37420690438104054,0.033510312508414186,0.3244227468967438,0.4492679834365845
8,10,10,receive,63,0.1014249573725247,0.03215141538178553,0.5016868204351456,0.02316903193086729,0.4641163647174835,0.5563581585884094
8,10,11,receive,63,0.04011930711400812,0.01647302877728436,0.4575573891874344,0.029272413484383888,0.41065487265586853,0.5259369015693665
8,10,12,receive,63,0.036956020743265476,0.0038273317262608186,0.35335206370505073,0.043726897786522806,0.2703295648097992,0.4672935903072357
8,10,13,receive,63,0.039487341667864835,0.008593309528469373,0.3215303316948906,0.039766316797095975,0.27328959107398987,0.45577627420425415
8,10,14,receive,63,0.02280642586058677,0.0036522895325556636,0.3953837752342224,0.04297815798067156,0.3020705282688141,0.4857397973537445
8,11,1,receive,63,0.3569607192773994,0.04351266732546885,0.38891189486261396,0.025588965159789936,0.336671382188797,0.48945382237434387
8,11,2,receive,63,0.0459842354602826,0.008700186899567643,0.38905936999926494,0.02920341735191972,0.3279513418674469,0.474626362323761
8,11,3,receive,63,0.06082046388341066,0.00821423261070959,0.32638706479753765,0.02915522989124885,0.28510499000549316,0.41762828826904297
8,11,4,receive,63,0.02537314751106117,0.005522048563798779,0.3804131159706721,0.02332939682489903,0.3322758078575134,0.4470101594924927
8,11,5,receive,63,0.06401151005548791,0.017008661228562965,0.37903260427808005,0.023754792327832994,0.33463338017463684,0.45141175389289856
8,11,6,receive,63,0.13341037421590232,0.03623776408305582,0.33546496289116995,0.02672878548790207,0.27844446897506714,0.41107290983200073
8,11,7,receive,63,0.03116498413915321,0.007497318218247286,0.3769450764807444,0.025249052561552385,0.31576982140541077,0.441232293844223
8,11,8,receive,63,0.01737788830262783,0.002342545197237092,0.5595731205410428,0.03246507426936573,0.47565436363220215,0.6343894004821777
8,11,9,receive,63,0.024102624396425052,0.0073372023812984,0.4365977091448648,0.025512048663928852,0.37357527017593384,0.47552165389060974
8,11,10,receive,63,0.1014249573725247,0.03215141538178553,0.5264159980274382,0.026744569827282218,0.464470773935318,0.5931577086448669
8,11,11,receive,63,0.04011930711400812,0.01647302877728436,0.45589005426755025,0.02707760297090865,0.4014127552509308,0.5144981145858765
8,11,12,receive,63,0.036956020743265476,0.0038273317262608186,0.36097909628398833,0.03858879088042035,0.2881071865558624,0.45808693766593933
8,11,13,receive,63,0.039487341667864835,0.008593309528469373,0.32813905203153215,0.03777069860917863,0.2841762900352478,0.4687967598438263
8,11,14,receive,63,0.02280642586058677,0.0036522895325556636,0.40634341372383964,0.04398988008714609,0.3037669360637665,0.4962555170059204
8,12,1,receive,63,0.3569607192773994,0.04351266732546885,0.37883967634231325,0.02877906144430158,0.3200336992740631,0.48991531133651733
8,12,2,receive,63,0.0459842354602826,0.008700186899567643,0.3795136383601597,0.031307403642201484,0.3140240013599396,0.4674738049507141
8,12,3,receive,63,0.06082046388341066,0.00821423261070959,0.3180544040505848,0.030110212269709787,0.26812607049942017,0.4113956093788147
8,12,4,receive,63,0.02537314751106117,0.005522048563798779,0.3729658562039572,0.025735635316753647,0.31881043314933777,0.44829052686691284
8,12,5,receive,63,0.06401151005548791,0.017008661228562965,0.3751029556705838,0.02600131434215693,0.32389146089553833,0.4499645531177521
8,12,6,receive,63,0.13341037421590232,0.03623776408305582,0.3303629628249577,0.030751680306125958,0.26236414909362793,0.4096584618091583
8,12,7,receive,63,0.03116498413915321,0.007497318218247286,0.3659249302886781,0.03075414277974298,0.2886495888233185,0.4371749758720398
8,12,8,receive,63,0.01737788830262783,0.002342545197237092,0.5589157754466647,0.03856074269709215,0.4576702117919922,0.6404237747192383
8,12,9,receive,63,0.024102624396425052,0.0073372023812984,0.4383125740384299,0.029921411992335882,0.3673866391181946,0.4836147725582123
8,12,10,receive,63,0.1014249573725247,0.03215141538178553,0.5633993910418617,0.03575125801734083,0.47700750827789307,0.6392726302146912
8,12,11,receive,63,0.04011930711400812,0.01647302877728436,0.5139130614106617,0.03274631583124713,0.4339683949947357,0.5845610499382019
8,12,12,receive,63,0.036956020743265476,0.0038273317262608186,0.3965693646007114,0.03784698733881675,0.3272252082824707,0.47930267453193665
8,12,13,receive,63,0.039487341667864835,0.008593309528469373,0.36024381480519735,0.03821351735979309,0.3073548972606659,0.4802519977092743
8,12,14,receive,63,0.02280642586058677,0.0036522895325556636,0.4315262422675178,0.0449396750535186,0.3221255838871002,0.5114483833312988
8,13,1,receive,63,0.3569607192773994,0.04351266732546885,0.27636152198390357,0.04634386841003676,0.1839720606803894,0.4236234128475189
8,13,2,receive,63,0.0459842354602826,0.008700186899567643,0.2715563736264668,0.04411291422659162,0.17325355112552643,0.38054999709129333
8,13,3,receive,63,0.06082046388341066,0.00821423261070959,0.20872157339065794,0.0350298539386094,0.13404738903045654,0.3115534484386444
8,13,4,receive,63,0.02537314751106117,0.005522048563798779,0.2511145557676043,0.038725653540169186,0.16526976227760315,0.3378501534461975
8,13,5,receive,63,0.06401151005548791,0.017008661228562965,0.22646356504114848,0.03189623805702538,0.15568481385707855,0.30830836296081543
8,13,6,receive,63,0.13341037421590232,0.03623776408305582,0.1889626601385692,0.03446010045840345,0.1152522936463356,0.27946820855140686
8,13,7,receive,63,0.03116498413915321,0.007497318218247286,0.22388266476373825,0.03830646185561281,0.13650567829608917,0.3097921311855316
8,13,8,receive,63,0.01737788830262783,0.002342545197237092,0.5059562065298595,0.06513101977973311,0.34293127059936523,0.6246137022972107
8,13,9,receive,63,0.024102624396425052,0.0073372023812984,0.3922922947104015,0.05166266665826819,0.2850486934185028,0.4669848680496216
8,13,10,receive,63,0.1014249573725247,0.03215141538178553,0.40291583490750144,0.05407945698440799,0.27538225054740906,0.4857783913612366
8,13,11,receive,63,0.04011930711400812,0.01647302877728436,0.35614051965494004,0.04882036896220024,0.24060183763504028,0.42905497550964355
8,13,12,receive,63,0.036956020743265476,0.0038273317262608186,0.272856559072222,0.04272316742430707,0.19334720075130463,0.34285345673561096
8,13,13,receive,63,0.039487341667864835,0.008593309528469373,0.2590549460479191,0.0513485335059242,0.1794433295726776,0.3723006248474121
8,13,14,receive,63,0.02280642586058677,0.0036522895325556636,0.3051101437636784,0.049021673996392706,0.22224649786949158,0.3909739851951599
8,14,1,receive,63,0.3569607192773994,0.04351266732546885,0.17773118863503137,0.03488171941232718,0.10476054251194,0.27570468187332153
8,14,2,receive,63,0.0459842354602826,0.008700186899567643,0.1927538107311915,0.033337349122188956,0.11065785586833954,0.26402008533477783
8,14,3,receive,63,0.06082046388341066,0.00821423261070959,0.15859540823906187,0.029221544904509344,0.08926071226596832,0.23108232021331787
8,14,4,receive,63,0.02537314751106117,0.005522048563798779,0.1840086206793785,0.03350537166432313,0.1018623560667038,0.26731497049331665
8,14,5,receive,63,0.06401151005548791,0.017008661228562965,0.14305069782431162,0.024955292738353202,0.08190519362688065,0.21744795143604279
8,14,6,receive,63,0.13341037421590232,0.03623776408305582,0.10898337347639932,0.025760126840988197,0.05192334204912186,0.17821232974529266
8,14,7,receive,63,0.03116498413915321,0.007497318218247286,0.130530122963209,0.030076340358005743,0.06175842136144638,0.20286224782466888
8,14,8,receive,63,0.01737788830262783,0.002342545197237092,0.33266962804491557,0.06556595395774513,0.17349708080291748,0.4379897713661194
8,14,9,receive,63,0.024102624396425052,0.0073372023812984,0.23078013932894145,0.04647806768714499,0.13298436999320984,0.3139148950576782
8,14,10,receive,63,0.1014249573725247,0.03215141538178553,0.2087832504794711,0.042173805479925025,0.12201100587844849,0.30168256163597107
8,14,11,receive,63,0.04011930711400812,0.01647302877728436,0.1720338902539677,0.03357320926115693,0.10266449302434921,0.2446640431880951
8,14,12,receive,63,0.036956020743265476,0.0038273317262608186,0.13889083337216152,0.028738106375958167,0.09432841837406158,0.17137411236763
8,14,13,receive,63,0.039487341667864835,0.008593309528469373,0.13393620236052406,0.03593166314084329,0.08104126900434494,0.2327149212360382
8,14,14,receive,63,0.02280642586058677,0.0036522895325556636,0.1767946086705677,0.03954541423422617,0.10779924690723419,0.2821449041366577
9,1,1,receive,112,0.4445858142008688,0.04978773869926387,0.596230785905001,0.0855330413892116,0.0021581826731562614,0.6899756789207458
9,1,2,receive,112,0.029051641637806692,0.01391735233170554,0.5981070714395693,0.0862879350727863,0.0020567469764500856,0.6748425960540771
9,1,3,receive,112,0.05105502226743407,0.0057764886222308595,0.522982730743284,0.07482067205328885,0.0015588513342663646,0.5964003801345825
9,1,4,receive,112,0.029392654389702594,0.008303210683874495,0.5965872469366461,0.0867925091437907,0.002027437323704362,0.6711758375167847
9,1,5,receive,112,0.03654148570050469,0.012728124109105857,0.5780202778239202,0.08613230499116149,0.001831218134611845,0.6611567735671997
9,1,6,receive,112,0.0444135480484949,0.017899204789278554,0.5568278819233196,0.08452105925734336,0.0017469023587182164,0.6391245126724243
9,1,7,receive,112,0.03328253317494593,0.0070666587894337544,0.560717422043256,0.08584690846273263,0.0017146904719993472,0.6454678773880005
9,1,8,receive,112,0.022471123345208423,0.004588728636214842,0.6633620685752248,0.09929259640200058,0.002202628878876567,0.7519324421882629
9,1,9,receive,112,0.029626733626288752,0.009808273688629578,0.5932509605377813,0.09230607670509308,0.0018240120261907578,0.6996220350265503
9,1,10,receive,112,0.1698929256510051,0.04451115097285949,0.6453237591818574,0.09707939582107597,0.0020484905689954758,0.7443035840988159
9,1,11,receive,112,0.04589478894217596,0.017512142492767342,0.6110807369924649,0.0946058402309996,0.0017484631389379501,0.725692868232727
9,1,12,receive,112,0.028140777030717257,0.003888580774022953,0.5304868684096229,0.09496387002167836,0.0013825360219925642,0.687565803527832
9,1,13,receive,112,0.022748386386353077,0.007332352714669963,0.5214631734467859,0.08910151064943064,0.0014922985574230552,0.6533516645431519
9,1,14,receive,112,0.012902565598493804,0.0018937695051274574,0.6085557754850015,0.10290698813667239,0.0017817188054323196,0.7450507283210754
9,2,1,receive,112,0.4445858142008688,0.04978773869926387,0.4998235182470775,0.07010906737435076,0.001783678075298667,0.5834181308746338
9,2,2,receive,112,0.029051641637806692,0.01391735233170554,0.5061065724574811,0.07255377012246715,0.0017409066203981638,0.5600506663322449
9,2,3,receive,112,0.05105502226743407,0.0057764886222308595,0.42623738253314514,0.06083629057223983,0.0013018511235713959,0.5139568448066711
9,2,4,receive,112,0.029392654389702594,0.008303210683874495,0.49632271082996987,0.07234405747970309,0.001659103436395526,0.5593834519386292
9,2,5,receive,112,0.03654148570050469,0.012728124109105857,0.49488400933062493,0.07432167295888716,0.0015636233147233725,0.5660663843154907
9,2,6,receive,112,0.0444135480484949,0.017899204789278554,0.47535501223839155,0.0733896902952757,0.001473665819503367,0.5571156144142151
9,2,7,receive,112,0.03328253317494593,0.0070666587894337544,0.49265835366220145,0.07649502701554688,0.0015282845124602318,0.5698666572570801
9,2,8,receive,112,0.022471123345208423,0.004588728636214842,0.6107793163059146,0.09310189579131033,0.0020410099532455206,0.7065362334251404
9,2,9,receive,112,0.029626733626288752,0.009808273688629578,0.519509224117168,0.08534715916314783,0.0014532619388774037,0.6339608430862427
9,2,10,receive,112,0.1698929256510051,0.04451115097285949,0.5992272951137109,0.09133905724731615,0.0019281720742583275,0.7028571963310242
9,2,11,receive,112,0.04589478894217596,0.017512142492767342,0.5611006239040373,0.08766531588264935,0.0016315915854647756,0.6803627610206604
9,2,12,receive,112,0.028140777030717257,0.003888580774022953,0.4799159127162836,0.08562711639986412,0.0013103573583066463,0.6433330178260803
9,2,13,receive,112,0.022748386386353077,0.007332352714669963,0.5028714959948307,0.08019489515284522,0.0015428300248458982,0.6300087571144104
9,2,14,receive,112,0.012902565598493804,0.0018937695051274574,0.6171023906011085,0.10059357313286195,0.0018706839764490724,0.7458826899528503
9,3,1,receive,112,0.4445858142008688,0.04978773869926387,0.48079967311787186,0.06893024804612202,0.0016765630571171641,0.5843306183815002
9,3,2,receive,112,0.029051641637806692,0.01391735233170554,0.49511060350050684,0.07127170303915914,0.001715916907414794,0.5665726065635681
9,3,3,receive,112,0.05105502226743407,0.0057764886222308595,0.4195399513139689,0.060862586983188034,0.001300125033594668,0.5214375257492065
9,3,4,receive,112,0.029392654389702594,0.008303210683874495,0.49027046869014157,0.07099401060148547,0.001656905165873468,0.5675542950630188
9,3,5,receive,112,0.03654148570050469,0.012728124109105857,0.4944409496591626,0.07269813157397771,0.0016106341499835253,0.5575418472290039
9,3,6,receive,112,0.0444135480484949,0.017899204789278554,0.4786402826004113,0.07137001302443127,0.0015546490903943777,0.5406237840652466
9,3,7,receive,112,0.03328253317494593,0.0070666587894337544,0.49568146181679495,0.07424441951525744,0.001619177171960473,0.5705764293670654
9,3,8,receive,112,0.022471123345208423,0.004588728636214842,0.6220013161489207,0.09337390896535386,0.0022435083519667387,0.717990517616272
9,3,9,receive,112,0.029626733626288752,0.009808273688629578,0.5224569625466496,0.08281011075795884,0.0015397004317492247,0.6204019784927368
9,3,10,receive,112,0.1698929256510051,0.04451115097285949,0.5996967368181296,0.08938988413275314,0.0020132707431912422,0.7037690877914429
9,3,11,receive,112,0.04589478894217596,0.017512142492767342,0.5768278373746268,0.08953059508337743,0.001801097416318953,0.6980797648429871
9,3,12,receive,112,0.028140777030717257,0.003888580774022953,0.4769847605348332,0.08448741959071411,0.0013057645410299301,0.6457948684692383
9,3,13,receive,112,0.022748386386353077,0.007332352714669963,0.49377401467998944,0.0787422843806382,0.0015106868231669068,0.6261768341064453
9,3,14,receive,112,0.012902565598493804,0.0018937695051274574,0.6040469870276866,0.09760882126756956,0.0017456382047384977,0.7256370782852173
9,4,1,receive,112,0.4445858142008688,0.04978773869926387,0.4815599866550266,0.06966089412360811,0.0017266939394176006,0.6312118172645569
9,4,2,receive,112,0.029051641637806692,0.01391735233170554,0.4952119966442946,0.07130754671932782,0.0017592115327715874,0.597755491733551
9,4,3,receive,112,0.05105502226743407,0.0057764886222308595,0.4377629752156541,0.06284710275002829,0.0014499271055683494,0.49058276414871216
9,4,4,receive,112,0.029392654389702594,0.008303210683874495,0.490728900677433,0.07039279543356144,0.0016862851334735751,0.5454086661338806
9,4,5,receive,112,0.03654148570050469,0.012728124109105857,0.49718273351858705,0.07199499910413254,0.0016508003463968635,0.5484094619750977
9,4,6,receive,112,0.0444135480484949,0.017899204789278554,0.4828062199958367,0.0707664962269062,0.001595495268702507,0.5329623818397522
9,4,7,receive,112,0.03328253317494593,0.0070666587894337544,0.49993273919348474,0.07265472442542695,0.0016801687888801098,0.5515038967132568
9,4,8,receive,112,0.022471123345208423,0.004588728636214842,0.6251361197937513,0.09136526460232865,0.0023097116500139236,0.6900820136070251
9,4,9,receive,112,0.029626733626288752,0.009808273688629578,0.5256511266603151,0.07954146595608538,0.001590473111718893,0.608920156955719
9,4,10,receive,112,0.1698929256510051,0.04451115097285949,0.6029075640212146,0.0869392463642793,0.0020796272438019514,0.6761100888252258
9,4,11,receive,112,0.04589478894217596,0.017512142492767342,0.5522846304229461,0.08174399804410426,0.0016673544887453318,0.6325957179069519
9,4,12,receive,112,0.028140777030717257,0.003888580774022953,0.45088854344586643,0.07798538411747281,0.0012392334174364805,0.5777979493141174
9,4,13,receive,112,0.022748386386353077,0.007332352714669963,0.46423921473095625,0.0730193801491419,0.0013795201666653156,0.5635804533958435
9,4,14,receive,112,0.012902565598493804,0.0018937695051274574,0.5760591618974493,0.09225679443867364,0.0016383951297029853,0.6884101629257202
9,5,1,receive,112,0.4445858142008688,0.04978773869926387,0.45635109031198745,0.06617965532391064,0.001732515636831522,0.5999772548675537
9,5,2,receive,112,0.029051641637806692,0.01391735233170554,0.47166720936885603,0.067958487493728,0.0017651425441727042,0.5774602293968201
9,5,3,receive,112,0.05105502226743407,0.0057764886222308595,0.42157755738922525,0.06066389531334685,0.0014908065786585212,0.47577759623527527
9,5,4,receive,112,0.029392654389702594,0.008303210683874495,0.46168338779326795,0.06553551020599187,0.0016468882095068693,0.5178224444389343
9,5,5,receive,112,0.03654148570050469,0.012728124109105857,0.4802101292007137,0.06839151083950452,0.0016796051058918238,0.537244439125061
9,5,6,receive,112,0.0444135480484949,0.017899204789278554,0.467535966851366,0.06748636016681206,0.0016177609795704484,0.5234717726707458
9,5,7,receive,112,0.03328253317494593,0.0070666587894337544,0.4846557507927563,0.06886544517944795,0.0017213138053193688,0.5420663356781006
9,5,8,receive,112,0.022471123345208423,0.004588728636214842,0.6106039081163804,0.08820431353760434,0.002341923303902149,0.6736002564430237
9,5,9,receive,112,0.029626733626288752,0.009808273688629578,0.5112252965638098,0.07574249543974182,0.0016294250963255763,0.5884390473365784
9,5,10,receive,112,0.1698929256510051,0.04451115097285949,0.5772927038134574,0.0824806341834705,0.0020823772065341473,0.646352231502533
9,5,11,receive,112,0.04589478894217596,0.017512142492767342,0.5205760508428544,0.07596962612617468,0.0016152090393006802,0.606855571269989
9,5,12,receive,112,0.028140777030717257,0.003888580774022953,0.4194226558330619,0.07355581315869832,0.001200460596010089,0.539020299911499
9,5,13,receive,112,0.022748386386353077,0.007332352714669963,0.4313990494546098,0.06933387230742927,0.0013736900873482227,0.5584025979042053
9,5,14,receive,112,0.012902565598493804,0.0018937695051274574,0.5441793336805338,0.08935117066068288,0.0015909859212115407,0.6685507893562317
9,6,1,receive,112,0.4445858142008688,0.04978773869926387,0.4568176475388879,0.06528829739950787,0.0017075975192710757,0.5803449153900146
9,6,2,receive,112,0.029051641637806692,0.01391735233170554,0.47647170224185437,0.06802987792878464,0.0017588272457942367,0.5733683109283447
9,6,3,receive,112,0.05105502226743407,0.0057764886222308595,0.42704769318411956,0.06131229437439384,0.001494011259637773,0.4832914173603058
9,6,4,receive,112,0.029392654389702594,0.008303210683874495,0.4729017709188546,0.0664885287343236,0.0016927714459598064,0.5175390839576721
9,6,5,receive,112,0.03654148570050469,0.012728124109105857,0.49107592192844357,0.06920303035038962,0.0017205249750986695,0.5400441288948059
9,6,6,receive,112,0.0444135480484949,0.017899204789278554,0.47656342213927666,0.06797374832651511,0.0016466601518914104,0.5316808223724365
9,6,7,receive,112,0.03328253317494593,0.0070666587894337544,0.5019529912460712,0.0705584846072417,0.0018141467589884996,0.5499991774559021
9,6,8,receive,112,0.022471123345208423,0.004588728636214842,0.6433088687585301,0.09137672757846126,0.002673520939424634,0.6989361047744751
9,6,9,receive,112,0.029626733626288752,0.009808273688629578,0.5252083893688645,0.0770807032733813,0.0016958806663751602,0.5994724631309509
9,6,10,receive,112,0.1698929256510051,0.04451115097285949,0.5944843615891712,0.08382241683455127,0.0022118324413895607,0.6613630056381226
9,6,11,receive,112,0.04589478894217596,0.017512142492767342,0.5393684150019128,0.07757731459386548,0.001727232476696372,0.6208517551422119
9,6,12,receive,112,0.028140777030717257,0.003888580774022953,0.4276031164554297,0.07567013099509384,0.0012316358042880893,0.5501253008842468
9,6,13,receive,112,0.022748386386353077,0.007332352714669963,0.41414438273724435,0.06771623660103906,0.00130027427803725,0.5362247228622437
9,6,14,receive,112,0.012902565598493804,0.0018937695051274574,0.5218304314756617,0.0886463566799193,0.0014759409241378307,0.6484330892562866
9,7,1,receive,112,0.4445858142008688,0.04978773869926387,0.4060260947662755,0.060380603817192825,0.0014246479840949178,0.5410622358322144
9,7,2,receive,112,0.029051641637806692,0.01391735233170554,0.42435140926370096,0.06397938607239233,0.0014674013946205378,0.5321364402770996
9,7,3,receive,112,0.05105502226743407,0.0057764886222308595,0.3597187378576824,0.05625419660381804,0.0011748021934181452,0.4429076910018921
9,7,4,receive,112,0.029392654389702594,0.008303210683874495,0.41519090764839867,0.06063064968247274,0.0013770610094070435,0.4795384407043457
9,7,5,receive,112,0.03654148570050469,0.012728124109105857,0.4316794530968764,0.0623915956220173,0.0014118272811174393,0.499773234128952
9,7,6,receive,112,0.0444135480484949,0.017899204789278554,0.4157738619417484,0.060541131437221056,0.001399810193106532,0.48126882314682007
9,7,7,receive,112,0.03328253317494593,0.0070666587894337544,0.44371026024288895,0.06354174918127374,0.0015216722385957837,0.5094042420387268
9,7,8,receive,112,0.022471123345208423,0.004588728636214842,0.6033306849941644,0.08705416993790607,0.0024178961757570505,0.6698859930038452
9,7,9,receive,112,0.029626733626288752,0.009808273688629578,0.4821592934344413,0.07244704291959927,0.0015219947090372443,0.5592499375343323
9,7,10,receive,112,0.1698929256510051,0.04451115097285949,0.5641661304543959,0.07971526275482219,0.0020188111811876297,0.6301530599594116
9,7,11,receive,112,0.04589478894217596,0.017512142492767342,0.5072677961163988,0.0733418850468104,0.0015764341223984957,0.6056697368621826
9,7,12,receive,112,0.028140777030717257,0.003888580774022953,0.39326003137518584,0.07142402724180437,0.0011240574531257153,0.512308657169342
9,7,13,receive,112,0.022748386386353077,0.007332352714669963,0.38632726867425454,0.06157423915507384,0.0011965414742007852,0.4922172725200653
9,7,14,receive,112,0.012902565598493804,0.0018937695051274574,0.4559824517834516,0.07872197682262509,0.001361495815217495,0.5858473181724548
9,8,1,receive,112,0.4445858142008688,0.04978773869926387,0.3348010396387378,0.05443630794602072,0.0012428772170096636,0.43375569581985474
9,8,2,receive,112,0.029051641637806692,0.01391735233170554,0.3486707004069883,0.05722310250184112,0.001281976350583136,0.42935019731521606
9,8,3,receive,112,0.05105502226743407,0.0057764886222308595,0.2934119744043398,0.052201144006455265,0.0010479724733158946,0.38221776485443115
9,8,4,receive,112,0.029392654389702594,0.008303210683874495,0.34393049383132684,0.054343359301271286,0.0012284232070669532,0.41607803106307983
9,8,5,receive,112,0.03654148570050469,0.012728124109105857,0.35379753756049986,0.055079527505529566,0.0012594417203217745,0.42898932099342346
9,8,6,receive,112,0.0444135480484949,0.017899204789278554,0.3352678492020849,0.052193460589882786,0.0012069857912138104,0.4020761251449585
9,8,7,receive,112,0.03328253317494593,0.0070666587894337544,0.36123574430010713,0.05556505346800421,0.0013120833318680525,0.4294143617153168
9,8,8,receive,112,0.022471123345208423,0.004588728636214842,0.5297959704704616,0.07934976472471651,0.0021491199731826782,0.5990901589393616
9,8,9,receive,112,0.029626733626288752,0.009808273688629578,0.4050787841624697,0.06442265147477359,0.001352672348730266,0.481243759393692
9,8,10,receive,112,0.1698929256510051,0.04451115097285949,0.5542361478707919,0.07972204343743815,0.00210373941808939,0.6137116551399231
9,8,11,receive,112,0.04589478894217596,0.017512142492767342,0.5217035011467358,0.07652619971963867,0.0016529180575162172,0.6384811401367188
9,8,12,receive,112,0.028140777030717257,0.003888580774022953,0.3775661396731656,0.06730634885223413,0.0011786198010668159,0.479282408952713
9,8,13,receive,112,0.022748386386353077,0.007332352714669963,0.35165452474549447,0.054545226017217736,0.0012509515509009361,0.45752009749412537
9,8,14,receive,112,0.012902565598493804,0.0018937695051274574,0.40344158009455505,0.0686470331075739,0.0014233962865546346,0.5249104499816895
9,9,1,receive,112,0.4445858142008688,0.04978773869926387,0.4214283473265823,0.062401380173245154,0.0015180318150669336,0.4974815249443054
9,9,2,receive,112,0.029051641637806692,0.01391735233170554,0.4349234502775029,0.0639923211505578,0.0015657731564715505,0.5071972012519836
9,9,3,receive,112,0.05105502226743407,0.0057764886222308595,0.36835180371417664,0.057509301605200264,0.0012577477609738708,0.4525069296360016
9,9,4,receive,112,0.029392654389702594,0.008303210683874495,0.44020851214112816,0.062921711295479,0.0015783394919708371,0.49119216203689575
9,9,5,receive,112,0.03654148570050469,0.012728124109105857,0.4418395911665617,0.06364240430616581,0.001543292892165482,0.5080888867378235
9,9,6,receive,112,0.0444135480484949,0.017899204789278554,0.4268679523468433,0.06173330991279805,0.0015222671208903193,0.485626757144928
9,9,7,receive,112,0.03328253317494593,0.0070666587894337544,0.44919367537139415,0.0654267696636086,0.001573594519868493,0.512155294418335
9,9,8,receive,112,0.022471123345208423,0.004588728636214842,0.5980537039057319,0.0868603207313722,0.0023515543434768915,0.6623030304908752
9,9,9,receive,112,0.029626733626288752,0.009808273688629578,0.4750442603970961,0.07306051752831468,0.0014801978832110763,0.5495805740356445
9,9,10,receive,112,0.1698929256510051,0.04451115097285949,0.5721118012921319,0.08258332342210642,0.001994234276935458,0.6350739598274231
9,9,11,receive,112,0.04589478894217596,0.017512142492767342,0.5188010799195452,0.0763400151045281,0.0015786023577675223,0.6336534023284912
9,9,12,receive,112,0.028140777030717257,0.003888580774022953,0.4099697166613104,0.0711808643693785,0.0012229098938405514,0.5048564672470093
9,9,13,receive,112,0.022748386386353077,0.007332352714669963,0.3815823382007823,0.058220558766251734,0.00128349254373461,0.4961877763271332
9,9,14,receive,112,0.012902565598493804,0.0018937695051274574,0.43493335181847215,0.06991593626804984,0.001502096769399941,0.5386746525764465
9,10,1,receive,112,0.4445858142008688,0.04978773869926387,0.39755142796847004,0.059361130103993576,0.0015217955224215984,0.5069663524627686
9,10,2,receive,112,0.029051641637806692,0.01391735233170554,0.40802505440868636,0.0603925051898017,0.0015682732919231057,0.48506098985671997
9,10,3,receive,112,0.05105502226743407,0.0057764886222308595,0.3324883702516672,0.052693089623837334,0.001217602752149105,0.4096360504627228
9,10,4,receive,112,0.029392654389702594,0.008303210683874495,0.4000813273191203,0.056811658091834666,0.0015012973453849554,0.449323445558548
9,10,5,receive,112,0.03654148570050469,0.012728124109105857,0.38675647824129555,0.055277153079338094,0.0013827335787937045,0.4464779794216156
9,10,6,receive,112,0.0444135480484949,0.017899204789278554,0.3426648531936475,0.04994790369752689,0.001154612167738378,0.3988642692565918
9,10,7,receive,112,0.03328253317494593,0.0070666587894337544,0.37132432061792187,0.05526166950709786,0.0012310798047110438,0.4325718581676483
9,10,8,receive,112,0.022471123345208423,0.004588728636214842,0.5159053775745893,0.07664135763571012,0.0018309985753148794,0.5807252526283264
9,10,9,receive,112,0.029626733626288752,0.009808273688629578,0.39265560243386843,0.06466719110967606,0.0011523074936121702,0.4757048487663269
9,10,10,receive,112,0.1698929256510051,0.04451115097285949,0.5209827750950353,0.07391421242976541,0.0016618906520307064,0.5764044523239136
9,10,11,receive,112,0.04589478894217596,0.017512142492767342,0.4724742081556802,0.0687721777823548,0.0013533927267417312,0.5996495485305786
9,10,12,receive,112,0.028140777030717257,0.003888580774022953,0.36768109115031883,0.06553431350762946,0.0010580845410004258,0.45717141032218933
9,10,13,receive,112,0.022748386386353077,0.007332352714669963,0.35763870537318454,0.06047603093042659,0.0011837193742394447,0.48002150654792786
9,10,14,receive,112,0.012902565598493804,0.0018937695051274574,0.40987602775671156,0.07104097433571158,0.0013853545533493161,0.5094633102416992
9,11,1,receive,112,0.4445858142008688,0.04978773869926387,0.4094889066920067,0.06021358754989211,0.001555707072839141,0.5105562806129456
9,11,2,receive,112,0.029051641637806692,0.01391735233170554,0.4173917157386313,0.06193304170870019,0.0016042992938309908,0.5081440210342407
9,11,3,receive,112,0.05105502226743407,0.0057764886222308595,0.3524331782828085,0.05514645808288008,0.0013392727123573422,0.42238226532936096
9,11,4,receive,112,0.029392654389702594,0.008303210683874495,0.40985321598002755,0.059750259310667735,0.0015555514255538583,0.49528855085372925
9,11,5,receive,112,0.03654148570050469,0.012728124109105857,0.4051885062602066,0.059372109277444025,0.0014975799713283777,0.49643537402153015
9,11,6,receive,112,0.0444135480484949,0.017899204789278554,0.3635081123658373,0.0557963427826026,0.0012521984754130244,0.45875051617622375
9,11,7,receive,112,0.03328253317494593,0.0070666587894337544,0.40558976061272134,0.060288635231920185,0.0014675515703856945,0.5088646411895752
9,11,8,receive,112,0.022471123345208423,0.004588728636214842,0.5820604854795549,0.0845158701527799,0.002365627558901906,0.6685193777084351
9,11,9,receive,112,0.029626733626288752,0.009808273688629578,0.45338345166965155,0.06868727185498061,0.0014719758182764053,0.5293600559234619
9,11,10,receive,112,0.1698929256510051,0.04451115097285949,0.5423619181861535,0.0772734979178793,0.0019371334929019213,0.6224039793014526
9,11,11,receive,112,0.04589478894217596,0.017512142492767342,0.4669072850665543,0.06716657751259134,0.0013477362226694822,0.5828007459640503
9,11,12,receive,112,0.028140777030717257,0.003888580774022953,0.37337363959418973,0.06134460271877422,0.0010782814351841807,0.46396440267562866
9,11,13,receive,112,0.022748386386353077,0.007332352714669963,0.36019926992178497,0.0625569074950015,0.0011606230400502682,0.4857652485370636
9,11,14,receive,112,0.012902565598493804,0.0018937695051274574,0.41603336145012043,0.07340219968182471,0.0013787727802991867,0.5117663741111755
9,12,1,receive,112,0.4445858142008688,0.04978773869926387,0.4063408727254552,0.05961004191298105,0.0015098871663212776,0.5081126093864441
9,12,2,receive,112,0.029051641637806692,0.01391735233170554,0.4142342574414215,0.06122777437209692,0.0015475625405088067,0.5046164393424988
9,12,3,receive,112,0.05105502226743407,0.0057764886222308595,0.34998652023620835,0.053935012785779106,0.0013160193338990211,0.42184147238731384
9,12,4,receive,112,0.029392654389702594,0.008303210683874495,0.40879871790301486,0.059290263213571254,0.0015096651623025537,0.4937148988246918
9,12,5,receive,112,0.03654148570050469,0.012728124109105857,0.40771713870968335,0.05947280467909998,0.0014728085370734334,0.4986222982406616
9,12,6,receive,112,0.0444135480484949,0.017899204789278554,0.3639748729536742,0.05671076884559397,0.0011982653522863984,0.4609234035015106
9,12,7,receive,112,0.03328253317494593,0.0070666587894337544,0.40066673478993053,0.061033280893103385,0.0014217313146218657,0.5057234764099121
9,12,8,receive,112,0.022471123345208423,0.004588728636214842,0.5874506011355801,0.08666802244216752,0.0023230132646858692,0.6725818514823914
9,12,9,receive,112,0.029626733626288752,0.009808273688629578,0.46125693062640494,0.06977579559417463,0.001477121259085834,0.5361911058425903
9,12,10,receive,112,0.1698929256510051,0.04451115097285949,0.5838281293212536,0.08528414001978099,0.0019681546837091446,0.6682533025741577
9,12,11,receive,112,0.04589478894217596,0.017512142492767342,0.5293679155968546,0.07705471605028649,0.0015726928832009435,0.6415744423866272
9,12,12,receive,112,0.028140777030717257,0.003888580774022953,0.41527654665800845,0.06532277248964438,0.0012437565019354224,0.49804216623306274
9,12,13,receive,112,0.022748386386353077,0.007332352714669963,0.3976441013801377,0.06695295586452159,0.0012557648587971926,0.5287199020385742
9,12,14,receive,112,0.012902565598493804,0.0018937695051274574,0.4457854253944658,0.07714245895508014,0.0014801817014813423,0.5515368580818176
9,13,1,receive,112,0.4445858142008688,0.04978773869926387,0.3182085395196087,0.06488126530706315,0.0014558536931872368,0.4434880316257477
9,13,2,receive,112,0.029051641637806692,0.01391735233170554,0.3144872959653315,0.06377215996332822,0.0014799379277974367,0.4221329092979431
9,13,3,receive,112,0.05105502226743407,0.0057764886222308595,0.244761007820281,0.05115827173736078,0.0011946862796321511,0.3250148296356201
9,13,4,receive,112,0.029392654389702594,0.008303210683874495,0.2932790658856642,0.0584814893091682,0.0013484412338584661,0.3952053487300873
9,13,5,receive,112,0.03654148570050469,0.012728124109105857,0.26419397997545147,0.05068552160188615,0.0012717145727947354,0.36373984813690186
9,13,6,receive,112,0.0444135480484949,0.017899204789278554,0.2302731507453635,0.051380951348178175,0.0010517636546865106,0.3331816494464874
9,13,7,receive,112,0.03328253317494593,0.0070666587894337544,0.26738720636577845,0.056452357158099375,0.001275919727049768,0.3837278187274933
9,13,8,receive,112,0.022471123345208423,0.004588728636214842,0.5536863924789941,0.09865569162606636,0.0024989983066916466,0.674961268901825
9,13,9,receive,112,0.029626733626288752,0.009808273688629578,0.4349135928236397,0.08048226647947523,0.0016697715036571026,0.5511768460273743
9,13,10,receive,112,0.1698929256510051,0.04451115097285949,0.43707301360804457,0.08150012292524347,0.001717275008559227,0.5609980821609497
9,13,11,receive,112,0.04589478894217596,0.017512142492767342,0.3833578288041671,0.07270446588330051,0.0013721530558541417,0.5317379236221313
9,13,12,receive,112,0.028140777030717257,0.003888580774022953,0.2985001617687106,0.05830298810288472,0.0011445104610174894,0.40647852420806885
9,13,13,receive,112,0.022748386386353077,0.007332352714669963,0.32388094701309456,0.07978573584129908,0.0013245845912024379,0.4933129549026489
9,13,14,receive,112,0.012902565598493804,0.0018937695051274574,0.354191199421101,0.07855941486965068,0.0015172925777733326,0.49067676067352295
9,14,1,receive,112,0.4445858142008688,0.04978773869926387,0.19827606544380874,0.04404133631712354,0.0010150026064366102,0.29582512378692627
9,14,2,receive,112,0.029051641637806692,0.01391735233170554,0.21633721189885233,0.04610573334815743,0.0010584731353446841,0.3152906596660614
9,14,3,receive,112,0.05105502226743407,0.0057764886222308595,0.17984944902855204,0.040019819121948866,0.0009495657868683338,0.2603137493133545
9,14,4,receive,112,0.029392654389702594,0.008303210683874495,0.20847309940602696,0.04499807250274184,0.0010473431320860982,0.30840691924095154
9,14,5,receive,112,0.03654148570050469,0.012728124109105857,0.1614994904599111,0.033202831501502515,0.0008987127221189439,0.2478453665971756
9,14,6,receive,112,0.0444135480484949,0.017899204789278554,0.12854345926825772,0.03202061090624171,0.0006987731903791428,0.2139526754617691
9,14,7,receive,112,0.03328253317494593,0.0070666587894337544,0.1515335204276198,0.03685780100269922,0.0008396130870096385,0.25145742297172546
9,14,8,receive,112,0.022471123345208423,0.004588728636214842,0.36601161808981225,0.07963343716534833,0.0015892378287389874,0.507115364074707
9,14,9,receive,112,0.029626733626288752,0.009808273688629578,0.25399106479640715,0.05812161785058602,0.0010154267074540257,0.3678835928440094
9,14,10,receive,112,0.1698929256510051,0.04451115097285949,0.2230121790001119,0.050917163540141634,0.0009303954429924488,0.33113259077072144
9,14,11,receive,112,0.04589478894217596,0.017512142492767342,0.18115137374791498,0.03963452487816513,0.0006785081932321191,0.29255786538124084
9,14,12,receive,112,0.028140777030717257,0.003888580774022953,0.1472933101280692,0.03348047308380764,0.0006111005786806345,0.2227967083454132
9,14,13,receive,112,0.022748386386353077,0.007332352714669963,0.1665895825468137,0.047406054909082875,0.0007284487364813685,0.2938799560070038
9,14,14,receive,112,0.012902565598493804,0.0018937695051274574,0.20277847556384845,0.053053994137054236,0.0008671893738210201,0.31416213512420654
10,1,1,receive,3564,0.550238355323473,0.08893500185722712,0.5516111042077,0.0892564142210038,0.001247059553861618,0.7684450745582581
10,1,2,receive,3564,0.017356552190289896,0.007184471546322576,0.5543015740392939,0.09036835818260722,0.0013858778402209282,0.758720338344574
10,1,3,receive,3564,0.025734161364590353,0.007417844571940282,0.49586428961251194,0.08194654623165802,0.0011953475186601281,0.6991581916809082
10,1,4,receive,3564,0.021112408529761383,0.00909801324804756,0.549975637334159,0.09178564706296864,0.0013596843928098679,0.7249244451522827
10,1,5,receive,3564,0.024680298819110446,0.014333650206731677,0.5289020874918,0.09072238957657347,0.0012369073228910565,0.7394295334815979
10,1,6,receive,3564,0.023483390549369397,0.01198878493072057,0.5115956827579013,0.08934858249346887,0.0011719664325937629,0.7246837019920349
10,1,7,receive,3564,0.029572073387204124,0.010757380243028277,0.5166958915592653,0.08990252716530729,0.0012722028186544776,0.7183164358139038
10,1,8,receive,3564,0.011354756217402779,0.0038534549604192776,0.5562211885437757,0.09792966048625039,0.001213355571962893,0.7611547112464905
10,1,9,receive,3564,0.007271874324665655,0.004549649883174842,0.525510400782055,0.09366240088157163,0.0011724672513082623,0.73091721534729
10,1,10,receive,3564,0.20672942308602382,0.0679411571057585,0.5737972757315556,0.09658013769123185,0.0014438953949138522,0.7814513444900513
10,1,11,receive,3564,0.036480065244068244,0.019274941089979316,0.5714744206581434,0.0979000526403409,0.0013307761400938034,0.8159250020980835
10,1,12,receive,3564,0.031814742592998504,0.007697743031719894,0.5367788650128061,0.10305859317397066,0.0011923805577680469,0.8269831538200378
10,1,13,receive,3564,0.01189688492917273,0.004415385440988793,0.6027900749057002,0.10979545227573406,0.0012254711473360658,0.8543708920478821
10,1,14,receive,3564,0.0022750134418696474,0.0024497245201026484,0.6777886058895443,0.11530224018952433,0.0015731249004602432,0.8892257213592529
10,2,1,receive,3564,0.550238355323473,0.08893500185722712,0.4683574460313957,0.0755677673048299,0.0011995387030765414,0.7035216689109802
10,2,2,receive,3564,0.017356552190289896,0.007184471546322576,0.4762409290189525,0.0784331593626204,0.0012081837048754096,0.6780915856361389
10,2,3,receive,3564,0.025734161364590353,0.007417844571940282,0.4141685993812548,0.07140622801935101,0.0010439810575917363,0.6484115719795227
10,2,4,receive,3564,0.021112408529761383,0.00909801324804756,0.4635784376962565,0.07949816546634404,0.0011335365707054734,0.6818844676017761
10,2,5,receive,3564,0.024680298819110446,0.014333650206731677,0.4607372882113989,0.08193819613611507,0.0009925563354045153,0.7149767279624939
10,2,6,receive,3564,0.023483390549369397,0.01198878493072057,0.4463137411557348,0.0816844722123119,0.0009206929826177657,0.7027395367622375
10,2,7,receive,3564,0.029572073387204124,0.010757380243028277,0.46342030665924766,0.08317842514952233,0.001120679429732263,0.7000535726547241
10,2,8,receive,3564,0.011354756217402779,0.0038534549604192776,0.5124803719771062,0.09438335171738796,0.0011324885999783874,0.7517949342727661
10,2,9,receive,3564,0.007271874324665655,0.004549649883174842,0.46535101333618956,0.08993242202993414,0.0010387720540165901,0.6986923813819885
10,2,10,receive,3564,0.20672942308602382,0.0679411571057585,0.5336911875660064,0.09130131154892143,0.0012550773099064827,0.7653793096542358
10,2,11,receive,3564,0.036480065244068244,0.019274941089979316,0.5338339896399465,0.09280385883336031,0.0012991990661248565,0.8063778877258301
10,2,12,receive,3564,0.031814742592998504,0.007697743031719894,0.500704232533998,0.09775243639547616,0.0011704759672284126,0.8097520470619202
10,2,13,receive,3564,0.01189688492917273,0.004415385440988793,0.6011103123160747,0.10515249872649303,0.001410985947586596,0.8649629354476929
10,2,14,receive,3564,0.0022750134418696474,0.0024497245201026484,0.6970682213506303,0.11545513354394887,0.0018163473578169942,0.9033475518226624
10,3,1,receive,3564,0.550238355323473,0.08893500185722712,0.4726974191314616,0.08109057597350847,0.001307015074416995,0.7264062762260437
10,3,2,receive,3564,0.017356552190289896,0.007184471546322576,0.4825505524839501,0.08280568408046331,0.0012804819270968437,0.7063479423522949
10,3,3,receive,3564,0.025734161364590353,0.007417844571940282,0.42397708306837056,0.08082267779724456,0.0010290963109582663,0.6682153940200806
10,3,4,receive,3564,0.021112408529761383,0.00909801324804756,0.4740173658404087,0.08394748536472973,0.0012289094738662243,0.7019491791725159
10,3,5,receive,3564,0.024680298819110446,0.014333650206731677,0.4687882090273144,0.08280583112632996,0.0010801933240145445,0.7255833148956299
10,3,6,receive,3564,0.023483390549369397,0.01198878493072057,0.45861454969078647,0.08300420948914494,0.0010372052202001214,0.714998722076416
10,3,7,receive,3564,0.029572073387204124,0.010757380243028277,0.4753976345831368,0.08451099964440155,0.001262467005290091,0.712378203868866
10,3,8,receive,3564,0.011354756217402779,0.0038534549604192776,0.5210447157729222,0.09348979944472645,0.0012458990095183253,0.758394181728363
10,3,9,receive,3564,0.007271874324665655,0.004549649883174842,0.47386908475855755,0.08817082116359083,0.0010954379104077816,0.7061518430709839
10,3,10,receive,3564,0.20672942308602382,0.0679411571057585,0.54004958666672,0.09215240497736998,0.0013501167995855212,0.7713377475738525
10,3,11,receive,3564,0.036480065244068244,0.019274941089979316,0.5564842174988863,0.09682591454511429,0.001346162986010313,0.8204115629196167
10,3,12,receive,3564,0.031814742592998504,0.007697743031719894,0.5043848668980698,0.09814661541815865,0.0011424131225794554,0.81289142370224
10,3,13,receive,3564,0.01189688492917273,0.004415385440988793,0.5986025120841073,0.10887526997593892,0.0013064388185739517,0.8668177723884583
10,3,14,receive,3564,0.0022750134418696474,0.0024497245201026484,0.6911445869644137,0.11591697874706462,0.0017104301368817687,0.9048416614532471
10,4,1,receive,3564,0.550238355323473,0.08893500185722712,0.4539362043460795,0.07442721918254339,0.0012114039855077863,0.7148944139480591
10,4,2,receive,3564,0.017356552190289896,0.007184471546322576,0.46327202877721735,0.07529120964422895,0.0012503350153565407,0.7070374488830566
10,4,3,receive,3564,0.025734161364590353,0.007417844571940282,0.41456476063454495,0.06871306201883312,0.0010462960926815867,0.6458627581596375
10,4,4,receive,3564,0.021112408529761383,0.00909801324804756,0.46040455197265284,0.07519573773371427,0.0012010770151391625,0.6645756959915161
10,4,5,receive,3564,0.024680298819110446,0.014333650206731677,0.4631044235453245,0.07633955973691703,0.0011524069122970104,0.6699596643447876
10,4,6,receive,3564,0.023483390549369397,0.01198878493072057,0.4541955434127779,0.07593050327221135,0.001120236935093999,0.6535117030143738
10,4,7,receive,3564,0.029572073387204124,0.010757380243028277,0.4713235200210563,0.07723881653329827,0.0013272914802655578,0.66048663854599
10,4,8,receive,3564,0.011354756217402779,0.0038534549604192776,0.5163060407587455,0.08535595177655353,0.001292929518967867,0.7168586254119873
10,4,9,receive,3564,0.007271874324665655,0.004549649883174842,0.4688986211454438,0.08020227132392183,0.0011230005184188485,0.6596655249595642
10,4,10,receive,3564,0.20672942308602382,0.0679411571057585,0.5351942304916579,0.085407867965307,0.0014414973556995392,0.7232584357261658
10,4,11,receive,3564,0.036480065244068244,0.019274941089979316,0.5311496707976756,0.08556926310253833,0.0012829191982746124,0.7454392313957214
10,4,12,receive,3564,0.031814742592998504,0.007697743031719894,0.4585893705394681,0.08452615914614711,0.0011043045669794083,0.7286466956138611
10,4,13,receive,3564,0.01189688492917273,0.004415385440988793,0.551394953648207,0.09669715847270442,0.0012014929670840502,0.8035180568695068
10,4,14,receive,3564,0.0022750134418696474,0.0024497245201026484,0.6505219839996668,0.1074453927376734,0.0015926091000437737,0.8560582399368286
10,5,1,receive,3564,0.550238355323473,0.08893500185722712,0.4300570760127267,0.07153854614046155,0.0011643021134659648,0.6871597170829773
10,5,2,receive,3564,0.017356552190289896,0.007184471546322576,0.43928956215264114,0.07183817102451913,0.0012017212575301528,0.6738833785057068
10,5,3,receive,3564,0.025734161364590353,0.007417844571940282,0.38995533854913333,0.06495555195383688,0.0009694706532172859,0.6125302314758301
10,5,4,receive,3564,0.021112408529761383,0.00909801324804756,0.4311948074358131,0.07054268054541163,0.001139939995482564,0.6137743592262268
10,5,5,receive,3564,0.024680298819110446,0.014333650206731677,0.44602563508062293,0.07279238412415263,0.0011468770680949092,0.6211258769035339
10,5,6,receive,3564,0.023483390549369397,0.01198878493072057,0.43883608928556905,0.0727401285279568,0.0011201302986592054,0.6064193248748779
10,5,7,receive,3564,0.029572073387204124,0.010757380243028277,0.45588524822199533,0.07392375384950073,0.0013132710009813309,0.6232603192329407
10,5,8,receive,3564,0.011354756217402779,0.0038534549604192776,0.500186728786478,0.08192140353424675,0.001279271556995809,0.667663037776947
10,5,9,receive,3564,0.007271874324665655,0.004549649883174842,0.45380194342555896,0.07701326303461166,0.0011111355852335691,0.6066946387290955
10,5,10,receive,3564,0.20672942308602382,0.0679411571057585,0.5079880308282578,0.08090350518905554,0.0013882118510082364,0.6641616821289062
10,5,11,receive,3564,0.036480065244068244,0.019274941089979316,0.5014802436001677,0.08042986293610799,0.0013525254325941205,0.7055593729019165
10,5,12,receive,3564,0.031814742592998504,0.007697743031719894,0.429220293831134,0.07984865860280028,0.0010197106748819351,0.6703200340270996
10,5,13,receive,3564,0.01189688492917273,0.004415385440988793,0.520988145966619,0.09362978728502343,0.0011678242590278387,0.7970683574676514
10,5,14,receive,3564,0.0022750134418696474,0.0024497245201026484,0.6231705096992756,0.10465269378099583,0.0015367489540949464,0.8182192444801331
10,6,1,receive,3564,0.550238355323473,0.08893500185722712,0.4349684718689308,0.07064657764766764,0.0011917379451915622,0.6775367259979248
10,6,2,receive,3564,0.017356552190289896,0.007184471546322576,0.44896222993028695,0.07138489177754394,0.0012590824626386166,0.6515278220176697
10,6,3,receive,3564,0.025734161364590353,0.007417844571940282,0.4005302223845988,0.06510603987313568,0.0010030143894255161,0.606084406375885
10,6,4,receive,3564,0.021112408529761383,0.00909801324804756,0.44444020929534406,0.0711333144918653,0.0011865206761285663,0.5981476306915283
10,6,5,receive,3564,0.024680298819110446,0.014333650206731677,0.45895155765479834,0.07353345409425502,0.0011803354136645794,0.6394017338752747
10,6,6,receive,3564,0.023483390549369397,0.01198878493072057,0.4499187900345523,0.07310091126922443,0.0011468109441921115,0.6221710443496704
10,6,7,receive,3564,0.029572073387204124,0.010757380243028277,0.47040281003513806,0.0750996282532863,0.0013688481412827969,0.6331468224525452
10,6,8,receive,3564,0.011354756217402779,0.0038534549604192776,0.5147265164407888,0.08353086916663101,0.001333411899395287,0.6919410228729248
10,6,9,receive,3564,0.007271874324665655,0.004549649883174842,0.4651567498465015,0.0783111436585356,0.001139302272349596,0.6291499137878418
10,6,10,receive,3564,0.20672942308602382,0.0679411571057585,0.5223018405187481,0.08168389999915707,0.0013676396338269114,0.6698870658874512
10,6,11,receive,3564,0.036480065244068244,0.019274941089979316,0.5163256005431,0.0813274702348712,0.00134568614885211,0.718052327632904
10,6,12,receive,3564,0.031814742592998504,0.007697743031719894,0.4325265017266301,0.0801665001162633,0.0009965739445760846,0.6645150780677795
10,6,13,receive,3564,0.01189688492917273,0.004415385440988793,0.5148261818001579,0.08988566328966069,0.0012823260622099042,0.7863976955413818
10,6,14,receive,3564,0.0022750134418696474,0.0024497245201026484,0.6139990990473139,0.10413526106860413,0.0015479944413527846,0.7994739413261414
10,7,1,receive,3564,0.550238355323473,0.08893500185722712,0.3967366526077118,0.06516415127876973,0.0010765366023406386,0.6486817002296448
10,7,2,receive,3564,0.017356552190289896,0.007184471546322576,0.4100787701618878,0.0655370948745629,0.0011235056445002556,0.6095457673072815
10,7,3,receive,3564,0.025734161364590353,0.007417844571940282,0.3541111974673114,0.05924227943812636,0.0008415943011641502,0.5686565041542053
10,7,4,receive,3564,0.021112408529761383,0.00909801324804756,0.40022907004909597,0.06379569279747745,0.0010784730548039079,0.551173746585846
10,7,5,receive,3564,0.024680298819110446,0.014333650206731677,0.41360096089934145,0.0654954808554908,0.0011023480910807848,0.5940378308296204
10,7,6,receive,3564,0.023483390549369397,0.01198878493072057,0.4017326222639178,0.06444038947957184,0.0010597661603242159,0.5720495581626892
10,7,7,receive,3564,0.029572073387204124,0.010757380243028277,0.42183809818733403,0.06653418195248786,0.0011960536940023303,0.58350670337677
10,7,8,receive,3564,0.011354756217402779,0.0038534549604192776,0.4718084284361801,0.07597673030140155,0.0012247797567397356,0.6547777056694031
10,7,9,receive,3564,0.007271874324665655,0.004549649883174842,0.42260494365587603,0.07131541653547618,0.001046467456035316,0.5889119505882263
10,7,10,receive,3564,0.20672942308602382,0.0679411571057585,0.49286035990588,0.07656916921227919,0.0013541443040594459,0.6649630665779114
10,7,11,receive,3564,0.036480065244068244,0.019274941089979316,0.48623445563480977,0.07635428366878602,0.0013324071187525988,0.6950728297233582
10,7,12,receive,3564,0.031814742592998504,0.007697743031719894,0.40014595172907474,0.0753832191492549,0.0009580987389199436,0.6529426574707031
10,7,13,receive,3564,0.01189688492917273,0.004415385440988793,0.48951151281119376,0.0839511673319282,0.0012319654924795032,0.762309730052948
10,7,14,receive,3564,0.0022750134418696474,0.0024497245201026484,0.5553279034842047,0.09510889167303026,0.0014642048627138138,0.7643018364906311
10,8,1,receive,3564,0.550238355323473,0.08893500185722712,0.3124144403762056,0.05693448213521328,0.0009117259760387242,0.5584775805473328
10,8,2,receive,3564,0.017356552190289896,0.007184471546322576,0.321745770401795,0.05634548963063357,0.0009571005939505994,0.5255011320114136
10,8,3,receive,3564,0.025734161364590353,0.007417844571940282,0.2752961228808334,0.05064854376625942,0.0007804228807799518,0.4781617522239685
10,8,4,receive,3564,0.021112408529761383,0.00909801324804756,0.3162995512049908,0.054844704029975606,0.0008979897829703987,0.47431012988090515
10,8,5,receive,3564,0.024680298819110446,0.014333650206731677,0.3224752568912071,0.05663303240910806,0.0009010856156237423,0.5049410462379456
10,8,6,receive,3564,0.023483390549369397,0.01198878493072057,0.3088780928228353,0.05468132320403145,0.0008479029638692737,0.4802747666835785
10,8,7,receive,3564,0.029572073387204124,0.010757380243028277,0.3268326853050035,0.05586594693580811,0.0010232774075120687,0.4902897775173187
10,8,8,receive,3564,0.011354756217402779,0.0038534549604192776,0.384068261552687,0.06515352081631239,0.0010576073545962572,0.5672799348831177
10,8,9,receive,3564,0.007271874324665655,0.004549649883174842,0.33504083576005206,0.060266364264899355,0.0009433122468180954,0.5314667820930481
10,8,10,receive,3564,0.20672942308602382,0.0679411571057585,0.480384599967971,0.07617464483313972,0.0013812956167384982,0.6483606100082397
10,8,11,receive,3564,0.036480065244068244,0.019274941089979316,0.49882202619836585,0.07889234348294795,0.0013675106456503272,0.7251986265182495
10,8,12,receive,3564,0.031814742592998504,0.007697743031719894,0.3824484665885891,0.07199338922816349,0.0010114825563505292,0.6656183004379272
10,8,13,receive,3564,0.01189688492917273,0.004415385440988793,0.4523992552181905,0.07580023750935161,0.0012797730742022395,0.7123541831970215
10,8,14,receive,3564,0.0022750134418696474,0.0024497245201026484,0.5053128151564209,0.08687158608481435,0.0015228369738906622,0.7218775749206543
10,9,1,receive,3564,0.550238355323473,0.08893500185722712,0.4125024407383292,0.06835640529752754,0.0011178747517988086,0.6121485829353333
10,9,2,receive,3564,0.017356552190289896,0.007184471546322576,0.4215770401441446,0.06772280702795862,0.0011734969448298216,0.5706698298454285
10,9,3,receive,3564,0.025734161364590353,0.007417844571940282,0.3633573351951651,0.062320806056161436,0.0009325214195996523,0.5472458004951477
10,9,4,receive,3564,0.021112408529761383,0.00909801324804756,0.42553456513734805,0.07012662326574927,0.0010818636510521173,0.6049718260765076
10,9,5,receive,3564,0.024680298819110446,0.014333650206731677,0.42360813188689056,0.068938138199955,0.0011084493016824126,0.6144680380821228
10,9,6,receive,3564,0.023483390549369397,0.01198878493072057,0.4134238934081074,0.06840871255233621,0.0010735444957390428,0.6015560030937195
10,9,7,receive,3564,0.029572073387204124,0.010757380243028277,0.42629452756174613,0.07009684133541148,0.0012639343040063977,0.6068238019943237
10,9,8,receive,3564,0.011354756217402779,0.0038534549604192776,0.4674509367349939,0.08045355694535315,0.0012036028783768415,0.6721258759498596
10,9,9,receive,3564,0.007271874324665655,0.004549649883174842,0.4167882308613992,0.07497367881628723,0.001084660179913044,0.6048747897148132
10,9,10,receive,3564,0.20672942308602382,0.0679411571057585,0.49973092458842483,0.08091114977066352,0.0012897796696051955,0.688051700592041
10,9,11,receive,3564,0.036480065244068244,0.019274941089979316,0.4969469194165439,0.08051352402907133,0.0012864929158240557,0.7211597561836243
10,9,12,receive,3564,0.031814742592998504,0.007697743031719894,0.4178673030226687,0.07913273489490147,0.001049498561769724,0.6683394908905029
10,9,13,receive,3564,0.01189688492917273,0.004415385440988793,0.48905477355439847,0.0840411690953709,0.0013324146857485175,0.7320014834403992
10,9,14,receive,3564,0.0022750134418696474,0.0024497245201026484,0.5435306839242159,0.09479255006653754,0.0016071643913164735,0.7669209241867065
10,10,1,receive,3564,0.550238355323473,0.08893500185722712,0.38272026118995645,0.06336354257121869,0.001157604274339974,0.593161940574646
10,10,2,receive,3564,0.017356552190289896,0.007184471546322576,0.3889427306403928,0.06181773492875909,0.0012108328519389033,0.5848829746246338
10,10,3,receive,3564,0.025734161364590353,0.007417844571940282,0.3230317339669431,0.05524564539164531,0.0008918333915062249,0.5606805682182312
10,10,4,receive,3564,0.021112408529761383,0.00909801324804756,0.379947005004079,0.061839851145605855,0.0010698518017306924,0.6051280498504639
10,10,5,receive,3564,0.024680298819110446,0.014333650206731677,0.36477617426522185,0.059415662943201206,0.0010442178463563323,0.5907168984413147
10,10,6,receive,3564,0.023483390549369397,0.01198878493072057,0.325090110955893,0.055444227790014226,0.0008561041904613376,0.5484085083007812
10,10,7,receive,3564,0.029572073387204124,0.010757380243028277,0.3451571318410887,0.059175078893433174,0.0009936898713931441,0.5713537931442261
10,10,8,receive,3564,0.011354756217402779,0.0038534549604192776,0.3885090240414148,0.0705706337789805,0.0010226701851934195,0.643717348575592
10,10,9,receive,3564,0.007271874324665655,0.004549649883174842,0.34079231365776097,0.0668845301081056,0.0008969042683020234,0.5742244124412537
10,10,10,receive,3564,0.20672942308602382,0.0679411571057585,0.45733690472211536,0.07296938946702096,0.0012573003768920898,0.6680927276611328
10,10,11,receive,3564,0.036480065244068244,0.019274941089979316,0.4557592506944693,0.07419886076633295,0.0012216990580782294,0.694644570350647
10,10,12,receive,3564,0.031814742592998504,0.007697743031719894,0.3801539608791646,0.07627555081595691,0.0009358288953080773,0.6699929237365723
10,10,13,receive,3564,0.01189688492917273,0.004415385440988793,0.46619488520683106,0.08275630541119654,0.001322773634456098,0.7481349110603333
10,10,14,receive,3564,0.0022750134418696474,0.0024497245201026484,0.5208381873955422,0.09547593099134635,0.001507725683040917,0.7837154269218445
10,11,1,receive,3564,0.550238355323473,0.08893500185722712,0.4029310245961424,0.06603191345210127,0.0011560004204511642,0.6152998208999634
10,11,2,receive,3564,0.017356552190289896,0.007184471546322576,0.4076264894062898,0.0651234368467646,0.001209155423566699,0.577639639377594
10,11,3,receive,3564,0.025734161364590353,0.007417844571940282,0.350826683957212,0.05877614509004432,0.0009743589907884598,0.5552226901054382
10,11,4,receive,3564,0.021112408529761383,0.00909801324804756,0.39808940840509405,0.0639352795265147,0.0011418788926675916,0.5824548006057739
10,11,5,receive,3564,0.024680298819110446,0.014333650206731677,0.39116619620217413,0.06324710261121257,0.0011072055203840137,0.5786558985710144
10,11,6,receive,3564,0.023483390549369397,0.01198878493072057,0.3522951887572723,0.059750266420883436,0.0009391534840688109,0.5342794060707092
10,11,7,receive,3564,0.029572073387204124,0.010757380243028277,0.38546664544627357,0.06411475499223405,0.001121567445807159,0.5709908604621887
10,11,8,receive,3564,0.011354756217402779,0.0038534549604192776,0.47006050022489465,0.07925523115066883,0.0013451005797833204,0.6809536218643188
10,11,9,receive,3564,0.007271874324665655,0.004549649883174842,0.4089172033288432,0.07419035609800453,0.0011039964156225324,0.6141564846038818
10,11,10,receive,3564,0.20672942308602382,0.0679411571057585,0.4865126389719799,0.07660531552416595,0.0013134779874235392,0.6706045269966125
10,11,11,receive,3564,0.036480065244068244,0.019274941089979316,0.45694398195179664,0.07383044355443949,0.001216592499986291,0.6741389036178589
10,11,12,receive,3564,0.031814742592998504,0.007697743031719894,0.3942347200202346,0.07609700979405884,0.0009536943398416042,0.6768108606338501
10,11,13,receive,3564,0.01189688492917273,0.004415385440988793,0.4791195451833141,0.08776285756284868,0.0013599861413240433,0.7695205807685852
10,11,14,receive,3564,0.0022750134418696474,0.0024497245201026484,0.5369097074315681,0.099517959094784,0.001630214974284172,0.7964611053466797
10,12,1,receive,3564,0.550238355323473,0.08893500185722712,0.3974781410127625,0.06581275512201896,0.0011020587990060449,0.6079316139221191
10,12,2,receive,3564,0.017356552190289896,0.007184471546322576,0.40244492382396746,0.06501881194730676,0.0011468310840427876,0.5943601727485657
10,12,3,receive,3564,0.025734161364590353,0.007417844571940282,0.34638754968757074,0.057964119959937895,0.0009292379254475236,0.565468966960907
10,12,4,receive,3564,0.021112408529761383,0.00909801324804756,0.3948673162147532,0.06415726434123951,0.001094846404157579,0.5971950888633728
10,12,5,receive,3564,0.024680298819110446,0.014333650206731677,0.39149033154011315,0.06417563511808602,0.0010776729322969913,0.595665454864502
10,12,6,receive,3564,0.023483390549369397,0.01198878493072057,0.35133617421081415,0.06119751066703892,0.0008944899309426546,0.551692545413971
10,12,7,receive,3564,0.029572073387204124,0.010757380243028277,0.3793355938861882,0.06494801549763925,0.0010226492304354906,0.5829165577888489
10,12,8,receive,3564,0.011354756217402779,0.0038534549604192776,0.47460371121046485,0.08069788623951492,0.0013049459084868431,0.700484037399292
10,12,9,receive,3564,0.007271874324665655,0.004549649883174842,0.41547860433473605,0.07506510677766981,0.0010808618972077966,0.6376818418502808
10,12,10,receive,3564,0.20672942308602382,0.0679411571057585,0.52920825658956,0.08494861075402856,0.0012794897193089128,0.7265006303787231
10,12,11,receive,3564,0.036480065244068244,0.019274941089979316,0.5214177653334322,0.08419823737288312,0.0012892552185803652,0.7285284399986267
10,12,12,receive,3564,0.031814742592998504,0.007697743031719894,0.43732330042191525,0.08022021164494103,0.0011000711238011718,0.6808618307113647
10,12,13,receive,3564,0.01189688492917273,0.004415385440988793,0.5195050290717789,0.09346768890763671,0.0013925922103226185,0.7870656847953796
10,12,14,receive,3564,0.0022750134418696474,0.0024497245201026484,0.5673431594646118,0.10344082274895229,0.0017100427066907287,0.7840604782104492
10,13,1,receive,3564,0.550238355323473,0.08893500185722712,0.3201853512860248,0.06573028305325276,0.0008778503979556262,0.549069344997406
10,13,2,receive,3564,0.017356552190289896,0.007184471546322576,0.31553322271887874,0.0647640696363634,0.0009061840828508139,0.5198783278465271
10,13,3,receive,3564,0.025734161364590353,0.007417844571940282,0.254452934494942,0.05443634044850943,0.0007844282663427293,0.466873437166214
10,13,4,receive,3564,0.021112408529761383,0.00909801324804756,0.2917394970651344,0.06034221192371072,0.0008404800319112837,0.49557361006736755
10,13,5,receive,3564,0.024680298819110446,0.014333650206731677,0.2554173824105526,0.0513635822815281,0.0008070066687650979,0.43310683965682983
10,13,6,receive,3564,0.023483390549369397,0.01198878493072057,0.22352854787169468,0.05211654432781184,0.0006711364258080721,0.38000407814979553
10,13,7,receive,3564,0.029572073387204124,0.010757380243028277,0.25296430277249626,0.05790632338464798,0.0007677956018596888,0.41004958748817444
10,13,8,receive,3564,0.011354756217402779,0.0038534549604192776,0.44535013313107186,0.09254751435896875,0.0012826395686715841,0.6711500883102417
10,13,9,receive,3564,0.007271874324665655,0.004549649883174842,0.39283947830171273,0.08335595798958495,0.0012006990145891905,0.6056597232818604
10,13,10,receive,3564,0.20672942308602382,0.0679411571057585,0.3864163086742362,0.08099727536733145,0.001108977827243507,0.6003612875938416
10,13,11,receive,3564,0.036480065244068244,0.019274941089979316,0.3789484157855374,0.07949002670989395,0.0011178288841620088,0.6058955192565918
10,13,12,receive,3564,0.031814742592998504,0.007697743031719894,0.3145987572320321,0.07196665050077805,0.0010122788371518254,0.5671058297157288
10,13,13,receive,3564,0.01189688492917273,0.004415385440988793,0.42624252044767463,0.1003595648543112,0.0012947150971740484,0.7294912338256836
10,13,14,receive,3564,0.0022750134418696474,0.0024497245201026484,0.4594209545747822,0.10175189324380414,0.0014950288459658623,0.6915246844291687
10,14,1,receive,3564,0.550238355323473,0.08893500185722712,0.22525966243356726,0.06012414826582114,0.0006332382326945662,0.45713165402412415
10,14,2,receive,3564,0.017356552190289896,0.007184471546322576,0.23823551743473062,0.060702108932465595,0.0006446657935157418,0.4601935148239136
10,14,3,receive,3564,0.025734161364590353,0.007417844571940282,0.19791938741818474,0.05142793729953241,0.0005629529478028417,0.3998105227947235
10,14,4,receive,3564,0.021112408529761383,0.00909801324804756,0.22644858744675367,0.06003067796365061,0.0006128512904979289,0.4556756615638733
10,14,5,receive,3564,0.024680298819110446,0.014333650206731677,0.17725182460351455,0.048089244473778256,0.0005699633038602769,0.404450923204422
10,14,6,receive,3564,0.023483390549369397,0.01198878493072057,0.14064068780364597,0.04456527928193222,0.00043436046689748764,0.33936601877212524
10,14,7,receive,3564,0.029572073387204124,0.010757380243028277,0.1601977145299348,0.0501376432865718,0.0004921567742712796,0.37163975834846497
10,14,8,receive,3564,0.011354756217402779,0.0038534549604192776,0.2973710092894821,0.0856682001946423,0.0007611659239046276,0.617641270160675
10,14,9,receive,3564,0.007271874324665655,0.004549649883174842,0.2459087290367131,0.07313499863997133,0.000664115883409977,0.5362862944602966
10,14,10,receive,3564,0.20672942308602382,0.0679411571057585,0.2111982461451145,0.06296221876590939,0.0005758068873547018,0.5092222690582275
10,14,11,receive,3564,0.036480065244068244,0.019274941089979316,0.1995744335400262,0.05947362944687016,0.000564766232855618,0.5056602954864502
10,14,12,receive,3564,0.031814742592998504,0.007697743031719894,0.1714034126657644,0.05288940749916303,0.0005695134168490767,0.44843193888664246
10,14,13,receive,3564,0.01189688492917273,0.004415385440988793,0.25497174787459026,0.08078440790286252,0.0007525710971094668,0.5357515215873718
10,14,14,receive,3564,0.0022750134418696474,0.0024497245201026484,0.30161086418942284,0.08801165077629482,0.0008665187633596361,0.5468794107437134
11,1,1,receive,2028,0.25626239864739353,0.09727519148952427,0.5208488317191348,0.10029728563617467,0.0012758529046550393,0.742650032043457
11,1,2,receive,2028,0.014643406819485647,0.007393102336135128,0.5174159267330033,0.09347693287404404,0.0014042858965694904,0.7432578206062317
11,1,3,receive,2028,0.014050856942551222,0.006931731849877884,0.4445674626391011,0.07617919054311921,0.0011879942612722516,0.6622423529624939
11,1,4,receive,2028,0.06579608378615673,0.013727798326823252,0.527641336859642,0.09281871608024793,0.0014934692298993468,0.7189284563064575
11,1,5,receive,2028,0.015054412410605272,0.009415672284827252,0.49521471896629937,0.0892658354787363,0.0013454656582325697,0.7076743245124817
11,1,6,receive,2028,0.021874999221976537,0.009585806628861795,0.4738724064179494,0.085891855476102,0.0012888808269053698,0.6815640330314636
11,1,7,receive,2028,0.0816938365507928,0.04205323196255138,0.45803058413090414,0.08350589294694617,0.0012563224881887436,0.6633040904998779
11,1,8,receive,2028,0.006752255388665007,0.002548959487469385,0.47790583907928513,0.08844815651497291,0.0012248835992068052,0.6646326780319214
11,1,9,receive,2028,0.0053431588510302035,0.0032709652845405875,0.4430155958182406,0.08286945582301694,0.0011169459903612733,0.6307597756385803
11,1,10,receive,2028,0.2710101212647693,0.05899555789206942,0.5451763566272609,0.09495891501122945,0.001432607532478869,0.7263753414154053
11,1,11,receive,2028,0.22050371143544165,0.07376910238467067,0.5648154015136774,0.09904413953803065,0.0013952538138255477,0.7485835552215576
11,1,12,receive,2028,0.012818892385352422,0.0046210471561927875,0.5546850507909705,0.10481540471863696,0.0013105514226481318,0.7702063322067261
11,1,13,receive,2028,0.011547462308334448,0.004046072761842341,0.6284610384268571,0.11670732236204237,0.0012421032879501581,0.8174744248390198
11,1,14,receive,2028,0.002648403987445245,0.002583454661929331,0.6985837235865164,0.11946453100091821,0.0015550472307950258,0.8498435616493225
11,2,1,receive,2028,0.25626239864739353,0.09727519148952427,0.43521031728579207,0.09020599440592732,0.0012361140688881278,0.6917116641998291
11,2,2,receive,2028,0.014643406819485647,0.007393102336135128,0.4322294656040801,0.08201225066853443,0.0012729954905807972,0.6725683808326721
11,2,3,receive,2028,0.014050856942551222,0.006931731849877884,0.3558655239116879,0.06384034472143066,0.0011104900622740388,0.5800974369049072
11,2,4,receive,2028,0.06579608378615673,0.013727798326823252,0.43158017570236457,0.07991693100422939,0.0012869695201516151,0.6367794275283813
11,2,5,receive,2028,0.015054412410605272,0.009415672284827252,0.409600837242914,0.07923280621755255,0.0011160913854837418,0.6117676496505737
11,2,6,receive,2028,0.021874999221976537,0.009585806628861795,0.38847974391277107,0.07642008008062928,0.0010441526537761092,0.5870215892791748
11,2,7,receive,2028,0.0816938365507928,0.04205323196255138,0.38163493586822617,0.07458907196745566,0.0010478502372279763,0.5767425894737244
11,2,8,receive,2028,0.006752255388665007,0.002548959487469385,0.4075532997960084,0.0838816697637406,0.0010228632017970085,0.6163160800933838
11,2,9,receive,2028,0.0053431588510302035,0.0032709652845405875,0.361973099736847,0.07170551449938262,0.0009279148653149605,0.5415719151496887
11,2,10,receive,2028,0.2710101212647693,0.05899555789206942,0.48190324519848393,0.08891884040370247,0.0012529483065009117,0.6454961895942688
11,2,11,receive,2028,0.22050371143544165,0.07376910238467067,0.4999951058623282,0.09058963366789104,0.0013250905321910977,0.6765422224998474
11,2,12,receive,2028,0.012818892385352422,0.0046210471561927875,0.491303319985959,0.09228504051761549,0.0012872607912868261,0.6903108954429626
11,2,13,receive,2028,0.011547462308334448,0.004046072761842341,0.6083224417870916,0.1077831680399016,0.001431561540812254,0.7874589562416077
11,2,14,receive,2028,0.002648403987445245,0.002583454661929331,0.6938487517959608,0.11471993439351133,0.0017954799113795161,0.8303275108337402
11,3,1,receive,2028,0.25626239864739353,0.09727519148952427,0.44669793533662766,0.0926995196359829,0.0013395361602306366,0.6773918271064758
11,3,2,receive,2028,0.014643406819485647,0.007393102336135128,0.4471039158778097,0.08392963158991155,0.001397776766680181,0.6601200103759766
11,3,3,receive,2028,0.014050856942551222,0.006931731849877884,0.3731581119604522,0.06899084199873955,0.0011066087754443288,0.6213468313217163
11,3,4,receive,2028,0.06579608378615673,0.013727798326823252,0.45040728974030253,0.08170361901820138,0.0014319494366645813,0.6666067242622375
11,3,5,receive,2028,0.015054412410605272,0.009415672284827252,0.42744611399469823,0.08091189401524276,0.0012146212393417954,0.643547773361206
11,3,6,receive,2028,0.021874999221976537,0.009585806628861795,0.41342326412472236,0.07932800579264228,0.0011762690264731646,0.6274704337120056
11,3,7,receive,2028,0.0816938365507928,0.04205323196255138,0.40645968209317457,0.07779498816109191,0.0011804337846115232,0.6175422668457031
11,3,8,receive,2028,0.006752255388665007,0.002548959487469385,0.4292193625977743,0.08579560215269233,0.0011248147347941995,0.6555790901184082
11,3,9,receive,2028,0.0053431588510302035,0.0032709652845405875,0.3828502214604188,0.07297918153947985,0.001020859694108367,0.583312451839447
11,3,10,receive,2028,0.2710101212647693,0.05899555789206942,0.5006535323767825,0.09029838300350745,0.001334910630248487,0.678072988986969
11,3,11,receive,2028,0.22050371143544165,0.07376910238467067,0.5250688006771803,0.09478828674335253,0.001365126809105277,0.6914462447166443
11,3,12,receive,2028,0.012818892385352422,0.0046210471561927875,0.5040763386310982,0.09319444595146871,0.0013186867581680417,0.6966336965560913
11,3,13,receive,2028,0.011547462308334448,0.004046072761842341,0.6147949961991682,0.1095895978075803,0.0014888643054291606,0.7949104905128479
11,3,14,receive,2028,0.002648403987445245,0.002583454661929331,0.6902779677118284,0.11402817007091495,0.0017971385968849063,0.8133791089057922
11,4,1,receive,2028,0.25626239864739353,0.09727519148952427,0.4290422122937345,0.09314041558236147,0.0011780272470787168,0.698610782623291
11,4,2,receive,2028,0.014643406819485647,0.007393102336135128,0.4315495007535139,0.0832935473773015,0.0013238814426586032,0.6934385299682617
11,4,3,receive,2028,0.014050856942551222,0.006931731849877884,0.3687417512933845,0.067239829929874,0.001109687495045364,0.5841202139854431
11,4,4,receive,2028,0.06579608378615673,0.013727798326823252,0.4454383974764804,0.08031803483717824,0.001393429934978485,0.6649593710899353
11,4,5,receive,2028,0.015054412410605272,0.009415672284827252,0.4340021928285085,0.0801100531882704,0.0012763438280671835,0.6609694361686707
11,4,6,receive,2028,0.021874999221976537,0.009585806628861795,0.4242017756182245,0.07837487233914162,0.0012454421957954764,0.6453511714935303
11,4,7,receive,2028,0.0816938365507928,0.04205323196255138,0.41724037301209543,0.07626860411556828,0.0012546046636998653,0.6236571669578552
11,4,8,receive,2028,0.006752255388665007,0.002548959487469385,0.43906638803068665,0.08160955018249931,0.001203620689921081,0.630305290222168
11,4,9,receive,2028,0.0053431588510302035,0.0032709652845405875,0.3924551432390529,0.0723311582703765,0.001060905633494258,0.591582179069519
11,4,10,receive,2028,0.2710101212647693,0.05899555789206942,0.5108582627401812,0.0883639826048155,0.001452982542105019,0.6954807639122009
11,4,11,receive,2028,0.22050371143544165,0.07376910238467067,0.5024824147218865,0.08918577243183422,0.0012996068689972162,0.6939799785614014
11,4,12,receive,2028,0.012818892385352422,0.0046210471561927875,0.4652107380741805,0.08845563547830784,0.0011672821128740907,0.6844816207885742
11,4,13,receive,2028,0.011547462308334448,0.004046072761842341,0.5751648501817829,0.10450960332819739,0.001317142159678042,0.7926689386367798
11,4,14,receive,2028,0.002648403987445245,0.002583454661929331,0.6558747338920375,0.10966108165567222,0.0015832327771931887,0.8237994909286499
11,5,1,receive,2028,0.25626239864739353,0.09727519148952427,0.4070690370223823,0.09094658987407743,0.0011654755799099803,0.678862988948822
11,5,2,receive,2028,0.014643406819485647,0.007393102336135128,0.40937919394779926,0.08067651076578852,0.0012480601435527205,0.6735102534294128
11,5,3,receive,2028,0.014050856942551222,0.006931731849877884,0.3457451015118421,0.06415675389013793,0.0010741701116785407,0.5461812019348145
11,5,4,receive,2028,0.06579608378615673,0.013727798326823252,0.429527868095857,0.07854805695132233,0.0013561557279899716,0.6519024968147278
11,5,5,receive,2028,0.015054412410605272,0.009415672284827252,0.42245896640276176,0.07801421459770073,0.001274320762604475,0.6513841152191162
11,5,6,receive,2028,0.021874999221976537,0.009585806628861795,0.4143506447639715,0.07651109350982431,0.001263228477910161,0.6371660232543945
11,5,7,receive,2028,0.0816938365507928,0.04205323196255138,0.40741991462368293,0.07431811292531389,0.0012725215638056397,0.6152698993682861
11,5,8,receive,2028,0.006752255388665007,0.002548959487469385,0.4280069772031478,0.07932917051363352,0.0012100321473553777,0.617063581943512
11,5,9,receive,2028,0.0053431588510302035,0.0032709652845405875,0.38186885289271744,0.07047192681707437,0.0010618545347824693,0.5829579830169678
11,5,10,receive,2028,0.2710101212647693,0.05899555789206942,0.4884496975000245,0.0849856286932728,0.0014319452457129955,0.6782252788543701
11,5,11,receive,2028,0.22050371143544165,0.07376910238467067,0.4907157862964463,0.08516029329207064,0.0014245726633816957,0.6771477460861206
11,5,12,receive,2028,0.012818892385352422,0.0046210471561927875,0.45355531087152556,0.08818889190932956,0.0011924169957637787,0.6790482401847839
11,5,13,receive,2028,0.011547462308334448,0.004046072761842341,0.5622212807585314,0.1060346225809195,0.001282811164855957,0.7793446183204651
11,5,14,receive,2028,0.002648403987445245,0.002583454661929331,0.6438726133972207,0.11029653783141737,0.0015419768169522285,0.8120012879371643
11,6,1,receive,2028,0.25626239864739353,0.09727519148952427,0.41313283821842056,0.09027420878240279,0.0011618990683928132,0.6727249026298523
11,6,2,receive,2028,0.014643406819485647,0.007393102336135128,0.4223594027898583,0.08115089977970623,0.0012942638713866472,0.6740631461143494
11,6,3,receive,2028,0.014050856942551222,0.006931731849877884,0.3591025544973862,0.06503860560996552,0.0010966971749439836,0.5482631921768188
11,6,4,receive,2028,0.06579608378615673,0.013727798326823252,0.4411896364951664,0.07930492642020208,0.0013985796831548214,0.6503245830535889
11,6,5,receive,2028,0.015054412410605272,0.009415672284827252,0.4337450082033149,0.07855739997510518,0.0013141881208866835,0.6490278244018555
11,6,6,receive,2028,0.021874999221976537,0.009585806628861795,0.4238140003139055,0.0767555442432477,0.0012858790578320622,0.6330476999282837
11,6,7,receive,2028,0.0816938365507928,0.04205323196255138,0.4213535428886197,0.07524788690808346,0.0013228984316810966,0.6148541569709778
11,6,8,receive,2028,0.006752255388665007,0.002548959487469385,0.4421028032846895,0.08089566300819437,0.001265044673345983,0.6166486144065857
11,6,9,receive,2028,0.0053431588510302035,0.0032709652845405875,0.39246667596705337,0.07135096933929191,0.0010986907873302698,0.5785269737243652
11,6,10,receive,2028,0.2710101212647693,0.05899555789206942,0.5041895884687206,0.08614109040097535,0.001508767600171268,0.6812570691108704
11,6,11,receive,2028,0.22050371143544165,0.07376910238467067,0.5080759799667828,0.08654146410574969,0.0014877021312713623,0.6816465854644775
11,6,12,receive,2028,0.012818892385352422,0.0046210471561927875,0.4611173278843402,0.0892378681246538,0.001204191823489964,0.6820650696754456
11,6,13,receive,2028,0.011547462308334448,0.004046072761842341,0.5538090305536971,0.10321231371653432,0.0013484546216204762,0.7614668607711792
11,6,14,receive,2028,0.002648403987445245,0.002583454661929331,0.630059856755135,0.1084090864091847,0.0015502379974350333,0.8032535910606384
11,7,1,receive,2028,0.25626239864739353,0.09727519148952427,0.38675718661099195,0.08429302390212601,0.001102664158679545,0.6137655973434448
11,7,2,receive,2028,0.014643406819485647,0.007393102336135128,0.39460117409206213,0.07433169937496867,0.001222436549142003,0.6100296378135681
11,7,3,receive,2028,0.014050856942551222,0.006931731849877884,0.3300304828393406,0.05920711956011972,0.0009969667298719287,0.5205062031745911
11,7,4,receive,2028,0.06579608378615673,0.013727798326823252,0.41371124578945023,0.07282427160646539,0.0012831337517127395,0.5838972926139832
11,7,5,receive,2028,0.015054412410605272,0.009415672284827252,0.40661377063780174,0.07159680602532566,0.0012167530367150903,0.5801560282707214
11,7,6,receive,2028,0.021874999221976537,0.009585806628861795,0.3951240210479683,0.06966856161349115,0.001198229962028563,0.5609832406044006
11,7,7,receive,2028,0.0816938365507928,0.04205323196255138,0.3930408619897609,0.0681399182695449,0.0012327289441600442,0.5418027639389038
11,7,8,receive,2028,0.006752255388665007,0.002548959487469385,0.4147214963903014,0.07525832447128267,0.0012211372377350926,0.5664494633674622
11,7,9,receive,2028,0.0053431588510302035,0.0032709652845405875,0.365995508913652,0.06604610343378794,0.0010505784302949905,0.50705486536026
11,7,10,receive,2028,0.2710101212647693,0.05899555789206942,0.4826940757849211,0.08167604571213871,0.0014632820384576917,0.6193189024925232
11,7,11,receive,2028,0.22050371143544165,0.07376910238467067,0.48557317819153795,0.08165617380829504,0.0014054124476388097,0.6227604150772095
11,7,12,receive,2028,0.012818892385352422,0.0046210471561927875,0.43754058074695423,0.08408209440720674,0.001162326312623918,0.6351870894432068
11,7,13,receive,2028,0.011547462308334448,0.004046072761842341,0.5313088664037857,0.09472260955109543,0.001394955557771027,0.7017201781272888
11,7,14,receive,2028,0.002648403987445245,0.002583454661929331,0.5824763779877455,0.10003758179570288,0.0015923483297228813,0.7294489741325378
11,8,1,receive,2028,0.25626239864739353,0.09727519148952427,0.29867105274694844,0.07383311743983678,0.0008450649911537766,0.5059666633605957
11,8,2,receive,2028,0.014643406819485647,0.007393102336135128,0.3076989913138394,0.06468569442966474,0.0009844355517998338,0.49339354038238525
11,8,3,receive,2028,0.014050856942551222,0.006931731849877884,0.25158438870008354,0.050290407981420336,0.0008484655409120023,0.43990397453308105
11,8,4,receive,2028,0.06579608378615673,0.013727798326823252,0.3254432462422059,0.06420110901279175,0.0010531608713790774,0.49399930238723755
11,8,5,receive,2028,0.015054412410605272,0.009415672284827252,0.3139021485825565,0.06244418757955516,0.001003114739432931,0.4704838693141937
11,8,6,receive,2028,0.021874999221976537,0.009585806628861795,0.2994853291723175,0.05960874258196573,0.0009452651138417423,0.4481625556945801
11,8,7,receive,2028,0.0816938365507928,0.04205323196255138,0.29756018501712506,0.057915574343634306,0.0009724879055283964,0.44169706106185913
11,8,8,receive,2028,0.006752255388665007,0.002548959487469385,0.3216881031760371,0.06765289601814004,0.0009557905723340809,0.4870186448097229
11,8,9,receive,2028,0.0053431588510302035,0.0032709652845405875,0.27846296533780457,0.057748551979929806,0.0008524050354026258,0.40897607803344727
11,8,10,receive,2028,0.2710101212647693,0.05899555789206942,0.4596115416993894,0.08203702039210121,0.0014008277794346213,0.5835630297660828
11,8,11,receive,2028,0.22050371143544165,0.07376910238467067,0.490061317390833,0.08329355574861319,0.001394681865349412,0.6228503584861755
11,8,12,receive,2028,0.012818892385352422,0.0046210471561927875,0.4112858494023973,0.07778676614197422,0.0011534496443346143,0.5977823734283447
11,8,13,receive,2028,0.011547462308334448,0.004046072761842341,0.4737242410741048,0.08217934485728813,0.0014568486949428916,0.6380897164344788
11,8,14,receive,2028,0.002648403987445245,0.002583454661929331,0.5125297786638322,0.08873253158210771,0.0015859787818044424,0.655757486820221
11,9,1,receive,2028,0.25626239864739353,0.09727519148952427,0.3775848957247407,0.08528115617162649,0.0010670460760593414,0.5815499424934387
11,9,2,receive,2028,0.014643406819485647,0.007393102336135128,0.3868664181243612,0.0772219514941749,0.0012429807102307677,0.5808858275413513
11,9,3,receive,2028,0.014050856942551222,0.006931731849877884,0.3184712428776515,0.06120375299958508,0.001086522825062275,0.5353705883026123
11,9,4,receive,2028,0.06579608378615673,0.013727798326823252,0.4072496516315939,0.0804051667293599,0.001306581893004477,0.595446765422821
11,9,5,receive,2028,0.015054412410605272,0.009415672284827252,0.3948316840088469,0.07593513015131091,0.001270706532523036,0.5609139204025269
11,9,6,receive,2028,0.021874999221976537,0.009585806628861795,0.38399223082647677,0.07452045386023956,0.0012324572307989001,0.5496169328689575
11,9,7,receive,2028,0.0816938365507928,0.04205323196255138,0.37314935730621207,0.07289259010046432,0.0012008997146040201,0.5346735715866089
11,9,8,receive,2028,0.006752255388665007,0.002548959487469385,0.38485072317640656,0.08135770332907806,0.0011201724410057068,0.5638306140899658
11,9,9,receive,2028,0.0053431588510302035,0.0032709652845405875,0.3376160627071993,0.06852653110581167,0.000999024254269898,0.48511967062950134
11,9,10,receive,2028,0.2710101212647693,0.05899555789206942,0.4600535796024594,0.08663428421334725,0.001317523536272347,0.600106954574585
11,9,11,receive,2028,0.22050371143544165,0.07376910238467067,0.470328953404267,0.0838521286910489,0.0013291207142174244,0.624075710773468
11,9,12,receive,2028,0.012818892385352422,0.0046210471561927875,0.4298439942673101,0.08123251132191335,0.001197081757709384,0.6207988858222961
11,9,13,receive,2028,0.011547462308334448,0.004046072761842341,0.48942317526534485,0.08473250793236806,0.0014631071826443076,0.6440132856369019
11,9,14,receive,2028,0.002648403987445245,0.002583454661929331,0.5320706366731499,0.09128664188670517,0.0016561386873945594,0.6586584448814392
11,10,1,receive,2028,0.25626239864739353,0.09727519148952427,0.34608702239407896,0.07722741871545172,0.0009651295258663595,0.5475526452064514
11,10,2,receive,2028,0.014643406819485647,0.007393102336135128,0.3527100712651156,0.0679136142183698,0.0011232888791710138,0.5372647047042847
11,10,3,receive,2028,0.014050856942551222,0.006931731849877884,0.27978489341213036,0.0511599724967414,0.0008986296015791595,0.4561800956726074
11,10,4,receive,2028,0.06579608378615673,0.013727798326823252,0.3617700127178906,0.06769753636987597,0.0011568123009055853,0.5245881080627441
11,10,5,receive,2028,0.015054412410605272,0.009415672284827252,0.3374250389679075,0.061822290029781506,0.001071751699782908,0.4781304895877838
11,10,6,receive,2028,0.021874999221976537,0.009585806628861795,0.3034768668142872,0.05633025345289585,0.0009372431668452919,0.43706128001213074
11,10,7,receive,2028,0.0816938365507928,0.04205323196255138,0.3008045305631007,0.05583605580063888,0.000945637933909893,0.4266502559185028
11,10,8,receive,2028,0.006752255388665007,0.002548959487469385,0.31514786909980386,0.06358310629767568,0.0008857693755999207,0.46177995204925537
11,10,9,receive,2028,0.0053431588510302035,0.0032709652845405875,0.2724494453954074,0.05432879824534641,0.0007899518241174519,0.41355183720588684
11,10,10,receive,2028,0.2710101212647693,0.05899555789206942,0.42962710570860413,0.07574392669704826,0.0011775094317272305,0.580159068107605
11,10,11,receive,2028,0.22050371143544165,0.07376910238467067,0.43824683952851806,0.07593946441813418,0.0011860891245305538,0.6049953103065491
11,10,12,receive,2028,0.012818892385352422,0.0046210471561927875,0.4008899046906846,0.08067647860723742,0.001059525879099965,0.6065665483474731
11,10,13,receive,2028,0.011547462308334448,0.004046072761842341,0.4762278964538775,0.08910141752140975,0.001305699348449707,0.6526184678077698
11,10,14,receive,2028,0.002648403987445245,0.002583454661929331,0.5188072496860153,0.09539599755179964,0.0014779942575842142,0.6670925617218018
11,11,1,receive,2028,0.25626239864739353,0.09727519148952427,0.3521048916577896,0.07737617900722601,0.0009490610682405531,0.5506868362426758
11,11,2,receive,2028,0.014643406819485647,0.007393102336135128,0.3583924512395404,0.06894850613282245,0.0011045902501791716,0.5398889183998108
11,11,3,receive,2028,0.014050856942551222,0.006931731849877884,0.2969325457287895,0.054812665034604635,0.0009102611802518368,0.5006707906723022
11,11,4,receive,2028,0.06579608378615673,0.013727798326823252,0.37639750917544323,0.0687888124726113,0.0012078724103048444,0.5428264737129211
11,11,5,receive,2028,0.015054412410605272,0.009415672284827252,0.3537306045280784,0.06444166996183852,0.0010906948009505868,0.5043380260467529
11,11,6,receive,2028,0.021874999221976537,0.009585806628861795,0.3234883307882183,0.06014632647653294,0.000996771501377225,0.47376424074172974
11,11,7,receive,2028,0.0816938365507928,0.04205323196255138,0.3325435348062664,0.06125364560876122,0.0010451842099428177,0.4803033769130707
11,11,8,receive,2028,0.006752255388665007,0.002548959487469385,0.38380351412400265,0.07129080929615092,0.001175424549728632,0.5529821515083313
11,11,9,receive,2028,0.0053431588510302035,0.0032709652845405875,0.3150608461683203,0.05861869649583622,0.0009098362643271685,0.4646846354007721
11,11,10,receive,2028,0.2710101212647693,0.05899555789206942,0.4548946515483877,0.07793306810349275,0.0013561886735260487,0.5862444639205933
11,11,11,receive,2028,0.22050371143544165,0.07376910238467067,0.44851888248665234,0.07528982855510571,0.0012936778366565704,0.5887607336044312
11,11,12,receive,2028,0.012818892385352422,0.0046210471561927875,0.42491488285605883,0.08259221153593516,0.0011306448141112924,0.6138927936553955
11,11,13,receive,2028,0.011547462308334448,0.004046072761842341,0.4961950521031785,0.09474371207829019,0.0014575334498658776,0.6595683693885803
11,11,14,receive,2028,0.002648403987445245,0.002583454661929331,0.5421671911588336,0.09842580797050954,0.0016746544279158115,0.6771764159202576
11,12,1,receive,2028,0.25626239864739353,0.09727519148952427,0.34622364237234526,0.07578690621835554,0.0009402403375133872,0.5601865649223328
11,12,2,receive,2028,0.014643406819485647,0.007393102336135128,0.3522700210258845,0.06782644339529303,0.0010885928058996797,0.547053873538971
11,12,3,receive,2028,0.014050856942551222,0.006931731849877884,0.29191013726388465,0.0535081928342807,0.0008898565429262817,0.49636417627334595
11,12,4,receive,2028,0.06579608378615673,0.013727798326823252,0.37135548718509914,0.06880081309184925,0.0011768187396228313,0.5426983833312988
11,12,5,receive,2028,0.015054412410605272,0.009415672284827252,0.352190248013903,0.06504971903566865,0.0010823940392583609,0.5064342617988586
11,12,6,receive,2028,0.021874999221976537,0.009585806628861795,0.3192693244504441,0.060770199591516603,0.0009679662762209773,0.47441479563713074
11,12,7,receive,2028,0.0816938365507928,0.04205323196255138,0.32329187502157924,0.06114557077105208,0.0009572537965141237,0.47544074058532715
11,12,8,receive,2028,0.006752255388665007,0.002548959487469385,0.3787726635914489,0.07186270221777999,0.0011427162680774927,0.556056022644043
11,12,9,receive,2028,0.0053431588510302035,0.0032709652845405875,0.31236631006613896,0.058978383816583914,0.0008713320712558925,0.4700358808040619
11,12,10,receive,2028,0.2710101212647693,0.05899555789206942,0.48360833831529154,0.08442953946306866,0.001303560216911137,0.6259161233901978
11,12,11,receive,2028,0.22050371143544165,0.07376910238467067,0.4943416717435721,0.0828521504876351,0.001331299776211381,0.6230509281158447
11,12,12,receive,2028,0.012818892385352422,0.0046210471561927875,0.45330062193532666,0.08274712826221615,0.0012556249275803566,0.6184312701225281
11,12,13,receive,2028,0.011547462308334448,0.004046072761842341,0.5148494943679164,0.09477307478245095,0.0014681121101602912,0.6568396091461182
11,12,14,receive,2028,0.002648403987445245,0.002583454661929331,0.5521026491498069,0.09611708240956493,0.0017163744196295738,0.6742491126060486
11,13,1,receive,2028,0.25626239864739353,0.09727519148952427,0.2418126394793162,0.07194832723914554,0.0007538889185525477,0.4544781744480133
11,13,2,receive,2028,0.014643406819485647,0.007393102336135128,0.23817323280454875,0.062132536986185004,0.0008656316203996539,0.4394396245479584
11,13,3,receive,2028,0.014050856942551222,0.006931731849877884,0.18323287259286988,0.04253161016230129,0.0007193550118245184,0.37078529596328735
11,13,4,receive,2028,0.06579608378615673,0.013727798326823252,0.2474669087591514,0.05836127820003998,0.0009502219036221504,0.4165147840976715
11,13,5,receive,2028,0.015054412410605272,0.009415672284827252,0.21921883963818933,0.04939992357350122,0.0008604434551671147,0.3614903688430786
11,13,6,receive,2028,0.021874999221976537,0.009585806628861795,0.19308125763903422,0.04727362783157784,0.0007822164916433394,0.3313412666320801
11,13,7,receive,2028,0.0816938365507928,0.04205323196255138,0.20268644968539576,0.04970158125235213,0.0007909091655164957,0.3433282673358917
11,13,8,receive,2028,0.006752255388665007,0.002548959487469385,0.32438555642865097,0.07674981078143701,0.0011805277317762375,0.5358121395111084
11,13,9,receive,2028,0.0053431588510302035,0.0032709652845405875,0.2728748100205174,0.06367472619229045,0.0009649552521295846,0.462049663066864
11,13,10,receive,2028,0.2710101212647693,0.05899555789206942,0.3125578224694786,0.06863659837248165,0.0011194443795830011,0.48765555024147034
11,13,11,receive,2028,0.22050371143544165,0.07376910238467067,0.32143708428348916,0.06569277804866253,0.0011847662972286344,0.47832274436950684
11,13,12,receive,2028,0.012818892385352422,0.0046210471561927875,0.2960714761914476,0.06447071917203462,0.001106704119592905,0.4619275629520416
11,13,13,receive,2028,0.011547462308334448,0.004046072761842341,0.38473309415768686,0.09452718524167733,0.001325985067524016,0.5738650560379028
11,13,14,receive,2028,0.002648403987445245,0.002583454661929331,0.41155187841623064,0.08919714855279712,0.001470665680244565,0.5829600095748901
11,14,1,receive,2028,0.25626239864739353,0.09727519148952427,0.1506369286926883,0.04983642087713847,0.0005407702992670238,0.32384899258613586
11,14,2,receive,2028,0.014643406819485647,0.007393102336135128,0.16001023783359292,0.0464854845336197,0.0006557116284966469,0.320761501789093
11,14,3,receive,2028,0.014050856942551222,0.006931731849877884,0.12607590553560385,0.03269516948940702,0.0005840748199261725,0.2578648030757904
11,14,4,receive,2028,0.06579608378615673,0.013727798326823252,0.1744501511698657,0.048684300276779696,0.0007729314966127276,0.33991920948028564
11,14,5,receive,2028,0.015054412410605272,0.009415672284827252,0.13701565739501467,0.03738026046685942,0.0006606722017750144,0.2878323495388031
11,14,6,receive,2028,0.021874999221976537,0.009585806628861795,0.11199610617906254,0.03391307707905653,0.0005736866150982678,0.260092169046402
11,14,7,receive,2028,0.0816938365507928,0.04205323196255138,0.11819836097103323,0.03585417884352108,0.0006012287922203541,0.2717050313949585
11,14,8,receive,2028,0.006752255388665007,0.002548959487469385,0.20026404333096645,0.060440034762257254,0.000833473342936486,0.43999233841896057
11,14,9,receive,2028,0.0053431588510302035,0.0032709652845405875,0.15694283402537057,0.04466608264502067,0.0006819255067966878,0.35740578174591064
11,14,10,receive,2028,0.2710101212647693,0.05899555789206942,0.15254939604417192,0.04365107890151124,0.0006295491475611925,0.35170820355415344
11,14,11,receive,2028,0.22050371143544165,0.07376910238467067,0.15731975247721713,0.04015212973775657,0.0006041364977136254,0.3347599506378174
11,14,12,receive,2028,0.012818892385352422,0.0046210471561927875,0.15507979092614807,0.04019031164292165,0.00066181062720716,0.2871936559677124
11,14,13,receive,2028,0.011547462308334448,0.004046072761842341,0.21833940983017566,0.06367540993034478,0.0007817690493538976,0.4235117733478546
11,14,14,receive,2028,0.002648403987445245,0.002583454661929331,0.2563447610868226,0.06227494002231068,0.0009001336293295026,0.42192158102989197
12,1,1,receive,462,0.4534211835204721,0.06786390050956756,0.5048751313843083,0.062110895039972365,0.001461911597289145,0.6680600047111511
12,1,2,receive,462,0.02033750847689771,0.009894493194881773,0.5100554949223484,0.06205742904999736,0.0013534629251807928,0.6977171897888184
12,1,3,receive,462,0.06660727679410883,0.007299306730281516,0.42998982669893465,0.05807694631378935,0.0010669316397979856,0.6891282200813293
12,1,4,receive,462,0.01961536094338905,0.007147216601756143,0.5448444976538895,0.06445338738277538,0.0014696038560941815,0.7408730983734131
12,1,5,receive,462,0.021072961413994902,0.01024590707215728,0.5277720324279845,0.06459619326958914,0.001402993337251246,0.7635798454284668
12,1,6,receive,462,0.02629958834826978,0.015544696102093017,0.519746552878896,0.06483598654010533,0.0013812107499688864,0.7607231736183167
12,1,7,receive,462,0.021857992113252712,0.005714172247702524,0.5000972439901847,0.06395508826318609,0.0012801180128008127,0.7478628754615784
12,1,8,receive,462,0.012415867862762551,0.005127569880224796,0.5315767360220711,0.06974351331482752,0.0012260712683200836,0.7789496183395386
12,1,9,receive,462,0.010218717853862398,0.006080667319380671,0.4852141701093234,0.06776531871683687,0.0011355760507285595,0.7285811901092529
12,1,10,receive,462,0.22770872175720028,0.05463792774971488,0.5674205079316403,0.07265360782100212,0.0013769232900813222,0.8040095567703247
12,1,11,receive,462,0.05684262871865965,0.015667188407290197,0.5695323997557171,0.08409109694461983,0.0012452749069780111,0.8195186257362366
12,1,12,receive,462,0.03775864211629755,0.0075108735036150025,0.5397646992219898,0.09344141670797917,0.0011735595762729645,0.8162261247634888
12,1,13,receive,462,0.018052526590403094,0.006668925292951853,0.6039719744965946,0.09131589155160148,0.001326213008724153,0.8512049913406372
12,1,14,receive,462,0.007791023490429409,0.004886193205147851,0.6755258488613463,0.09010660599645863,0.0017742316704243422,0.8969559073448181
12,2,1,receive,462,0.4534211835204721,0.06786390050956756,0.4346172548913663,0.054697579585279,0.001328114653006196,0.6193329095840454
12,2,2,receive,462,0.02033750847689771,0.009894493194881773,0.44384942096189367,0.05688091032651104,0.0012693620519712567,0.6543057560920715
12,2,3,receive,462,0.06660727679410883,0.007299306730281516,0.36245734360395604,0.05461971596208814,0.0009873280068859458,0.6376028060913086
12,2,4,receive,462,0.01961536094338905,0.007147216601756143,0.4669342870595744,0.05908474532923452,0.0013180344831198454,0.6989381909370422
12,2,5,receive,462,0.021072961413994902,0.01024590707215728,0.4681439480569931,0.06161528292610316,0.001289944862946868,0.7364946007728577
12,2,6,receive,462,0.02629958834826978,0.015544696102093017,0.4564547401067228,0.061878285876429594,0.0012340183602645993,0.731701672077179
12,2,7,receive,462,0.021857992113252712,0.005714172247702524,0.4466348577361832,0.06036918750304323,0.001187619287520647,0.7183933854103088
12,2,8,receive,462,0.012415867862762551,0.005127569880224796,0.48481704173100615,0.06857613006824963,0.0011668935185298324,0.7577812671661377
12,2,9,receive,462,0.010218717853862398,0.006080667319380671,0.4258765303934229,0.06557815170072062,0.0009701655362732708,0.693379282951355
12,2,10,receive,462,0.22770872175720028,0.05463792774971488,0.5275610977054566,0.0694162977622392,0.0013687387108802795,0.7774655818939209
12,2,11,receive,462,0.05684262871865965,0.015667188407290197,0.5338988143202821,0.08097570639861937,0.0012618196196854115,0.8055535554885864
12,2,12,receive,462,0.03775864211629755,0.0075108735036150025,0.5049117616374244,0.09082363334340382,0.001154859084635973,0.8021855354309082
12,2,13,receive,462,0.018052526590403094,0.006668925292951853,0.5992909558291257,0.08699406808331635,0.001536098774522543,0.8555693030357361
12,2,14,receive,462,0.007791023490429409,0.004886193205147851,0.69468810270869,0.08814770133433772,0.0021087664645165205,0.9069270491600037
12,3,1,receive,462,0.4534211835204721,0.06786390050956756,0.4219138010080452,0.06224393455355426,0.0012491631787270308,0.6287634968757629
12,3,2,receive,462,0.02033750847689771,0.009894493194881773,0.438878658542851,0.0631638896740322,0.0012459298595786095,0.671981692314148
12,3,3,receive,462,0.06660727679410883,0.007299306730281516,0.36214269986209857,0.06434162082484814,0.0009819171391427517,0.6618841886520386
12,3,4,receive,462,0.01961536094338905,0.007147216601756143,0.46690570284739474,0.06490447321621388,0.001310813589952886,0.7063906192779541
12,3,5,receive,462,0.021072961413994902,0.01024590707215728,0.47376873084894294,0.06489683429623745,0.0013222760753706098,0.7457452416419983
12,3,6,receive,462,0.02629958834826978,0.015544696102093017,0.46537768002145913,0.0653190691194424,0.0013214993523433805,0.7391780018806458
12,3,7,receive,462,0.021857992113252712,0.005714172247702524,0.45584748018138893,0.06291482220962563,0.0012748385779559612,0.7261017560958862
12,3,8,receive,462,0.012415867862762551,0.005127569880224796,0.4928116487332587,0.06823135865854395,0.0012525926576927304,0.761751651763916
12,3,9,receive,462,0.010218717853862398,0.006080667319380671,0.43370384798139267,0.0645714562360676,0.0010414315620437264,0.6979847550392151
12,3,10,receive,462,0.22770872175720028,0.05463792774971488,0.5330155958351982,0.07142283093989685,0.0014043761184439063,0.7808286547660828
12,3,11,receive,462,0.05684262871865965,0.015667188407290197,0.5568006804557638,0.08397735357202084,0.0013556702760979533,0.8159051537513733
12,3,12,receive,462,0.03775864211629755,0.0075108735036150025,0.5098720794252334,0.08962817556617392,0.0011646271450445056,0.8014686703681946
12,3,13,receive,462,0.018052526590403094,0.006668925292951853,0.5985457855924355,0.09144082201658942,0.0014669912634417415,0.8544477820396423
12,3,14,receive,462,0.007791023490429409,0.004886193205147851,0.6903980415721638,0.08905179336950332,0.00200884067453444,0.9059440493583679
12,4,1,receive,462,0.4534211835204721,0.06786390050956756,0.41375887318029475,0.05673214512222219,0.001298381481319666,0.5967682003974915
12,4,2,receive,462,0.02033750847689771,0.009894493194881773,0.43146741763160473,0.057232738530240454,0.0012950209202244878,0.6169605255126953
12,4,3,receive,462,0.06660727679410883,0.007299306730281516,0.36983625392970787,0.05578471042693663,0.00105722201988101,0.5808953642845154
12,4,4,receive,462,0.01961536094338905,0.007147216601756143,0.46875861543860664,0.05904047696504773,0.0013851731782779098,0.6527612209320068
12,4,5,receive,462,0.021072961413994902,0.01024590707215728,0.4777891204938861,0.05938952064465636,0.0013972849119454622,0.6964666843414307
12,4,6,receive,462,0.02629958834826978,0.015544696102093017,0.47029895458579085,0.05917685054761683,0.0013848018134012818,0.6891977190971375
12,4,7,receive,462,0.021857992113252712,0.005714172247702524,0.4610464229579567,0.05701617428003057,0.0013517438201233745,0.6842518448829651
12,4,8,receive,462,0.012415867862762551,0.005127569880224796,0.4974858304689783,0.0628187620804629,0.0013221458066254854,0.7285524010658264
12,4,9,receive,462,0.010218717853862398,0.006080667319380671,0.43812991588480277,0.05923095382294647,0.0010992722818627954,0.6598672866821289
12,4,10,receive,462,0.22770872175720028,0.05463792774971488,0.5375575776236108,0.06584802318300652,0.0014812540030106902,0.7417820692062378
12,4,11,receive,462,0.05684262871865965,0.015667188407290197,0.5419836544295172,0.07198966800473056,0.001372367376461625,0.7603172659873962
12,4,12,receive,462,0.03775864211629755,0.0075108735036150025,0.47635515589993727,0.08218693913533401,0.001101290574297309,0.7350673675537109
12,4,13,receive,462,0.018052526590403094,0.006668925292951853,0.5634205457431897,0.08393683256968848,0.0013540585059672594,0.7993760704994202
12,4,14,receive,462,0.007791023490429409,0.004886193205147851,0.6595159881892896,0.08464799936403893,0.0018615915905684233,0.8701097369194031
12,5,1,receive,462,0.4534211835204721,0.06786390050956756,0.38653549894229894,0.05341898887387974,0.001244728802703321,0.5613104701042175
12,5,2,receive,462,0.02033750847689771,0.009894493194881773,0.4038787669042585,0.053642014762459556,0.0012415071250870824,0.575019896030426
12,5,3,receive,462,0.06660727679410883,0.007299306730281516,0.34264534424150817,0.051727846712911064,0.0010084761306643486,0.5452883243560791
12,5,4,receive,462,0.01961536094338905,0.007147216601756143,0.447854924724524,0.05609116802575937,0.0013696241658180952,0.6014004349708557
12,5,5,receive,462,0.021072961413994902,0.01024590707215728,0.4563082384292814,0.0559988037767639,0.0013658895622938871,0.6464107632637024
12,5,6,receive,462,0.02629958834826978,0.015544696102093017,0.4488615597582128,0.055840946484246395,0.0013397627044469118,0.6385651230812073
12,5,7,receive,462,0.021857992113252712,0.005714172247702524,0.4396437558202371,0.053399115195866265,0.0013195310020819306,0.6332422494888306
12,5,8,receive,462,0.012415867862762551,0.005127569880224796,0.4757245409575057,0.058755089726673176,0.001299821655265987,0.6813669800758362
12,5,9,receive,462,0.010218717853862398,0.006080667319380671,0.41316066548360303,0.056355990171338854,0.0010178475640714169,0.6078794002532959
12,5,10,receive,462,0.22770872175720028,0.05463792774971488,0.5065053314231618,0.06195290685960907,0.0014292002888396382,0.6872814893722534
12,5,11,receive,462,0.05684262871865965,0.015667188407290197,0.5070169177962148,0.06857116401342428,0.0013105296529829502,0.7017858624458313
12,5,12,receive,462,0.03775864211629755,0.0075108735036150025,0.4417373205321434,0.0791195400107222,0.001027963007800281,0.6730215549468994
12,5,13,receive,462,0.018052526590403094,0.006668925292951853,0.5278175637373919,0.08200803515261539,0.001299227704294026,0.7487433552742004
12,5,14,receive,462,0.007791023490429409,0.004886193205147851,0.626549035153509,0.08345633201071344,0.0017700503813102841,0.8327100872993469
12,6,1,receive,462,0.4534211835204721,0.06786390050956756,0.40725555362001475,0.056842070947145024,0.0013019025791436434,0.5943282842636108
12,6,2,receive,462,0.02033750847689771,0.009894493194881773,0.42887359453860097,0.05646134918427833,0.001290554995648563,0.6099598407745361
12,6,3,receive,462,0.06660727679410883,0.007299306730281516,0.367304941211944,0.05420890754049214,0.0010881413472816348,0.5514278411865234
12,6,4,receive,462,0.01961536094338905,0.007147216601756143,0.47362277925329976,0.05864196137434831,0.0014701251639053226,0.6342591643333435
12,6,5,receive,462,0.021072961413994902,0.01024590707215728,0.4810947097535044,0.05656162187645332,0.0014570041093975306,0.6561470627784729
12,6,6,receive,462,0.02629958834826978,0.015544696102093017,0.47176004222995355,0.05587349737708331,0.0014112257631495595,0.646708607673645
12,6,7,receive,462,0.021857992113252712,0.005714172247702524,0.46983659703982994,0.05560812729328613,0.0014528220053762197,0.6451132893562317
12,6,8,receive,462,0.012415867862762551,0.005127569880224796,0.5060967487984567,0.06028950371371129,0.0014721110928803682,0.6924368739128113
12,6,9,receive,462,0.010218717853862398,0.006080667319380671,0.4399644982362533,0.05704706024707874,0.001138410996645689,0.6161975860595703
12,6,10,receive,462,0.22770872175720028,0.05463792774971488,0.5369770163985159,0.060427253628328036,0.0016281488351523876,0.6798579692840576
12,6,11,receive,462,0.05684262871865965,0.015667188407290197,0.5384505085361864,0.06623718882712525,0.0014576570829376578,0.6945536732673645
12,6,12,receive,462,0.03775864211629755,0.0075108735036150025,0.462329573377219,0.07440053423229655,0.0011311473790556192,0.6606305837631226
12,6,13,receive,462,0.018052526590403094,0.006668925292951853,0.5385257265229662,0.07367236454552523,0.001466577174142003,0.7279539108276367
12,6,14,receive,462,0.007791023490429409,0.004886193205147851,0.6327315585998198,0.07905957287445001,0.0018773386254906654,0.8179891705513
12,7,1,receive,462,0.4534211835204721,0.06786390050956756,0.3776893632532323,0.05544203276210691,0.0011610714718699455,0.5804174542427063
12,7,2,receive,462,0.02033750847689771,0.009894493194881773,0.3977058829724067,0.055272766263320686,0.0011509499745443463,0.5944586992263794
12,7,3,receive,462,0.06660727679410883,0.007299306730281516,0.33483664352268894,0.05383245899902036,0.0009643638622947037,0.5362563133239746
12,7,4,receive,462,0.01961536094338905,0.007147216601756143,0.4457757050061631,0.05708167550575558,0.0013287713518366218,0.6222731471061707
12,7,5,receive,462,0.021072961413994902,0.01024590707215728,0.45105849854896063,0.05441048985160032,0.0013169102603569627,0.6132749915122986
12,7,6,receive,462,0.02629958834826978,0.015544696102093017,0.4386050164179465,0.05321604449578258,0.0012800631811842322,0.6007381677627563
12,7,7,receive,462,0.021857992113252712,0.005714172247702524,0.4367348425323648,0.05280920508058846,0.0013177985092625022,0.5948231220245361
12,7,8,receive,462,0.012415867862762551,0.005127569880224796,0.48103104241810196,0.05733115465037133,0.0013889868278056383,0.6541434526443481
12,7,9,receive,462,0.010218717853862398,0.006080667319380671,0.4153641089499682,0.05425513605327676,0.001108474680222571,0.5742483139038086
12,7,10,receive,462,0.22770872175720028,0.05463792774971488,0.5266878464696647,0.05941595658784713,0.0015794563805684447,0.6745451092720032
12,7,11,receive,462,0.05684262871865965,0.015667188407290197,0.5437225706611248,0.06409894642477065,0.0014919447712600231,0.7007283568382263
12,7,12,receive,462,0.03775864211629755,0.0075108735036150025,0.46417506511405804,0.07249495470963209,0.0011441735550761223,0.6640518307685852
12,7,13,receive,462,0.018052526590403094,0.006668925292951853,0.5363954355646917,0.06852089237529999,0.0014483070699498057,0.7206631302833557
12,7,14,receive,462,0.007791023490429409,0.004886193205147851,0.5938209071034743,0.07282456473833393,0.0018385768635198474,0.7847740650177002
12,8,1,receive,462,0.4534211835204721,0.06786390050956756,0.30844974279170856,0.05042905368696783,0.0010066977702081203,0.5128993391990662
12,8,2,receive,462,0.02033750847689771,0.009894493194881773,0.32343239059446993,0.050042394824118756,0.0009993193671107292,0.5234891176223755
12,8,3,receive,462,0.06660727679410883,0.007299306730281516,0.26646772153220477,0.0497793429113365,0.0008271142141893506,0.47172296047210693
12,8,4,receive,462,0.01961536094338905,0.007147216601756143,0.3673413146891454,0.05302796868093587,0.001149796531535685,0.5525069236755371
12,8,5,receive,462,0.021072961413994902,0.01024590707215728,0.3654101293365717,0.05308226018576794,0.0011324556544423103,0.5378218293190002
12,8,6,receive,462,0.02629958834826978,0.015544696102093017,0.349523944397975,0.051897386696701894,0.001074290950782597,0.5250076055526733
12,8,7,receive,462,0.021857992113252712,0.005714172247702524,0.34765883858363017,0.04941543849468857,0.001098201610147953,0.5232678651809692
12,8,8,receive,462,0.012415867862762551,0.005127569880224796,0.3987806578755411,0.05267365911009052,0.0011869339505210519,0.5957351326942444
12,8,9,receive,462,0.010218717853862398,0.006080667319380671,0.33413499865471286,0.048848826773319254,0.000947188469581306,0.502041757106781
12,8,10,receive,462,0.22770872175720028,0.05463792774971488,0.5128153215025882,0.06152894673351582,0.001596213085576892,0.6647222638130188
12,8,11,receive,462,0.05684262871865965,0.015667188407290197,0.5556922041535381,0.06921249479282379,0.0015173321589827538,0.7127902507781982
12,8,12,receive,462,0.03775864211629755,0.0075108735036150025,0.44652769476421245,0.07653786881125674,0.001163455075584352,0.6753761768341064
12,8,13,receive,462,0.018052526590403094,0.006668925292951853,0.49687438298397785,0.06647834165105665,0.0014913964550942183,0.6958620548248291
12,8,14,receive,462,0.007791023490429409,0.004886193205147851,0.5440121865803598,0.07027090310764773,0.001893255510367453,0.7429741621017456
12,9,1,receive,462,0.4534211835204721,0.06786390050956756,0.40211600366147293,0.05726362442258795,0.0013594480697065592,0.591712474822998
12,9,2,receive,462,0.02033750847689771,0.009894493194881773,0.41768239958950587,0.056225832291701,0.0013494876911863685,0.600073516368866
12,9,3,receive,462,0.06660727679410883,0.007299306730281516,0.34860434390662953,0.05535024597554464,0.0011044003767892718,0.5454841256141663
12,9,4,receive,462,0.01961536094338905,0.007147216601756143,0.47741542350766913,0.058945547147039465,0.0016434539575129747,0.6254987716674805
12,9,5,receive,462,0.021072961413994902,0.01024590707215728,0.4661510664167374,0.05555792937868022,0.001543770544230938,0.6164684295654297
12,9,6,receive,462,0.02629958834826978,0.015544696102093017,0.45409556224214487,0.05406262241741053,0.0015073214890435338,0.6025110483169556
12,9,7,receive,462,0.021857992113252712,0.005714172247702524,0.4456546208014897,0.05436372980935123,0.0014561836142092943,0.5912138819694519
12,9,8,receive,462,0.012415867862762551,0.005127569880224796,0.4795212828540606,0.05969979881823661,0.001435915008187294,0.6464020609855652
12,9,9,receive,462,0.010218717853862398,0.006080667319380671,0.41162839413920893,0.05625117786123912,0.0011104102013632655,0.5556935667991638
12,9,10,receive,462,0.22770872175720028,0.05463792774971488,0.5311775486581168,0.062105054952976614,0.0015632965369150043,0.6665223836898804
12,9,11,receive,462,0.05684262871865965,0.015667188407290197,0.5546355093884769,0.06643701075275467,0.001515229931101203,0.7027719616889954
12,9,12,receive,462,0.03775864211629755,0.0075108735036150025,0.4817090054053724,0.07271862528953583,0.0012213803129270673,0.6858709454536438
12,9,13,receive,462,0.018052526590403094,0.006668925292951853,0.530588571019763,0.06434675891580287,0.0016226572915911674,0.6896564364433289
12,9,14,receive,462,0.007791023490429409,0.004886193205147851,0.5767160245838264,0.06868687234113857,0.0021000937558710575,0.7230082750320435
12,10,1,receive,462,0.4534211835204721,0.06786390050956756,0.3615902025155316,0.051646227651452103,0.0011632018722593784,0.534395694732666
12,10,2,receive,462,0.02033750847689771,0.009894493194881773,0.3735445830051271,0.05082632361431394,0.0011536605888977647,0.5477134585380554
12,10,3,receive,462,0.06660727679410883,0.007299306730281516,0.29989514743618956,0.0510253602533247,0.0009324929560534656,0.5499753952026367
12,10,4,receive,462,0.01961536094338905,0.007147216601756143,0.41614154440041395,0.05289085774691114,0.0013254244113340974,0.5897981524467468
12,10,5,receive,462,0.021072961413994902,0.01024590707215728,0.3891586363469291,0.050926720609177606,0.0011800364591181278,0.5680962204933167
12,10,6,receive,462,0.02629958834826978,0.015544696102093017,0.3523191196662051,0.0477501301463784,0.0010355646954849362,0.5342556834220886
12,10,7,receive,462,0.021857992113252712,0.005714172247702524,0.3568363597092936,0.04786252963047126,0.001057711080648005,0.5466066598892212
12,10,8,receive,462,0.012415867862762551,0.005127569880224796,0.3934959374507788,0.05466048706661625,0.0010852271225303411,0.6086328029632568
12,10,9,receive,462,0.010218717853862398,0.006080667319380671,0.3299709513514591,0.05235372837186438,0.0008391523733735085,0.5154975652694702
12,10,10,receive,462,0.22770872175720028,0.05463792774971488,0.49100548480445866,0.057273532458602276,0.0013471562415361404,0.6446795463562012
12,10,11,receive,462,0.05684262871865965,0.015667188407290197,0.5127096185042398,0.06312030093748787,0.0012485785409808159,0.6676152944564819
12,10,12,receive,462,0.03775864211629755,0.0075108735036150025,0.4419628254327423,0.07540352483152046,0.0010593089973554015,0.6496630311012268
12,10,13,receive,462,0.018052526590403094,0.006668925292951853,0.5043319695716365,0.06693656681665243,0.0013945052633062005,0.6709498167037964
12,10,14,receive,462,0.007791023490429409,0.004886193205147851,0.550716712647037,0.07451047695357252,0.0018208122346550226,0.7205722332000732
12,11,1,receive,462,0.4534211835204721,0.06786390050956756,0.3686342653014608,0.05415747411465748,0.0011339118937030435,0.5536443591117859
12,11,2,receive,462,0.02033750847689771,0.009894493194881773,0.3790073052274962,0.05237682119628786,0.0011253688717260957,0.5658214688301086
12,11,3,receive,462,0.06660727679410883,0.007299306730281516,0.31694227523052987,0.05356564183349573,0.0009536798461340368,0.5697957277297974
12,11,4,receive,462,0.01961536094338905,0.007147216601756143,0.4242777351496108,0.05441064803245241,0.0012769311433658004,0.6028112769126892
12,11,5,receive,462,0.021072961413994902,0.01024590707215728,0.40585466645314316,0.05240580169781703,0.0011883473489433527,0.5856929421424866
12,11,6,receive,462,0.02629958834826978,0.015544696102093017,0.371310151840038,0.04982194257183274,0.0010789246298372746,0.5414322018623352
12,11,7,receive,462,0.021857992113252712,0.005714172247702524,0.38855442092189507,0.05034034737900993,0.001152805401943624,0.5418146252632141
12,11,8,receive,462,0.012415867862762551,0.005127569880224796,0.46609491411015974,0.0550153045482506,0.0013965745456516743,0.6400634050369263
12,11,9,receive,462,0.010218717853862398,0.006080667319380671,0.3876488690143068,0.05037130224285242,0.0010720397112891078,0.5559744238853455
12,11,10,receive,462,0.22770872175720028,0.05463792774971488,0.512669468210361,0.05742983113155625,0.0013756623957306147,0.652644157409668
12,11,11,receive,462,0.05684262871865965,0.015667188407290197,0.509553369731356,0.06000620442448899,0.00120057153981179,0.6643209457397461
12,11,12,receive,462,0.03775864211629755,0.0075108735036150025,0.4492908243923468,0.06975223628610128,0.0011451374739408493,0.6535570025444031
12,11,13,receive,462,0.018052526590403094,0.006668925292951853,0.5071869141347122,0.06538038707676314,0.0013214168138802052,0.679023265838623
12,11,14,receive,462,0.007791023490429409,0.004886193205147851,0.5568195322679166,0.06975634346707243,0.0017513759667053819,0.7046820521354675
12,12,1,receive,462,0.4534211835204721,0.06786390050956756,0.363341502554753,0.05460413199267861,0.0010753654642030597,0.5570152401924133
12,12,2,receive,462,0.02033750847689771,0.009894493194881773,0.3730968599425915,0.05328381930998813,0.0010617953957989812,0.5757837891578674
12,12,3,receive,462,0.06660727679410883,0.007299306730281516,0.3119955761830607,0.054131966928756506,0.0009025197359733284,0.5759419202804565
12,12,4,receive,462,0.01961536094338905,0.007147216601756143,0.4206447582787661,0.055229077851047775,0.0012259060749784112,0.6193777322769165
12,12,5,receive,462,0.021072961413994902,0.01024590707215728,0.4058734961189189,0.05401946249118579,0.0011581298895180225,0.6060997843742371
12,12,6,receive,462,0.02629958834826978,0.015544696102093017,0.36966504751592755,0.052198498291313324,0.0010289335623383522,0.5542697310447693
12,12,7,receive,462,0.021857992113252712,0.005714172247702524,0.3785465823088821,0.05300366896943464,0.0010368707589805126,0.5475508570671082
12,12,8,receive,462,0.012415867862762551,0.005127569880224796,0.4623362379510447,0.05699696729006704,0.001280837575905025,0.6516460180282593
12,12,9,receive,462,0.010218717853862398,0.006080667319380671,0.386228092023105,0.05188650200255515,0.001009503728710115,0.5706580877304077
12,12,10,receive,462,0.22770872175720028,0.05463792774971488,0.5457642791320033,0.06374530092484362,0.0012980661122128367,0.6939647197723389
12,12,11,receive,462,0.05684262871865965,0.015667188407290197,0.5630125287324049,0.06652791907726248,0.0012213621521368623,0.7317925095558167
12,12,12,receive,462,0.03775864211629755,0.0075108735036150025,0.4831472960478642,0.07248495301517607,0.0012115827994421124,0.6979097127914429
12,12,13,receive,462,0.018052526590403094,0.006668925292951853,0.5376079330088276,0.06860807564384531,0.0013301324797794223,0.7015768885612488
12,12,14,receive,462,0.007791023490429409,0.004886193205147851,0.5772617689063733,0.07242744966225487,0.0017423848621547222,0.7331933975219727
12,13,1,receive,462,0.4534211835204721,0.06786390050956756,0.25816214892048656,0.05139449476591411,0.0009359733667224646,0.42000022530555725
12,13,2,receive,462,0.02033750847689771,0.009894493194881773,0.2607558086300037,0.04974336043756259,0.0009049014770425856,0.426570862531662
12,13,3,receive,462,0.06660727679410883,0.007299306730281516,0.2067711096908595,0.04606976269274314,0.000755471526645124,0.409290075302124
12,13,4,receive,462,0.01961536094338905,0.007147216601756143,0.30299513582649207,0.05310551108703462,0.0010477827163413167,0.47289222478866577
12,13,5,receive,462,0.021072961413994902,0.01024590707215728,0.27073450901044643,0.04593956543681705,0.0009490249212831259,0.41954711079597473
12,13,6,receive,462,0.02629958834826978,0.015544696102093017,0.24275323507845709,0.04437341434083838,0.0008571109501644969,0.35936349630355835
12,13,7,receive,462,0.021857992113252712,0.005714172247702524,0.2582272216167404,0.04689608800196909,0.0008830954902805388,0.3754383325576782
12,13,8,receive,462,0.012415867862762551,0.005127569880224796,0.4313411689320583,0.06545758510808486,0.0012375825317576528,0.6024224162101746
12,13,9,receive,462,0.010218717853862398,0.006080667319380671,0.3626529560348793,0.05745350716958694,0.0010292807128280401,0.5184473395347595
12,13,10,receive,462,0.22770872175720028,0.05463792774971488,0.3997603521147618,0.06153728580725067,0.0010685648303478956,0.5387413501739502
12,13,11,receive,462,0.05684262871865965,0.015667188407290197,0.41611183634218335,0.0649963203363237,0.0010050787823274732,0.5616095662117004
12,13,12,receive,462,0.03775864211629755,0.0075108735036150025,0.35427448437680203,0.06432315061194209,0.0010424446081742644,0.5482981204986572
12,13,13,receive,462,0.018052526590403094,0.006668925292951853,0.45727462882581227,0.07810575333937121,0.0013572914758697152,0.6594914197921753
12,13,14,receive,462,0.007791023490429409,0.004886193205147851,0.48205050076428574,0.07482035917473993,0.0016928601544350386,0.6336258053779602
12,14,1,receive,462,0.4534211835204721,0.06786390050956756,0.18605937442308376,0.045044608173080466,0.000855668680742383,0.33443349599838257
12,14,2,receive,462,0.02033750847689771,0.009894493194881773,0.20950891837645,0.044550411024496195,0.0008940076222643256,0.33798956871032715
12,14,3,receive,462,0.06660727679410883,0.007299306730281516,0.17822900975679423,0.041802969142375176,0.0007893517031334341,0.3107396960258484
12,14,4,receive,462,0.01961536094338905,0.007147216601756143,0.23857815288212875,0.05025457077805402,0.0009544466156512499,0.38463839888572693
12,14,5,receive,462,0.021072961413994902,0.01024590707215728,0.18793223517819901,0.0423065713504436,0.0007865585503168404,0.3466358482837677
12,14,6,receive,462,0.02629958834826978,0.015544696102093017,0.15813588962166517,0.039270796906364994,0.0006386562017723918,0.29748475551605225
12,14,7,receive,462,0.021857992113252712,0.005714172247702524,0.16943444498336885,0.041567451380554746,0.0006580222980119288,0.3048143982887268
12,14,8,receive,462,0.012415867862762551,0.005127569880224796,0.3028229367172142,0.062477353830426276,0.0009268103749491274,0.5285024642944336
12,14,9,receive,462,0.010218717853862398,0.006080667319380671,0.23759917159818286,0.05161818406677839,0.000737262365873903,0.4310734272003174
12,14,10,receive,462,0.22770872175720028,0.05463792774971488,0.22707925111902535,0.0515367858487166,0.0006479985895566642,0.43568041920661926
12,14,11,receive,462,0.05684262871865965,0.015667188407290197,0.23230446513300737,0.05319750276826764,0.0006037424900569022,0.4517621099948883
12,14,12,receive,462,0.03775864211629755,0.0075108735036150025,0.20880921760251953,0.05194845340142788,0.0006587875541299582,0.4161562919616699
12,14,13,receive,462,0.018052526590403094,0.006668925292951853,0.2927557336236048,0.0648455452870195,0.0009104511700570583,0.456011563539505
12,14,14,receive,462,0.007791023490429409,0.004886193205147851,0.3350927959394327,0.06729335900521512,0.0011901275720447302,0.49317482113838196
