phase,A1_actionId,C_actionId,n_context,B1_playerId,A1_spinId,C_spinId,EV,count,train_winrate,usage_rate
late,1,1,5,0,1,1,0.6009646661442185,2,1.0,0.4
late,1,2,5,0,1,1,0.5769468246066068,1,1.0,0.2
late,1,5,5,0,1,1,0.5733960480942468,1,1.0,0.2
late,1,13,5,0,1,3,0.34224846899672506,1,1.0,0.2
late,2,2,5,0,1,1,0.5332828479850766,3,0.3333333333333333,0.6
late,2,13,5,0,1,3,0.30350268113539364,2,0.0,0.4
late,4,1,2,0,4,1,0.8246699789132131,1,1.0,0.5
late,4,2,2,0,4,1,0.8006616990148602,1,1.0,0.5
late,5,6,1,0,1,3,0.5594474727999303,1,0.0,1.0
late,6,6,2,0,3,3,0.5547096435683161,2,1.0,1.0
late,10,2,1,0,2,1,0.6317422495842835,1,1.0,1.0
late,11,1,2,0,2,1,0.7176121217588343,1,1.0,0.5
late,11,7,2,0,2,1,0.6565522099847851,1,0.0,0.5
late,13,2,1,0,3,1,0.5151403899954652,1,0.0,1.0
late,1,2,2,1,1,1,0.6104989745250335,1,0.0,0.5
late,1,3,2,1,1,2,0.662217251059422,1,1.0,0.5
late,2,2,6,1,1,1,0.57011606459404,6,0.3333333333333333,1.0
late,4,2,1,1,1,1,0.719998953961511,1,1.0,1.0
late,10,1,6,1,2,1,0.6956069204950909,3,1.0,0.5
late,10,10,6,1,2,2,0.6262088505313893,1,1.0,0.16666666666666666
late,10,13,6,1,2,3,0.5007817739643218,2,0.5,0.3333333333333333
late,13,2,6,1,3,1,0.5355828392111043,3,1.0,0.5
late,13,13,6,1,3,3,0.30743428069552303,3,0.0,0.5
late,3,3,1,2,3,3,0.6516660816440362,1,0.0,1.0
late,5,3,4,2,1,3,0.6239424510264135,1,1.0,0.25
late,5,5,4,2,1,1,0.5452627832252661,1,1.0,0.25
late,5,6,4,2,1,3,0.5623094861993296,2,0.5,0.5
late,6,3,5,2,3,3,0.6426405898252822,1,1.0,0.2
late,6,5,5,2,3,1,0.5407593317087723,1,1.0,0.2
late,6,6,5,2,3,3,0.5595187795704526,2,0.5,0.4
late,6,13,5,2,3,3,0.2819982591262754,1,1.0,0.2
late,7,5,1,2,3,1,0.6575127328557036,1,0.0,1.0
late,10,3,16,2,2,3,0.6631817316452135,2,1.0,0.125
late,10,5,16,2,2,1,0.6414315460726705,1,1.0,0.0625
late,10,6,16,2,2,3,0.6556336122341859,1,0.0,0.0625
late,10,10,16,2,2,2,0.5970187835186007,12,0.3333333333333333,0.75
late,13,3,4,2,3,3,0.5689800192271324,1,1.0,0.25
late,13,13,4,2,3,3,0.24539071162691745,3,0.6666666666666666,0.75
late,1,1,15,3,1,1,0.648889193978882,3,0.6666666666666666,0.2
late,1,2,15,3,1,1,0.6240757290859257,1,1.0,0.06666666666666667
late,1,3,15,3,1,2,0.6995933450516508,1,0.0,0.06666666666666667
late,1,5,15,3,1,1,0.6220285411847981,1,0.0,0.06666666666666667
late,1,6,15,3,1,2,0.6320502644532645,2,1.0,0.13333333333333333
late,1,6,15,3,1,3,0.6322665243537285,3,0.6666666666666666,0.2
late,1,7,15,3,1,3,0.5818680698881907,1,1.0,0.06666666666666667
late,1,13,15,3,1,3,0.3974301029790642,3,0.0,0.2
late,2,1,10,3,1,1,0.6245032945772679,2,0.5,0.2
late,2,2,10,3,1,1,0.5927602071495712,4,0.25,0.4
late,2,3,10,3,1,2,0.6486791213841306,1,1.0,0.1
late,2,6,10,3,1,3,0.5911590092981306,2,0.5,0.2
late,2,13,10,3,1,3,0.3470318387295487,1,0.0,0.1
late,3,3,1,3,2,2,0.6823977992832637,1,1.0,1.0
late,3,6,1,3,3,3,0.6102281114309617,1,0.0,1.0
late,5,1,8,3,1,1,0.6334118011114451,1,1.0,0.125
late,5,2,8,3,1,1,0.6068101279955364,1,1.0,0.125
late,5,3,8,3,1,2,0.6940822765336003,1,1.0,0.125
late,5,5,8,3,1,1,0.5939769111158064,1,1.0,0.125
late,5,6,8,3,1,2,0.6092228694682793,1,1.0,0.125
late,5,6,8,3,1,3,0.6092228694682793,1,1.0,0.125
late,5,13,8,3,1,3,0.3503670394511864,2,1.0,0.25
late,6,3,13,3,2,2,0.6185349166234807,4,0.0,0.3076923076923077
late,6,5,13,3,2,1,0.5870559430627325,1,0.0,0.07692307692307693
late,6,6,13,3,2,2,0.6064407332630857,2,1.0,0.15384615384615385
late,6,6,13,3,2,3,0.6064407332630857,1,0.0,0.07692307692307693
late,6,7,13,3,2,1,0.5500900806021531,1,1.0,0.07692307692307693
late,6,13,13,3,2,3,0.3706143228188396,4,0.0,0.3076923076923077
late,6,1,33,3,3,1,0.6359964725402817,3,0.6666666666666666,0.09090909090909091
late,6,2,33,3,3,1,0.6000979657286459,8,0.5,0.24242424242424243
late,6,3,33,3,3,2,0.6427440127264155,2,0.0,0.06060606060606061
late,6,3,33,3,3,3,0.6477454856006343,1,1.0,0.030303030303030304
late,6,5,33,3,3,1,0.5818578270717676,5,0.8,0.15151515151515152
late,6,6,33,3,3,3,0.6031068098891849,8,0.625,0.24242424242424243
late,6,9,33,3,3,3,0.5453496505411448,1,1.0,0.030303030303030304
late,6,13,33,3,3,3,0.33076838410013576,5,0.4,0.15151515151515152
late,7,1,9,3,1,1,0.7516954315268003,1,0.0,0.1111111111111111
late,7,2,9,3,1,1,0.7200729040007451,1,1.0,0.1111111111111111
late,7,6,9,3,1,2,0.7299770580895382,3,1.0,0.3333333333333333
late,7,6,9,3,1,3,0.7299770580895382,3,0.3333333333333333,0.3333333333333333
late,7,13,9,3,1,3,0.5293677245717345,1,1.0,0.1111111111111111
late,7,1,10,3,3,1,0.7446431857357292,2,1.0,0.2
late,7,2,10,3,3,1,0.7159081820435348,2,0.5,0.2
late,7,3,10,3,3,2,0.7532451885126841,1,0.0,0.1
late,7,5,10,3,3,1,0.7001381944776006,1,1.0,0.1
late,7,13,10,3,3,3,0.46253236355415694,4,0.25,0.4
late,9,5,3,3,2,1,0.6722163695528471,1,1.0,0.3333333333333333
late,9,10,3,3,2,3,0.6095511641428272,1,1.0,0.3333333333333333
late,9,13,3,3,2,3,0.5112753142123544,1,0.0,0.3333333333333333
late,10,2,20,3,2,1,0.681835677998426,2,0.5,0.1
late,10,5,20,3,2,1,0.6802842434180658,3,0.6666666666666666,0.15
late,10,6,20,3,2,3,0.6937429015367115,2,1.0,0.1
late,10,7,20,3,2,1,0.6538315160655169,1,1.0,0.05
late,10,13,20,3,2,3,0.5164055223857347,12,0.75,0.6
late,10,1,4,3,3,1,0.7107734659127172,2,1.0,0.5
late,10,7,4,3,3,1,0.6399184309056021,1,1.0,0.25
late,10,13,4,3,3,3,0.43947566812404093,1,0.0,0.25
late,11,1,4,3,2,1,0.7541053073925348,2,0.5,0.5
late,11,2,4,3,2,1,0.7250659839292186,1,1.0,0.25
late,11,10,4,3,2,2,0.6709194744557061,1,1.0,0.25
late,11,1,1,3,3,1,0.7520065749674779,1,1.0,1.0
late,13,1,16,3,3,1,0.588687361174149,1,1.0,0.0625
late,13,2,16,3,3,1,0.5631549713573183,5,0.4,0.3125
late,13,5,16,3,3,1,0.5548368904820249,1,0.0,0.0625
late,13,6,16,3,3,3,0.5758070199201065,5,0.8,0.3125
late,13,13,16,3,3,3,0.3302059166705674,4,0.0,0.25
late,14,14,1,3,1,1,0.3076069339936319,1,1.0,1.0
late,1,1,2,4,1,1,0.7192172513144507,1,1.0,0.5
late,1,3,2,4,1,3,0.7750031936639024,1,1.0,0.5
late,3,3,1,4,3,3,0.7666769338332459,1,1.0,1.0
late,8,12,2,4,3,2,0.6351480427126144,2,1.0,1.0
late,10,12,1,4,2,3,0.7011336063372193,1,0.0,1.0
late,12,1,12,4,2,1,0.6410645337303673,3,0.6666666666666666,0.25
late,12,2,12,4,2,1,0.6151781142648123,2,1.0,0.16666666666666666
late,12,12,12,4,2,2,0.5846548278873097,2,0.5,0.16666666666666666
late,12,12,12,4,2,3,0.5886110107845166,2,1.0,0.16666666666666666
late,12,13,12,4,2,3,0.43104529430229754,3,0.3333333333333333,0.25
late,12,1,5,4,3,1,0.6417750868858878,1,1.0,0.2
late,12,2,5,4,3,1,0.6187807569797148,1,0.0,0.2
late,12,12,5,4,3,2,0.5727006269111798,1,1.0,0.2
late,12,13,5,4,3,3,0.34273064373062534,1,1.0,0.2
late,12,14,5,4,3,1,0.2685721218601923,1,0.0,0.2
late,14,14,1,4,1,0,0.02931097184520617,1,0.0,1.0
late,1,1,15,5,1,1,0.6636904804024105,10,0.7,0.6666666666666666
late,1,3,15,5,1,3,0.6871649255067607,1,1.0,0.06666666666666667
late,1,6,15,5,1,3,0.6464926024139722,1,0.0,0.06666666666666667
late,1,10,15,5,1,2,0.5799203821954646,2,0.5,0.13333333333333333
late,1,12,15,5,1,2,0.5856823094435633,1,1.0,0.06666666666666667
late,5,1,3,5,1,1,0.647103589179331,3,1.0,1.0
late,6,1,4,5,3,1,0.6395561332671127,4,0.75,1.0
late,10,5,1,5,2,1,0.6913548431491613,1,0.0,1.0
late,13,13,1,5,3,3,0.27652087129884706,1,0.0,1.0
late,1,1,6,6,1,1,0.624338284758164,2,0.5,0.3333333333333333
late,1,5,6,6,1,1,0.5872405705500263,2,1.0,0.3333333333333333
late,1,13,6,6,1,3,0.3517679483119183,1,0.0,0.16666666666666666
late,1,14,6,6,1,3,0.3167209136694703,1,1.0,0.16666666666666666
late,2,5,1,6,1,1,0.5468789508558329,1,1.0,1.0
late,5,1,3,6,1,1,0.6051690136478453,1,1.0,0.3333333333333333
late,5,5,3,6,1,1,0.556902193558798,1,1.0,0.3333333333333333
late,5,13,3,6,1,0,0.018239079557660992,1,0.0,0.3333333333333333
late,7,13,1,6,3,3,0.4479971650863437,1,1.0,1.0
late,10,13,1,6,2,3,0.49489707774849756,1,1.0,1.0
late,10,6,1,6,5,3,0.7122209424564774,1,1.0,1.0
late,12,14,1,6,2,3,0.31204006101575443,1,0.0,1.0
late,13,13,1,6,3,3,0.32133736558444076,1,0.0,1.0
late,14,14,6,6,3,0,0.019118471667838786,1,0.0,0.16666666666666666
late,14,14,6,6,3,3,0.3110756055763619,5,0.0,0.8333333333333334
late,1,1,7,7,1,1,0.6749490865221262,3,0.6666666666666666,0.42857142857142855
late,1,2,7,7,1,1,0.652689607653561,3,1.0,0.42857142857142855
late,1,13,7,7,1,3,0.40871906019315024,1,1.0,0.14285714285714285
late,2,1,4,7,1,1,0.6433779668446405,1,1.0,0.25
late,2,13,4,7,1,3,0.3654849102980908,2,0.5,0.5
late,2,14,4,7,1,1,0.31551093637899397,1,0.0,0.25
late,3,3,2,7,2,2,0.7272065437544045,2,1.0,1.0
late,4,2,1,7,1,1,0.7396872911852678,1,1.0,1.0
late,10,2,3,7,2,1,0.6900408174692987,3,1.0,1.0
late,11,1,3,7,2,1,0.7751544893809998,1,1.0,0.3333333333333333
late,11,4,3,7,2,0,0.02301787161292355,1,0.0,0.3333333333333333
late,11,10,3,7,2,2,0.6922974464335457,1,0.0,0.3333333333333333
late,13,13,1,7,3,0,0.02384302937658642,1,0.0,1.0
late,1,1,35,8,1,0,0.01674005031594122,1,0.0,0.02857142857142857
late,1,1,35,8,1,1,0.6381354623254485,21,0.6190476190476191,0.6
late,1,5,35,8,1,1,0.6075331781336372,9,0.6666666666666666,0.2571428571428571
late,1,6,35,8,1,3,0.6190826568606349,2,1.0,0.05714285714285714
late,1,13,35,8,1,3,0.3837360066495401,2,0.0,0.05714285714285714
late,2,1,6,8,1,1,0.5923250724017856,2,0.5,0.3333333333333333
late,2,2,6,8,1,1,0.5675438748135799,2,1.0,0.3333333333333333
late,2,5,6,8,1,1,0.5510022270348881,1,1.0,0.16666666666666666
late,2,12,6,8,1,3,0.49580980105372235,1,0.0,0.16666666666666666
late,3,3,1,8,2,2,0.6646513381772057,1,1.0,1.0
late,5,1,15,8,1,1,0.6159995694764072,2,0.5,0.13333333333333333
late,5,2,15,8,1,0,0.018775321319140625,1,0.0,0.06666666666666667
late,5,2,15,8,1,1,0.5797115542354915,2,0.5,0.13333333333333333
late,5,5,15,8,1,0,0.018908570140409,1,0.0,0.06666666666666667
late,5,5,15,8,1,1,0.5688847276962649,5,0.6,0.3333333333333333
late,5,6,15,8,1,3,0.5876490871462595,3,1.0,0.2
late,5,13,15,8,1,3,0.33988120045874587,1,0.0,0.06666666666666667
late,6,1,12,8,3,1,0.6146031134037688,5,0.8,0.4166666666666667
late,6,5,12,8,3,1,0.5588981006317211,1,0.0,0.08333333333333333
late,6,6,12,8,3,0,0.018982856533368706,1,0.0,0.08333333333333333
late,6,6,12,8,3,3,0.5804872987240547,2,1.0,0.16666666666666666
late,6,13,12,8,3,3,0.30649960924170067,3,0.3333333333333333,0.25
late,10,1,7,8,2,1,0.6947219932176613,2,0.5,0.2857142857142857
late,10,2,7,8,2,1,0.6636219031723287,2,0.0,0.2857142857142857
late,10,6,7,8,2,3,0.6752799344298133,1,1.0,0.14285714285714285
late,10,13,7,8,2,3,0.4913824899632066,2,0.5,0.2857142857142857
late,10,2,1,8,3,1,0.6583325610747096,1,1.0,1.0
late,11,10,1,8,2,2,0.6433948883685695,1,1.0,1.0
late,11,13,1,8,3,3,0.36177883195497845,1,0.0,1.0
late,13,1,4,8,3,1,0.5651467267004594,2,1.0,0.5
late,13,5,4,8,3,1,0.5297846199850383,1,0.0,0.25
late,13,6,4,8,3,3,0.5519607876952703,1,0.0,0.25
late,14,14,1,8,1,1,0.24519697206644742,1,1.0,1.0
late,1,3,1,9,1,3,0.5889373420250905,1,0.0,1.0
late,1,1,12,10,1,0,0.015994957452675884,1,0.0,0.08333333333333333
late,1,1,12,10,1,1,0.6335701312274207,6,0.5,0.5
late,1,2,12,10,1,1,0.6050283942482652,1,0.0,0.08333333333333333
late,1,3,12,10,1,2,0.6555972587547552,1,0.0,0.08333333333333333
late,1,6,12,10,1,3,0.6143265933459063,2,0.5,0.16666666666666666
late,1,13,12,10,1,3,0.3856691598890742,1,0.0,0.08333333333333333
late,2,1,3,10,1,1,0.5881573217677002,2,1.0,0.6666666666666666
late,2,10,3,10,1,2,0.49622383590489477,1,0.0,0.3333333333333333
late,4,1,1,10,4,1,0.8352498595877007,1,1.0,1.0
late,7,1,3,10,1,1,0.7188691198128815,2,1.0,0.6666666666666666
late,7,13,3,10,1,3,0.49525125681124677,1,0.0,0.3333333333333333
late,10,1,3,10,2,1,0.6852312971875779,2,1.0,0.6666666666666666
late,10,13,3,10,2,3,0.47783225454260564,1,0.0,0.3333333333333333
late,10,1,2,10,3,1,0.6841414297291787,1,0.0,0.5
late,10,13,2,10,3,3,0.3336107633962907,1,1.0,0.5
late,11,1,1,10,2,1,0.7394707454976841,1,1.0,1.0
late,13,1,11,10,3,1,0.5637003749631199,3,0.6666666666666666,0.2727272727272727
late,13,2,11,10,3,1,0.5372708214493249,2,0.5,0.18181818181818182
late,13,6,11,10,3,3,0.5484469225722388,1,1.0,0.09090909090909091
late,13,13,11,10,3,3,0.31394793291582995,4,0.25,0.36363636363636365
late,13,14,11,10,3,1,0.24035543507536528,1,0.0,0.09090909090909091
late,1,1,88,11,1,1,0.5580652412338181,40,0.625,0.45454545454545453
late,1,2,88,11,1,1,0.5338324284465296,5,0.2,0.056818181818181816
late,1,3,88,11,1,3,0.6170273486432124,15,0.7333333333333333,0.17045454545454544
late,1,5,88,11,1,1,0.5212204854399992,1,1.0,0.011363636363636364
late,1,6,88,11,1,3,0.534583101519115,1,1.0,0.011363636363636364
late,1,10,88,11,1,2,0.4669401727637286,6,0.3333333333333333,0.06818181818181818
late,1,11,88,11,1,2,0.4555838625859844,5,0.6,0.056818181818181816
late,1,11,88,11,1,3,0.4304881855648876,2,0.0,0.022727272727272728
late,1,13,88,11,1,0,0.010424626966634517,2,0.0,0.022727272727272728
late,1,13,88,11,1,3,0.2873746783606722,11,0.2727272727272727,0.125
late,2,1,5,11,1,1,0.521916341130861,1,1.0,0.2
late,2,2,5,11,1,1,0.5013539061624017,1,1.0,0.2
late,2,3,5,11,1,3,0.6105587919390337,1,1.0,0.2
late,2,11,5,11,1,2,0.4110459292682848,2,0.5,0.4
late,3,1,16,11,3,1,0.5254104405242578,5,0.4,0.3125
late,3,2,16,11,3,1,0.5083531089990757,4,0.75,0.25
late,3,3,16,11,3,3,0.6402741159169519,5,1.0,0.3125
late,3,11,16,11,3,3,0.4075364207030807,1,1.0,0.0625
late,3,14,16,11,3,3,0.21376468441844895,1,0.0,0.0625
late,4,11,1,11,1,3,0.5241500620455244,1,1.0,1.0
late,5,1,4,11,1,1,0.5536525402491334,1,0.0,0.25
late,5,13,4,11,1,3,0.2841347797278255,3,0.0,0.75
late,6,2,2,11,3,1,0.49125100980803127,1,0.0,0.5
late,6,3,2,11,3,3,0.5334912225483633,1,0.0,0.5
late,7,2,2,11,1,1,0.6250018756266627,1,0.0,0.5
late,7,5,2,11,1,1,0.6197474825672067,1,1.0,0.5
late,10,1,21,11,2,1,0.6178112979721547,16,0.875,0.7619047619047619
late,10,5,21,11,2,1,0.5853863225861422,2,0.5,0.09523809523809523
late,10,10,21,11,2,3,0.5127357061164319,1,1.0,0.047619047619047616
late,10,13,21,11,2,3,0.38362868757815455,2,0.0,0.09523809523809523
late,10,1,4,11,3,1,0.6146486556832622,1,0.0,0.25
late,10,13,4,11,3,0,0.012747067010740751,1,0.0,0.25
late,10,13,4,11,3,3,0.3206446799839936,2,0.0,0.5
late,11,1,5,11,2,1,0.6566532443518245,1,0.0,0.2
late,11,6,5,11,2,0,0.011317378985644215,1,0.0,0.2
late,11,13,5,11,2,3,0.3777459838648513,3,0.3333333333333333,0.6
late,11,1,5,11,3,1,0.6485298243748092,3,0.6666666666666666,0.6
late,11,13,5,11,3,3,0.2827930649390694,2,0.0,0.4
late,13,1,15,11,3,1,0.4856590689436147,3,0.3333333333333333,0.2
late,13,2,15,11,3,1,0.46101274721769553,1,0.0,0.06666666666666667
late,13,5,15,11,3,1,0.4508192182582778,1,0.0,0.06666666666666667
late,13,13,15,11,3,0,0.011246196675863905,2,0.0,0.13333333333333333
late,13,13,15,11,3,3,0.206339356138041,7,0.0,0.4666666666666667
late,13,14,15,11,3,1,0.15376395459450007,1,0.0,0.06666666666666667
late,14,13,1,11,1,3,0.23293590406196027,1,0.0,1.0
late,14,2,2,11,3,1,0.44249607382889644,1,0.0,0.5
late,14,14,2,11,3,3,0.179465469010682,1,0.0,0.5
late,1,1,5,12,1,1,0.502704227336988,1,0.0,0.2
late,1,5,5,12,1,1,0.468293080982863,1,0.0,0.2
late,1,6,5,12,1,3,0.4841210565082873,3,0.6666666666666666,0.6
late,2,6,1,12,1,3,0.4258906773489422,1,1.0,1.0
late,3,3,5,12,3,3,0.5825720737515045,3,1.0,0.6
late,3,13,5,12,3,3,0.20143571946747266,2,0.0,0.4
late,5,1,7,12,1,0,0.00772255111677895,1,0.0,0.14285714285714285
late,5,3,7,12,1,3,0.49178514285629166,1,0.0,0.14285714285714285
late,5,5,7,12,1,1,0.42965883954533257,4,0.0,0.5714285714285714
late,5,13,7,12,1,3,0.21786310377882884,1,0.0,0.14285714285714285
late,6,3,4,12,3,3,0.5028965197515791,1,1.0,0.25
late,6,5,4,12,3,1,0.4205486150541874,1,0.0,0.25
late,6,6,4,12,3,3,0.44439944953800464,2,0.0,0.5
late,10,1,9,12,2,1,0.5686613359224846,3,0.3333333333333333,0.3333333333333333
late,10,1,9,12,2,4,0.582225837532986,1,1.0,0.1111111111111111
late,10,3,9,12,2,3,0.5691798688558158,2,0.5,0.2222222222222222
late,10,6,9,12,2,3,0.5463380371031241,2,1.0,0.2222222222222222
late,10,13,9,12,2,3,0.32909297007182536,1,1.0,0.1111111111111111
late,11,1,1,12,2,1,0.6632082241289885,1,0.0,1.0
late,12,5,1,12,2,1,0.41587041760156485,1,0.0,1.0
late,14,14,1,12,1,3,0.1674786068915567,1,0.0,1.0
late,1,1,21,13,1,1,0.6035894227154873,12,0.6666666666666666,0.5714285714285714
late,1,2,21,13,1,1,0.5776356798924994,1,1.0,0.047619047619047616
late,1,5,21,13,1,1,0.568997301832072,3,0.3333333333333333,0.14285714285714285
late,1,6,21,13,1,3,0.5811740719768221,2,0.5,0.09523809523809523
late,1,13,21,13,1,3,0.33298579689135693,3,0.6666666666666666,0.14285714285714285
late,2,1,8,13,1,1,0.5710953057567556,4,0.75,0.5
late,2,2,8,13,1,1,0.5461817096238126,2,0.5,0.25
late,2,5,8,13,1,1,0.5256264959431171,1,0.0,0.125
late,2,13,8,13,1,3,0.3043382903685951,1,0.0,0.125
late,4,1,5,13,1,1,0.7263427369298967,1,1.0,0.2
late,4,6,5,13,1,3,0.6944416845695035,2,1.0,0.4
late,4,13,5,13,1,3,0.45811722752657,2,0.5,0.4
late,6,2,8,13,3,1,0.5437204452410387,3,0.3333333333333333,0.375
late,6,6,8,13,3,3,0.5456100448027147,3,1.0,0.375
late,6,13,8,13,3,3,0.2801788935914457,2,0.0,0.25
late,7,1,2,13,1,1,0.6875128869814426,1,1.0,0.5
late,7,2,2,13,1,1,0.6659958448264534,1,1.0,0.5
late,10,2,4,13,2,1,0.6269098168775525,1,1.0,0.25
late,10,6,4,13,2,3,0.6387509707819427,2,0.0,0.5
late,10,12,4,13,2,3,0.5747586731696668,1,0.0,0.25
late,10,2,3,13,3,1,0.6212715652709795,1,0.0,0.3333333333333333
late,10,13,3,13,3,3,0.3167491892695685,2,0.0,0.6666666666666666
late,11,1,4,13,2,1,0.6985466961974032,2,0.5,0.5
late,11,5,4,13,2,1,0.6753838243618118,1,0.0,0.25
late,11,11,4,13,2,2,0.6206263909033751,1,0.0,0.25
late,11,1,1,13,3,1,0.7061823401211533,1,1.0,1.0
late,13,2,4,13,3,1,0.5036897035973351,1,1.0,0.25
late,13,5,4,13,3,1,0.49580219659202307,1,0.0,0.25
late,13,6,4,13,3,3,0.5180204481753146,2,0.5,0.5
late,1,2,1,14,1,1,0.572340225994388,1,1.0,1.0
late,2,2,15,14,1,1,0.5221722937093304,6,0.3333333333333333,0.4
late,2,6,15,14,1,3,0.5211500516481425,2,0.0,0.13333333333333333
late,2,13,15,14,1,3,0.2846653052369135,7,0.0,0.4666666666666667
late,5,2,2,14,1,1,0.5320794121828918,1,1.0,0.5
late,5,6,2,14,1,3,0.5409612831705504,1,1.0,0.5
late,6,2,17,14,3,1,0.5295622777300041,6,0.5,0.35294117647058826
late,6,3,17,14,3,3,0.577439833151493,1,1.0,0.058823529411764705
late,6,6,17,14,3,3,0.532346925411467,5,1.0,0.29411764705882354
late,6,13,17,14,3,3,0.26744035496478646,5,0.2,0.29411764705882354
late,7,13,1,14,3,3,0.378972188140393,1,1.0,1.0
late,10,2,6,14,2,1,0.6252316748184925,1,1.0,0.16666666666666666
late,10,5,6,14,2,1,0.6234025770859968,1,1.0,0.16666666666666666
late,10,6,6,14,2,3,0.6363315877871131,1,1.0,0.16666666666666666
late,10,10,6,14,2,2,0.5716428247854543,1,0.0,0.16666666666666666
late,10,13,6,14,2,3,0.4329861672225519,2,0.0,0.3333333333333333
late,13,2,6,14,3,1,0.4961018204107423,4,0.25,0.6666666666666666
late,13,13,6,14,3,3,0.2741124792955123,2,0.5,0.3333333333333333
late,1,3,5,15,1,3,0.6978634995405597,3,0.6666666666666666,0.6
late,1,6,5,15,1,3,0.6239912945741408,1,0.0,0.2
late,1,11,5,15,1,2,0.5544311760317849,1,1.0,0.2
late,3,1,5,15,3,1,0.6218105927660229,1,0.0,0.2
late,3,3,5,15,3,3,0.7210193148021291,3,1.0,0.6
late,3,12,5,15,3,2,0.5404782647931067,1,0.0,0.2
late,4,3,2,15,4,3,0.8530384358383956,1,1.0,0.5
late,4,6,2,15,4,3,0.8350026822476841,1,1.0,0.5
late,5,6,1,15,1,3,0.6048693332714499,1,1.0,1.0
late,6,6,1,15,3,3,0.5955450072123647,1,0.0,1.0
late,11,1,4,15,2,1,0.7591906689730663,1,1.0,0.25
late,11,10,4,15,2,2,0.6823016211000988,1,1.0,0.25
late,11,13,4,15,2,3,0.4845809240858338,1,1.0,0.25
late,11,14,4,15,2,1,0.34697455405184774,1,0.0,0.25
late,13,3,2,15,3,3,0.6320559079958574,1,1.0,0.5
late,13,13,2,15,3,3,0.30229158324180816,1,0.0,0.5
late,14,2,1,15,1,1,0.5414555644062464,1,1.0,1.0
late,14,14,1,15,3,3,0.31571956484075114,1,1.0,1.0
late,1,1,9,16,1,1,0.6674516396151273,1,1.0,0.1111111111111111
late,1,2,9,16,1,1,0.6384547678636394,1,1.0,0.1111111111111111
late,1,3,9,16,1,2,0.6828681650470888,1,1.0,0.1111111111111111
late,1,5,9,16,1,1,0.6389194509917773,1,0.0,0.1111111111111111
late,1,6,9,16,1,3,0.6509787320433242,4,1.0,0.4444444444444444
late,1,13,9,16,1,3,0.4206862684378778,1,0.0,0.1111111111111111
late,2,1,2,16,1,1,0.6203365655409209,1,1.0,0.5
late,2,2,2,16,1,1,0.5959996816300495,1,0.0,0.5
late,4,2,1,16,4,1,0.8403758498950139,1,1.0,1.0
late,5,2,3,16,1,1,0.6274991640586507,1,0.0,0.3333333333333333
late,5,3,3,16,1,2,0.7162496710772475,1,1.0,0.3333333333333333
late,5,5,3,16,1,1,0.6065974462107521,1,1.0,0.3333333333333333
late,6,2,5,16,3,1,0.6099825334176154,3,0.6666666666666666,0.6
late,6,6,5,16,3,3,0.6110163859188723,2,1.0,0.4
late,10,13,1,16,2,0,0.02620816712804215,1,0.0,1.0
late,11,1,3,16,2,1,0.7696238916384726,3,0.3333333333333333,1.0
late,11,1,1,16,3,1,0.7628888085997302,1,1.0,1.0
late,13,2,5,16,3,0,0.023748324025152878,1,0.0,0.2
late,13,2,5,16,3,1,0.5719192578928137,1,0.0,0.2
late,13,6,5,16,3,3,0.580370141027839,3,0.3333333333333333,0.6
late,1,1,4,17,1,1,0.5486133956819025,1,0.0,0.25
late,1,2,4,17,1,1,0.5182530257747837,1,1.0,0.25
late,1,5,4,17,1,1,0.5184943785424003,1,0.0,0.25
late,1,6,4,17,1,3,0.5312938025719983,1,1.0,0.25
late,2,1,5,17,1,1,0.5104047248783232,3,0.3333333333333333,0.6
late,2,2,5,17,1,1,0.47684156609681966,2,0.5,0.4
late,6,2,3,17,3,1,0.4842335945034207,2,0.5,0.6666666666666666
late,6,13,3,17,3,3,0.23745247016174006,1,0.0,0.3333333333333333
late,7,2,1,17,1,1,0.6172822388999711,1,1.0,1.0
late,10,13,1,17,3,3,0.32023623866703205,1,0.0,1.0
late,13,13,1,17,3,3,0.24613999520949978,1,0.0,1.0
late,1,1,7,18,1,1,0.6985619581269219,1,0.0,0.14285714285714285
late,1,2,7,18,1,1,0.6737601542481285,6,1.0,0.8571428571428571
late,2,1,5,18,1,1,0.6561837268326899,2,0.5,0.4
late,2,2,5,18,1,1,0.623109802064669,3,0.6666666666666666,0.6
late,7,13,1,18,1,3,0.576633496076279,1,1.0,1.0
late,10,13,1,18,2,3,0.5456041553375258,1,0.0,1.0
late,13,2,2,18,3,1,0.6154377320103276,2,1.0,1.0
late,1,1,24,19,1,1,0.5247834573333342,9,0.7777777777777778,0.375
late,1,2,24,19,1,1,0.4968677883391277,4,0.5,0.16666666666666666
late,1,3,24,19,1,2,0.5527689724825058,2,0.5,0.08333333333333333
late,1,5,24,19,1,1,0.49077502867457673,1,0.0,0.041666666666666664
late,1,6,24,19,1,3,0.5022479763971319,2,0.0,0.08333333333333333
late,1,10,24,19,1,3,0.4169940564857637,1,1.0,0.041666666666666664
late,1,13,24,19,1,3,0.26902949596824666,4,0.25,0.16666666666666666
late,1,14,24,19,1,1,0.20479064520935153,1,0.0,0.041666666666666664
late,2,1,13,19,1,1,0.47378699829730786,4,0.25,0.3076923076923077
late,2,2,13,19,1,1,0.4480777728261746,5,0.0,0.38461538461538464
late,2,3,13,19,1,2,0.5427043721607225,1,1.0,0.07692307692307693
late,2,10,13,19,1,3,0.3523373048992038,1,1.0,0.07692307692307693
late,2,13,13,19,1,3,0.22429015849733694,2,0.5,0.15384615384615385
late,3,2,2,19,2,1,0.4568783628593871,1,0.0,0.5
late,3,3,2,19,2,2,0.5889203017409743,1,1.0,0.5
late,3,6,1,19,3,3,0.46942355529471846,1,1.0,1.0
late,4,1,13,19,1,1,0.6479732365501845,1,0.0,0.07692307692307693
late,4,2,13,19,1,1,0.6156529298387278,5,0.6,0.38461538461538464
late,4,6,13,19,1,3,0.6126393592433044,3,0.6666666666666666,0.23076923076923078
late,4,13,13,19,1,3,0.3678325895357493,4,0.25,0.3076923076923077
late,5,2,1,19,1,1,0.4576472504453959,1,1.0,1.0
late,6,1,15,19,3,1,0.506729573570155,2,1.0,0.13333333333333333
late,6,2,15,19,3,1,0.471547576399821,3,0.0,0.2
late,6,3,15,19,3,3,0.536862707246959,1,1.0,0.06666666666666667
late,6,5,15,19,3,1,0.447331292624132,1,0.0,0.06666666666666667
late,6,6,15,19,3,3,0.4678266338669166,3,0.3333333333333333,0.2
late,6,13,15,19,3,3,0.2142660783906465,5,0.2,0.3333333333333333
late,7,2,2,19,1,1,0.5886493078358153,1,1.0,0.5
late,7,13,2,19,1,3,0.3713811606238155,1,0.0,0.5
late,7,10,1,19,3,2,0.5003406821074557,1,0.0,1.0
late,10,1,10,19,2,1,0.5861792235477725,3,0.6666666666666666,0.3
late,10,2,10,19,2,1,0.5551459685118703,1,0.0,0.1
late,10,4,10,19,2,1,0.5801330163575159,1,1.0,0.1
late,10,6,10,19,2,3,0.5660287020599888,1,1.0,0.1
late,10,7,10,19,2,1,0.5245457514712453,1,0.0,0.1
late,10,13,10,19,2,3,0.3640016274865713,3,0.0,0.3
late,10,1,1,19,3,1,0.5830310449798868,1,1.0,1.0
late,10,1,1,19,5,1,0.6246750390258994,1,1.0,1.0
late,11,1,18,19,2,1,0.6269524647588326,5,0.4,0.2777777777777778
late,11,2,18,19,2,1,0.594366883160172,2,1.0,0.1111111111111111
late,11,4,18,19,2,1,0.6132132794303505,1,0.0,0.05555555555555555
late,11,6,18,19,2,3,0.6068252989123502,1,1.0,0.05555555555555555
late,11,7,18,19,2,1,0.5638859012631214,2,0.5,0.1111111111111111
late,11,10,18,19,2,2,0.536529779759809,1,1.0,0.05555555555555555
late,11,11,18,19,2,2,0.5422282430222378,2,0.5,0.1111111111111111
late,11,13,18,19,2,0,0.008426395247180599,1,0.0,0.05555555555555555
late,11,13,18,19,2,3,0.3455405879864601,3,0.3333333333333333,0.16666666666666666
late,11,1,5,19,3,1,0.6260590028842007,2,0.5,0.4
late,11,5,5,19,3,1,0.5802361095763191,1,0.0,0.2
late,11,7,5,19,3,1,0.5518991085053904,1,0.0,0.2
late,11,10,5,19,3,2,0.5248285599404495,1,1.0,0.2
late,13,2,15,19,3,1,0.4197468925358805,3,0.3333333333333333,0.2
late,13,6,15,19,3,3,0.4329241392504334,2,0.0,0.13333333333333333
late,13,13,15,19,3,3,0.20837915826623474,10,0.1,0.6666666666666666
late,14,2,1,19,1,1,0.4098704397677411,1,0.0,1.0
late,1,2,7,20,1,1,0.5899182578898599,4,0.75,0.5714285714285714
late,1,5,7,20,1,1,0.5752217550281288,2,0.5,0.2857142857142857
late,1,13,7,20,1,3,0.3277782367370043,1,0.0,0.14285714285714285
late,2,2,6,20,1,1,0.5411492088390918,4,0.75,0.6666666666666666
late,2,13,6,20,1,3,0.2880044807853011,2,0.5,0.3333333333333333
late,5,2,4,20,1,1,0.5634473261124541,1,1.0,0.25
late,5,5,4,20,1,1,0.5338395522937384,1,1.0,0.25
late,5,13,4,20,1,3,0.2883073068746968,2,0.0,0.5
late,7,5,3,20,1,1,0.6821053236311303,2,1.0,0.6666666666666666
late,7,13,3,20,1,3,0.48049537294992684,1,0.0,0.3333333333333333
late,10,1,4,20,2,1,0.6925650124506051,1,1.0,0.25
late,10,2,4,20,2,1,0.6719026848013884,3,0.3333333333333333,0.75
late,11,1,3,20,2,1,0.6939992023889433,2,1.0,0.6666666666666666
late,11,11,3,20,2,2,0.6243900207877866,1,1.0,0.3333333333333333
late,12,2,1,20,2,1,0.5138137217700368,1,0.0,1.0
late,13,2,1,20,3,1,0.5139208661161886,1,0.0,1.0
late,1,1,118,21,1,1,0.5442385156438664,51,0.5882352941176471,0.4322033898305085
late,1,2,118,21,1,1,0.5164344869492535,7,0.5714285714285714,0.059322033898305086
late,1,3,118,21,1,2,0.5822500390375981,4,0.75,0.03389830508474576
late,1,3,118,21,1,3,0.5824477855735184,2,1.0,0.01694915254237288
late,1,5,118,21,1,1,0.5100329009751757,14,0.5,0.11864406779661017
late,1,6,118,21,1,0,0.009345093149772454,1,0.0,0.00847457627118644
late,1,6,118,21,1,3,0.5229440165743904,11,0.45454545454545453,0.09322033898305085
late,1,8,118,21,1,3,0.40176898667504823,1,0.0,0.00847457627118644
late,1,10,118,21,1,0,0.009295710912521037,1,0.0,0.00847457627118644
late,1,10,118,21,1,2,0.45425568082529505,2,0.0,0.01694915254237288
late,1,13,118,21,1,0,0.009117440136409876,2,0.0,0.01694915254237288
late,1,13,118,21,1,3,0.28828270634169206,19,0.3157894736842105,0.16101694915254236
late,1,14,118,21,1,1,0.22307140070712045,3,0.0,0.025423728813559324
late,2,1,24,21,1,1,0.5016164024184266,8,0.5,0.3333333333333333
late,2,2,24,21,1,1,0.47261610737705223,4,0.5,0.16666666666666666
late,2,3,24,21,1,2,0.5490573432863829,1,0.0,0.041666666666666664
late,2,5,24,21,1,1,0.45485470035798165,2,0.5,0.08333333333333333
late,2,6,24,21,1,3,0.46913370574979457,1,0.0,0.041666666666666664
late,2,13,24,21,1,0,0.008923325407063906,1,0.0,0.041666666666666664
late,2,13,24,21,1,3,0.24434957983766356,6,0.3333333333333333,0.25
late,2,14,24,21,1,1,0.20293071604567728,1,0.0,0.041666666666666664
late,3,3,2,21,2,2,0.6096549423425592,2,0.5,1.0
late,4,1,3,21,1,1,0.6613261683236841,1,1.0,0.3333333333333333
late,4,6,3,21,1,3,0.6270603851987233,1,0.0,0.3333333333333333
late,4,10,3,21,1,3,0.5402056546347768,1,0.0,0.3333333333333333
late,5,1,59,21,1,1,0.526778042899265,18,0.5,0.3050847457627119
late,5,2,59,21,1,1,0.4925287075503397,3,0.0,0.05084745762711865
late,5,3,59,21,1,2,0.5424368797465495,1,1.0,0.01694915254237288
late,5,3,59,21,1,3,0.5420719763394002,1,0.0,0.01694915254237288
late,5,5,59,21,1,1,0.4733050308608783,22,0.5,0.3728813559322034
late,5,6,59,21,1,3,0.49141007159175293,3,0.0,0.05084745762711865
late,5,10,59,21,1,3,0.4028917555293283,1,0.0,0.01694915254237288
late,5,13,59,21,1,0,0.009152329095142235,1,0.0,0.01694915254237288
late,5,13,59,21,1,3,0.24987927281065903,9,0.1111111111111111,0.15254237288135594
late,6,3,2,21,2,3,0.5230966068778238,1,1.0,0.5
late,6,6,2,21,2,3,0.4756180607499597,1,1.0,0.5
late,6,1,42,21,3,1,0.5267608905418835,9,0.6666666666666666,0.21428571428571427
late,6,2,42,21,3,1,0.4909598106901757,4,0.5,0.09523809523809523
late,6,3,42,21,3,2,0.548418133498673,2,0.5,0.047619047619047616
late,6,5,42,21,3,0,0.009895647777996206,1,0.0,0.023809523809523808
late,6,5,42,21,3,1,0.4652902028305194,7,0.2857142857142857,0.16666666666666666
late,6,6,42,21,3,3,0.48699112606500766,11,0.5454545454545454,0.2619047619047619
late,6,8,42,21,3,3,0.3598845848361674,1,0.0,0.023809523809523808
late,6,13,42,21,3,3,0.224240722333707,6,0.16666666666666666,0.14285714285714285
late,6,14,42,21,3,1,0.16084811439484206,1,0.0,0.023809523809523808
late,7,1,9,21,1,1,0.6465150601832099,4,1.0,0.4444444444444444
late,7,5,9,21,1,1,0.6081223966133602,4,1.0,0.4444444444444444
late,7,13,9,21,1,3,0.3911439669682758,1,1.0,0.1111111111111111
late,8,1,4,21,3,1,0.5632114819768077,2,0.5,0.5
late,8,10,4,21,3,3,0.4371259077556367,1,0.0,0.25
late,8,12,4,21,3,2,0.4648932597228178,1,1.0,0.25
late,9,9,2,21,2,2,0.5390098859416721,1,1.0,0.5
late,9,12,2,21,2,2,0.526118361329851,1,1.0,0.5
late,10,1,70,21,2,1,0.601450724081096,6,1.0,0.08571428571428572
late,10,2,70,21,2,1,0.5697065564425083,10,0.5,0.14285714285714285
late,10,3,70,21,2,3,0.6199309177006723,1,1.0,0.014285714285714285
late,10,5,70,21,2,1,0.567506350013723,9,0.6666666666666666,0.12857142857142856
late,10,6,70,21,2,2,0.5826748139549969,1,0.0,0.014285714285714285
late,10,6,70,21,2,3,0.5826748139549969,8,0.5,0.11428571428571428
late,10,10,70,21,2,2,0.5196715575179057,4,0.75,0.05714285714285714
late,10,11,70,21,2,2,0.5201924060444596,1,1.0,0.014285714285714285
late,10,12,70,21,2,2,0.5268321185926899,5,0.6,0.07142857142857142
late,10,12,70,21,2,3,0.5295527636396008,1,1.0,0.014285714285714285
late,10,13,70,21,2,0,0.010696676833143069,1,0.0,0.014285714285714285
late,10,13,70,21,2,3,0.3809953699318451,23,0.43478260869565216,0.32857142857142857
late,10,2,7,21,3,1,0.5665436366719412,1,0.0,0.14285714285714285
late,10,5,7,21,3,1,0.5515653095639984,1,0.0,0.14285714285714285
late,10,12,7,21,3,3,0.5027573374617595,1,1.0,0.14285714285714285
late,10,13,7,21,3,0,0.011181389912471409,1,0.0,0.14285714285714285
late,10,13,7,21,3,3,0.2691528313245863,3,0.0,0.42857142857142855
late,10,2,1,21,5,1,0.6090842792811859,1,1.0,1.0
late,11,1,14,21,2,0,0.009755429203960057,1,0.0,0.07142857142857142
late,11,1,14,21,2,1,0.6648654948097407,6,1.0,0.42857142857142855
late,11,2,14,21,2,1,0.6312316393259584,2,0.0,0.14285714285714285
late,11,5,14,21,2,1,0.6356198648902381,2,0.0,0.14285714285714285
late,11,7,14,21,2,1,0.5983447065548927,1,0.0,0.07142857142857142
late,11,10,14,21,2,2,0.5650318996425959,1,1.0,0.07142857142857142
late,11,13,14,21,2,3,0.36711856384760727,1,0.0,0.07142857142857142
late,11,13,1,21,3,3,0.2620544893532039,1,0.0,1.0
late,12,3,24,21,2,3,0.48055564835523806,4,0.0,0.16666666666666666
late,12,5,24,21,2,1,0.45357761854492207,1,0.0,0.041666666666666664
late,12,6,24,21,2,2,0.47639746875755007,2,0.5,0.08333333333333333
late,12,10,24,21,2,2,0.4232032293888541,2,0.0,0.08333333333333333
late,12,12,24,21,2,0,0.009746139281513326,1,0.0,0.041666666666666664
late,12,12,24,21,2,2,0.42590266703331164,3,0.0,0.125
late,12,12,24,21,2,3,0.42970314370991375,1,0.0,0.041666666666666664
late,12,12,24,21,2,5,0.48846936954277415,1,0.0,0.041666666666666664
late,12,13,24,21,2,3,0.2965564192391146,9,0.1111111111111111,0.375
late,12,12,3,21,3,2,0.40303653284800683,2,0.5,0.6666666666666666
late,12,13,3,21,3,3,0.20942293871722262,1,0.0,0.3333333333333333
late,12,12,3,21,5,2,0.501015543994252,2,1.0,0.6666666666666666
late,12,13,3,21,5,3,0.3173364048996031,1,0.0,0.3333333333333333
late,13,1,48,21,3,0,0.01003247109822992,1,0.0,0.020833333333333332
late,13,1,48,21,3,1,0.4638138808647135,6,0.6666666666666666,0.125
late,13,2,48,21,3,1,0.4392799857052385,6,0.6666666666666666,0.125
late,13,5,48,21,3,0,0.009955286279702977,1,0.0,0.020833333333333332
late,13,5,48,21,3,1,0.4311580947082805,3,0.6666666666666666,0.0625
late,13,6,48,21,3,3,0.4527561660186447,5,0.6,0.10416666666666667
late,13,8,48,21,3,3,0.3276481879346888,1,0.0,0.020833333333333332
late,13,10,48,21,3,3,0.36873046153279376,1,0.0,0.020833333333333332
late,13,12,48,21,3,2,0.387739723012305,1,0.0,0.020833333333333332
late,13,12,48,21,3,3,0.39359416778498324,1,0.0,0.020833333333333332
late,13,13,48,21,3,0,0.009699745465944752,3,0.0,0.0625
late,13,13,48,21,3,3,0.2122662264163286,16,0.125,0.3333333333333333
late,13,14,48,21,3,1,0.1588533836120763,2,0.0,0.041666666666666664
late,13,16,48,21,3,1,0.1588533836120763,1,0.0,0.020833333333333332
late,14,2,4,21,1,1,0.4223788512002178,2,0.0,0.5
late,14,14,4,21,1,0,0.009657703284612067,1,0.0,0.25
late,14,14,4,21,1,1,0.17454916472895304,1,0.0,0.25
late,1,1,10,22,1,1,0.5294019822984687,4,0.5,0.4
late,1,2,10,22,1,1,0.5075546502085254,2,0.5,0.2
late,1,6,10,22,1,3,0.5105627060431597,1,1.0,0.1
late,1,10,10,22,1,2,0.4544812343993153,1,0.0,0.1
late,1,10,10,22,1,3,0.4282616354003069,1,0.0,0.1
late,1,13,10,22,1,3,0.2642532477122496,1,0.0,0.1
late,2,1,3,22,1,1,0.51692106453237,1,1.0,0.3333333333333333
late,2,2,3,22,1,1,0.48951899295309653,1,1.0,0.3333333333333333
late,2,6,3,22,1,3,0.48142285834908133,1,0.0,0.3333333333333333
late,6,6,3,22,3,3,0.4838125598232162,1,0.0,0.3333333333333333
late,6,13,3,22,3,3,0.23743266651829043,2,0.0,0.6666666666666666
late,7,2,1,22,1,1,0.6239284181627515,1,1.0,1.0
late,10,2,2,22,2,1,0.5693418639834127,1,1.0,0.5
late,10,7,2,22,2,1,0.5361117150068273,1,1.0,0.5
late,10,1,1,22,3,1,0.5838543082862191,1,1.0,1.0
late,11,1,1,22,3,1,0.6366430864566544,1,1.0,1.0
late,13,2,4,22,3,1,0.4333709115059511,1,0.0,0.25
late,13,13,4,22,3,3,0.22934753122279766,3,0.3333333333333333,0.75
late,14,14,1,22,1,3,0.234136302156621,1,0.0,1.0
late,1,1,11,23,1,1,0.6226314619780579,2,0.0,0.18181818181818182
late,1,2,11,23,1,1,0.5999368834269083,4,0.25,0.36363636363636365
late,1,6,11,23,1,0,0.015235849388777251,1,0.0,0.09090909090909091
late,1,6,11,23,1,3,0.5968245794355566,2,0.5,0.18181818181818182
late,1,13,11,23,1,0,0.015258546683507098,1,0.0,0.09090909090909091
late,1,13,11,23,1,3,0.34521168928472934,1,0.0,0.09090909090909091
late,2,1,15,23,1,0,0.014542189955076988,1,0.0,0.06666666666666667
late,2,1,15,23,1,1,0.5831767509572486,1,1.0,0.06666666666666667
late,2,2,15,23,1,0,0.014657226961041974,1,0.0,0.06666666666666667
late,2,2,15,23,1,1,0.5592409004103428,12,0.6666666666666666,0.8
late,3,1,1,23,2,1,0.5827692945565385,1,0.0,1.0
late,4,6,1,23,1,3,0.6970795152331049,1,1.0,1.0
late,5,2,8,23,1,0,0.016276428762321583,1,0.0,0.125
late,5,2,8,23,1,1,0.5771220962953508,2,1.0,0.25
late,5,5,8,23,1,1,0.549754916718151,4,1.0,0.5
late,5,13,8,23,1,3,0.3066050956993924,1,1.0,0.125
late,6,2,4,23,3,0,0.016507341227243316,1,0.0,0.25
late,6,2,4,23,3,1,0.5709081740728831,3,1.0,0.75
late,7,5,1,23,1,1,0.6772054603900513,1,0.0,1.0
late,10,2,4,23,2,1,0.6442391243275206,2,0.5,0.5
late,10,13,4,23,2,0,0.017145938956902782,1,0.0,0.25
late,10,13,4,23,2,3,0.460862185049399,1,0.0,0.25
late,11,1,5,23,2,1,0.7070836695782364,2,1.0,0.4
late,11,2,5,23,2,1,0.6773382650087612,1,1.0,0.2
late,11,3,5,23,2,2,0.7118924705868327,1,1.0,0.2
late,11,13,5,23,2,3,0.4424604306029149,1,0.0,0.2
late,13,2,2,23,3,0,0.016085616088200017,1,0.0,0.5
late,13,13,2,23,3,3,0.3167300332940776,1,0.0,0.5
late,1,1,5,24,1,1,0.6885359417393742,2,1.0,0.4
late,1,2,5,24,1,1,0.6601252313558033,2,0.5,0.4
late,1,13,5,24,1,3,0.4361397005632841,1,1.0,0.2
late,2,1,2,24,1,1,0.6382313231877723,2,1.0,1.0
late,6,6,2,24,3,3,0.6296070059803096,2,1.0,1.0
late,10,2,2,24,2,1,0.7075502549397714,2,0.5,1.0
late,13,13,1,24,3,3,0.3687533862297578,1,0.0,1.0
late,14,14,1,24,1,0,0.026166871072811293,1,0.0,1.0
late,1,1,14,25,1,1,0.6117499738162342,3,0.6666666666666666,0.21428571428571427
late,1,2,14,25,1,0,0.01357561496861714,1,0.0,0.07142857142857142
late,1,6,14,25,1,3,0.5915366081786171,3,0.3333333333333333,0.21428571428571427
late,1,13,14,25,1,3,0.35098099223782736,6,0.5,0.42857142857142855
late,1,14,14,25,1,1,0.28476411932705636,1,0.0,0.07142857142857142
late,2,1,6,25,1,1,0.5611913319222516,3,0.6666666666666666,0.5
late,2,2,6,25,1,1,0.5362594213956374,2,0.5,0.3333333333333333
late,2,6,6,25,1,3,0.5319796838999711,1,0.0,0.16666666666666666
late,13,2,14,25,3,1,0.5098062317340645,2,1.0,0.14285714285714285
late,13,6,14,25,3,3,0.5229930685902976,1,1.0,0.07142857142857142
late,13,13,14,25,3,0,0.015260696630066142,1,0.0,0.07142857142857142
late,13,13,14,25,3,3,0.2850275746386764,10,0.2,0.7142857142857143
late,1,5,1,26,1,1,0.5642917194843204,1,1.0,1.0
late,3,3,1,26,3,3,0.7147246206501595,1,1.0,1.0
late,5,2,2,26,1,1,0.545414096610729,1,1.0,0.5
late,5,13,2,26,1,3,0.2939721723321793,1,0.0,0.5
late,6,2,9,26,3,1,0.5320717971923397,4,0.25,0.4444444444444444
late,6,5,9,26,3,1,0.5113206818304439,1,1.0,0.1111111111111111
late,6,6,9,26,3,3,0.5328524096162464,3,0.6666666666666666,0.3333333333333333
late,6,13,9,26,3,3,0.2686754197435832,1,0.0,0.1111111111111111
late,10,1,4,26,2,1,0.6531237598885452,1,1.0,0.25
late,10,5,4,26,2,1,0.6188934083148108,1,1.0,0.25
late,10,13,4,26,2,3,0.4330574698147078,2,0.0,0.5
late,13,2,1,26,3,1,0.48967840563977216,1,0.0,1.0
late,1,1,6,28,1,1,0.6431729447313507,1,0.0,0.16666666666666666
late,1,2,6,28,1,1,0.6178570845019814,3,1.0,0.5
late,1,6,6,28,1,3,0.6238068707948263,1,1.0,0.16666666666666666
late,1,13,6,28,1,3,0.3667786623362672,1,0.0,0.16666666666666666
late,2,1,7,28,1,1,0.609216543499607,1,1.0,0.14285714285714285
late,2,2,7,28,1,1,0.5758015380069389,4,0.25,0.5714285714285714
late,2,6,7,28,1,3,0.5820969470000312,2,1.0,0.2857142857142857
late,10,1,1,28,2,1,0.733039853709218,1,1.0,1.0
late,11,6,2,28,3,3,0.7119223087500379,2,0.5,1.0
late,13,2,3,28,3,1,0.5621768876573546,3,0.3333333333333333,1.0
late,1,1,7,29,1,1,0.6666291098220091,6,0.5,0.8571428571428571
late,1,2,7,29,1,1,0.639890050627363,1,1.0,0.14285714285714285
late,2,13,1,29,1,3,0.3704117655681251,1,1.0,1.0
late,4,1,2,29,1,1,0.7726489259619539,2,1.0,1.0
late,5,3,2,29,1,2,0.6731751477025991,1,1.0,0.5
late,5,5,2,29,1,1,0.59855757542929,1,0.0,0.5
late,6,1,3,29,3,1,0.6493825571821382,2,1.0,0.6666666666666666
late,6,13,3,29,3,3,0.33071478362831697,1,0.0,0.3333333333333333
late,10,5,3,29,2,1,0.6871333647180746,1,1.0,0.3333333333333333
late,10,13,3,29,2,3,0.5370709340769962,2,1.0,0.6666666666666666
late,10,13,1,29,3,3,0.37575511710428877,1,0.0,1.0
late,11,1,4,29,2,1,0.7666360463629209,2,1.0,0.5
late,11,10,4,29,2,2,0.7016488629218975,2,0.5,0.5
late,13,1,4,29,3,1,0.5996668753706528,2,1.0,0.5
late,13,2,4,29,3,1,0.573802288238817,1,1.0,0.25
late,13,6,4,29,3,3,0.5836000087368869,1,0.0,0.25
late,1,1,11,30,1,1,0.4875639839792921,3,0.6666666666666666,0.2727272727272727
late,1,5,11,30,1,1,0.4523099764478223,1,0.0,0.09090909090909091
late,1,6,11,30,1,3,0.4670918941825231,4,0.0,0.36363636363636365
late,1,13,11,30,1,3,0.23345578364583766,3,0.0,0.2727272727272727
late,2,1,7,30,1,1,0.4509260136560912,1,0.0,0.14285714285714285
late,2,2,7,30,1,1,0.42076217969303714,3,0.0,0.42857142857142855
late,2,6,7,30,1,3,0.41743255250802996,2,1.0,0.2857142857142857
late,2,13,7,30,1,3,0.2024149015033722,1,0.0,0.14285714285714285
late,5,1,2,30,1,1,0.4568458542885017,2,1.0,1.0
late,6,1,3,30,3,1,0.48458161421886886,1,0.0,0.3333333333333333
late,6,2,3,30,3,1,0.4490422118027662,1,1.0,0.3333333333333333
late,6,13,3,30,3,3,0.20194725002245292,1,0.0,0.3333333333333333
late,10,6,1,30,2,3,0.5226210402617693,1,0.0,1.0
late,10,2,1,30,3,1,0.5221782967737274,1,1.0,1.0
late,11,1,1,30,3,1,0.5569517782459232,1,1.0,1.0
late,13,2,6,30,3,1,0.3853768663970936,1,0.0,0.16666666666666666
late,13,6,6,30,3,3,0.39873222474238723,1,0.0,0.16666666666666666
late,13,13,6,30,3,3,0.1887830868039719,4,0.5,0.6666666666666666
late,1,1,8,31,1,0,0.008945904775049801,1,0.0,0.125
late,1,1,8,31,1,1,0.5402125140835377,2,1.0,0.25
late,1,2,8,31,1,1,0.5169018539300313,3,0.6666666666666666,0.375
late,1,13,8,31,1,0,0.009291111065700406,1,0.0,0.125
late,1,13,8,31,1,3,0.2799199610533834,1,0.0,0.125
late,2,1,9,31,1,0,0.009106499951833328,1,0.0,0.1111111111111111
late,2,1,9,31,1,1,0.4996737805848111,3,0.0,0.3333333333333333
late,2,2,9,31,1,1,0.47424585599706454,3,0.3333333333333333,0.3333333333333333
late,2,6,9,31,1,3,0.46865179739456647,1,1.0,0.1111111111111111
late,2,13,9,31,1,3,0.23506433265562826,1,0.0,0.1111111111111111
late,4,1,1,31,4,1,0.7774755510154895,1,1.0,1.0
late,5,2,1,31,1,1,0.5130713179616959,1,0.0,1.0
late,6,5,2,31,3,1,0.4625134548575501,1,0.0,0.5
late,6,13,2,31,3,3,0.23461714797826025,1,0.0,0.5
late,7,6,1,31,1,3,0.6209348236111244,1,1.0,1.0
late,10,5,4,31,2,1,0.5686628578108852,2,0.0,0.5
late,10,13,4,31,2,3,0.35606497429706196,2,0.5,0.5
late,11,2,2,31,2,1,0.6213528608067616,1,1.0,0.5
late,11,6,2,31,2,3,0.6331830466605204,1,1.0,0.5
late,11,1,4,31,3,1,0.6458721393262906,3,1.0,0.75
late,11,5,4,31,3,1,0.6038443485142166,1,1.0,0.25
late,13,2,6,31,3,1,0.44435241489376626,5,0.4,0.8333333333333334
late,13,6,6,31,3,0,0.0102722025558556,1,0.0,0.16666666666666666
late,1,3,7,32,1,3,0.6785732742450781,4,0.75,0.5714285714285714
late,1,6,7,32,1,2,0.6070987490460437,1,1.0,0.14285714285714285
late,1,12,7,32,1,2,0.5489355204093472,1,1.0,0.14285714285714285
late,1,13,7,32,1,3,0.3703841032041849,1,0.0,0.14285714285714285
late,2,2,3,32,1,1,0.552012353018484,1,0.0,0.3333333333333333
late,2,12,3,32,1,2,0.4947863760273756,2,0.5,0.6666666666666666
late,3,3,5,32,3,3,0.683536555425359,2,0.5,0.4
late,3,5,5,32,3,1,0.5701733756610954,1,0.0,0.2
late,3,12,5,32,3,2,0.5108578449205576,2,0.0,0.4
late,5,3,3,32,1,3,0.6549249834606871,1,1.0,0.3333333333333333
late,5,12,3,32,1,2,0.4976183111009765,2,0.0,0.6666666666666666
late,6,12,1,32,2,2,0.5760290542635664,1,0.0,1.0
late,7,3,1,32,3,3,0.7660970949885776,1,1.0,1.0
late,9,3,2,32,2,3,0.746205110069937,2,1.0,1.0
late,10,1,21,32,2,1,0.6935599762908824,4,0.75,0.19047619047619047
late,10,3,21,32,2,3,0.6985788520791842,1,1.0,0.047619047619047616
late,10,9,21,32,2,2,0.6384893529376348,1,0.0,0.047619047619047616
late,10,10,21,32,2,2,0.617503644125042,3,0.6666666666666666,0.14285714285714285
late,10,10,21,32,2,3,0.5954272886741947,1,1.0,0.047619047619047616
late,10,10,21,32,2,5,0.6719269445626155,1,1.0,0.047619047619047616
late,10,12,21,32,2,2,0.6279044413393722,10,0.5,0.47619047619047616
late,10,3,1,32,3,3,0.6901228987483524,1,0.0,1.0
late,10,1,3,32,5,1,0.7294254877059094,1,0.0,0.3333333333333333
late,10,10,3,32,5,2,0.7069006679435749,1,0.0,0.3333333333333333
late,10,12,3,32,5,2,0.7180284736327383,1,1.0,0.3333333333333333
late,11,3,1,32,2,3,0.7322995883091709,1,1.0,1.0
late,12,2,29,32,2,1,0.5577230336422595,3,0.6666666666666666,0.10344827586206896
late,12,3,29,32,2,3,0.6100196349861668,5,1.0,0.1724137931034483
late,12,6,29,32,2,2,0.580148622118288,1,0.0,0.034482758620689655
late,12,9,29,32,2,2,0.5493421730016839,1,0.0,0.034482758620689655
late,12,10,29,32,2,2,0.5299273541328734,5,0.8,0.1724137931034483
late,12,10,29,32,2,5,0.5752856709082003,1,1.0,0.034482758620689655
late,12,12,29,32,2,2,0.5332137819568497,10,0.6,0.3448275862068966
late,12,13,29,32,2,3,0.3979530920153619,2,0.5,0.06896551724137931
late,12,14,29,32,2,3,0.34141330415441196,1,0.0,0.034482758620689655
late,12,2,6,32,5,1,0.5613743162481182,2,0.5,0.3333333333333333
late,12,5,6,32,5,1,0.5460833530643859,1,0.0,0.16666666666666666
late,12,12,6,32,5,5,0.6054383869997825,1,1.0,0.16666666666666666
late,12,13,6,32,5,3,0.39294510106802044,2,0.0,0.3333333333333333
late,13,2,3,32,3,1,0.5392906590151451,1,1.0,0.3333333333333333
late,13,3,3,32,3,3,0.6100087394845156,1,1.0,0.3333333333333333
late,13,12,3,32,3,2,0.48193732160067615,1,1.0,0.3333333333333333
late,1,2,4,33,1,1,0.6140695751865566,2,1.0,0.5
late,1,3,4,33,1,2,0.6908831549334472,1,1.0,0.25
late,1,13,4,33,1,3,0.34754991029455123,1,1.0,0.25
late,2,2,7,33,1,1,0.5754891124581131,5,0.6,0.7142857142857143
late,2,12,7,33,1,2,0.4788479659639275,1,0.0,0.14285714285714285
late,2,14,7,33,1,0,0.01667653967012194,1,0.0,0.14285714285714285
late,3,3,1,33,2,2,0.6938633526999133,1,1.0,1.0
late,4,2,1,33,1,1,0.7383422581206991,1,1.0,1.0
late,5,2,7,33,1,1,0.5945577899671185,4,0.25,0.5714285714285714
late,5,5,7,33,1,1,0.5652044353911524,2,0.5,0.2857142857142857
late,5,6,7,33,1,3,0.5797758872810157,1,1.0,0.14285714285714285
late,6,5,2,33,3,1,0.5524160100625344,1,0.0,0.5
late,6,6,2,33,3,3,0.5751334310935221,1,1.0,0.5
late,7,2,1,33,1,1,0.718040653750126,1,1.0,1.0
late,10,2,4,33,2,1,0.6673618751982429,2,0.5,0.5
late,10,5,4,33,2,1,0.6574327804778319,1,0.0,0.25
late,10,13,4,33,2,3,0.479519725508869,1,0.0,0.25
late,11,1,5,33,2,1,0.7348930442594028,2,0.5,0.4
late,11,2,5,33,2,1,0.7096493893006185,1,1.0,0.2
late,11,11,5,33,2,2,0.6645069118253751,2,1.0,0.4
late,13,2,1,33,3,1,0.5367133830128924,1,0.0,1.0
late,1,1,7,34,1,1,0.5906143053568844,2,0.5,0.2857142857142857
late,1,5,7,34,1,1,0.5607292135649866,3,0.6666666666666666,0.42857142857142855
late,1,6,7,34,1,2,0.5741442071014549,1,1.0,0.14285714285714285
late,1,13,7,34,1,3,0.3390820356780659,1,0.0,0.14285714285714285
late,3,3,1,34,3,3,0.6364885127215973,1,1.0,1.0
late,5,1,6,34,1,1,0.5706813478002193,1,0.0,0.16666666666666666
late,5,5,6,34,1,1,0.5193899376612708,2,1.0,0.3333333333333333
late,5,13,6,34,1,0,0.013973712722347252,1,0.0,0.16666666666666666
late,5,13,6,34,1,3,0.2811394867979441,1,1.0,0.16666666666666666
late,5,14,6,34,1,3,0.2542540270096815,1,1.0,0.16666666666666666
late,7,13,1,34,3,3,0.4252743684786486,1,1.0,1.0
late,9,1,18,34,2,1,0.6588739998468673,2,0.5,0.1111111111111111
late,9,3,18,34,2,3,0.6338471703206259,1,0.0,0.05555555555555555
late,9,9,18,34,2,2,0.592865725472162,11,0.36363636363636365,0.6111111111111112
late,9,10,18,34,2,3,0.5525488495291871,1,0.0,0.05555555555555555
late,9,13,18,34,2,3,0.44725511491499287,3,0.3333333333333333,0.16666666666666666
late,10,5,1,34,2,1,0.6269506161300143,1,1.0,1.0
late,10,9,1,34,3,2,0.5883594890050248,1,1.0,1.0
late,12,9,3,34,2,2,0.4960183162988084,1,0.0,0.3333333333333333
late,12,13,3,34,2,3,0.3196637053264591,1,0.0,0.3333333333333333
late,12,14,3,34,2,1,0.2316839904332514,1,0.0,0.3333333333333333
late,13,3,4,34,3,3,0.5533391371048059,2,0.0,0.5
late,13,5,4,34,3,1,0.48754952638061266,2,1.0,0.5
late,14,14,1,34,1,1,0.20448509047869654,1,0.0,1.0
late,14,14,1,34,3,3,0.262419544026275,1,0.0,1.0
late,1,1,18,35,1,1,0.557033903810356,5,0.6,0.2777777777777778
late,1,2,18,35,1,0,0.010085082543377574,2,0.0,0.1111111111111111
late,1,2,18,35,1,1,0.5318780871011707,4,0.25,0.2222222222222222
late,1,5,18,35,1,1,0.529236463322412,2,1.0,0.1111111111111111
late,1,6,18,35,1,3,0.5399550198525866,3,0.6666666666666666,0.16666666666666666
late,1,13,18,35,1,3,0.3001903513603576,2,0.0,0.1111111111111111
late,2,2,12,35,1,0,0.010168197159021076,1,0.0,0.08333333333333333
late,2,2,12,35,1,1,0.4940625068914022,7,0.42857142857142855,0.5833333333333334
late,2,3,12,35,1,2,0.5925966368601946,1,1.0,0.08333333333333333
late,2,6,12,35,1,3,0.4891936245597921,1,1.0,0.08333333333333333
late,2,13,12,35,1,3,0.2540847372593702,2,0.0,0.16666666666666666
late,3,3,1,35,2,2,0.6303217676875557,1,0.0,1.0
late,4,2,7,35,1,0,0.011409311349654477,1,0.0,0.14285714285714285
late,4,2,7,35,1,1,0.6392421695062293,4,1.0,0.5714285714285714
late,4,6,7,35,1,3,0.6438789178106857,2,0.0,0.2857142857142857
late,6,2,4,35,3,1,0.5009616664119446,2,0.5,0.5
late,6,5,4,35,3,0,0.011419952998998749,1,0.0,0.25
late,6,13,4,35,3,3,0.24312838699965394,1,0.0,0.25
late,7,1,2,35,1,1,0.6472445920628327,1,0.0,0.5
late,7,6,2,35,1,3,0.6334080526107728,1,0.0,0.5
late,10,2,3,35,2,0,0.012596124842264772,1,0.0,0.3333333333333333
late,10,13,3,35,2,3,0.4072053001876917,2,1.0,0.6666666666666666
late,10,5,1,35,3,0,0.01283827014156604,1,0.0,1.0
late,11,1,19,35,2,1,0.6586983662928884,8,0.75,0.42105263157894735
late,11,2,19,35,2,1,0.6275435184799193,6,0.5,0.3157894736842105
late,11,6,19,35,2,3,0.6404062404353702,4,0.75,0.21052631578947367
late,11,13,19,35,2,3,0.39198228762287673,1,0.0,0.05263157894736842
late,13,1,9,35,3,1,0.4860451520833624,1,0.0,0.1111111111111111
late,13,2,9,35,3,0,0.011366811394921803,1,0.0,0.1111111111111111
late,13,2,9,35,3,1,0.46161104875296544,6,0.3333333333333333,0.6666666666666666
late,13,5,9,35,3,1,0.4547952239575274,1,1.0,0.1111111111111111
late,14,14,1,35,1,1,0.23157087258899367,1,0.0,1.0
late,1,1,3,36,1,1,0.5358573643353371,1,1.0,0.3333333333333333
late,1,2,3,36,1,1,0.5044565138389904,1,1.0,0.3333333333333333
late,1,6,3,36,1,3,0.5179887861403812,1,0.0,0.3333333333333333
late,2,2,1,36,1,1,0.47706942459988866,1,0.0,1.0
late,4,1,2,36,4,1,0.7644666978929583,1,1.0,0.5
late,4,13,2,36,4,0,0.00935244880823775,1,0.0,0.5
late,5,2,4,36,1,0,0.00942094382765346,1,0.0,0.25
late,5,2,4,36,1,1,0.47803794380593256,1,0.0,0.25
late,5,6,4,36,1,3,0.47903213040527737,2,0.5,0.5
late,6,1,10,36,3,1,0.509777311777913,1,0.0,0.1
late,6,2,10,36,3,1,0.4738281431306522,1,0.0,0.1
late,6,5,10,36,3,1,0.45197823081402533,1,0.0,0.1
late,6,6,10,36,3,3,0.47261687605671376,6,0.3333333333333333,0.6
late,6,13,10,36,3,3,0.21958516773728248,1,0.0,0.1
late,10,6,3,36,2,3,0.5715444034964022,2,0.5,0.6666666666666666
late,10,13,3,36,2,3,0.3568728371118519,1,1.0,0.3333333333333333
late,11,1,2,36,2,1,0.6437903583665205,1,1.0,0.5
late,11,2,2,36,2,1,0.6105645779309549,1,1.0,0.5
late,13,2,5,36,3,1,0.43161589738752754,1,1.0,0.2
late,13,5,5,36,3,1,0.42204117330842,1,0.0,0.2
late,13,6,5,36,3,3,0.4434515153046588,1,0.0,0.2
late,13,13,5,36,3,3,0.19570362517308765,2,0.0,0.4
late,1,1,55,37,1,1,0.5936569822660969,19,0.5789473684210527,0.34545454545454546
late,1,1,55,37,1,4,0.6488803484596165,1,1.0,0.01818181818181818
late,1,3,55,37,1,3,0.6606870652349438,15,0.8666666666666667,0.2727272727272727
late,1,5,55,37,1,0,0.013681069633782423,3,0.0,0.05454545454545454
late,1,5,55,37,1,1,0.5661748831776242,2,0.5,0.03636363636363636
late,1,6,55,37,1,3,0.5757592292640111,4,0.5,0.07272727272727272
late,1,11,55,37,1,2,0.5024134688623949,8,0.75,0.14545454545454545
late,1,13,55,37,1,0,0.013282598930859485,1,0.0,0.01818181818181818
late,1,13,55,37,1,3,0.3296104820269684,2,0.0,0.03636363636363636
late,1,3,3,37,4,3,0.7900558467007356,1,1.0,0.3333333333333333
late,1,6,3,37,4,3,0.757545313615749,1,1.0,0.3333333333333333
late,1,10,3,37,4,2,0.6929458765575881,1,1.0,0.3333333333333333
late,3,1,15,37,3,1,0.5600165682909346,10,0.4,0.6666666666666666
late,3,3,15,37,3,3,0.667858756983412,4,0.75,0.26666666666666666
late,3,11,15,37,3,2,0.47350542706804266,1,0.0,0.06666666666666667
late,4,1,6,37,4,1,0.8257043813292421,1,0.0,0.16666666666666666
late,4,3,6,37,4,3,0.8473208796143116,2,0.5,0.3333333333333333
late,4,6,6,37,4,3,0.8040398121950018,3,0.3333333333333333,0.5
late,5,1,4,37,1,1,0.5676441096323104,1,0.0,0.25
late,5,5,4,37,1,1,0.5214512892919536,2,0.5,0.5
late,5,11,4,37,1,2,0.4636013444922441,1,1.0,0.25
late,6,13,1,37,2,3,0.2785766216790368,1,0.0,1.0
late,6,1,17,37,3,1,0.574442544639097,3,0.3333333333333333,0.17647058823529413
late,6,3,17,37,3,3,0.5850549326326023,4,0.5,0.23529411764705882
late,6,5,17,37,3,0,0.014866006948837229,1,0.0,0.058823529411764705
late,6,5,17,37,3,1,0.5157852940227989,2,0.5,0.11764705882352941
late,6,6,17,37,3,3,0.539041880667722,2,0.5,0.11764705882352941
late,6,10,17,37,3,2,0.4665348127560751,2,0.5,0.11764705882352941
late,6,11,17,37,3,2,0.46376248365462774,1,1.0,0.058823529411764705
late,6,13,17,37,3,3,0.26909802412506983,2,0.5,0.11764705882352941
late,10,1,8,37,2,1,0.6597939685567895,4,0.5,0.5
late,10,3,8,37,2,3,0.6884631388827849,1,1.0,0.125
late,10,4,8,37,2,4,0.6904429002806547,1,1.0,0.125
late,10,10,8,37,2,2,0.5785106060424718,1,0.0,0.125
late,10,11,8,37,2,5,0.6218031095812946,1,1.0,0.125
late,11,1,8,37,2,0,0.014523342907079314,1,0.0,0.125
late,11,1,8,37,2,1,0.6987272618620131,1,1.0,0.125
late,11,3,8,37,2,3,0.6960610752637174,1,1.0,0.125
late,11,5,8,37,2,1,0.6661450104005135,1,0.0,0.125
late,11,6,8,37,2,3,0.6810594647028828,2,0.5,0.25
late,11,10,8,37,2,2,0.6170315625647183,1,1.0,0.125
late,11,13,8,37,2,3,0.4219169002407005,1,1.0,0.125
late,13,3,4,37,3,3,0.5461025898971931,1,1.0,0.25
late,13,6,4,37,3,3,0.5089686916622337,3,0.6666666666666666,0.75
late,1,1,10,38,1,1,0.6162399716756053,2,0.5,0.2
late,1,5,10,38,1,1,0.5832053658742683,3,0.6666666666666666,0.3
late,1,6,10,38,1,3,0.5958564326845724,1,1.0,0.1
late,1,13,10,38,1,0,0.014558493123724005,1,0.0,0.1
late,1,13,10,38,1,3,0.37496784043283654,3,0.3333333333333333,0.3
late,2,1,3,38,1,1,0.5547792713604701,1,1.0,0.3333333333333333
late,2,2,3,38,1,1,0.5252561077098802,1,1.0,0.3333333333333333
late,2,13,3,38,1,3,0.30355644252949476,1,0.0,0.3333333333333333
late,3,13,1,38,2,3,0.35048322833605544,1,0.0,1.0
late,4,5,2,38,1,1,0.6686383013999908,1,0.0,0.5
late,4,13,2,38,1,3,0.46046583196628105,1,0.0,0.5
late,5,1,12,38,1,1,0.5883756399948954,3,1.0,0.25
late,5,2,12,38,1,1,0.549703298602283,1,1.0,0.08333333333333333
late,5,3,12,38,1,2,0.5655639842850716,1,0.0,0.08333333333333333
late,5,5,12,38,1,1,0.5384749726249426,5,0.6,0.4166666666666667
late,5,5,12,38,1,4,0.5676851367543382,1,0.0,0.08333333333333333
late,5,13,12,38,1,3,0.3136762765834303,1,0.0,0.08333333333333333
late,6,1,5,38,3,1,0.5804589764286218,3,1.0,0.6
late,6,2,5,38,3,1,0.5425258847792805,1,1.0,0.2
late,6,5,5,38,3,1,0.5259070245802763,1,0.0,0.2
late,7,5,1,38,1,1,0.6714932687299745,1,1.0,1.0
late,10,5,6,38,2,1,0.6329598924655825,2,0.5,0.3333333333333333
late,10,6,6,38,2,3,0.6475182937485983,2,0.5,0.3333333333333333
late,10,13,6,38,2,3,0.46808793988458425,2,0.5,0.3333333333333333
late,11,1,2,38,2,1,0.7075568727945285,1,0.0,0.5
late,11,10,2,38,2,2,0.621880707143668,1,0.0,0.5
late,13,1,11,38,3,1,0.5299934687265552,3,0.6666666666666666,0.2727272727272727
late,13,5,11,38,3,1,0.5003684935120295,2,0.5,0.18181818181818182
late,13,13,11,38,3,3,0.2930913127579999,5,0.2,0.45454545454545453
late,13,14,11,38,3,1,0.2263225127581365,1,0.0,0.09090909090909091
late,14,14,1,38,1,1,0.2629336349539486,1,0.0,1.0
late,1,1,11,39,1,1,0.6290781285118253,3,0.6666666666666666,0.2727272727272727
late,1,2,11,39,1,1,0.6041531857148488,4,0.75,0.36363636363636365
late,1,5,11,39,1,1,0.5954363629544985,1,0.0,0.09090909090909091
late,1,10,11,39,1,2,0.5375564381276394,1,1.0,0.09090909090909091
late,1,13,11,39,1,3,0.36372511567328,1,0.0,0.09090909090909091
late,1,14,11,39,1,1,0.2946385629801331,1,0.0,0.09090909090909091
late,2,1,11,39,1,1,0.5877296681301837,4,0.5,0.36363636363636365
late,2,2,11,39,1,1,0.5633467958067032,4,0.75,0.36363636363636365
late,2,11,11,39,1,3,0.46004639235140893,1,0.0,0.09090909090909091
late,2,13,11,39,1,0,0.016481649353540354,1,0.0,0.09090909090909091
late,2,13,11,39,1,3,0.3218930148919777,1,0.0,0.09090909090909091
late,3,3,1,39,2,2,0.6591303092118097,1,1.0,1.0
late,6,2,2,39,3,1,0.5695187219681807,2,0.0,1.0
late,7,2,1,39,1,1,0.6955751240811372,1,1.0,1.0
late,10,5,1,39,2,1,0.6576215124759316,1,1.0,1.0
late,10,2,3,39,3,1,0.6547359878531567,2,1.0,0.6666666666666666
late,10,13,3,39,3,3,0.41904747539708226,1,1.0,0.3333333333333333
late,11,1,1,39,2,1,0.7057397396740345,1,0.0,1.0
late,11,1,2,39,3,1,0.7038575939286991,1,1.0,0.5
late,11,2,2,39,3,1,0.6789531492033255,1,1.0,0.5
late,13,1,13,39,3,1,0.5541798889547572,6,0.3333333333333333,0.46153846153846156
late,13,2,13,39,3,1,0.5304035729250095,4,0.75,0.3076923076923077
late,13,5,13,39,3,1,0.5237695703372683,1,0.0,0.07692307692307693
late,13,13,13,39,3,0,0.01792741051023009,1,0.0,0.07692307692307693
late,13,13,13,39,3,3,0.2914018568210485,1,1.0,0.07692307692307693
late,14,2,1,39,1,1,0.5088946901714053,1,0.0,1.0
late,1,13,1,40,1,3,0.40624098561568817,1,0.0,1.0
late,6,6,2,40,3,3,0.5829842365617239,1,0.0,0.5
late,6,13,2,40,3,3,0.31344857636383305,1,1.0,0.5
late,10,2,2,40,2,1,0.6561077139691329,1,0.0,0.5
late,10,13,2,40,2,3,0.49213180730270123,1,0.0,0.5
late,11,1,1,40,2,1,0.7219893416092344,1,1.0,1.0
late,13,2,3,40,3,1,0.5397692894646596,2,0.5,0.6666666666666666
late,13,6,3,40,3,3,0.5517846913434398,1,1.0,0.3333333333333333
late,1,3,2,41,1,3,0.6342442695369788,2,0.5,1.0
late,3,3,1,41,2,3,0.6215964130872509,1,1.0,1.0
late,3,3,8,41,3,3,0.6499514103999114,6,0.8333333333333334,0.75
late,3,5,8,41,3,1,0.5303309083789991,1,0.0,0.125
late,3,13,8,41,3,3,0.27546508853777735,1,0.0,0.125
late,4,5,1,41,4,1,0.7714331264362743,1,1.0,1.0
late,5,5,1,41,1,1,0.5193748977991449,1,0.0,1.0
late,6,3,2,41,3,3,0.566802043694691,1,0.0,0.5
late,6,13,2,41,3,3,0.2712258937253552,1,0.0,0.5
late,13,1,4,41,3,1,0.512628272112664,1,1.0,0.25
late,13,3,4,41,3,3,0.5486184868089276,1,0.0,0.25
late,13,13,4,41,3,3,0.2262211560358396,2,0.5,0.5
late,14,3,1,41,3,3,0.5279577255308346,1,1.0,1.0
late,1,5,5,42,1,1,0.6066658200428678,1,0.0,0.2
late,1,13,5,42,1,0,0.019933780316552355,1,0.0,0.2
late,1,13,5,42,1,3,0.36048488582579674,3,0.3333333333333333,0.6
late,4,5,2,42,1,1,0.7098497268140929,1,1.0,0.5
late,4,6,2,42,1,3,0.7266301965097616,1,1.0,0.5
late,6,1,1,42,2,1,0.6053199252699061,1,1.0,1.0
late,10,1,5,42,2,1,0.7068788534353566,1,1.0,0.2
late,10,5,5,42,2,1,0.6727229200248179,2,0.5,0.4
late,10,6,5,42,2,3,0.6865370654262817,1,1.0,0.2
late,10,13,5,42,2,3,0.47640752505313333,1,1.0,0.2
late,11,6,1,42,2,3,0.7147036967434253,1,1.0,1.0
late,1,1,26,43,1,1,0.521720838167117,16,0.4375,0.6153846153846154
late,1,2,26,43,1,1,0.49760098365552,3,0.0,0.11538461538461539
late,1,3,26,43,1,2,0.5858597350694411,1,1.0,0.038461538461538464
late,1,6,26,43,1,3,0.5000703497419483,4,1.0,0.15384615384615385
late,1,13,26,43,1,3,0.25973928316937517,2,0.0,0.07692307692307693
late,2,1,5,43,1,1,0.47973385434852267,2,1.0,0.4
late,2,2,5,43,1,1,0.4575724278546295,2,0.5,0.4
late,2,3,5,43,1,3,0.564281095318974,1,1.0,0.2
late,4,1,6,43,1,1,0.6406895514667375,2,1.0,0.3333333333333333
late,4,2,6,43,1,1,0.6051176442702302,2,0.5,0.3333333333333333
late,4,6,6,43,1,3,0.6103151063243754,1,1.0,0.16666666666666666
late,4,13,6,43,1,3,0.3691648990687663,1,1.0,0.16666666666666666
late,6,1,7,43,3,1,0.5139176868556345,2,1.0,0.2857142857142857
late,6,3,7,43,3,2,0.5407634099573034,1,0.0,0.14285714285714285
late,6,6,7,43,3,3,0.4741948939578177,3,0.0,0.42857142857142855
late,6,13,7,43,3,3,0.22055145731280376,1,0.0,0.14285714285714285
late,10,2,3,43,2,1,0.5531370948858578,2,1.0,0.6666666666666666
late,10,13,3,43,2,3,0.37183021786887843,1,0.0,0.3333333333333333
late,10,2,1,43,5,1,0.6054562907172664,1,0.0,1.0
late,11,1,6,43,2,1,0.6281778606274363,2,0.0,0.3333333333333333
late,11,2,6,43,2,1,0.5959086101175234,1,1.0,0.16666666666666666
late,11,4,6,43,2,1,0.6154836171295736,1,0.0,0.16666666666666666
late,11,7,6,43,2,1,0.5624313293893904,1,1.0,0.16666666666666666
late,11,13,6,43,2,3,0.35482193047291694,1,1.0,0.16666666666666666
late,11,1,4,43,3,1,0.622749969391605,3,0.3333333333333333,0.75
late,11,7,4,43,3,1,0.5413218978550717,1,0.0,0.25
late,13,2,10,43,3,1,0.433527994604962,2,1.0,0.2
late,13,6,10,43,3,3,0.4445726559445443,4,0.5,0.4
late,13,13,10,43,3,3,0.21038970657401346,4,0.25,0.4
late,1,1,8,44,1,1,0.5314785151071328,3,0.0,0.375
late,1,2,8,44,1,1,0.5047537358164312,1,0.0,0.125
late,1,6,8,44,1,3,0.5138314929508032,2,0.5,0.25
late,1,13,8,44,1,3,0.2748075218235058,2,0.5,0.25
late,2,1,5,44,1,1,0.5024552801303808,2,1.0,0.4
late,2,2,5,44,1,1,0.47510148551573994,3,0.0,0.6
late,3,3,1,44,3,3,0.6725502886628099,1,0.0,1.0
late,5,13,1,44,1,3,0.22452729763738422,1,0.0,1.0
late,6,6,4,44,3,3,0.49998107101160916,2,1.0,0.5
late,6,13,4,44,3,3,0.23941581676841114,2,0.5,0.5
late,7,2,1,44,1,1,0.6072997123326955,1,1.0,1.0
late,10,2,3,44,2,1,0.5766998014639001,2,0.0,0.6666666666666666
late,10,5,3,44,2,1,0.5743716505458857,1,1.0,0.3333333333333333
late,13,1,12,44,3,1,0.46916473165661476,1,0.0,0.08333333333333333
late,13,2,12,44,3,1,0.44370616175897104,5,0.6,0.4166666666666667
late,13,13,12,44,3,3,0.23490972685871694,6,0.0,0.5
late,1,1,12,45,1,1,0.6087840126834368,4,0.75,0.3333333333333333
late,1,2,12,45,1,1,0.5838604029238659,3,0.3333333333333333,0.25
late,1,5,12,45,1,1,0.5679890191797146,1,0.0,0.08333333333333333
late,1,6,12,45,1,3,0.5774239933053494,1,0.0,0.08333333333333333
late,1,13,12,45,1,3,0.31854791132792365,3,0.3333333333333333,0.25
late,2,2,6,45,1,1,0.5338873314587688,4,0.0,0.6666666666666666
late,2,13,6,45,1,3,0.29228616454923817,1,0.0,0.16666666666666666
late,2,14,6,45,1,3,0.2669080594516514,1,0.0,0.16666666666666666
late,4,2,2,45,1,1,0.6968675895627043,1,1.0,0.5
late,4,13,2,45,1,3,0.43669457555793334,1,1.0,0.5
late,5,5,1,45,1,1,0.5172740373181551,1,1.0,1.0
late,6,1,7,45,3,1,0.5578850782591068,2,0.5,0.2857142857142857
late,6,2,7,45,3,1,0.5211631311667592,2,0.5,0.2857142857142857
late,6,6,7,45,3,3,0.5246711228222515,2,0.0,0.2857142857142857
late,6,13,7,45,3,3,0.25092096946397274,1,0.0,0.14285714285714285
late,7,1,2,45,1,1,0.680771760394486,1,1.0,0.5
late,7,13,2,45,1,3,0.4523412874313929,1,0.0,0.5
late,10,1,13,45,2,1,0.6465824999613842,3,1.0,0.23076923076923078
late,10,2,13,45,2,1,0.6172676811148023,4,0.75,0.3076923076923077
late,10,5,13,45,2,1,0.6143596950902188,1,1.0,0.07692307692307693
late,10,7,13,45,2,1,0.5880581509593781,1,1.0,0.07692307692307693
late,10,7,13,45,2,3,0.5785042971119178,1,0.0,0.07692307692307693
late,10,13,13,45,2,3,0.4143191008458405,3,0.3333333333333333,0.23076923076923078
late,13,13,4,45,3,3,0.2775956967368489,4,0.5,1.0
late,14,2,1,45,3,1,0.47658996794425335,1,1.0,1.0
late,1,1,16,46,1,1,0.6484107822716139,12,0.9166666666666666,0.75
late,1,3,16,46,1,2,0.6921783652378469,1,1.0,0.0625
late,1,6,16,46,1,3,0.628182478007074,1,1.0,0.0625
late,1,13,16,46,1,3,0.38492209001849664,2,0.5,0.125
late,2,10,1,46,1,2,0.5015471583541322,1,0.0,1.0
late,5,1,1,46,1,0,0.019993487275793434,1,0.0,1.0
late,6,1,4,46,3,1,0.62238194506219,3,0.3333333333333333,0.75
late,6,5,4,46,3,1,0.5686042402475018,1,0.0,0.25
late,10,13,1,46,2,3,0.45478833328530066,1,0.0,1.0
late,10,13,1,46,3,0,0.02272213293454571,1,0.0,1.0
late,11,1,2,46,2,1,0.7502263395143038,2,0.5,1.0
late,11,1,3,46,3,1,0.75273779838045,3,1.0,1.0
late,13,6,1,46,3,3,0.5491924204729096,1,1.0,1.0
late,1,2,7,47,1,1,0.5358535189297889,4,0.5,0.5714285714285714
late,1,5,7,47,1,1,0.5357616650237187,1,0.0,0.14285714285714285
late,1,13,7,47,1,3,0.3263410561032078,2,1.0,0.2857142857142857
late,2,2,11,47,1,1,0.4959496275415825,8,0.375,0.7272727272727273
late,2,13,11,47,1,3,0.2715342949481385,3,0.0,0.2727272727272727
late,5,3,1,47,1,3,0.6354773306468727,1,1.0,1.0
late,6,5,4,47,3,1,0.4839612705212404,1,0.0,0.25
late,6,6,4,47,3,3,0.5016236346308264,2,0.5,0.5
late,6,13,4,47,3,3,0.23844938902224821,1,0.0,0.25
late,10,2,1,47,2,1,0.5899841489533137,1,1.0,1.0
late,11,1,2,47,2,1,0.6669153326906496,1,0.0,0.5
late,11,5,2,47,2,1,0.631391349592822,1,1.0,0.5
late,13,1,12,47,3,1,0.5047190177995469,1,0.0,0.08333333333333333
late,13,2,12,47,3,1,0.48275549552521707,3,0.6666666666666666,0.25
late,13,5,12,47,3,1,0.4767347546566765,1,0.0,0.08333333333333333
late,13,6,12,47,3,3,0.4971574779830092,2,1.0,0.16666666666666666
late,13,13,12,47,3,3,0.2710515970744569,5,0.4,0.4166666666666667
late,1,2,7,48,1,1,0.5330748291689474,2,0.5,0.2857142857142857
late,1,3,7,48,1,2,0.6217800069141255,1,1.0,0.14285714285714285
late,1,3,7,48,1,3,0.6220717196936969,1,0.0,0.14285714285714285
late,1,9,7,48,1,2,0.48681179716881484,1,1.0,0.14285714285714285
late,1,12,7,48,1,2,0.4773739628059253,2,1.0,0.2857142857142857
late,2,12,1,48,1,2,0.4175466545309087,1,1.0,1.0
late,3,1,1,48,2,1,0.5246037550754646,1,0.0,1.0
late,5,2,2,48,1,1,0.5012757403220807,1,1.0,0.5
late,5,5,2,48,1,1,0.4923608856449335,1,1.0,0.5
late,8,12,2,48,3,2,0.48017222389815495,2,0.0,1.0
late,10,2,4,48,2,1,0.5948107738274975,2,0.5,0.5
late,10,12,4,48,2,2,0.5436337937374631,2,0.0,0.5
late,12,1,17,48,2,1,0.5140697181882699,1,1.0,0.058823529411764705
late,12,2,17,48,2,1,0.4861997156923725,1,1.0,0.058823529411764705
late,12,5,17,48,2,1,0.49136070616834904,1,1.0,0.058823529411764705
late,12,7,17,48,2,3,0.4635185076257271,2,0.5,0.11764705882352941
late,12,9,17,48,2,2,0.4748831410093959,1,0.0,0.058823529411764705
late,12,10,17,48,2,2,0.4562034253913613,2,0.5,0.11764705882352941
late,12,10,17,48,2,5,0.5196600673944503,1,1.0,0.058823529411764705
late,12,12,17,48,2,2,0.4630839010739031,5,0.4,0.29411764705882354
late,12,12,17,48,2,5,0.5332845394042355,1,0.0,0.058823529411764705
late,12,13,17,48,2,3,0.3275397133015533,2,0.5,0.11764705882352941
late,12,2,3,48,5,1,0.4569598971470626,1,0.0,0.3333333333333333
late,12,5,3,48,5,1,0.4425566838601262,1,0.0,0.3333333333333333
late,12,12,3,48,5,2,0.4596231105298947,1,0.0,0.3333333333333333
late,14,14,1,48,1,3,0.261869320213175,1,0.0,1.0
late,1,1,33,49,1,1,0.5354091884920009,13,0.6923076923076923,0.3939393939393939
late,1,2,33,49,1,1,0.5096521308561563,1,0.0,0.030303030303030304
late,1,3,33,49,1,2,0.6006486557581281,5,1.0,0.15151515151515152
late,1,3,33,49,1,3,0.6008657976446492,1,0.0,0.030303030303030304
late,1,5,33,49,1,1,0.5058485473456101,4,1.0,0.12121212121212122
late,1,10,33,49,1,2,0.4465379909544368,3,0.6666666666666666,0.09090909090909091
late,1,10,33,49,1,3,0.418947608439697,1,1.0,0.030303030303030304
late,1,11,33,49,1,2,0.4428142560150948,1,0.0,0.030303030303030304
late,1,13,33,49,1,3,0.27146729199496933,4,0.25,0.12121212121212122
late,3,3,3,49,2,2,0.6004474497432787,2,1.0,0.6666666666666666
late,3,13,3,49,2,3,0.2759140065128936,1,0.0,0.3333333333333333
late,3,3,5,49,3,2,0.6309596200085958,1,0.0,0.2
late,3,3,5,49,3,3,0.636866374422446,2,0.5,0.4
late,3,13,5,49,3,3,0.23790263366549755,2,0.0,0.4
late,5,1,11,49,1,1,0.5395862619942139,4,0.5,0.36363636363636365
late,5,3,11,49,1,2,0.6199782271222545,4,0.75,0.36363636363636365
late,5,3,11,49,1,3,0.6193363410106406,2,0.5,0.18181818181818182
late,5,11,11,49,1,3,0.4027559165739163,1,1.0,0.09090909090909091
late,10,1,14,49,2,1,0.604576074472688,8,0.0,0.5714285714285714
late,10,5,14,49,2,1,0.5718940461718598,2,1.0,0.14285714285714285
late,10,10,14,49,2,2,0.5254977933754996,1,1.0,0.07142857142857142
late,10,10,14,49,2,3,0.4997674752420793,3,0.3333333333333333,0.21428571428571427
late,10,1,3,49,3,1,0.6015130858507637,2,0.5,0.6666666666666666
late,10,13,3,49,3,3,0.3226537497791091,1,0.0,0.3333333333333333
late,11,1,6,49,3,1,0.632152028413714,4,0.5,0.6666666666666666
late,11,5,6,49,3,1,0.5916136833497035,1,0.0,0.16666666666666666
late,11,10,6,49,3,2,0.5348089149873225,1,0.0,0.16666666666666666
late,13,10,1,49,3,3,0.43482507988183755,1,0.0,1.0
late,1,1,8,50,1,1,0.5798695898827746,1,0.0,0.125
late,1,2,8,50,1,1,0.5535698833084207,3,0.3333333333333333,0.375
late,1,3,8,50,1,2,0.6416318153808271,1,0.0,0.125
late,1,10,8,50,1,3,0.4597922712779102,1,0.0,0.125
late,1,13,8,50,1,3,0.30853687745459496,2,0.0,0.25
late,2,1,36,50,1,1,0.5561795328705733,2,0.0,0.05555555555555555
late,2,2,36,50,1,1,0.522039269163603,22,0.5,0.6111111111111112
late,2,3,36,50,1,2,0.5765923815536699,1,1.0,0.027777777777777776
late,2,5,36,50,1,1,0.5067356130118957,2,0.5,0.05555555555555555
late,2,6,36,50,1,3,0.5223756233758624,3,0.3333333333333333,0.08333333333333333
late,2,10,36,50,1,3,0.43583741908263207,1,0.0,0.027777777777777776
late,2,13,36,50,1,3,0.28746542563223987,5,0.4,0.1388888888888889
late,3,3,4,50,2,3,0.6410671658348885,1,1.0,0.25
late,3,6,4,50,2,2,0.53666693390312,1,0.0,0.25
late,3,13,4,50,2,3,0.32409071757897634,2,0.5,0.5
late,5,1,6,50,1,1,0.5738113778913473,1,0.0,0.16666666666666666
late,5,2,6,50,1,1,0.5440823072443638,1,1.0,0.16666666666666666
late,5,3,6,50,1,2,0.613634203948242,1,1.0,0.16666666666666666
late,5,6,6,50,1,2,0.5445919708239865,2,0.5,0.3333333333333333
late,5,9,6,50,1,2,0.4954047998545725,1,0.0,0.16666666666666666
late,6,1,19,50,2,1,0.5683319924749705,2,1.0,0.10526315789473684
late,6,3,19,50,2,2,0.5431942577182682,5,0.6,0.2631578947368421
late,6,3,19,50,2,3,0.5431942577182682,1,1.0,0.05263157894736842
late,6,5,19,50,2,0,0.014178031163838539,1,0.0,0.05263157894736842
late,6,5,19,50,2,1,0.5127838384456003,2,0.5,0.10526315789473684
late,6,6,19,50,2,2,0.5351207261703806,6,0.6666666666666666,0.3157894736842105
late,6,9,19,50,2,2,0.4868274236903243,2,1.0,0.10526315789473684
late,6,2,5,50,3,1,0.552687783618417,2,0.5,0.4
late,6,3,5,50,3,2,0.6129826543042753,3,0.3333333333333333,0.6
late,8,6,2,50,3,0,0.014596541317816842,1,0.0,0.5
late,8,13,2,50,3,3,0.33254265604244737,1,0.0,0.5
late,9,3,15,50,2,2,0.6294874145853243,7,0.7142857142857143,0.4666666666666667
late,9,3,15,50,2,3,0.6294874145853243,1,0.0,0.06666666666666667
late,9,5,15,50,2,1,0.613771023728302,2,0.5,0.13333333333333333
late,9,6,15,50,2,2,0.6285067904248172,2,1.0,0.13333333333333333
late,9,9,15,50,2,2,0.5859038412856543,1,1.0,0.06666666666666667
late,9,13,15,50,2,3,0.4274655864837944,2,0.5,0.13333333333333333
late,9,3,1,50,3,2,0.6440227224538854,1,1.0,1.0
late,10,1,6,50,2,1,0.6556617387330649,1,0.0,0.16666666666666666
late,10,5,6,50,2,1,0.6193069613690197,1,1.0,0.16666666666666666
late,10,6,6,50,2,3,0.6339869270863937,2,0.5,0.3333333333333333
late,10,9,6,50,2,2,0.5958084978143057,1,0.0,0.16666666666666666
late,10,10,6,50,2,2,0.5737751159581689,1,1.0,0.16666666666666666
late,13,5,4,50,3,0,0.013952797468624385,1,0.0,0.25
late,13,5,4,50,3,1,0.48773607506962424,1,0.0,0.25
late,13,13,4,50,3,3,0.2581905746487725,2,0.0,0.5
late,1,1,13,51,1,1,0.4607541316086196,4,0.5,0.3076923076923077
late,1,2,13,51,1,1,0.43711823988180054,1,0.0,0.07692307692307693
late,1,3,13,51,1,2,0.5312237119208919,1,1.0,0.07692307692307693
late,1,3,13,51,1,3,0.5314747287916837,3,0.3333333333333333,0.23076923076923078
late,1,6,13,51,1,3,0.4439194065136729,1,0.0,0.07692307692307693
late,1,11,13,51,1,2,0.3686425847561995,2,0.5,0.15384615384615385
late,1,11,13,51,1,3,0.34356794960767095,1,0.0,0.07692307692307693
late,2,2,1,51,1,1,0.4135728118458532,1,0.0,1.0
late,3,6,1,51,2,3,0.41626496498292503,1,0.0,1.0
late,3,11,2,51,3,2,0.3285985814222769,2,0.0,1.0
late,6,1,1,51,2,1,0.4181364292500026,1,0.0,1.0
late,6,1,2,51,3,1,0.43996309271237455,2,1.0,1.0
late,8,1,1,51,3,1,0.49479719549874845,1,0.0,1.0
late,10,1,10,51,2,1,0.5292744744821376,3,0.3333333333333333,0.3
late,10,3,10,51,2,3,0.5466578704071201,2,1.0,0.2
late,10,6,10,51,2,3,0.5091918576743233,2,0.0,0.2
late,10,10,10,51,2,2,0.45170228989823735,3,0.3333333333333333,0.3
late,11,1,9,51,2,1,0.5595288296428469,6,0.5,0.6666666666666666
late,11,3,9,51,2,3,0.5819533181444411,3,0.3333333333333333,0.3333333333333333
late,12,1,1,51,2,1,0.3969408895798162,1,0.0,1.0
late,1,1,11,52,1,1,0.5432840523233423,5,0.4,0.45454545454545453
late,1,3,11,52,1,3,0.5545797256018452,1,0.0,0.09090909090909091
late,1,6,11,52,1,3,0.5182019240226089,2,0.0,0.18181818181818182
late,1,10,11,52,1,2,0.4414736817969551,1,0.0,0.09090909090909091
late,1,13,11,52,1,0,0.009031465322277084,2,0.0,0.18181818181818182
late,5,13,1,52,1,0,0.009083760835962188,1,0.0,1.0
late,6,1,3,52,3,1,0.49922631187896993,1,1.0,0.3333333333333333
late,6,6,3,52,3,3,0.4700982924850099,1,1.0,0.3333333333333333
late,6,13,3,52,3,3,0.2235485646914652,1,1.0,0.3333333333333333
late,7,1,1,52,3,1,0.616228790702521,1,1.0,1.0
late,10,1,6,52,2,1,0.5910712052724018,3,0.6666666666666666,0.5
late,10,6,6,52,2,3,0.5722871395493504,1,1.0,0.16666666666666666
late,10,13,6,52,2,0,0.010264422139826845,1,0.0,0.16666666666666666
late,10,14,6,52,2,3,0.3049884669833573,1,0.0,0.16666666666666666
late,13,1,2,52,3,1,0.4618643516730616,1,0.0,0.5
late,13,13,2,52,3,0,0.009427398744096385,1,0.0,0.5
late,1,1,28,53,1,1,0.5484223455994229,9,0.5555555555555556,0.32142857142857145
late,1,5,28,53,1,1,0.5150594275112725,4,0.25,0.14285714285714285
late,1,6,28,53,1,2,0.5297338893575712,1,1.0,0.03571428571428571
late,1,6,28,53,1,3,0.530102833715241,6,0.5,0.21428571428571427
late,1,11,28,53,1,2,0.46005961341687934,1,0.0,0.03571428571428571
late,1,12,28,53,1,2,0.46444307049777267,1,0.0,0.03571428571428571
late,1,13,28,53,1,3,0.2970254716713815,4,0.0,0.14285714285714285
late,1,14,28,53,1,3,0.2633119515757062,2,0.0,0.07142857142857142
late,3,5,2,53,3,1,0.4883969247026475,1,0.0,0.5
late,3,5,2,53,3,4,0.5149744763918591,1,1.0,0.5
late,4,1,1,53,4,1,0.7715513423376374,1,1.0,1.0
late,5,1,18,53,1,1,0.529830680570825,3,0.3333333333333333,0.16666666666666666
late,5,3,18,53,1,3,0.5114286842794566,4,0.75,0.2222222222222222
late,5,5,18,53,1,0,0.011091596587152959,1,0.0,0.05555555555555555
late,5,5,18,53,1,1,0.47262355328181904,5,0.6,0.2777777777777778
late,5,7,18,53,1,1,0.4418749801079077,1,1.0,0.05555555555555555
late,5,8,18,53,1,3,0.36868814909740144,1,0.0,0.05555555555555555
late,5,10,18,53,1,2,0.42116000753601623,1,1.0,0.05555555555555555
late,5,13,18,53,1,3,0.25137522544590757,2,0.0,0.1111111111111111
late,5,5,1,53,4,1,0.670795419421963,1,1.0,1.0
late,6,3,7,53,2,3,0.5234405789655809,1,1.0,0.14285714285714285
late,6,6,7,53,2,2,0.4905426523680823,4,0.5,0.5714285714285714
late,6,6,7,53,2,3,0.49028138937873933,1,1.0,0.14285714285714285
late,6,13,7,53,2,3,0.25955880448520713,1,0.0,0.14285714285714285
late,6,1,17,53,3,1,0.5350660089866995,8,0.5,0.47058823529411764
late,6,1,17,53,3,4,0.5732919040648103,1,1.0,0.058823529411764705
late,6,3,17,53,3,3,0.5539195211204171,1,1.0,0.058823529411764705
late,6,5,17,53,3,1,0.47758215175457813,1,0.0,0.058823529411764705
late,6,6,17,53,3,2,0.49924169803742197,1,0.0,0.058823529411764705
late,6,6,17,53,3,3,0.49913419750132515,2,0.5,0.11764705882352941
late,6,10,17,53,3,2,0.4274404821104346,2,0.5,0.11764705882352941
late,6,13,17,53,3,3,0.24486725463687165,1,0.0,0.058823529411764705
late,7,5,1,53,1,1,0.6093308165493854,1,0.0,1.0
late,8,5,2,53,3,1,0.5222701909223859,1,1.0,0.5
late,8,13,2,53,3,3,0.23887543368135356,1,0.0,0.5
late,9,1,1,53,2,1,0.6126839499738918,1,1.0,1.0
late,10,1,8,53,2,1,0.6150235225008218,5,0.4,0.625
late,10,5,8,53,2,1,0.5800794833807859,1,1.0,0.125
late,10,13,8,53,2,3,0.3791610076795041,2,0.5,0.25
late,10,1,1,53,3,1,0.6103914297562482,1,0.0,1.0
late,13,5,6,53,3,1,0.44033148636089375,4,0.25,0.6666666666666666
late,13,14,6,53,3,3,0.16828150939512201,2,0.0,0.3333333333333333
late,1,1,17,54,1,1,0.5634586415101375,13,0.6923076923076923,0.7647058823529411
late,1,2,17,54,1,1,0.5433399816832699,1,1.0,0.058823529411764705
late,1,5,17,54,1,1,0.5296090494274447,1,1.0,0.058823529411764705
late,1,6,17,54,1,3,0.5376014288708523,1,0.0,0.058823529411764705
late,1,13,17,54,1,3,0.291084076179896,1,0.0,0.058823529411764705
late,2,1,1,54,1,1,0.523478425768708,1,0.0,1.0
late,4,1,1,54,1,1,0.6796239555828756,1,1.0,1.0
late,5,1,4,54,1,1,0.536933118748373,4,0.5,1.0
late,6,2,8,54,3,1,0.5011850187074152,3,0.3333333333333333,0.375
late,6,5,8,54,3,1,0.47768783851309055,1,0.0,0.125
late,6,6,8,54,3,3,0.500454415436037,2,0.0,0.25
late,6,13,8,54,3,3,0.239239619049608,2,0.0,0.25
late,7,1,1,54,1,1,0.6475159290578524,1,1.0,1.0
late,10,1,3,54,2,1,0.6162443919699601,2,0.5,0.6666666666666666
late,10,5,3,54,2,1,0.5833158069709437,1,1.0,0.3333333333333333
late,11,1,7,54,2,1,0.6627053847211676,3,1.0,0.42857142857142855
late,11,5,7,54,2,1,0.6311044258061446,1,0.0,0.14285714285714285
late,11,7,7,54,2,1,0.5982492581549194,1,0.0,0.14285714285714285
late,11,13,7,54,2,3,0.38993414433498896,2,0.5,0.2857142857142857
late,11,2,1,54,3,1,0.6261406913413958,1,1.0,1.0
late,13,1,7,54,3,1,0.4917847086218429,4,0.75,0.5714285714285714
late,13,2,7,54,3,1,0.4723574722590869,1,0.0,0.14285714285714285
late,13,6,7,54,3,3,0.48555431783465736,1,0.0,0.14285714285714285
late,13,13,7,54,3,3,0.25177005170753025,1,0.0,0.14285714285714285
late,14,2,2,54,1,1,0.45019746025912394,2,0.0,1.0
late,1,5,3,55,1,1,0.6789794139088534,1,0.0,0.3333333333333333
late,1,6,3,55,1,3,0.6890680978130866,2,1.0,0.6666666666666666
late,2,5,2,55,1,1,0.6254108120035282,1,1.0,0.5
late,2,6,2,55,1,3,0.6352788484514632,1,1.0,0.5
late,4,13,1,55,1,3,0.5600935417994464,1,1.0,1.0
late,5,6,2,55,1,3,0.6423360360724794,1,1.0,0.5
late,5,13,2,55,1,3,0.36784541317614977,1,1.0,0.5
late,6,3,6,55,3,3,0.7452718505653878,1,0.0,0.16666666666666666
late,6,5,6,55,3,1,0.6374171075615543,3,1.0,0.5
late,6,6,6,55,3,3,0.653988399505545,1,1.0,0.16666666666666666
late,6,13,6,55,3,3,0.37295399375568267,1,0.0,0.16666666666666666
late,11,1,3,55,2,1,0.7739367099612043,3,0.6666666666666666,1.0
late,13,2,7,55,3,1,0.6434755987930156,2,0.5,0.2857142857142857
late,13,5,7,55,3,1,0.6390221383386983,4,0.75,0.5714285714285714
late,13,6,7,55,3,3,0.6550000517797179,1,1.0,0.14285714285714285
late,1,1,45,56,1,0,0.01024112845769246,1,0.0,0.022222222222222223
late,1,1,45,56,1,1,0.5568578918077196,23,0.5652173913043478,0.5111111111111111
late,1,2,45,56,1,1,0.5321278724740784,1,0.0,0.022222222222222223
late,1,3,45,56,1,2,0.62324729409005,1,0.0,0.022222222222222223
late,1,3,45,56,1,3,0.6234226745856856,16,0.6875,0.35555555555555557
late,1,6,45,56,1,3,0.5394575634785149,2,0.5,0.044444444444444446
late,1,11,45,56,1,2,0.46432994543868733,1,1.0,0.022222222222222223
late,3,1,16,56,3,1,0.526873318850497,5,0.2,0.3125
late,3,3,16,56,3,3,0.6423547834652347,8,0.625,0.5
late,3,11,16,56,3,2,0.4294633363960301,2,0.5,0.125
late,3,11,16,56,3,3,0.40401984880781466,1,0.0,0.0625
late,6,1,2,56,3,1,0.5351862054204696,1,0.0,0.5
late,6,3,2,56,3,3,0.5384773690874434,1,1.0,0.5
late,10,1,9,56,2,1,0.6325899835420572,6,0.8333333333333334,0.6666666666666666
late,10,3,9,56,2,3,0.6083121991203646,1,0.0,0.1111111111111111
late,10,10,9,56,2,2,0.5497975468358353,2,0.5,0.2222222222222222
late,11,1,4,56,2,1,0.6615799868804553,2,0.5,0.5
late,11,1,4,56,2,4,0.6797745247817886,1,0.0,0.25
late,11,3,4,56,2,3,0.6730970617585635,1,0.0,0.25
late,12,14,1,56,2,3,0.24211061418190136,1,1.0,1.0
late,13,13,1,56,3,0,0.011283452765057574,1,0.0,1.0
late,1,1,11,57,1,1,0.5179673723127514,1,1.0,0.09090909090909091
late,1,3,11,57,1,2,0.5490645894774492,1,1.0,0.09090909090909091
late,1,3,11,57,1,3,0.5492839479493165,1,1.0,0.09090909090909091
late,1,5,11,57,1,1,0.48311543810131496,4,0.25,0.36363636363636365
late,1,6,11,57,1,3,0.49730911607123734,2,0.0,0.18181818181818182
late,1,13,11,57,1,0,0.00790164258429887,1,0.0,0.09090909090909091
late,1,13,11,57,1,3,0.26385983697797627,1,1.0,0.09090909090909091
late,2,5,3,57,1,0,0.008189680953223588,1,0.0,0.3333333333333333
late,2,5,3,57,1,1,0.41543654036246563,1,1.0,0.3333333333333333
late,2,14,3,57,1,1,0.1752108606377892,1,1.0,0.3333333333333333
late,3,3,3,57,2,2,0.5765683756498101,1,1.0,0.3333333333333333
late,3,6,3,57,2,3,0.4682797203871303,1,0.0,0.3333333333333333
late,3,13,3,57,2,3,0.2565098443245015,1,1.0,0.3333333333333333
late,3,3,5,57,3,3,0.5883740407076743,2,0.5,0.4
late,3,5,5,57,3,0,0.008099197843510401,1,0.0,0.2
late,3,13,5,57,3,3,0.21592472599490836,2,0.5,0.4
late,5,1,22,57,1,1,0.4983849535326728,2,0.5,0.09090909090909091
late,5,3,22,57,1,2,0.5419943706326754,1,1.0,0.045454545454545456
late,5,5,22,57,1,1,0.4460457992555723,14,0.42857142857142855,0.6363636363636364
late,5,6,22,57,1,3,0.46280602017868006,2,0.5,0.09090909090909091
late,5,12,22,57,1,2,0.3876608558164939,1,0.0,0.045454545454545456
late,5,13,22,57,1,3,0.22407447231733005,2,0.0,0.09090909090909091
late,6,12,2,57,2,2,0.3814893456377803,2,0.0,1.0
late,6,3,23,57,3,2,0.5085570832846794,3,1.0,0.13043478260869565
late,6,5,23,57,3,1,0.4380621427778177,6,0.6666666666666666,0.2608695652173913
late,6,6,23,57,3,3,0.4593069754861424,8,0.25,0.34782608695652173
late,6,13,23,57,3,0,0.008009367392509386,1,0.0,0.043478260869565216
late,6,13,23,57,3,3,0.20982382542914593,5,0.2,0.21739130434782608
late,7,5,1,57,1,1,0.5875224962132891,1,1.0,1.0
late,8,3,1,57,2,3,0.5263237016125655,1,1.0,1.0
late,9,6,1,57,2,2,0.552853092555409,1,1.0,1.0
late,10,1,13,57,2,0,0.009343588982093611,1,0.0,0.07692307692307693
late,10,1,13,57,2,1,0.5865810198252855,2,1.0,0.15384615384615385
late,10,3,13,57,2,3,0.6113064182909776,1,1.0,0.07692307692307693
late,10,12,13,57,2,2,0.5108682879247992,4,0.25,0.3076923076923077
late,10,12,13,57,2,3,0.5132498394974425,1,0.0,0.07692307692307693
late,10,13,13,57,2,0,0.00921008273413417,1,0.0,0.07692307692307693
late,10,13,13,57,2,3,0.3640733321095228,3,0.3333333333333333,0.23076923076923078
late,10,13,2,57,3,3,0.24047055364290787,2,0.0,1.0
late,10,13,1,57,5,3,0.40411229080873734,1,0.0,1.0
late,11,1,4,57,2,1,0.6236357823770415,1,0.0,0.25
late,11,5,4,57,2,1,0.590985632091707,1,1.0,0.25
late,11,7,4,57,2,1,0.5594414509023735,1,1.0,0.25
late,11,13,4,57,2,3,0.3474831537693468,1,0.0,0.25
late,12,2,36,57,2,1,0.432770243887262,4,0.75,0.1111111111111111
late,12,3,36,57,2,0,0.008500665276423845,1,0.0,0.027777777777777776
late,12,3,36,57,2,3,0.4684821275705838,1,1.0,0.027777777777777776
late,12,5,36,57,2,0,0.008463573728957556,2,0.0,0.05555555555555555
late,12,5,36,57,2,1,0.4374511930850966,4,0.25,0.1111111111111111
late,12,6,36,57,2,2,0.4601893603363052,1,0.0,0.027777777777777776
late,12,10,36,57,2,2,0.40680368217216295,1,1.0,0.027777777777777776
late,12,12,36,57,2,2,0.4117928512705012,16,0.25,0.4444444444444444
late,12,12,36,57,2,3,0.41553022896456143,2,0.5,0.05555555555555555
late,12,13,36,57,2,3,0.2895267192247552,4,0.0,0.1111111111111111
late,12,2,3,57,3,1,0.43125244281856734,1,0.0,0.3333333333333333
late,12,5,3,57,3,1,0.42209050166669765,1,0.0,0.3333333333333333
late,12,12,3,57,3,2,0.39155951652783577,1,0.0,0.3333333333333333
late,13,1,19,57,3,1,0.44742350665825503,1,0.0,0.05263157894736842
late,13,3,19,57,3,2,0.4790516133054183,1,1.0,0.05263157894736842
late,13,5,19,57,3,0,0.00857451320205542,1,0.0,0.05263157894736842
late,13,5,19,57,3,1,0.41482440035851886,6,0.16666666666666666,0.3157894736842105
late,13,12,19,57,3,0,0.008535977843929654,1,0.0,0.05263157894736842
late,13,12,19,57,3,3,0.3796836651840393,1,1.0,0.05263157894736842
late,13,13,19,57,3,0,0.008358658061933887,5,0.0,0.2631578947368421
late,13,13,19,57,3,3,0.20575156453404483,3,0.0,0.15789473684210525
late,1,1,5,58,1,1,0.6660226280438191,1,1.0,0.2
late,1,5,5,58,1,1,0.6320445431608125,1,1.0,0.2
late,1,6,5,58,1,3,0.6453713931509636,2,1.0,0.4
late,1,13,5,58,1,3,0.4168101509349801,1,1.0,0.2
late,4,2,3,58,4,1,0.8293855784596561,1,1.0,0.3333333333333333
late,4,5,3,58,4,1,0.8208808618188419,1,1.0,0.3333333333333333
late,4,6,3,58,4,3,0.8352776674467002,1,1.0,0.3333333333333333
late,5,2,2,58,1,1,0.6098504968628679,1,1.0,0.5
late,5,6,2,58,1,3,0.6056743040308539,1,0.0,0.5
late,6,2,9,58,3,1,0.5948114514712997,1,0.0,0.1111111111111111
late,6,5,9,58,3,0,0.02173602634650426,1,0.0,0.1111111111111111
late,6,5,9,58,3,1,0.5763418150194056,2,0.0,0.2222222222222222
late,6,6,9,58,3,3,0.5977908646018215,5,0.2,0.5555555555555556
late,10,5,1,58,2,1,0.6802841804321369,1,1.0,1.0
late,10,2,1,58,3,1,0.6802841855372758,1,1.0,1.0
late,11,1,1,58,2,1,0.7900512615580004,1,1.0,1.0
late,1,1,6,59,1,1,0.5451153050278744,4,1.0,0.6666666666666666
late,1,2,6,59,1,1,0.5177347713478987,1,1.0,0.16666666666666666
late,1,5,6,59,1,1,0.508195072280536,1,0.0,0.16666666666666666
late,2,1,24,59,1,1,0.49837347191269316,3,0.3333333333333333,0.125
late,2,2,24,59,1,1,0.46393773050962545,19,0.42105263157894735,0.7916666666666666
late,2,5,24,59,1,1,0.44894798142240216,1,1.0,0.041666666666666664
late,2,6,24,59,1,3,0.46410945735910974,1,0.0,0.041666666666666664
late,5,2,3,59,1,1,0.4895779030958356,2,0.0,0.6666666666666666
late,5,13,3,59,1,3,0.2242977950779165,1,0.0,0.3333333333333333
late,6,1,3,59,3,1,0.4964505738263796,1,1.0,0.3333333333333333
late,6,2,3,59,3,1,0.460046033253803,2,0.5,0.6666666666666666
late,10,1,4,59,2,1,0.6007568531936565,2,0.0,0.5
late,10,13,4,59,2,3,0.37051157464392337,2,0.5,0.5
late,11,1,2,59,3,1,0.6442729584822877,2,0.5,1.0
late,13,2,5,59,3,1,0.4413263024192296,5,0.4,1.0
late,1,1,7,61,1,1,0.7075148855662806,3,0.6666666666666666,0.42857142857142855
late,1,5,7,61,1,1,0.6765000521412432,2,1.0,0.2857142857142857
late,1,6,7,61,1,3,0.6871961034678715,1,1.0,0.14285714285714285
late,1,13,7,61,1,3,0.4581824982734971,1,0.0,0.14285714285714285
late,4,6,1,61,1,3,0.7751399316180524,1,1.0,1.0
late,6,5,3,61,3,1,0.6264445401336752,1,0.0,0.3333333333333333
late,6,6,3,61,3,3,0.6478961948141845,2,1.0,0.6666666666666666
late,7,1,1,61,1,1,0.7814080748760862,1,1.0,1.0
late,10,2,3,61,2,1,0.725469400105911,1,1.0,0.3333333333333333
late,10,13,3,61,2,3,0.5562944193935152,2,1.0,0.6666666666666666
late,11,2,1,61,2,1,0.7500247178691098,1,1.0,1.0
late,13,2,4,61,3,1,0.6056374444077127,1,1.0,0.25
late,13,5,4,61,3,1,0.5992946310083275,2,0.5,0.5
late,13,13,4,61,3,3,0.3681579643486822,1,0.0,0.25
late,1,1,25,62,1,1,0.6163696395259225,14,0.5,0.56
late,1,5,25,62,1,1,0.5839543567043449,3,0.6666666666666666,0.12
late,1,6,25,62,1,3,0.59296386260649,4,0.5,0.16
late,1,13,25,62,1,3,0.34702725194314094,4,0.5,0.16
late,2,1,4,62,1,1,0.5664626655348804,3,0.3333333333333333,0.75
late,2,2,4,62,1,1,0.541486776466076,1,0.0,0.25
late,4,1,2,62,1,1,0.7188648786711601,2,1.0,1.0
late,5,1,5,62,1,1,0.6040362522053132,3,0.6666666666666666,0.6
late,5,2,5,62,1,1,0.5725026702466522,1,0.0,0.2
late,5,5,5,62,1,1,0.5501604203951702,1,1.0,0.2
late,6,1,5,62,3,1,0.5937961313360003,2,0.5,0.4
late,6,6,5,62,3,3,0.5560530389320165,1,1.0,0.2
late,6,13,5,62,3,3,0.2838359042881813,1,0.0,0.2
late,6,14,5,62,3,1,0.20564174227415344,1,1.0,0.2
late,7,1,1,62,1,1,0.6984350126738937,1,0.0,1.0
late,10,2,3,62,2,1,0.6405581310032615,1,1.0,0.3333333333333333
late,10,13,3,62,2,3,0.4430116181590977,2,0.5,0.6666666666666666
late,11,1,9,62,2,1,0.7030787547428906,7,1.0,0.7777777777777778
late,11,2,9,62,2,1,0.6749354997978426,2,1.0,0.2222222222222222
late,11,6,2,62,3,3,0.6799631674483444,1,0.0,0.5
late,11,13,2,62,3,3,0.3239501990165595,1,0.0,0.5
late,13,1,4,62,3,1,0.5658659520237723,3,0.3333333333333333,0.75
late,13,6,4,62,3,3,0.5606753424962987,1,1.0,0.25
late,14,1,2,62,1,1,0.5277040376844149,1,1.0,0.5
late,14,14,2,62,1,1,0.23874130160694024,1,1.0,0.5
late,1,1,7,63,1,1,0.5919144532730515,2,1.0,0.2857142857142857
late,1,2,7,63,1,1,0.5681489784181454,2,1.0,0.2857142857142857
late,1,5,7,63,1,1,0.559990127369023,2,0.0,0.2857142857142857
late,1,13,7,63,1,3,0.32207227031270114,1,1.0,0.14285714285714285
late,2,1,5,63,1,1,0.5536683062635915,3,0.6666666666666666,0.6
late,2,5,5,63,1,1,0.5089973511298573,1,0.0,0.2
late,2,6,5,63,1,3,0.5195355311030281,1,0.0,0.2
late,5,2,1,63,1,1,0.5654851414623253,1,0.0,1.0
late,7,13,1,63,3,3,0.3983419333913588,1,1.0,1.0
late,10,1,3,63,2,1,0.6427581782656764,1,1.0,0.3333333333333333
late,10,2,3,63,2,1,0.6124271261005201,2,0.5,0.6666666666666666
late,11,1,2,63,2,1,0.6714474085464177,1,0.0,0.5
late,11,13,2,63,2,3,0.39731959786898985,1,0.0,0.5
late,13,2,2,63,3,1,0.47744283531792686,1,0.0,0.5
late,13,6,2,63,3,3,0.4918703734043157,1,0.0,0.5
late,1,1,63,64,1,0,0.00840382842324939,1,0.0,0.015873015873015872
late,1,1,63,64,1,1,0.5401584260927543,12,0.4166666666666667,0.19047619047619047
late,1,2,63,64,1,1,0.5115834659259988,3,0.6666666666666666,0.047619047619047616
late,1,3,63,64,1,2,0.5709971910688164,1,1.0,0.015873015873015872
late,1,3,63,64,1,3,0.571205622183667,2,0.5,0.031746031746031744
late,1,5,63,64,1,1,0.507191381321865,10,0.9,0.15873015873015872
late,1,6,63,64,1,3,0.5198324091387193,20,0.6,0.31746031746031744
late,1,12,63,64,1,2,0.4521396660379172,1,1.0,0.015873015873015872
late,1,13,63,64,1,3,0.28851227266050183,13,0.3076923076923077,0.20634920634920634
late,2,1,23,64,1,1,0.4940102538244027,5,0.4,0.21739130434782608
late,2,2,23,64,1,0,0.008585514248831926,1,0.0,0.043478260869565216
late,2,2,23,64,1,1,0.46876958112731815,4,0.0,0.17391304347826086
late,2,5,23,64,1,1,0.44955032946114765,5,0.2,0.21739130434782608
late,2,6,23,64,1,3,0.46206714353659456,3,0.3333333333333333,0.13043478260869565
late,2,12,23,64,1,2,0.3849618375770116,1,0.0,0.043478260869565216
late,2,13,23,64,1,3,0.2314231787203031,4,0.0,0.17391304347826086
late,3,3,2,64,2,2,0.6152728166202136,2,0.5,1.0
late,3,3,3,64,3,3,0.6015965471672312,1,0.0,0.3333333333333333
late,3,5,3,64,3,1,0.4742376694633947,1,1.0,0.3333333333333333
late,3,6,3,64,3,3,0.4846526577222619,1,0.0,0.3333333333333333
late,4,5,7,64,1,1,0.6064704816111267,4,1.0,0.5714285714285714
late,4,6,7,64,1,3,0.6253101095982944,2,1.0,0.2857142857142857
late,4,13,7,64,1,3,0.3804888980360018,1,0.0,0.14285714285714285
late,4,6,3,64,4,3,0.7528106377360126,3,1.0,1.0
late,5,1,43,64,1,1,0.5152020805181885,6,0.16666666666666666,0.13953488372093023
late,5,2,43,64,1,1,0.4804319607473617,3,0.6666666666666666,0.06976744186046512
late,5,5,43,64,1,0,0.009648629947976963,1,0.0,0.023255813953488372
late,5,5,43,64,1,1,0.4661379095688563,12,0.4166666666666667,0.27906976744186046
late,5,6,43,64,1,3,0.48512385146941245,1,1.0,0.023255813953488372
late,5,12,43,64,1,2,0.4136641457231322,2,0.0,0.046511627906976744
late,5,13,43,64,1,3,0.24700707077969766,18,0.2222222222222222,0.4186046511627907
late,6,1,97,64,3,1,0.5232977113575683,3,0.6666666666666666,0.030927835051546393
late,6,2,97,64,3,1,0.48838420828793466,6,0.3333333333333333,0.061855670103092786
late,6,3,97,64,3,2,0.5523351291887084,3,0.6666666666666666,0.030927835051546393
late,6,3,97,64,3,3,0.5571610578775871,1,1.0,0.010309278350515464
late,6,5,97,64,3,0,0.00954430378076256,3,0.0,0.030927835051546393
late,6,5,97,64,3,1,0.4628723641556691,14,0.21428571428571427,0.14432989690721648
late,6,6,97,64,3,0,0.009552077688293357,1,0.0,0.010309278350515464
late,6,6,97,64,3,3,0.48301108280808613,44,0.4318181818181818,0.4536082474226804
late,6,13,97,64,3,0,0.008995351118615208,2,0.0,0.020618556701030927
late,6,13,97,64,3,3,0.22385675320242168,20,0.2,0.20618556701030927
late,7,1,4,64,1,1,0.6489306923482044,1,1.0,0.25
late,7,5,4,64,1,1,0.6114088953888269,2,0.5,0.5
late,7,13,4,64,1,3,0.4117647833952994,1,1.0,0.25
late,7,6,4,64,3,0,0.010294018195868653,1,0.0,0.25
late,7,6,4,64,3,3,0.6019287946369828,1,1.0,0.25
late,7,13,4,64,3,0,0.01016654678528869,1,0.0,0.25
late,7,13,4,64,3,3,0.27215454554505714,1,0.0,0.25
late,8,13,1,64,3,3,0.28748367942924813,1,0.0,1.0
late,9,3,4,64,2,3,0.5903974215177146,1,0.0,0.25
late,9,5,4,64,2,1,0.5563775029641888,2,0.0,0.5
late,9,12,4,64,2,2,0.5191693448509533,1,1.0,0.25
late,10,1,29,64,2,1,0.5964805400567834,3,0.6666666666666666,0.10344827586206896
late,10,2,29,64,2,1,0.5651387662540442,2,1.0,0.06896551724137931
late,10,3,29,64,2,3,0.6245009323427145,1,0.0,0.034482758620689655
late,10,5,29,64,2,1,0.5635371046977662,3,0.3333333333333333,0.10344827586206896
late,10,6,29,64,2,3,0.5785660977537591,3,0.6666666666666666,0.10344827586206896
late,10,10,29,64,2,2,0.5164986211520317,2,0.5,0.06896551724137931
late,10,12,29,64,2,2,0.5255173995190633,2,0.5,0.06896551724137931
late,10,12,29,64,2,5,0.5861521400070757,1,0.0,0.034482758620689655
late,10,13,29,64,2,0,0.010346206856491718,1,0.0,0.034482758620689655
late,10,13,29,64,2,3,0.3770199094195564,11,0.45454545454545453,0.3793103448275862
late,10,13,2,64,3,3,0.25464877786407747,2,0.0,1.0
late,10,7,1,64,5,3,0.604697732970157,1,1.0,1.0
late,11,1,19,64,2,1,0.6460583663204867,11,0.8181818181818182,0.5789473684210527
late,11,5,19,64,2,1,0.6129437827434792,1,1.0,0.05263157894736842
late,11,7,19,64,2,1,0.5804129451843899,1,1.0,0.05263157894736842
late,11,11,19,64,2,2,0.5604746117116275,1,0.0,0.05263157894736842
late,11,11,19,64,2,3,0.5276777590795487,1,1.0,0.05263157894736842
late,11,13,19,64,2,3,0.3658068104068178,4,0.75,0.21052631578947367
late,11,6,1,64,3,3,0.6178984652426528,1,1.0,1.0
late,12,1,70,64,2,1,0.48118169152413587,3,0.6666666666666666,0.04285714285714286
late,12,2,70,64,2,1,0.45294981995379274,4,0.75,0.05714285714285714
late,12,3,70,64,2,3,0.49336004226438573,2,0.5,0.02857142857142857
late,12,5,70,64,2,0,0.009467411596915526,1,0.0,0.014285714285714285
late,12,5,70,64,2,1,0.4569274342615533,10,0.2,0.14285714285714285
late,12,6,70,64,2,2,0.47887293730458863,1,1.0,0.014285714285714285
late,12,9,70,64,2,2,0.44458275735626124,2,0.0,0.02857142857142857
late,12,10,70,64,2,2,0.42474245454417636,5,0.6,0.07142857142857142
late,12,12,70,64,2,0,0.009382168823391794,1,0.0,0.014285714285714285
late,12,12,70,64,2,2,0.43033841351629476,31,0.3870967741935484,0.44285714285714284
late,12,12,70,64,2,3,0.4335769925450328,1,1.0,0.014285714285714285
late,12,12,70,64,2,5,0.49422590023542795,3,0.6666666666666666,0.04285714285714286
late,12,13,70,64,2,3,0.30204450387082066,2,0.5,0.02857142857142857
late,12,14,70,64,2,1,0.2127476269315678,1,0.0,0.014285714285714285
late,12,14,70,64,2,3,0.2476329289354987,3,0.3333333333333333,0.04285714285714286
late,12,1,14,64,5,1,0.45051949552302945,1,1.0,0.07142857142857142
late,12,2,14,64,5,1,0.43545400374225035,2,0.5,0.14285714285714285
late,12,3,14,64,5,3,0.5155145839207381,2,0.5,0.14285714285714285
late,12,5,14,64,5,1,0.4235015208314024,2,0.5,0.14285714285714285
late,12,12,14,64,5,2,0.4412874548250866,5,0.8,0.35714285714285715
late,12,12,14,64,5,5,0.49752883177378365,2,0.0,0.14285714285714285
late,13,1,69,64,3,1,0.46178530679243807,2,0.5,0.028985507246376812
late,13,2,69,64,3,1,0.4376633106302257,7,0.0,0.10144927536231885
late,13,5,69,64,3,1,0.43093103396563703,5,0.6,0.07246376811594203
late,13,6,69,64,3,3,0.4528410597670469,21,0.47619047619047616,0.30434782608695654
late,13,13,69,64,3,0,0.009350504162898001,2,0.0,0.028985507246376812
late,13,13,69,64,3,3,0.22940845346219482,32,0.15625,0.463768115942029
late,14,5,2,64,3,0,0.009818579965057875,1,0.0,0.5
late,14,13,2,64,3,3,0.23730166867481972,1,0.0,0.5
late,1,1,9,65,1,0,0.03417385763646468,1,0.0,0.1111111111111111
late,1,1,9,65,1,1,0.7458203076659484,5,0.8,0.5555555555555556
late,1,2,9,65,1,0,0.034440492163811696,1,0.0,0.1111111111111111
late,1,13,9,65,1,3,0.4793471174015955,2,0.5,0.2222222222222222
late,2,1,6,65,1,1,0.7041001930484226,1,1.0,0.16666666666666666
late,2,2,6,65,1,1,0.6843585329538894,4,0.5,0.6666666666666666
late,2,13,6,65,1,3,0.4233738322056814,1,1.0,0.16666666666666666
late,4,13,1,65,1,3,0.5946080315997214,1,1.0,1.0
late,5,2,1,65,1,1,0.6919114487092768,1,1.0,1.0
late,6,13,1,65,3,3,0.46498046093222145,1,0.0,1.0
late,10,1,1,65,5,1,0.8252265919179931,1,1.0,1.0
late,13,2,3,65,3,1,0.6490242033694761,1,1.0,0.3333333333333333
late,13,13,3,65,3,3,0.37850284397616446,2,0.5,0.6666666666666666
late,14,14,1,65,1,1,0.35074564482561654,1,1.0,1.0
late,1,1,35,66,1,1,0.5111603331497033,20,0.5,0.5714285714285714
late,1,3,35,66,1,2,0.5790421211200879,3,0.6666666666666666,0.08571428571428572
late,1,5,35,66,1,1,0.47924852219955777,2,0.0,0.05714285714285714
late,1,6,35,66,1,3,0.4919419506248486,2,0.5,0.05714285714285714
late,1,10,35,66,1,2,0.4222260799548251,2,1.0,0.05714285714285714
late,1,10,35,66,1,3,0.39650856144367425,2,0.5,0.05714285714285714
late,1,11,35,66,1,3,0.39080312372858184,3,0.6666666666666666,0.08571428571428572
late,1,13,35,66,1,3,0.25039523962210825,1,0.0,0.02857142857142857
late,2,6,1,66,1,3,0.4607013539538658,1,1.0,1.0
late,5,3,1,66,1,2,0.5905596055244388,1,1.0,1.0
late,7,10,1,66,1,2,0.5071294666144937,1,1.0,1.0
late,10,1,8,66,2,1,0.5846077361415446,6,0.0,0.75
late,10,5,8,66,2,1,0.548105206941597,1,0.0,0.125
late,10,10,8,66,2,3,0.4716789714605942,1,0.0,0.125
late,10,1,5,66,3,1,0.5753318114504984,4,0.25,0.8
late,10,13,5,66,3,3,0.29502532532235026,1,0.0,0.2
late,11,1,7,66,3,1,0.6234920887880807,6,0.5,0.8571428571428571
late,11,5,7,66,3,1,0.5857560179545506,1,1.0,0.14285714285714285
late,13,1,2,66,3,1,0.44447430221782824,1,1.0,0.5
late,13,13,2,66,3,3,0.2202806098840907,1,1.0,0.5
late,1,1,11,67,1,1,0.6960894615369444,4,0.75,0.36363636363636365
late,1,2,11,67,1,0,0.023212961957755286,1,0.0,0.09090909090909091
late,1,2,11,67,1,1,0.6755306268005643,3,0.6666666666666666,0.2727272727272727
late,1,3,11,67,1,2,0.7550194725764379,1,1.0,0.09090909090909091
late,1,10,11,67,1,2,0.6180870042234846,1,1.0,0.09090909090909091
late,1,13,11,67,1,3,0.4211758949315689,1,1.0,0.09090909090909091
late,2,1,19,67,1,1,0.6509922504159349,2,1.0,0.10526315789473684
late,2,2,19,67,1,0,0.023899477255330783,2,0.0,0.10526315789473684
late,2,2,19,67,1,1,0.6305670252298399,14,0.5714285714285714,0.7368421052631579
late,2,13,19,67,1,3,0.364447503506367,1,1.0,0.05263157894736842
late,5,2,4,67,1,1,0.6530917898192237,3,1.0,0.75
late,5,13,4,67,1,0,0.02489661123264406,1,0.0,0.25
late,6,2,3,67,3,1,0.6590587635928249,2,0.5,0.6666666666666666
late,6,3,3,67,3,2,0.7439235211419222,1,1.0,0.3333333333333333
late,10,2,3,67,2,1,0.711891671736291,1,1.0,0.3333333333333333
late,10,6,3,67,2,3,0.7229756922326641,1,0.0,0.3333333333333333
late,10,13,3,67,2,3,0.5596465358210118,1,1.0,0.3333333333333333
late,11,2,1,67,2,1,0.7498844837879072,1,1.0,1.0
late,12,2,1,67,2,1,0.6435181588474379,1,0.0,1.0
late,1,1,15,68,1,1,0.4998528634495003,9,0.3333333333333333,0.6
late,1,10,15,68,1,2,0.4153401768388385,2,1.0,0.13333333333333333
late,1,11,15,68,1,2,0.3963496425786771,2,0.0,0.13333333333333333
late,1,13,15,68,1,3,0.24015770534334738,2,0.0,0.13333333333333333
late,2,1,2,68,1,1,0.46273259656287635,1,1.0,0.5
late,2,3,2,68,1,3,0.5525718750388716,1,0.0,0.5
late,3,3,1,68,3,3,0.5802915151666117,1,1.0,1.0
late,10,2,2,68,2,1,0.5334840027552319,1,0.0,0.5
late,10,13,2,68,2,3,0.3429226335877822,1,0.0,0.5
late,10,1,1,68,3,1,0.5668559820139902,1,1.0,1.0
late,11,1,2,68,2,1,0.5870183412340755,2,1.0,1.0
late,13,1,4,68,3,0,0.008112923502300811,1,0.0,0.25
late,13,1,4,68,3,1,0.42396504805468804,1,0.0,0.25
late,13,13,4,68,3,3,0.18171922819425304,2,0.0,0.5
late,1,1,27,69,1,1,0.6125266007004662,9,0.5555555555555556,0.3333333333333333
late,1,2,27,69,1,1,0.5821964052888361,3,1.0,0.1111111111111111
late,1,3,27,69,1,3,0.6291021900949404,2,1.0,0.07407407407407407
late,1,5,27,69,1,1,0.5800371178526504,5,0.6,0.18518518518518517
late,1,6,27,69,1,2,0.5931963619587758,1,0.0,0.037037037037037035
late,1,6,27,69,1,3,0.5935476226696984,3,0.6666666666666666,0.1111111111111111
late,1,13,27,69,1,0,0.014583243895422059,1,0.0,0.037037037037037035
late,1,13,27,69,1,3,0.3571505503998268,3,0.0,0.1111111111111111
late,2,1,36,69,1,0,0.013850688369644877,1,0.0,0.027777777777777776
late,2,1,36,69,1,1,0.5722541609903876,6,0.5,0.16666666666666666
late,2,2,36,69,1,1,0.5372136075121392,20,0.55,0.5555555555555556
late,2,5,36,69,1,1,0.5230507701462932,1,1.0,0.027777777777777776
late,2,6,36,69,1,3,0.5402728536852018,2,0.5,0.05555555555555555
late,2,13,36,69,1,3,0.3067643904164572,5,0.6,0.1388888888888889
late,2,14,36,69,1,1,0.2633728003794953,1,1.0,0.027777777777777776
late,3,5,1,69,3,1,0.5496775894096785,1,0.0,1.0
late,4,1,1,69,1,1,0.7192472811244554,1,0.0,1.0
late,4,6,1,69,4,3,0.8540409099486637,1,0.0,1.0
late,5,1,23,69,1,1,0.5923845815853396,4,0.5,0.17391304347826086
late,5,2,23,69,1,1,0.5556545927824541,3,1.0,0.13043478260869565
late,5,5,23,69,1,1,0.542945395631843,9,0.6666666666666666,0.391304347826087
late,5,6,23,69,1,3,0.5618656321337292,5,0.6,0.21739130434782608
late,5,13,23,69,1,3,0.31402499871616746,2,0.0,0.08695652173913043
late,6,1,40,69,3,1,0.5976052870566531,1,1.0,0.025
late,6,2,40,69,3,1,0.5633614009003282,4,0.75,0.1
late,6,3,40,69,3,3,0.6310772577848784,2,1.0,0.05
late,6,5,40,69,3,1,0.5388936577710844,7,0.5714285714285714,0.175
late,6,6,40,69,3,3,0.5582262436647063,23,0.6521739130434783,0.575
late,6,13,40,69,3,3,0.2836056068687629,3,0.3333333333333333,0.075
late,7,2,2,69,1,1,0.6865034552616586,1,0.0,0.5
late,7,6,2,69,1,3,0.6910762456700652,1,0.0,0.5
late,10,1,29,69,2,1,0.6751616654903372,3,1.0,0.10344827586206896
late,10,2,29,69,2,1,0.6423613599020139,4,0.25,0.13793103448275862
late,10,5,29,69,2,1,0.6404811680757733,4,0.25,0.13793103448275862
late,10,6,29,69,2,3,0.6537569422016796,4,0.5,0.13793103448275862
late,10,10,29,69,2,3,0.568187184182191,2,0.0,0.06896551724137931
late,10,11,29,69,2,3,0.5708551559289615,1,1.0,0.034482758620689655
late,10,13,29,69,2,3,0.4529200631484554,11,0.2727272727272727,0.3793103448275862
late,10,2,1,69,3,1,0.6380022351578735,1,1.0,1.0
late,11,1,6,69,2,1,0.7370141816133392,6,0.8333333333333334,1.0
late,13,1,41,69,3,1,0.5342130314233839,5,0.2,0.12195121951219512
late,13,2,41,69,3,1,0.5100917667996666,10,0.3,0.24390243902439024
late,13,5,41,69,3,1,0.5035911135184192,5,0.4,0.12195121951219512
late,13,13,41,69,3,3,0.2945075648248647,21,0.38095238095238093,0.5121951219512195
late,1,1,74,70,1,1,0.6298139431533716,28,0.75,0.3783783783783784
late,1,2,74,70,1,1,0.6051277949054752,14,0.5714285714285714,0.1891891891891892
late,1,5,74,70,1,0,0.016514421314182848,1,0.0,0.013513513513513514
late,1,5,74,70,1,1,0.5976146458742202,5,1.0,0.06756756756756757
late,1,6,74,70,1,0,0.016523371013753795,1,0.0,0.013513513513513514
late,1,6,74,70,1,3,0.6083296626726297,9,0.7777777777777778,0.12162162162162163
late,1,12,74,70,1,2,0.5337429537955358,1,1.0,0.013513513513513514
late,1,13,74,70,1,0,0.01620395000968116,1,0.0,0.013513513513513514
late,1,13,74,70,1,3,0.35993733402149086,12,0.25,0.16216216216216217
late,1,14,74,70,1,1,0.2871239549394304,2,0.5,0.02702702702702703
late,2,1,56,70,1,0,0.015646075692288108,1,0.0,0.017857142857142856
late,2,1,56,70,1,1,0.5952872720180092,5,0.4,0.08928571428571429
late,2,2,56,70,1,0,0.01576556185555358,9,0.0,0.16071428571428573
late,2,2,56,70,1,1,0.5710873788308913,31,0.6129032258064516,0.5535714285714286
late,2,5,56,70,1,0,0.016137459166326872,1,0.0,0.017857142857142856
late,2,5,56,70,1,1,0.5491063652539092,3,0.6666666666666666,0.05357142857142857
late,2,6,56,70,1,3,0.5605248031846773,2,0.5,0.03571428571428571
late,2,13,56,70,1,0,0.01583037351448196,1,0.0,0.017857142857142856
late,2,13,56,70,1,3,0.30945436088877176,2,1.0,0.03571428571428571
late,2,14,56,70,1,1,0.2642982499675146,1,0.0,0.017857142857142856
late,4,1,15,70,1,1,0.7442856587203603,3,1.0,0.2
late,4,2,15,70,1,1,0.7186023081718625,1,1.0,0.06666666666666667
late,4,5,15,70,1,1,0.6938330121484062,4,0.5,0.26666666666666666
late,4,6,15,70,1,3,0.707755974103728,6,0.8333333333333334,0.4
late,4,13,15,70,1,3,0.45429948049020386,1,1.0,0.06666666666666667
late,4,5,3,70,4,0,0.016561744365987483,1,0.0,0.3333333333333333
late,4,5,3,70,4,1,0.8060464055906648,1,0.0,0.3333333333333333
late,4,13,3,70,4,3,0.5681391309256041,1,1.0,0.3333333333333333
late,5,1,39,70,1,1,0.6243073449417569,1,1.0,0.02564102564102564
late,5,2,39,70,1,0,0.017213110783242315,1,0.0,0.02564102564102564
late,5,2,39,70,1,1,0.593868359088016,12,0.5833333333333334,0.3076923076923077
late,5,5,39,70,1,0,0.01718876332847895,1,0.0,0.02564102564102564
late,5,5,39,70,1,1,0.5665899616874724,13,0.46153846153846156,0.3333333333333333
late,5,6,39,70,1,3,0.5824608220084158,2,0.0,0.05128205128205128
late,5,13,39,70,1,0,0.01631351144242576,4,0.0,0.10256410256410256
late,5,13,39,70,1,3,0.31961764514427354,4,0.25,0.10256410256410256
late,5,14,39,70,1,1,0.2490549465748874,1,0.0,0.02564102564102564
late,6,1,41,70,3,1,0.6175392491487851,4,0.75,0.0975609756097561
late,6,2,41,70,3,1,0.5842410402337832,16,0.5625,0.3902439024390244
late,6,5,41,70,3,1,0.556870325349869,2,1.0,0.04878048780487805
late,6,6,41,70,3,0,0.017378218685436955,2,0.0,0.04878048780487805
late,6,6,41,70,3,3,0.5763403406474823,10,0.8,0.24390243902439024
late,6,13,41,70,3,0,0.016510501724397456,1,0.0,0.024390243902439025
late,6,13,41,70,3,3,0.2994098969529879,6,0.16666666666666666,0.14634146341463414
late,7,1,5,70,1,1,0.7188920790912156,3,1.0,0.6
late,7,6,5,70,1,3,0.7034209677307601,2,0.5,0.4
late,9,1,1,70,2,1,0.6818187068607,1,0.0,1.0
late,10,1,27,70,2,1,0.6848686366058613,3,0.6666666666666666,0.1111111111111111
late,10,2,27,70,2,1,0.6581609426825296,12,0.4166666666666667,0.4444444444444444
late,10,5,27,70,2,1,0.6518599889037425,2,1.0,0.07407407407407407
late,10,6,27,70,2,3,0.665690358190183,1,0.0,0.037037037037037035
late,10,13,27,70,2,0,0.018569198686707946,2,0.0,0.07407407407407407
late,10,13,27,70,2,3,0.4805537452600295,7,0.42857142857142855,0.25925925925925924
late,10,5,3,70,3,1,0.638326690453381,1,1.0,0.3333333333333333
late,10,6,3,70,3,3,0.6554907633896935,1,1.0,0.3333333333333333
late,10,13,3,70,3,3,0.36074425681889394,1,0.0,0.3333333333333333
late,10,2,1,70,5,1,0.6871329826844136,1,1.0,1.0
late,11,1,34,70,2,0,0.017425958172826658,1,0.0,0.029411764705882353
late,11,1,34,70,2,1,0.7213338284423964,12,0.8333333333333334,0.35294117647058826
late,11,2,34,70,2,0,0.01732047021639985,1,0.0,0.029411764705882353
late,11,2,34,70,2,1,0.6928821349377157,4,0.25,0.11764705882352941
late,11,4,34,70,2,1,0.7122616075345232,1,1.0,0.029411764705882353
late,11,5,34,70,2,1,0.6925759725459633,3,0.6666666666666666,0.08823529411764706
late,11,6,34,70,2,3,0.7048014346354938,3,0.6666666666666666,0.08823529411764706
late,11,10,34,70,2,2,0.6405149027153347,1,0.0,0.029411764705882353
late,11,10,34,70,2,3,0.6122311675918359,1,0.0,0.029411764705882353
late,11,11,34,70,2,2,0.6450487182494434,2,0.5,0.058823529411764705
late,11,11,34,70,2,3,0.6169166153401985,1,1.0,0.029411764705882353
late,11,13,34,70,2,0,0.01705687250272756,1,0.0,0.029411764705882353
late,11,13,34,70,2,3,0.4659084814092313,3,0.6666666666666666,0.08823529411764706
late,11,1,10,70,3,1,0.7129418419885712,1,1.0,0.1
late,11,2,10,70,3,1,0.6868480217501646,2,1.0,0.2
late,11,4,10,70,3,1,0.7105323889876328,1,1.0,0.1
late,11,5,10,70,3,0,0.017579805828228528,1,0.0,0.1
late,11,5,10,70,3,1,0.6777269256697919,1,1.0,0.1
late,11,13,10,70,3,3,0.36446184573664947,4,0.25,0.4
late,11,1,3,70,5,0,0.016554200712267833,1,0.0,0.3333333333333333
late,11,1,3,70,5,1,0.6789800261664588,1,0.0,0.3333333333333333
late,11,5,3,70,5,1,0.653701353364687,1,1.0,0.3333333333333333
late,12,1,1,70,2,1,0.6083612409769737,1,0.0,1.0
late,13,1,46,70,3,1,0.5631465264307272,2,0.5,0.043478260869565216
late,13,2,46,70,3,0,0.01749556788085853,1,0.0,0.021739130434782608
late,13,2,46,70,3,1,0.5401810095958564,9,0.6666666666666666,0.1956521739130435
late,13,5,46,70,3,0,0.017426134828558443,1,0.0,0.021739130434782608
late,13,5,46,70,3,1,0.5320519495264039,6,0.5,0.13043478260869565
late,13,6,46,70,3,3,0.5525244582388145,11,0.6363636363636364,0.2391304347826087
late,13,13,46,70,3,3,0.3058842511783789,13,0.3076923076923077,0.2826086956521739
late,13,14,46,70,3,1,0.2399326369989019,3,0.0,0.06521739130434782
late,14,2,9,70,1,1,0.5158499381221255,4,0.25,0.4444444444444444
late,14,14,9,70,1,1,0.2709566959016204,5,0.0,0.5555555555555556
late,1,1,10,71,1,1,0.6242502008375219,3,0.3333333333333333,0.3
late,1,3,10,71,1,2,0.6540809135210535,1,1.0,0.1
late,1,5,10,71,1,0,0.01600403713757988,1,0.0,0.1
late,1,5,10,71,1,1,0.5916150770461209,2,0.0,0.2
late,1,6,10,71,1,3,0.6023156069313025,2,0.5,0.2
late,1,13,10,71,1,3,0.36197224262765315,1,0.0,0.1
late,2,1,4,71,1,1,0.5756189164435919,1,1.0,0.25
late,2,2,4,71,1,1,0.5529878040026072,1,1.0,0.25
late,2,6,4,71,1,3,0.5438177946392683,1,1.0,0.25
late,2,13,4,71,1,3,0.30406515939254153,1,0.0,0.25
late,4,6,3,71,1,3,0.7015213691373403,3,1.0,1.0
late,5,5,2,71,1,1,0.5560787600683347,1,1.0,0.5
late,5,6,2,71,1,3,0.5706964226498095,1,1.0,0.5
late,6,1,18,71,3,1,0.5983022497245573,4,0.75,0.2222222222222222
late,6,2,18,71,3,1,0.5618083878075476,1,0.0,0.05555555555555555
late,6,5,18,71,3,0,0.017156405126749815,1,0.0,0.05555555555555555
late,6,5,18,71,3,1,0.5409159973844836,5,0.6,0.2777777777777778
late,6,6,18,71,3,3,0.5631177657018763,7,0.2857142857142857,0.3888888888888889
late,10,2,1,71,2,1,0.6466833086275405,1,1.0,1.0
late,10,2,1,71,3,1,0.6476381556400512,1,0.0,1.0
late,11,1,3,71,2,1,0.7265583004589179,1,1.0,0.3333333333333333
late,11,2,3,71,2,1,0.6973468333621279,1,1.0,0.3333333333333333
late,11,10,3,71,2,2,0.6338774411837708,1,1.0,0.3333333333333333
late,13,2,3,71,3,1,0.5180374661465481,1,0.0,0.3333333333333333
late,13,5,3,71,3,1,0.5124722523892702,1,1.0,0.3333333333333333
late,13,13,3,71,3,3,0.3024164999923393,1,0.0,0.3333333333333333
late,1,1,125,72,1,0,0.013902520860049696,1,0.0,0.008
late,1,1,125,72,1,1,0.6162781923590148,67,0.6716417910447762,0.536
late,1,1,125,72,1,4,0.6584465792022609,1,0.0,0.008
late,1,2,125,72,1,0,0.014108989537861097,1,0.0,0.008
late,1,2,125,72,1,1,0.5914044707186346,26,0.46153846153846156,0.208
late,1,3,125,72,1,2,0.6645547372026117,1,1.0,0.008
late,1,3,125,72,1,3,0.664639342708557,1,1.0,0.008
late,1,5,125,72,1,1,0.5827853794189904,3,0.3333333333333333,0.024
late,1,6,125,72,1,3,0.5940343323933374,9,0.4444444444444444,0.072
late,1,10,125,72,1,2,0.5293460485005124,1,0.0,0.008
late,1,13,125,72,1,0,0.014708122629308337,3,0.0,0.024
late,1,13,125,72,1,3,0.34522037008509726,9,0.0,0.072
late,1,14,125,72,1,1,0.2755073815579743,2,0.0,0.016
late,2,1,58,72,1,0,0.014182232549220807,1,0.0,0.017241379310344827
late,2,1,58,72,1,1,0.5752323800514078,17,0.8235294117647058,0.29310344827586204
late,2,2,58,72,1,1,0.5470778650706868,24,0.5416666666666666,0.41379310344827586
late,2,5,58,72,1,1,0.5300879716499943,2,1.0,0.034482758620689655
late,2,6,58,72,1,3,0.5434117975041055,6,0.16666666666666666,0.10344827586206896
late,2,13,58,72,1,3,0.3055755640141112,5,0.2,0.08620689655172414
late,2,14,58,72,1,1,0.2601086716583326,3,0.3333333333333333,0.05172413793103448
late,4,1,18,72,1,1,0.7315646362702023,10,1.0,0.5555555555555556
late,4,2,18,72,1,1,0.7021789197291495,2,1.0,0.1111111111111111
late,4,3,18,72,1,3,0.7340737977975208,1,1.0,0.05555555555555555
late,4,5,18,72,1,1,0.6794831431660349,2,1.0,0.1111111111111111
late,4,6,18,72,1,3,0.6980174086071705,1,0.0,0.05555555555555555
late,4,13,18,72,1,3,0.4481843835853076,1,1.0,0.05555555555555555
late,4,14,18,72,1,3,0.41568905461414934,1,1.0,0.05555555555555555
late,5,1,27,72,1,0,0.015649156089474755,1,0.0,0.037037037037037035
late,5,1,27,72,1,1,0.5972934812934851,7,0.8571428571428571,0.25925925925925924
late,5,2,27,72,1,0,0.015839244396243908,1,0.0,0.037037037037037035
late,5,2,27,72,1,1,0.5624798982215937,3,0.6666666666666666,0.1111111111111111
late,5,5,27,72,1,1,0.5459362888700451,5,0.2,0.18518518518518517
late,5,6,27,72,1,3,0.5636810007371685,5,0.4,0.18518518518518517
late,5,13,27,72,1,0,0.014864151236928214,3,0.0,0.1111111111111111
late,5,13,27,72,1,3,0.3100467566055536,2,0.0,0.07407407407407407
late,6,1,45,72,3,1,0.5973536294056315,15,0.7333333333333333,0.3333333333333333
late,6,2,45,72,3,1,0.5631268079059196,7,0.7142857142857143,0.15555555555555556
late,6,4,45,72,3,1,0.5759204361570252,1,0.0,0.022222222222222223
late,6,5,45,72,3,1,0.5361016811918939,1,1.0,0.022222222222222223
late,6,6,45,72,3,3,0.5576290813207228,12,0.4166666666666667,0.26666666666666666
late,6,13,45,72,3,0,0.015082165676212823,1,0.0,0.022222222222222223
late,6,13,45,72,3,3,0.2808025462218661,5,0.2,0.1111111111111111
late,6,14,45,72,3,1,0.20930297278937335,2,0.0,0.044444444444444446
late,6,14,45,72,3,3,0.24780690010572246,1,0.0,0.022222222222222223
late,7,1,5,72,1,1,0.7063851813705455,2,1.0,0.4
late,7,2,5,72,1,1,0.6839871474943001,1,0.0,0.2
late,7,6,5,72,1,3,0.6894764389123889,2,0.5,0.4
late,10,1,32,72,2,1,0.6699426773111042,5,1.0,0.15625
late,10,2,32,72,2,1,0.6423816952433757,11,0.8181818181818182,0.34375
late,10,3,32,72,2,2,0.7043350530706182,1,1.0,0.03125
late,10,5,32,72,2,1,0.6391416558990917,4,0.5,0.125
late,10,6,32,72,2,3,0.6535728597071352,4,0.25,0.125
late,10,13,32,72,2,3,0.46099507517707283,6,0.5,0.1875
late,10,14,32,72,2,1,0.33318747164459306,1,1.0,0.03125
late,10,2,7,72,3,1,0.6435205704721146,2,1.0,0.2857142857142857
late,10,6,7,72,3,3,0.6460676101152025,3,0.6666666666666666,0.42857142857142855
late,10,10,7,72,3,3,0.5631531040100389,1,1.0,0.14285714285714285
late,10,13,7,72,3,3,0.3961426900316228,1,0.0,0.14285714285714285
late,10,2,1,72,5,1,0.740884479537938,1,1.0,1.0
late,11,1,36,72,2,1,0.7116540482229635,13,0.8461538461538461,0.3611111111111111
late,11,2,36,72,2,1,0.6825496431162663,6,1.0,0.16666666666666666
late,11,4,36,72,2,1,0.7024406207282801,1,1.0,0.027777777777777776
late,11,5,36,72,2,1,0.683353094817452,1,1.0,0.027777777777777776
late,11,6,36,72,2,3,0.6949664317327134,2,0.5,0.05555555555555555
late,11,7,36,72,2,1,0.6548798623318118,1,1.0,0.027777777777777776
late,11,10,36,72,2,2,0.6288597744041694,2,1.0,0.05555555555555555
late,11,11,36,72,2,2,0.6336629297095038,7,0.8571428571428571,0.19444444444444445
late,11,13,36,72,2,3,0.43480737769473415,3,0.3333333333333333,0.08333333333333333
late,11,1,12,72,3,1,0.7145541618753289,3,0.6666666666666666,0.25
late,11,2,12,72,3,1,0.6865528320322923,2,0.5,0.16666666666666666
late,11,5,12,72,3,1,0.6785263844155751,1,0.0,0.08333333333333333
late,11,10,12,72,3,3,0.5844054731582191,1,1.0,0.08333333333333333
late,11,11,12,72,3,3,0.5895748446994741,1,0.0,0.08333333333333333
late,11,13,12,72,3,0,0.01572230902241813,1,0.0,0.08333333333333333
late,11,13,12,72,3,3,0.34722809122049086,2,0.0,0.16666666666666666
late,11,14,12,72,3,1,0.24482932030413118,1,0.0,0.08333333333333333
late,11,1,1,72,5,1,0.6943381388695498,1,1.0,1.0
late,13,1,45,72,3,1,0.5384316424689781,5,0.6,0.1111111111111111
late,13,2,45,72,3,1,0.5141164161863793,16,0.375,0.35555555555555557
late,13,5,45,72,3,1,0.5058859533357999,3,0.6666666666666666,0.06666666666666667
late,13,6,45,72,3,3,0.5275242883661847,3,0.3333333333333333,0.06666666666666667
late,13,13,45,72,3,0,0.01565752014109565,3,0.0,0.06666666666666667
late,13,13,45,72,3,3,0.26296880322490723,11,0.5454545454545454,0.24444444444444444
late,13,14,45,72,3,1,0.20435324672584057,3,0.0,0.06666666666666667
late,13,14,45,72,3,3,0.23620378107201484,1,0.0,0.022222222222222223
late,14,2,4,72,1,1,0.49747126808536724,2,0.0,0.5
late,14,14,4,72,1,1,0.24310370339967238,2,0.0,0.5
late,1,1,16,73,1,1,0.6459645380145884,8,0.5,0.5
late,1,5,16,73,1,1,0.6180509534885064,4,0.5,0.25
late,1,6,16,73,1,3,0.6298663282307714,1,1.0,0.0625
late,1,13,16,73,1,3,0.4007374340362981,2,0.0,0.125
late,1,14,16,73,1,1,0.32443704608911944,1,0.0,0.0625
late,2,1,5,73,1,1,0.5980987471613346,2,0.5,0.4
late,2,2,5,73,1,1,0.5688994436839042,1,1.0,0.2
late,2,6,5,73,1,3,0.5731809196308432,2,1.0,0.4
late,4,1,2,73,1,1,0.7523909301342985,1,1.0,0.5
late,4,5,2,73,1,1,0.7103411364897675,1,1.0,0.5
late,5,1,9,73,1,1,0.6269304130787469,1,1.0,0.1111111111111111
late,5,5,9,73,1,1,0.5815235907872641,2,0.5,0.2222222222222222
late,5,13,9,73,1,3,0.3454537339893902,6,0.0,0.6666666666666666
late,6,2,10,73,3,1,0.5863020163271525,2,1.0,0.2
late,6,5,10,73,3,1,0.5697989331350135,1,0.0,0.1
late,6,6,10,73,3,3,0.5922830196231976,2,0.5,0.2
late,6,13,10,73,3,3,0.3227566526501603,5,0.2,0.5
late,7,6,5,73,1,3,0.7236297270063264,3,0.6666666666666666,0.6
late,7,13,5,73,1,3,0.5161465375012269,2,0.0,0.4
late,10,1,16,73,2,1,0.704024339759595,5,1.0,0.3125
late,10,2,16,73,2,1,0.6748888335287271,2,1.0,0.125
late,10,5,16,73,2,1,0.6730755318829336,3,1.0,0.1875
late,10,13,16,73,2,3,0.5023177200880543,6,0.8333333333333334,0.375
late,11,1,7,73,2,1,0.7449383527079171,3,1.0,0.42857142857142855
late,11,7,7,73,2,1,0.6842696487940102,2,1.0,0.2857142857142857
late,11,10,7,73,2,2,0.6599179839769989,1,1.0,0.14285714285714285
late,11,13,7,73,2,3,0.488549686728803,1,1.0,0.14285714285714285
late,13,1,25,73,3,1,0.5749354363900724,1,1.0,0.04
late,13,2,25,73,3,1,0.5513499219876958,2,0.5,0.08
late,13,5,25,73,3,1,0.5448594528833831,4,0.5,0.16
late,13,6,25,73,3,3,0.5668771221747534,7,0.42857142857142855,0.28
late,13,12,25,73,3,2,0.505006028854335,1,0.0,0.04
late,13,13,25,73,3,3,0.33118089279405816,10,0.4,0.4
late,1,1,13,74,1,1,0.5783552806089625,4,0.75,0.3076923076923077
late,1,2,13,74,1,0,0.010732053209587106,1,0.0,0.07692307692307693
late,1,2,13,74,1,1,0.5527184854756423,2,0.5,0.15384615384615385
late,1,5,13,74,1,1,0.5394911006629258,1,0.0,0.07692307692307693
late,1,6,13,74,1,3,0.5513550631663968,2,0.5,0.15384615384615385
late,1,13,13,74,1,0,0.011342556533433563,1,0.0,0.07692307692307693
late,1,13,13,74,1,3,0.2939243260848857,2,0.0,0.15384615384615385
late,2,1,13,74,1,1,0.5360641426120307,2,0.5,0.15384615384615385
late,2,2,13,74,1,1,0.5111318321946228,6,0.3333333333333333,0.46153846153846156
late,2,6,13,74,1,3,0.5021137141888071,2,0.5,0.15384615384615385
late,2,13,13,74,1,0,0.01099116355359551,1,0.0,0.07692307692307693
late,2,13,13,74,1,3,0.2692448487216197,2,0.5,0.15384615384615385
late,4,1,5,74,1,1,0.6973516424059183,1,1.0,0.2
late,4,5,5,74,1,1,0.6450363535599875,1,1.0,0.2
late,4,6,5,74,1,3,0.6610235539868569,3,0.6666666666666666,0.6
late,6,2,18,74,3,0,0.012183619120215127,1,0.0,0.05555555555555555
late,6,2,18,74,3,1,0.5275195808529631,4,0.0,0.2222222222222222
late,6,3,18,74,3,2,0.5928503427142346,1,1.0,0.05555555555555555
late,6,5,18,74,3,1,0.5012936703683227,1,0.0,0.05555555555555555
late,6,6,18,74,3,3,0.5210682014959901,4,0.0,0.2222222222222222
late,6,13,18,74,3,3,0.25945274736866114,7,0.5714285714285714,0.3888888888888889
late,7,2,3,74,1,1,0.6374193006185066,1,0.0,0.3333333333333333
late,7,5,3,74,1,1,0.6321977213005888,1,1.0,0.3333333333333333
late,7,6,3,74,1,3,0.6483777771761887,1,0.0,0.3333333333333333
late,7,2,1,74,3,0,0.012882410856023279,1,0.0,1.0
late,10,1,14,74,2,1,0.6401540972834624,2,0.5,0.14285714285714285
late,10,2,14,74,2,0,0.013437572881158096,1,0.0,0.07142857142857142
late,10,2,14,74,2,1,0.6098163510379128,2,0.0,0.14285714285714285
late,10,4,14,74,2,1,0.6368107445118036,3,1.0,0.21428571428571427
late,10,6,14,74,2,3,0.6198790485477998,1,1.0,0.07142857142857142
late,10,7,14,74,2,3,0.5638544619963692,1,0.0,0.07142857142857142
late,10,13,14,74,2,3,0.39170601271480726,4,0.5,0.2857142857142857
late,11,1,6,74,2,1,0.6775582069410507,1,0.0,0.16666666666666666
late,11,2,6,74,2,1,0.6468642635459355,1,1.0,0.16666666666666666
late,11,6,6,74,2,3,0.6593443192890913,1,0.0,0.16666666666666666
late,11,7,6,74,2,1,0.6151317132879496,2,1.0,0.3333333333333333
late,11,13,6,74,2,3,0.39249862457604573,1,1.0,0.16666666666666666
late,13,1,13,74,3,1,0.5025357735773254,1,1.0,0.07692307692307693
late,13,2,13,74,3,0,0.012236511847103941,1,0.0,0.07692307692307693
late,13,2,13,74,3,1,0.48026455648085675,1,0.0,0.07692307692307693
late,13,3,13,74,3,2,0.5424298732069943,2,0.5,0.15384615384615385
late,13,5,13,74,3,1,0.4741955861534546,1,1.0,0.07692307692307693
late,13,6,13,74,3,3,0.4946177055851782,1,0.0,0.07692307692307693
late,13,13,13,74,3,0,0.011970668476369609,1,0.0,0.07692307692307693
late,13,13,13,74,3,3,0.25656166036064665,5,0.4,0.38461538461538464
late,3,3,3,75,3,3,0.7234753771181981,1,0.0,0.3333333333333333
late,3,5,3,75,3,1,0.5981731495821466,1,1.0,0.3333333333333333
late,3,11,3,75,3,2,0.5293303258731086,1,0.0,0.3333333333333333
late,9,12,1,75,2,2,0.6396464471895341,1,0.0,1.0
late,10,3,10,75,2,3,0.7141331170736889,2,1.0,0.2
late,10,5,10,75,2,1,0.6804882451215045,1,0.0,0.1
late,10,10,10,75,2,2,0.6416531404039217,2,1.0,0.2
late,10,12,10,75,2,2,0.642936892977917,5,0.8,0.5
late,12,1,6,75,2,1,0.5973651193149881,1,0.0,0.16666666666666666
late,12,3,6,75,2,3,0.6127491328356142,1,1.0,0.16666666666666666
late,12,10,6,75,2,2,0.5528626258228521,2,1.0,0.3333333333333333
late,12,12,6,75,2,2,0.5503766445899504,1,1.0,0.16666666666666666
late,12,14,6,75,2,3,0.3511392037700097,1,0.0,0.16666666666666666
late,1,1,61,76,1,1,0.5645350293584808,38,0.6578947368421053,0.6229508196721312
late,1,2,61,76,1,1,0.5345945975098874,1,0.0,0.01639344262295082
late,1,5,61,76,1,1,0.5353463179771385,6,0.6666666666666666,0.09836065573770492
late,1,6,61,76,1,3,0.5482116549025505,3,0.3333333333333333,0.04918032786885246
late,1,10,61,76,1,2,0.47720269646382907,1,0.0,0.01639344262295082
late,1,12,61,76,1,2,0.4886796317653005,1,0.0,0.01639344262295082
late,1,13,61,76,1,3,0.3205234204997059,11,0.18181818181818182,0.18032786885245902
late,2,1,2,76,1,1,0.5421131506741246,2,0.5,1.0
late,4,1,3,76,1,1,0.679587857593625,1,1.0,0.3333333333333333
late,4,5,3,76,1,1,0.6328798888210414,1,0.0,0.3333333333333333
late,4,13,3,76,1,3,0.41191036037501205,1,1.0,0.3333333333333333
late,5,1,8,76,1,1,0.5463447536969585,8,0.5,1.0
late,6,1,5,76,3,1,0.5401982917801229,1,1.0,0.2
late,6,2,5,76,3,1,0.5019325592288458,1,1.0,0.2
late,6,5,5,76,3,1,0.4850779318849838,1,1.0,0.2
late,6,13,5,76,3,3,0.24596842401135124,2,0.0,0.4
late,10,5,12,76,2,1,0.5916780382288754,1,0.0,0.08333333333333333
late,10,6,12,76,2,3,0.6068049796843543,4,0.75,0.3333333333333333
late,10,13,12,76,2,3,0.42849642200721894,7,0.42857142857142855,0.5833333333333334
late,11,1,1,76,2,1,0.7144841785036419,1,0.0,1.0
late,13,1,10,76,3,1,0.4891722240382655,4,0.25,0.4
late,13,5,10,76,3,1,0.45636515521081733,2,0.0,0.2
late,13,6,10,76,3,3,0.47866721085799685,1,0.0,0.1
late,13,13,10,76,3,3,0.25809013175263085,3,0.0,0.3
late,1,1,1,77,1,1,0.5632515712219031,1,0.0,1.0
late,2,1,2,77,1,1,0.49602914156796224,1,0.0,0.5
late,2,12,2,77,1,5,0.4745776068831294,1,0.0,0.5
late,12,1,14,77,2,1,0.4957163242044241,1,1.0,0.07142857142857142
late,12,2,14,77,2,1,0.46784243657848756,2,0.0,0.14285714285714285
late,12,10,14,77,2,2,0.44081891573946563,1,1.0,0.07142857142857142
late,12,11,14,77,2,2,0.44217980374148835,1,0.0,0.07142857142857142
late,12,12,14,77,2,2,0.4500276701679335,7,0.5714285714285714,0.5
late,12,13,14,77,2,3,0.33157124986599945,2,0.5,0.14285714285714285
late,13,10,1,77,3,2,0.40422532839005054,1,0.0,1.0
late,1,1,33,78,1,1,0.6176028518995524,21,0.42857142857142855,0.6363636363636364
late,1,3,33,78,1,3,0.6684603912168682,7,0.7142857142857143,0.21212121212121213
late,1,5,33,78,1,1,0.5853098471364209,1,1.0,0.030303030303030304
late,1,10,33,78,1,2,0.5307574715212483,2,1.0,0.06060606060606061
late,1,11,33,78,1,2,0.524369806884815,2,1.0,0.06060606060606061
late,3,3,4,78,3,3,0.6888462395976835,4,0.75,1.0
late,6,1,2,78,2,1,0.5924334284862196,2,0.5,1.0
late,6,1,2,78,3,1,0.5773172688581215,1,1.0,0.5
late,6,3,2,78,3,3,0.641200161540374,1,1.0,0.5
late,7,3,1,78,1,3,0.7552013295325835,1,1.0,1.0
late,7,10,1,78,3,2,0.6110169753000869,1,1.0,1.0
late,8,1,1,78,2,1,0.6523703131945684,1,0.0,1.0
late,10,1,15,78,2,1,0.6856778853717754,5,0.6,0.3333333333333333
late,10,3,15,78,2,2,0.6769071222368587,1,1.0,0.06666666666666667
late,10,3,15,78,2,3,0.6769071222368587,5,0.8,0.3333333333333333
late,10,5,15,78,2,1,0.6506622944359255,1,0.0,0.06666666666666667
late,10,11,15,78,2,2,0.607942957495935,1,0.0,0.06666666666666667
late,10,13,15,78,2,3,0.4576345053059104,2,0.5,0.13333333333333333
late,11,3,2,78,2,3,0.7180280168877673,1,1.0,0.5
late,11,5,2,78,2,1,0.6841661969342874,1,1.0,0.5
late,13,13,1,78,3,3,0.2369453385800099,1,0.0,1.0
late,5,5,2,79,1,1,0.5781423217748922,1,0.0,0.5
late,5,13,2,79,1,3,0.31375074197614766,1,0.0,0.5
late,9,12,1,79,2,2,0.6573571754525115,1,1.0,1.0
late,10,10,2,79,2,2,0.6580967994332041,1,1.0,0.5
late,10,12,2,79,2,2,0.6610033778396438,1,1.0,0.5
late,11,10,1,79,2,2,0.6890447579738262,1,1.0,1.0
late,12,3,9,79,2,3,0.6236700245169916,1,0.0,0.1111111111111111
late,12,9,9,79,2,2,0.5823297416741302,2,1.0,0.2222222222222222
late,12,10,9,79,2,2,0.5623857214452662,3,0.6666666666666666,0.3333333333333333
late,12,12,9,79,2,2,0.5653413120372512,3,1.0,0.3333333333333333
late,12,12,1,79,3,2,0.5424527585633799,1,0.0,1.0
late,1,1,14,80,1,0,0.009057381157210836,1,0.0,0.07142857142857142
late,1,1,14,80,1,1,0.5416041696409818,11,0.5454545454545454,0.7857142857142857
late,1,6,14,80,1,3,0.5214729993111161,2,0.0,0.14285714285714285
late,2,1,2,80,1,1,0.497834576009223,2,0.5,1.0
late,5,1,2,80,1,1,0.5618880860298971,1,1.0,0.5
late,5,5,2,80,1,1,0.5099919056171541,1,1.0,0.5
late,6,1,4,80,3,1,0.5405150821691697,3,0.6666666666666666,0.75
late,6,6,4,80,3,3,0.49127919542050297,1,1.0,0.25
late,7,6,1,80,1,3,0.6257490079523016,1,1.0,1.0
late,11,1,1,80,2,1,0.6806281564722819,1,0.0,1.0
late,13,2,4,80,3,1,0.43962304650760525,1,1.0,0.25
late,13,6,4,80,3,3,0.45147976891678554,2,0.0,0.5
late,13,13,4,80,3,3,0.21068123380804105,1,0.0,0.25
late,1,1,23,81,1,1,0.5918713766018052,6,0.6666666666666666,0.2608695652173913
late,1,2,23,81,1,1,0.564338944635506,10,0.8,0.43478260869565216
late,1,5,23,81,1,1,0.5636171949800886,1,1.0,0.043478260869565216
late,1,6,23,81,1,3,0.5751545174892942,2,0.5,0.08695652173913043
late,1,13,23,81,1,0,0.013298900520674574,1,0.0,0.043478260869565216
late,1,13,23,81,1,3,0.3449729915781711,3,0.3333333333333333,0.13043478260869565
late,2,1,19,81,1,1,0.5510824564242753,3,0.3333333333333333,0.15789473684210525
late,2,2,19,81,1,1,0.5177013305745355,15,0.4666666666666667,0.7894736842105263
late,2,13,19,81,1,0,0.013396771310443317,1,0.0,0.05263157894736842
late,4,1,2,81,1,1,0.706709952762006,1,1.0,0.5
late,4,2,2,81,1,1,0.6735162957644143,1,0.0,0.5
late,5,2,3,81,1,1,0.5368436240101442,1,0.0,0.3333333333333333
late,5,6,3,81,1,3,0.5450091915795748,1,0.0,0.3333333333333333
late,5,13,3,81,1,3,0.303648949605045,1,1.0,0.3333333333333333
late,7,2,4,81,1,1,0.663673102061832,3,1.0,0.75
late,7,5,4,81,1,1,0.6589600090282937,1,0.0,0.25
late,10,1,10,81,2,1,0.6521390952845438,4,0.0,0.4
late,10,2,10,81,2,1,0.6226704946296888,3,0.6666666666666666,0.3
late,10,7,10,81,2,1,0.5964861652113924,1,1.0,0.1
late,10,13,10,81,2,3,0.44811860698320255,2,0.5,0.2
late,11,1,1,81,2,1,0.6993261090058132,1,1.0,1.0
late,13,2,4,81,3,0,0.014656375134306832,1,0.0,0.25
late,13,2,4,81,3,1,0.49697857353817243,1,1.0,0.25
late,13,5,4,81,3,1,0.48901476999107024,1,0.0,0.25
late,13,13,4,81,3,3,0.2835658415925354,1,0.0,0.25
late,1,1,51,82,1,1,0.42463162377634917,4,0.25,0.0784313725490196
late,1,3,51,82,1,2,0.46678212824577675,4,0.25,0.0784313725490196
late,1,3,51,82,1,3,0.46712527307426055,14,0.42857142857142855,0.27450980392156865
late,1,5,51,82,1,1,0.3936465514539383,3,0.3333333333333333,0.058823529411764705
late,1,6,51,82,1,3,0.4067501146403955,3,0.0,0.058823529411764705
late,1,10,51,82,1,2,0.337333165626955,10,0.4,0.19607843137254902
late,1,10,51,82,1,3,0.3155375331817582,1,0.0,0.0196078431372549
late,1,11,51,82,1,2,0.33784784576953214,7,0.42857142857142855,0.13725490196078433
late,1,11,51,82,1,3,0.31603964822534764,1,0.0,0.0196078431372549
late,1,13,51,82,1,0,0.003994467301430732,1,0.0,0.0196078431372549
late,1,13,51,82,1,3,0.199321257481862,3,0.0,0.058823529411764705
late,2,3,1,82,1,3,0.4372528744619537,1,0.0,1.0
late,3,3,5,82,2,2,0.4726115798663685,2,0.5,0.4
late,3,6,5,82,2,3,0.37386226697358393,1,0.0,0.2
late,3,11,5,82,2,2,0.30618086860495924,1,1.0,0.2
late,3,13,5,82,2,3,0.18902299518609528,1,0.0,0.2
late,3,3,10,82,3,2,0.48093308239374377,1,1.0,0.1
late,3,3,10,82,3,3,0.48709986703239194,5,0.6,0.5
late,3,6,10,82,3,3,0.37771544043336797,1,1.0,0.1
late,3,11,10,82,3,2,0.298877168127816,1,0.0,0.1
late,3,13,10,82,3,3,0.1558050395994753,1,0.0,0.1
late,3,14,10,82,3,3,0.1310276744184365,1,0.0,0.1
late,4,3,2,82,1,3,0.5265056838027765,1,1.0,0.5
late,4,10,2,82,1,2,0.4339686183429581,1,0.0,0.5
late,5,1,15,82,1,1,0.40035127953550365,2,0.0,0.13333333333333333
late,5,3,15,82,1,3,0.4158256259323876,1,0.0,0.06666666666666667
late,5,5,15,82,1,0,0.0044447699861110395,1,0.0,0.06666666666666667
late,5,5,15,82,1,1,0.3513277890067186,2,1.0,0.13333333333333333
late,5,6,15,82,1,3,0.37126162109303984,2,0.0,0.13333333333333333
late,5,9,15,82,1,2,0.32271089457237306,1,1.0,0.06666666666666667
late,5,10,15,82,1,2,0.30219328705563814,2,0.5,0.13333333333333333
late,5,12,15,82,1,2,0.3019661681943647,1,1.0,0.06666666666666667
late,5,13,15,82,1,3,0.161845354315075,2,0.0,0.13333333333333333
late,5,14,15,82,1,3,0.1425525486593738,1,0.0,0.06666666666666667
late,6,5,2,82,2,1,0.3574672492737581,1,0.0,0.5
late,6,10,2,82,2,2,0.3043389616032607,1,1.0,0.5
late,6,1,4,82,3,1,0.3994170437544303,1,1.0,0.25
late,6,10,4,82,3,2,0.2944646327936236,1,1.0,0.25
late,6,13,4,82,3,3,0.14389103451079577,2,0.5,0.5
late,7,1,1,82,1,1,0.5190577104868278,1,1.0,1.0
late,7,3,3,82,3,3,0.5784633027399292,1,1.0,0.3333333333333333
late,7,10,3,82,3,2,0.407551052985337,1,1.0,0.3333333333333333
late,7,13,3,82,3,3,0.18695340838753305,1,1.0,0.3333333333333333
late,10,1,126,82,2,0,0.004866322352337509,3,0.0,0.023809523809523808
late,10,1,126,82,2,1,0.4931423245505447,24,0.4583333333333333,0.19047619047619047
late,10,2,126,82,2,1,0.45769741995302177,1,1.0,0.007936507936507936
late,10,3,126,82,2,2,0.481592506442857,12,0.4166666666666667,0.09523809523809523
late,10,3,126,82,2,3,0.481592506442857,9,0.4444444444444444,0.07142857142857142
late,10,5,126,82,2,0,0.004815338888852755,2,0.0,0.015873015873015872
late,10,5,126,82,2,1,0.45490230792233116,14,0.21428571428571427,0.1111111111111111
late,10,6,126,82,2,3,0.46993703610413945,3,0.0,0.023809523809523808
late,10,9,126,82,2,2,0.43098186837887115,1,0.0,0.007936507936507936
late,10,10,126,82,2,2,0.4094632642222921,45,0.4444444444444444,0.35714285714285715
late,10,12,126,82,2,2,0.4162380595796897,1,1.0,0.007936507936507936
late,10,13,126,82,2,0,0.004770287239143484,5,0.0,0.03968253968253968
late,10,13,126,82,2,3,0.27264140828668104,4,0.0,0.031746031746031744
late,10,14,126,82,2,3,0.2108811093762821,2,0.0,0.015873015873015872
late,10,5,1,82,3,1,0.43949013425426714,1,0.0,1.0
late,10,1,1,82,5,1,0.5213931406523897,1,1.0,1.0
late,11,1,10,82,2,1,0.5348454452817402,2,0.5,0.2
late,11,3,10,82,2,2,0.5363480363798495,1,0.0,0.1
late,11,3,10,82,2,3,0.5363480363798495,1,1.0,0.1
late,11,10,10,82,2,2,0.44872256574243463,5,0.4,0.5
late,11,13,10,82,2,3,0.2623458741464025,1,0.0,0.1
late,12,3,15,82,2,3,0.3612281309052757,1,0.0,0.06666666666666667
late,12,5,15,82,2,1,0.34342929814279194,2,0.5,0.13333333333333333
late,12,6,15,82,2,2,0.3649884155470434,2,0.5,0.13333333333333333
late,12,12,15,82,2,2,0.3231095444966286,9,0.2222222222222222,0.6
late,12,13,15,82,2,3,0.20786487271284973,1,0.0,0.06666666666666667
late,13,6,5,82,3,3,0.343043922189415,1,1.0,0.2
late,13,13,5,82,3,3,0.1478909623955842,3,0.3333333333333333,0.6
late,13,14,5,82,3,3,0.12254228038777426,1,0.0,0.2
late,14,2,3,82,3,4,0.37302628997095444,1,1.0,0.3333333333333333
late,14,5,3,82,3,1,0.30645143558268884,2,0.0,0.6666666666666666
late,1,1,5,83,1,1,0.6904807278789351,2,0.5,0.4
late,1,2,5,83,1,1,0.6665696397248025,2,1.0,0.4
late,1,6,5,83,1,3,0.6633565141623345,1,1.0,0.2
late,2,2,2,83,1,1,0.6004938397337445,1,0.0,0.5
late,2,8,2,83,1,3,0.4632886571743015,1,0.0,0.5
late,4,5,1,83,1,1,0.7327736333493095,1,1.0,1.0
late,6,1,1,83,3,1,0.6776664553472798,1,1.0,1.0
late,8,2,3,83,3,1,0.663043762969768,3,0.3333333333333333,1.0
late,10,1,3,83,2,1,0.7235256908893727,1,1.0,0.3333333333333333
late,10,2,3,83,2,1,0.6970176512121103,2,1.0,0.6666666666666666
late,11,10,1,83,2,2,0.6828802641065714,1,1.0,1.0
late,13,2,1,83,3,1,0.5704124588874703,1,1.0,1.0
late,1,1,15,84,1,1,0.5317283091098094,9,0.4444444444444444,0.6
late,1,3,15,84,1,3,0.5996828853018423,3,0.6666666666666666,0.2
late,1,10,15,84,1,2,0.4516450696871284,1,0.0,0.06666666666666667
late,1,11,15,84,1,2,0.4291882321450016,2,0.5,0.13333333333333333
late,3,10,2,84,3,2,0.4232003168176017,1,1.0,0.5
late,3,13,2,84,3,3,0.23087262648971396,1,0.0,0.5
late,6,3,1,84,3,3,0.595276694150172,1,1.0,1.0
late,10,12,2,84,5,2,0.6220543036979174,1,1.0,0.5
late,10,13,2,84,5,3,0.46624936795576605,1,0.0,0.5
late,11,12,1,84,2,2,0.5406049562708896,1,0.0,1.0
late,12,12,5,84,2,2,0.43837635518210816,4,0.25,0.8
late,12,14,5,84,2,3,0.266596484857687,1,0.0,0.2
late,1,1,6,85,1,1,0.5133085115080888,2,0.5,0.3333333333333333
late,1,2,6,85,1,1,0.48934205099387884,1,0.0,0.16666666666666666
late,1,5,6,85,1,1,0.48337700189099936,1,1.0,0.16666666666666666
late,1,6,6,85,1,3,0.493114479288405,2,0.5,0.3333333333333333
late,2,1,17,85,1,1,0.49267366704409987,3,0.3333333333333333,0.17647058823529413
late,2,2,17,85,1,1,0.4587162353990197,8,0.25,0.47058823529411764
late,2,3,17,85,1,3,0.5144559985657684,1,1.0,0.058823529411764705
late,2,5,17,85,1,1,0.44370497233038303,2,1.0,0.11764705882352941
late,2,6,17,85,1,3,0.4596417451649562,1,0.0,0.058823529411764705
late,2,13,17,85,1,3,0.24196160875047307,2,0.0,0.11764705882352941
late,4,6,1,85,1,3,0.608736375438764,1,1.0,1.0
late,6,2,5,85,3,1,0.46115150833373625,4,0.0,0.8
late,6,6,5,85,3,3,0.4626208238664652,1,1.0,0.2
late,7,2,3,85,1,1,0.6335618439555296,1,0.0,0.3333333333333333
late,7,5,3,85,1,1,0.6225522026408131,1,0.0,0.3333333333333333
late,7,6,3,85,1,3,0.6367551283307854,1,1.0,0.3333333333333333
late,10,1,8,85,2,1,0.5793960974964056,1,1.0,0.125
late,10,2,8,85,2,1,0.5480657999373073,1,0.0,0.125
late,10,6,8,85,2,3,0.5619395100346048,1,0.0,0.125
late,10,10,8,85,2,2,0.49794655184637804,2,0.5,0.25
late,10,13,8,85,2,3,0.3648823596617146,3,0.3333333333333333,0.375
late,10,13,1,85,3,3,0.2935029980078963,1,0.0,1.0
late,13,1,6,85,3,1,0.4519042351631166,1,0.0,0.16666666666666666
late,13,2,6,85,3,1,0.42464544641653806,2,1.0,0.3333333333333333
late,13,3,6,85,3,2,0.4801983467254963,1,1.0,0.16666666666666666
late,13,13,6,85,3,3,0.21471557948803022,2,0.0,0.3333333333333333
late,1,1,14,86,1,1,0.6294127413362666,10,0.6,0.7142857142857143
late,1,5,14,86,1,1,0.5978154217211813,1,1.0,0.07142857142857142
late,1,10,14,86,1,2,0.5509806721017249,1,0.0,0.07142857142857142
late,1,13,14,86,1,0,0.01675997447493249,1,0.0,0.07142857142857142
late,1,13,14,86,1,3,0.35938898706167527,1,0.0,0.07142857142857142
late,4,5,4,86,1,1,0.6915603769143046,4,0.5,1.0
late,4,10,1,86,4,2,0.7312399490220436,1,1.0,1.0
late,5,13,2,86,1,0,0.01697329812831088,1,0.0,0.5
late,5,13,2,86,1,3,0.3304798944336703,1,0.0,0.5
late,7,1,1,86,1,1,0.7184445118734213,1,1.0,1.0
late,10,1,8,86,2,1,0.6889201206149796,1,1.0,0.125
late,10,4,8,86,2,1,0.6714199764322291,1,1.0,0.125
late,10,5,8,86,2,1,0.6545296330615841,1,0.0,0.125
late,10,13,8,86,2,3,0.47417645451978657,5,0.2,0.625
late,11,1,7,86,2,1,0.7411668742191934,3,1.0,0.42857142857142855
late,11,4,7,86,2,1,0.7187686274495036,3,1.0,0.42857142857142855
late,11,7,7,86,2,1,0.6678869158181195,1,1.0,0.14285714285714285
late,13,1,1,86,3,1,0.5557653735161803,1,1.0,1.0
late,1,1,9,87,1,1,0.6494459180381876,5,0.6,0.5555555555555556
late,1,2,9,87,1,1,0.6251740422020645,2,0.5,0.2222222222222222
late,1,13,9,87,1,3,0.39092829413367836,2,0.0,0.2222222222222222
late,6,1,4,87,3,1,0.646370946781233,3,0.6666666666666666,0.75
late,6,5,4,87,3,1,0.5884773488145026,1,1.0,0.25
late,7,5,1,87,3,1,0.6940002632076884,1,1.0,1.0
late,10,2,3,87,2,1,0.6803306506284007,1,0.0,0.3333333333333333
late,10,13,3,87,2,3,0.5205848336723352,2,1.0,0.6666666666666666
late,10,13,1,87,3,3,0.4496187582301844,1,1.0,1.0
late,11,1,2,87,2,1,0.7529537336176522,2,1.0,1.0
late,13,1,4,87,3,1,0.5817096951122074,4,0.25,1.0
late,1,1,3,88,1,1,0.6034111009965207,2,1.0,0.6666666666666666
late,1,13,3,88,1,3,0.3201281229119451,1,0.0,0.3333333333333333
late,2,2,4,88,1,1,0.5300158199557066,3,0.3333333333333333,0.75
late,2,13,4,88,1,3,0.29028682404039796,1,0.0,0.25
late,4,5,2,88,1,1,0.6573100830462422,1,1.0,0.5
late,4,13,2,88,1,3,0.42035995147368577,1,1.0,0.5
late,5,13,1,88,1,3,0.30974620946232295,1,1.0,1.0
late,7,13,4,88,1,3,0.43188209049561754,4,0.5,1.0
late,10,2,5,88,2,1,0.6264776094835369,1,0.0,0.2
late,10,13,5,88,2,0,0.017227628908675664,1,0.0,0.2
late,10,13,5,88,2,3,0.42327331059334794,3,0.3333333333333333,0.6
late,11,1,4,88,2,1,0.716849390027035,1,1.0,0.25
late,11,2,4,88,2,1,0.6858148749712782,2,0.0,0.5
late,11,7,4,88,2,1,0.6542478170061776,1,1.0,0.25
late,13,2,15,88,3,0,0.015819085979119477,1,0.0,0.06666666666666667
late,13,2,15,88,3,1,0.49522294209127626,5,0.4,0.3333333333333333
late,13,13,15,88,3,0,0.015391560742088833,2,0.0,0.13333333333333333
late,13,13,15,88,3,3,0.23076823183591008,7,0.2857142857142857,0.4666666666666667
late,1,1,13,89,1,1,0.6513215392093982,6,0.8333333333333334,0.46153846153846156
late,1,6,13,89,1,3,0.6288225524902058,2,1.0,0.15384615384615385
late,1,13,13,89,1,0,0.01921452638417192,2,0.0,0.15384615384615385
late,1,13,13,89,1,3,0.3744660416903284,3,0.3333333333333333,0.23076923076923078
late,2,1,1,89,1,0,0.01880866451637541,1,0.0,1.0
late,6,1,11,89,3,1,0.6255930867996473,1,1.0,0.09090909090909091
late,6,5,11,89,3,1,0.5688766764505201,1,0.0,0.09090909090909091
late,6,6,11,89,3,3,0.5915802165649061,5,0.4,0.45454545454545453
late,6,13,11,89,3,3,0.3149973673034454,4,0.25,0.36363636363636365
late,10,1,2,89,2,1,0.6974025309735574,1,1.0,0.5
late,10,6,2,89,2,3,0.6841538377718921,1,1.0,0.5
late,10,5,2,89,3,1,0.6614453616345977,2,1.0,1.0
late,11,1,2,89,2,1,0.7383851281618778,1,1.0,0.5
late,11,2,2,89,2,1,0.7119796567113474,1,0.0,0.5
late,11,1,5,89,3,1,0.7642008579383834,5,0.6,1.0
late,13,1,5,89,3,1,0.5783277222432636,1,1.0,0.2
late,13,5,5,89,3,1,0.5438843853683695,1,1.0,0.2
late,13,6,5,89,3,3,0.5659162123445274,2,1.0,0.4
late,13,13,5,89,3,3,0.3306636898072053,1,1.0,0.2
late,1,1,22,90,1,0,0.023183517458131155,1,0.0,0.045454545454545456
late,1,1,22,90,1,1,0.6886372376296527,9,0.5555555555555556,0.4090909090909091
late,1,2,22,90,1,0,0.023565515893068566,1,0.0,0.045454545454545456
late,1,5,22,90,1,1,0.6588040542869223,2,1.0,0.09090909090909091
late,1,6,22,90,1,3,0.6695655288067162,4,0.75,0.18181818181818182
late,1,13,22,90,1,0,0.024534629217340988,2,0.0,0.09090909090909091
late,1,13,22,90,1,3,0.4228384216463057,3,0.0,0.13636363636363635
late,2,1,13,90,1,1,0.6596628594849698,4,1.0,0.3076923076923077
late,2,2,13,90,1,1,0.6304298715738897,3,0.3333333333333333,0.23076923076923078
late,2,5,13,90,1,1,0.6173459604552396,1,1.0,0.07692307692307693
late,2,13,13,90,1,3,0.39093680076609744,5,0.8,0.38461538461538464
late,5,1,3,90,1,1,0.6746460692068141,1,1.0,0.3333333333333333
late,5,6,3,90,1,3,0.6421540399198443,1,0.0,0.3333333333333333
late,5,13,3,90,1,3,0.3701810654840458,1,1.0,0.3333333333333333
late,6,1,11,90,3,1,0.6722507348465823,1,0.0,0.09090909090909091
late,6,2,11,90,3,1,0.6383843790215097,2,0.5,0.18181818181818182
late,6,6,11,90,3,3,0.6377432323644044,6,0.6666666666666666,0.5454545454545454
late,6,13,11,90,3,0,0.025234899339435467,1,0.0,0.09090909090909091
late,6,13,11,90,3,3,0.3608487591014623,1,1.0,0.09090909090909091
late,7,2,2,90,1,1,0.7469552351943268,1,1.0,0.5
late,7,5,2,90,1,1,0.7421053900953406,1,1.0,0.5
late,10,1,10,90,2,1,0.752177457527776,5,0.8,0.5
late,10,6,10,90,2,3,0.7311853713247414,1,1.0,0.1
late,10,13,10,90,2,3,0.5434684529022352,4,0.75,0.4
late,10,6,1,90,5,3,0.7739572503715242,1,1.0,1.0
late,11,1,10,90,2,1,0.7913208201803936,9,1.0,0.9
late,11,6,10,90,2,3,0.7740536741153801,1,1.0,0.1
late,11,1,3,90,3,1,0.7713467145342716,2,1.0,0.6666666666666666
late,11,2,3,90,3,1,0.7464386101452094,1,1.0,0.3333333333333333
late,11,1,1,90,5,1,0.7612350539095866,1,1.0,1.0
late,12,6,2,90,2,3,0.6305554582938553,1,1.0,0.5
late,12,14,2,90,2,1,0.33977143237686425,1,1.0,0.5
late,13,2,11,90,3,1,0.5951053994845141,2,0.0,0.18181818181818182
late,13,6,11,90,3,3,0.6085291487288512,1,1.0,0.09090909090909091
late,13,13,11,90,3,0,0.025815702602378476,1,0.0,0.09090909090909091
late,13,13,11,90,3,3,0.3561615258346343,7,0.14285714285714285,0.6363636363636364
late,14,14,1,90,1,1,0.34238946139429705,1,0.0,1.0
late,14,14,1,90,3,3,0.34929784683422654,1,1.0,1.0
late,1,1,10,91,1,1,0.5945557556825773,5,0.4,0.5
late,1,10,10,91,1,2,0.5030974077265722,2,0.5,0.2
late,1,13,10,91,1,3,0.3332422063166748,2,0.5,0.2
late,1,14,10,91,1,1,0.2670214021283435,1,1.0,0.1
late,10,1,5,91,2,1,0.663814563326748,3,0.3333333333333333,0.6
late,10,10,5,91,2,2,0.5845776377126146,1,1.0,0.2
late,10,11,5,91,2,2,0.5851193882390628,1,1.0,0.2
late,11,1,1,91,2,1,0.6873029387349088,1,1.0,1.0
late,12,1,1,91,2,1,0.5463304559222476,1,1.0,1.0
late,14,13,1,91,1,3,0.34363794797766445,1,1.0,1.0
late,1,1,32,92,1,1,0.696703565401548,10,0.8,0.3125
late,1,2,32,92,1,1,0.6721150714999811,9,0.4444444444444444,0.28125
late,1,3,32,92,1,3,0.7297611147510601,1,1.0,0.03125
late,1,6,32,92,1,3,0.676199715188773,9,0.8888888888888888,0.28125
late,1,13,32,92,1,3,0.4345627819634619,3,0.6666666666666666,0.09375
late,2,1,21,92,1,1,0.658006329510149,5,0.8,0.23809523809523808
late,2,2,21,92,1,0,0.0248801099509559,1,0.0,0.047619047619047616
late,2,2,21,92,1,1,0.6299906926989683,11,0.9090909090909091,0.5238095238095238
late,2,6,21,92,1,3,0.6280499980981585,1,1.0,0.047619047619047616
late,2,13,21,92,1,3,0.38931368737056904,3,0.3333333333333333,0.14285714285714285
late,4,2,1,92,1,1,0.7634415732434037,1,1.0,1.0
late,5,1,23,92,1,1,0.6851847810471419,1,0.0,0.043478260869565216
late,5,2,23,92,1,1,0.6547656686272534,1,0.0,0.043478260869565216
late,5,5,23,92,1,1,0.6377190174780788,12,0.4166666666666667,0.5217391304347826
late,5,6,23,92,1,3,0.6538896780673399,6,0.8333333333333334,0.2608695652173913
late,5,13,23,92,1,3,0.3940694787885247,3,0.0,0.13043478260869565
late,6,1,25,92,3,1,0.6791876738932067,1,1.0,0.04
late,6,2,25,92,3,1,0.6448603704116639,3,1.0,0.12
late,6,5,25,92,3,1,0.6258220066124253,2,0.5,0.08
late,6,6,25,92,3,3,0.6458207512282175,14,0.7857142857142857,0.56
late,6,13,25,92,3,0,0.026022906762768326,1,0.0,0.04
late,6,13,25,92,3,3,0.37088725841393033,4,0.25,0.16
late,7,1,7,92,1,1,0.7798345786506314,1,1.0,0.14285714285714285
late,7,2,7,92,1,1,0.7537752143182879,1,1.0,0.14285714285714285
late,7,6,7,92,1,3,0.7634886470007409,3,1.0,0.42857142857142855
late,7,10,7,92,1,2,0.6993544083624486,1,1.0,0.14285714285714285
late,7,13,7,92,1,3,0.5546570990339121,1,1.0,0.14285714285714285
late,7,5,1,92,3,1,0.7566570664547048,1,1.0,1.0
late,10,2,6,92,2,1,0.7221589712155079,2,1.0,0.3333333333333333
late,10,5,6,92,2,1,0.7202279362636398,1,1.0,0.16666666666666666
late,10,6,6,92,2,3,0.7324227289045598,1,1.0,0.16666666666666666
late,10,13,6,92,2,3,0.5426941004918264,2,0.5,0.3333333333333333
late,10,5,2,92,3,1,0.7050868175577644,1,1.0,0.5
late,10,13,2,92,3,3,0.407961933635574,1,1.0,0.5
late,11,1,10,92,2,1,0.7849211677672622,4,1.0,0.4
late,11,2,10,92,2,1,0.7594634609653917,3,0.3333333333333333,0.3
late,11,10,10,92,2,2,0.7112278205158009,1,1.0,0.1
late,11,13,10,92,2,3,0.5180745956898252,2,1.0,0.2
late,11,1,1,92,3,1,0.7836487784261199,1,0.0,1.0
late,13,1,19,92,3,1,0.624961177869954,1,0.0,0.05263157894736842
late,13,2,19,92,3,1,0.6015264246436601,5,0.6,0.2631578947368421
late,13,5,19,92,3,1,0.5947629116417655,4,0.25,0.21052631578947367
late,13,6,19,92,3,3,0.616279023883408,5,0.4,0.2631578947368421
late,13,13,19,92,3,3,0.3776654472568617,4,0.0,0.21052631578947367
late,14,2,2,92,1,1,0.5867793024552842,2,0.0,1.0
late,1,1,3,93,1,1,0.6172429392009331,2,0.5,0.6666666666666666
late,1,13,3,93,1,3,0.3755879342642942,1,0.0,0.3333333333333333
late,10,1,4,93,2,1,0.6641938857920963,2,0.5,0.5
late,10,10,4,93,2,2,0.5988478715291884,1,0.0,0.25
late,10,13,4,93,2,3,0.4643750927001979,1,0.0,0.25
late,12,3,2,93,3,2,0.5839143608824249,1,1.0,0.5
late,12,13,2,93,3,3,0.27770250339760183,1,0.0,0.5
late,13,3,1,93,3,2,0.5431846800567287,1,1.0,1.0
late,3,13,1,94,3,3,0.31667788003736774,1,1.0,1.0
late,9,12,1,94,2,3,0.6286227850082404,1,1.0,1.0
late,10,3,19,94,2,3,0.720295996618453,2,1.0,0.10526315789473684
late,10,5,19,94,2,1,0.6739940402338974,1,0.0,0.05263157894736842
late,10,6,19,94,2,3,0.6868718003393299,1,1.0,0.05263157894736842
late,10,8,19,94,2,3,0.5725117075241342,1,1.0,0.05263157894736842
late,10,10,19,94,2,2,0.6306325923334336,5,0.4,0.2631578947368421
late,10,10,19,94,2,5,0.6852398091745,2,0.5,0.10526315789473684
late,10,12,19,94,2,2,0.6332365235733134,5,0.8,0.2631578947368421
late,10,12,19,94,2,3,0.6351906604408237,2,1.0,0.10526315789473684
late,10,3,7,94,3,3,0.7063997023645109,2,0.5,0.2857142857142857
late,10,10,7,94,3,2,0.6126475408264541,1,0.0,0.14285714285714285
late,10,10,7,94,3,3,0.5936074077037788,1,0.0,0.14285714285714285
late,10,12,7,94,3,2,0.6088221092953253,3,0.3333333333333333,0.42857142857142855
late,10,6,2,94,5,2,0.7249301266290181,1,1.0,0.5
late,10,12,2,94,5,2,0.7312255360075082,1,1.0,0.5
late,12,3,16,94,2,3,0.5914158571903341,1,0.0,0.0625
late,12,6,16,94,2,3,0.5865610341866069,2,1.0,0.125
late,12,12,16,94,2,2,0.5381762237830298,7,0.2857142857142857,0.4375
late,12,12,16,94,2,3,0.5421593006412546,2,0.5,0.125
late,12,12,16,94,2,5,0.6065902931978991,4,0.5,0.25
late,12,10,2,94,3,2,0.5084105470003093,2,1.0,1.0
late,12,6,3,94,5,2,0.5700385376820832,1,0.0,0.3333333333333333
late,12,12,3,94,5,2,0.569359775987747,1,1.0,0.3333333333333333
late,12,13,3,94,5,3,0.38996581186080276,1,1.0,0.3333333333333333
late,13,13,1,94,3,3,0.32105571095070573,1,0.0,1.0
late,1,3,1,95,1,3,0.6763348211312531,1,1.0,1.0
late,6,3,1,95,2,3,0.5744304293143914,1,1.0,1.0
late,6,5,1,95,3,1,0.5478622816271109,1,0.0,1.0
late,8,9,1,95,3,2,0.576754322762998,1,0.0,1.0
late,9,1,11,95,2,1,0.6853440143218775,3,1.0,0.2727272727272727
late,9,3,11,95,2,3,0.6612790078173402,2,0.5,0.18181818181818182
late,9,5,11,95,2,1,0.64538044755387,1,1.0,0.09090909090909091
late,9,6,11,95,2,2,0.6605077993699666,1,1.0,0.09090909090909091
late,9,9,11,95,2,2,0.621116135461681,4,0.5,0.36363636363636365
late,10,1,2,95,2,1,0.6816498217466531,1,0.0,0.5
late,10,5,2,95,2,1,0.6536016517989511,1,1.0,0.5
late,12,8,1,95,2,3,0.4537778662566188,1,0.0,1.0
late,13,5,2,95,3,1,0.5146431865343869,2,0.5,1.0
late,1,1,125,96,1,1,0.6145445143750446,40,0.675,0.32
late,1,2,125,96,1,0,0.013936011095825923,1,0.0,0.008
late,1,2,125,96,1,1,0.5900236850742681,24,0.4583333333333333,0.192
late,1,3,125,96,1,2,0.6653707059952857,1,1.0,0.008
late,1,3,125,96,1,3,0.6652756930970062,2,1.0,0.016
late,1,5,125,96,1,1,0.5808724260924643,11,0.7272727272727273,0.088
late,1,6,125,96,1,3,0.5916793286524067,10,0.7,0.08
late,1,9,125,96,1,2,0.5463381840575665,1,0.0,0.008
late,1,10,125,96,1,3,0.5054924578888904,1,0.0,0.008
late,1,12,125,96,1,2,0.5154395429531703,3,0.6666666666666666,0.024
late,1,13,125,96,1,0,0.014553919910163613,3,0.0,0.024
late,1,13,125,96,1,3,0.3429265429401919,26,0.15384615384615385,0.208
late,1,14,125,96,1,1,0.2727583849014665,2,0.5,0.016
late,2,1,146,96,1,0,0.014071530473745432,3,0.0,0.02054794520547945
late,2,1,146,96,1,1,0.5714103747511994,39,0.6666666666666666,0.2671232876712329
late,2,2,146,96,1,0,0.014236782543727568,2,0.0,0.0136986301369863
late,2,2,146,96,1,1,0.5467613443179242,59,0.5084745762711864,0.4041095890410959
late,2,3,146,96,1,2,0.643847285931918,1,1.0,0.00684931506849315
late,2,5,146,96,1,1,0.5277353764775647,3,1.0,0.02054794520547945
late,2,6,146,96,1,3,0.539517560601058,4,0.0,0.0273972602739726
late,2,9,146,96,1,2,0.4980162381860414,1,1.0,0.00684931506849315
late,2,12,146,96,1,2,0.46238142925725506,4,0.25,0.0273972602739726
late,2,12,146,96,1,3,0.4701944075499625,2,0.5,0.0136986301369863
late,2,13,146,96,1,0,0.01416775792130253,3,0.0,0.02054794520547945
late,2,13,146,96,1,3,0.29508821249731637,21,0.09523809523809523,0.14383561643835616
late,2,14,146,96,1,1,0.2513304684586668,1,0.0,0.00684931506849315
late,2,14,146,96,1,3,0.2698455079228399,3,0.0,0.02054794520547945
late,2,5,1,96,4,1,0.7017014248948047,1,1.0,1.0
late,3,3,1,96,2,2,0.6752726710081176,1,0.0,1.0
late,3,3,1,96,3,3,0.68530766774147,1,0.0,1.0
late,4,1,24,96,1,0,0.015442174627615357,1,0.0,0.041666666666666664
late,4,1,24,96,1,1,0.7292218358936032,5,1.0,0.20833333333333334
late,4,2,24,96,1,1,0.698623554482395,6,0.8333333333333334,0.25
late,4,6,24,96,1,3,0.6989671088775874,4,1.0,0.16666666666666666
late,4,13,24,96,1,3,0.45533681516659624,8,0.625,0.3333333333333333
late,4,6,2,96,4,3,0.8061055920056764,2,1.0,1.0
late,5,1,47,96,1,1,0.5857422358132147,7,0.7142857142857143,0.14893617021276595
late,5,2,47,96,1,1,0.5548952665959095,14,0.5,0.2978723404255319
late,5,5,47,96,1,1,0.5391768015308805,3,0.3333333333333333,0.06382978723404255
late,5,6,47,96,1,3,0.5575534721539733,3,0.3333333333333333,0.06382978723404255
late,5,12,47,96,1,0,0.015709510814989194,1,0.0,0.02127659574468085
late,5,12,47,96,1,2,0.48356946704238146,6,0.3333333333333333,0.1276595744680851
late,5,13,47,96,1,3,0.30283205025155924,13,0.15384615384615385,0.2765957446808511
late,6,1,103,96,3,1,0.5971023567957863,13,0.7692307692307693,0.1262135922330097
late,6,2,103,96,3,0,0.015909183511028727,1,0.0,0.009708737864077669
late,6,2,103,96,3,1,0.5614849152846612,28,0.5,0.27184466019417475
late,6,5,103,96,3,1,0.5381395121898583,4,0.25,0.038834951456310676
late,6,6,103,96,3,0,0.015822688084787945,2,0.0,0.019417475728155338
late,6,6,103,96,3,3,0.5596885372420707,36,0.3888888888888889,0.34951456310679613
late,6,12,103,96,3,2,0.4852140882843378,1,1.0,0.009708737864077669
late,6,13,103,96,3,3,0.28952324775927035,18,0.3333333333333333,0.17475728155339806
late,7,2,5,96,1,1,0.6769353994104125,1,0.0,0.2
late,7,6,5,96,1,3,0.6856189391531635,1,1.0,0.2
late,7,13,5,96,1,3,0.4725235496170418,3,0.6666666666666666,0.6
late,8,2,5,96,3,0,0.01671301639184656,1,0.0,0.2
late,8,2,5,96,3,1,0.6035777206240336,2,0.5,0.4
late,8,5,5,96,3,1,0.5847590921444403,2,1.0,0.4
late,9,2,2,96,3,1,0.6321588466612221,1,0.0,0.5
late,9,10,2,96,3,3,0.5508636600404435,1,1.0,0.5
late,10,1,82,96,2,1,0.6711227782017802,13,0.6153846153846154,0.15853658536585366
late,10,2,82,96,2,1,0.6414794075928388,20,0.65,0.24390243902439024
late,10,3,82,96,2,3,0.6907868751057789,2,0.5,0.024390243902439025
late,10,5,82,96,2,1,0.6386379280064357,4,0.25,0.04878048780487805
late,10,6,82,96,2,3,0.6526555286490626,9,0.7777777777777778,0.10975609756097561
late,10,8,82,96,2,3,0.5343548002789773,1,1.0,0.012195121951219513
late,10,10,82,96,2,2,0.5942404124783575,3,0.6666666666666666,0.036585365853658534
late,10,10,82,96,2,5,0.6419959496847514,1,1.0,0.012195121951219513
late,10,12,82,96,2,2,0.5969382879231736,2,0.5,0.024390243902439025
late,10,13,82,96,2,0,0.016961017970438606,4,0.0,0.04878048780487805
late,10,13,82,96,2,3,0.44439096346878737,22,0.5,0.2682926829268293
late,10,14,82,96,2,0,0.016961017970438606,1,0.0,0.012195121951219513
late,10,1,14,96,3,1,0.6695969415780967,1,1.0,0.07142857142857142
late,10,2,14,96,3,1,0.6417300964099717,5,1.0,0.35714285714285715
late,10,6,14,96,3,3,0.6438168144288684,2,0.0,0.14285714285714285
late,10,12,14,96,3,2,0.5763193881798668,1,1.0,0.07142857142857142
late,10,12,14,96,3,3,0.5788095500566458,1,1.0,0.07142857142857142
late,10,13,14,96,3,3,0.3502794315547733,4,0.5,0.2857142857142857
late,10,1,3,96,5,1,0.6976467466002703,1,0.0,0.3333333333333333
late,10,3,3,96,5,3,0.7405350664058763,1,1.0,0.3333333333333333
late,10,12,3,96,5,2,0.6810698427205447,1,1.0,0.3333333333333333
late,11,1,70,96,2,1,0.7174461734259553,26,0.8076923076923077,0.37142857142857144
late,11,2,70,96,2,1,0.6870639745019163,9,0.6666666666666666,0.12857142857142856
late,11,4,70,96,2,1,0.7041854817114986,1,1.0,0.014285714285714285
late,11,5,70,96,2,1,0.6881134217982282,3,1.0,0.04285714285714286
late,11,6,70,96,2,3,0.698951972222564,7,0.8571428571428571,0.1
late,11,10,70,96,2,2,0.6302272912295148,4,0.75,0.05714285714285714
late,11,11,70,96,2,2,0.6353638630530434,6,1.0,0.08571428571428572
late,11,11,70,96,2,3,0.6062537825968607,1,1.0,0.014285714285714285
late,11,13,70,96,2,0,0.015445371768348126,2,0.0,0.02857142857142857
late,11,13,70,96,2,3,0.4344015182593102,11,0.5454545454545454,0.15714285714285714
late,11,1,24,96,3,1,0.7262968817833931,9,0.7777777777777778,0.375
late,11,2,24,96,3,1,0.6966764048442174,1,1.0,0.041666666666666664
late,11,5,24,96,3,1,0.6886182498734859,1,1.0,0.041666666666666664
late,11,6,24,96,3,3,0.699327230303615,4,0.75,0.16666666666666666
late,11,10,24,96,3,2,0.619303991009973,2,1.0,0.08333333333333333
late,11,11,24,96,3,3,0.5951771416746962,1,1.0,0.041666666666666664
late,11,13,24,96,3,3,0.3359835262774471,6,0.6666666666666666,0.25
late,12,1,67,96,2,1,0.5687807330194841,11,0.2727272727272727,0.16417910447761194
late,12,2,67,96,2,0,0.015520358325165448,1,0.0,0.014925373134328358
late,12,2,67,96,2,1,0.543629014582357,4,0.5,0.05970149253731343
late,12,2,67,96,2,4,0.5734671437859481,1,0.0,0.014925373134328358
late,12,3,67,96,2,3,0.5844161521145621,2,0.5,0.029850746268656716
late,12,5,67,96,2,1,0.5477306263685153,12,0.5,0.1791044776119403
late,12,6,67,96,2,3,0.5697720852985257,1,0.0,0.014925373134328358
late,12,12,67,96,2,2,0.5204627490954533,29,0.41379310344827586,0.43283582089552236
late,12,12,67,96,2,3,0.5241723306690099,1,1.0,0.014925373134328358
late,12,13,67,96,2,3,0.38805234227298,4,0.25,0.05970149253731343
late,12,14,67,96,2,3,0.3285155216148027,1,1.0,0.014925373134328358
late,12,1,19,96,3,1,0.5465896101191025,3,1.0,0.15789473684210525
late,12,2,19,96,3,1,0.5222266538851565,4,0.25,0.21052631578947367
late,12,12,19,96,3,2,0.475324247439339,1,1.0,0.05263157894736842
late,12,12,19,96,3,3,0.4792516393343339,2,0.0,0.10526315789473684
late,12,13,19,96,3,3,0.2579517237227665,4,0.25,0.21052631578947367
late,12,14,19,96,3,3,0.223011243189088,5,0.2,0.2631578947368421
late,12,5,3,96,5,1,0.488143770329208,2,0.5,0.6666666666666666
late,12,12,3,96,5,2,0.5061461271987859,1,1.0,0.3333333333333333
late,13,1,187,96,3,1,0.5356580847298519,22,0.5,0.11764705882352941
late,13,2,187,96,3,0,0.015966683677172515,4,0.0,0.0213903743315508
late,13,2,187,96,3,1,0.5110480326519212,49,0.5714285714285714,0.2620320855614973
late,13,3,187,96,3,3,0.5686640947359428,1,1.0,0.0053475935828877
late,13,5,187,96,3,1,0.5027828691551366,19,0.5263157894736842,0.10160427807486631
late,13,6,187,96,3,0,0.01589027090835229,2,0.0,0.0106951871657754
late,13,6,187,96,3,3,0.5247718879343379,23,0.7391304347826086,0.12299465240641712
late,13,10,187,96,3,3,0.44023244459312966,1,0.0,0.0053475935828877
late,13,12,187,96,3,2,0.4603316435864533,6,0.5,0.03208556149732621
late,13,13,187,96,3,0,0.015500611210379935,6,0.0,0.03208556149732621
late,13,13,187,96,3,3,0.27344191748651137,49,0.22448979591836735,0.2620320855614973
late,13,14,187,96,3,0,0.015500611210379935,1,0.0,0.0053475935828877
late,13,14,187,96,3,1,0.21048141805776058,3,0.3333333333333333,0.016042780748663103
late,13,14,187,96,3,3,0.24393594837473184,1,0.0,0.0053475935828877
late,14,2,22,96,1,1,0.4976829731849782,3,0.3333333333333333,0.13636363636363635
late,14,12,22,96,1,2,0.45121461074689895,4,0.25,0.18181818181818182
late,14,13,22,96,1,3,0.29880041323806056,1,0.0,0.045454545454545456
late,14,14,22,96,1,1,0.22494130202271415,9,0.2222222222222222,0.4090909090909091
late,14,14,22,96,1,3,0.2564412773975661,5,0.0,0.22727272727272727
late,14,2,6,96,3,1,0.4959543592201771,2,0.5,0.3333333333333333
late,14,14,6,96,3,0,0.015586489936184668,1,0.0,0.16666666666666666
late,14,14,6,96,3,3,0.21799904503545323,3,0.0,0.5
late,1,1,21,97,1,1,0.5878267762176416,8,0.625,0.38095238095238093
late,1,2,21,97,1,0,0.012044748512035044,1,0.0,0.047619047619047616
late,1,2,21,97,1,1,0.5638568339098985,8,0.5,0.38095238095238093
late,1,13,21,97,1,3,0.32058753158282066,4,0.25,0.19047619047619047
late,2,1,12,97,1,1,0.5512798464715439,5,0.6,0.4166666666666667
late,2,2,12,97,1,0,0.012294933633427445,2,0.0,0.16666666666666666
late,2,2,12,97,1,1,0.524124577590377,2,0.0,0.16666666666666666
late,2,13,12,97,1,3,0.28296363525624196,3,0.3333333333333333,0.25
late,4,1,4,97,1,1,0.7024197054249914,2,0.5,0.5
late,4,2,4,97,1,1,0.6709302724267789,1,1.0,0.25
late,4,6,4,97,1,3,0.6711449533526814,1,1.0,0.25
late,6,1,3,97,3,1,0.572508598744745,1,1.0,0.3333333333333333
late,6,6,3,97,3,3,0.5350129433136347,1,0.0,0.3333333333333333
late,6,13,3,97,3,3,0.26267019717237317,1,1.0,0.3333333333333333
late,10,2,1,97,2,0,0.015748652137107584,1,0.0,1.0
late,10,14,1,97,3,1,0.27818423731136266,1,0.0,1.0
late,11,1,6,97,2,1,0.6923599289290548,1,0.0,0.16666666666666666
late,11,2,6,97,2,1,0.6605814146700144,1,1.0,0.16666666666666666
late,11,10,6,97,2,3,0.5788569274823864,1,1.0,0.16666666666666666
late,11,13,6,97,2,3,0.42147703835844,2,0.5,0.3333333333333333
late,11,14,6,97,2,1,0.3032147464629376,1,0.0,0.16666666666666666
late,11,1,2,97,3,1,0.7008735037518656,1,1.0,0.5
late,11,13,2,97,3,3,0.35403229022558524,1,1.0,0.5
late,13,1,9,97,3,1,0.5109160209932623,1,1.0,0.1111111111111111
late,13,2,9,97,3,1,0.48644735648404464,2,0.5,0.2222222222222222
late,13,5,9,97,3,1,0.4788061987494065,1,1.0,0.1111111111111111
late,13,6,9,97,3,3,0.5006689366104937,1,1.0,0.1111111111111111
late,13,13,9,97,3,0,0.013581588671870266,1,0.0,0.1111111111111111
late,13,13,9,97,3,3,0.2463247089637058,2,0.0,0.2222222222222222
late,13,14,9,97,3,1,0.18434684508846902,1,0.0,0.1111111111111111
late,14,2,1,97,3,1,0.46803248232207756,1,0.0,1.0
late,1,1,10,98,1,1,0.6193496158445737,4,1.0,0.4
late,1,2,10,98,1,1,0.5923039642156472,1,0.0,0.1
late,1,5,10,98,1,1,0.5820789716419749,2,1.0,0.2
late,1,6,10,98,1,3,0.5941513378466473,1,0.0,0.1
late,1,13,10,98,1,3,0.3459224164276963,2,0.0,0.2
late,1,5,1,98,4,1,0.7591336114656421,1,1.0,1.0
late,2,2,2,98,1,1,0.5436649669332428,2,0.0,1.0
late,4,1,2,98,4,1,0.8268360986054963,1,1.0,0.5
late,4,5,2,98,4,1,0.7919537811290309,1,1.0,0.5
late,5,1,6,98,1,1,0.5975597582459146,2,1.0,0.3333333333333333
late,5,2,6,98,1,1,0.5648383391069997,2,0.5,0.3333333333333333
late,5,5,6,98,1,1,0.5447291986009843,1,0.0,0.16666666666666666
late,5,6,6,98,1,3,0.5615034211579483,1,1.0,0.16666666666666666
late,6,1,3,98,3,1,0.5925098750774254,3,0.6666666666666666,1.0
late,10,2,3,98,2,1,0.6378038071317066,3,0.3333333333333333,1.0
late,11,1,2,98,2,1,0.6881881664185068,1,1.0,0.5
late,11,13,2,98,2,3,0.44411013065992944,1,1.0,0.5
late,11,1,2,98,5,1,0.6609936894346925,2,0.5,1.0
late,13,2,9,98,3,1,0.5066710027610694,2,0.0,0.2222222222222222
late,13,5,9,98,3,1,0.49858579202679565,3,0.3333333333333333,0.3333333333333333
late,13,13,9,98,3,3,0.26583160348131313,4,0.0,0.4444444444444444
late,14,14,1,98,3,3,0.22657466719995403,1,1.0,1.0
late,1,2,5,99,1,0,0.01640943784341973,1,0.0,0.2
late,1,12,5,99,1,2,0.5356756696343257,3,0.0,0.6
late,1,13,5,99,1,0,0.0172659551380712,1,0.0,0.2
late,2,2,1,99,1,1,0.5906205659907664,1,1.0,1.0
late,8,1,4,99,3,1,0.6599665053419923,2,1.0,0.5
late,8,2,4,99,3,1,0.6247061856367706,1,1.0,0.25
late,8,5,4,99,3,1,0.6068602654161747,1,0.0,0.25
late,10,10,2,99,2,5,0.703486209492997,1,1.0,0.5
late,10,12,2,99,2,2,0.6221726187298349,1,1.0,0.5
late,10,1,1,99,5,1,0.7277075882677605,1,1.0,1.0
late,12,1,10,99,2,1,0.5809287074360033,4,0.0,0.4
late,12,1,10,99,2,4,0.5908547477670436,1,1.0,0.1
late,12,5,10,99,2,1,0.5614186512755719,1,1.0,0.1
late,12,9,10,99,2,2,0.5487439209124773,1,1.0,0.1
late,12,12,10,99,2,3,0.5371012853658204,1,1.0,0.1
late,12,13,10,99,2,3,0.40218497233964107,1,1.0,0.1
late,12,14,10,99,2,3,0.3366565165192882,1,0.0,0.1
late,12,1,2,99,5,1,0.5657973798239,1,0.0,0.5
late,12,13,2,99,5,3,0.4177670460743165,1,1.0,0.5
late,14,14,1,99,3,3,0.29239533779922905,1,0.0,1.0
late,1,1,36,100,1,1,0.5888861196609143,28,0.6071428571428571,0.7777777777777778
late,1,2,36,100,1,1,0.5583061560927655,4,0.0,0.1111111111111111
late,1,5,36,100,1,1,0.557050360914431,2,0.0,0.05555555555555555
late,1,10,36,100,1,2,0.4993397093512884,1,0.0,0.027777777777777776
late,1,13,36,100,1,3,0.33846265733401615,1,0.0,0.027777777777777776
late,2,2,1,100,1,1,0.5026678267991732,1,0.0,1.0
late,5,1,8,100,1,1,0.5596217737937186,6,0.5,0.75
late,5,2,8,100,1,1,0.5242992785072059,1,0.0,0.125
late,5,6,8,100,1,3,0.5325561776214343,1,0.0,0.125
late,6,1,5,100,3,1,0.5580170764050896,2,0.5,0.4
late,6,5,5,100,3,1,0.5031909401389678,1,1.0,0.2
late,6,6,5,100,3,3,0.5261114679901502,1,0.0,0.2
late,6,10,5,100,3,2,0.45024904286604245,1,1.0,0.2
late,10,1,13,100,2,1,0.6406706443266376,8,0.625,0.6153846153846154
late,10,5,13,100,2,1,0.6081249582818343,1,1.0,0.07692307692307693
late,10,6,13,100,2,3,0.6232118372081228,2,1.0,0.15384615384615385
late,10,13,13,100,2,3,0.4506289894450347,2,0.5,0.15384615384615385
late,11,1,1,100,2,1,0.6886319528629171,1,1.0,1.0
late,11,13,1,100,3,3,0.37147640881290617,1,0.0,1.0
late,13,1,6,100,3,1,0.5087959584759161,2,1.0,0.3333333333333333
late,13,2,6,100,3,1,0.48479514307872035,1,0.0,0.16666666666666666
late,13,3,6,100,3,2,0.5346510077260104,1,0.0,0.16666666666666666
late,13,13,6,100,3,3,0.25042572451653733,2,0.0,0.3333333333333333
late,14,2,1,100,1,1,0.47454467771614506,1,1.0,1.0
late,1,1,112,101,1,1,0.5224248619168285,51,0.43137254901960786,0.45535714285714285
late,1,2,112,101,1,1,0.49352775853589803,8,0.25,0.07142857142857142
late,1,3,112,101,1,2,0.548081768841206,1,1.0,0.008928571428571428
late,1,3,112,101,1,3,0.5482912673752129,2,0.0,0.017857142857142856
late,1,5,112,101,1,1,0.48564045685652246,12,0.3333333333333333,0.10714285714285714
late,1,6,112,101,1,3,0.5008575510455201,21,0.47619047619047616,0.1875
late,1,8,112,101,1,2,0.3976888553175262,1,0.0,0.008928571428571428
late,1,13,112,101,1,3,0.2661538437822409,15,0.13333333333333333,0.13392857142857142
late,1,14,112,101,1,3,0.2346904509184565,1,0.0,0.008928571428571428
late,2,1,28,101,1,1,0.47892739588765093,5,0.6,0.17857142857142858
late,2,2,28,101,1,1,0.4532529338902207,16,0.5,0.5714285714285714
late,2,5,28,101,1,1,0.4354201460773856,2,1.0,0.07142857142857142
late,2,6,28,101,1,3,0.4481491665620928,3,0.6666666666666666,0.10714285714285714
late,2,13,28,101,1,3,0.22611724115253634,2,0.0,0.07142857142857142
late,4,1,9,101,1,1,0.6396917767025746,2,1.0,0.2222222222222222
late,4,2,9,101,1,1,0.6058388264197822,1,1.0,0.1111111111111111
late,4,5,9,101,1,1,0.5844762315596687,3,1.0,0.3333333333333333
late,4,6,9,101,1,3,0.605177288547852,2,1.0,0.2222222222222222
late,4,13,9,101,1,3,0.35179557371336917,1,0.0,0.1111111111111111
late,4,1,16,101,4,1,0.7680084449304669,4,1.0,0.25
late,4,2,16,101,4,1,0.7420349185435556,1,1.0,0.0625
late,4,5,16,101,4,1,0.7259381149998719,4,1.0,0.25
late,4,6,16,101,4,3,0.7433728844002345,6,0.8333333333333334,0.375
late,4,13,16,101,4,3,0.4684385867814466,1,1.0,0.0625
late,5,1,23,101,1,1,0.5014698113152919,4,0.5,0.17391304347826086
late,5,2,23,101,1,1,0.4695990785275954,3,1.0,0.13043478260869565
late,5,5,23,101,1,1,0.4510203949682738,8,0.375,0.34782608695652173
late,5,6,23,101,1,3,0.4689166900743979,5,0.4,0.21739130434782608
late,5,13,23,101,1,3,0.23106746735646133,3,0.0,0.13043478260869565
late,6,1,45,101,3,1,0.500192978695776,8,0.125,0.17777777777777778
late,6,2,45,101,3,0,0.008822450774133054,2,0.0,0.044444444444444446
late,6,2,45,101,3,1,0.4642206193671506,7,0.5714285714285714,0.15555555555555556
late,6,5,45,101,3,1,0.4404194555357877,10,0.4,0.2222222222222222
late,6,6,45,101,3,3,0.4629226155594414,11,0.36363636363636365,0.24444444444444444
late,6,13,45,101,3,3,0.2082713502879584,7,0.2857142857142857,0.15555555555555556
late,7,10,1,101,1,2,0.5281153388763329,1,0.0,1.0
late,7,13,1,101,3,3,0.3510079376999069,1,0.0,1.0
late,8,13,1,101,3,3,0.27777931320872595,1,0.0,1.0
late,10,1,27,101,2,1,0.5831117878202244,2,1.0,0.07407407407407407
late,10,2,27,101,2,1,0.5522839306821873,5,0.8,0.18518518518518517
late,10,3,27,101,2,3,0.603478380861226,1,1.0,0.037037037037037035
late,10,5,27,101,2,1,0.5473838047750765,1,1.0,0.037037037037037035
late,10,6,27,101,2,3,0.5623389328376087,7,0.2857142857142857,0.25925925925925924
late,10,10,27,101,2,3,0.48458809292920835,1,0.0,0.037037037037037035
late,10,10,27,101,2,5,0.5511273715053707,1,0.0,0.037037037037037035
late,10,11,27,101,2,2,0.5036607871070135,1,0.0,0.037037037037037035
late,10,13,27,101,2,3,0.3543500025358974,8,0.375,0.2962962962962963
late,10,2,1,101,3,0,0.010103336090633727,1,0.0,1.0
late,10,13,1,101,5,3,0.40880631569653403,1,1.0,1.0
late,11,1,30,101,2,1,0.6359904154356222,18,0.7222222222222222,0.6
late,11,2,30,101,2,1,0.6027562443310567,3,0.3333333333333333,0.1
late,11,4,30,101,2,1,0.6205969182645278,1,1.0,0.03333333333333333
late,11,4,30,101,2,4,0.639002569965874,1,1.0,0.03333333333333333
late,11,5,30,101,2,1,0.6022461160901132,1,0.0,0.03333333333333333
late,11,7,30,101,2,3,0.5590504643140505,1,1.0,0.03333333333333333
late,11,10,30,101,2,2,0.54324628228928,2,0.5,0.06666666666666667
late,11,10,30,101,2,5,0.6068457597903706,1,1.0,0.03333333333333333
late,11,13,30,101,2,3,0.3496803799303749,2,1.0,0.06666666666666667
late,11,1,4,101,3,1,0.6197883281735417,1,1.0,0.25
late,11,6,4,101,3,3,0.5941708744151194,1,0.0,0.25
late,11,13,4,101,3,3,0.24803279904106396,2,0.0,0.5
late,12,6,1,101,5,3,0.43861615666007875,1,1.0,1.0
late,13,1,46,101,3,1,0.44366786176708767,3,0.0,0.06521739130434782
late,13,2,46,101,3,1,0.41948347038211214,14,0.42857142857142855,0.30434782608695654
late,13,3,46,101,3,2,0.4714744786574144,1,0.0,0.021739130434782608
late,13,5,46,101,3,1,0.4119505184765339,5,0.4,0.10869565217391304
late,13,6,46,101,3,3,0.43337662343318184,8,0.25,0.17391304347826086
late,13,13,46,101,3,0,0.00849985875238257,1,0.0,0.021739130434782608
late,13,13,46,101,3,3,0.19507835716428557,14,0.07142857142857142,0.30434782608695654
late,14,6,2,101,1,3,0.4175063677797537,1,0.0,0.5
late,14,14,2,101,1,1,0.15047731337684078,1,0.0,0.5
late,14,14,1,101,4,3,0.1516582221912872,1,0.0,1.0
late,1,1,15,102,1,1,0.6214687442787545,3,0.3333333333333333,0.2
late,1,3,15,102,1,3,0.6829384016506551,6,0.8333333333333334,0.4
late,1,6,15,102,1,2,0.605198793446203,1,0.0,0.06666666666666667
late,1,7,15,102,1,3,0.5549526483597844,1,1.0,0.06666666666666667
late,1,10,15,102,1,2,0.5345893391379026,1,0.0,0.06666666666666667
late,1,11,15,102,1,2,0.5372148799711025,2,1.0,0.13333333333333333
late,1,13,15,102,1,3,0.37439536098772463,1,0.0,0.06666666666666667
late,3,1,10,102,3,1,0.5936080304296218,1,1.0,0.1
late,3,2,10,102,3,1,0.5763956509465084,1,1.0,0.1
late,3,3,10,102,3,3,0.699093671148346,7,0.8571428571428571,0.7
late,3,13,10,102,3,3,0.31902075712912914,1,0.0,0.1
late,5,1,1,102,1,1,0.601462472943127,1,1.0,1.0
late,6,3,1,102,3,3,0.5983683925491856,1,0.0,1.0
late,10,1,6,102,2,1,0.6903512345859854,4,0.75,0.6666666666666666
late,10,3,6,102,2,3,0.6792499246483482,2,0.0,0.3333333333333333
late,11,3,3,102,2,3,0.7291616575595636,2,1.0,0.6666666666666666
late,11,13,3,102,2,3,0.45451793096299226,1,1.0,0.3333333333333333
late,14,13,1,102,3,0,0.018078759931428014,1,0.0,1.0
late,1,1,3,103,1,1,0.6790162578006943,3,0.3333333333333333,1.0
late,1,3,1,103,4,2,0.8760574368187217,1,1.0,1.0
late,4,13,1,103,1,3,0.5223343363805742,1,0.0,1.0
late,5,1,1,103,1,1,0.651673489828184,1,1.0,1.0
late,11,10,1,103,3,3,0.6514236350570494,1,1.0,1.0
late,11,1,2,103,5,1,0.7329089957646661,1,1.0,0.5
late,11,10,2,103,5,5,0.7325270324917859,1,1.0,0.5
late,13,2,3,103,3,1,0.5806636214207431,1,1.0,0.3333333333333333
late,13,6,3,103,3,3,0.5931248226861864,1,1.0,0.3333333333333333
late,13,13,3,103,3,3,0.33832851081841947,1,0.0,0.3333333333333333
late,1,1,16,104,1,0,0.015900534399975883,1,0.0,0.0625
late,1,1,16,104,1,1,0.6283996266466448,8,0.375,0.5
late,1,2,16,104,1,1,0.6059193064123538,3,0.6666666666666666,0.1875
late,1,5,16,104,1,0,0.01682971121474027,2,0.0,0.125
late,1,8,16,104,1,3,0.47655472151412015,1,1.0,0.0625
late,1,13,16,104,1,0,0.016554092054045164,1,0.0,0.0625
late,2,2,2,104,1,1,0.5735881127083922,1,1.0,0.5
late,2,13,2,104,1,0,0.01605937065151172,1,0.0,0.5
late,4,13,2,104,1,3,0.47423714601596756,2,1.0,1.0
late,4,1,1,104,4,1,0.8405395805982497,1,1.0,1.0
late,5,1,2,104,1,0,0.017924474449875667,1,0.0,0.5
late,5,1,2,104,1,1,0.6003320905974514,1,0.0,0.5
late,6,2,2,104,3,1,0.5624174364480174,1,1.0,0.5
late,6,8,2,104,3,3,0.41953937927340823,1,1.0,0.5
late,8,1,1,104,3,1,0.6558890465718646,1,0.0,1.0
late,13,1,2,104,3,1,0.5535606973805436,1,1.0,0.5
late,13,2,2,104,3,1,0.5290146237245985,1,1.0,0.5
late,3,13,1,105,3,3,0.30528668071797943,1,1.0,1.0
late,5,3,5,105,1,3,0.6224340706720224,3,0.6666666666666666,0.6
late,5,13,5,105,1,3,0.30259187836618145,2,0.0,0.4
late,6,1,4,105,2,1,0.586137944397388,1,1.0,0.25
late,6,5,4,105,2,1,0.525339799774974,1,1.0,0.25
late,6,6,4,105,2,2,0.5510324160995641,1,1.0,0.25
late,6,9,4,105,2,2,0.5021798499690416,1,1.0,0.25
late,8,9,1,105,3,2,0.5635367300685591,1,0.0,1.0
late,9,9,3,105,2,2,0.6056570276006383,1,0.0,0.3333333333333333
late,9,13,3,105,2,3,0.4656892144429802,2,0.0,0.6666666666666666
late,10,1,27,105,2,1,0.6759993919233318,1,0.0,0.037037037037037035
late,10,3,27,105,2,3,0.666659834426587,6,0.6666666666666666,0.2222222222222222
late,10,5,27,105,2,1,0.639751835135606,2,0.5,0.07407407407407407
late,10,9,27,105,2,2,0.6177676354689877,1,1.0,0.037037037037037035
late,10,10,27,105,2,2,0.5965390207843313,13,0.6923076923076923,0.48148148148148145
late,10,10,27,105,2,3,0.5757615245283684,3,1.0,0.1111111111111111
late,10,13,27,105,2,3,0.42482357921001984,1,0.0,0.037037037037037035
late,10,3,4,105,3,3,0.6851340896332084,1,1.0,0.25
late,10,5,4,105,3,1,0.6233471839178248,1,1.0,0.25
late,10,9,4,105,3,2,0.60109997130263,2,0.0,0.5
late,10,9,2,105,5,2,0.6763872907874553,2,0.0,1.0
late,12,3,3,105,2,3,0.5490300454561686,1,1.0,0.3333333333333333
late,12,10,3,105,2,2,0.4994881062570293,1,1.0,0.3333333333333333
late,12,10,3,105,2,5,0.5581430665441728,1,1.0,0.3333333333333333
late,13,13,1,105,3,0,0.015983519431832304,1,0.0,1.0
late,14,3,1,105,3,3,0.5520821062176793,1,0.0,1.0
late,1,1,45,106,1,1,0.5993809967255673,15,0.6666666666666666,0.3333333333333333
late,1,2,45,106,1,0,0.012876152255386141,2,0.0,0.044444444444444446
late,1,2,45,106,1,1,0.5742204410489193,4,0.25,0.08888888888888889
late,1,3,45,106,1,2,0.6469613897502878,1,1.0,0.022222222222222223
late,1,5,45,106,1,1,0.5658219454446132,9,0.6666666666666666,0.2
late,1,6,45,106,1,3,0.577411761908126,3,0.3333333333333333,0.06666666666666667
late,1,13,45,106,1,3,0.32897272933106814,10,0.6,0.2222222222222222
late,1,14,45,106,1,3,0.29325590687903125,1,0.0,0.022222222222222223
late,2,1,25,106,1,1,0.5566061660272404,9,0.7777777777777778,0.36
late,2,2,25,106,1,0,0.013123786758491402,1,0.0,0.04
late,2,2,25,106,1,1,0.5320197496612957,8,0.375,0.32
late,2,3,25,106,1,2,0.6284487706460906,1,0.0,0.04
late,2,5,25,106,1,1,0.5124269068354877,1,0.0,0.04
late,2,6,25,106,1,3,0.525172228133412,1,0.0,0.04
late,2,13,25,106,1,3,0.28441757102517956,4,0.25,0.16
late,3,3,1,106,2,2,0.6628430185867713,1,0.0,1.0
late,3,6,1,106,3,3,0.5528709737614821,1,0.0,1.0
late,4,1,15,106,1,1,0.720066174173422,2,0.5,0.13333333333333333
late,4,2,15,106,1,1,0.6892195574810452,2,1.0,0.13333333333333333
late,4,5,15,106,1,1,0.6719758131828782,1,1.0,0.06666666666666667
late,4,6,15,106,1,3,0.6887545257132015,6,0.8333333333333334,0.4
late,4,10,15,106,1,2,0.6112456034250929,1,1.0,0.06666666666666667
late,4,13,15,106,1,3,0.4463219341030543,3,0.6666666666666666,0.2
late,4,1,8,106,4,1,0.8272316715051116,1,0.0,0.125
late,4,2,8,106,4,1,0.8056288999697612,1,1.0,0.125
late,4,5,8,106,4,1,0.7918011382789749,1,0.0,0.125
late,4,6,8,106,4,3,0.8057614623813782,4,1.0,0.5
late,4,13,8,106,4,3,0.5564753820573114,1,0.0,0.125
late,5,1,13,106,1,1,0.5845333942886327,1,0.0,0.07692307692307693
late,5,2,13,106,1,1,0.5567621779707186,4,1.0,0.3076923076923077
late,5,5,13,106,1,1,0.5373871106881503,6,0.5,0.46153846153846156
late,5,6,13,106,1,0,0.014330039907948254,1,0.0,0.07692307692307693
late,5,13,13,106,1,3,0.2931776920064579,1,0.0,0.07692307692307693
late,6,2,18,106,3,1,0.5392413219352984,7,0.2857142857142857,0.3888888888888889
late,6,3,18,106,3,2,0.5813958228052603,1,1.0,0.05555555555555555
late,6,3,18,106,3,3,0.5865208587318427,1,1.0,0.05555555555555555
late,6,5,18,106,3,1,0.5179175155412719,5,0.6,0.2777777777777778
late,6,6,18,106,3,3,0.5412568773246246,3,0.6666666666666666,0.16666666666666666
late,6,13,18,106,3,3,0.2708177072213083,1,0.0,0.05555555555555555
late,7,2,3,106,1,1,0.6654267194008395,1,0.0,0.3333333333333333
late,7,5,3,106,1,1,0.653758510284939,2,0.5,0.6666666666666666
late,10,2,9,106,2,1,0.6284540953486333,3,1.0,0.3333333333333333
late,10,3,9,106,2,3,0.6748928092579757,1,1.0,0.1111111111111111
late,10,4,9,106,2,1,0.6494022281613501,1,1.0,0.1111111111111111
late,10,5,9,106,2,1,0.6262356344181397,1,0.0,0.1111111111111111
late,10,6,9,106,2,3,0.6403164979688308,1,1.0,0.1111111111111111
late,10,13,9,106,2,3,0.42077620648611863,2,0.5,0.2222222222222222
late,11,1,8,106,2,1,0.7110369452289513,7,0.8571428571428571,0.875
late,11,6,8,106,2,3,0.688831270303522,1,1.0,0.125
late,13,1,19,106,3,1,0.5226044178444879,2,1.0,0.10526315789473684
late,13,2,19,106,3,1,0.4986800772529676,8,0.25,0.42105263157894735
late,13,5,19,106,3,1,0.4910920907202698,5,0.2,0.2631578947368421
late,13,10,19,106,3,2,0.44865070662854645,1,1.0,0.05263157894736842
late,13,13,19,106,3,0,0.014301897780214123,1,0.0,0.05263157894736842
late,13,13,19,106,3,3,0.26080520473573315,2,0.5,0.10526315789473684
late,14,13,1,106,1,3,0.263258861263118,1,0.0,1.0
late,1,1,28,107,1,1,0.644377922890852,12,0.75,0.42857142857142855
late,1,2,28,107,1,1,0.6181881234163955,3,0.6666666666666666,0.10714285714285714
late,1,3,28,107,1,3,0.6903472198437145,1,1.0,0.03571428571428571
late,1,5,28,107,1,1,0.6161262616361116,2,0.5,0.07142857142857142
late,1,6,28,107,1,3,0.6276664370706121,3,0.0,0.10714285714285714
late,1,13,28,107,1,0,0.018782470177673642,2,0.0,0.07142857142857142
late,1,13,28,107,1,3,0.38555560191351557,5,0.2,0.17857142857142858
late,2,1,13,107,1,1,0.618742203312139,1,0.0,0.07692307692307693
late,2,2,13,107,1,1,0.582363466825326,9,0.5555555555555556,0.6923076923076923
late,2,13,13,107,1,3,0.34861390337374176,3,1.0,0.23076923076923078
late,4,13,1,107,1,3,0.4866753782620841,1,0.0,1.0
late,5,1,7,107,1,1,0.6342778398032832,2,0.5,0.2857142857142857
late,5,5,7,107,1,1,0.5843253681750581,3,1.0,0.42857142857142855
late,5,6,7,107,1,3,0.6007919816419054,2,1.0,0.2857142857142857
late,6,1,13,107,3,0,0.020458274169984716,2,0.0,0.15384615384615385
late,6,1,13,107,3,1,0.6359379068084844,1,0.0,0.07692307692307693
late,6,2,13,107,3,1,0.6010924774474502,4,0.75,0.3076923076923077
late,6,5,13,107,3,1,0.5798440843917677,2,0.5,0.15384615384615385
late,6,6,13,107,3,3,0.5993465063933219,2,1.0,0.15384615384615385
late,6,13,13,107,3,0,0.019260954429466657,2,0.0,0.15384615384615385
late,7,2,1,107,3,1,0.7759082174161954,1,1.0,1.0
late,10,1,11,107,2,1,0.7041113583385957,2,1.0,0.18181818181818182
late,10,2,11,107,2,1,0.6767044895027599,3,0.6666666666666666,0.2727272727272727
late,10,5,11,107,2,1,0.674918454546639,3,1.0,0.2727272727272727
late,10,6,11,107,2,3,0.688336263270655,1,1.0,0.09090909090909091
late,10,13,11,107,2,3,0.4776681501014755,2,1.0,0.18181818181818182
late,10,1,5,107,3,1,0.7080227854668996,1,1.0,0.2
late,10,2,5,107,3,1,0.6810304798762521,3,1.0,0.6
late,10,6,5,107,3,3,0.683411580166175,1,1.0,0.2
late,11,2,6,107,2,1,0.7238022468275122,1,1.0,0.16666666666666666
late,11,6,6,107,2,3,0.7335803781317226,1,1.0,0.16666666666666666
late,11,7,6,107,2,1,0.6909690997904449,1,1.0,0.16666666666666666
late,11,7,6,107,2,3,0.6762524699962998,1,1.0,0.16666666666666666
late,11,10,6,107,2,2,0.6636848842792195,1,1.0,0.16666666666666666
late,11,11,6,107,2,2,0.6697752201925274,1,1.0,0.16666666666666666
late,11,6,1,107,3,3,0.7376615128681442,1,1.0,1.0
late,13,1,33,107,3,1,0.5783235000373285,8,0.5,0.24242424242424243
late,13,2,33,107,3,1,0.5531730991155629,12,0.3333333333333333,0.36363636363636365
late,13,5,33,107,3,1,0.5442187080528057,1,1.0,0.030303030303030304
late,13,6,33,107,3,3,0.5661076953641678,2,1.0,0.06060606060606061
late,13,13,33,107,3,0,0.019959224505689214,4,0.0,0.12121212121212122
late,13,13,33,107,3,3,0.3152030582100051,6,0.3333333333333333,0.18181818181818182
late,1,2,4,108,1,1,0.6995543504507136,2,1.0,0.5
late,1,5,4,108,1,1,0.6927334197549726,1,1.0,0.25
late,1,13,4,108,1,3,0.4733458457742593,1,1.0,0.25
late,2,1,1,108,1,1,0.6719281800004464,1,0.0,1.0
late,4,2,1,108,1,1,0.7954815413052135,1,1.0,1.0
late,5,1,2,108,1,1,0.7031467988139536,1,0.0,0.5
late,5,2,2,108,1,1,0.6680679742498509,1,1.0,0.5
late,7,5,1,108,1,1,0.7991182382061873,1,1.0,1.0
late,10,2,2,108,2,1,0.7420531226333326,1,1.0,0.5
late,10,5,2,108,2,1,0.7396155381153123,1,1.0,0.5
late,1,1,7,109,1,1,0.5822950921033125,4,0.5,0.5714285714285714
late,1,5,7,109,1,1,0.5484671902075815,1,1.0,0.14285714285714285
late,1,13,7,109,1,3,0.3177690614519032,2,0.5,0.2857142857142857
late,2,2,3,109,1,1,0.524463464651982,1,0.0,0.3333333333333333
late,2,5,3,109,1,1,0.5044857655439642,1,0.0,0.3333333333333333
late,2,13,3,109,1,3,0.2923048896605307,1,1.0,0.3333333333333333
late,5,1,12,109,1,1,0.5610776608381286,4,0.75,0.3333333333333333
late,5,2,12,109,1,1,0.5228370988361558,1,1.0,0.08333333333333333
late,5,5,12,109,1,1,0.5099608362772889,6,0.3333333333333333,0.5
late,5,13,12,109,1,3,0.2856169868984641,1,1.0,0.08333333333333333
late,6,1,10,109,3,1,0.5535586985340022,2,0.0,0.2
late,6,2,10,109,3,1,0.5154214479395314,1,0.0,0.1
late,6,5,10,109,3,1,0.49840716129544005,3,1.0,0.3
late,6,6,10,109,3,3,0.5211997678133791,2,0.5,0.2
late,6,13,10,109,3,3,0.2609463990273995,2,0.0,0.2
late,7,13,1,109,1,3,0.44968215961213387,1,0.0,1.0
late,10,2,5,109,2,1,0.6107099329917671,2,0.5,0.4
late,10,5,5,109,2,1,0.6069884420091408,1,0.0,0.2
late,10,13,5,109,2,3,0.42515723716551995,2,1.0,0.4
late,11,11,1,109,2,2,0.5977354294469198,1,1.0,1.0
late,13,1,15,109,3,1,0.5016661632083074,1,0.0,0.06666666666666667
late,13,2,15,109,3,1,0.47781451344982706,2,0.0,0.13333333333333333
late,13,5,15,109,3,1,0.47130360607921173,3,0.6666666666666666,0.2
late,13,6,15,109,3,3,0.4934346437492905,6,0.16666666666666666,0.4
late,13,13,15,109,3,3,0.2644310217623761,3,0.3333333333333333,0.2
late,14,14,1,109,1,1,0.2463306218730193,1,0.0,1.0
late,1,5,5,110,1,1,0.5903869672585192,3,0.3333333333333333,0.6
late,1,6,5,110,1,3,0.6035897785971246,1,1.0,0.2
late,1,13,5,110,1,3,0.3740631254889223,1,0.0,0.2
late,2,1,4,110,1,1,0.568846931866109,1,0.0,0.25
late,2,2,4,110,1,1,0.5439027266243677,2,0.5,0.5
late,2,5,4,110,1,1,0.5273122725543844,1,0.0,0.25
late,4,6,1,110,1,3,0.6897821279942886,1,1.0,1.0
late,4,2,1,110,4,1,0.8015994623143414,1,1.0,1.0
late,5,1,6,110,1,1,0.5971744118462067,1,0.0,0.16666666666666666
late,5,2,6,110,1,1,0.575198318587013,1,0.0,0.16666666666666666
late,5,6,6,110,1,3,0.5632396862975793,2,1.0,0.3333333333333333
late,5,13,6,110,1,3,0.3039444008816983,1,0.0,0.16666666666666666
late,5,14,6,110,1,1,0.23404721906837178,1,0.0,0.16666666666666666
late,6,3,19,110,3,2,0.6157098705809583,2,1.0,0.10526315789473684
late,6,5,19,110,3,0,0.01642435309650047,2,0.0,0.10526315789473684
late,6,5,19,110,3,1,0.5378580573890698,2,1.0,0.10526315789473684
late,6,6,19,110,3,0,0.016431649928282447,1,0.0,0.05263157894736842
late,6,6,19,110,3,3,0.5598685346937827,10,0.7,0.5263157894736842
late,6,13,19,110,3,3,0.28793056835224656,2,0.5,0.10526315789473684
late,7,6,2,110,1,3,0.6904224241019731,2,0.5,1.0
late,10,1,7,110,2,1,0.6677495484890473,2,1.0,0.2857142857142857
late,10,3,7,110,2,2,0.6966831660094733,2,0.0,0.2857142857142857
late,10,7,7,110,2,1,0.6103092469549455,1,0.0,0.14285714285714285
late,10,13,7,110,2,3,0.4549687408393641,2,0.5,0.2857142857142857
late,11,1,12,110,2,1,0.7213262145838438,4,1.0,0.3333333333333333
late,11,5,12,110,2,1,0.6881206362967457,1,1.0,0.08333333333333333
late,11,6,12,110,2,3,0.701219081670626,4,1.0,0.3333333333333333
late,11,7,12,110,2,1,0.6635009803453995,1,1.0,0.08333333333333333
late,11,10,12,110,2,2,0.6395532846227371,1,1.0,0.08333333333333333
late,11,13,12,110,2,3,0.4381080389607273,1,0.0,0.08333333333333333
late,13,5,3,110,3,1,0.4974965753751472,1,0.0,0.3333333333333333
late,13,6,3,110,3,3,0.5194843281456019,1,0.0,0.3333333333333333
late,13,13,3,110,3,3,0.2525058924428509,1,1.0,0.3333333333333333
late,14,14,1,110,1,1,0.20915678179182406,1,0.0,1.0
late,1,1,60,111,1,1,0.518885991919673,34,0.35294117647058826,0.5666666666666667
late,1,2,60,111,1,1,0.49631041934951703,2,0.0,0.03333333333333333
late,1,5,60,111,1,1,0.4863084962059714,5,0.4,0.08333333333333333
late,1,6,60,111,1,2,0.4964509116538813,1,1.0,0.016666666666666666
late,1,13,60,111,1,0,0.0076148709356668376,1,0.0,0.016666666666666666
late,1,13,60,111,1,3,0.25988778213831465,13,0.38461538461538464,0.21666666666666667
late,1,14,60,111,1,1,0.19770624293639422,4,0.0,0.06666666666666667
late,2,1,6,111,1,1,0.475326511764026,3,0.0,0.5
late,2,2,6,111,1,1,0.4534649000159637,1,1.0,0.16666666666666666
late,2,5,6,111,1,1,0.4320181637588765,1,0.0,0.16666666666666666
late,2,9,6,111,1,2,0.4036654638008326,1,1.0,0.16666666666666666
late,4,1,10,111,1,1,0.6497860271783507,2,0.5,0.2
late,4,5,10,111,1,1,0.595963212499848,3,0.6666666666666666,0.3
late,4,6,10,111,1,3,0.6131329327769959,1,1.0,0.1
late,4,13,10,111,1,3,0.3690642889926686,4,0.0,0.4
late,5,1,23,111,1,1,0.5119937991623267,11,0.2727272727272727,0.4782608695652174
late,5,2,23,111,1,4,0.5285724778655088,1,1.0,0.043478260869565216
late,5,5,23,111,1,1,0.45830684917283504,3,0.3333333333333333,0.13043478260869565
late,5,6,23,111,1,3,0.47463736768833015,1,0.0,0.043478260869565216
late,5,12,23,111,1,2,0.3986471468264668,1,1.0,0.043478260869565216
late,5,13,23,111,1,3,0.23589452450284173,6,0.16666666666666666,0.2608695652173913
late,6,1,4,111,3,1,0.5181722324313328,2,1.0,0.5
late,6,5,4,111,3,1,0.45212383779813115,1,0.0,0.25
late,6,13,4,111,3,3,0.21156461846398514,1,0.0,0.25
late,7,1,4,111,1,1,0.6272611731746963,1,1.0,0.25
late,7,13,4,111,1,0,0.008431617200919226,1,0.0,0.25
late,7,13,4,111,1,3,0.38377472227388204,2,0.5,0.5
late,7,13,1,111,3,3,0.3255535532136256,1,0.0,1.0
late,10,1,29,111,2,1,0.5770424137359093,4,0.5,0.13793103448275862
late,10,2,29,111,2,1,0.5456624462350324,8,0.375,0.27586206896551724
late,10,3,29,111,2,2,0.5992659242568276,1,1.0,0.034482758620689655
late,10,3,29,111,2,3,0.5992068258440912,2,1.0,0.06896551724137931
late,10,4,29,111,2,1,0.568845718056735,1,1.0,0.034482758620689655
late,10,6,29,111,2,3,0.5583319830333093,3,0.6666666666666666,0.10344827586206896
late,10,10,29,111,2,2,0.49861791617272444,2,1.0,0.06896551724137931
late,10,12,29,111,2,2,0.5058924784475631,3,0.3333333333333333,0.10344827586206896
late,10,13,29,111,2,0,0.009056459797085342,1,0.0,0.034482758620689655
late,10,13,29,111,2,3,0.36549981192607345,4,0.25,0.13793103448275862
late,11,1,19,111,2,1,0.6163172323217552,3,0.6666666666666666,0.15789473684210525
late,11,2,19,111,2,1,0.5852949459295801,1,1.0,0.05263157894736842
late,11,4,19,111,2,1,0.6081254424187735,1,1.0,0.05263157894736842
late,11,5,19,111,2,1,0.5846743461809407,2,1.0,0.10526315789473684
late,11,6,19,111,2,3,0.5995914161840371,1,1.0,0.05263157894736842
late,11,7,19,111,2,1,0.5584401740021822,1,1.0,0.05263157894736842
late,11,10,19,111,2,2,0.5320325066723308,1,1.0,0.05263157894736842
late,11,11,19,111,2,2,0.5343860145236755,1,1.0,0.05263157894736842
late,11,13,19,111,2,0,0.008283392462689273,1,0.0,0.05263157894736842
late,11,13,19,111,2,3,0.3388201795864756,7,0.14285714285714285,0.3684210526315789
late,12,1,21,111,2,1,0.49173505100257653,1,1.0,0.047619047619047616
late,12,2,21,111,2,1,0.46776063488770003,1,0.0,0.047619047619047616
late,12,3,21,111,2,2,0.5247544870491883,2,1.0,0.09523809523809523
late,12,5,21,111,2,1,0.4701021986734478,1,0.0,0.047619047619047616
late,12,10,21,111,2,2,0.4419991926648744,1,1.0,0.047619047619047616
late,12,12,21,111,2,2,0.4479440368228976,11,0.6363636363636364,0.5238095238095238
late,12,12,21,111,2,5,0.5056351016574696,2,0.0,0.09523809523809523
late,12,13,21,111,2,3,0.31916688182230385,2,1.0,0.09523809523809523
late,12,5,4,111,5,1,0.3967728175698181,2,0.5,0.5
late,12,10,4,111,5,2,0.4121453588992081,1,0.0,0.25
late,12,12,4,111,5,5,0.47686250041977263,1,1.0,0.25
late,13,1,20,111,3,1,0.45520140408269605,8,0.25,0.4
late,13,2,20,111,3,1,0.4318416024288931,1,0.0,0.05
late,13,5,20,111,3,1,0.42330533363178685,2,0.5,0.1
late,13,6,20,111,3,3,0.4438494270829982,2,0.5,0.1
late,13,13,20,111,3,3,0.22347988664558324,6,0.0,0.3
late,13,14,20,111,3,1,0.16756962562619077,1,1.0,0.05
late,14,1,3,111,1,1,0.4394482727265923,1,1.0,0.3333333333333333
late,14,2,3,111,1,1,0.4090219118535092,2,0.5,0.6666666666666666
late,1,1,38,112,1,1,0.5097731797391274,4,0.75,0.10526315789473684
late,1,2,38,112,1,1,0.47935144843331656,6,0.3333333333333333,0.15789473684210525
late,1,3,38,112,1,2,0.5328370863034477,2,0.5,0.05263157894736842
late,1,5,38,112,1,1,0.4788104940727433,13,0.23076923076923078,0.34210526315789475
late,1,6,38,112,1,3,0.49221056398989416,7,0.42857142857142855,0.18421052631578946
late,1,13,38,112,1,3,0.26813566393440996,6,0.16666666666666666,0.15789473684210525
late,2,1,13,112,1,1,0.4731933049631053,1,0.0,0.07692307692307693
late,2,2,13,112,1,1,0.4390781620607583,9,0.4444444444444444,0.6923076923076923
late,2,3,13,112,1,2,0.49109463022235883,1,0.0,0.07692307692307693
late,2,5,13,112,1,1,0.4234924776434565,1,0.0,0.07692307692307693
late,2,13,13,112,1,3,0.21937778266792823,1,0.0,0.07692307692307693
late,3,3,1,112,2,2,0.5766667816290159,1,1.0,1.0
late,4,1,4,112,1,1,0.6250665414148253,1,1.0,0.25
late,4,5,4,112,1,1,0.5713367408854794,1,0.0,0.25
late,4,6,4,112,1,3,0.5936591580064042,2,1.0,0.5
late,5,1,28,112,1,1,0.4875311502582546,8,0.25,0.2857142857142857
late,5,2,28,112,1,0,0.00797939915360785,1,0.0,0.03571428571428571
late,5,2,28,112,1,1,0.45260446042775515,3,0.6666666666666666,0.10714285714285714
late,5,3,28,112,1,2,0.4920416534109197,1,1.0,0.03571428571428571
late,5,5,28,112,1,1,0.43929086707443377,7,0.2857142857142857,0.25
late,5,6,28,112,1,3,0.4573780804346363,1,1.0,0.03571428571428571
late,5,13,28,112,1,3,0.2265975928195649,7,0.2857142857142857,0.25
late,6,1,23,112,3,1,0.4896727985936915,4,0.5,0.17391304347826086
late,6,3,23,112,3,2,0.5119774175208741,2,0.5,0.08695652173913043
late,6,5,23,112,3,1,0.4304122739215932,3,0.3333333333333333,0.13043478260869565
late,6,6,23,112,3,3,0.45122942958675905,5,0.6,0.21739130434782608
late,6,13,23,112,3,3,0.2028590636366293,7,0.5714285714285714,0.30434782608695654
late,6,14,23,112,3,1,0.1432567573042475,2,0.0,0.08695652173913043
late,7,6,2,112,1,3,0.5892488563692077,2,1.0,1.0
late,10,1,6,112,2,1,0.5790191324203755,3,0.6666666666666666,0.5
late,10,2,6,112,2,1,0.5446161058823938,2,0.0,0.3333333333333333
late,10,6,6,112,2,3,0.5565698904088486,1,0.0,0.16666666666666666
late,10,13,1,112,3,3,0.239753391600017,1,0.0,1.0
late,11,1,4,112,2,1,0.6260149674386328,3,0.6666666666666666,0.75
late,11,5,4,112,2,1,0.5977889419744804,1,1.0,0.25
late,13,2,15,112,3,1,0.4087197896578733,2,1.0,0.13333333333333333
late,13,5,15,112,3,1,0.40251145671628835,1,1.0,0.06666666666666667
late,13,6,15,112,3,3,0.4241549389698879,4,0.25,0.26666666666666666
late,13,13,15,112,3,3,0.2053197668410853,8,0.0,0.5333333333333333
late,14,14,1,112,1,1,0.1458121864543004,1,0.0,1.0
late,1,6,2,113,1,3,0.5342921586766008,1,0.0,0.5
late,1,13,2,113,1,3,0.2969839896667008,1,0.0,0.5
late,2,13,1,113,1,3,0.24381097786582612,1,0.0,1.0
late,3,6,1,113,2,3,0.48363465239506326,1,0.0,1.0
late,4,6,1,113,1,3,0.6293235819180983,1,1.0,1.0
late,5,5,3,113,1,1,0.4733713204965928,1,1.0,0.3333333333333333
late,5,13,3,113,1,3,0.23594842189957285,2,0.0,0.6666666666666666
late,6,3,13,113,3,2,0.5686438138843504,1,0.0,0.07692307692307693
late,6,5,13,113,3,1,0.4670447423058164,2,1.0,0.15384615384615385
late,6,6,13,113,3,3,0.4859677613915587,3,0.3333333333333333,0.23076923076923078
late,6,13,13,113,3,3,0.228652911791924,7,0.0,0.5384615384615384
late,7,3,3,113,1,2,0.6788871080505462,1,0.0,0.3333333333333333
late,7,6,3,113,1,3,0.6304907171376033,1,1.0,0.3333333333333333
late,7,13,3,113,1,3,0.40761029778477204,1,1.0,0.3333333333333333
late,10,13,4,113,2,3,0.40271835147540697,4,0.25,1.0
late,10,2,1,113,3,1,0.5691273013395176,1,1.0,1.0
late,11,1,5,113,2,1,0.6776298826214795,3,0.6666666666666666,0.6
late,11,2,5,113,2,1,0.6406271105215844,1,1.0,0.2
late,11,6,5,113,2,3,0.6535336767081648,1,1.0,0.2
late,13,5,11,113,3,1,0.45513083661126275,1,0.0,0.09090909090909091
late,13,6,11,113,3,3,0.47313297439406893,2,1.0,0.18181818181818182
late,13,13,11,113,3,3,0.24575260023948584,8,0.125,0.7272727272727273
late,9,12,1,114,2,2,0.6403279755026475,1,1.0,1.0
late,10,3,19,114,2,3,0.7159502083949123,9,0.7777777777777778,0.47368421052631576
late,10,10,19,114,2,2,0.6562520392046846,3,1.0,0.15789473684210525
late,10,10,19,114,2,3,0.6371537640024523,1,1.0,0.05263157894736842
late,10,12,19,114,2,2,0.6511421469676274,5,0.8,0.2631578947368421
late,10,12,19,114,2,3,0.653973849223381,1,1.0,0.05263157894736842
late,10,12,1,114,3,2,0.635268903868109,1,0.0,1.0
late,12,2,7,114,2,1,0.5964269933361065,1,1.0,0.14285714285714285
late,12,5,7,114,2,1,0.5974455791824178,1,0.0,0.14285714285714285
late,12,10,7,114,2,2,0.5687593119251342,3,0.3333333333333333,0.42857142857142855
late,12,12,7,114,2,2,0.5697145695557679,2,0.5,0.2857142857142857
late,12,10,1,114,5,5,0.625160551570759,1,0.0,1.0
late,13,13,1,114,3,3,0.35738710073897906,1,0.0,1.0
late,1,1,50,115,1,0,0.019214321777664543,1,0.0,0.02
late,1,1,50,115,1,1,0.6674391303354558,15,0.4666666666666667,0.3
late,1,2,50,115,1,1,0.6436110902252407,4,0.5,0.08
late,1,3,50,115,1,2,0.708025924672992,4,0.75,0.08
late,1,3,50,115,1,3,0.7079218507625861,1,1.0,0.02
late,1,5,50,115,1,1,0.6319408721932228,13,0.6153846153846154,0.26
late,1,6,50,115,1,3,0.6430352459504185,7,0.5714285714285714,0.14
late,1,13,50,115,1,0,0.020443378786310112,1,0.0,0.02
late,1,13,50,115,1,3,0.3905637452743177,4,0.75,0.08
late,2,1,19,115,1,1,0.6298933278999869,6,1.0,0.3157894736842105
late,2,2,19,115,1,1,0.5995914863748799,7,0.7142857142857143,0.3684210526315789
late,2,5,19,115,1,1,0.5846424922073389,2,0.5,0.10526315789473684
late,2,13,19,115,1,3,0.357369438127914,4,0.5,0.21052631578947367
late,3,3,2,115,2,2,0.7210068331960123,2,1.0,1.0
late,3,13,1,115,3,3,0.3311009239799635,1,0.0,1.0
late,4,1,2,115,1,1,0.7817932681483952,1,1.0,0.5
late,4,5,2,115,1,1,0.7369622990432316,1,0.0,0.5
late,5,1,36,115,1,1,0.6536025267579059,5,0.8,0.1388888888888889
late,5,2,36,115,1,1,0.6229323630777724,1,0.0,0.027777777777777776
late,5,5,36,115,1,1,0.6028900949009731,25,0.52,0.6944444444444444
late,5,6,36,115,1,3,0.619526140127002,2,0.5,0.05555555555555555
late,5,13,36,115,1,0,0.020509514933117232,1,0.0,0.027777777777777776
late,5,13,36,115,1,3,0.36067492358192865,1,1.0,0.027777777777777776
late,5,14,36,115,1,1,0.285531341043599,1,1.0,0.027777777777777776
late,6,1,31,115,3,1,0.652148392811035,3,1.0,0.0967741935483871
late,6,2,31,115,3,1,0.6191134168476836,2,1.0,0.06451612903225806
late,6,3,31,115,3,2,0.6789976282915374,4,0.25,0.12903225806451613
late,6,5,31,115,3,1,0.5935602151401775,7,0.2857142857142857,0.22580645161290322
late,6,6,31,115,3,3,0.6132491951116538,9,0.7777777777777778,0.2903225806451613
late,6,13,31,115,3,3,0.3377724326346189,6,0.5,0.1935483870967742
late,7,2,4,115,1,1,0.7361399915595179,2,0.5,0.5
late,7,5,4,115,1,1,0.7270354140444723,2,1.0,0.5
late,7,6,2,115,3,3,0.7206915277563097,1,0.0,0.5
late,7,13,2,115,3,3,0.46753429426889814,1,0.0,0.5
late,8,1,3,115,3,1,0.6888405141988222,1,0.0,0.3333333333333333
late,8,6,3,115,3,3,0.6579260885393384,1,1.0,0.3333333333333333
late,8,12,3,115,3,2,0.5904376426111725,1,0.0,0.3333333333333333
late,9,6,2,115,2,3,0.6941132639739365,1,1.0,0.5
late,9,12,2,115,2,2,0.6315672488605861,1,1.0,0.5
late,10,1,24,115,2,1,0.7195316130877041,3,1.0,0.125
late,10,2,24,115,2,1,0.6917443298283708,3,0.6666666666666666,0.125
late,10,3,24,115,2,2,0.7459734354002414,1,1.0,0.041666666666666664
late,10,5,24,115,2,1,0.6898543765562196,4,0.75,0.16666666666666666
late,10,6,24,115,2,3,0.7026481421538361,5,0.6,0.20833333333333334
late,10,12,24,115,2,2,0.6538419653689506,3,1.0,0.125
late,10,12,24,115,2,3,0.6557502867508613,1,1.0,0.041666666666666664
late,10,13,24,115,2,3,0.5071193704782433,4,0.5,0.16666666666666666
late,10,2,3,115,3,1,0.6838625539516924,1,1.0,0.3333333333333333
late,10,3,3,115,3,3,0.7465482023292633,1,1.0,0.3333333333333333
late,10,6,3,115,3,3,0.6863250166628431,1,0.0,0.3333333333333333
late,10,6,2,115,5,3,0.7368210940983336,1,1.0,0.5
late,10,12,2,115,5,2,0.7396340658549809,1,1.0,0.5
late,11,1,10,115,2,1,0.7593571795997707,3,0.6666666666666666,0.3
late,11,5,10,115,2,1,0.7319763561594109,1,1.0,0.1
late,11,6,10,115,2,3,0.7423168832353457,1,0.0,0.1
late,11,7,10,115,2,1,0.7039479275357257,3,1.0,0.3
late,11,7,10,115,2,3,0.6910675318170012,1,0.0,0.1
late,11,13,10,115,2,3,0.4823324310927661,1,0.0,0.1
late,11,1,1,115,3,1,0.7798885832519189,1,1.0,1.0
late,12,2,31,115,2,1,0.5854273223884656,1,0.0,0.03225806451612903
late,12,6,31,115,2,2,0.6107804520082922,1,1.0,0.03225806451612903
late,12,12,31,115,2,2,0.5652503833771586,26,0.46153846153846156,0.8387096774193549
late,12,12,31,115,2,3,0.5690142309157583,1,0.0,0.03225806451612903
late,12,13,31,115,2,0,0.020998281466186004,1,0.0,0.03225806451612903
late,12,13,31,115,2,3,0.43921978406285705,1,0.0,0.03225806451612903
late,12,3,1,115,3,2,0.6178905757014944,1,0.0,1.0
late,12,12,1,115,5,2,0.5421257073666816,1,0.0,1.0
late,13,1,24,115,3,1,0.5909051058091809,3,1.0,0.125
late,13,2,24,115,3,0,0.022093692702416973,1,0.0,0.041666666666666664
late,13,2,24,115,3,1,0.566086356003274,7,0.7142857142857143,0.2916666666666667
late,13,3,24,115,3,2,0.6181617085271015,2,0.5,0.08333333333333333
late,13,5,24,115,3,1,0.5572852083922814,1,0.0,0.041666666666666664
late,13,6,24,115,3,3,0.5791663910460265,4,0.5,0.16666666666666666
late,13,12,24,115,3,3,0.5228618498694224,1,0.0,0.041666666666666664
late,13,13,24,115,3,3,0.3330315834534639,5,0.4,0.20833333333333334
late,14,13,1,115,1,3,0.32900567684485554,1,0.0,1.0
late,1,1,1,116,1,1,0.5718098973187321,1,1.0,1.0
late,5,6,4,116,1,3,0.5162646704183029,2,0.0,0.5
late,5,13,4,116,1,3,0.275621055635722,2,0.0,0.5
late,6,1,8,116,3,1,0.5515043659339574,1,0.0,0.125
late,6,3,8,116,3,3,0.5715192602627786,1,1.0,0.125
late,6,5,8,116,3,1,0.4923853510888216,3,0.6666666666666666,0.375
late,6,6,8,116,3,3,0.5137268779904914,1,0.0,0.125
late,6,13,8,116,3,3,0.24638116519825473,2,0.0,0.25
late,10,1,14,116,2,1,0.628085330520671,1,1.0,0.07142857142857142
late,10,10,14,116,2,2,0.5449582906075909,9,0.5555555555555556,0.6428571428571429
late,10,11,14,116,2,2,0.5456242692299614,2,0.5,0.14285714285714285
late,10,12,14,116,2,2,0.5557238401134923,1,1.0,0.07142857142857142
late,10,13,14,116,2,0,0.012123534809799275,1,0.0,0.07142857142857142
late,10,13,1,116,3,3,0.28019584323350544,1,0.0,1.0
late,10,10,1,116,5,2,0.6476233553602733,1,1.0,1.0
late,11,10,1,116,2,2,0.5979356671519881,1,1.0,1.0
late,13,13,1,116,3,3,0.1932958884369599,1,0.0,1.0
late,1,1,9,117,1,1,0.6330860616769394,6,0.8333333333333334,0.6666666666666666
late,1,2,9,117,1,1,0.6102088710308569,1,0.0,0.1111111111111111
late,1,6,9,117,1,3,0.6134813147441169,1,1.0,0.1111111111111111
late,1,13,9,117,1,3,0.3577407135199961,1,0.0,0.1111111111111111
late,2,2,1,117,1,1,0.5835284897739155,1,0.0,1.0
late,4,1,1,117,4,1,0.842892031661275,1,1.0,1.0
late,6,2,4,117,3,1,0.6014144172752904,2,1.0,0.5
late,6,6,4,117,3,3,0.6007042230304809,2,0.5,0.5
late,7,13,1,117,1,3,0.49708343068612504,1,0.0,1.0
late,10,13,2,117,2,3,0.5045713053435917,2,0.5,1.0
late,11,13,1,117,3,3,0.3493679811943974,1,1.0,1.0
late,13,2,21,117,3,1,0.5424210209603099,4,0.25,0.19047619047619047
late,13,6,21,117,3,3,0.5539746415261974,3,1.0,0.14285714285714285
late,13,13,21,117,3,0,0.018593534206553044,2,0.0,0.09523809523809523
late,13,13,21,117,3,3,0.3108160624801331,11,0.2727272727272727,0.5238095238095238
late,13,14,21,117,3,1,0.24679846279190953,1,0.0,0.047619047619047616
late,1,1,18,118,1,1,0.5246299846386518,10,0.7,0.5555555555555556
late,1,2,18,118,1,0,0.007907986213020383,1,0.0,0.05555555555555555
late,1,2,18,118,1,1,0.49887591785806035,1,0.0,0.05555555555555555
late,1,5,18,118,1,0,0.00839042307790164,1,0.0,0.05555555555555555
late,1,6,18,118,1,3,0.5048632529116267,3,0.3333333333333333,0.16666666666666666
late,1,13,18,118,1,3,0.2737331145545737,1,0.0,0.05555555555555555
late,1,14,18,118,1,1,0.2096733254521291,1,0.0,0.05555555555555555
late,2,1,7,118,1,1,0.48049656792046896,3,0.3333333333333333,0.42857142857142855
late,2,2,7,118,1,1,0.4512233728963889,2,0.5,0.2857142857142857
late,2,13,7,118,1,3,0.2193803211240081,2,0.0,0.2857142857142857
late,5,6,2,118,1,3,0.469508956854008,2,1.0,1.0
late,6,1,29,118,3,1,0.5115773604085438,4,0.5,0.13793103448275862
late,6,2,29,118,3,1,0.476220731351105,8,0.5,0.27586206896551724
late,6,6,29,118,3,3,0.4721183566371322,14,0.5,0.4827586206896552
late,6,13,29,118,3,3,0.21349737119240025,3,0.0,0.10344827586206896
late,7,1,2,118,1,1,0.6165086659892454,1,0.0,0.5
late,7,13,2,118,1,3,0.35503591895043335,1,0.0,0.5
late,10,1,5,118,2,1,0.5867726025602396,2,0.5,0.4
late,10,2,5,118,2,1,0.5537894467672422,2,0.5,0.4
late,10,6,5,118,2,3,0.5664145411644471,1,0.0,0.2
late,11,1,2,118,2,1,0.631866017164709,2,0.5,1.0
late,13,1,10,118,3,1,0.4492040071531852,5,0.6,0.5
late,13,2,10,118,3,1,0.4255523697294484,1,0.0,0.1
late,13,6,10,118,3,3,0.4402071328757728,1,1.0,0.1
late,13,13,10,118,3,0,0.008830842877356642,1,0.0,0.1
late,13,13,10,118,3,3,0.2133421270228888,2,0.0,0.2
late,5,3,1,119,1,2,0.6246726117702383,1,0.0,1.0
late,6,13,1,119,3,3,0.2674115040518603,1,0.0,1.0
late,8,3,6,119,3,2,0.6414086224785815,1,1.0,0.16666666666666666
late,8,5,6,119,3,1,0.5810708506037133,2,1.0,0.3333333333333333
late,8,9,6,119,3,2,0.5490512319537925,1,1.0,0.16666666666666666
late,8,10,6,119,3,2,0.5237877519759518,1,0.0,0.16666666666666666
late,8,13,6,119,3,3,0.31849462767418896,1,0.0,0.16666666666666666
late,9,8,3,119,2,3,0.5087307429998097,1,1.0,0.3333333333333333
late,9,9,3,119,2,2,0.5806843836887431,1,0.0,0.3333333333333333
late,9,9,3,119,2,3,0.5659104476841237,1,1.0,0.3333333333333333
late,10,1,1,119,2,1,0.6698662941672344,1,1.0,1.0
late,1,1,6,121,1,1,0.632623872566601,4,0.75,0.6666666666666666
late,1,3,6,121,1,3,0.699351729534372,2,0.5,0.3333333333333333
late,10,1,6,121,2,1,0.6891335112457612,1,1.0,0.16666666666666666
late,10,12,6,121,2,2,0.6284263842761378,5,0.8,0.8333333333333334
late,12,1,13,121,2,1,0.5887112283156154,1,1.0,0.07692307692307693
late,12,5,13,121,2,1,0.5681799881566011,2,0.0,0.15384615384615385
late,12,6,13,121,2,3,0.5895952942089064,1,0.0,0.07692307692307693
late,12,12,13,121,2,2,0.5422866403496934,7,0.42857142857142855,0.5384615384615384
late,12,12,13,121,2,3,0.545845015785556,1,1.0,0.07692307692307693
late,12,12,13,121,2,5,0.6001432707342647,1,0.0,0.07692307692307693
late,13,3,1,121,3,3,0.6173784844742555,1,1.0,1.0
late,1,1,49,122,1,1,0.616565510434749,18,0.7777777777777778,0.3673469387755102
late,1,2,49,122,1,1,0.5892683891633274,8,0.5,0.16326530612244897
late,1,3,49,122,1,3,0.6471321774174985,1,1.0,0.02040816326530612
late,1,5,49,122,1,1,0.5820059525517047,2,0.5,0.04081632653061224
late,1,6,49,122,1,0,0.014915217557218273,1,0.0,0.02040816326530612
late,1,6,49,122,1,3,0.5939077204420942,8,0.625,0.16326530612244897
late,1,12,49,122,1,2,0.522825928178867,2,0.5,0.04081632653061224
late,1,13,49,122,1,0,0.01467656939390014,1,0.0,0.02040816326530612
late,1,13,49,122,1,3,0.3525106170529622,8,0.125,0.16326530612244897
late,2,1,35,122,1,0,0.014069624939847437,1,0.0,0.02857142857142857
late,2,1,35,122,1,1,0.5709311819801762,9,0.7777777777777778,0.2571428571428571
late,2,2,35,122,1,1,0.5437611052984276,10,0.3,0.2857142857142857
late,2,3,35,122,1,3,0.6319015016411006,1,1.0,0.02857142857142857
late,2,5,35,122,1,1,0.5258933699968547,1,0.0,0.02857142857142857
late,2,6,35,122,1,3,0.5390102501307906,4,0.75,0.11428571428571428
late,2,12,35,122,1,2,0.46296793601867553,1,0.0,0.02857142857142857
late,2,13,35,122,1,3,0.29781227599159804,7,0.42857142857142855,0.2
late,2,14,35,122,1,1,0.25300711519370783,1,0.0,0.02857142857142857
late,4,1,12,122,1,1,0.723948772791696,3,1.0,0.25
late,4,5,12,122,1,1,0.6782074516565797,3,0.6666666666666666,0.25
late,4,6,12,122,1,3,0.695514167989431,4,1.0,0.3333333333333333
late,4,13,12,122,1,3,0.4544251938807085,2,0.5,0.16666666666666666
late,4,2,2,122,4,1,0.801137175821605,1,1.0,0.5
late,4,5,2,122,4,1,0.7919509513665388,1,0.0,0.5
late,5,5,11,122,1,1,0.5401186735192333,4,0.75,0.36363636363636365
late,5,5,11,122,1,4,0.5691024520595853,1,0.0,0.09090909090909091
late,5,6,11,122,1,3,0.5587706877502865,3,0.0,0.2727272727272727
late,5,13,11,122,1,3,0.30377608174844506,3,0.0,0.2727272727272727
late,6,1,45,122,3,1,0.5985863105345067,2,1.0,0.044444444444444446
late,6,2,45,122,3,1,0.5637433006257452,10,0.7,0.2222222222222222
late,6,5,45,122,3,0,0.015678984244403223,1,0.0,0.022222222222222223
late,6,5,45,122,3,1,0.5382190289550068,2,0.0,0.044444444444444446
late,6,6,45,122,3,3,0.5594625342730899,21,0.47619047619047616,0.4666666666666667
late,6,13,45,122,3,3,0.28464801889865077,9,0.1111111111111111,0.2
late,7,2,2,122,1,1,0.6883013153511346,1,1.0,0.5
late,7,13,2,122,1,3,0.47782651562383616,1,0.0,0.5
late,8,2,1,122,3,1,0.602167695923174,1,0.0,1.0
late,10,1,14,122,2,1,0.6653145246752621,1,1.0,0.07142857142857142
late,10,2,14,122,2,1,0.6368517262586731,5,0.4,0.35714285714285715
late,10,5,14,122,2,0,0.017144218700701402,1,0.0,0.07142857142857142
late,10,5,14,122,2,1,0.6349698450390061,2,1.0,0.14285714285714285
late,10,6,14,122,2,3,0.6495416319213952,1,1.0,0.07142857142857142
late,10,13,14,122,2,3,0.4422393444701892,4,0.5,0.2857142857142857
late,11,1,36,122,2,1,0.7187434543040612,16,0.9375,0.4444444444444444
late,11,2,36,122,2,1,0.6884688201296969,8,0.625,0.2222222222222222
late,11,4,36,122,2,1,0.7058429200767968,2,0.5,0.05555555555555555
late,11,6,36,122,2,3,0.6991183887287925,4,1.0,0.1111111111111111
late,11,7,36,122,2,1,0.6560402734399937,4,1.0,0.1111111111111111
late,11,11,36,122,2,2,0.6353295591150554,1,1.0,0.027777777777777776
late,11,13,36,122,2,3,0.429182604979952,1,1.0,0.027777777777777776
late,11,6,2,122,3,3,0.6872720568781604,1,1.0,0.5
late,11,13,2,122,3,3,0.3232970805971064,1,0.0,0.5
late,12,1,15,122,2,1,0.5383659589212445,1,1.0,0.06666666666666667
late,12,8,15,122,2,3,0.4375440596821931,1,1.0,0.06666666666666667
late,12,10,15,122,2,2,0.48635704948147246,2,0.5,0.13333333333333333
late,12,12,15,122,2,2,0.4812985057355436,5,0.6,0.3333333333333333
late,12,12,15,122,2,3,0.4852437521815504,1,1.0,0.06666666666666667
late,12,13,15,122,2,3,0.3319430505934162,2,0.0,0.13333333333333333
late,12,14,15,122,2,1,0.239688938056552,2,0.0,0.13333333333333333
late,12,14,15,122,2,3,0.27897619380352506,1,0.0,0.06666666666666667
late,12,2,3,122,3,1,0.516906611454893,1,0.0,0.3333333333333333
late,12,12,3,122,3,2,0.4688036651764957,1,0.0,0.3333333333333333
late,12,14,3,122,3,1,0.16582068857658536,1,0.0,0.3333333333333333
late,13,1,51,122,3,1,0.5327916887279522,5,0.4,0.09803921568627451
late,13,2,51,122,3,0,0.0159273717642701,2,0.0,0.0392156862745098
late,13,2,51,122,3,1,0.5080521524079492,8,0.5,0.1568627450980392
late,13,5,51,122,3,0,0.015850020836126303,2,0.0,0.0392156862745098
late,13,5,51,122,3,1,0.4996261984594973,2,0.5,0.0392156862745098
late,13,6,51,122,3,3,0.5214716271403426,11,0.45454545454545453,0.21568627450980393
late,13,12,51,122,3,2,0.45565660564534366,3,0.0,0.058823529411764705
late,13,13,51,122,3,0,0.01545725885387872,4,0.0,0.0784313725490196
late,13,13,51,122,3,3,0.2629358521560189,12,0.08333333333333333,0.23529411764705882
late,13,14,51,122,3,0,0.01545725885387872,1,0.0,0.0196078431372549
late,13,14,51,122,3,1,0.2025061274520528,1,0.0,0.0196078431372549
late,14,14,1,122,1,1,0.2729920508932879,1,1.0,1.0
late,1,1,10,123,1,1,0.6669071586662398,7,0.5714285714285714,0.7
late,1,3,10,123,1,3,0.7335518246259062,1,0.0,0.1
late,1,13,10,123,1,3,0.4019149310482688,2,0.5,0.2
late,2,1,1,123,1,1,0.6741456422741657,1,1.0,1.0
late,8,1,1,123,3,1,0.6934504516711898,1,1.0,1.0
late,10,2,1,123,2,1,0.6985063402783048,1,1.0,1.0
late,11,1,2,123,2,1,0.7550941053008988,2,1.0,1.0
late,13,13,1,123,3,3,0.2744422598674233,1,0.0,1.0
late,3,3,4,124,3,3,0.744995686482407,2,1.0,0.5
late,3,5,4,124,3,0,0.02597944763889814,1,0.0,0.25
late,3,5,4,124,3,1,0.6306646782690082,1,0.0,0.25
late,5,3,1,124,1,3,0.6439803287012182,1,1.0,1.0
late,10,3,13,124,2,3,0.7773977257321053,5,1.0,0.38461538461538464
late,10,10,13,124,2,2,0.683394684602451,3,1.0,0.23076923076923078
late,10,12,13,124,2,2,0.693185179650725,3,0.6666666666666666,0.23076923076923078
late,10,13,13,124,2,3,0.5646153062164012,2,1.0,0.15384615384615385
late,10,3,1,124,5,3,0.7991962982648351,1,1.0,1.0
late,11,8,1,124,3,2,0.6625861127977063,1,0.0,1.0
late,12,3,6,124,2,3,0.6402941502239835,1,0.0,0.16666666666666666
late,12,5,6,124,2,0,0.027006910434343168,1,0.0,0.16666666666666666
late,12,5,6,124,2,1,0.6076608791423076,1,0.0,0.16666666666666666
late,12,10,6,124,2,2,0.577160738723616,2,1.0,0.3333333333333333
late,12,13,6,124,2,3,0.44050591538993533,1,0.0,0.16666666666666666
late,9,13,2,125,3,0,0.01842096079088333,1,0.0,0.5
late,9,13,2,125,3,3,0.3185807556323083,1,0.0,0.5
late,1,2,7,126,1,1,0.6643728420931938,1,1.0,0.14285714285714285
late,1,6,7,126,1,3,0.676024808819242,4,1.0,0.5714285714285714
late,1,13,7,126,1,0,0.02664897471487902,1,0.0,0.14285714285714285
late,1,13,7,126,1,3,0.4443449780858337,1,1.0,0.14285714285714285
late,2,6,2,126,1,3,0.6141449849647508,1,1.0,0.5
late,2,13,2,126,1,3,0.3563869918026553,1,0.0,0.5
late,5,5,7,126,1,1,0.6260942685960877,1,0.0,0.14285714285714285
late,5,6,7,126,1,3,0.6434093544620898,2,0.5,0.2857142857142857
late,5,13,7,126,1,3,0.3788783009211982,4,0.5,0.5714285714285714
late,6,2,17,126,3,1,0.6417284240302842,3,0.6666666666666666,0.17647058823529413
late,6,5,17,126,3,1,0.6201401914254767,3,0.3333333333333333,0.17647058823529413
late,6,6,17,126,3,3,0.6430313475591783,8,0.625,0.47058823529411764
late,6,13,17,126,3,3,0.35804177218697636,3,0.0,0.17647058823529413
late,7,6,2,126,1,3,0.7647011818783982,2,1.0,1.0
late,10,13,1,126,2,3,0.5713011225893767,1,0.0,1.0
late,10,6,1,126,3,3,0.7221077418064161,1,1.0,1.0
late,11,1,2,126,2,1,0.8044146534427956,1,1.0,0.5
late,11,10,2,126,2,2,0.7195077148926227,1,1.0,0.5
late,13,2,8,126,3,1,0.6132279586699867,2,1.0,0.25
late,13,5,8,126,3,1,0.6040576239399067,1,0.0,0.125
late,13,6,8,126,3,3,0.6243466327734823,2,1.0,0.25
late,13,13,8,126,3,3,0.3630738877689028,3,0.0,0.375
late,1,1,12,127,1,0,0.019765818776143803,1,0.0,0.08333333333333333
late,1,1,12,127,1,1,0.6681017062111558,5,0.8,0.4166666666666667
late,1,2,12,127,1,1,0.6471822128070185,1,1.0,0.08333333333333333
late,1,5,12,127,1,1,0.6373697996424136,1,1.0,0.08333333333333333
late,1,7,12,127,1,3,0.5963343457943484,1,0.0,0.08333333333333333
late,1,10,12,127,1,2,0.5772359730008886,2,0.5,0.16666666666666666
late,1,11,12,127,1,2,0.5720936603975582,1,1.0,0.08333333333333333
late,3,3,1,127,3,3,0.7309634720088691,1,1.0,1.0
late,10,1,3,127,2,1,0.7176049620066537,1,1.0,0.3333333333333333
late,10,13,3,127,2,0,0.02518088799978348,1,0.0,0.3333333333333333
late,10,13,3,127,2,3,0.49007859965027323,1,1.0,0.3333333333333333
late,10,13,1,127,3,3,0.3648464664127316,1,0.0,1.0
late,11,1,2,127,2,1,0.7409825778499484,2,0.5,1.0
late,14,14,1,127,3,3,0.2616768872801942,1,0.0,1.0
late,1,1,125,128,1,0,0.011044987052058851,2,0.0,0.016
late,1,1,125,128,1,1,0.5811344863849026,50,0.7,0.4
late,1,2,125,128,1,0,0.01124588525673792,1,0.0,0.008
late,1,2,125,128,1,1,0.5546437251733605,2,0.0,0.016
late,1,3,125,128,1,2,0.6247646612834672,3,1.0,0.024
late,1,5,125,128,1,0,0.011965511997321172,1,0.0,0.008
late,1,5,125,128,1,1,0.5472800664035187,6,0.3333333333333333,0.048
late,1,6,125,128,1,3,0.5595491091505027,34,0.47058823529411764,0.272
late,1,10,125,128,1,3,0.4669760848671947,1,1.0,0.008
late,1,12,125,128,1,3,0.49314739191543927,1,1.0,0.008
late,1,13,125,128,1,0,0.011691675446515684,4,0.0,0.032
late,1,13,125,128,1,3,0.31646365373610835,18,0.2777777777777778,0.144
late,1,14,125,128,1,0,0.011691675446515684,1,0.0,0.008
late,1,14,125,128,1,3,0.28081424726143084,1,0.0,0.008
late,2,1,29,128,1,0,0.01112784890640649,1,0.0,0.034482758620689655
late,2,1,29,128,1,1,0.5493335077273642,8,0.25,0.27586206896551724
late,2,2,29,128,1,1,0.5177457369100219,11,0.6363636363636364,0.3793103448275862
late,2,3,29,128,1,2,0.5835264718905606,1,1.0,0.034482758620689655
late,2,5,29,128,1,1,0.5011191728947653,1,0.0,0.034482758620689655
late,2,6,29,128,1,3,0.5156703930569854,2,0.5,0.06896551724137931
late,2,13,29,128,1,3,0.28429402361452366,5,0.6,0.1724137931034483
late,3,3,3,128,2,2,0.6464676310280748,1,1.0,0.3333333333333333
late,3,6,3,128,2,3,0.5278684118919262,1,0.0,0.3333333333333333
late,3,12,3,128,2,2,0.4539319853490837,1,0.0,0.3333333333333333
late,4,1,6,128,1,1,0.6919226677061827,3,0.6666666666666666,0.5
late,4,5,6,128,1,1,0.6418200462807895,1,1.0,0.16666666666666666
late,4,6,6,128,1,3,0.6620428484932976,1,1.0,0.16666666666666666
late,4,13,6,128,1,3,0.41147426659996716,1,0.0,0.16666666666666666
late,5,1,26,128,1,1,0.5613304681850385,10,0.6,0.38461538461538464
late,5,2,26,128,1,1,0.5275364830858111,1,1.0,0.038461538461538464
late,5,5,26,128,1,1,0.5122695966568436,3,0.0,0.11538461538461539
late,5,6,26,128,1,3,0.5305773887572945,6,0.16666666666666666,0.23076923076923078
late,5,12,26,128,1,3,0.4628370394342021,1,1.0,0.038461538461538464
late,5,13,26,128,1,3,0.28078020265362835,5,0.6,0.19230769230769232
late,6,1,79,128,3,1,0.566394363804256,17,0.4117647058823529,0.21518987341772153
late,6,2,79,128,3,0,0.012727191696573152,1,0.0,0.012658227848101266
late,6,2,79,128,3,1,0.5312851471451171,5,0.2,0.06329113924050633
late,6,3,79,128,3,2,0.5911250702561324,4,0.25,0.05063291139240506
late,6,5,79,128,3,0,0.012655649162884744,1,0.0,0.012658227848101266
late,6,5,79,128,3,1,0.5066717595815683,5,0.2,0.06329113924050633
late,6,6,79,128,3,0,0.012664853002064038,1,0.0,0.012658227848101266
late,6,6,79,128,3,3,0.5271616342844458,29,0.4482758620689655,0.3670886075949367
late,6,13,79,128,3,0,0.011964533061182758,2,0.0,0.02531645569620253
late,6,13,79,128,3,3,0.2564486980119323,14,0.14285714285714285,0.17721518987341772
late,7,1,13,128,1,0,0.013145045061838868,1,0.0,0.07692307692307693
late,7,1,13,128,1,1,0.6805033493911627,1,1.0,0.07692307692307693
late,7,2,13,128,1,1,0.6522333295532603,3,0.6666666666666666,0.23076923076923078
late,7,5,13,128,1,1,0.6459521256668667,2,1.0,0.15384615384615385
late,7,6,13,128,1,3,0.661472106519709,3,0.6666666666666666,0.23076923076923078
late,7,13,13,128,1,3,0.4385700581945464,3,0.3333333333333333,0.23076923076923078
late,7,5,1,128,3,1,0.6242201783237897,1,1.0,1.0
late,8,2,1,128,3,1,0.5701705740969214,1,0.0,1.0
late,9,12,1,128,2,2,0.562906449249841,1,1.0,1.0
late,10,1,57,128,2,1,0.6405033891677311,3,1.0,0.05263157894736842
late,10,2,57,128,2,0,0.01379305778314347,1,0.0,0.017543859649122806
late,10,2,57,128,2,1,0.6085504845345204,21,0.47619047619047616,0.3684210526315789
late,10,3,57,128,2,3,0.6501348841938831,1,1.0,0.017543859649122806
late,10,5,57,128,2,0,0.013714109152889413,1,0.0,0.017543859649122806
late,10,5,57,128,2,1,0.6062549749287778,2,0.5,0.03508771929824561
late,10,6,57,128,2,3,0.6210275282468581,7,0.8571428571428571,0.12280701754385964
late,10,12,57,128,2,2,0.572433725645332,2,1.0,0.03508771929824561
late,10,12,57,128,2,3,0.5751496964648988,1,0.0,0.017543859649122806
late,10,13,57,128,2,3,0.4306007824209668,18,0.3888888888888889,0.3157894736842105
late,10,1,20,128,3,1,0.6313461735785812,1,1.0,0.05
late,10,2,20,128,3,1,0.6035077739929515,7,0.42857142857142855,0.35
late,10,5,20,128,3,0,0.014019906141474425,2,0.0,0.1
late,10,13,20,128,3,0,0.013919501424153578,2,0.0,0.1
late,10,13,20,128,3,3,0.3443602500499734,8,0.5,0.4
late,10,10,1,128,5,2,0.6528025129525681,1,1.0,1.0
late,11,1,29,128,2,1,0.6918376200513875,14,0.6428571428571429,0.4827586206896552
late,11,5,29,128,2,1,0.657696097510295,5,0.8,0.1724137931034483
late,11,7,29,128,2,3,0.6203017099750013,1,0.0,0.034482758620689655
late,11,10,29,128,2,2,0.6048940458713271,3,1.0,0.10344827586206896
late,11,10,29,128,2,3,0.576013906052869,2,1.0,0.06896551724137931
late,11,13,29,128,2,3,0.4010079640419132,3,0.3333333333333333,0.10344827586206896
late,11,14,29,128,2,3,0.31920797750161906,1,0.0,0.034482758620689655
late,11,1,8,128,3,1,0.690687651579033,3,0.6666666666666666,0.375
late,11,2,8,128,3,1,0.6596911710374033,1,0.0,0.125
late,11,3,8,128,3,2,0.6978128128646771,1,0.0,0.125
late,11,5,8,128,3,1,0.648459129979075,1,1.0,0.125
late,11,10,8,128,3,2,0.585623421210292,1,0.0,0.125
late,11,13,8,128,3,3,0.31190545880899884,1,0.0,0.125
late,12,2,39,128,2,1,0.49125687962631714,2,0.5,0.05128205128205128
late,12,3,39,128,2,2,0.5310535269920559,1,0.0,0.02564102564102564
late,12,10,39,128,2,2,0.4640067711583951,3,0.6666666666666666,0.07692307692307693
late,12,10,39,128,2,5,0.519580841873928,1,1.0,0.02564102564102564
late,12,12,39,128,2,2,0.4722448158143379,23,0.5652173913043478,0.5897435897435898
late,12,12,39,128,2,3,0.47588737554764265,3,0.3333333333333333,0.07692307692307693
late,12,12,39,128,2,5,0.536588916824475,5,0.8,0.1282051282051282
late,12,14,39,128,2,1,0.2488717260589874,1,0.0,0.02564102564102564
late,12,2,6,128,3,1,0.5207698198818499,1,1.0,0.16666666666666666
late,12,3,6,128,3,2,0.5834655984783504,1,1.0,0.16666666666666666
late,12,12,6,128,3,2,0.4800953300218865,4,0.5,0.6666666666666666
late,12,3,2,128,5,2,0.552808271664381,1,1.0,0.5
late,12,12,2,128,5,2,0.49913322118338127,1,1.0,0.5
late,13,1,86,128,3,1,0.5087222682396231,2,1.0,0.023255813953488372
late,13,2,86,128,3,1,0.4839343356546303,21,0.5714285714285714,0.2441860465116279
late,13,3,86,128,3,2,0.5384789339494368,2,0.5,0.023255813953488372
late,13,5,86,128,3,1,0.4756137679299178,7,0.0,0.08139534883720931
late,13,6,86,128,3,3,0.4970958297263065,7,0.14285714285714285,0.08139534883720931
late,13,7,86,128,3,1,0.44120742764052256,1,0.0,0.011627906976744186
late,13,8,86,128,3,3,0.365694063669868,1,0.0,0.011627906976744186
late,13,10,86,128,3,2,0.4313826714177009,1,0.0,0.011627906976744186
late,13,12,86,128,3,2,0.4337666031236688,2,0.0,0.023255813953488372
late,13,13,86,128,3,0,0.01239839623494277,4,0.0,0.046511627906976744
late,13,13,86,128,3,3,0.25781101345290625,36,0.3611111111111111,0.4186046511627907
late,13,14,86,128,3,3,0.22813951415215666,2,0.5,0.023255813953488372
late,1,1,52,129,1,1,0.5744836172465061,18,0.7777777777777778,0.34615384615384615
late,1,2,52,129,1,1,0.5493408562999703,5,0.2,0.09615384615384616
late,1,3,52,129,1,2,0.6270743940912299,3,0.6666666666666666,0.057692307692307696
late,1,5,52,129,1,0,0.011792552281004582,1,0.0,0.019230769230769232
late,1,5,52,129,1,1,0.5421818639849557,6,0.16666666666666666,0.11538461538461539
late,1,6,52,129,1,3,0.5534256131374067,2,0.5,0.038461538461538464
late,1,13,52,129,1,0,0.011494283254522867,2,0.0,0.038461538461538464
late,1,13,52,129,1,3,0.311224451197965,15,0.3333333333333333,0.28846153846153844
late,2,1,34,129,1,1,0.5396564096820644,10,0.5,0.29411764705882354
late,2,2,34,129,1,1,0.5161375483054539,17,0.47058823529411764,0.5
late,2,6,34,129,1,3,0.5052564638182201,1,0.0,0.029411764705882353
late,2,13,34,129,1,3,0.2647452825579263,6,0.3333333333333333,0.17647058823529413
late,3,3,1,129,3,3,0.6504635134401291,1,1.0,1.0
late,4,1,20,129,1,1,0.6915014900480779,10,0.8,0.5
late,4,3,20,129,1,2,0.6905800247032351,1,1.0,0.05
late,4,5,20,129,1,1,0.6419205978524626,1,1.0,0.05
late,4,6,20,129,1,3,0.6588502279255343,7,0.5714285714285714,0.35
late,4,13,20,129,1,3,0.41205434611301106,1,1.0,0.05
late,5,1,13,129,1,1,0.5551940161008765,4,1.0,0.3076923076923077
late,5,2,13,129,1,0,0.012226077552263378,1,0.0,0.07692307692307693
late,5,2,13,129,1,1,0.5301930566562175,3,0.3333333333333333,0.23076923076923078
late,5,5,13,129,1,1,0.5111113752470834,1,1.0,0.07692307692307693
late,5,6,13,129,1,3,0.5255153490764072,1,0.0,0.07692307692307693
late,5,13,13,129,1,3,0.2688267828588951,3,0.0,0.23076923076923078
late,6,1,25,129,3,1,0.5636441056182414,2,0.0,0.08
late,6,2,25,129,3,1,0.5290475459041162,5,0.8,0.2
late,6,3,25,129,3,3,0.5981664820147137,1,0.0,0.04
late,6,5,25,129,3,1,0.5033377017805841,4,0.0,0.16
late,6,6,25,129,3,3,0.5234283399347973,5,0.8,0.2
late,6,13,25,129,3,3,0.25526513476892687,8,0.375,0.32
late,7,1,8,129,1,1,0.66818848348925,1,0.0,0.125
late,7,2,8,129,1,1,0.6433412254209095,2,0.5,0.25
late,7,5,8,129,1,1,0.6360955455639676,1,1.0,0.125
late,7,6,8,129,1,3,0.6511300885922526,1,1.0,0.125
late,7,13,8,129,1,3,0.4242865698273801,3,0.3333333333333333,0.375
late,10,2,13,129,2,1,0.6025587626131682,7,1.0,0.5384615384615384
late,10,5,13,129,2,1,0.6009503446005761,1,1.0,0.07692307692307693
late,10,6,13,129,2,3,0.6159821932461534,1,0.0,0.07692307692307693
late,10,13,13,129,2,3,0.4253112323480775,4,0.25,0.3076923076923077
late,10,3,1,129,3,2,0.6786450071687262,1,1.0,1.0
late,11,1,37,129,2,1,0.6759868606100131,13,0.8461538461538461,0.35135135135135137
late,11,2,37,129,2,1,0.6452917376857529,8,0.75,0.21621621621621623
late,11,4,37,129,2,1,0.6651358763967864,2,0.5,0.05405405405405406
late,11,6,37,129,2,3,0.6582165951176715,1,1.0,0.02702702702702703
late,11,7,37,129,2,1,0.6138833150796217,2,1.0,0.05405405405405406
late,11,10,37,129,2,3,0.5570390709570154,1,0.0,0.02702702702702703
late,11,11,37,129,2,2,0.5917080184315912,1,1.0,0.02702702702702703
late,11,11,37,129,2,3,0.5617649392579726,1,0.0,0.02702702702702703
late,11,12,37,129,2,3,0.5932288083191221,1,0.0,0.02702702702702703
late,11,13,37,129,2,3,0.3987080840238517,7,0.14285714285714285,0.1891891891891892
late,11,1,11,129,3,1,0.6800088384859369,3,1.0,0.2727272727272727
late,11,2,11,129,3,0,0.012422388037575909,1,0.0,0.09090909090909091
late,11,2,11,129,3,1,0.6496308116670512,1,1.0,0.09090909090909091
late,11,6,11,129,3,3,0.6532472917340455,3,1.0,0.2727272727272727
late,11,10,11,129,3,2,0.5789547994637809,1,0.0,0.09090909090909091
late,11,13,11,129,3,3,0.32216154302567257,2,0.0,0.18181818181818182
late,12,3,1,129,2,2,0.5149359590502968,1,1.0,1.0
late,12,13,1,129,3,3,0.2866105222514478,1,0.0,1.0
late,12,1,1,129,5,1,0.4913627475641965,1,0.0,1.0
late,13,1,44,129,3,1,0.501524209860993,3,0.6666666666666666,0.06818181818181818
late,13,2,44,129,3,1,0.4772694618667209,9,0.4444444444444444,0.20454545454545456
late,13,5,44,129,3,1,0.4697265205804726,5,0.4,0.11363636363636363
late,13,6,44,129,3,3,0.49160075369492,8,0.625,0.18181818181818182
late,13,13,44,129,3,0,0.012220501084715629,1,0.0,0.022727272727272728
late,13,13,44,129,3,3,0.25741693279210076,17,0.17647058823529413,0.38636363636363635
late,13,14,44,129,3,1,0.196999753996469,1,0.0,0.022727272727272728
late,14,1,2,129,1,1,0.4787296495423876,1,0.0,0.5
late,14,2,2,129,1,1,0.4521228389350683,1,0.0,0.5
late,1,1,1,130,1,1,0.6700320983827822,1,1.0,1.0
late,3,3,5,130,2,2,0.7292381164973261,2,1.0,0.4
late,3,5,5,130,2,1,0.6241668357755326,1,1.0,0.2
late,3,6,5,130,2,2,0.6330107149901639,1,0.0,0.2
late,3,13,5,130,2,0,0.024042019529967984,1,0.0,0.2
late,5,5,1,130,1,0,0.026881357389013552,1,0.0,1.0
late,6,3,3,130,2,2,0.637292318335504,3,0.3333333333333333,1.0
late,6,3,3,130,3,2,0.6570632361222436,2,1.0,0.6666666666666666
late,6,13,3,130,3,0,0.02494548508999747,1,0.0,0.3333333333333333
late,7,3,2,130,3,2,0.8035325656002215,1,1.0,0.5
late,7,10,2,130,3,2,0.6712202983211698,1,1.0,0.5
late,9,3,5,130,2,2,0.7284680996014039,2,1.0,0.4
late,9,5,5,130,2,0,0.02662088804619339,1,0.0,0.2
late,9,10,5,130,2,2,0.6574867919843345,1,1.0,0.2
late,9,13,5,130,2,3,0.527867337496921,1,0.0,0.2
late,10,9,2,130,2,2,0.685331490987013,2,1.0,1.0
late,10,3,1,130,3,2,0.7364858608050702,1,0.0,1.0
late,13,3,1,130,3,2,0.6353138778878631,1,1.0,1.0
late,1,1,8,131,1,1,0.593701478037083,6,0.5,0.75
late,1,6,8,131,1,3,0.5757763567469633,1,0.0,0.125
late,1,13,8,131,1,3,0.34096442782845826,1,0.0,0.125
late,2,1,9,131,1,1,0.5638384648117217,2,0.0,0.2222222222222222
late,2,2,9,131,1,1,0.5335256916503304,6,0.5,0.6666666666666666
late,2,13,9,131,1,3,0.3072195040830812,1,1.0,0.1111111111111111
late,5,2,3,131,1,1,0.5731790617032391,1,1.0,0.3333333333333333
late,5,5,3,131,1,1,0.5475399015134532,1,1.0,0.3333333333333333
late,5,13,3,131,1,3,0.3018320534487355,1,0.0,0.3333333333333333
late,10,13,1,131,2,3,0.4498525603686603,1,1.0,1.0
late,11,13,1,131,3,3,0.3669852575555645,1,0.0,1.0
late,13,2,4,131,3,1,0.4951563434033197,2,1.0,0.5
late,13,13,4,131,3,3,0.2778729535015079,2,0.0,0.5
late,1,1,32,132,1,1,0.5873278071627057,6,0.5,0.1875
late,1,2,32,132,1,0,0.011978602423501343,2,0.0,0.0625
late,1,2,32,132,1,1,0.5629263121832112,10,0.6,0.3125
late,1,3,32,132,1,3,0.6453048150309002,2,1.0,0.0625
late,1,5,32,132,1,1,0.55272949524807,3,0.6666666666666666,0.09375
late,1,6,32,132,1,3,0.5648879120268977,1,1.0,0.03125
late,1,8,32,132,1,3,0.4355032824504812,3,0.6666666666666666,0.09375
late,1,12,32,132,1,2,0.4875202653119793,1,0.0,0.03125
late,1,13,32,132,1,3,0.3174486073030143,2,0.0,0.0625
late,1,14,32,132,1,3,0.28371617021431184,2,0.5,0.0625
late,2,1,32,132,1,1,0.5440329645043177,10,0.6,0.3125
late,2,2,32,132,1,0,0.012337020378124454,2,0.0,0.0625
late,2,2,32,132,1,1,0.5200899284025727,5,0.8,0.15625
late,2,5,32,132,1,0,0.012788242990271087,1,0.0,0.03125
late,2,6,32,132,1,3,0.512843335115043,8,0.25,0.25
late,2,8,32,132,1,3,0.365546041554621,1,0.0,0.03125
late,2,13,32,132,1,0,0.01231418095305152,1,0.0,0.03125
late,2,13,32,132,1,3,0.2697277629657382,1,0.0,0.03125
late,2,14,32,132,1,0,0.01231418095305152,1,0.0,0.03125
late,2,14,32,132,1,3,0.24531965734518218,2,1.0,0.0625
late,4,2,1,132,1,1,0.6679356397422639,1,1.0,1.0
late,4,1,3,132,4,1,0.8103355800077437,1,0.0,0.3333333333333333
late,4,2,3,132,4,1,0.7850015245402941,1,1.0,0.3333333333333333
late,4,13,3,132,4,3,0.5373433669271009,1,1.0,0.3333333333333333
late,5,1,11,132,1,1,0.5689437768902649,1,1.0,0.09090909090909091
late,5,2,11,132,1,1,0.535022439767853,3,0.0,0.2727272727272727
late,5,5,11,132,1,1,0.5210563184116581,3,0.3333333333333333,0.2727272727272727
late,5,6,11,132,1,3,0.5389259859248937,3,0.3333333333333333,0.2727272727272727
late,5,14,11,132,1,0,0.012807466458335037,1,0.0,0.09090909090909091
late,6,1,19,132,3,0,0.013649555885372092,1,0.0,0.05263157894736842
late,6,1,19,132,3,1,0.5747215748526514,1,1.0,0.05263157894736842
late,6,2,19,132,3,1,0.5397847002544908,7,0.5714285714285714,0.3684210526315789
late,6,5,19,132,3,1,0.515054076455879,1,1.0,0.05263157894736842
late,6,6,19,132,3,3,0.5353844785840988,4,0.75,0.21052631578947367
late,6,13,19,132,3,0,0.012896253707853016,1,0.0,0.05263157894736842
late,6,13,19,132,3,3,0.2655745605694701,3,0.3333333333333333,0.15789473684210525
late,6,14,19,132,3,3,0.23321989609079288,1,0.0,0.05263157894736842
late,7,1,1,132,1,1,0.6911395370537363,1,1.0,1.0
late,7,1,5,132,3,1,0.6787975694561165,1,1.0,0.2
late,7,2,5,132,3,1,0.6545414648931241,1,1.0,0.2
late,7,6,5,132,3,3,0.6555108878201261,1,1.0,0.2
late,7,8,5,132,3,3,0.5000127930172841,1,0.0,0.2
late,7,13,5,132,3,3,0.37089297388426884,1,1.0,0.2
late,8,1,9,132,3,1,0.6207363289718031,1,1.0,0.1111111111111111
late,8,2,9,132,3,1,0.5878071864974106,1,0.0,0.1111111111111111
late,8,5,9,132,3,1,0.568508434160591,1,1.0,0.1111111111111111
late,8,6,9,132,3,3,0.5893352936977698,2,0.5,0.2222222222222222
late,8,8,9,132,3,3,0.45227572714032316,2,0.0,0.2222222222222222
late,8,13,9,132,3,3,0.3087274984834709,1,1.0,0.1111111111111111
late,8,14,9,132,3,3,0.2740222480494089,1,0.0,0.1111111111111111
late,10,1,22,132,2,1,0.6470242028112868,1,1.0,0.045454545454545456
late,10,2,22,132,2,1,0.6183074012381881,4,0.75,0.18181818181818182
late,10,5,22,132,2,0,0.014985809690005373,1,0.0,0.045454545454545456
late,10,6,22,132,2,3,0.6303666588120383,6,1.0,0.2727272727272727
late,10,10,22,132,2,5,0.6150476802135324,1,1.0,0.045454545454545456
late,10,12,22,132,2,2,0.5714575839821917,2,0.5,0.09090909090909091
late,10,13,22,132,2,3,0.4160048433909861,7,0.5714285714285714,0.3181818181818182
late,10,1,2,132,3,1,0.645170826594681,1,0.0,0.5
late,10,5,2,132,3,1,0.6011809843888243,1,1.0,0.5
late,11,1,4,132,2,1,0.6796991149129189,2,0.5,0.5
late,11,4,4,132,2,4,0.7019281889918403,1,1.0,0.25
late,11,10,4,132,2,2,0.6036891463562423,1,1.0,0.25
late,12,1,13,132,2,0,0.013661786422585006,1,0.0,0.07692307692307693
late,12,1,13,132,2,1,0.5265724860475478,3,0.6666666666666666,0.23076923076923078
late,12,2,13,132,2,1,0.49825276029530335,1,0.0,0.07692307692307693
late,12,6,13,132,2,3,0.5216920543944251,1,1.0,0.07692307692307693
late,12,10,13,132,2,2,0.4664274823115633,2,0.5,0.15384615384615385
late,12,12,13,132,2,2,0.4607139214873428,5,0.4,0.38461538461538464
late,13,1,30,132,3,1,0.5105464460073386,1,0.0,0.03333333333333333
late,13,2,30,132,3,1,0.48618263207672574,5,0.4,0.16666666666666666
late,13,5,30,132,3,1,0.4780258375544341,2,1.0,0.06666666666666667
late,13,6,30,132,3,3,0.4999060544985936,8,0.5,0.26666666666666666
late,13,13,30,132,3,3,0.23903753050045154,12,0.08333333333333333,0.4
late,13,14,30,132,3,1,0.18288429279943264,1,1.0,0.03333333333333333
late,13,14,30,132,3,3,0.21303428736257674,1,0.0,0.03333333333333333
late,14,2,1,132,1,1,0.48001528438451213,1,1.0,1.0
late,14,2,5,132,3,0,0.01393247577405898,1,0.0,0.2
late,14,2,5,132,3,1,0.4747254234736172,1,0.0,0.2
late,14,14,5,132,3,0,0.013501575147462586,2,0.0,0.4
late,14,14,5,132,3,3,0.18611153328974753,1,1.0,0.2
late,1,1,28,133,1,1,0.6220704001348584,8,0.75,0.2857142857142857
late,1,2,28,133,1,1,0.5930210293377406,5,0.2,0.17857142857142858
late,1,5,28,133,1,1,0.5888156755583441,3,0.6666666666666666,0.10714285714285714
late,1,6,28,133,1,3,0.6015231645302123,8,0.625,0.2857142857142857
late,1,13,28,133,1,3,0.3600513791545164,4,0.5,0.14285714285714285
late,2,1,41,133,1,1,0.5776071166155992,3,0.6666666666666666,0.07317073170731707
late,2,2,41,133,1,1,0.5480653355564247,19,0.47368421052631576,0.4634146341463415
late,2,3,41,133,1,3,0.6225521901462963,1,1.0,0.024390243902439025
late,2,5,41,133,1,1,0.5318891425708562,4,0.5,0.0975609756097561
late,2,6,41,133,1,3,0.5457439486073528,7,0.5714285714285714,0.17073170731707318
late,2,13,41,133,1,3,0.3085402061807584,7,0.2857142857142857,0.17073170731707318
late,3,13,1,133,2,3,0.3278210835192674,1,1.0,1.0
late,4,13,1,133,1,3,0.4491627489067128,1,1.0,1.0
late,5,1,13,133,1,1,0.6132000835700955,2,0.5,0.15384615384615385
late,5,2,13,133,1,1,0.5866343307785692,3,0.6666666666666666,0.23076923076923078
late,5,5,13,133,1,1,0.5618735377195109,3,0.6666666666666666,0.23076923076923078
late,5,6,13,133,1,3,0.5765260058174975,4,0.75,0.3076923076923077
late,5,13,13,133,1,3,0.31676388217093954,1,0.0,0.07692307692307693
late,6,2,28,133,3,1,0.5627225619071544,14,0.5714285714285714,0.5
late,6,5,28,133,3,1,0.5419169746142039,2,1.0,0.07142857142857142
late,6,6,28,133,3,3,0.562724208608899,7,0.5714285714285714,0.25
late,6,13,28,133,3,3,0.2928438378978573,5,0.0,0.17857142857142858
late,7,2,9,133,3,1,0.6789421727299488,7,0.5714285714285714,0.7777777777777778
late,7,6,9,133,3,3,0.6793199485687597,1,0.0,0.1111111111111111
late,7,13,9,133,3,3,0.4157274823619858,1,1.0,0.1111111111111111
late,10,1,24,133,2,1,0.6767892373743635,3,0.6666666666666666,0.125
late,10,2,24,133,2,1,0.645830619383957,5,0.2,0.20833333333333334
late,10,6,24,133,2,3,0.6578450759529411,2,0.5,0.08333333333333333
late,10,10,24,133,2,2,0.5952680851119202,3,0.0,0.125
late,10,12,24,133,2,2,0.6107499341505228,6,0.5,0.25
late,10,13,24,133,2,3,0.4608904903382955,5,0.2,0.20833333333333334
late,10,1,4,133,3,1,0.6786954235169496,1,1.0,0.25
late,10,2,4,133,3,1,0.6481932084762957,1,0.0,0.25
late,10,6,4,133,3,3,0.6501363541754774,1,1.0,0.25
late,10,13,4,133,3,3,0.397659916216871,1,0.0,0.25
late,11,5,1,133,2,1,0.685465329262822,1,1.0,1.0
late,11,1,1,133,3,1,0.6891848565492225,1,1.0,1.0
late,12,2,27,133,2,1,0.5325871838919846,2,0.5,0.07407407407407407
late,12,3,27,133,2,2,0.5748263592149429,2,0.5,0.07407407407407407
late,12,6,27,133,2,3,0.5579118432513086,1,1.0,0.037037037037037035
late,12,10,27,133,2,2,0.5034637365109169,4,0.75,0.14814814814814814
late,12,12,27,133,2,2,0.5137224760464632,11,0.6363636363636364,0.4074074074074074
late,12,12,27,133,2,5,0.5794423089331656,3,1.0,0.1111111111111111
late,12,13,27,133,2,3,0.38365357390059185,2,0.0,0.07407407407407407
late,12,14,27,133,2,3,0.33114930911800283,2,0.5,0.07407407407407407
late,12,12,3,133,3,2,0.5001862891866734,1,0.0,0.3333333333333333
late,12,13,3,133,3,3,0.3052807978343339,2,0.5,0.6666666666666666
late,12,12,2,133,5,2,0.5178289139963119,2,0.5,1.0
late,13,2,10,133,3,1,0.5195594907727217,2,0.5,0.2
late,13,6,10,133,3,3,0.5312948764877771,1,1.0,0.1
late,13,13,10,133,3,3,0.29668033274666483,6,0.16666666666666666,0.6
late,13,14,10,133,3,3,0.26444934747229537,1,0.0,0.1
late,14,2,2,133,3,1,0.5056412327259281,1,0.0,0.5
late,14,14,2,133,3,3,0.27580677056783,1,1.0,0.5
late,1,1,4,134,1,1,0.5960383613993101,3,1.0,0.75
late,1,5,4,134,1,1,0.5603953925081573,1,1.0,0.25
late,2,1,1,134,1,1,0.5784498158776776,1,1.0,1.0
late,3,5,1,134,2,1,0.5819529528009805,1,0.0,1.0
late,10,13,1,134,2,3,0.41665065359789133,1,0.0,1.0
late,11,1,2,134,2,1,0.7059245883462243,1,1.0,0.5
late,11,13,2,134,2,3,0.43580817229939306,1,0.0,0.5
late,1,1,3,135,1,1,0.5040427558549251,2,0.0,0.6666666666666666
late,1,6,3,135,1,3,0.4800491728529777,1,0.0,0.3333333333333333
late,2,2,3,135,1,1,0.42337167122963687,3,0.0,1.0
late,5,13,1,135,1,3,0.17823073805931944,1,0.0,1.0
late,6,2,6,135,3,1,0.4354633594582536,2,0.0,0.3333333333333333
late,6,5,6,135,3,1,0.41927249207296574,2,0.5,0.3333333333333333
late,6,6,6,135,3,3,0.4417241608092011,2,0.5,0.3333333333333333
late,10,13,1,135,2,3,0.3697064971055116,1,0.0,1.0
late,11,6,1,135,3,3,0.5583909579977662,1,0.0,1.0
late,13,5,5,135,3,1,0.39246009299127654,1,1.0,0.2
late,13,6,5,135,3,3,0.4138848921811446,2,0.5,0.4
late,13,13,5,135,3,3,0.19764393962974955,2,0.0,0.4
late,14,2,1,135,3,1,0.38231690918687183,1,0.0,1.0
late,1,1,147,136,1,1,0.6035041990901626,46,0.6739130434782609,0.3129251700680272
late,1,2,147,136,1,1,0.5758939994440867,33,0.6363636363636364,0.22448979591836735
late,1,3,147,136,1,2,0.6394829811337308,2,0.5,0.013605442176870748
late,1,3,147,136,1,3,0.6396784975623341,1,0.0,0.006802721088435374
late,1,5,147,136,1,1,0.5716692479691475,19,0.631578947368421,0.1292517006802721
late,1,6,147,136,1,3,0.5837872753961411,13,0.5384615384615384,0.08843537414965986
late,1,8,147,136,1,3,0.4599675287777227,1,0.0,0.006802721088435374
late,1,12,147,136,1,2,0.5154595714210161,1,0.0,0.006802721088435374
late,1,12,147,136,1,5,0.6361492165820155,1,1.0,0.006802721088435374
late,1,13,147,136,1,0,0.013682247471299015,2,0.0,0.013605442176870748
late,1,13,147,136,1,3,0.3403988297027646,28,0.35714285714285715,0.19047619047619047
late,2,1,224,136,1,1,0.5664773449808701,17,0.6470588235294118,0.07589285714285714
late,2,2,224,136,1,1,0.5339336288447167,133,0.5338345864661654,0.59375
late,2,5,224,136,1,1,0.5200278646952666,9,0.4444444444444444,0.04017857142857143
late,2,6,224,136,1,3,0.5351829237219355,17,0.5882352941176471,0.07589285714285714
late,2,8,224,136,1,3,0.4057664488955561,1,0.0,0.004464285714285714
late,2,12,224,136,1,2,0.4650130079907117,1,0.0,0.004464285714285714
late,2,13,224,136,1,3,0.300105939515881,46,0.15217391304347827,0.20535714285714285
late,3,3,3,136,2,2,0.6521305467678462,1,1.0,0.3333333333333333
late,3,6,3,136,2,2,0.553055824013562,1,0.0,0.3333333333333333
late,3,13,3,136,2,3,0.3309329669264199,1,0.0,0.3333333333333333
late,3,6,2,136,3,3,0.5539513828014342,1,1.0,0.5
late,3,12,2,136,3,2,0.4720784288792207,1,1.0,0.5
late,4,1,16,136,1,1,0.7169920014530915,2,1.0,0.125
late,4,2,16,136,1,1,0.6844714738424226,6,0.8333333333333334,0.375
late,4,5,16,136,1,1,0.6716919581014482,3,0.3333333333333333,0.1875
late,4,6,16,136,1,3,0.6892669415634389,5,1.0,0.3125
late,4,1,5,136,4,1,0.8177256642741073,2,1.0,0.4
late,4,2,5,136,4,1,0.7937903241252193,1,1.0,0.2
late,4,6,5,136,4,3,0.7963528599773342,2,1.0,0.4
late,5,1,80,136,1,1,0.5869131931169191,14,0.5714285714285714,0.175
late,5,2,80,136,1,1,0.5535231782391287,8,0.5,0.1
late,5,5,80,136,1,0,0.014805818963817247,1,0.0,0.0125
late,5,5,80,136,1,1,0.5384092162059138,27,0.6666666666666666,0.3375
late,5,6,80,136,1,3,0.5560370021164249,8,0.625,0.1
late,5,8,80,136,1,2,0.4268618154167482,1,0.0,0.0125
late,5,13,80,136,1,0,0.013832794669310814,1,0.0,0.0125
late,5,13,80,136,1,3,0.30413054751911106,20,0.3,0.25
late,5,2,1,136,4,1,0.7215700359531786,1,0.0,1.0
late,6,13,1,136,2,3,0.3316430741215039,1,1.0,1.0
late,6,1,134,136,3,1,0.5843386479856938,3,0.6666666666666666,0.022388059701492536
late,6,2,134,136,3,0,0.014968382593348603,1,0.0,0.007462686567164179
late,6,2,134,136,3,1,0.5472914841293332,35,0.4857142857142857,0.26119402985074625
late,6,3,134,136,3,3,0.5995569854414238,1,1.0,0.007462686567164179
late,6,5,134,136,3,0,0.01487771368119907,3,0.0,0.022388059701492536
late,6,5,134,136,3,1,0.5270712663388917,12,0.5,0.08955223880597014
late,6,6,134,136,3,3,0.5486420352348204,39,0.5128205128205128,0.291044776119403
late,6,8,134,136,3,3,0.41981990960285975,2,0.5,0.014925373134328358
late,6,10,134,136,3,3,0.45840787881821715,2,0.0,0.014925373134328358
late,6,13,134,136,3,0,0.013903651269947307,1,0.0,0.007462686567164179
late,6,13,134,136,3,3,0.28039256034963556,35,0.2571428571428571,0.26119402985074625
late,7,1,19,136,1,1,0.7032783242200438,2,1.0,0.10526315789473684
late,7,2,19,136,1,1,0.6750580059607906,3,1.0,0.15789473684210525
late,7,3,19,136,1,2,0.7299433862255444,1,1.0,0.05263157894736842
late,7,5,19,136,1,1,0.6686081246503562,2,0.0,0.10526315789473684
late,7,6,19,136,1,3,0.6828350703886032,4,0.75,0.21052631578947367
late,7,13,19,136,1,3,0.46212147384961927,7,0.5714285714285714,0.3684210526315789
late,7,6,2,136,3,3,0.6670230390490546,1,1.0,0.5
late,7,13,2,136,3,3,0.40668863438207215,1,1.0,0.5
late,8,13,1,136,2,3,0.3708805959019763,1,1.0,1.0
late,8,2,5,136,3,1,0.5955379304641724,1,1.0,0.2
late,8,8,5,136,3,3,0.43704877514283924,1,0.0,0.2
late,8,13,5,136,3,3,0.326837034111922,2,0.0,0.4
late,8,14,5,136,3,3,0.2846152225179585,1,0.0,0.2
late,9,5,3,136,2,1,0.6211363094591398,1,1.0,0.3333333333333333
late,9,12,3,136,2,5,0.6439881339047259,1,1.0,0.3333333333333333
late,9,13,3,136,2,3,0.43109124699243634,1,1.0,0.3333333333333333
late,10,1,127,136,2,1,0.6646404826454845,22,0.6363636363636364,0.1732283464566929
late,10,2,127,136,2,1,0.6336874719416684,31,0.5806451612903226,0.2440944881889764
late,10,3,127,136,2,2,0.6823494021320101,1,1.0,0.007874015748031496
late,10,3,127,136,2,3,0.682337276176246,1,1.0,0.007874015748031496
late,10,5,127,136,2,1,0.6318036847188347,4,0.75,0.031496062992125984
late,10,6,127,136,2,2,0.6454616441313638,2,0.0,0.015748031496062992
late,10,6,127,136,2,3,0.6454479804862696,13,0.7692307692307693,0.10236220472440945
late,10,7,127,136,2,1,0.6034826962876625,2,1.0,0.015748031496062992
late,10,8,127,136,2,3,0.5238600674461745,1,0.0,0.007874015748031496
late,10,10,127,136,2,2,0.5834736854849761,6,0.6666666666666666,0.047244094488188976
late,10,10,127,136,2,3,0.5580454741070303,1,1.0,0.007874015748031496
late,10,11,127,136,2,3,0.560019279851764,1,1.0,0.007874015748031496
late,10,12,127,136,2,0,0.015746759308116972,1,0.0,0.007874015748031496
late,10,12,127,136,2,2,0.5950162958727349,8,0.625,0.06299212598425197
late,10,13,127,136,2,0,0.01571840988956016,1,0.0,0.007874015748031496
late,10,13,127,136,2,3,0.44625515981782854,32,0.53125,0.25196850393700787
late,10,5,6,136,3,1,0.6214546904690029,1,1.0,0.16666666666666666
late,10,7,6,136,3,1,0.5902197928216452,1,0.0,0.16666666666666666
late,10,10,6,136,3,2,0.5670683447423518,1,1.0,0.16666666666666666
late,10,13,6,136,3,0,0.01594640446184883,1,0.0,0.16666666666666666
late,10,13,6,136,3,3,0.3687565138813069,2,0.0,0.3333333333333333
late,10,3,7,136,5,3,0.7257812408132117,1,1.0,0.14285714285714285
late,10,13,7,136,5,3,0.5504222047603006,6,0.6666666666666666,0.8571428571428571
late,11,1,18,136,2,1,0.7156035909895706,9,0.6666666666666666,0.5
late,11,2,18,136,2,1,0.6842837784891829,1,0.0,0.05555555555555555
late,11,3,18,136,2,3,0.7145559988023625,1,1.0,0.05555555555555555
late,11,4,18,136,2,4,0.7149580235517141,3,0.6666666666666666,0.16666666666666666
late,11,10,18,136,2,2,0.6259573452032091,3,0.6666666666666666,0.16666666666666666
late,11,13,18,136,2,3,0.42040566074226804,1,1.0,0.05555555555555555
late,11,1,5,136,3,1,0.6944731858318561,1,1.0,0.2
late,11,2,5,136,3,1,0.6663377850145487,1,1.0,0.2
late,11,5,5,136,3,1,0.6548612103710134,1,1.0,0.2
late,11,7,5,136,3,1,0.6228665537959566,1,1.0,0.2
late,11,13,5,136,3,3,0.3493312107585108,1,0.0,0.2
late,12,1,80,136,2,1,0.5538831393078497,2,0.0,0.025
late,12,2,80,136,2,1,0.5258146279178013,5,0.2,0.0625
late,12,3,80,136,2,3,0.5706174701254237,2,1.0,0.025
late,12,5,80,136,2,0,0.014529308896696297,1,0.0,0.0125
late,12,6,80,136,2,3,0.5510265781827022,2,1.0,0.025
late,12,9,80,136,2,2,0.5177214885713658,1,1.0,0.0125
late,12,10,80,136,2,2,0.49816702509385075,4,1.0,0.05
late,12,12,80,136,2,0,0.014370772899516202,3,0.0,0.0375
late,12,12,80,136,2,2,0.5053788845556522,36,0.4722222222222222,0.45
late,12,12,80,136,2,3,0.5088442704237465,2,0.5,0.025
late,12,12,80,136,2,5,0.567361609239664,9,0.4444444444444444,0.1125
late,12,13,80,136,2,0,0.014097522348378277,1,0.0,0.0125
late,12,13,80,136,2,3,0.3744885707830249,10,0.1,0.125
late,12,14,80,136,2,3,0.31115205578685756,2,0.0,0.025
late,12,2,8,136,3,1,0.5163404978749038,1,0.0,0.125
late,12,5,8,136,3,0,0.014840188579842513,1,0.0,0.125
late,12,12,8,136,3,2,0.47986711490488126,2,0.0,0.25
late,12,12,8,136,3,5,0.5503881972121492,2,1.0,0.25
late,12,13,8,136,3,3,0.28669275786179843,1,0.0,0.125
late,12,14,8,136,3,3,0.24267787898245846,1,1.0,0.125
late,12,12,14,136,5,2,0.5110079742203488,10,0.7,0.7142857142857143
late,12,12,14,136,5,5,0.5662662680590603,2,0.5,0.14285714285714285
late,12,13,14,136,5,3,0.33246278577000615,2,0.0,0.14285714285714285
late,13,1,169,136,3,1,0.5323022233358852,7,0.2857142857142857,0.04142011834319527
late,13,2,169,136,3,1,0.5074082600396275,47,0.5319148936170213,0.2781065088757396
late,13,3,169,136,3,2,0.5607582669036996,3,0.6666666666666666,0.01775147928994083
late,13,5,169,136,3,1,0.4996930193273206,10,0.6,0.05917159763313609
late,13,6,169,136,3,3,0.5211303582096536,13,0.6153846153846154,0.07692307692307693
late,13,10,169,136,3,2,0.4558797341683211,1,1.0,0.005917159763313609
late,13,10,169,136,3,3,0.43717112630003796,1,0.0,0.005917159763313609
late,13,12,169,136,3,0,0.014768044349549614,1,0.0,0.005917159763313609
late,13,12,169,136,3,2,0.45947207826852926,2,1.0,0.011834319526627219
late,13,12,169,136,3,5,0.523013781825254,1,1.0,0.005917159763313609
late,13,13,169,136,3,0,0.014454493897594506,8,0.0,0.047337278106508875
late,13,13,169,136,3,3,0.282575763705545,74,0.32432432432432434,0.4378698224852071
late,13,14,169,136,3,3,0.2521863929561543,1,1.0,0.005917159763313609
late,14,2,1,136,1,1,0.4798908225040041,1,0.0,1.0
late,1,1,13,137,1,0,0.009599698253916565,1,0.0,0.07692307692307693
late,1,1,13,137,1,1,0.5433246014554223,4,0.5,0.3076923076923077
late,1,2,13,137,1,1,0.5160026767068108,2,1.0,0.15384615384615385
late,1,5,13,137,1,1,0.5046225065125032,3,0.6666666666666666,0.23076923076923078
late,1,6,13,137,1,0,0.010276395803182957,2,0.0,0.15384615384615385
late,1,12,13,137,1,2,0.4441200731397962,1,1.0,0.07692307692307693
late,2,1,7,137,1,1,0.5077438533572155,1,1.0,0.14285714285714285
late,2,2,7,137,1,1,0.4807837020963631,3,0.3333333333333333,0.42857142857142855
late,2,5,7,137,1,1,0.46349719005457646,3,0.6666666666666666,0.42857142857142855
late,4,2,4,137,1,1,0.6406054249919837,2,1.0,0.5
late,4,5,4,137,1,0,0.010498100054346196,1,0.0,0.25
late,4,5,4,137,1,1,0.6183067306648946,1,0.0,0.25
late,4,5,1,137,4,1,0.7437533704223083,1,1.0,1.0
late,5,5,8,137,1,0,0.01055873595835831,1,0.0,0.125
late,5,5,8,137,1,1,0.4856958701156757,6,0.3333333333333333,0.75
late,5,6,8,137,1,3,0.5038481553044992,1,0.0,0.125
late,6,6,1,137,3,3,0.49126619041804503,1,0.0,1.0
late,7,5,1,137,1,1,0.612825214325365,1,0.0,1.0
late,10,13,1,137,2,0,0.011277788582653223,1,0.0,1.0
late,11,1,4,137,2,1,0.6445445545142172,1,1.0,0.25
late,11,2,4,137,2,1,0.613560594132314,1,0.0,0.25
late,11,13,4,137,2,3,0.366223459275587,2,0.5,0.5
late,11,2,1,137,3,1,0.6933450064881792,1,1.0,1.0
late,11,1,2,137,5,1,0.6102305370489979,1,1.0,0.5
late,11,10,2,137,5,2,0.557025135904967,1,1.0,0.5
late,13,5,1,137,3,1,0.427512170109193,1,0.0,1.0
late,14,2,2,137,1,0,0.010836435110542464,1,0.0,0.5
late,14,14,2,137,1,0,0.010514896135037739,1,0.0,0.5
late,1,1,19,138,1,0,0.01574851967423656,1,0.0,0.05263157894736842
late,1,1,19,138,1,1,0.634895904132435,10,0.7,0.5263157894736842
late,1,2,19,138,1,1,0.6089837137130636,1,1.0,0.05263157894736842
late,1,3,19,138,1,2,0.6691932837820115,1,1.0,0.05263157894736842
late,1,6,19,138,1,3,0.6145829589907914,3,0.6666666666666666,0.15789473684210525
late,1,13,19,138,1,3,0.3715858974027939,3,0.3333333333333333,0.15789473684210525
late,2,1,5,138,1,1,0.579963743152464,1,0.0,0.2
late,2,2,5,138,1,1,0.5518672245370373,1,1.0,0.2
late,2,13,5,138,1,3,0.3179001266933255,3,0.3333333333333333,0.6
late,4,1,6,138,4,1,0.8354829673410298,1,1.0,0.16666666666666666
late,4,2,6,138,4,1,0.812035988393756,1,1.0,0.16666666666666666
late,4,5,6,138,4,1,0.8032961023857771,2,1.0,0.3333333333333333
late,4,13,6,138,4,3,0.5798548539662001,2,0.0,0.3333333333333333
late,5,5,2,138,1,1,0.5607538080259808,1,1.0,0.5
late,5,13,2,138,1,3,0.3141677975238754,1,0.0,0.5
late,6,2,8,138,3,1,0.5698523887305866,1,1.0,0.125
late,6,5,8,138,3,1,0.551233897646403,1,1.0,0.125
late,6,6,8,138,3,3,0.5729901955384407,2,0.0,0.25
late,6,13,8,138,3,0,0.016899985314497473,1,0.0,0.125
late,6,13,8,138,3,3,0.3045507942864004,3,0.3333333333333333,0.375
late,7,2,4,138,1,1,0.6948741351171291,2,1.0,0.5
late,7,6,4,138,1,3,0.705415984138767,1,1.0,0.25
late,7,13,4,138,1,3,0.48597211966994547,1,1.0,0.25
late,10,1,6,138,2,1,0.6830441491159589,1,1.0,0.16666666666666666
late,10,2,6,138,2,1,0.6555201913703587,1,1.0,0.16666666666666666
late,10,13,6,138,2,0,0.01966528538797335,2,0.0,0.3333333333333333
late,10,13,6,138,2,3,0.4503891677716852,2,0.5,0.3333333333333333
late,11,1,6,138,2,0,0.017743972157011303,1,0.0,0.16666666666666666
late,11,1,6,138,2,1,0.7480651069379171,2,0.5,0.3333333333333333
late,11,2,6,138,2,1,0.7155833676295579,1,1.0,0.16666666666666666
late,11,6,6,138,2,3,0.7241700640795093,1,1.0,0.16666666666666666
late,11,7,6,138,2,1,0.6858490887466494,1,1.0,0.16666666666666666
late,13,1,21,138,3,1,0.5588693833796593,1,1.0,0.047619047619047616
late,13,2,21,138,3,0,0.018154778715003955,1,0.0,0.047619047619047616
late,13,2,21,138,3,1,0.5340019262518483,5,0.6,0.23809523809523808
late,13,6,21,138,3,3,0.5472635905651545,4,0.5,0.19047619047619047
late,13,13,21,138,3,0,0.01760339879627718,1,0.0,0.047619047619047616
late,13,13,21,138,3,3,0.3094531476642983,9,0.0,0.42857142857142855
late,14,14,1,138,1,1,0.2796907676562123,1,1.0,1.0
late,1,1,39,139,1,0,0.024253752207244617,3,0.0,0.07692307692307693
late,1,1,39,139,1,1,0.691242509941914,15,0.8,0.38461538461538464
late,1,3,39,139,1,3,0.7421942258524923,15,0.8,0.38461538461538464
late,1,5,39,139,1,1,0.6636327982766174,1,1.0,0.02564102564102564
late,1,6,39,139,1,3,0.6737254889492751,1,1.0,0.02564102564102564
late,1,11,39,139,1,2,0.6058729014512156,2,1.0,0.05128205128205128
late,1,13,39,139,1,0,0.025479678233143968,2,0.0,0.05128205128205128
late,3,1,9,139,3,1,0.6573621096298863,1,1.0,0.1111111111111111
late,3,3,9,139,3,3,0.7562916461423589,7,0.7142857142857143,0.7777777777777778
late,3,13,9,139,3,0,0.025523495032404735,1,0.0,0.1111111111111111
late,6,1,7,139,3,1,0.6657658021790791,4,0.5,0.5714285714285714
late,6,3,7,139,3,3,0.6683775805531962,1,1.0,0.14285714285714285
late,6,5,7,139,3,1,0.6027742039324708,1,0.0,0.14285714285714285
late,6,6,7,139,3,3,0.630929798944759,1,1.0,0.14285714285714285
late,7,6,1,139,3,2,0.7467619756188095,1,1.0,1.0
late,10,1,3,139,2,1,0.7428536650891949,1,1.0,0.3333333333333333
late,10,2,3,139,2,1,0.7179685837571391,1,1.0,0.3333333333333333
late,10,3,3,139,2,3,0.7849736909018667,1,1.0,0.3333333333333333
late,11,1,9,139,2,1,0.7725051100635935,3,1.0,0.3333333333333333
late,11,3,9,139,2,3,0.7917280623836598,2,0.5,0.2222222222222222
late,11,7,9,139,2,3,0.7159133679865071,1,1.0,0.1111111111111111
late,11,10,9,139,2,2,0.7052333842354476,1,0.0,0.1111111111111111
late,11,13,9,139,2,3,0.5162843834406083,2,0.0,0.2222222222222222
late,13,1,3,139,3,1,0.6300959945993454,1,1.0,0.3333333333333333
late,13,12,3,139,3,2,0.5556785512660576,1,0.0,0.3333333333333333
late,13,13,3,139,3,3,0.3764052286631396,1,1.0,0.3333333333333333
late,1,1,14,140,1,1,0.5920814410025781,4,0.5,0.2857142857142857
late,1,3,14,140,1,2,0.6242064444894005,2,1.0,0.14285714285714285
late,1,5,14,140,1,1,0.5621060793739601,3,0.3333333333333333,0.21428571428571427
late,1,6,14,140,1,2,0.5746882130762261,1,1.0,0.07142857142857142
late,1,13,14,140,1,3,0.34365708783188154,4,0.75,0.2857142857142857
late,2,5,2,140,1,1,0.5052574398688322,1,1.0,0.5
late,2,13,2,140,1,3,0.2901948148115977,1,0.0,0.5
late,3,3,7,140,2,2,0.6359673396577799,4,0.25,0.5714285714285714
late,3,6,7,140,2,2,0.5414832486262765,2,1.0,0.2857142857142857
late,3,13,7,140,2,3,0.32756508034531534,1,1.0,0.14285714285714285
late,4,5,1,140,1,1,0.6644665221074307,1,0.0,1.0
late,5,1,11,140,1,1,0.5687065918187045,1,0.0,0.09090909090909091
late,5,2,11,140,1,1,0.5344265618458409,1,0.0,0.09090909090909091
late,5,5,11,140,1,1,0.5205264516293248,1,0.0,0.09090909090909091
late,5,6,11,140,1,2,0.5409486577480757,2,0.5,0.18181818181818182
late,5,9,11,140,1,2,0.48778322621413306,2,1.0,0.18181818181818182
late,5,13,11,140,1,3,0.28987739577318217,4,0.0,0.36363636363636365
late,6,5,10,140,2,1,0.520815557853245,2,0.0,0.2
late,6,6,10,140,2,2,0.5417416341393717,7,0.5714285714285714,0.7
late,6,9,10,140,2,2,0.49382074978737805,1,1.0,0.1
late,6,1,15,140,3,1,0.5697897318615243,2,0.5,0.13333333333333333
late,6,2,15,140,3,1,0.5316901623664408,3,0.0,0.2
late,6,5,15,140,3,1,0.5149636630670875,5,0.4,0.3333333333333333
late,6,6,15,140,3,3,0.5378533002106889,3,0.3333333333333333,0.2
late,6,13,15,140,3,3,0.2776142318753433,2,0.0,0.13333333333333333
late,7,1,3,140,1,1,0.6937683700372537,1,1.0,0.3333333333333333
late,7,2,3,140,1,1,0.662096468705078,1,1.0,0.3333333333333333
late,7,13,3,140,1,3,0.4677317889619725,1,1.0,0.3333333333333333
late,8,9,1,140,2,2,0.5616993344014254,1,1.0,1.0
late,8,5,4,140,3,1,0.5686582410353757,3,0.3333333333333333,0.75
late,8,6,4,140,3,2,0.5904016874630382,1,1.0,0.25
late,9,1,4,140,2,1,0.6572669039567367,1,1.0,0.25
late,9,3,4,140,2,2,0.6320604331161133,2,1.0,0.5
late,9,6,4,140,2,2,0.6309381803631275,1,0.0,0.25
late,10,1,10,140,2,1,0.652103405945667,3,0.3333333333333333,0.3
late,10,2,10,140,2,1,0.622725527878217,1,1.0,0.1
late,10,5,10,140,2,1,0.6212820984356214,2,0.5,0.2
late,10,6,10,140,2,3,0.6358729419724198,1,1.0,0.1
late,10,13,10,140,2,3,0.4352711442564619,3,0.6666666666666666,0.3
late,10,6,1,140,5,3,0.6916708874067486,1,1.0,1.0
late,11,5,1,140,2,1,0.6677614315039003,1,1.0,1.0
late,13,2,16,140,3,1,0.4965732994431379,2,1.0,0.125
late,13,5,16,140,3,1,0.4879081797546826,2,0.0,0.125
late,13,6,16,140,3,3,0.5100588156621046,2,0.5,0.125
late,13,13,16,140,3,3,0.27509175458570184,9,0.3333333333333333,0.5625
late,13,14,16,140,3,1,0.20958466837879236,1,0.0,0.0625
late,5,1,1,141,1,1,0.5262133656077744,1,1.0,1.0
late,9,3,2,141,2,3,0.6036655603917791,1,0.0,0.5
late,9,9,2,141,2,2,0.5632585252385682,1,0.0,0.5
late,10,3,9,141,2,3,0.638898186431969,3,0.3333333333333333,0.3333333333333333
late,10,5,9,141,2,1,0.5920798214960167,1,1.0,0.1111111111111111
late,10,10,9,141,2,2,0.5501216296751433,1,1.0,0.1111111111111111
late,10,12,9,141,2,2,0.5527638790537203,2,0.5,0.2222222222222222
late,10,13,9,141,2,0,0.013295639498795194,1,0.0,0.1111111111111111
late,10,13,9,141,2,3,0.4108197517976074,1,0.0,0.1111111111111111
late,12,3,14,141,2,3,0.5135676948069093,4,0.25,0.2857142857142857
late,12,5,14,141,2,1,0.4844101450837872,1,1.0,0.07142857142857142
late,12,9,14,141,2,2,0.4774676485604673,3,0.6666666666666666,0.21428571428571427
late,12,10,14,141,2,2,0.45906118826116765,1,1.0,0.07142857142857142
late,12,12,14,141,2,2,0.4600516348166996,3,0.3333333333333333,0.21428571428571427
late,12,13,14,141,2,0,0.011753310810227133,1,0.0,0.07142857142857142
late,12,13,14,141,2,3,0.3329865515615493,1,0.0,0.07142857142857142
late,1,3,2,142,1,3,0.5922302256485095,1,1.0,0.5
late,1,10,2,142,1,2,0.42505678203971625,1,0.0,0.5
late,6,13,1,142,3,3,0.23200958486384957,1,0.0,1.0
late,10,1,5,142,2,1,0.6190002006842794,1,1.0,0.2
late,10,3,5,142,2,2,0.608699503681146,2,1.0,0.4
late,10,5,5,142,2,1,0.5802975842300727,1,1.0,0.2
late,10,13,5,142,2,3,0.41012362475620173,1,0.0,0.2
late,10,13,1,142,3,3,0.2650160070729801,1,0.0,1.0
late,11,1,1,142,2,1,0.6788852507425317,1,1.0,1.0
late,1,1,4,143,1,1,0.6825568626226801,2,1.0,0.5
late,1,12,4,143,1,2,0.5809052284227443,2,1.0,0.5
late,2,14,1,143,1,3,0.33736583316268587,1,1.0,1.0
late,8,13,1,143,3,3,0.4316663473076343,1,1.0,1.0
late,10,1,2,143,2,1,0.7269438270308535,1,1.0,0.5
late,10,12,2,143,2,2,0.6531020635798626,1,1.0,0.5
late,10,12,3,143,3,2,0.638303728057983,1,1.0,0.3333333333333333
late,10,12,3,143,3,3,0.6411691095148533,1,1.0,0.3333333333333333
late,10,13,3,143,3,3,0.3954488192997816,1,0.0,0.3333333333333333
late,12,1,7,143,2,1,0.61685267194214,1,1.0,0.14285714285714285
late,12,10,7,143,2,2,0.5621456086234822,2,0.0,0.2857142857142857
late,12,12,7,143,2,2,0.5568078854472529,3,0.6666666666666666,0.42857142857142855
late,12,12,7,143,2,3,0.5607859394882263,1,1.0,0.14285714285714285
late,12,2,8,143,3,1,0.5960337040870239,2,0.0,0.25
late,12,12,8,143,3,2,0.5479024322168985,2,0.5,0.25
late,12,12,8,143,3,3,0.5518833696100456,2,0.5,0.25
late,12,14,8,143,3,3,0.2867107162844549,2,0.5,0.25
late,14,14,1,143,3,3,0.27653602468467925,1,0.0,1.0
late,1,1,44,144,1,1,0.5795828991685087,5,0.2,0.11363636363636363
late,1,2,44,144,1,1,0.5499965592474492,2,1.0,0.045454545454545456
late,1,5,44,144,1,0,0.01185689916473883,1,0.0,0.022727272727272728
late,1,5,44,144,1,1,0.5451658694144587,16,0.6875,0.36363636363636365
late,1,6,44,144,1,3,0.5587375592601532,13,0.46153846153846156,0.29545454545454547
late,1,13,44,144,1,0,0.011543511820613372,1,0.0,0.022727272727272728
late,1,13,44,144,1,3,0.3232760229229842,6,0.3333333333333333,0.13636363636363635
late,2,1,11,144,1,1,0.5317168994313228,3,1.0,0.2727272727272727
late,2,2,11,144,1,0,0.011127754027388963,1,0.0,0.09090909090909091
late,2,3,11,144,1,3,0.6030967727056589,1,0.0,0.09090909090909091
late,2,5,11,144,1,1,0.4882912497959882,1,0.0,0.09090909090909091
late,2,6,11,144,1,0,0.011522769802662475,1,0.0,0.09090909090909091
late,2,6,11,144,1,3,0.4999458225203943,3,0.3333333333333333,0.2727272727272727
late,2,13,11,144,1,3,0.2621932062649045,1,0.0,0.09090909090909091
late,3,6,1,144,2,3,0.5192492229113981,1,0.0,1.0
late,3,11,2,144,3,2,0.4325808523833378,1,1.0,0.5
late,3,13,2,144,3,3,0.255330656664525,1,0.0,0.5
late,4,5,4,144,1,1,0.6425906742570805,3,1.0,0.75
late,4,6,4,144,1,3,0.6610066746908414,1,1.0,0.25
late,5,1,48,144,1,1,0.5572758559918458,2,1.0,0.041666666666666664
late,5,2,48,144,1,1,0.5277764244300629,2,0.0,0.041666666666666664
late,5,3,48,144,1,2,0.6003715455848658,1,0.0,0.020833333333333332
late,5,3,48,144,1,3,0.6000820166759745,2,0.0,0.041666666666666664
late,5,5,48,144,1,0,0.012213323121148721,2,0.0,0.041666666666666664
late,5,5,48,144,1,1,0.5090840707378319,19,0.5263157894736842,0.3958333333333333
late,5,6,48,144,1,3,0.5251414920043502,11,0.36363636363636365,0.22916666666666666
late,5,12,48,144,1,2,0.44916558378715243,3,1.0,0.0625
late,5,13,48,144,1,3,0.2747279697228953,6,0.0,0.125
late,6,9,4,144,2,2,0.46985884429419394,1,1.0,0.25
late,6,12,4,144,2,2,0.44802473953763555,1,0.0,0.25
late,6,12,4,144,2,3,0.4547041724621417,1,1.0,0.25
late,6,13,4,144,2,3,0.2900614458561136,1,1.0,0.25
late,6,1,56,144,3,1,0.5538255425961958,2,1.0,0.03571428571428571
late,6,2,56,144,3,1,0.5172930714131414,2,0.5,0.03571428571428571
late,6,5,56,144,3,1,0.49586111095789753,13,0.3076923076923077,0.23214285714285715
late,6,6,56,144,3,3,0.5174699728106066,29,0.4827586206896552,0.5178571428571429
late,6,13,56,144,3,0,0.01170218598512887,1,0.0,0.017857142857142856
late,6,13,56,144,3,3,0.25278821064068974,9,0.3333333333333333,0.16071428571428573
late,7,2,2,144,1,1,0.6429157913197026,1,1.0,0.5
late,7,5,2,144,1,1,0.6383216184163399,1,1.0,0.5
late,9,3,3,144,2,3,0.6336629836869063,1,1.0,0.3333333333333333
late,9,6,3,144,2,2,0.6086021421954806,1,0.0,0.3333333333333333
late,9,12,3,144,2,2,0.5518230955472982,1,0.0,0.3333333333333333
late,10,1,35,144,2,1,0.6345683656673575,2,0.5,0.05714285714285714
late,10,2,35,144,2,1,0.6043657202698843,2,0.0,0.05714285714285714
late,10,3,35,144,2,2,0.6641733683040545,1,1.0,0.02857142857142857
late,10,3,35,144,2,3,0.6641733683040545,2,1.0,0.05714285714285714
late,10,5,35,144,2,0,0.013370021436373556,1,0.0,0.02857142857142857
late,10,5,35,144,2,1,0.6021483230900928,2,1.0,0.05714285714285714
late,10,9,35,144,2,2,0.5778260061450554,1,1.0,0.02857142857142857
late,10,10,35,144,2,2,0.5554816467211623,2,1.0,0.05714285714285714
late,10,10,35,144,2,5,0.6089054585326684,1,0.0,0.02857142857142857
late,10,12,35,144,2,2,0.5625115614088388,9,0.4444444444444444,0.2571428571428571
late,10,12,35,144,2,5,0.62741945974422,1,1.0,0.02857142857142857
late,10,13,35,144,2,0,0.013291540051574022,1,0.0,0.02857142857142857
late,10,13,35,144,2,3,0.4102774058563967,10,0.6,0.2857142857142857
late,10,3,4,144,3,3,0.6632763507401931,1,1.0,0.25
late,10,10,4,144,3,3,0.5139673760438169,1,0.0,0.25
late,10,12,4,144,3,2,0.5361904197668437,1,1.0,0.25
late,10,13,4,144,3,3,0.30842008185319947,1,1.0,0.25
late,11,1,12,144,2,1,0.6791317808968476,8,0.875,0.6666666666666666
late,11,5,12,144,2,1,0.6477116161923784,2,0.0,0.16666666666666666
late,11,10,12,144,2,2,0.5908000130369047,1,1.0,0.08333333333333333
late,11,13,12,144,2,3,0.3989345719580449,1,0.0,0.08333333333333333
late,11,13,1,144,3,3,0.3621645314546129,1,0.0,1.0
late,12,2,41,144,2,1,0.49026217959716456,1,0.0,0.024390243902439025
late,12,3,41,144,2,3,0.5285846585153016,1,0.0,0.024390243902439025
late,12,5,41,144,2,0,0.012156221934687482,3,0.0,0.07317073170731707
late,12,5,41,144,2,1,0.4946072095970464,1,1.0,0.024390243902439025
late,12,6,41,144,2,2,0.5173472409220903,1,0.0,0.024390243902439025
late,12,9,41,144,2,2,0.485338452445528,1,1.0,0.024390243902439025
late,12,10,41,144,2,2,0.4650139776712843,1,1.0,0.024390243902439025
late,12,10,41,144,2,5,0.523707951474373,1,1.0,0.024390243902439025
late,12,12,41,144,2,2,0.46915391825943775,22,0.5,0.5365853658536586
late,12,12,41,144,2,3,0.4730619030190555,1,1.0,0.024390243902439025
late,12,12,41,144,2,5,0.5356790902899029,2,1.0,0.04878048780487805
late,12,13,41,144,2,0,0.011789064523465606,3,0.0,0.07317073170731707
late,12,13,41,144,2,3,0.3342386422000975,3,0.3333333333333333,0.07317073170731707
late,12,10,1,144,3,2,0.45457254266948366,1,0.0,1.0
late,12,3,1,144,5,3,0.5304792177062793,1,1.0,1.0
late,13,2,41,144,3,1,0.47962744313603695,5,0.4,0.12195121951219512
late,13,3,41,144,3,2,0.5318194887284917,1,1.0,0.024390243902439025
late,13,3,41,144,3,3,0.5373360036591834,1,1.0,0.024390243902439025
late,13,5,41,144,3,1,0.4715867249032273,9,0.4444444444444444,0.21951219512195122
late,13,6,41,144,3,3,0.49291820236688133,6,0.8333333333333334,0.14634146341463414
late,13,9,41,144,3,2,0.452796172034444,1,1.0,0.024390243902439025
late,13,13,41,144,3,0,0.012104282338776917,2,0.0,0.04878048780487805
late,13,13,41,144,3,3,0.25569172727528816,16,0.1875,0.3902439024390244
late,14,14,1,144,1,3,0.21540286677648812,1,0.0,1.0
late,1,5,2,145,1,1,0.49759735266151406,1,0.0,0.5
late,1,6,2,145,1,3,0.5120613530201428,1,1.0,0.5
late,3,3,1,145,2,2,0.5507469357620393,1,0.0,1.0
late,5,3,1,145,1,2,0.4800967847301813,1,1.0,1.0
late,6,1,4,145,3,1,0.49383886473529026,1,1.0,0.25
late,6,5,4,145,3,4,0.475586289951616,1,1.0,0.25
late,6,13,4,145,3,3,0.21918434053021157,2,1.0,0.5
late,7,3,1,145,3,2,0.663607852759928,1,1.0,1.0
late,10,1,9,145,2,1,0.5826377147272267,1,0.0,0.1111111111111111
late,10,3,9,145,2,2,0.5755964568701706,1,0.0,0.1111111111111111
late,10,5,9,145,2,1,0.5458848273377217,1,0.0,0.1111111111111111
late,10,6,9,145,2,3,0.5611610233793376,2,0.0,0.2222222222222222
late,10,10,9,145,2,2,0.5006514245627847,4,0.25,0.4444444444444444
late,12,1,1,145,2,1,0.47001683098886476,1,0.0,1.0
late,13,7,4,145,3,3,0.37566265202118776,1,1.0,0.25
late,13,10,4,145,3,3,0.3460074107040716,1,0.0,0.25
late,13,13,4,145,3,3,0.19347475518597151,2,0.0,0.5
late,3,3,8,146,3,3,0.689929634945597,3,0.3333333333333333,0.375
late,3,5,8,146,3,1,0.5744436502653765,1,0.0,0.125
late,3,9,8,146,3,2,0.5299069037529408,1,1.0,0.125
late,3,12,8,146,3,2,0.5071757486347486,1,1.0,0.125
late,3,13,8,146,3,3,0.31293728917207225,2,0.0,0.25
late,5,3,2,146,1,3,0.658939818808191,2,0.5,1.0
late,9,3,5,146,2,3,0.6702025267030753,3,0.3333333333333333,0.6
late,9,10,5,146,2,2,0.6103692769492749,1,0.0,0.2
late,9,12,5,146,2,2,0.6199063554088028,1,0.0,0.2
late,10,3,38,146,2,3,0.6999030291409103,8,0.875,0.21052631578947367
late,10,8,38,146,2,3,0.5688830530210847,1,0.0,0.02631578947368421
late,10,9,38,146,2,2,0.6414576998060025,3,0.6666666666666666,0.07894736842105263
late,10,10,38,146,2,2,0.6207895012378939,15,0.7333333333333333,0.39473684210526316
late,10,10,38,146,2,3,0.5988959385271446,1,1.0,0.02631578947368421
late,10,12,38,146,2,2,0.622748856668474,6,0.6666666666666666,0.15789473684210525
late,10,12,38,146,2,3,0.6256440297473893,1,0.0,0.02631578947368421
late,10,13,38,146,2,0,0.02053836436930038,1,0.0,0.02631578947368421
late,10,13,38,146,2,3,0.46262537848932866,2,0.5,0.05263157894736842
late,12,3,9,146,2,3,0.583252872385523,3,0.6666666666666666,0.3333333333333333
late,12,5,9,146,2,1,0.5439004432415887,2,1.0,0.2222222222222222
late,12,12,9,146,2,2,0.5112967256078256,2,1.0,0.2222222222222222
late,12,13,9,146,2,0,0.018503622515041025,1,0.0,0.1111111111111111
late,12,13,9,146,2,3,0.3611437272362078,1,0.0,0.1111111111111111
late,1,1,9,147,1,1,0.6611516716604535,5,0.8,0.5555555555555556
late,1,2,9,147,1,1,0.638083545559994,1,1.0,0.1111111111111111
late,1,13,9,147,1,3,0.3978122240663965,3,0.3333333333333333,0.3333333333333333
late,2,1,1,147,1,1,0.611279489303201,1,0.0,1.0
late,8,1,2,147,3,1,0.681375740169456,1,1.0,0.5
late,8,5,2,147,3,1,0.6299597777755674,1,1.0,0.5
late,10,1,1,147,2,1,0.715465499822811,1,1.0,1.0
late,13,1,2,147,3,1,0.5753045639815959,1,1.0,0.5
late,13,2,2,147,3,1,0.5518512548994549,1,0.0,0.5
late,14,14,1,147,3,0,0.021653072403438545,1,0.0,1.0
late,1,1,11,148,1,1,0.55057027213217,5,0.8,0.45454545454545453
late,1,2,11,148,1,1,0.5214023454304018,1,0.0,0.09090909090909091
late,1,5,11,148,1,1,0.5215468675308085,1,1.0,0.09090909090909091
late,1,6,11,148,1,2,0.5336940239015031,1,0.0,0.09090909090909091
late,1,6,11,148,1,3,0.5340887585299409,1,1.0,0.09090909090909091
late,1,13,11,148,1,3,0.30802865081930314,2,0.0,0.18181818181818182
late,2,2,28,148,1,1,0.4789777914022233,15,0.3333333333333333,0.5357142857142857
late,2,13,28,148,1,3,0.26409087225255284,12,0.08333333333333333,0.42857142857142855
late,2,14,28,148,1,1,0.22198196615705693,1,0.0,0.03571428571428571
late,4,2,1,148,1,1,0.6329044499977301,1,1.0,1.0
late,5,1,11,148,1,1,0.5334867821696676,2,1.0,0.18181818181818182
late,5,5,11,148,1,1,0.4833214440692743,3,0.3333333333333333,0.2727272727272727
late,5,6,11,148,1,3,0.503172374409424,5,0.6,0.45454545454545453
late,5,13,11,148,1,3,0.265468095996354,1,0.0,0.09090909090909091
late,6,3,4,148,2,2,0.5067137402162609,2,0.5,0.5
late,6,6,4,148,2,2,0.5000582127558819,2,0.0,0.5
late,6,1,9,148,3,1,0.5271175243768479,1,1.0,0.1111111111111111
late,6,2,9,148,3,1,0.48886099473465083,1,0.0,0.1111111111111111
late,6,5,9,148,3,1,0.4719756605707913,1,1.0,0.1111111111111111
late,6,6,9,148,3,2,0.4948142828286475,1,1.0,0.1111111111111111
late,6,6,9,148,3,3,0.4948142828286475,3,1.0,0.3333333333333333
late,6,13,9,148,3,3,0.24116178111037956,2,0.0,0.2222222222222222
late,7,2,5,148,1,1,0.623361937256545,2,0.5,0.4
late,7,9,5,148,1,2,0.5802513044225572,1,1.0,0.2
late,7,13,5,148,1,3,0.4193670499248038,2,0.5,0.4
late,10,2,6,148,2,1,0.5825620721554661,2,1.0,0.3333333333333333
late,10,10,6,148,2,2,0.5316320350394638,1,1.0,0.16666666666666666
late,10,13,6,148,2,3,0.4112528739368546,3,0.3333333333333333,0.5
late,11,1,1,148,2,1,0.6598799492112657,1,1.0,1.0
late,13,1,20,148,3,1,0.4756188329811783,3,0.6666666666666666,0.15
late,13,2,20,148,3,1,0.45192542496142096,1,0.0,0.05
late,13,3,20,148,3,2,0.49996537267690594,1,1.0,0.05
late,13,5,20,148,3,1,0.4457428444861423,2,1.0,0.1
late,13,6,20,148,3,3,0.46787026921499575,3,0.6666666666666666,0.15
late,13,13,20,148,3,3,0.24755081765076917,10,0.0,0.5
late,1,1,5,149,1,1,0.4802621095628493,2,1.0,0.4
late,1,2,5,149,1,1,0.45455020403432655,1,0.0,0.2
late,1,13,5,149,1,3,0.23030421147546595,2,0.0,0.4
late,2,2,3,149,1,1,0.42086003792400745,1,0.0,0.3333333333333333
late,2,13,3,149,1,0,0.006495393545100117,1,0.0,0.3333333333333333
late,2,13,3,149,1,3,0.22146688273861537,1,0.0,0.3333333333333333
late,4,5,1,149,4,1,0.6882986207323644,1,1.0,1.0
late,5,2,7,149,1,1,0.4295000437215218,2,0.0,0.2857142857142857
late,5,5,7,149,1,1,0.4183819488419419,2,0.5,0.2857142857142857
late,5,6,7,149,1,3,0.4377446719049929,1,0.0,0.14285714285714285
late,5,13,7,149,1,3,0.21834896876054094,2,0.0,0.2857142857142857
late,10,1,3,149,2,1,0.5438974675721275,1,0.0,0.3333333333333333
late,10,13,3,149,2,3,0.30634432399879324,2,0.5,0.6666666666666666
late,10,1,2,149,5,1,0.5878294890807617,1,1.0,0.5
late,10,10,2,149,5,2,0.560730288602555,1,0.0,0.5
late,13,13,5,149,3,3,0.1545022276801385,5,0.0,1.0
late,1,1,32,150,1,1,0.6197014452565859,10,0.6,0.3125
late,1,2,32,150,1,1,0.5933340914172026,2,1.0,0.0625
late,1,3,32,150,1,2,0.6539960225428474,2,0.5,0.0625
late,1,5,32,150,1,1,0.5864128468198888,6,0.6666666666666666,0.1875
late,1,6,32,150,1,3,0.597158131988782,8,0.75,0.25
late,1,13,32,150,1,3,0.35469771561722113,4,0.5,0.125
late,2,1,10,150,1,1,0.5667201005453146,2,0.5,0.2
late,2,2,10,150,1,1,0.5400312535121744,2,0.0,0.2
late,2,3,10,150,1,3,0.6346221189248327,1,1.0,0.1
late,2,6,10,150,1,3,0.5363415101428665,5,0.6,0.5
late,4,1,6,150,1,1,0.724605209210888,1,1.0,0.16666666666666666
late,4,5,6,150,1,1,0.679537417811762,1,0.0,0.16666666666666666
late,4,6,6,150,1,3,0.6970356855192397,2,0.5,0.3333333333333333
late,4,13,6,150,1,3,0.4541096732414163,2,0.5,0.3333333333333333
late,4,6,1,150,4,3,0.8090534110065924,1,1.0,1.0
late,5,1,10,150,1,1,0.5940399939389943,3,0.3333333333333333,0.3
late,5,3,10,150,1,3,0.6549779625051759,1,1.0,0.1
late,5,5,10,150,1,1,0.5479237081248538,2,1.0,0.2
late,5,6,10,150,1,3,0.5629311878819416,4,0.5,0.4
late,6,1,42,150,3,1,0.5962900671663023,5,0.4,0.11904761904761904
late,6,2,42,150,3,1,0.5606389305963608,5,0.6,0.11904761904761904
late,6,3,42,150,3,2,0.6128906372578896,3,0.6666666666666666,0.07142857142857142
late,6,5,42,150,3,0,0.016177855500122736,1,0.0,0.023809523809523808
late,6,5,42,150,3,1,0.5388367279527567,5,0.6,0.11904761904761904
late,6,6,42,150,3,3,0.5594210165565965,15,0.4666666666666667,0.35714285714285715
late,6,13,42,150,3,3,0.2871225150073813,8,0.0,0.19047619047619047
late,7,3,2,150,1,2,0.7234399490119598,1,1.0,0.5
late,7,6,2,150,1,3,0.6872135771671446,1,1.0,0.5
late,10,1,8,150,2,1,0.6714937879435682,2,0.5,0.25
late,10,2,8,150,2,1,0.6408358485883384,3,0.6666666666666666,0.375
late,10,6,8,150,2,3,0.6533888329702029,1,1.0,0.125
late,10,13,8,150,2,3,0.45942527248467985,2,0.0,0.25
late,10,13,1,150,3,3,0.31368675979830535,1,0.0,1.0
late,11,1,6,150,2,1,0.7432148634204502,5,1.0,0.8333333333333334
late,11,5,6,150,2,1,0.7131842713454207,1,1.0,0.16666666666666666
late,11,1,2,150,3,1,0.7402370308427345,1,1.0,0.5
late,11,3,2,150,3,2,0.7316410035584612,1,1.0,0.5
late,13,2,32,150,3,1,0.517439587089543,3,0.3333333333333333,0.09375
late,13,3,32,150,3,2,0.5688041705721945,1,1.0,0.03125
late,13,3,32,150,3,3,0.5742160726365758,1,0.0,0.03125
late,13,5,32,150,3,1,0.5106486134476456,4,0.5,0.125
late,13,6,32,150,3,3,0.5324364912365975,12,0.5,0.375
late,13,13,32,150,3,3,0.29738531537619056,9,0.4444444444444444,0.28125
late,13,14,32,150,3,3,0.2678889647433043,2,0.5,0.0625
late,1,1,10,151,1,1,0.637201531035064,5,0.8,0.5
late,1,6,10,151,1,3,0.6157522662774937,1,1.0,0.1
late,1,13,10,151,1,0,0.01730080057007126,1,0.0,0.1
late,1,13,10,151,1,3,0.38320300956225395,3,0.6666666666666666,0.3
late,2,1,1,151,1,1,0.5868186943966783,1,1.0,1.0
late,4,6,1,151,1,3,0.7115557418545858,1,1.0,1.0
late,5,13,1,151,1,3,0.31038062605792305,1,0.0,1.0
late,6,1,6,151,3,1,0.6139488083398692,2,0.5,0.3333333333333333
late,6,3,6,151,3,2,0.6327590907808082,1,1.0,0.16666666666666666
late,6,6,6,151,3,3,0.5768333220006375,3,0.6666666666666666,0.5
late,10,1,3,151,2,1,0.6867163150325588,1,1.0,0.3333333333333333
late,10,3,3,151,2,2,0.710852698654607,1,1.0,0.3333333333333333
late,10,13,3,151,2,3,0.4490343555435137,1,0.0,0.3333333333333333
late,10,6,3,151,3,3,0.6570220912711627,1,0.0,0.3333333333333333
late,10,13,3,151,3,3,0.3675052941483223,2,0.5,0.6666666666666666
late,11,1,2,151,2,1,0.7455155134036751,1,0.0,0.5
late,11,7,2,151,2,1,0.6835883232627646,1,1.0,0.5
late,11,1,3,151,3,1,0.753782492362325,2,1.0,0.6666666666666666
late,11,2,3,151,3,1,0.7227867903844349,1,0.0,0.3333333333333333
late,13,1,3,151,3,1,0.5609780219465305,1,0.0,0.3333333333333333
late,13,13,3,151,3,0,0.01818704086946626,1,0.0,0.3333333333333333
late,13,13,3,151,3,3,0.2664914631493934,1,0.0,0.3333333333333333
late,14,6,1,151,3,3,0.5200142835616379,1,1.0,1.0
late,1,1,11,152,1,1,0.5722827731283645,2,0.5,0.18181818181818182
late,1,3,11,152,1,2,0.614354609989231,1,0.0,0.09090909090909091
late,1,3,11,152,1,3,0.6145694748357925,2,0.5,0.18181818181818182
late,1,10,11,152,1,2,0.4853840079904985,4,0.0,0.36363636363636365
late,1,12,11,152,1,2,0.48651347287164304,1,1.0,0.09090909090909091
late,1,13,11,152,1,3,0.3130417625115159,1,0.0,0.09090909090909091
late,3,3,3,152,2,2,0.634781592343698,1,1.0,0.3333333333333333
late,3,6,3,152,2,3,0.5277379292672143,1,1.0,0.3333333333333333
late,3,10,3,152,2,2,0.4663470513194489,1,1.0,0.3333333333333333
late,5,1,1,152,1,1,0.5555313154119965,1,0.0,1.0
late,6,3,6,152,3,2,0.5516912397962126,3,1.0,0.5
late,6,6,6,152,3,3,0.5221134935941392,1,1.0,0.16666666666666666
late,6,13,6,152,3,3,0.2640814422229502,2,0.5,0.3333333333333333
late,7,1,2,152,3,1,0.6596098707817071,1,1.0,0.5
late,7,12,2,152,3,2,0.5640236165864198,1,1.0,0.5
late,8,9,1,152,3,2,0.5270666849598539,1,0.0,1.0
late,10,1,26,152,2,1,0.6421094972836224,5,0.4,0.19230769230769232
late,10,3,26,152,2,2,0.6430999395326154,2,1.0,0.07692307692307693
late,10,5,26,152,2,1,0.6069164591201924,10,0.4,0.38461538461538464
late,10,6,26,152,2,3,0.6213410519791265,2,1.0,0.07692307692307693
late,10,10,26,152,2,2,0.5601774336222256,4,0.75,0.15384615384615385
late,10,13,26,152,2,3,0.4206500295929048,3,0.0,0.11538461538461539
late,10,13,1,152,3,0,0.014291799912271634,1,0.0,1.0
late,12,1,2,152,2,1,0.5161944605827986,1,0.0,0.5
late,12,14,2,152,2,3,0.2522643821887617,1,0.0,0.5
late,13,1,1,152,3,1,0.5065962395740511,1,1.0,1.0
late,1,1,73,153,1,1,0.5603982061699229,48,0.7708333333333334,0.6575342465753424
late,1,2,73,153,1,1,0.5328524816380565,12,0.3333333333333333,0.1643835616438356
late,1,3,73,153,1,3,0.6005086697441462,1,1.0,0.0136986301369863
late,1,5,73,153,1,1,0.5295016068708149,1,0.0,0.0136986301369863
late,1,6,73,153,1,3,0.5414296103754722,4,0.5,0.0547945205479452
late,1,9,73,153,1,2,0.4897309497798438,1,0.0,0.0136986301369863
late,1,13,73,153,1,0,0.010243313032294577,1,0.0,0.0136986301369863
late,1,13,73,153,1,3,0.30777962620858135,5,0.0,0.0684931506849315
late,2,1,19,153,1,1,0.5173314087225036,8,0.375,0.42105263157894735
late,2,2,19,153,1,1,0.4913689290458697,4,0.5,0.21052631578947367
late,2,6,19,153,1,3,0.4856949507509385,1,0.0,0.05263157894736842
late,2,9,19,153,1,2,0.44400583192168075,1,1.0,0.05263157894736842
late,2,12,19,153,1,2,0.4089515156220842,1,0.0,0.05263157894736842
late,2,13,19,153,1,3,0.2507056693134796,3,0.3333333333333333,0.15789473684210525
late,2,14,19,153,1,1,0.21111605136983555,1,1.0,0.05263157894736842
late,3,3,1,153,2,2,0.6477594178642823,1,0.0,1.0
late,3,13,1,153,3,3,0.25478821845548816,1,0.0,1.0
late,4,2,2,153,4,1,0.7592447175109958,1,0.0,0.5
late,4,6,2,153,4,3,0.7659440790393766,1,0.0,0.5
late,5,2,3,153,1,1,0.49591398774779666,1,0.0,0.3333333333333333
late,5,12,3,153,1,2,0.43375342286542823,1,0.0,0.3333333333333333
late,5,13,3,153,1,3,0.2570083353453579,1,0.0,0.3333333333333333
late,6,1,26,153,3,1,0.5340491209247967,3,0.6666666666666666,0.11538461538461539
late,6,2,26,153,3,0,0.011402189894648041,6,0.0,0.23076923076923078
late,6,2,26,153,3,1,0.496906478122139,5,0.4,0.19230769230769232
late,6,5,26,153,3,1,0.4794376633801501,1,0.0,0.038461538461538464
late,6,6,26,153,3,3,0.5017083466321035,5,0.4,0.19230769230769232
late,6,9,26,153,3,3,0.44102553920355336,2,0.5,0.07692307692307693
late,6,13,26,153,3,3,0.2448996474861456,4,0.5,0.15384615384615385
late,7,1,4,153,1,1,0.6545680373715442,2,0.5,0.5
late,7,2,4,153,1,1,0.6272451676942996,2,1.0,0.5
late,7,1,1,153,3,1,0.644560095123886,1,0.0,1.0
late,9,1,7,153,2,1,0.6221561224598549,1,1.0,0.14285714285714285
late,9,2,7,153,2,1,0.5842172930875787,1,0.0,0.14285714285714285
late,9,5,7,153,2,1,0.578630312402738,2,0.5,0.2857142857142857
late,9,13,7,153,2,3,0.37628592481851836,3,0.6666666666666666,0.42857142857142855
late,9,2,6,153,3,1,0.5812944910386393,1,0.0,0.16666666666666666
late,9,5,6,153,3,1,0.5628907824650553,2,1.0,0.3333333333333333
late,9,9,6,153,3,3,0.5284474000524793,1,1.0,0.16666666666666666
late,9,13,6,153,3,3,0.2886641952554813,2,0.5,0.3333333333333333
late,10,1,9,153,2,1,0.6192949373442065,1,1.0,0.1111111111111111
late,10,2,9,153,2,1,0.5877980987362149,3,0.6666666666666666,0.3333333333333333
late,10,10,9,153,2,2,0.5385829314852237,1,0.0,0.1111111111111111
late,10,13,9,153,2,3,0.39229129004388774,4,0.75,0.4444444444444444
late,11,1,10,153,2,1,0.658846307989882,3,1.0,0.3
late,11,2,10,153,2,1,0.6294558805260513,4,0.75,0.4
late,11,6,10,153,2,3,0.6421126528058846,1,1.0,0.1
late,11,10,10,153,2,2,0.5678861046200236,1,1.0,0.1
late,11,11,10,153,2,2,0.5707027689970343,1,1.0,0.1
late,11,1,4,153,3,1,0.6710770317146261,3,0.6666666666666666,0.75
late,11,2,4,153,3,1,0.6406988330323741,1,1.0,0.25
late,12,1,6,153,2,1,0.4930611422543618,1,1.0,0.16666666666666666
late,12,12,6,153,2,0,0.011109124085116577,1,0.0,0.16666666666666666
late,12,12,6,153,2,2,0.4344306789396495,3,0.0,0.5
late,12,14,6,153,2,3,0.24648015220172828,1,0.0,0.16666666666666666
late,12,12,1,153,3,3,0.44518027276879946,1,1.0,1.0
late,13,1,46,153,3,1,0.48662040025789954,5,0.8,0.10869565217391304
late,13,2,46,153,3,1,0.4613042262508481,14,0.2857142857142857,0.30434782608695654
late,13,3,46,153,3,2,0.5137010718004813,1,1.0,0.021739130434782608
late,13,6,46,153,3,3,0.4750611670194049,7,0.14285714285714285,0.15217391304347827
late,13,13,46,153,3,0,0.010848018946821908,2,0.0,0.043478260869565216
late,13,13,46,153,3,3,0.24283306818749828,16,0.25,0.34782608695652173
late,13,14,46,153,3,1,0.18674670116069567,1,0.0,0.021739130434782608
late,14,2,2,153,1,1,0.44847659691195785,1,0.0,0.5
late,14,14,2,153,1,1,0.22545759519616765,1,1.0,0.5
late,14,1,2,153,3,0,0.011534500046273299,1,0.0,0.5
late,14,12,2,153,3,2,0.3954996045566679,1,1.0,0.5
late,1,1,6,154,1,1,0.6650632767692582,5,0.4,0.8333333333333334
late,1,6,6,154,1,3,0.6415527565508906,1,1.0,0.16666666666666666
late,6,6,1,154,3,3,0.6030839572288489,1,1.0,1.0
late,10,2,3,154,2,1,0.6830598623079487,1,1.0,0.3333333333333333
late,10,6,3,154,2,3,0.6946647476306337,1,1.0,0.3333333333333333
late,10,13,3,154,2,3,0.5275855491775535,1,1.0,0.3333333333333333
late,11,1,3,154,2,1,0.7561771561851072,2,1.0,0.6666666666666666
late,11,2,3,154,2,1,0.7273315133425636,1,0.0,0.3333333333333333
late,11,1,1,154,3,1,0.7548761638491734,1,1.0,1.0
late,13,1,2,154,3,1,0.5816874005313442,2,0.5,1.0
late,1,1,102,155,1,1,0.5213369991217667,33,0.48484848484848486,0.3235294117647059
late,1,3,102,155,1,3,0.5867696856891653,39,0.6666666666666666,0.38235294117647056
late,1,5,102,155,1,1,0.49120576227816176,2,0.0,0.0196078431372549
late,1,6,102,155,1,3,0.5027112186364695,3,0.3333333333333333,0.029411764705882353
late,1,10,102,155,1,2,0.4314394660148645,4,0.25,0.0392156862745098
late,1,11,102,155,1,2,0.4274711478938075,14,0.2857142857142857,0.13725490196078433
late,1,11,102,155,1,3,0.4016795625880518,1,0.0,0.00980392156862745
late,1,13,102,155,1,0,0.008122564213965492,2,0.0,0.0196078431372549
late,1,13,102,155,1,3,0.2690822412368525,4,0.75,0.0392156862745098
late,2,3,3,155,1,3,0.49510736750599554,2,0.5,0.6666666666666666
late,2,6,3,155,1,3,0.4577142801774073,1,0.0,0.3333333333333333
late,3,1,36,155,3,1,0.48301370535933624,7,0.42857142857142855,0.19444444444444445
late,3,3,36,155,3,3,0.5957824901456998,23,0.6521739130434783,0.6388888888888888
late,3,5,36,155,3,1,0.46512582402294966,1,1.0,0.027777777777777776
late,3,11,36,155,3,2,0.39168152954713026,1,0.0,0.027777777777777776
late,3,11,36,155,3,3,0.36682841483450834,1,1.0,0.027777777777777776
late,3,13,36,155,3,3,0.21809339242003797,3,0.0,0.08333333333333333
late,5,1,11,155,1,1,0.502711894834384,1,0.0,0.09090909090909091
late,5,3,11,155,1,3,0.5170652743245951,2,0.0,0.18181818181818182
late,5,5,11,155,1,1,0.4551948858305401,1,0.0,0.09090909090909091
late,5,6,11,155,1,3,0.474389401660528,2,1.0,0.18181818181818182
late,5,10,11,155,1,2,0.3976982674081396,1,0.0,0.09090909090909091
late,5,11,11,155,1,2,0.39845586048355125,1,0.0,0.09090909090909091
late,5,13,11,155,1,3,0.23953492064513274,2,0.0,0.18181818181818182
late,5,14,11,155,1,0,0.008375716405788105,1,0.0,0.09090909090909091
late,6,1,4,155,2,1,0.4989961655452173,1,1.0,0.25
late,6,3,4,155,2,3,0.4947852019674154,1,1.0,0.25
late,6,6,4,155,2,2,0.46781826020389683,1,1.0,0.25
late,6,11,4,155,2,2,0.39890487785509693,1,0.0,0.25
late,6,1,11,155,3,1,0.503519601762854,1,1.0,0.09090909090909091
late,6,3,11,155,3,3,0.5241492036422696,4,0.25,0.36363636363636365
late,6,6,11,155,3,3,0.47013433640886715,4,0.25,0.36363636363636365
late,6,11,11,155,3,2,0.3944555414433037,2,0.0,0.18181818181818182
late,7,1,3,155,3,1,0.6115524011984831,1,1.0,0.3333333333333333
late,7,3,3,155,3,3,0.6750448831068544,1,1.0,0.3333333333333333
late,7,13,3,155,3,3,0.2662958628343243,1,0.0,0.3333333333333333
late,9,3,1,155,2,3,0.564285882641514,1,1.0,1.0
late,10,1,96,155,2,1,0.59152403890336,42,0.5714285714285714,0.4375
late,10,3,96,155,2,3,0.5947687565868974,11,0.36363636363636365,0.11458333333333333
late,10,5,96,155,2,1,0.5551535461923017,1,1.0,0.010416666666666666
late,10,6,96,155,2,2,0.5704191996591971,2,0.0,0.020833333333333332
late,10,6,96,155,2,3,0.5704002488135195,6,0.3333333333333333,0.0625
late,10,9,96,155,2,2,0.5326100085045332,1,1.0,0.010416666666666666
late,10,10,96,155,2,2,0.5105880882242896,20,0.45,0.20833333333333334
late,10,10,96,155,2,3,0.48771779098547596,3,0.3333333333333333,0.03125
late,10,13,96,155,2,0,0.009649241040627615,3,0.0,0.03125
late,10,13,96,155,2,3,0.3590408778919694,7,0.2857142857142857,0.07291666666666667
late,10,6,2,155,3,3,0.5555667426825672,1,0.0,0.5
late,10,13,2,155,3,3,0.24597310781188725,1,0.0,0.5
late,10,1,2,155,5,1,0.6229259861542422,1,1.0,0.5
late,10,3,2,155,5,3,0.7075434456153885,1,1.0,0.5
late,11,1,35,155,2,0,0.008945492356897629,1,0.0,0.02857142857142857
late,11,1,35,155,2,1,0.6259115581167294,13,0.46153846153846156,0.37142857142857144
late,11,3,35,155,2,3,0.6361111754744804,8,0.625,0.22857142857142856
late,11,5,35,155,2,0,0.00890001053248953,1,0.0,0.02857142857142857
late,11,5,35,155,2,1,0.5943956365514053,2,0.5,0.05714285714285714
late,11,6,35,155,2,3,0.6096070263951521,1,1.0,0.02857142857142857
late,11,10,35,155,2,2,0.5442157548274367,2,0.5,0.05714285714285714
late,11,10,35,155,2,3,0.517284037239559,1,1.0,0.02857142857142857
late,11,11,35,155,2,2,0.5453025930060847,3,0.0,0.08571428571428572
late,11,13,35,155,2,3,0.35376102364736034,3,0.3333333333333333,0.08571428571428572
late,12,6,2,155,2,3,0.46205041645808453,1,0.0,0.5
late,12,13,2,155,2,0,0.008723007467723594,1,0.0,0.5
late,13,1,7,155,3,1,0.4570092433842656,1,0.0,0.14285714285714285
late,13,3,7,155,3,3,0.4994292534563809,2,1.0,0.2857142857142857
late,13,6,7,155,3,3,0.439048158019167,1,1.0,0.14285714285714285
late,13,10,7,155,3,0,0.009036813302454235,1,0.0,0.14285714285714285
late,13,10,7,155,3,2,0.37456921530202564,1,0.0,0.14285714285714285
late,13,13,7,155,3,3,0.2008093536359997,1,0.0,0.14285714285714285
late,14,1,2,155,3,1,0.43936755643370273,1,1.0,0.5
late,14,5,2,155,3,1,0.40149200933266227,1,0.0,0.5
late,1,1,27,156,1,1,0.5891125255019666,8,0.625,0.2962962962962963
late,1,3,27,156,1,3,0.6588570057587723,10,0.7,0.37037037037037035
late,1,5,27,156,1,1,0.5593470803037964,1,0.0,0.037037037037037035
late,1,10,27,156,1,2,0.5016571165102824,3,0.0,0.1111111111111111
late,1,11,27,156,1,2,0.4884993002574997,2,0.5,0.07407407407407407
late,1,13,27,156,1,3,0.32279412220235376,3,0.6666666666666666,0.1111111111111111
late,2,1,1,156,1,1,0.5544050966988208,1,1.0,1.0
late,3,1,14,156,3,1,0.5541191277693298,3,0.3333333333333333,0.21428571428571427
late,3,3,14,156,3,3,0.6672308331310306,6,0.6666666666666666,0.42857142857142855
late,3,5,14,156,3,1,0.5368353429384375,2,0.0,0.14285714285714285
late,3,11,14,156,3,2,0.45769720767481065,2,1.0,0.14285714285714285
late,3,13,14,156,3,3,0.2708995665846247,1,1.0,0.07142857142857142
late,5,3,3,156,1,3,0.569188138304787,1,0.0,0.3333333333333333
late,5,13,3,156,1,3,0.29699283997870957,2,0.5,0.6666666666666666
late,6,1,3,156,3,1,0.5582413923731281,2,0.5,0.6666666666666666
late,6,13,3,156,3,3,0.24905889047531501,1,0.0,0.3333333333333333
late,7,1,2,156,3,1,0.6706241909814902,1,1.0,0.5
late,7,6,2,156,3,3,0.647036694794586,1,1.0,0.5
late,10,1,10,156,2,1,0.6547718967536154,6,0.8333333333333334,0.6
late,10,3,10,156,2,3,0.6372186682546919,2,0.5,0.2
late,10,5,10,156,2,1,0.6174955174119973,1,1.0,0.1
late,10,13,10,156,2,3,0.4321918041097904,1,1.0,0.1
late,10,13,1,156,5,3,0.44431828315480926,1,0.0,1.0
late,11,1,12,156,2,1,0.6900923096579756,6,0.5,0.5
late,11,5,12,156,2,1,0.6632361396819111,2,0.0,0.16666666666666666
late,11,6,12,156,2,3,0.6738529798063885,2,0.5,0.16666666666666666
late,11,13,12,156,2,3,0.40570544148918525,2,0.5,0.16666666666666666
late,11,1,1,156,3,1,0.6929406031440339,1,0.0,1.0
late,13,3,3,156,3,3,0.5469937719208601,1,1.0,0.3333333333333333
late,13,10,3,156,3,2,0.43701920107311865,2,0.5,0.6666666666666666
late,1,1,72,157,1,1,0.5723229601620085,44,0.6818181818181818,0.6111111111111112
late,1,2,72,157,1,1,0.5449921613783448,10,0.4,0.1388888888888889
late,1,5,72,157,1,1,0.5346231219493711,1,0.0,0.013888888888888888
late,1,6,72,157,1,0,0.011354229438608048,1,0.0,0.013888888888888888
late,1,6,72,157,1,3,0.5487280397497626,2,0.5,0.027777777777777776
late,1,13,72,157,1,3,0.30397878746740314,13,0.23076923076923078,0.18055555555555555
late,1,14,72,157,1,1,0.23717180834882554,1,1.0,0.013888888888888888
late,2,1,23,157,1,1,0.5267744061657826,9,0.2222222222222222,0.391304347826087
late,2,2,23,157,1,0,0.010726259156534367,1,0.0,0.043478260869565216
late,2,2,23,157,1,1,0.5022451124210094,8,0.875,0.34782608695652173
late,2,5,23,157,1,1,0.48359686416172787,1,0.0,0.043478260869565216
late,2,6,23,157,1,3,0.49535813810081036,2,0.5,0.08695652173913043
late,2,13,23,157,1,3,0.2617649769356572,1,0.0,0.043478260869565216
late,2,14,23,157,1,1,0.2199832028666017,1,0.0,0.043478260869565216
late,3,1,1,157,2,1,0.527219167972021,1,1.0,1.0
late,4,1,21,157,1,1,0.68153893037765,11,0.7272727272727273,0.5238095238095238
late,4,2,21,157,1,1,0.6476029580728438,2,0.0,0.09523809523809523
late,4,5,21,157,1,1,0.6270333100365257,1,1.0,0.047619047619047616
late,4,6,21,157,1,3,0.6497678749857874,4,0.25,0.19047619047619047
late,4,13,21,157,1,0,0.011752700257710871,1,0.0,0.047619047619047616
late,4,13,21,157,1,3,0.3945152324611125,2,0.0,0.09523809523809523
late,4,1,1,157,4,1,0.7941916454659967,1,1.0,1.0
late,5,1,8,157,1,1,0.5426546739986496,3,0.3333333333333333,0.375
late,5,2,8,157,1,0,0.011745466874856366,1,0.0,0.125
late,5,2,8,157,1,1,0.5152215246153714,3,0.3333333333333333,0.375
late,5,10,8,157,1,5,0.4822705351256776,1,0.0,0.125
late,6,1,13,157,3,1,0.5490564442666683,1,0.0,0.07692307692307693
late,6,2,13,157,3,1,0.5124076878003263,3,0.3333333333333333,0.23076923076923078
late,6,5,13,157,3,1,0.48679740098756713,3,0.0,0.23076923076923078
late,6,6,13,157,3,3,0.5109305096606689,1,0.0,0.07692307692307693
late,6,13,13,157,3,3,0.24664927791236615,5,0.2,0.38461538461538464
late,7,1,2,157,1,1,0.6613217724988907,1,0.0,0.5
late,7,2,2,157,1,1,0.6385631489959172,1,1.0,0.5
late,10,1,13,157,2,1,0.6241686865648065,2,1.0,0.15384615384615385
late,10,2,13,157,2,0,0.013365683255272267,1,0.0,0.07692307692307693
late,10,2,13,157,2,1,0.5935830604357281,5,0.4,0.38461538461538464
late,10,5,13,157,2,1,0.5915645079983066,1,1.0,0.07692307692307693
late,10,6,13,157,2,3,0.6068657220017054,1,0.0,0.07692307692307693
late,10,13,13,157,2,3,0.39177624559265695,3,0.3333333333333333,0.23076923076923078
late,11,1,19,157,2,1,0.6725095710017578,7,0.7142857142857143,0.3684210526315789
late,11,2,19,157,2,1,0.6413025650363057,3,0.3333333333333333,0.15789473684210525
late,11,6,19,157,2,3,0.6537626444971596,1,1.0,0.05263157894736842
late,11,7,19,157,2,1,0.6120676916797736,2,0.5,0.10526315789473684
late,11,10,19,157,2,2,0.5852168802144689,1,1.0,0.05263157894736842
late,11,11,19,157,2,2,0.5906497023805725,1,0.0,0.05263157894736842
late,11,13,19,157,2,3,0.3931063606458889,4,0.5,0.21052631578947367
late,11,1,6,157,3,1,0.6899616955154183,5,0.6,0.8333333333333334
late,11,13,6,157,3,3,0.3160449670382563,1,0.0,0.16666666666666666
late,12,2,1,157,5,1,0.4597993086792813,1,1.0,1.0
late,13,1,17,157,3,1,0.4947877723566833,5,0.6,0.29411764705882354
late,13,2,17,157,3,1,0.4716158007205047,6,0.5,0.35294117647058826
late,13,6,17,157,3,3,0.4859347227733968,2,1.0,0.11764705882352941
late,13,13,17,157,3,3,0.23289035574661893,4,0.25,0.23529411764705882
late,14,13,2,157,1,3,0.24391909497943637,1,0.0,0.5
late,14,14,2,157,1,0,0.011497861701112215,1,0.0,0.5
late,1,1,15,158,1,1,0.6231775733916415,6,0.6666666666666666,0.4
late,1,2,15,158,1,1,0.5962362642172414,1,1.0,0.06666666666666667
late,1,5,15,158,1,1,0.5936804007775105,1,1.0,0.06666666666666667
late,1,6,15,158,1,3,0.6041804714042137,3,1.0,0.2
late,1,13,15,158,1,3,0.36387364672937056,4,0.5,0.26666666666666666
late,2,1,7,158,1,1,0.5883638978000586,1,0.0,0.14285714285714285
late,2,2,7,158,1,1,0.5597799679963941,4,0.5,0.5714285714285714
late,2,5,7,158,1,1,0.5441980534436449,1,0.0,0.14285714285714285
late,2,13,7,158,1,3,0.3134505197314193,1,0.0,0.14285714285714285
late,5,2,4,158,1,1,0.5834664004058956,1,0.0,0.25
late,5,5,4,158,1,1,0.5598397269625708,2,0.5,0.5
late,5,13,4,158,1,3,0.3190618191028287,1,1.0,0.25
late,6,2,15,158,3,1,0.5599503195592653,3,0.6666666666666666,0.2
late,6,5,15,158,3,1,0.5436126583493762,1,1.0,0.06666666666666667
late,6,6,15,158,3,3,0.5663568204111004,10,0.6,0.6666666666666666
late,6,13,15,158,3,3,0.29963746873311464,1,1.0,0.06666666666666667
late,7,2,1,158,1,1,0.6894621526845544,1,1.0,1.0
late,10,6,4,158,2,3,0.6750096343498293,1,1.0,0.25
late,10,13,4,158,2,3,0.4593114899727033,3,0.6666666666666666,0.75
late,10,1,1,158,3,1,0.6957135310918242,1,1.0,1.0
late,11,1,1,158,2,1,0.7282148272381931,1,0.0,1.0
late,11,6,2,158,3,3,0.7021446192910453,1,1.0,0.5
late,11,11,2,158,3,3,0.5941902553693785,1,0.0,0.5
late,13,2,14,158,3,1,0.5285145452288904,8,0.375,0.5714285714285714
late,13,6,14,158,3,3,0.5420672830506151,1,1.0,0.07142857142857142
late,13,13,14,158,3,3,0.30175124261577396,5,0.2,0.35714285714285715
late,1,1,14,159,1,0,0.00855151394824,1,0.0,0.07142857142857142
late,1,1,14,159,1,1,0.5334543649468323,6,0.8333333333333334,0.42857142857142855
late,1,2,14,159,1,1,0.5062332037678356,2,0.0,0.14285714285714285
late,1,6,14,159,1,0,0.009130926515833372,1,0.0,0.07142857142857142
late,1,6,14,159,1,3,0.5129391092330065,1,1.0,0.07142857142857142
late,1,7,14,159,1,0,0.009086336841152464,1,0.0,0.07142857142857142
late,1,8,14,159,1,3,0.3912805403470854,1,0.0,0.07142857142857142
late,1,13,14,159,1,3,0.27491159416932,1,1.0,0.07142857142857142
late,2,6,1,159,1,3,0.4547378329010272,1,1.0,1.0
late,4,1,5,159,4,1,0.7682784201498233,5,0.8,1.0
late,5,1,5,159,1,1,0.5092417629260212,2,0.0,0.4
late,5,2,5,159,1,1,0.478956748558576,1,0.0,0.2
late,5,6,5,159,1,3,0.47692502642245155,1,1.0,0.2
late,5,13,5,159,1,0,0.008851774630329967,1,0.0,0.2
late,6,6,1,159,3,3,0.4747570316317815,1,1.0,1.0
late,13,1,6,159,3,1,0.4522972267174324,2,0.5,0.3333333333333333
late,13,2,6,159,3,1,0.4271568121537374,4,0.25,0.6666666666666666
late,1,5,1,160,1,1,0.5930386791339788,1,0.0,1.0
late,2,5,1,160,1,1,0.5651756916463531,1,0.0,1.0
late,3,3,4,160,3,3,0.7141133559011535,2,1.0,0.5
late,3,5,4,160,3,1,0.58729409123643,1,0.0,0.25
late,3,13,4,160,3,3,0.3273774595043959,1,0.0,0.25
late,5,1,5,160,1,0,0.019798449906706275,1,0.0,0.2
late,5,1,5,160,1,1,0.6227937254440181,1,0.0,0.2
late,5,3,5,160,1,3,0.6161923767840474,1,1.0,0.2
late,5,12,5,160,1,2,0.5201536755909906,1,1.0,0.2
late,5,13,5,160,1,0,0.018949937542656684,1,0.0,0.2
late,6,3,1,160,3,3,0.7118035524801403,1,1.0,1.0
late,8,5,1,160,3,1,0.6166995885281853,1,1.0,1.0
late,9,12,2,160,2,2,0.6197220649946563,1,0.0,0.5
late,9,14,2,160,2,3,0.4048748805890785,1,0.0,0.5
late,10,1,17,160,2,1,0.7037832643236497,7,0.8571428571428571,0.4117647058823529
late,10,3,17,160,2,3,0.7176868496907721,2,1.0,0.11764705882352941
late,10,5,17,160,2,1,0.6718556635997189,1,1.0,0.058823529411764705
late,10,10,17,160,2,2,0.6318337676103977,5,0.8,0.29411764705882354
late,10,12,17,160,2,2,0.6364461844163288,2,0.5,0.11764705882352941
late,12,3,11,160,2,3,0.5997297186456721,1,1.0,0.09090909090909091
late,12,10,11,160,2,2,0.5310382093033043,3,1.0,0.2727272727272727
late,12,12,11,160,2,2,0.5384122458662297,4,0.25,0.36363636363636365
late,12,13,11,160,2,0,0.019251014328894128,2,0.0,0.18181818181818182
late,12,14,11,160,2,3,0.3573233657752996,1,0.0,0.09090909090909091
late,12,2,2,160,5,1,0.5391216601316808,1,1.0,0.5
late,12,10,2,160,5,2,0.537642021122271,1,0.0,0.5
late,13,1,1,160,3,1,0.5729819223499735,1,0.0,1.0
late,14,14,1,160,3,3,0.24448203709227123,1,1.0,1.0
late,1,1,7,161,1,1,0.6688525206696526,2,1.0,0.2857142857142857
late,1,2,7,161,1,1,0.6459889956790624,4,0.5,0.5714285714285714
late,1,13,7,161,1,3,0.3927487576056565,1,0.0,0.14285714285714285
late,2,2,5,161,1,1,0.6066282755672482,4,0.75,0.8
late,2,13,5,161,1,3,0.35574555815876346,1,0.0,0.2
late,5,13,1,161,1,3,0.36257630343403446,1,1.0,1.0
late,6,1,9,161,3,1,0.6475392548875287,1,1.0,0.1111111111111111
late,6,2,9,161,3,1,0.6110855188326063,3,0.6666666666666666,0.3333333333333333
late,6,6,9,161,3,3,0.6167643869850975,5,0.8,0.5555555555555556
late,10,6,1,161,2,3,0.7087526363604592,1,0.0,1.0
late,11,1,3,161,2,1,0.7682121312423934,2,0.5,0.6666666666666666
late,11,6,3,161,2,3,0.7502528972479463,1,1.0,0.3333333333333333
late,13,1,4,161,3,1,0.6028943126447104,1,1.0,0.25
late,13,6,4,161,3,3,0.5923081919168236,2,0.5,0.5
late,13,13,4,161,3,3,0.35499579100929585,1,0.0,0.25
late,1,1,7,162,1,1,0.5653843835238106,3,0.3333333333333333,0.42857142857142855
late,1,2,7,162,1,1,0.5371228425809227,2,0.5,0.2857142857142857
late,1,3,7,162,1,2,0.5955194311750677,1,0.0,0.14285714285714285
late,1,13,7,162,1,3,0.3076710578772865,1,0.0,0.14285714285714285
late,2,1,3,162,1,1,0.5133140828554713,1,0.0,0.3333333333333333
late,2,5,3,162,1,1,0.47224357426507796,1,0.0,0.3333333333333333
late,2,13,3,162,1,3,0.2593560605998312,1,0.0,0.3333333333333333
late,5,1,1,162,1,1,0.5241483249315017,1,1.0,1.0
late,6,2,4,162,3,1,0.4970491246990978,1,1.0,0.25
late,6,5,4,162,3,1,0.47991572055625575,1,0.0,0.25
late,6,6,4,162,3,0,0.011868234641353274,1,0.0,0.25
late,6,13,4,162,3,3,0.24423672498103743,1,1.0,0.25
late,10,2,1,162,2,1,0.586447230679614,1,0.0,1.0
late,11,13,2,162,2,3,0.3716683143495919,2,1.0,1.0
late,13,1,5,162,3,1,0.4877486863297122,1,1.0,0.2
late,13,10,5,162,3,2,0.40889172643763816,1,1.0,0.2
late,13,13,5,162,3,0,0.011422751688921694,1,0.0,0.2
late,13,13,5,162,3,3,0.23905467651124906,2,0.0,0.4
late,1,1,6,163,1,1,0.5965454092167052,1,1.0,0.16666666666666666
late,1,6,6,163,1,3,0.5761392507279242,2,1.0,0.3333333333333333
late,1,13,6,163,1,3,0.33685694390846005,3,0.3333333333333333,0.5
late,2,1,2,163,1,1,0.5416695188923,1,0.0,0.5
late,2,13,2,163,1,3,0.2691022647687475,1,0.0,0.5
late,5,1,1,163,1,1,0.5591623601928125,1,1.0,1.0
late,6,1,2,163,3,0,0.014442538388206569,1,0.0,0.5
late,6,1,2,163,3,1,0.5646773702743002,1,0.0,0.5
late,7,2,1,163,1,1,0.6580618662740936,1,1.0,1.0
late,10,2,3,163,2,1,0.6191291795488658,1,0.0,0.3333333333333333
late,10,6,3,163,2,3,0.6310998735183854,1,0.0,0.3333333333333333
late,10,13,3,163,2,3,0.45824034291031523,1,0.0,0.3333333333333333
late,11,1,6,163,2,1,0.7019632273038107,4,0.75,0.6666666666666666
late,11,6,6,163,2,3,0.6804073119126576,1,1.0,0.16666666666666666
late,11,13,6,163,2,3,0.41089837464547835,1,1.0,0.16666666666666666
late,11,1,3,163,3,1,0.6877833103373999,2,1.0,0.6666666666666666
late,11,13,3,163,3,3,0.30432756223206087,1,0.0,0.3333333333333333
late,13,2,5,163,3,1,0.48996664228886183,2,0.5,0.4
late,13,5,5,163,3,1,0.478692754152829,1,1.0,0.2
late,13,13,5,163,3,3,0.25138216768173505,2,0.0,0.4
late,14,2,1,163,3,1,0.4705817581922348,1,0.0,1.0
late,3,3,2,164,3,3,0.7429303732230624,2,1.0,1.0
late,5,5,2,164,1,1,0.6141897834056693,1,0.0,0.5
late,5,12,2,164,1,2,0.5594831680023875,1,1.0,0.5
late,9,12,1,164,2,2,0.677216933738145,1,1.0,1.0
late,10,5,1,164,3,1,0.7037017105275568,1,1.0,1.0
late,12,3,15,164,2,3,0.6596521177115984,2,1.0,0.13333333333333333
late,12,5,15,164,2,1,0.6163095482418105,5,0.4,0.3333333333333333
late,12,10,15,164,2,2,0.5918564477822369,1,1.0,0.06666666666666667
late,12,12,15,164,2,2,0.5855398175519756,7,0.8571428571428571,0.4666666666666667
late,9,9,2,165,3,3,0.594789597341569,2,1.0,1.0
