phase,A1_actionId,C_actionId,n_context,B1_playerId,A1_spinId,C_spinId,EV,count,train_winrate,usage_rate
front3,15,2,3,0,1,1,0.5261669721062076,3,0.3333333333333333,1.0
front3,15,1,1,0,2,1,0.567030295503787,1,1.0,1.0
front3,15,1,2,0,3,1,0.567459440650641,1,1.0,0.5
front3,15,6,2,0,3,3,0.5413910193671524,1,1.0,0.5
front3,15,1,12,0,4,0,0.015673490870612056,1,0.0,0.08333333333333333
front3,15,1,12,0,4,1,0.5730433400018894,8,0.625,0.6666666666666666
front3,15,2,12,0,4,1,0.5379984427805738,1,1.0,0.08333333333333333
front3,15,6,12,0,4,3,0.5363752661891042,2,1.0,0.16666666666666666
front3,15,4,3,0,5,4,0.5618009762428452,1,0.0,0.3333333333333333
front3,15,10,3,0,5,2,0.43083431817358536,1,0.0,0.3333333333333333
front3,15,11,3,0,5,2,0.44250586075434944,1,0.0,0.3333333333333333
front3,15,1,4,1,2,1,0.5999442815212199,1,1.0,0.25
front3,15,2,4,1,2,1,0.5685336531374854,2,0.0,0.5
front3,15,10,4,1,2,2,0.5094277293353784,1,0.0,0.25
front3,15,2,3,1,4,1,0.5477868229024865,1,0.0,0.3333333333333333
front3,15,13,3,1,4,3,0.35970946456751846,2,0.5,0.6666666666666666
front3,15,1,8,1,5,0,0.018552434362085715,1,0.0,0.125
front3,15,1,8,1,5,1,0.5540840860111577,1,0.0,0.125
front3,15,2,8,1,5,1,0.5347633035468541,2,1.0,0.25
front3,15,7,8,1,5,3,0.5238537719212748,1,1.0,0.125
front3,15,10,8,1,5,2,0.5221936358910911,2,1.0,0.25
front3,15,13,8,1,5,3,0.4191449251275925,1,0.0,0.125
front3,15,6,1,2,2,3,0.5486795035970244,1,1.0,1.0
front3,15,3,13,2,3,3,0.6362848307310736,5,0.8,0.38461538461538464
front3,15,5,13,2,3,1,0.560429962734691,3,0.6666666666666666,0.23076923076923078
front3,15,6,13,2,3,3,0.5739726051811544,3,0.6666666666666666,0.23076923076923078
front3,15,13,13,2,3,3,0.40139184171451026,2,0.5,0.15384615384615385
front3,15,1,7,2,4,1,0.5712443751722204,1,0.0,0.14285714285714285
front3,15,6,7,2,4,3,0.5707913964615859,1,1.0,0.14285714285714285
front3,15,10,7,2,4,0,0.015134813264810126,1,0.0,0.14285714285714285
front3,15,10,7,2,4,2,0.5201619964933115,2,0.0,0.2857142857142857
front3,15,13,7,2,4,3,0.3947729451550188,2,0.0,0.2857142857142857
front3,15,10,6,2,5,2,0.5376675506814435,5,0.2,0.8333333333333334
front3,15,13,6,2,5,3,0.4328063436811402,1,1.0,0.16666666666666666
front3,0,1,31,3,0,1,0.621251868801139,2,0.5,0.06451612903225806
front3,0,2,31,3,0,1,0.5895068605155774,5,0.4,0.16129032258064516
front3,0,5,31,3,0,1,0.5923794047828378,2,1.0,0.06451612903225806
front3,0,6,31,3,0,3,0.5969429901502653,3,0.6666666666666666,0.0967741935483871
front3,0,7,31,3,0,3,0.5455464952561762,3,0.6666666666666666,0.0967741935483871
front3,0,10,31,3,0,2,0.5237071689080646,12,0.5,0.3870967741935484
front3,0,11,31,3,0,3,0.49585930804189543,4,0.5,0.12903225806451613
front3,15,10,1,3,2,2,0.4841413563552018,1,1.0,1.0
front3,15,1,11,3,4,1,0.6155807218289223,2,1.0,0.18181818181818182
front3,15,2,11,3,4,1,0.5873940342795364,1,1.0,0.09090909090909091
front3,15,3,11,3,4,2,0.6416712129827075,1,1.0,0.09090909090909091
front3,15,6,11,3,4,2,0.593054954043039,1,0.0,0.09090909090909091
front3,15,6,11,3,4,3,0.592727786051247,5,0.8,0.45454545454545453
front3,15,13,11,3,4,3,0.39493254407778444,1,0.0,0.09090909090909091
front3,15,1,20,3,5,1,0.5783066859076851,3,0.6666666666666666,0.15
front3,15,6,20,3,5,3,0.5605033052360042,2,0.5,0.1
front3,15,7,20,3,5,1,0.5067106156759291,1,0.0,0.05
front3,15,7,20,3,5,3,0.5034896313066136,3,0.3333333333333333,0.15
front3,15,10,20,3,5,2,0.4882149543332157,5,0.6,0.25
front3,15,11,20,3,5,2,0.49403586975942015,3,0.6666666666666666,0.15
front3,15,13,20,3,5,3,0.37605538193804633,3,0.3333333333333333,0.15
front3,16,6,1,3,1,3,0.5974822025134673,1,0.0,1.0
front3,16,10,4,3,2,2,0.5210594510515448,3,0.6666666666666666,0.75
front3,16,11,4,3,2,2,0.5216224544998089,1,0.0,0.25
front3,16,1,1,3,3,1,0.6038721404045535,1,1.0,1.0
front3,16,2,8,3,4,1,0.569051056728598,2,0.0,0.25
front3,16,3,8,3,4,2,0.6258406382323791,2,0.5,0.25
front3,16,5,8,3,4,1,0.5608535027872721,1,1.0,0.125
front3,16,6,8,3,4,3,0.5749254246406846,2,1.0,0.25
front3,16,13,8,3,4,3,0.39165234394404164,1,0.0,0.125
front3,16,1,50,3,5,1,0.5565240755830095,10,0.5,0.2
front3,16,3,50,3,5,2,0.5908220294700307,1,1.0,0.02
front3,16,3,50,3,5,3,0.6126174356005154,1,1.0,0.02
front3,16,5,50,3,5,1,0.5303602185699059,1,1.0,0.02
front3,16,6,50,3,5,3,0.5543360880135018,2,1.0,0.04
front3,16,7,50,3,5,1,0.5040896477965594,13,0.46153846153846156,0.26
front3,16,7,50,3,5,3,0.5182186744167091,9,0.6666666666666666,0.18
front3,16,10,50,3,5,2,0.5088374195312737,8,0.625,0.16
front3,16,10,50,3,5,3,0.48776033881696407,2,1.0,0.04
front3,16,11,50,3,5,2,0.5113982283669961,1,1.0,0.02
front3,16,11,50,3,5,3,0.49028821826965535,1,1.0,0.02
front3,16,13,50,3,5,3,0.4048947050301864,1,0.0,0.02
front3,18,6,1,3,5,3,0.5603724976390525,1,1.0,1.0
front3,15,12,1,4,2,2,0.5758937154170128,1,1.0,1.0
front3,15,1,3,4,3,1,0.6806709665303972,1,1.0,0.3333333333333333
front3,15,12,3,4,3,3,0.5536205000215874,2,0.5,0.6666666666666666
front3,15,1,3,4,4,0,0.028078872019095782,1,0.0,0.3333333333333333
front3,15,1,3,4,4,1,0.6534840438388284,2,0.5,0.6666666666666666
front3,15,1,14,4,5,1,0.6112978783022329,3,0.6666666666666666,0.21428571428571427
front3,15,2,14,4,5,1,0.5934801287853224,1,1.0,0.07142857142857142
front3,15,8,14,4,5,3,0.5297574106072832,1,1.0,0.07142857142857142
front3,15,10,14,4,5,2,0.5600522775300357,1,0.0,0.07142857142857142
front3,15,10,14,4,5,3,0.5429628909805997,1,1.0,0.07142857142857142
front3,15,12,14,4,5,2,0.5607389570307905,3,0.6666666666666666,0.21428571428571427
front3,15,12,14,4,5,3,0.5649022548756483,4,0.75,0.2857142857142857
front3,15,6,1,5,2,2,0.6062443193318219,1,1.0,1.0
front3,15,1,6,5,3,0,0.02319719391622387,1,0.0,0.16666666666666666
front3,15,1,6,5,3,1,0.6180028134833396,4,1.0,0.6666666666666666
front3,15,3,6,5,3,3,0.6557887589117114,1,0.0,0.16666666666666666
front3,15,1,3,5,4,1,0.6206702989693803,1,0.0,0.3333333333333333
front3,15,1,3,5,4,4,0.6519335488288803,1,1.0,0.3333333333333333
front3,15,10,3,5,4,2,0.5179277331368446,1,0.0,0.3333333333333333
front3,15,1,3,5,5,1,0.5812764348710954,1,1.0,0.3333333333333333
front3,15,6,3,5,5,3,0.5786323861092768,2,1.0,0.6666666666666666
front3,17,5,1,5,2,1,0.6243552100759414,1,1.0,1.0
front3,17,1,4,5,3,1,0.6260810398531687,2,0.5,0.5
front3,17,3,4,5,3,3,0.6591336962582864,1,0.0,0.25
front3,17,6,4,5,3,3,0.6248389121275162,1,1.0,0.25
front3,17,13,1,5,4,3,0.42922842578649856,1,0.0,1.0
front3,15,1,12,6,2,1,0.5857511547198588,8,0.75,0.6666666666666666
front3,15,5,12,6,2,1,0.5565950156774705,2,0.5,0.16666666666666666
front3,15,6,12,6,2,3,0.5708859377649426,1,1.0,0.08333333333333333
front3,15,10,12,6,2,2,0.496072418687751,1,1.0,0.08333333333333333
front3,15,1,4,6,3,1,0.5892752268167496,4,0.25,1.0
front3,15,1,6,6,4,1,0.5835551091110099,3,0.6666666666666666,0.5
front3,15,5,6,6,4,1,0.5478619501828065,2,0.5,0.3333333333333333
front3,15,6,6,6,4,3,0.5631909825780471,1,0.0,0.16666666666666666
front3,15,1,1,6,5,1,0.5513479922969594,1,1.0,1.0
front3,16,1,1,6,2,1,0.5684775727753691,1,1.0,1.0
front3,16,1,2,6,3,1,0.5829117943552627,1,0.0,0.5
front3,16,3,2,6,3,3,0.6175487038852209,1,1.0,0.5
front3,0,1,24,7,0,1,0.6460893775636776,16,0.625,0.6666666666666666
front3,0,6,24,7,0,3,0.6263009687527172,1,1.0,0.041666666666666664
front3,0,7,24,7,0,1,0.5965439901401283,1,0.0,0.041666666666666664
front3,0,10,24,7,0,0,0.020907051635085425,1,0.0,0.041666666666666664
front3,0,10,24,7,0,2,0.5636254595277371,2,1.0,0.08333333333333333
front3,0,11,24,7,0,2,0.5672144989387871,1,0.0,0.041666666666666664
front3,0,13,24,7,0,3,0.4288982411017342,2,0.5,0.08333333333333333
front3,15,1,6,8,2,1,0.5848384976912125,5,0.4,0.8333333333333334
front3,15,11,6,8,2,2,0.5020870583882712,1,0.0,0.16666666666666666
front3,15,1,2,8,3,1,0.6038286726064126,2,1.0,1.0
front3,15,1,18,8,4,1,0.5964466527681499,5,0.6,0.2777777777777778
front3,15,5,18,8,4,1,0.5629542937748968,2,1.0,0.1111111111111111
front3,15,6,18,8,4,3,0.5744622124667887,7,0.7142857142857143,0.3888888888888889
front3,15,10,18,8,4,2,0.5060861916553476,1,0.0,0.05555555555555555
front3,15,11,18,8,4,3,0.4695907005644773,1,0.0,0.05555555555555555
front3,15,13,18,8,4,3,0.37902479763728775,2,0.5,0.1111111111111111
front3,15,1,21,8,5,1,0.5491957586119018,11,0.6363636363636364,0.5238095238095238
front3,15,2,21,8,5,1,0.5278836922504155,1,1.0,0.047619047619047616
front3,15,5,21,8,5,1,0.5187529862378925,4,0.25,0.19047619047619047
front3,15,6,21,8,5,3,0.5436065755470431,4,0.25,0.19047619047619047
front3,15,10,21,8,5,2,0.49616674161795793,1,0.0,0.047619047619047616
front3,16,1,1,8,3,1,0.5835459821406721,1,1.0,1.0
front3,16,1,9,8,4,1,0.5795614794071984,6,0.6666666666666666,0.6666666666666666
front3,16,5,9,8,4,1,0.5464974426077608,1,0.0,0.1111111111111111
front3,16,6,9,8,4,3,0.5600107273199514,1,1.0,0.1111111111111111
front3,16,10,9,8,4,2,0.47284704459591176,1,1.0,0.1111111111111111
front3,16,1,16,8,5,1,0.5356848620138949,10,0.6,0.625
front3,16,5,16,8,5,1,0.507217994137222,4,0.25,0.25
front3,16,10,16,8,5,2,0.502550780020346,1,1.0,0.0625
front3,16,11,16,8,5,2,0.5029877590217398,1,0.0,0.0625
front3,15,1,2,9,2,0,0.01524779811993905,1,0.0,0.5
front3,15,7,2,9,2,3,0.4917166644294516,1,1.0,0.5
front3,15,1,2,9,5,1,0.50036831646698,1,0.0,0.5
front3,15,10,2,9,5,2,0.43123589927671524,1,1.0,0.5
front3,15,1,6,10,2,1,0.5904398129329205,5,0.6,0.8333333333333334
front3,15,10,6,10,2,3,0.4512580514663877,1,1.0,0.16666666666666666
front3,15,1,4,10,3,1,0.5981230879041596,3,0.6666666666666666,0.75
front3,15,7,4,10,3,1,0.5231139534576011,1,0.0,0.25
front3,15,10,2,10,4,3,0.44455859201483594,1,0.0,0.5
front3,15,13,2,10,4,3,0.3503967743830029,1,1.0,0.5
front3,15,1,11,10,5,1,0.5490890810179135,8,0.375,0.7272727272727273
front3,15,4,11,10,5,4,0.6007295180124322,1,1.0,0.09090909090909091
front3,15,7,11,10,5,1,0.49240123378574235,1,0.0,0.09090909090909091
front3,15,10,11,10,5,2,0.4935432995084002,1,1.0,0.09090909090909091
front3,16,7,1,10,3,1,0.4963094449714528,1,1.0,1.0
front3,16,13,1,10,4,3,0.3832852828402847,1,1.0,1.0
front3,16,10,2,10,5,2,0.4751005918602173,2,0.0,1.0
front3,17,1,1,10,5,1,0.5388257846298521,1,1.0,1.0
front3,15,1,2,11,1,1,0.4992488576671763,2,0.5,1.0
front3,15,1,27,11,2,1,0.4968200711842847,14,0.7142857142857143,0.5185185185185185
front3,15,2,27,11,2,1,0.46721990837461047,2,0.5,0.07407407407407407
front3,15,5,27,11,2,1,0.47244634079723713,1,0.0,0.037037037037037035
front3,15,7,27,11,2,1,0.45883091640879814,1,0.0,0.037037037037037035
front3,15,10,27,11,2,2,0.4238423010894745,2,1.0,0.07407407407407407
front3,15,10,27,11,2,3,0.3947545074076202,4,0.0,0.14814814814814814
front3,15,11,27,11,2,2,0.4239903421975519,1,0.0,0.037037037037037035
front3,15,11,27,11,2,3,0.39489345222811634,2,0.5,0.07407407407407407
front3,15,1,30,11,3,0,0.011287174919929994,2,0.0,0.06666666666666667
front3,15,1,30,11,3,1,0.5065023659021083,22,0.4090909090909091,0.7333333333333333
front3,15,10,30,11,3,2,0.42998388565429446,3,0.3333333333333333,0.1
front3,15,10,30,11,3,3,0.4010238878180553,1,0.0,0.03333333333333333
front3,15,13,30,11,3,3,0.3175795459237499,1,1.0,0.03333333333333333
front3,15,14,30,11,3,3,0.26320465146208344,1,0.0,0.03333333333333333
front3,15,1,14,11,4,1,0.504961334197869,10,0.5,0.7142857142857143
front3,15,3,14,11,4,3,0.5481551198436844,2,0.0,0.14285714285714285
front3,15,6,14,11,4,3,0.48635855368000375,1,0.0,0.07142857142857142
front3,15,10,14,11,4,2,0.43080155087147876,1,0.0,0.07142857142857142
front3,15,1,25,11,5,1,0.4958795391631212,18,0.7222222222222222,0.72
front3,15,2,25,11,5,1,0.4773583437346406,2,0.5,0.08
front3,15,4,25,11,5,1,0.504605406865209,1,0.0,0.04
front3,15,6,25,11,5,3,0.4931141170826338,1,1.0,0.04
front3,15,10,25,11,5,2,0.45123513344808575,2,0.0,0.08
front3,15,10,25,11,5,3,0.4278542388518071,1,0.0,0.04
front3,16,1,6,11,1,1,0.5107574608447177,3,0.6666666666666666,0.5
front3,16,2,6,11,1,1,0.48825840126740633,1,1.0,0.16666666666666666
front3,16,13,6,11,1,3,0.3588859885548341,2,0.5,0.3333333333333333
front3,16,1,11,11,2,1,0.4896638106292336,10,0.6,0.9090909090909091
front3,16,13,11,11,2,3,0.3181494037978742,1,0.0,0.09090909090909091
front3,16,1,4,11,3,1,0.49820521366414316,1,1.0,0.25
front3,16,10,4,11,3,2,0.4127689443072874,1,1.0,0.25
front3,16,13,4,11,3,3,0.30367762233164985,2,0.0,0.5
front3,16,1,6,11,4,1,0.5006660334865894,3,0.3333333333333333,0.5
front3,16,2,6,11,4,1,0.47549512332447613,1,1.0,0.16666666666666666
front3,16,3,6,11,4,3,0.5394657200353136,1,1.0,0.16666666666666666
front3,16,10,6,11,4,2,0.41182281724194075,1,0.0,0.16666666666666666
front3,16,1,4,11,5,1,0.4564895435482189,3,0.6666666666666666,0.75
front3,16,13,4,11,5,3,0.331659249925431,1,0.0,0.25
front3,17,1,1,11,3,1,0.5393674509744393,1,1.0,1.0
front3,17,3,1,11,5,3,0.5321162972309154,1,1.0,1.0
front3,15,3,6,12,2,3,0.43845595490155514,1,0.0,0.16666666666666666
front3,15,10,6,12,2,2,0.3710072123114814,3,0.3333333333333333,0.5
front3,15,12,6,12,2,2,0.382500182082538,1,0.0,0.16666666666666666
front3,15,13,6,12,2,3,0.2733038653198984,1,0.0,0.16666666666666666
front3,15,1,4,12,3,1,0.45910973467886723,1,0.0,0.25
front3,15,5,4,12,3,1,0.43625041847000734,2,0.5,0.5
front3,15,13,4,12,3,3,0.24733506744311506,1,0.0,0.25
front3,15,2,8,12,4,1,0.42468424811052835,1,0.0,0.125
front3,15,3,8,12,4,3,0.48369503696989735,1,1.0,0.125
front3,15,5,8,12,4,1,0.4143197398490338,3,0.3333333333333333,0.375
front3,15,6,8,12,4,3,0.4271447298899814,2,0.5,0.25
front3,15,13,8,12,4,3,0.23281323497723888,1,0.0,0.125
front3,15,1,9,12,5,0,0.007347616229204183,1,0.0,0.1111111111111111
front3,15,1,9,12,5,1,0.41054669654936565,2,0.5,0.2222222222222222
front3,15,2,9,12,5,1,0.38924496649050694,1,0.0,0.1111111111111111
front3,15,3,9,12,5,3,0.458079308558734,1,1.0,0.1111111111111111
front3,15,10,9,12,5,2,0.3468139280765322,2,1.0,0.2222222222222222
front3,15,12,9,12,5,2,0.3587854685585499,1,1.0,0.1111111111111111
front3,15,13,9,12,5,3,0.24285822571170293,1,0.0,0.1111111111111111
front3,16,1,1,12,5,1,0.4045410503233864,1,1.0,1.0
front3,17,1,4,12,2,1,0.5016155185772349,3,0.3333333333333333,0.75
front3,17,10,4,12,2,2,0.44506278853683084,1,1.0,0.25
front3,17,5,1,12,3,1,0.4800564612866514,1,0.0,1.0
front3,17,1,1,12,4,1,0.4932876057495456,1,0.0,1.0
front3,17,1,4,12,5,1,0.4071124289441699,3,0.3333333333333333,0.75
front3,17,5,4,12,5,1,0.39202843318885067,1,0.0,0.25
front3,15,1,9,13,2,1,0.5521473443784308,4,0.75,0.4444444444444444
front3,15,4,9,13,2,1,0.5443153474377488,2,1.0,0.2222222222222222
front3,15,10,9,13,2,2,0.46001892793402566,1,0.0,0.1111111111111111
front3,15,11,9,13,2,2,0.467282519439894,2,0.5,0.2222222222222222
front3,15,4,2,13,3,1,0.5588091641171952,1,0.0,0.5
front3,15,7,2,13,3,1,0.49254954023382513,1,1.0,0.5
front3,15,2,7,13,4,1,0.5363613644860623,1,1.0,0.14285714285714285
front3,15,6,7,13,4,3,0.5432740086375529,5,0.4,0.7142857142857143
front3,15,7,7,13,4,1,0.5026314971483338,1,1.0,0.14285714285714285
front3,15,1,32,13,5,1,0.5187318457421379,19,0.631578947368421,0.59375
front3,15,2,32,13,5,1,0.49643089104121774,1,0.0,0.03125
front3,15,6,32,13,5,3,0.5070430526308727,3,0.6666666666666666,0.09375
front3,15,7,32,13,5,1,0.45779355042120246,2,1.0,0.0625
front3,15,10,32,13,5,3,0.4192088161621135,4,0.0,0.125
front3,15,11,32,13,5,2,0.451850518500809,2,0.5,0.0625
front3,15,13,32,13,5,3,0.33682835656954113,1,1.0,0.03125
front3,16,7,1,13,2,1,0.5009369390489682,1,0.0,1.0
front3,17,1,7,13,5,1,0.4847521520914559,4,0.5,0.5714285714285714
front3,17,2,7,13,5,1,0.46684303991023424,1,1.0,0.14285714285714285
front3,17,6,7,13,5,3,0.5310148756220567,1,1.0,0.14285714285714285
front3,17,10,7,13,5,2,0.47752307081589984,1,1.0,0.14285714285714285
front3,0,1,40,14,0,1,0.5506047472953476,8,0.625,0.2
front3,0,2,40,14,0,1,0.5199128556066654,14,0.35714285714285715,0.35
front3,0,5,40,14,0,1,0.523602551786781,4,1.0,0.1
front3,0,6,40,14,0,3,0.5316385926357854,7,0.7142857142857143,0.175
front3,0,7,40,14,0,3,0.4844767263658105,1,0.0,0.025
front3,0,10,40,14,0,2,0.4626016435526677,2,1.0,0.05
front3,0,13,40,14,0,3,0.33542054022134893,4,0.5,0.1
front3,15,1,3,15,3,1,0.6089293288574663,3,0.3333333333333333,1.0
front3,15,1,1,15,4,1,0.6075725078100758,1,1.0,1.0
front3,15,1,1,15,5,1,0.5818878324935427,1,0.0,1.0
front3,16,4,1,15,2,4,0.6211888648969418,1,0.0,1.0
front3,16,1,1,15,3,1,0.5967677383278605,1,0.0,1.0
front3,16,1,2,15,4,1,0.6123313795430483,1,1.0,0.5
front3,16,3,2,15,4,3,0.6561165661662427,1,0.0,0.5
front3,16,1,4,15,5,1,0.5607246947490303,2,0.5,0.5
front3,16,10,4,15,5,2,0.5280073874719142,2,0.0,0.5
front3,17,1,2,15,2,1,0.6327791413101401,2,1.0,1.0
front3,17,10,1,15,3,2,0.5506680495309113,1,1.0,1.0
front3,17,5,1,15,4,1,0.5738002086673131,1,0.0,1.0
front3,15,2,5,16,2,1,0.5777172309194997,1,0.0,0.2
front3,15,5,5,16,2,1,0.5846243620177493,1,0.0,0.2
front3,15,6,5,16,2,3,0.5995179299941998,1,1.0,0.2
front3,15,10,5,16,2,2,0.5263526521767435,1,1.0,0.2
front3,15,11,5,16,2,2,0.5291423837961403,1,0.0,0.2
front3,15,1,4,16,3,1,0.6280543997137061,3,1.0,0.75
front3,15,7,4,16,3,1,0.5536853742521052,1,1.0,0.25
front3,15,5,1,16,4,1,0.5887957533695507,1,1.0,1.0
front3,15,1,6,16,5,1,0.5872870271853708,1,1.0,0.16666666666666666
front3,15,6,6,16,5,3,0.5741580681778422,2,0.5,0.3333333333333333
front3,15,10,6,16,5,2,0.49674761639703907,1,0.0,0.16666666666666666
front3,15,11,6,16,5,2,0.5064467441911898,2,0.0,0.3333333333333333
front3,16,1,5,16,3,1,0.6157100228903294,2,0.5,0.4
front3,16,2,5,16,3,1,0.5860940861716503,1,1.0,0.2
front3,16,5,5,16,3,1,0.5875590947233282,1,1.0,0.2
front3,16,13,5,16,3,3,0.4106282520766037,1,1.0,0.2
front3,16,2,1,16,4,1,0.5762042172806429,1,0.0,1.0
front3,15,1,23,17,2,1,0.503081141385699,10,0.4,0.43478260869565216
front3,15,2,23,17,2,1,0.46805493863647324,4,0.25,0.17391304347826086
front3,15,5,23,17,2,1,0.4762613959723793,5,0.2,0.21739130434782608
front3,15,7,23,17,2,1,0.44908912512666566,2,1.0,0.08695652173913043
front3,15,10,23,17,2,2,0.40650239963978374,1,0.0,0.043478260869565216
front3,15,11,23,17,2,3,0.38217928806848905,1,0.0,0.043478260869565216
front3,15,1,5,17,5,1,0.4627391904027761,2,0.0,0.4
front3,15,2,5,17,5,1,0.4415749271163583,1,0.0,0.2
front3,15,7,5,17,5,1,0.4080809616805781,1,0.0,0.2
front3,15,10,5,17,5,2,0.4094921677093117,1,1.0,0.2
front3,16,1,1,17,2,1,0.48615628688779705,1,0.0,1.0
front3,15,2,2,18,1,1,0.6193836612555313,2,0.5,1.0
front3,15,1,8,18,2,1,0.6441829796476574,5,1.0,0.625
front3,15,10,8,18,2,2,0.582217948640462,1,1.0,0.125
front3,15,11,8,18,2,2,0.5795851242414936,1,0.0,0.125
front3,15,13,8,18,2,3,0.4998533879952149,1,1.0,0.125
front3,15,1,5,18,4,1,0.6483854667256752,1,1.0,0.2
front3,15,2,5,18,4,1,0.6204747188357311,2,1.0,0.4
front3,15,7,5,18,4,1,0.5925259810883077,1,0.0,0.2
front3,15,13,5,18,4,3,0.4417755751229982,1,0.0,0.2
front3,15,1,5,18,5,1,0.614590428279046,1,0.0,0.2
front3,15,2,5,18,5,1,0.5947284400186348,1,1.0,0.2
front3,15,10,5,18,5,2,0.5725439400501067,2,1.0,0.4
front3,15,13,5,18,5,3,0.4608712176219198,1,0.0,0.2
front3,0,1,134,19,0,1,0.48046834256631865,16,0.625,0.11940298507462686
front3,0,2,134,19,0,1,0.4482302297022687,26,0.38461538461538464,0.19402985074626866
front3,0,3,134,19,0,2,0.5267760239490099,3,0.6666666666666666,0.022388059701492536
front3,0,4,134,19,0,1,0.4774404021906029,20,0.55,0.14925373134328357
front3,0,6,134,19,0,3,0.4525111233261204,22,0.5,0.16417910447761194
front3,0,7,134,19,0,1,0.41456766608691686,14,0.5,0.1044776119402985
front3,0,7,134,19,0,3,0.39919837220363347,1,0.0,0.007462686567164179
front3,0,10,134,19,0,2,0.3761316982866751,6,0.3333333333333333,0.04477611940298507
front3,0,10,134,19,0,3,0.34344064388739004,4,0.5,0.029850746268656716
front3,0,11,134,19,0,2,0.37975889100270743,12,0.5,0.08955223880597014
front3,0,11,134,19,0,3,0.3468913172134218,2,0.0,0.014925373134328358
front3,0,13,134,19,0,3,0.2426593126516135,8,0.125,0.05970149253731343
front3,15,1,20,20,2,1,0.5787424334759603,8,0.75,0.4
front3,15,2,20,20,2,1,0.5530578530908001,6,0.3333333333333333,0.3
front3,15,5,20,20,2,1,0.5486374165142562,1,1.0,0.05
front3,15,7,20,20,2,1,0.5226148272429488,2,1.0,0.1
front3,15,10,20,20,2,2,0.4895791510436481,2,0.0,0.1
front3,15,11,20,20,2,2,0.4937283364212246,1,1.0,0.05
front3,15,1,2,20,3,1,0.5640425541542906,1,1.0,0.5
front3,15,2,2,20,3,1,0.531428143038078,1,1.0,0.5
front3,15,1,3,20,4,1,0.5540012740164624,1,0.0,0.3333333333333333
front3,15,2,3,20,4,1,0.5333501252122127,2,0.5,0.6666666666666666
front3,15,7,1,20,5,1,0.45580229138090406,1,0.0,1.0
front3,0,1,20,21,0,1,0.5333715332957755,1,1.0,0.05
front3,0,3,20,21,0,3,0.5458703325010227,3,0.3333333333333333,0.15
front3,0,5,20,21,0,0,0.008505986563812198,1,0.0,0.05
front3,0,5,20,21,0,1,0.4956580103739407,1,0.0,0.05
front3,0,6,20,21,0,2,0.5080488662666636,1,1.0,0.05
front3,0,8,20,21,0,3,0.41544051644664864,3,0.6666666666666666,0.15
front3,0,10,20,21,0,2,0.4487434402815639,2,0.0,0.1
front3,0,10,20,21,0,3,0.4271125784249737,2,0.0,0.1
front3,0,12,20,21,0,2,0.4507065475417134,2,0.5,0.1
front3,0,12,20,21,0,3,0.45050898847488813,3,1.0,0.15
front3,0,13,20,21,0,3,0.3154303001682509,1,0.0,0.05
front3,15,1,11,21,1,1,0.47691982821324397,3,0.6666666666666666,0.2727272727272727
front3,15,2,11,21,1,1,0.4468723961737097,1,1.0,0.09090909090909091
front3,15,5,11,21,1,1,0.451670239147259,3,0.6666666666666666,0.2727272727272727
front3,15,6,11,21,1,3,0.4714806879524337,3,0.0,0.2727272727272727
front3,15,13,11,21,1,3,0.3317026027312988,1,0.0,0.09090909090909091
front3,15,1,99,21,2,0,0.009654078529886262,1,0.0,0.010101010101010102
front3,15,1,99,21,2,1,0.48641782317444987,35,0.5714285714285714,0.35353535353535354
front3,15,2,99,21,2,1,0.4536350049372735,7,0.7142857142857143,0.0707070707070707
front3,15,4,99,21,2,1,0.4813513212262549,1,1.0,0.010101010101010102
front3,15,5,99,21,2,1,0.4623925657185788,5,0.4,0.050505050505050504
front3,15,6,99,21,2,3,0.4753874030445509,7,0.5714285714285714,0.0707070707070707
front3,15,7,99,21,2,3,0.4250820774255921,1,1.0,0.010101010101010102
front3,15,10,99,21,2,2,0.3997053698878979,29,0.27586206896551724,0.29292929292929293
front3,15,10,99,21,2,3,0.3672406543636867,1,0.0,0.010101010101010102
front3,15,11,99,21,2,2,0.40480595517419354,2,0.5,0.020202020202020204
front3,15,11,99,21,2,3,0.37219061727067276,2,0.0,0.020202020202020204
front3,15,12,99,21,2,2,0.41228076326994306,3,0.0,0.030303030303030304
front3,15,13,99,21,2,3,0.3056985907098412,5,0.0,0.050505050505050504
front3,15,1,28,21,3,1,0.4936798271891436,13,0.23076923076923078,0.4642857142857143
front3,15,2,28,21,3,1,0.462426981969765,2,0.5,0.07142857142857142
front3,15,5,28,21,3,1,0.45718833133551523,7,0.8571428571428571,0.25
front3,15,8,28,21,3,3,0.33902746817215007,1,0.0,0.03571428571428571
front3,15,10,28,21,3,2,0.3944493350098746,1,0.0,0.03571428571428571
front3,15,10,28,21,3,3,0.36308916591920043,1,0.0,0.03571428571428571
front3,15,12,28,21,3,2,0.41171278524507204,1,0.0,0.03571428571428571
front3,15,13,28,21,3,3,0.2893988317537182,2,0.0,0.07142857142857142
front3,15,1,47,21,4,1,0.4876352749757702,12,0.5833333333333334,0.2553191489361702
front3,15,2,47,21,4,1,0.46071127500185444,3,1.0,0.06382978723404255
front3,15,5,47,21,4,1,0.4551768416474853,10,0.4,0.2127659574468085
front3,15,6,47,21,4,3,0.46804744199449394,9,0.5555555555555556,0.19148936170212766
front3,15,7,47,21,4,3,0.4200780361548038,1,1.0,0.02127659574468085
front3,15,8,47,21,4,3,0.34581465938448513,2,0.0,0.0425531914893617
front3,15,10,47,21,4,3,0.3806396082272119,1,0.0,0.02127659574468085
front3,15,13,47,21,4,0,0.009692013611112136,2,0.0,0.0425531914893617
front3,15,13,47,21,4,3,0.2931308634413466,7,0.2857142857142857,0.14893617021276595
front3,15,1,116,21,5,0,0.009317494086997669,2,0.0,0.017241379310344827
front3,15,1,116,21,5,1,0.4500108474919902,41,0.5121951219512195,0.35344827586206895
front3,15,2,116,21,5,1,0.4283841049173693,4,0.5,0.034482758620689655
front3,15,5,116,21,5,1,0.423187833213971,8,0.375,0.06896551724137931
front3,15,6,116,21,5,3,0.4413141719286378,15,0.3333333333333333,0.12931034482758622
front3,15,7,116,21,5,1,0.39067246197714567,3,0.6666666666666666,0.02586206896551724
front3,15,10,116,21,5,2,0.3830849231039348,18,0.2777777777777778,0.15517241379310345
front3,15,10,116,21,5,3,0.3557149889402674,3,0.0,0.02586206896551724
front3,15,11,116,21,5,2,0.3862634874998516,9,0.3333333333333333,0.07758620689655173
front3,15,11,116,21,5,3,0.3587334865075034,3,0.0,0.02586206896551724
front3,15,12,116,21,5,2,0.3956217553959146,1,0.0,0.008620689655172414
front3,15,13,116,21,5,0,0.009592768816744309,1,0.0,0.008620689655172414
front3,15,13,116,21,5,3,0.27917036357045333,8,0.25,0.06896551724137931
front3,16,5,6,21,1,1,0.454455301865627,3,0.3333333333333333,0.5
front3,16,6,6,21,1,3,0.4709267768707521,1,0.0,0.16666666666666666
front3,16,13,6,21,1,0,0.009769734726079166,1,0.0,0.16666666666666666
front3,16,13,6,21,1,3,0.32433130184900144,1,1.0,0.16666666666666666
front3,16,1,6,21,2,0,0.009851747937232057,1,0.0,0.16666666666666666
front3,16,2,6,21,2,1,0.44326140722194446,2,0.5,0.3333333333333333
front3,16,5,6,21,2,1,0.45424074700632633,1,0.0,0.16666666666666666
front3,16,6,6,21,2,3,0.47093942341470546,1,0.0,0.16666666666666666
front3,16,11,6,21,2,2,0.40782879000494815,1,0.0,0.16666666666666666
front3,16,1,9,21,3,1,0.4789461093224201,5,0.2,0.5555555555555556
front3,16,5,9,21,3,1,0.4531028447050108,2,0.0,0.2222222222222222
front3,16,6,9,21,3,2,0.4669931070659142,1,1.0,0.1111111111111111
front3,16,10,9,21,3,3,0.36441523516432045,1,0.0,0.1111111111111111
front3,16,1,22,21,4,1,0.4804790183905128,8,0.75,0.36363636363636365
front3,16,2,22,21,4,1,0.4516200985535821,2,0.0,0.09090909090909091
front3,16,5,22,21,4,1,0.4457106373728557,4,0.25,0.18181818181818182
front3,16,6,22,21,4,3,0.45937099204744636,1,0.0,0.045454545454545456
front3,16,10,22,21,4,2,0.38377017617006853,1,0.0,0.045454545454545456
front3,16,11,22,21,4,2,0.38723408414765453,1,1.0,0.045454545454545456
front3,16,12,22,21,4,2,0.39898785970138295,1,0.0,0.045454545454545456
front3,16,13,22,21,4,3,0.2696290160066168,4,0.25,0.18181818181818182
front3,16,1,31,21,5,0,0.009355808103319428,1,0.0,0.03225806451612903
front3,16,1,31,21,5,1,0.4301584225531922,13,0.46153846153846156,0.41935483870967744
front3,16,2,31,21,5,1,0.4107174487599662,2,0.5,0.06451612903225806
front3,16,5,31,21,5,1,0.4114281408226931,2,0.0,0.06451612903225806
front3,16,6,31,21,5,3,0.4317432074837356,1,0.0,0.03225806451612903
front3,16,10,31,21,5,2,0.3727734257904171,6,0.5,0.1935483870967742
front3,16,10,31,21,5,3,0.3505304997996413,1,1.0,0.03225806451612903
front3,16,11,31,21,5,2,0.3756866925349705,2,0.5,0.06451612903225806
front3,16,12,31,21,5,2,0.38517380550661895,2,1.0,0.06451612903225806
front3,16,13,31,21,5,3,0.27140699570595905,1,0.0,0.03225806451612903
front3,17,1,1,21,4,1,0.5299204244759554,1,1.0,1.0
front3,18,5,2,21,4,1,0.43754317365094786,1,1.0,0.5
front3,18,13,2,21,4,3,0.3053294480662434,1,0.0,0.5
front3,18,1,17,21,5,1,0.42981565059020876,13,0.3076923076923077,0.7647058823529411
front3,18,5,17,21,5,1,0.4137109534282077,2,1.0,0.11764705882352941
front3,18,10,17,21,5,2,0.4315283062958981,1,1.0,0.058823529411764705
front3,18,13,17,21,5,3,0.35697401574276943,1,0.0,0.058823529411764705
front3,0,1,34,22,0,1,0.49173373387695646,21,0.42857142857142855,0.6176470588235294
front3,0,2,34,22,0,1,0.4591562293478488,2,0.0,0.058823529411764705
front3,0,5,34,22,0,1,0.4608619161197833,6,0.6666666666666666,0.17647058823529413
front3,0,7,34,22,0,1,0.4324304228856194,1,1.0,0.029411764705882353
front3,0,10,34,22,0,2,0.39546411124930797,3,0.3333333333333333,0.08823529411764706
front3,0,13,34,22,0,3,0.27188601664418965,1,0.0,0.029411764705882353
front3,0,1,43,23,0,1,0.5944767012608999,15,0.13333333333333333,0.3488372093023256
front3,0,2,43,23,0,1,0.5714047360854273,11,0.8181818181818182,0.2558139534883721
front3,0,5,43,23,0,0,0.014015193036208013,1,0.0,0.023255813953488372
front3,0,5,43,23,0,1,0.5691446649254389,9,0.6666666666666666,0.20930232558139536
front3,0,6,43,23,0,0,0.014019574334441686,1,0.0,0.023255813953488372
front3,0,6,43,23,0,3,0.574712417031213,1,1.0,0.023255813953488372
front3,0,10,43,23,0,2,0.5157608216537827,3,0.3333333333333333,0.06976744186046512
front3,0,11,43,23,0,2,0.5027402904116414,1,1.0,0.023255813953488372
front3,0,12,43,23,0,2,0.5137806226234752,1,1.0,0.023255813953488372
front3,15,4,1,23,2,1,0.5601681742460215,1,1.0,1.0
front3,16,6,2,23,4,3,0.5433334482424661,2,0.0,1.0
front3,16,5,1,23,5,1,0.4860964969658973,1,0.0,1.0
front3,15,1,3,24,2,1,0.6431691040440103,1,1.0,0.3333333333333333
front3,15,6,3,24,2,3,0.6256828860595305,1,1.0,0.3333333333333333
front3,15,10,3,24,2,2,0.5254689595185799,1,0.0,0.3333333333333333
front3,15,1,3,24,3,1,0.6520419841563013,2,1.0,0.6666666666666666
front3,15,7,3,24,3,1,0.5715544179276515,1,1.0,0.3333333333333333
front3,15,1,5,24,5,0,0.025496772968789168,1,0.0,0.2
front3,15,1,5,24,5,1,0.6123926526321302,1,1.0,0.2
front3,15,7,5,24,5,1,0.5517953622815652,1,1.0,0.2
front3,15,10,5,24,5,2,0.532880772978318,2,0.0,0.4
front3,16,10,1,24,2,2,0.5463994714628292,1,1.0,1.0
front3,16,13,1,24,4,3,0.4406496328452673,1,1.0,1.0
front3,16,1,4,24,5,0,0.02549268105343807,1,0.0,0.25
front3,16,1,4,24,5,1,0.5872145413877017,1,0.0,0.25
front3,16,2,4,24,5,1,0.5672203406323464,1,1.0,0.25
front3,16,13,4,24,5,3,0.42977801712223423,1,0.0,0.25
front3,15,1,5,25,2,0,0.015318832242389679,1,0.0,0.2
front3,15,1,5,25,2,1,0.563457770294567,2,0.5,0.4
front3,15,7,5,25,2,1,0.50079164777234,1,1.0,0.2
front3,15,11,5,25,2,2,0.46498187923007184,1,1.0,0.2
front3,15,1,11,25,3,1,0.5723998203827514,9,0.7777777777777778,0.8181818181818182
front3,15,4,11,25,3,4,0.5933155080762093,1,1.0,0.09090909090909091
front3,15,13,11,25,3,3,0.33642399255129696,1,0.0,0.09090909090909091
front3,15,1,4,25,4,1,0.5682723974780064,2,0.5,0.5
front3,15,13,4,25,4,3,0.34273607642555953,2,0.0,0.5
front3,15,1,9,25,5,1,0.5137391548606749,2,0.5,0.2222222222222222
front3,15,2,9,25,5,1,0.49293501382642396,1,1.0,0.1111111111111111
front3,15,13,9,25,5,3,0.37543138221327055,6,0.5,0.6666666666666666
front3,16,1,2,25,2,1,0.5453153667862907,1,1.0,0.5
front3,16,11,2,25,2,2,0.4377653771991865,1,0.0,0.5
front3,16,1,2,25,3,1,0.5518099482378973,2,0.5,1.0
front3,0,1,19,26,0,1,0.5535797007237925,2,0.5,0.10526315789473684
front3,0,2,19,26,0,1,0.5205971086180231,1,1.0,0.05263157894736842
front3,0,5,19,26,0,1,0.5246797810764613,2,0.5,0.10526315789473684
front3,0,6,19,26,0,3,0.5286835511413982,4,0.5,0.21052631578947367
front3,0,7,19,26,0,3,0.4750549793182813,2,0.0,0.10526315789473684
front3,0,10,19,26,0,2,0.4514133971450566,6,0.5,0.3157894736842105
front3,0,13,19,26,0,3,0.3254043061124728,2,0.5,0.10526315789473684
front3,15,1,10,28,2,1,0.6049399446450059,3,0.6666666666666666,0.3
front3,15,2,10,28,2,1,0.5720509649594326,2,1.0,0.2
front3,15,5,10,28,2,1,0.5806259102035111,1,1.0,0.1
front3,15,6,10,28,2,3,0.5935097023274741,1,1.0,0.1
front3,15,10,10,28,2,2,0.5188621218264383,1,0.0,0.1
front3,15,11,10,28,2,3,0.49192342772659925,2,1.0,0.2
front3,15,1,3,28,5,1,0.5673490924044594,1,1.0,0.3333333333333333
front3,15,2,3,28,5,1,0.5474362239785638,2,0.5,0.6666666666666666
front3,16,2,2,28,5,1,0.5190901673484394,1,0.0,0.5
front3,16,11,2,28,5,3,0.4684383819268023,1,0.0,0.5
front3,15,1,6,29,4,1,0.6133553620834408,1,1.0,0.16666666666666666
front3,15,4,6,29,4,1,0.6132500305976613,1,1.0,0.16666666666666666
front3,15,5,6,29,4,1,0.574416515281215,2,0.0,0.3333333333333333
front3,15,6,6,29,4,3,0.5906340651739574,1,1.0,0.16666666666666666
front3,15,13,6,29,4,3,0.40669352515498813,1,0.0,0.16666666666666666
front3,15,1,11,29,5,1,0.6413296269458739,4,0.75,0.36363636363636365
front3,15,4,11,29,5,1,0.6482983700871694,1,1.0,0.09090909090909091
front3,15,6,11,29,5,3,0.6303929293806572,1,0.0,0.09090909090909091
front3,15,10,11,29,5,2,0.5908081507712573,5,0.6,0.45454545454545453
front3,17,4,1,29,2,1,0.6599739544251645,1,1.0,1.0
front3,17,1,2,29,4,1,0.6437036212649087,1,1.0,0.5
front3,17,13,2,29,4,3,0.4225872365432312,1,0.0,0.5
front3,17,1,7,29,5,1,0.6425833561126532,4,0.5,0.5714285714285714
front3,17,10,7,29,5,2,0.6085857758876669,3,0.6666666666666666,0.42857142857142855
front3,0,1,30,30,0,1,0.43684181984359954,11,0.2727272727272727,0.36666666666666664
front3,0,2,30,30,0,1,0.40627139011180086,6,0.3333333333333333,0.2
front3,0,3,30,30,0,2,0.489742925422088,1,1.0,0.03333333333333333
front3,0,5,30,30,0,1,0.40729979921110354,4,0.5,0.13333333333333333
front3,0,10,30,30,0,2,0.3491566745705989,4,0.25,0.13333333333333333
front3,0,10,30,30,0,3,0.32026090800383583,1,0.0,0.03333333333333333
front3,0,11,30,30,0,3,0.3225615164565039,2,0.0,0.06666666666666667
front3,0,13,30,30,0,3,0.22888355362017382,1,0.0,0.03333333333333333
front3,15,1,9,31,2,1,0.501056474873025,3,0.6666666666666666,0.3333333333333333
front3,15,4,9,31,2,4,0.5112546618884225,1,1.0,0.1111111111111111
front3,15,6,9,31,2,3,0.48297826567263663,1,0.0,0.1111111111111111
front3,15,10,9,31,2,2,0.39735971144686766,2,0.0,0.2222222222222222
front3,15,11,9,31,2,2,0.40897163085811183,2,0.5,0.2222222222222222
front3,15,1,3,31,3,1,0.5028375947874405,1,1.0,0.3333333333333333
front3,15,2,3,31,3,1,0.46824090573967586,1,0.0,0.3333333333333333
front3,15,6,3,31,3,3,0.46939537361013556,1,1.0,0.3333333333333333
front3,15,1,18,31,4,1,0.502971678608596,10,0.4,0.5555555555555556
front3,15,2,18,31,4,1,0.46972588740817517,3,0.6666666666666666,0.16666666666666666
front3,15,6,18,31,4,0,0.009774278757967842,1,0.0,0.05555555555555555
front3,15,6,18,31,4,3,0.4696758533793598,2,0.5,0.1111111111111111
front3,15,13,18,31,4,3,0.27109857868486725,2,0.5,0.1111111111111111
front3,15,1,7,31,5,1,0.4656091553624619,3,0.3333333333333333,0.42857142857142855
front3,15,4,7,31,5,4,0.5104528497230744,1,1.0,0.14285714285714285
front3,15,6,7,31,5,3,0.4509850647556725,1,0.0,0.14285714285714285
front3,15,7,7,31,5,1,0.40142321169031586,1,1.0,0.14285714285714285
front3,15,10,7,31,5,2,0.3830321679035912,1,0.0,0.14285714285714285
front3,16,10,1,31,2,2,0.3986511951753077,1,0.0,1.0
front3,16,1,3,31,3,1,0.48793400898768297,1,1.0,0.3333333333333333
front3,16,6,3,31,3,3,0.4703065962379684,1,0.0,0.3333333333333333
front3,16,7,3,31,3,1,0.4290685474839652,1,1.0,0.3333333333333333
front3,16,6,2,31,5,3,0.44064226345725155,1,0.0,0.5
front3,16,13,2,31,5,3,0.30972509691617467,1,0.0,0.5
front3,17,1,1,31,3,1,0.5329936600808126,1,1.0,1.0
front3,15,1,10,32,2,1,0.5871844300008439,1,0.0,0.1
front3,15,3,10,32,2,3,0.6172736033556266,1,1.0,0.1
front3,15,9,10,32,2,2,0.5411871541865789,1,1.0,0.1
front3,15,10,10,32,2,2,0.5173310992224859,4,0.5,0.4
front3,15,12,10,32,2,2,0.5268132435898178,2,0.5,0.2
front3,15,13,10,32,2,3,0.42159232680902514,1,0.0,0.1
front3,15,3,1,32,3,3,0.6214197506595025,1,1.0,1.0
front3,15,5,8,32,4,1,0.5492789912565268,1,0.0,0.125
front3,15,10,8,32,4,2,0.4908636875568624,3,0.3333333333333333,0.375
front3,15,12,8,32,4,2,0.4962006350407101,4,0.5,0.5
front3,15,10,25,32,5,2,0.5203274266506759,17,0.4117647058823529,0.68
front3,15,12,25,32,5,2,0.5339023323019859,8,0.625,0.32
front3,18,12,2,32,2,2,0.5731101343453762,2,1.0,1.0
front3,18,3,1,32,5,3,0.5715375099086749,1,1.0,1.0
front3,0,1,18,33,0,0,0.014991213919569951,2,0.0,0.1111111111111111
front3,0,1,18,33,0,1,0.6062699329075998,4,0.75,0.2222222222222222
front3,0,2,18,33,0,0,0.015174714432964682,1,0.0,0.05555555555555555
front3,0,2,18,33,0,1,0.5783509597229988,4,0.75,0.2222222222222222
front3,0,5,18,33,0,0,0.0162995824890822,1,0.0,0.05555555555555555
front3,0,5,18,33,0,1,0.578851005038067,2,0.5,0.1111111111111111
front3,0,6,18,33,0,3,0.5846833812666419,1,1.0,0.05555555555555555
front3,0,7,18,33,0,0,0.016125445010672253,1,0.0,0.05555555555555555
front3,0,10,18,33,0,2,0.5167167555619235,1,1.0,0.05555555555555555
front3,0,11,18,33,0,2,0.5164869210943601,1,1.0,0.05555555555555555
front3,15,1,17,33,2,1,0.602817920608491,4,0.5,0.23529411764705882
front3,15,2,17,33,2,1,0.5785772131665888,1,0.0,0.058823529411764705
front3,15,5,17,33,2,1,0.5750018441622151,6,0.5,0.35294117647058826
front3,15,6,17,33,2,3,0.5916661520648175,1,0.0,0.058823529411764705
front3,15,7,17,33,2,1,0.5520379143657452,2,0.5,0.11764705882352941
front3,15,10,17,33,2,2,0.5270353148015031,3,0.6666666666666666,0.17647058823529413
front3,15,1,2,33,3,1,0.5925538503739384,1,1.0,0.5
front3,15,2,2,33,3,1,0.5602733972114664,1,1.0,0.5
front3,15,1,1,33,4,1,0.6542011289253619,1,1.0,1.0
front3,15,1,23,34,2,1,0.5460573450959134,11,0.7272727272727273,0.4782608695652174
front3,15,4,23,34,2,4,0.5481074900910589,1,1.0,0.043478260869565216
front3,15,5,23,34,2,1,0.5283294668533112,2,0.5,0.08695652173913043
front3,15,6,23,34,2,3,0.5380134371766974,2,1.0,0.08695652173913043
front3,15,8,23,34,2,3,0.40986082324253487,1,1.0,0.043478260869565216
front3,15,9,23,34,2,2,0.478780449858195,1,0.0,0.043478260869565216
front3,15,10,23,34,2,2,0.4555381014166216,5,0.2,0.21739130434782608
front3,15,1,4,34,3,1,0.5380282725468161,2,0.5,0.5
front3,15,9,4,34,3,2,0.4801078179107365,1,0.0,0.25
front3,15,10,4,34,3,2,0.4514780899400183,1,0.0,0.25
front3,15,1,6,34,5,1,0.49954734640894966,1,1.0,0.16666666666666666
front3,15,5,6,34,5,1,0.4876753308772966,1,1.0,0.16666666666666666
front3,15,8,6,34,5,3,0.3362881719639492,1,1.0,0.16666666666666666
front3,15,9,6,34,5,2,0.4123751651890825,1,0.0,0.16666666666666666
front3,15,10,6,34,5,2,0.39300423995853245,1,0.0,0.16666666666666666
front3,15,10,6,34,5,3,0.3539829685432771,1,0.0,0.16666666666666666
front3,17,1,5,34,5,1,0.49500235560963224,1,0.0,0.2
front3,17,9,5,34,5,2,0.4766388389341394,2,0.0,0.4
front3,17,12,5,34,5,2,0.487252709940142,1,0.0,0.2
front3,17,13,5,34,5,3,0.4192847668583247,1,1.0,0.2
front3,18,10,1,34,5,3,0.4785995622533443,1,0.0,1.0
front3,0,1,40,35,0,1,0.5249413865680392,14,0.42857142857142855,0.35
front3,0,2,40,35,0,1,0.4905323520562227,9,0.5555555555555556,0.225
front3,0,6,40,35,0,3,0.4980232987930524,3,0.3333333333333333,0.075
front3,0,7,40,35,0,1,0.45258842859264964,2,0.0,0.05
front3,0,10,40,35,0,3,0.37853394448905486,1,0.0,0.025
front3,0,11,40,35,0,2,0.4208459220675412,6,0.5,0.15
front3,0,13,40,35,0,3,0.28924934513725425,5,0.0,0.125
front3,15,4,1,35,2,1,0.5022289406909556,1,0.0,1.0
front3,15,2,4,35,3,1,0.4835472497449055,2,0.5,0.5
front3,15,4,4,35,3,1,0.5082975586354295,2,0.5,0.5
front3,15,1,8,35,4,0,0.01081191435811455,1,0.0,0.125
front3,15,1,8,35,4,1,0.5228572330872087,2,0.5,0.25
front3,15,2,8,35,4,1,0.48988299522177964,1,1.0,0.125
front3,15,4,8,35,4,1,0.5160455228307542,1,1.0,0.125
front3,15,6,8,35,4,3,0.491583209329975,3,0.0,0.375
front3,15,1,9,35,5,1,0.4807940705177542,4,1.0,0.4444444444444444
front3,15,4,9,35,5,1,0.4787914347119711,1,0.0,0.1111111111111111
front3,15,6,9,35,5,3,0.45965859980739715,1,1.0,0.1111111111111111
front3,15,11,9,35,5,2,0.39704982433981706,3,0.0,0.3333333333333333
front3,16,6,1,35,4,3,0.4788731603828199,1,0.0,1.0
front3,16,2,1,35,5,1,0.4316124973614956,1,0.0,1.0
front3,15,13,1,36,1,3,0.3347250608424509,1,0.0,1.0
front3,15,11,1,36,2,2,0.39844063309031097,1,1.0,1.0
front3,15,1,5,36,3,1,0.4970212594093108,3,0.3333333333333333,0.6
front3,15,4,5,36,3,4,0.5175706076612602,1,1.0,0.2
front3,15,7,5,36,3,1,0.42229212987911435,1,1.0,0.2
front3,15,1,8,36,4,1,0.49372573750510085,7,0.7142857142857143,0.875
front3,15,6,8,36,4,3,0.4607934559035832,1,0.0,0.125
front3,15,1,5,36,5,1,0.45234393687442076,1,1.0,0.2
front3,15,2,5,36,5,1,0.42818258319186764,1,0.0,0.2
front3,15,6,5,36,5,3,0.436213051102272,2,0.0,0.4
front3,15,10,5,36,5,2,0.35925752244267356,1,1.0,0.2
front3,16,1,1,36,4,1,0.47528672214449946,1,0.0,1.0
front3,16,1,2,36,5,1,0.42666183649920836,2,0.5,1.0
front3,15,1,10,37,2,1,0.5493904109574794,5,0.8,0.5
front3,15,3,10,37,2,3,0.5787563806756546,2,0.5,0.2
front3,15,4,10,37,2,4,0.5814073621445199,3,1.0,0.3
front3,15,1,10,37,3,1,0.5498462938268976,4,0.5,0.4
front3,15,3,10,37,3,3,0.5901876752417657,1,1.0,0.1
front3,15,5,10,37,3,1,0.5180034906260576,1,0.0,0.1
front3,15,6,10,37,3,3,0.5334293683584037,1,0.0,0.1
front3,15,7,10,37,3,3,0.48998467221900877,1,0.0,0.1
front3,15,10,10,37,3,2,0.4714316224073268,2,0.0,0.2
front3,15,1,23,37,4,0,0.013646793927438908,1,0.0,0.043478260869565216
front3,15,1,23,37,4,1,0.5511549512651941,12,0.5833333333333334,0.5217391304347826
front3,15,3,23,37,4,3,0.5887284265363263,2,1.0,0.08695652173913043
front3,15,4,23,37,4,4,0.5956191079907689,1,0.0,0.043478260869565216
front3,15,5,23,37,4,1,0.515810328230247,2,0.5,0.08695652173913043
front3,15,6,23,37,4,2,0.5298167995692138,1,0.0,0.043478260869565216
front3,15,6,23,37,4,3,0.5297365012549194,1,0.0,0.043478260869565216
front3,15,11,23,37,4,2,0.4583202823949405,2,0.0,0.08695652173913043
front3,15,13,23,37,4,3,0.3431453948836429,1,1.0,0.043478260869565216
front3,15,1,34,37,5,1,0.5385419934720064,25,0.56,0.7352941176470589
front3,15,3,34,37,5,3,0.6041602549576457,1,1.0,0.029411764705882353
front3,15,4,34,37,5,4,0.6023119308611615,5,0.6,0.14705882352941177
front3,15,6,34,37,5,3,0.534857027203871,1,1.0,0.029411764705882353
front3,15,10,34,37,5,2,0.5031246607302651,2,0.0,0.058823529411764705
front3,16,1,3,37,2,1,0.5326419715092942,1,1.0,0.3333333333333333
front3,16,3,3,37,2,2,0.557849476222288,1,0.0,0.3333333333333333
front3,16,11,3,37,2,2,0.468855670056707,1,0.0,0.3333333333333333
front3,16,1,9,37,3,1,0.5419576435795879,4,0.75,0.4444444444444444
front3,16,5,9,37,3,1,0.5153211612119564,2,0.5,0.2222222222222222
front3,16,7,9,37,3,3,0.48703724293615763,1,1.0,0.1111111111111111
front3,16,13,9,37,3,0,0.014251584935519708,1,0.0,0.1111111111111111
front3,16,13,9,37,3,3,0.3537372645827176,1,0.0,0.1111111111111111
front3,16,1,6,37,4,1,0.5462109458947763,3,0.6666666666666666,0.5
front3,16,2,6,37,4,1,0.5201771711708706,1,1.0,0.16666666666666666
front3,16,6,6,37,4,3,0.5261436141408579,2,0.5,0.3333333333333333
front3,16,1,5,37,5,1,0.5507727748163187,2,0.5,0.4
front3,16,4,5,37,5,4,0.6190126209134014,2,0.5,0.4
front3,16,5,5,37,5,1,0.5292609026007977,1,1.0,0.2
front3,17,1,1,37,5,1,0.48976209896867967,1,1.0,1.0
front3,15,1,4,38,2,1,0.5651367794544111,1,0.0,0.25
front3,15,10,4,38,2,2,0.46138914502106165,2,0.0,0.5
front3,15,11,4,38,2,2,0.4733138095218554,1,0.0,0.25
front3,15,1,6,38,4,1,0.5494696584675905,3,0.6666666666666666,0.5
front3,15,5,6,38,4,1,0.5098976966729162,2,0.0,0.3333333333333333
front3,15,13,6,38,4,3,0.3530817421472557,1,1.0,0.16666666666666666
front3,15,1,24,38,5,1,0.5242610109659469,11,0.7272727272727273,0.4583333333333333
front3,15,2,24,38,5,1,0.5004464248270097,2,0.5,0.08333333333333333
front3,15,4,24,38,5,1,0.5261104529106884,1,1.0,0.041666666666666664
front3,15,5,24,38,5,1,0.4924813899620293,4,0.25,0.16666666666666666
front3,15,6,24,38,5,3,0.5089568782972062,3,0.6666666666666666,0.125
front3,15,10,24,38,5,2,0.4420273152083393,1,1.0,0.041666666666666664
front3,15,11,24,38,5,2,0.44947551577182554,1,0.0,0.041666666666666664
front3,15,13,24,38,5,3,0.33981776546428155,1,1.0,0.041666666666666664
front3,16,1,4,38,2,1,0.545736533241877,2,0.0,0.5
front3,16,10,4,38,2,2,0.4557780646672702,1,1.0,0.25
front3,16,11,4,38,2,2,0.4646282200877435,1,0.0,0.25
front3,16,3,5,38,3,2,0.5741241362423412,1,0.0,0.2
front3,16,5,5,38,3,1,0.520332287136035,1,0.0,0.2
front3,16,6,5,38,3,3,0.5364593966844178,2,1.0,0.4
front3,16,7,5,38,3,1,0.4909491993210834,1,0.0,0.2
front3,16,5,2,38,4,1,0.5122432645046333,1,0.0,0.5
front3,16,6,2,38,4,3,0.5254460365502899,1,1.0,0.5
front3,16,4,8,38,5,1,0.5073856424159089,1,0.0,0.125
front3,16,5,8,38,5,1,0.47224716463752836,2,0.0,0.25
front3,16,6,8,38,5,3,0.49416621685241036,1,1.0,0.125
front3,16,10,8,38,5,2,0.45227098726773285,1,1.0,0.125
front3,16,10,8,38,5,3,0.42992273284679194,1,1.0,0.125
front3,16,13,8,38,5,3,0.35728902847845434,2,0.5,0.25
front3,0,1,43,39,0,1,0.5873173565550117,25,0.52,0.5813953488372093
front3,0,2,43,39,0,1,0.5575386597013645,2,0.5,0.046511627906976744
front3,0,3,43,39,0,2,0.6421714333843418,1,1.0,0.023255813953488372
front3,0,10,43,39,0,2,0.5168161680739595,1,1.0,0.023255813953488372
front3,0,10,43,39,0,3,0.48765412717755197,1,1.0,0.023255813953488372
front3,0,11,43,39,0,2,0.5175271077833278,1,0.0,0.023255813953488372
front3,0,13,43,39,0,0,0.015812428707169424,1,0.0,0.023255813953488372
front3,0,13,43,39,0,3,0.3834039409758085,11,0.36363636363636365,0.2558139534883721
front3,15,1,1,40,2,1,0.5712477745002249,1,1.0,1.0
front3,16,1,12,40,2,1,0.5629330709692996,5,0.8,0.4166666666666667
front3,16,5,12,40,2,1,0.5437835405020005,1,1.0,0.08333333333333333
front3,16,10,12,40,2,2,0.5053347768886748,3,0.0,0.25
front3,16,13,12,40,2,3,0.4237955313510424,3,0.6666666666666666,0.25
front3,16,3,1,40,4,3,0.587956868687144,1,1.0,1.0
front3,16,1,5,40,5,1,0.5234656066256003,4,0.25,0.8
front3,16,13,5,40,5,3,0.38929304022498007,1,0.0,0.2
front3,15,1,13,41,2,1,0.538839314230263,5,1.0,0.38461538461538464
front3,15,3,13,41,2,3,0.555435308997152,2,0.5,0.15384615384615385
front3,15,5,13,41,2,1,0.5134528246033592,2,0.0,0.15384615384615385
front3,15,7,13,41,2,3,0.47716525450443115,1,1.0,0.07692307692307693
front3,15,10,13,41,2,2,0.45049744404277664,1,0.0,0.07692307692307693
front3,15,13,13,41,2,3,0.35885595743498616,1,1.0,0.07692307692307693
front3,15,14,13,41,2,3,0.2686847693414464,1,0.0,0.07692307692307693
front3,15,1,5,41,3,1,0.5422975347819021,2,1.0,0.4
front3,15,3,5,41,3,3,0.5722662006954609,2,0.5,0.4
front3,15,13,5,41,3,3,0.31911500774979357,1,0.0,0.2
front3,15,1,3,41,5,1,0.5039077651338094,1,1.0,0.3333333333333333
front3,15,3,3,41,5,3,0.5682492507917214,1,0.0,0.3333333333333333
front3,15,5,3,41,5,1,0.47066009828427635,1,0.0,0.3333333333333333
front3,17,1,1,41,2,4,0.5637542818037917,1,1.0,1.0
front3,15,1,10,42,2,1,0.5996377488411873,4,0.5,0.4
front3,15,5,10,42,2,1,0.5710853610599288,1,0.0,0.1
front3,15,10,10,42,2,2,0.49651598074019476,4,0.5,0.4
front3,15,11,10,42,2,2,0.5016379308003909,1,1.0,0.1
front3,15,1,3,42,3,1,0.5939005586543226,2,1.0,0.6666666666666666
front3,15,13,3,42,3,3,0.3550387685721305,1,1.0,0.3333333333333333
front3,15,1,7,42,5,1,0.5650966897347588,5,0.6,0.7142857142857143
front3,15,10,7,42,5,2,0.5094138642426839,2,1.0,0.2857142857142857
front3,16,1,1,42,2,1,0.5812960042140635,1,0.0,1.0
front3,0,1,73,43,0,1,0.4833242078566909,39,0.41025641025641024,0.5342465753424658
front3,0,2,73,43,0,1,0.4507152684918044,5,0.4,0.0684931506849315
front3,0,4,73,43,0,1,0.4792847763930259,3,0.6666666666666666,0.0410958904109589
front3,0,6,73,43,0,3,0.45682476078691986,4,0.5,0.0547945205479452
front3,0,7,73,43,0,1,0.4171926672467749,2,0.0,0.0273972602739726
front3,0,10,73,43,0,2,0.38003305570966656,4,0.5,0.0547945205479452
front3,0,11,73,43,0,2,0.3837856101386994,7,0.7142857142857143,0.0958904109589041
front3,0,11,73,43,0,3,0.3508820142184997,5,0.2,0.0684931506849315
front3,0,13,73,43,0,3,0.24909651468051786,4,0.0,0.0547945205479452
front3,0,1,32,44,0,1,0.5019883595192015,11,0.5454545454545454,0.34375
front3,0,2,32,44,0,1,0.4683078451174882,1,0.0,0.03125
front3,0,5,32,44,0,1,0.47159429502672584,2,1.0,0.0625
front3,0,6,32,44,0,3,0.4773784329915271,2,0.0,0.0625
front3,0,10,32,44,0,2,0.3942224040060884,9,0.5555555555555556,0.28125
front3,0,11,32,44,0,3,0.36765397995195287,4,0.25,0.125
front3,0,13,32,44,0,3,0.27315978028128646,3,0.3333333333333333,0.09375
front3,0,1,44,45,0,1,0.5494715210951001,8,0.375,0.18181818181818182
front3,0,2,44,45,0,1,0.5188544942179298,5,0.6,0.11363636363636363
front3,0,4,44,45,0,1,0.5510267216850759,1,1.0,0.022727272727272728
front3,0,6,44,45,0,3,0.5234108777667165,6,0.3333333333333333,0.13636363636363635
front3,0,7,44,45,0,1,0.49208245441895676,3,0.6666666666666666,0.06818181818181818
front3,0,7,44,45,0,3,0.4786059052478581,1,0.0,0.022727272727272728
front3,0,10,44,45,0,2,0.4556563431865793,13,0.46153846153846156,0.29545454545454547
front3,0,11,44,45,0,2,0.45770777872574053,1,0.0,0.022727272727272728
front3,0,13,44,45,0,3,0.31145261348513925,5,0.4,0.11363636363636363
front3,0,14,44,45,0,3,0.24482129284056298,1,1.0,0.022727272727272728
front3,15,1,11,46,2,1,0.5989789706589821,4,0.75,0.36363636363636365
front3,15,10,11,46,2,2,0.5014515649311705,3,0.6666666666666666,0.2727272727272727
front3,15,10,11,46,2,3,0.4609273613633969,1,0.0,0.09090909090909091
front3,15,11,11,46,2,2,0.5113391388086831,3,0.6666666666666666,0.2727272727272727
front3,15,1,5,46,3,1,0.6021905279805603,4,0.75,0.8
front3,15,2,5,46,3,1,0.5697896532253323,1,0.0,0.2
front3,15,1,2,46,4,1,0.597988972194408,1,0.0,0.5
front3,15,5,2,46,4,1,0.5623110980090149,1,0.0,0.5
front3,15,1,10,46,5,1,0.5460487300090552,9,0.5555555555555556,0.9
front3,15,5,10,46,5,1,0.5201167183698885,1,0.0,0.1
front3,16,2,1,46,5,1,0.5244919203272149,1,1.0,1.0
front3,15,1,22,47,2,1,0.5096250760108361,13,0.5384615384615384,0.5909090909090909
front3,15,2,22,47,2,1,0.47715178634946137,1,1.0,0.045454545454545456
front3,15,7,22,47,2,1,0.46898860361954936,1,1.0,0.045454545454545456
front3,15,11,22,47,2,2,0.43436054192054097,3,0.6666666666666666,0.13636363636363635
front3,15,13,22,47,2,3,0.34430977993958545,4,0.25,0.18181818181818182
front3,15,6,2,47,3,3,0.4950733998522696,1,1.0,0.5
front3,15,13,2,47,3,3,0.31030244549561037,1,0.0,0.5
front3,15,1,5,47,4,1,0.5264098636062651,1,0.0,0.2
front3,15,2,5,47,4,1,0.49995548108899224,3,0.0,0.6
front3,15,13,5,47,4,3,0.318503454651541,1,1.0,0.2
front3,15,1,19,47,5,1,0.4734921471286637,10,0.2,0.5263157894736842
front3,15,2,19,47,5,1,0.4533998136045783,3,0.6666666666666666,0.15789473684210525
front3,15,6,19,47,5,3,0.471100731683914,1,1.0,0.05263157894736842
front3,15,10,19,47,5,2,0.43247569815636683,1,1.0,0.05263157894736842
front3,15,13,19,47,5,3,0.34064522379271883,4,0.25,0.21052631578947367
front3,16,1,2,47,4,1,0.4984473229839984,1,1.0,0.5
front3,16,2,2,47,4,1,0.4730719715768345,1,0.0,0.5
front3,16,2,1,47,5,1,0.4317475666388105,1,0.0,1.0
front3,15,1,14,48,2,1,0.5139848391041696,2,0.5,0.14285714285714285
front3,15,3,14,48,2,3,0.5224921783626747,1,0.0,0.07142857142857142
front3,15,6,14,48,2,2,0.505780167596955,2,0.0,0.14285714285714285
front3,15,9,14,48,2,2,0.4523045812160221,1,1.0,0.07142857142857142
front3,15,10,14,48,2,2,0.4270817323590655,5,0.4,0.35714285714285715
front3,15,10,14,48,2,5,0.48906285605753713,1,1.0,0.07142857142857142
front3,15,12,14,48,2,2,0.43670762507149796,2,0.0,0.14285714285714285
front3,15,1,2,48,3,1,0.5316494555202678,1,1.0,0.5
front3,15,10,2,48,3,2,0.4086266607340277,1,0.0,0.5
front3,15,5,3,48,4,1,0.4725260253180817,1,0.0,0.3333333333333333
front3,15,12,3,48,4,2,0.44083361537223675,2,0.0,0.6666666666666666
front3,15,1,7,48,5,1,0.46925878707111895,1,1.0,0.14285714285714285
front3,15,10,7,48,5,2,0.4008586483666071,4,0.75,0.5714285714285714
front3,15,12,7,48,5,2,0.4116721930295025,2,0.0,0.2857142857142857
front3,16,8,2,48,3,3,0.3620956195078199,1,0.0,0.5
front3,16,9,2,48,3,2,0.4345015147984877,1,1.0,0.5
front3,16,1,3,48,5,1,0.44499063260314253,2,0.5,0.6666666666666666
front3,16,10,3,48,5,5,0.43867184689765953,1,1.0,0.3333333333333333
front3,17,1,3,48,5,1,0.45046939158807503,1,0.0,0.3333333333333333
front3,17,10,3,48,5,2,0.41956445145562477,2,0.5,0.6666666666666666
front3,0,1,27,49,0,1,0.5112785767867246,11,0.2727272727272727,0.4074074074074074
front3,0,2,27,49,0,1,0.4789019311637517,1,0.0,0.037037037037037035
front3,0,3,27,49,0,2,0.5570260589574155,1,1.0,0.037037037037037035
front3,0,5,27,49,0,1,0.4827028698259258,3,0.3333333333333333,0.1111111111111111
front3,0,10,27,49,0,2,0.41007758830761665,9,0.4444444444444444,0.3333333333333333
front3,0,10,27,49,0,3,0.37814873728342696,1,0.0,0.037037037037037035
front3,0,11,27,49,0,3,0.3830320663055846,1,0.0,0.037037037037037035
front3,15,1,4,49,2,1,0.5005593655090244,3,0.3333333333333333,0.75
front3,15,10,4,49,2,3,0.3715540472299968,1,0.0,0.25
front3,15,1,11,49,5,1,0.4593103304522357,9,0.7777777777777778,0.8181818181818182
front3,15,5,11,49,5,1,0.42463733115446783,1,1.0,0.09090909090909091
front3,15,10,11,49,5,2,0.39670045789160224,1,1.0,0.09090909090909091
front3,15,1,12,50,2,1,0.5387994097945522,3,0.0,0.25
front3,15,2,12,50,2,1,0.5064256384506607,5,0.2,0.4166666666666667
front3,15,6,12,50,2,3,0.5299741706406174,1,0.0,0.08333333333333333
front3,15,10,12,50,2,2,0.46007943247318644,3,0.3333333333333333,0.25
front3,15,8,1,50,3,3,0.39209703637937027,1,0.0,1.0
front3,15,6,6,50,4,2,0.5140551746251055,4,0.25,0.6666666666666666
front3,15,9,6,50,4,2,0.4765049001866741,2,1.0,0.3333333333333333
front3,15,1,17,50,5,1,0.49953801127282477,2,0.0,0.11764705882352941
front3,15,2,17,50,5,1,0.4779389938315588,9,0.4444444444444444,0.5294117647058824
front3,15,5,17,50,5,1,0.4726961874862795,1,0.0,0.058823529411764705
front3,15,6,17,50,5,3,0.49336155384054725,1,1.0,0.058823529411764705
front3,15,9,17,50,5,2,0.4446614569910974,3,0.6666666666666666,0.17647058823529413
front3,15,13,17,50,5,3,0.33607121414312,1,0.0,0.058823529411764705
front3,16,1,6,50,2,1,0.5276873343181807,2,0.5,0.3333333333333333
front3,16,2,6,50,2,1,0.4970912915529635,2,0.5,0.3333333333333333
front3,16,10,6,50,2,2,0.4563753797451278,2,0.5,0.3333333333333333
front3,16,6,1,50,4,2,0.49981777468537125,1,0.0,1.0
front3,16,1,10,50,5,1,0.49956529150980256,4,0.75,0.4
front3,16,2,10,50,5,1,0.48230197715458517,2,1.0,0.2
front3,16,3,10,50,5,2,0.5378250750884078,1,1.0,0.1
front3,16,6,10,50,5,2,0.4871406626636238,1,1.0,0.1
front3,16,9,10,50,5,2,0.47074941142742005,2,0.0,0.2
front3,18,3,10,50,4,2,0.5749943698514972,1,1.0,0.1
front3,18,5,10,50,4,1,0.5137135581848593,1,1.0,0.1
front3,18,6,10,50,4,2,0.5259854953250499,3,0.3333333333333333,0.3
front3,18,6,10,50,4,3,0.5256162185479495,2,0.5,0.2
front3,18,8,10,50,4,3,0.40459291582216944,1,0.0,0.1
front3,18,9,10,50,4,2,0.5135321167350984,2,0.0,0.2
front3,18,3,10,50,5,2,0.5351251435715667,1,0.0,0.1
front3,18,5,10,50,5,1,0.4763596380931491,1,1.0,0.1
front3,18,6,10,50,5,2,0.49001940109141867,3,0.3333333333333333,0.3
front3,18,6,10,50,5,3,0.5018646649162439,1,0.0,0.1
front3,18,8,10,50,5,2,0.4351212905830065,1,1.0,0.1
front3,18,9,10,50,5,2,0.49432592864324165,1,1.0,0.1
front3,18,10,10,50,5,2,0.49062989428917747,2,1.0,0.2
front3,0,1,27,51,0,1,0.42446706953974417,8,0.375,0.2962962962962963
front3,0,3,27,51,0,2,0.48957806338801835,1,0.0,0.037037037037037035
front3,0,3,27,51,0,3,0.48944129176025447,3,1.0,0.1111111111111111
front3,0,6,27,51,0,3,0.4070919277679143,1,0.0,0.037037037037037035
front3,0,10,27,51,0,2,0.35299928951276044,13,0.38461538461538464,0.48148148148148145
front3,0,11,27,51,0,2,0.34846667836134104,1,0.0,0.037037037037037035
front3,15,13,1,52,3,3,0.28550715732042764,1,0.0,1.0
front3,15,1,11,52,5,1,0.4353875804667528,4,0.0,0.36363636363636365
front3,15,3,11,52,5,3,0.4859878507117971,1,1.0,0.09090909090909091
front3,15,4,11,52,5,4,0.4895403879623949,1,1.0,0.09090909090909091
front3,15,6,11,52,5,3,0.44103858872842694,2,0.5,0.18181818181818182
front3,15,10,11,52,5,2,0.39617757867734676,2,0.5,0.18181818181818182
front3,15,13,11,52,5,3,0.29725237257106835,1,0.0,0.09090909090909091
front3,16,1,3,52,2,1,0.4659501235097621,3,0.3333333333333333,1.0
front3,16,1,2,52,3,1,0.4670234784764796,1,0.0,0.5
front3,16,3,2,52,3,3,0.5180307554343169,1,0.0,0.5
front3,16,1,3,52,4,1,0.46228868851372473,3,0.3333333333333333,1.0
front3,16,1,2,52,5,1,0.4316258640811114,2,0.0,1.0
front3,17,1,1,52,5,1,0.43696702033756885,1,1.0,1.0
front3,15,1,14,53,2,1,0.4959328293160394,4,0.25,0.2857142857142857
front3,15,4,14,53,2,4,0.529623726104381,1,0.0,0.07142857142857142
front3,15,5,14,53,2,1,0.4718802596036055,1,0.0,0.07142857142857142
front3,15,6,14,53,2,2,0.49086056335838313,4,1.0,0.2857142857142857
front3,15,10,14,53,2,2,0.4274316521336799,4,0.5,0.2857142857142857
front3,15,1,4,53,3,1,0.501405472852805,3,1.0,0.75
front3,15,13,4,53,3,3,0.30914100156567637,1,0.0,0.25
front3,15,1,6,53,4,1,0.5063222437672499,2,0.5,0.3333333333333333
front3,15,5,6,53,4,1,0.4696483433198011,1,0.0,0.16666666666666666
front3,15,6,6,53,4,3,0.48538657209265157,2,0.0,0.3333333333333333
front3,15,13,6,53,4,3,0.2996818794977219,1,1.0,0.16666666666666666
front3,15,1,14,53,5,1,0.4881683162748011,5,0.4,0.35714285714285715
front3,15,6,14,53,5,2,0.4741231975662981,2,0.5,0.14285714285714285
front3,15,6,14,53,5,3,0.4856131183114097,4,0.75,0.2857142857142857
front3,15,8,14,53,5,3,0.38530365994832444,1,0.0,0.07142857142857142
front3,15,10,14,53,5,2,0.4424252245067519,2,1.0,0.14285714285714285
front3,16,8,1,53,2,3,0.368693504915823,1,0.0,1.0
front3,16,1,8,53,4,1,0.49303135096327666,6,0.16666666666666666,0.75
front3,16,3,8,53,4,3,0.5397522412245317,1,1.0,0.125
front3,16,6,8,53,4,2,0.47854026885281054,1,1.0,0.125
front3,16,1,3,53,5,1,0.45042239326786576,2,0.5,0.6666666666666666
front3,16,6,3,53,5,3,0.44715564081582865,1,0.0,0.3333333333333333
front3,17,8,1,53,2,3,0.410691458592683,1,0.0,1.0
front3,17,3,4,53,4,3,0.5352712668825828,1,0.0,0.25
front3,17,6,4,53,4,2,0.48219531633554935,3,0.6666666666666666,0.75
front3,17,1,9,53,5,1,0.45172759902732856,2,1.0,0.2222222222222222
front3,17,5,9,53,5,1,0.43944353921871016,1,0.0,0.1111111111111111
front3,17,6,9,53,5,2,0.45292017510839144,3,0.3333333333333333,0.3333333333333333
front3,17,6,9,53,5,3,0.4648725996818974,2,1.0,0.2222222222222222
front3,17,10,9,53,5,2,0.4238042594797412,1,0.0,0.1111111111111111
front3,0,1,29,54,0,1,0.5188831711641769,5,1.0,0.1724137931034483
front3,0,2,29,54,0,1,0.48692687284092545,4,0.75,0.13793103448275862
front3,0,6,29,54,0,3,0.4958593013036653,14,0.35714285714285715,0.4827586206896552
front3,0,7,29,54,0,1,0.45604248575661405,1,1.0,0.034482758620689655
front3,0,10,29,54,0,2,0.42276335290958716,2,0.0,0.06896551724137931
front3,0,11,29,54,0,2,0.42439196867656687,1,0.0,0.034482758620689655
front3,0,11,29,54,0,3,0.39203657343824266,1,0.0,0.034482758620689655
front3,0,13,29,54,0,3,0.2930369348209658,1,0.0,0.034482758620689655
front3,15,1,4,54,1,1,0.5025178064951921,3,0.3333333333333333,0.75
front3,15,5,4,54,1,1,0.48270814454144545,1,0.0,0.25
front3,15,1,2,54,2,1,0.5021520245091229,2,0.0,1.0
front3,15,1,3,54,4,1,0.5351651557012594,2,0.5,0.6666666666666666
front3,15,10,3,54,4,2,0.4294051197933964,1,0.0,0.3333333333333333
front3,15,1,12,54,5,1,0.49477691405860563,7,0.42857142857142855,0.5833333333333334
front3,15,2,12,54,5,1,0.47373087061599567,1,1.0,0.08333333333333333
front3,15,7,12,54,5,1,0.43422323265241775,1,1.0,0.08333333333333333
front3,15,10,12,54,5,2,0.42585424320750404,2,0.5,0.16666666666666666
front3,15,13,12,54,5,3,0.31048402244400514,1,0.0,0.08333333333333333
front3,16,1,3,54,1,1,0.4987554093972976,2,0.5,0.6666666666666666
front3,16,5,3,54,1,1,0.4760442126366677,1,1.0,0.3333333333333333
front3,16,1,2,54,2,1,0.4964644842035071,2,0.5,1.0
front3,16,1,2,54,3,1,0.49811529646990343,1,0.0,0.5
front3,16,2,2,54,3,1,0.46914651659273765,1,0.0,0.5
front3,15,1,4,55,2,1,0.6473232061536733,3,0.6666666666666666,0.75
front3,15,10,4,55,2,2,0.5903877271798775,1,1.0,0.25
front3,15,6,1,55,4,3,0.629902404042169,1,1.0,1.0
front3,16,1,15,55,2,1,0.6424060529355162,9,0.5555555555555556,0.6
front3,16,2,15,55,2,1,0.6158560942178171,1,1.0,0.06666666666666667
front3,16,4,15,55,2,1,0.645306996846232,1,1.0,0.06666666666666667
front3,16,7,15,55,2,3,0.6016811079788439,2,1.0,0.13333333333333333
front3,16,10,15,55,2,2,0.5810727367103438,1,1.0,0.06666666666666667
front3,16,11,15,55,2,2,0.5808257042842305,1,1.0,0.06666666666666667
front3,16,6,1,55,3,3,0.6318327410817753,1,1.0,1.0
front3,16,5,2,55,4,1,0.6110508634619071,1,0.0,0.5
front3,16,6,2,55,4,3,0.6234673138872769,1,1.0,0.5
front3,0,1,24,56,0,1,0.522703981024672,18,0.5555555555555556,0.75
front3,0,3,24,56,0,3,0.5790005851385781,2,0.0,0.08333333333333333
front3,0,10,24,56,0,2,0.43951739973926207,4,0.25,0.16666666666666666
front3,15,1,2,56,5,1,0.515096932477853,2,1.0,1.0
front3,16,1,3,56,4,1,0.5098182026287619,3,0.0,1.0
front3,16,1,3,56,5,1,0.46406184411036694,1,1.0,0.3333333333333333
front3,16,10,3,56,5,2,0.4309149809048223,2,1.0,0.6666666666666666
front3,17,1,6,56,4,1,0.560101161920354,5,0.6,0.8333333333333334
front3,17,10,6,56,4,2,0.47973708328052383,1,1.0,0.16666666666666666
front3,17,1,6,56,5,1,0.4973639582869838,4,1.0,0.6666666666666666
front3,17,10,6,56,5,2,0.4819138297110499,1,0.0,0.16666666666666666
front3,17,14,6,56,5,3,0.3283401336611523,1,1.0,0.16666666666666666
front3,0,1,24,57,0,1,0.5012198504005333,2,0.5,0.08333333333333333
front3,0,3,24,57,0,3,0.49229117957118,4,0.5,0.16666666666666666
front3,0,5,24,57,0,1,0.45445259630713064,1,0.0,0.041666666666666664
front3,0,8,24,57,0,2,0.3868813478877417,1,1.0,0.041666666666666664
front3,0,9,24,57,0,2,0.4245758977789418,1,0.0,0.041666666666666664
front3,0,10,24,57,0,2,0.40079673333672455,2,0.0,0.08333333333333333
front3,0,10,24,57,0,3,0.3757877256914137,1,0.0,0.041666666666666664
front3,0,12,24,57,0,2,0.40315562740127947,11,0.18181818181818182,0.4583333333333333
front3,0,12,24,57,0,3,0.399887525684886,1,0.0,0.041666666666666664
front3,15,13,2,57,1,3,0.31496964830424484,2,0.0,1.0
front3,15,1,6,57,2,1,0.4594490262879877,1,0.0,0.16666666666666666
front3,15,3,6,57,2,3,0.45930633810426436,1,0.0,0.16666666666666666
front3,15,6,6,57,2,3,0.4534022966804103,1,1.0,0.16666666666666666
front3,15,11,6,57,2,2,0.3796016931635777,1,0.0,0.16666666666666666
front3,15,12,6,57,2,2,0.379108040557765,2,0.5,0.3333333333333333
front3,15,1,3,57,3,1,0.46848953959794853,1,0.0,0.3333333333333333
front3,15,10,3,57,3,2,0.36515224078418435,1,1.0,0.3333333333333333
front3,15,12,3,57,3,0,0.00817182081211019,1,0.0,0.3333333333333333
front3,15,1,18,57,4,1,0.46686045352044153,3,0.6666666666666666,0.16666666666666666
front3,15,2,18,57,4,1,0.43846909207121304,1,1.0,0.05555555555555555
front3,15,5,18,57,4,1,0.4341221579230152,6,0.16666666666666666,0.3333333333333333
front3,15,6,18,57,4,3,0.44527584844566426,3,0.3333333333333333,0.16666666666666666
front3,15,10,18,57,4,2,0.37719538268205044,2,0.0,0.1111111111111111
front3,15,12,18,57,4,2,0.3812863278829447,2,0.5,0.1111111111111111
front3,15,13,18,57,4,3,0.2525787549416604,1,0.0,0.05555555555555555
front3,15,1,39,57,5,1,0.41792169861934564,8,0.5,0.20512820512820512
front3,15,5,39,57,5,1,0.39657463631534257,5,0.6,0.1282051282051282
front3,15,6,39,57,5,3,0.412570459787615,2,0.0,0.05128205128205128
front3,15,7,39,57,5,1,0.36266518911508683,1,1.0,0.02564102564102564
front3,15,10,39,57,5,2,0.34826713792109804,10,0.5,0.2564102564102564
front3,15,10,39,57,5,3,0.32171588575525295,1,0.0,0.02564102564102564
front3,15,10,39,57,5,5,0.3955680045959436,1,0.0,0.02564102564102564
front3,15,11,39,57,5,2,0.35265948561423943,5,0.4,0.1282051282051282
front3,15,12,39,57,5,2,0.35327010778921814,6,0.3333333333333333,0.15384615384615385
front3,16,6,3,57,1,3,0.44886084136274995,2,1.0,0.6666666666666666
front3,16,13,3,57,1,3,0.31435569427534077,1,0.0,0.3333333333333333
front3,16,1,5,57,2,1,0.4550150822678233,4,1.0,0.8
front3,16,10,5,57,2,2,0.3778605840844882,1,0.0,0.2
front3,16,1,9,57,4,1,0.45430901244492516,2,0.0,0.2222222222222222
front3,16,2,9,57,4,1,0.4280172972246708,1,1.0,0.1111111111111111
front3,16,3,9,57,4,2,0.4839096484800677,2,0.5,0.2222222222222222
front3,16,6,9,57,4,3,0.43114055418190467,3,0.3333333333333333,0.3333333333333333
front3,16,13,9,57,4,3,0.2679193346822346,1,1.0,0.1111111111111111
front3,16,1,13,57,5,1,0.41248595048173126,7,0.42857142857142855,0.5384615384615384
front3,16,6,13,57,5,3,0.4079528400449217,3,0.3333333333333333,0.23076923076923078
front3,16,10,13,57,5,2,0.3410065590093368,1,1.0,0.07692307692307693
front3,16,11,13,57,5,2,0.34833620557380157,1,0.0,0.07692307692307693
front3,16,13,13,57,5,3,0.24916764765229768,1,1.0,0.07692307692307693
front3,15,1,5,58,4,1,0.6182676850997227,3,1.0,0.6
front3,15,6,5,58,4,3,0.595929453849784,2,0.5,0.4
front3,15,1,10,58,5,0,0.02104439018959351,1,0.0,0.1
front3,15,1,10,58,5,1,0.5800145644373749,6,0.6666666666666666,0.6
front3,15,6,10,58,5,3,0.5768566787305773,1,0.0,0.1
front3,15,10,10,58,5,2,0.4753075222518953,1,1.0,0.1
front3,15,11,10,58,5,2,0.48642366709201534,1,1.0,0.1
front3,16,1,4,58,4,1,0.5980125636002468,1,1.0,0.25
front3,16,6,4,58,4,3,0.5815246717146607,2,0.5,0.5
front3,16,10,4,58,4,2,0.509122563808877,1,1.0,0.25
front3,0,1,45,59,0,1,0.487723785391289,12,0.6666666666666666,0.26666666666666666
front3,0,2,45,59,0,1,0.45558663700889324,21,0.38095238095238093,0.4666666666666667
front3,0,5,45,59,0,1,0.4581510680203189,1,0.0,0.022222222222222223
front3,0,6,45,59,0,3,0.4654020727053926,2,0.0,0.044444444444444446
front3,0,10,45,59,0,2,0.3890679719462246,2,0.0,0.044444444444444446
front3,0,10,45,59,0,3,0.3576778291009831,1,0.0,0.022222222222222223
front3,0,11,45,59,0,3,0.3614427081388682,4,0.25,0.08888888888888889
front3,0,13,45,59,0,3,0.2669667658235693,2,0.0,0.044444444444444446
front3,15,7,1,61,3,1,0.5978679156196982,1,1.0,1.0
front3,15,1,6,61,4,1,0.6651921862337133,2,0.5,0.3333333333333333
front3,15,2,6,61,4,1,0.6361602916843836,1,0.0,0.16666666666666666
front3,15,6,6,61,4,3,0.6391970980937193,2,1.0,0.3333333333333333
front3,15,13,6,61,4,3,0.4279751745060796,1,0.0,0.16666666666666666
front3,15,1,4,61,5,1,0.6439873340596256,2,0.5,0.5
front3,15,6,4,61,5,3,0.625019310387996,1,1.0,0.25
front3,15,7,4,61,5,1,0.5837448584484779,1,0.0,0.25
front3,16,1,2,61,5,1,0.6067436218391512,1,0.0,0.5
front3,16,6,2,61,5,3,0.6143442522142364,1,1.0,0.5
front3,0,1,22,62,0,1,0.5751008444940479,5,0.6,0.22727272727272727
front3,0,2,22,62,0,1,0.5413426967707973,4,0.0,0.18181818181818182
front3,0,6,22,62,0,3,0.5509658927843399,5,0.4,0.22727272727272727
front3,0,10,22,62,0,2,0.46911270229277585,3,0.0,0.13636363636363635
front3,0,11,22,62,0,2,0.47780106928011146,2,0.5,0.09090909090909091
front3,0,11,22,62,0,3,0.44336475092197997,1,0.0,0.045454545454545456
front3,0,13,22,62,0,3,0.34094328627696596,2,1.0,0.09090909090909091
front3,15,2,6,62,1,1,0.5391772144994774,4,1.0,0.6666666666666666
front3,15,5,6,62,1,1,0.542868263934835,2,0.5,0.3333333333333333
front3,15,1,6,62,4,1,0.5582715166277029,2,0.5,0.3333333333333333
front3,15,2,6,62,4,1,0.528536989078546,2,0.5,0.3333333333333333
front3,15,5,6,62,4,1,0.5178430362800365,2,0.5,0.3333333333333333
front3,15,1,29,62,5,1,0.5200041189768281,19,0.5789473684210527,0.6551724137931034
front3,15,2,29,62,5,1,0.49991626124077226,2,0.0,0.06896551724137931
front3,15,5,29,62,5,1,0.48695524397720336,2,0.0,0.06896551724137931
front3,15,7,29,62,5,1,0.4679361114747736,1,0.0,0.034482758620689655
front3,15,10,29,62,5,2,0.4735971470373349,2,1.0,0.06896551724137931
front3,15,11,29,62,5,2,0.4722019292883678,3,1.0,0.10344827586206896
front3,15,2,4,63,2,1,0.49614838723509874,2,0.5,0.5
front3,15,7,4,63,2,3,0.4772368133862146,1,1.0,0.25
front3,15,10,4,63,2,2,0.4669326804546617,1,1.0,0.25
front3,15,1,6,63,4,1,0.5341655876506431,5,0.8,0.8333333333333334
front3,15,8,6,63,4,3,0.3894353161474129,1,1.0,0.16666666666666666
front3,15,1,9,63,5,1,0.49747753588259935,3,0.6666666666666666,0.3333333333333333
front3,15,2,9,63,5,1,0.47980435182100944,3,0.6666666666666666,0.3333333333333333
front3,15,5,9,63,5,1,0.4691234146753714,1,1.0,0.1111111111111111
front3,15,11,9,63,5,2,0.4617318561475883,1,0.0,0.1111111111111111
front3,15,13,9,63,5,3,0.345023428435982,1,0.0,0.1111111111111111
front3,15,6,1,64,1,3,0.4786417297502661,1,0.0,1.0
front3,15,1,74,64,2,1,0.4834071905961801,24,0.4583333333333333,0.32432432432432434
front3,15,2,74,64,2,1,0.45120453419638284,5,0.4,0.06756756756756757
front3,15,4,74,64,2,1,0.4784510002597589,1,1.0,0.013513513513513514
front3,15,4,74,64,2,4,0.5063633778348529,1,1.0,0.013513513513513514
front3,15,5,74,64,2,1,0.45746674261804776,3,0.3333333333333333,0.04054054054054054
front3,15,6,74,64,2,2,0.4733864817476613,1,0.0,0.013513513513513514
front3,15,6,74,64,2,3,0.47336136860755496,3,0.3333333333333333,0.04054054054054054
front3,15,7,74,64,2,3,0.42569865609160457,1,1.0,0.013513513513513514
front3,15,9,74,64,2,2,0.4252327971612752,2,0.5,0.02702702702702703
front3,15,10,74,64,2,2,0.4003068587314526,13,0.23076923076923078,0.17567567567567569
front3,15,10,74,64,2,5,0.4600369793417772,1,0.0,0.013513513513513514
front3,15,11,74,64,2,2,0.40353226939792863,3,0.6666666666666666,0.04054054054054054
front3,15,12,74,64,2,2,0.41318308557292055,8,0.25,0.10810810810810811
front3,15,12,74,64,2,5,0.4862767897355389,1,0.0,0.013513513513513514
front3,15,13,74,64,2,3,0.3096009928515126,7,0.42857142857142855,0.0945945945945946
front3,15,1,12,64,3,1,0.4996903019849448,5,0.0,0.4166666666666667
front3,15,6,12,64,3,3,0.4687746812377203,2,1.0,0.16666666666666666
front3,15,7,12,64,3,1,0.42585590061250317,1,1.0,0.08333333333333333
front3,15,9,12,64,3,2,0.4033269737655225,2,0.5,0.16666666666666666
front3,15,10,12,64,3,2,0.37887598564781744,1,0.0,0.08333333333333333
front3,15,11,12,64,3,3,0.3536778187606476,1,1.0,0.08333333333333333
front3,15,1,21,64,4,1,0.49627773517509677,3,0.0,0.14285714285714285
front3,15,3,21,64,4,3,0.5285700659540609,1,0.0,0.047619047619047616
front3,15,6,21,64,4,3,0.476400019376089,7,0.42857142857142855,0.3333333333333333
front3,15,9,21,64,4,2,0.42919749118085104,1,0.0,0.047619047619047616
front3,15,12,21,64,4,2,0.41632151708705817,7,0.42857142857142855,0.3333333333333333
front3,15,13,21,64,4,3,0.2810073871734567,2,0.0,0.09523809523809523
front3,15,1,131,64,5,0,0.009121537585340622,2,0.0,0.015267175572519083
front3,15,1,131,64,5,1,0.45924315741313376,44,0.5909090909090909,0.33587786259541985
front3,15,2,131,64,5,1,0.43707301041911867,4,0.5,0.030534351145038167
front3,15,6,131,64,5,3,0.44849632560137687,12,0.4166666666666667,0.0916030534351145
front3,15,7,131,64,5,1,0.39889309436569764,2,0.5,0.015267175572519083
front3,15,9,131,64,5,2,0.3945088484894171,1,0.0,0.007633587786259542
front3,15,10,131,64,5,2,0.3818817819195251,26,0.23076923076923078,0.1984732824427481
front3,15,10,131,64,5,3,0.3525482244308276,3,0.0,0.022900763358778626
front3,15,10,131,64,5,5,0.4277881503581638,1,0.0,0.007633587786259542
front3,15,11,131,64,5,2,0.38711918698045134,12,0.4166666666666667,0.0916030534351145
front3,15,12,131,64,5,2,0.40084074111912593,16,0.5625,0.12213740458015267
front3,15,12,131,64,5,5,0.4583471306888276,2,0.5,0.015267175572519083
front3,15,13,131,64,5,3,0.27535741375681055,6,0.6666666666666666,0.04580152671755725
front3,16,1,12,64,2,1,0.47325532558117733,6,0.3333333333333333,0.5
front3,16,5,12,64,2,1,0.4500574037162443,1,1.0,0.08333333333333333
front3,16,6,12,64,2,3,0.4697310931253771,1,1.0,0.08333333333333333
front3,16,10,12,64,2,2,0.39290209936646114,2,0.5,0.16666666666666666
front3,16,13,12,64,2,3,0.32241159465967295,2,0.5,0.16666666666666666
front3,16,1,11,64,3,1,0.4814642112285266,4,0.0,0.36363636363636365
front3,16,2,11,64,3,1,0.4501955318311095,2,0.0,0.18181818181818182
front3,16,6,11,64,3,3,0.4643834561814925,3,0.3333333333333333,0.2727272727272727
front3,16,10,11,64,3,2,0.3841476295620316,2,0.5,0.18181818181818182
front3,16,1,24,64,4,1,0.47821883269079973,3,0.6666666666666666,0.125
front3,16,2,24,64,4,1,0.4506177702958128,1,1.0,0.041666666666666664
front3,16,3,24,64,4,2,0.5087475456501965,3,0.3333333333333333,0.125
front3,16,4,24,64,4,4,0.5255705510209163,1,1.0,0.041666666666666664
front3,16,5,24,64,4,1,0.4470792906611465,5,0.4,0.20833333333333334
front3,16,6,24,64,4,3,0.4598242498770355,6,0.3333333333333333,0.25
front3,16,11,24,64,4,2,0.39142194035207534,1,1.0,0.041666666666666664
front3,16,11,24,64,4,3,0.36576100095950687,1,0.0,0.041666666666666664
front3,16,13,24,64,4,0,0.009293354414230222,1,0.0,0.041666666666666664
front3,16,13,24,64,4,3,0.2769812284869172,2,0.0,0.08333333333333333
front3,16,1,53,64,5,1,0.4399182377322335,19,0.2631578947368421,0.3584905660377358
front3,16,2,53,64,5,1,0.4210303091104332,1,0.0,0.018867924528301886
front3,16,5,53,64,5,1,0.4156070679130617,9,0.3333333333333333,0.16981132075471697
front3,16,6,53,64,5,3,0.43699888987460694,6,0.16666666666666666,0.11320754716981132
front3,16,7,53,64,5,1,0.3902960631190833,2,0.0,0.03773584905660377
front3,16,7,53,64,5,3,0.4012095094171933,2,0.0,0.03773584905660377
front3,16,10,53,64,5,2,0.3910386999680513,4,0.5,0.07547169811320754
front3,16,11,53,64,5,2,0.39315034420559863,3,0.6666666666666666,0.05660377358490566
front3,16,13,53,64,5,0,0.009334230656119947,1,0.0,0.018867924528301886
front3,16,13,53,64,5,3,0.29501453836866565,6,0.3333333333333333,0.11320754716981132
front3,17,1,1,64,2,4,0.510297869503791,1,0.0,1.0
front3,17,1,6,64,4,1,0.5175353159489732,3,1.0,0.5
front3,17,6,6,64,4,3,0.5095053333324416,3,1.0,0.5
front3,17,1,4,64,5,1,0.4398246050762561,2,0.5,0.5
front3,17,3,4,64,5,3,0.49418692699164335,1,1.0,0.25
front3,17,6,4,64,5,3,0.44707913198546845,1,0.0,0.25
front3,18,1,2,64,4,1,0.506662629822913,1,0.0,0.5
front3,18,13,2,64,4,3,0.3007214270952996,1,0.0,0.5
front3,18,1,7,64,5,1,0.42553011930417345,7,0.2857142857142857,1.0
front3,0,1,26,65,0,1,0.7038381257674655,11,0.9090909090909091,0.4230769230769231
front3,0,2,26,65,0,0,0.03306907483353016,2,0.0,0.07692307692307693
front3,0,2,26,65,0,1,0.678050917182405,8,0.875,0.3076923076923077
front3,0,5,26,65,0,1,0.6706260895911055,1,1.0,0.038461538461538464
front3,0,6,26,65,0,3,0.6834717641822645,1,0.0,0.038461538461538464
front3,0,13,26,65,0,0,0.03464610163821942,1,0.0,0.038461538461538464
front3,0,13,26,65,0,3,0.4733553759557506,1,1.0,0.038461538461538464
front3,0,14,26,65,0,1,0.3788417637772011,1,1.0,0.038461538461538464
front3,0,1,39,66,0,1,0.47911894554862355,23,0.6521739130434783,0.5897435897435898
front3,0,3,39,66,0,2,0.5366727877360502,1,0.0,0.02564102564102564
front3,0,5,39,66,0,1,0.45132534286301196,4,0.5,0.10256410256410256
front3,0,10,39,66,0,2,0.3996936364257273,8,0.625,0.20512820512820512
front3,0,10,39,66,0,3,0.37018630775028416,2,0.0,0.05128205128205128
front3,0,11,39,66,0,3,0.3682546910396523,1,0.0,0.02564102564102564
front3,0,1,35,67,0,1,0.6742360654366419,14,0.7857142857142857,0.4
front3,0,2,35,67,0,0,0.021447569240600567,1,0.0,0.02857142857142857
front3,0,2,35,67,0,1,0.6509549569578547,8,0.375,0.22857142857142856
front3,0,5,35,67,0,1,0.6494359718631464,1,0.0,0.02857142857142857
front3,0,6,35,67,0,3,0.6546052030696252,1,1.0,0.02857142857142857
front3,0,7,35,67,0,1,0.6206909680182277,3,0.6666666666666666,0.08571428571428572
front3,0,10,35,67,0,2,0.590203999633568,4,0.75,0.11428571428571428
front3,0,11,35,67,0,2,0.5903129538274828,3,0.6666666666666666,0.08571428571428572
front3,15,1,8,68,2,1,0.44539937791633416,4,0.0,0.5
front3,15,10,8,68,2,2,0.3736507845803502,2,0.0,0.25
front3,15,11,8,68,2,2,0.3738055718339968,1,1.0,0.125
front3,15,13,8,68,2,3,0.3110125093350329,1,1.0,0.125
front3,15,1,5,68,3,1,0.44789208963423094,5,0.0,1.0
front3,15,1,4,68,4,1,0.4568838874302865,1,1.0,0.25
front3,15,13,4,68,4,3,0.27550185569646046,3,0.3333333333333333,0.75
front3,15,1,7,68,5,1,0.4247423125498287,2,0.5,0.2857142857142857
front3,15,3,7,68,5,3,0.4909187837447412,1,1.0,0.14285714285714285
front3,15,10,7,68,5,2,0.38856062124812457,1,0.0,0.14285714285714285
front3,15,10,7,68,5,3,0.36893681568705583,1,1.0,0.14285714285714285
front3,15,13,7,68,5,3,0.29420598423691635,2,0.0,0.2857142857142857
front3,16,13,1,68,5,3,0.3039517339236717,1,0.0,1.0
front3,0,1,57,69,0,1,0.5720939453782178,15,0.4666666666666667,0.2631578947368421
front3,0,2,57,69,0,1,0.540062120070573,19,0.5263157894736842,0.3333333333333333
front3,0,5,57,69,0,1,0.5426157368761219,4,0.75,0.07017543859649122
front3,0,7,57,69,0,1,0.5130693480609916,4,0.75,0.07017543859649122
front3,0,10,57,69,0,2,0.47705924063111044,10,0.4,0.17543859649122806
front3,0,10,57,69,0,3,0.4447876886755467,2,0.5,0.03508771929824561
front3,0,13,57,69,0,3,0.34339362116499234,3,0.0,0.05263157894736842
front3,15,13,1,69,1,3,0.3720585540996343,1,0.0,1.0
front3,15,1,13,69,2,1,0.5595768853472793,5,0.2,0.38461538461538464
front3,15,10,13,69,2,2,0.47810128427550447,8,0.125,0.6153846153846154
front3,15,3,9,69,3,3,0.5998378974716891,1,0.0,0.1111111111111111
front3,15,5,9,69,3,1,0.5284709519141492,2,1.0,0.2222222222222222
front3,15,6,9,69,3,3,0.5445306335713106,2,0.5,0.2222222222222222
front3,15,13,9,69,3,3,0.3667523188994332,4,0.5,0.4444444444444444
front3,15,1,10,69,4,1,0.5620184665292047,2,0.5,0.2
front3,15,2,10,69,4,1,0.533613686360864,1,0.0,0.1
front3,15,5,10,69,4,1,0.5257433195856365,1,0.0,0.1
front3,15,6,10,69,4,3,0.5403748977077725,2,0.5,0.2
front3,15,13,10,69,4,3,0.3537874760669672,4,0.5,0.4
front3,15,1,47,69,5,1,0.5295081956628914,6,0.6666666666666666,0.1276595744680851
front3,15,2,47,69,5,1,0.5080482374760954,3,0.6666666666666666,0.06382978723404255
front3,15,4,47,69,5,1,0.5340526466853187,2,0.0,0.0425531914893617
front3,15,5,47,69,5,1,0.4973787487606937,13,0.23076923076923078,0.2765957446808511
front3,15,6,47,69,5,3,0.5207072695081408,3,0.6666666666666666,0.06382978723404255
front3,15,7,47,69,5,1,0.4725395815934924,1,1.0,0.02127659574468085
front3,15,10,47,69,5,2,0.4721295298679274,8,0.375,0.1702127659574468
front3,15,11,47,69,5,2,0.47489453593858827,6,0.6666666666666666,0.1276595744680851
front3,15,13,47,69,5,3,0.3700044907806454,5,0.4,0.10638297872340426
front3,16,1,1,69,2,1,0.5492761870833278,1,1.0,1.0
front3,16,1,5,69,4,1,0.5539040218462656,3,0.3333333333333333,0.6
front3,16,5,5,69,4,1,0.5178387454664506,1,0.0,0.2
front3,16,13,5,69,4,3,0.3445434482111314,1,0.0,0.2
front3,16,1,7,69,5,1,0.529203968170035,4,0.75,0.5714285714285714
front3,16,5,7,69,5,1,0.503234677339168,1,1.0,0.14285714285714285
front3,16,6,7,69,5,3,0.5249829109467413,2,1.0,0.2857142857142857
front3,17,1,4,69,3,1,0.5785076100038432,1,1.0,0.25
front3,17,5,4,69,3,1,0.5640972698095694,1,0.0,0.25
front3,17,6,4,69,3,3,0.5771347199288483,2,0.5,0.5
front3,17,6,3,69,4,3,0.5895587720381923,2,0.0,0.6666666666666666
front3,17,10,3,69,4,2,0.5124151041895978,1,1.0,0.3333333333333333
front3,17,6,6,69,5,3,0.5162641510383791,1,0.0,0.16666666666666666
front3,17,10,6,69,5,2,0.474667677410189,5,0.2,0.8333333333333334
front3,0,1,238,70,0,0,0.01422231567184428,5,0.0,0.02100840336134454
front3,0,1,238,70,0,1,0.6006591761909349,66,0.7121212121212122,0.2773109243697479
front3,0,2,238,70,0,0,0.014418663038134497,2,0.0,0.008403361344537815
front3,0,2,238,70,0,1,0.5709184542555024,23,0.6521739130434783,0.09663865546218488
front3,0,3,238,70,0,2,0.6521888719247747,1,1.0,0.004201680672268907
front3,0,4,238,70,0,0,0.015307414610519699,1,0.0,0.004201680672268907
front3,0,4,238,70,0,1,0.599032780613281,5,0.6,0.02100840336134454
front3,0,5,238,70,0,0,0.015480684147091044,1,0.0,0.004201680672268907
front3,0,5,238,70,0,1,0.5716649036405331,18,0.3333333333333333,0.07563025210084033
front3,0,6,238,70,0,0,0.015482599871147456,2,0.0,0.008403361344537815
front3,0,6,238,70,0,3,0.5757000978396448,34,0.5294117647058824,0.14285714285714285
front3,0,7,238,70,0,0,0.015312126093229022,3,0.0,0.012605042016806723
front3,0,7,238,70,0,1,0.5359518355189342,3,0.6666666666666666,0.012605042016806723
front3,0,10,238,70,0,0,0.01531189188686434,1,0.0,0.004201680672268907
front3,0,10,238,70,0,2,0.5023169744764341,18,0.2777777777777778,0.07563025210084033
front3,0,10,238,70,0,3,0.46897972002356486,4,0.5,0.01680672268907563
front3,0,11,238,70,0,0,0.01531189188686434,1,0.0,0.004201680672268907
front3,0,11,238,70,0,2,0.5022843335631697,26,0.46153846153846156,0.1092436974789916
front3,0,11,238,70,0,3,0.4689161274817581,6,0.5,0.025210084033613446
front3,0,11,238,70,0,5,0.6209338503505627,1,1.0,0.004201680672268907
front3,0,13,238,70,0,0,0.015323409842711697,2,0.0,0.008403361344537815
front3,0,13,238,70,0,3,0.35935685179550275,14,0.5,0.058823529411764705
front3,0,14,238,70,0,1,0.2625513638480656,1,0.0,0.004201680672268907
front3,15,5,3,70,1,1,0.5601932101509273,2,0.5,0.6666666666666666
front3,15,11,3,70,1,2,0.5058061653734925,1,0.0,0.3333333333333333
front3,15,1,48,70,2,1,0.5938159282945967,8,0.75,0.16666666666666666
front3,15,2,48,70,2,1,0.5655814337568222,3,0.3333333333333333,0.0625
front3,15,4,48,70,2,1,0.5918549080065095,4,0.25,0.08333333333333333
front3,15,5,48,70,2,1,0.5690456391501235,7,0.2857142857142857,0.14583333333333334
front3,15,6,48,70,2,3,0.5814877751051489,1,0.0,0.020833333333333332
front3,15,7,48,70,2,1,0.5395135874413833,1,1.0,0.020833333333333332
front3,15,10,48,70,2,2,0.5058773663488263,13,0.46153846153846156,0.2708333333333333
front3,15,11,48,70,2,2,0.5092014607796327,9,0.3333333333333333,0.1875
front3,15,13,48,70,2,3,0.40805878267787943,2,0.5,0.041666666666666664
front3,15,1,15,70,3,1,0.5917324017981683,6,0.5,0.4
front3,15,2,15,70,3,1,0.5605313525091609,2,0.5,0.13333333333333333
front3,15,4,15,70,3,1,0.588756724765901,1,0.0,0.06666666666666667
front3,15,5,15,70,3,1,0.5588105211394419,2,1.0,0.13333333333333333
front3,15,6,15,70,3,3,0.5683835841812683,1,1.0,0.06666666666666667
front3,15,7,15,70,3,1,0.5272804198282238,1,1.0,0.06666666666666667
front3,15,10,15,70,3,3,0.45290399996382724,1,1.0,0.06666666666666667
front3,15,13,15,70,3,3,0.36122990048179227,1,0.0,0.06666666666666667
front3,15,1,29,70,4,1,0.5837199973361848,8,0.5,0.27586206896551724
front3,15,2,29,70,4,1,0.5555377168035239,6,0.3333333333333333,0.20689655172413793
front3,15,4,29,70,4,4,0.6254775268508448,1,0.0,0.034482758620689655
front3,15,5,29,70,4,0,0.016261691556894994,1,0.0,0.034482758620689655
front3,15,5,29,70,4,1,0.5507625798887407,5,0.6,0.1724137931034483
front3,15,6,29,70,4,3,0.5622674265420748,4,0.5,0.13793103448275862
front3,15,13,29,70,4,3,0.364603138830061,4,0.75,0.13793103448275862
front3,15,1,50,70,5,0,0.01638561445249818,1,0.0,0.02
front3,15,1,50,70,5,1,0.5845407089159314,13,0.8461538461538461,0.26
front3,15,2,50,70,5,1,0.5648161094101743,4,0.5,0.08
front3,15,4,50,70,5,1,0.5911541852424886,1,1.0,0.02
front3,15,5,50,70,5,1,0.5570468445872551,5,0.6,0.1
front3,15,7,50,70,5,1,0.5267734881391322,3,0.6666666666666666,0.06
front3,15,9,50,70,5,2,0.5310456829409785,1,0.0,0.02
front3,15,10,50,70,5,0,0.016230496450282305,1,0.0,0.02
front3,15,10,50,70,5,2,0.5212772407783349,6,0.3333333333333333,0.12
front3,15,10,50,70,5,5,0.5646604291123208,1,1.0,0.02
front3,15,11,50,70,5,0,0.016230496450282305,1,0.0,0.02
front3,15,11,50,70,5,2,0.5229823359576461,4,0.5,0.08
front3,15,11,50,70,5,3,0.4955141990559745,2,0.5,0.04
front3,15,11,50,70,5,5,0.5663793044899325,3,0.3333333333333333,0.06
front3,15,13,50,70,5,3,0.4002507030065648,4,1.0,0.08
front3,16,1,1,70,3,1,0.5750315459835109,1,1.0,1.0
front3,16,3,1,70,4,2,0.7007848674681367,1,1.0,1.0
front3,16,13,1,70,5,3,0.41780877025876784,1,0.0,1.0
front3,17,1,3,70,4,1,0.622372587779442,2,1.0,0.6666666666666666
front3,17,13,3,70,4,3,0.3924467454012126,1,0.0,0.3333333333333333
front3,17,1,3,70,5,1,0.5813267859669217,1,1.0,0.3333333333333333
front3,17,2,3,70,5,1,0.5658983070146463,1,1.0,0.3333333333333333
front3,17,13,3,70,5,3,0.4633036552408929,1,0.0,0.3333333333333333
front3,15,1,1,71,3,1,0.5873971987015345,1,1.0,1.0
front3,15,1,10,71,4,1,0.5863708613890581,4,0.5,0.4
front3,15,2,10,71,4,1,0.5542582365343066,1,0.0,0.1
front3,15,6,10,71,4,3,0.5570938053676879,4,0.5,0.4
front3,15,13,10,71,4,3,0.34159359481492324,1,0.0,0.1
front3,15,1,20,71,5,1,0.5406148979774716,8,0.625,0.4
front3,15,2,20,71,5,1,0.5173100411322462,1,0.0,0.05
front3,15,6,20,71,5,3,0.535520259723525,5,0.4,0.25
front3,15,10,20,71,5,2,0.46423460471642686,1,0.0,0.05
front3,15,11,20,71,5,2,0.4698411111704181,4,0.75,0.2
front3,15,13,20,71,5,3,0.3559048120752864,1,0.0,0.05
front3,16,1,1,71,3,1,0.5671698459589795,1,1.0,1.0
front3,16,1,2,71,4,1,0.5654544827426926,1,0.0,0.5
front3,16,2,2,71,4,1,0.5329154773654343,1,1.0,0.5
front3,16,1,11,71,5,1,0.5169622693043462,6,0.5,0.5454545454545454
front3,16,2,11,71,5,0,0.016270849301519938,1,0.0,0.09090909090909091
front3,16,2,11,71,5,1,0.49493875928582953,1,1.0,0.09090909090909091
front3,16,6,11,71,5,3,0.5138078745063241,2,0.5,0.18181818181818182
front3,16,11,11,71,5,2,0.4497417655640836,1,0.0,0.09090909090909091
front3,0,1,164,72,0,1,0.580052964155398,35,0.6,0.21341463414634146
front3,0,2,164,72,0,1,0.5491390562623154,33,0.3939393939393939,0.20121951219512196
front3,0,3,164,72,0,2,0.6256487483390955,1,0.0,0.006097560975609756
front3,0,4,164,72,0,1,0.5776773470976588,8,0.75,0.04878048780487805
front3,0,5,164,72,0,1,0.5461791959994092,2,0.5,0.012195121951219513
front3,0,6,164,72,0,3,0.552822196955794,17,0.35294117647058826,0.10365853658536585
front3,0,7,164,72,0,1,0.5148122282691358,4,0.5,0.024390243902439025
front3,0,7,164,72,0,3,0.5001670944071217,2,1.0,0.012195121951219513
front3,0,10,164,72,0,0,0.014123569465763933,1,0.0,0.006097560975609756
front3,0,10,164,72,0,2,0.479173027648963,16,0.3125,0.0975609756097561
front3,0,10,164,72,0,3,0.4461793077435143,3,1.0,0.018292682926829267
front3,0,11,164,72,0,2,0.4770661184338978,11,0.45454545454545453,0.06707317073170732
front3,0,11,164,72,0,3,0.44404046308761086,7,0.2857142857142857,0.042682926829268296
front3,0,13,164,72,0,3,0.3305376137399762,24,0.041666666666666664,0.14634146341463414
front3,15,1,11,72,1,1,0.5689620634034519,6,0.6666666666666666,0.5454545454545454
front3,15,2,11,72,1,1,0.5453369172412572,3,0.3333333333333333,0.2727272727272727
front3,15,5,11,72,1,1,0.5503600439498789,1,1.0,0.09090909090909091
front3,15,6,11,72,1,3,0.5654731775080576,1,1.0,0.09090909090909091
front3,15,1,59,72,2,1,0.5596991302140589,23,0.6521739130434783,0.3898305084745763
front3,15,2,59,72,2,1,0.5275639484360558,2,0.0,0.03389830508474576
front3,15,4,59,72,2,1,0.5559629961456027,2,1.0,0.03389830508474576
front3,15,5,59,72,2,1,0.533661136013228,3,0.3333333333333333,0.05084745762711865
front3,15,6,59,72,2,3,0.5501122204411959,5,0.8,0.0847457627118644
front3,15,7,59,72,2,3,0.5038273522433397,1,1.0,0.01694915254237288
front3,15,10,59,72,2,2,0.4787527549314703,7,0.2857142857142857,0.11864406779661017
front3,15,11,59,72,2,2,0.4812108620369799,7,0.5714285714285714,0.11864406779661017
front3,15,11,59,72,2,3,0.44940975285438367,2,1.0,0.03389830508474576
front3,15,13,59,72,2,3,0.37616278627013056,7,0.2857142857142857,0.11864406779661017
front3,15,1,23,72,3,1,0.5762600362603364,11,0.6363636363636364,0.4782608695652174
front3,15,2,23,72,3,1,0.5425216138107768,1,0.0,0.043478260869565216
front3,15,4,23,72,3,1,0.5658433076319546,1,1.0,0.043478260869565216
front3,15,6,23,72,3,3,0.547073417966568,2,0.5,0.08695652173913043
front3,15,7,23,72,3,1,0.5007655004014883,4,0.75,0.17391304347826086
front3,15,11,23,72,3,2,0.4619110565523929,1,1.0,0.043478260869565216
front3,15,13,23,72,3,3,0.33967432266376635,3,0.6666666666666666,0.13043478260869565
front3,15,1,51,72,4,1,0.56890373188416,17,0.4117647058823529,0.3333333333333333
front3,15,2,51,72,4,1,0.5384041123770748,7,0.42857142857142855,0.13725490196078433
front3,15,5,51,72,4,1,0.5313558660506768,8,0.5,0.1568627450980392
front3,15,6,51,72,4,3,0.5426394858543973,13,0.5384615384615384,0.2549019607843137
front3,15,7,51,72,4,1,0.5026927866876724,2,0.5,0.0392156862745098
front3,15,11,51,72,4,2,0.46764789844154814,1,1.0,0.0196078431372549
front3,15,11,51,72,4,3,0.4356602836064398,1,0.0,0.0196078431372549
front3,15,13,51,72,4,3,0.3408358384126365,2,0.0,0.0392156862745098
front3,15,1,73,72,5,1,0.5233583235846473,26,0.6153846153846154,0.3561643835616438
front3,15,2,73,72,5,1,0.5014315546268013,4,0.0,0.0547945205479452
front3,15,4,73,72,5,1,0.5339752948427865,4,1.0,0.0547945205479452
front3,15,5,73,72,5,1,0.49826180267417597,4,0.5,0.0547945205479452
front3,15,6,73,72,5,3,0.5184416152728871,8,0.375,0.1095890410958904
front3,15,7,73,72,5,1,0.4656559904220242,2,0.5,0.0273972602739726
front3,15,10,73,72,5,2,0.4583278678730206,10,0.5,0.136986301369863
front3,15,10,73,72,5,3,0.4309396497126665,2,0.0,0.0273972602739726
front3,15,11,73,72,5,2,0.46142836065951226,7,0.42857142857142855,0.0958904109589041
front3,15,11,73,72,5,3,0.433940758186892,2,0.0,0.0273972602739726
front3,15,13,73,72,5,3,0.3384888420014088,4,0.25,0.0547945205479452
front3,16,1,7,72,4,1,0.5613170152723642,1,0.0,0.14285714285714285
front3,16,2,7,72,4,1,0.5331259493119317,1,1.0,0.14285714285714285
front3,16,4,7,72,4,1,0.5620167944890265,1,0.0,0.14285714285714285
front3,16,6,7,72,4,3,0.5402600330519916,1,0.0,0.14285714285714285
front3,16,11,7,72,4,2,0.46816042848374806,1,1.0,0.14285714285714285
front3,16,13,7,72,4,3,0.34381260853870055,2,0.5,0.2857142857142857
front3,16,1,8,72,5,1,0.5291449755285176,7,0.7142857142857143,0.875
front3,16,10,8,72,5,2,0.4675236704329556,1,1.0,0.125
front3,17,1,17,72,4,1,0.5966484417260144,1,1.0,0.058823529411764705
front3,17,2,17,72,4,1,0.5710168832737847,5,0.6,0.29411764705882354
front3,17,5,17,72,4,1,0.5863043965495376,7,0.2857142857142857,0.4117647058823529
front3,17,6,17,72,4,3,0.5978630619641554,4,0.5,0.23529411764705882
front3,17,1,10,72,5,1,0.49639400776647963,3,0.6666666666666666,0.3
front3,17,2,10,72,5,1,0.4770915821068683,1,0.0,0.1
front3,17,5,10,72,5,1,0.5054488621477231,2,0.5,0.2
front3,17,6,10,72,5,3,0.5268980766428337,1,0.0,0.1
front3,17,10,10,72,5,2,0.4720573115746093,1,1.0,0.1
front3,17,11,10,72,5,2,0.47822428519659577,1,1.0,0.1
front3,17,13,10,72,5,3,0.3907218764889257,1,1.0,0.1
front3,15,1,5,73,2,1,0.6034615474249643,2,0.5,0.4
front3,15,4,5,73,2,1,0.5964043415995864,1,1.0,0.2
front3,15,7,5,73,2,1,0.5541609753061401,2,0.5,0.4
front3,15,1,5,73,4,1,0.5890081849391955,2,1.0,0.4
front3,15,5,5,73,4,1,0.550108483824974,1,0.0,0.2
front3,15,13,5,73,4,3,0.39871276879054884,2,0.0,0.4
front3,15,1,32,73,5,1,0.5678192838019103,15,0.6,0.46875
front3,15,5,32,73,5,1,0.5370643498659202,8,0.375,0.25
front3,15,6,32,73,5,3,0.5612543151099886,2,1.0,0.0625
front3,15,7,32,73,5,1,0.5121891514870475,1,1.0,0.03125
front3,15,10,32,73,5,2,0.5141902078787935,3,0.3333333333333333,0.09375
front3,15,13,32,73,5,3,0.4079254179288886,3,0.3333333333333333,0.09375
front3,16,13,1,73,2,3,0.4387576759828176,1,0.0,1.0
front3,16,6,5,73,4,3,0.5591694240830076,2,0.0,0.4
front3,16,7,5,73,4,1,0.5248308375858362,1,1.0,0.2
front3,16,13,5,73,4,3,0.4014978696141965,2,0.5,0.4
front3,16,1,32,73,5,1,0.548316099958406,8,0.625,0.25
front3,16,5,32,73,5,1,0.5196740051401245,2,0.0,0.0625
front3,16,6,32,73,5,3,0.5435415161741878,2,0.5,0.0625
front3,16,7,32,73,5,1,0.493535799982212,10,0.2,0.3125
front3,16,10,32,73,5,2,0.49170112532017785,3,0.0,0.09375
front3,16,11,32,73,5,2,0.4970861357637223,2,1.0,0.0625
front3,16,13,32,73,5,3,0.39102578825280276,5,0.4,0.15625
front3,0,1,111,74,0,1,0.5446014437854039,25,0.64,0.22522522522522523
front3,0,2,111,74,0,1,0.5123973984109944,11,0.5454545454545454,0.0990990990990991
front3,0,3,111,74,0,2,0.58782318013005,3,1.0,0.02702702702702703
front3,0,4,111,74,0,1,0.5417700102908763,11,0.7272727272727273,0.0990990990990991
front3,0,6,111,74,0,3,0.5122599823234749,17,0.35294117647058826,0.15315315315315314
front3,0,7,111,74,0,1,0.47329612913259755,7,0.42857142857142855,0.06306306306306306
front3,0,7,111,74,0,3,0.45754813316907905,1,0.0,0.009009009009009009
front3,0,8,111,74,0,3,0.3781860868990838,1,1.0,0.009009009009009009
front3,0,10,111,74,0,2,0.4311967895030802,15,0.5333333333333333,0.13513513513513514
front3,0,11,111,74,0,2,0.43738113727048455,8,0.5,0.07207207207207207
front3,0,13,111,74,0,3,0.2889511961863239,10,0.3,0.09009009009009009
front3,0,14,111,74,0,0,0.01070675878093766,1,0.0,0.009009009009009009
front3,0,14,111,74,0,1,0.19947015546997532,1,0.0,0.009009009009009009
front3,15,6,3,75,2,3,0.6061123145372708,1,1.0,0.3333333333333333
front3,15,9,3,75,2,2,0.5458300796071467,1,0.0,0.3333333333333333
front3,15,10,3,75,2,2,0.5175618706402147,1,0.0,0.3333333333333333
front3,15,3,4,75,4,3,0.6443018439142152,3,0.6666666666666666,0.75
front3,15,10,4,75,4,2,0.5262398590459628,1,1.0,0.25
front3,15,10,5,75,5,2,0.5360630433247298,4,0.75,0.8
front3,15,12,5,75,5,2,0.5495650080941064,1,1.0,0.2
front3,18,10,1,75,5,5,0.5456333278014356,1,1.0,1.0
front3,15,1,18,76,2,1,0.5197003670155055,9,0.5555555555555556,0.5
front3,15,7,18,76,2,1,0.4644451941682205,2,1.0,0.1111111111111111
front3,15,10,18,76,2,2,0.42199989580362324,7,0.2857142857142857,0.3888888888888889
front3,15,1,3,76,3,1,0.5222549783553192,2,0.5,0.6666666666666666
front3,15,7,3,76,3,1,0.4628959913638075,1,1.0,0.3333333333333333
front3,15,1,9,76,4,1,0.507386035661168,6,0.8333333333333334,0.6666666666666666
front3,15,2,9,76,4,1,0.4779824501976661,1,1.0,0.1111111111111111
front3,15,5,9,76,4,1,0.46762932826962,2,0.5,0.2222222222222222
front3,15,1,37,76,5,1,0.4791672289790766,16,0.4375,0.43243243243243246
front3,15,2,37,76,5,1,0.45781781390424375,2,0.0,0.05405405405405406
front3,15,4,37,76,5,1,0.48352963650567954,1,0.0,0.02702702702702703
front3,15,5,37,76,5,1,0.44866858709185115,6,0.3333333333333333,0.16216216216216217
front3,15,6,37,76,5,3,0.46908886676774697,4,0.75,0.10810810810810811
front3,15,7,37,76,5,1,0.4220346455947674,2,0.0,0.05405405405405406
front3,15,10,37,76,5,2,0.42332378117702857,3,0.3333333333333333,0.08108108108108109
front3,15,11,37,76,5,2,0.42467116767832414,1,1.0,0.02702702702702703
front3,15,13,37,76,5,3,0.3247800937777967,2,0.5,0.05405405405405406
front3,16,1,2,76,2,1,0.503809308851677,2,0.0,1.0
front3,16,1,24,76,5,1,0.4614114581058495,10,0.4,0.4166666666666667
front3,16,4,24,76,5,1,0.46508140699206785,2,0.0,0.08333333333333333
front3,16,5,24,76,5,1,0.4304780655223821,1,0.0,0.041666666666666664
front3,16,6,24,76,5,3,0.45271898653255754,2,1.0,0.08333333333333333
front3,16,10,24,76,5,2,0.40866293537289006,9,0.3333333333333333,0.375
front3,15,1,14,77,2,1,0.49391697070224316,2,0.5,0.14285714285714285
front3,15,12,14,77,2,2,0.43700100463919994,11,0.45454545454545453,0.7857142857142857
front3,15,13,14,77,2,3,0.35462549593239673,1,0.0,0.07142857142857142
front3,15,1,1,77,4,1,0.49629700742852745,1,1.0,1.0
front3,15,12,3,77,5,2,0.44295768717415857,3,0.6666666666666666,1.0
front3,17,1,1,77,4,1,0.5262288150070802,1,0.0,1.0
front3,0,1,49,78,0,1,0.5861703702728627,23,0.7391304347826086,0.46938775510204084
front3,0,2,49,78,0,1,0.5574795625969812,1,0.0,0.02040816326530612
front3,0,3,49,78,0,3,0.6409809434065287,8,0.75,0.16326530612244897
front3,0,6,49,78,0,2,0.5639528714611078,1,1.0,0.02040816326530612
front3,0,7,49,78,0,1,0.5325117017791153,2,0.5,0.04081632653061224
front3,0,8,49,78,0,2,0.4666407385247868,1,0.0,0.02040816326530612
front3,0,10,49,78,0,2,0.5010622779739936,11,0.45454545454545453,0.22448979591836735
front3,0,11,49,78,0,2,0.4962637284767077,2,1.0,0.04081632653061224
front3,15,10,1,78,4,2,0.4589920514110085,1,0.0,1.0
front3,15,5,5,79,2,1,0.5908577095922757,1,1.0,0.2
front3,15,12,5,79,2,2,0.5500766308938011,3,1.0,0.6
front3,15,12,5,79,2,5,0.6087620535865647,1,1.0,0.2
front3,15,12,1,79,4,0,0.022339906441173847,1,0.0,1.0
front3,15,12,2,79,5,2,0.5672378858425844,2,1.0,1.0
front3,18,12,1,79,5,2,0.5489451882210126,1,1.0,1.0
front3,15,1,9,80,2,1,0.4892983988906342,7,0.2857142857142857,0.7777777777777778
front3,15,10,9,80,2,2,0.4031066391968805,1,0.0,0.1111111111111111
front3,15,11,9,80,2,2,0.4064587268795893,1,0.0,0.1111111111111111
front3,15,1,3,80,3,1,0.5081264306750803,2,1.0,0.6666666666666666
front3,15,6,3,80,3,3,0.4838368643939184,1,1.0,0.3333333333333333
front3,15,1,5,80,4,1,0.49566223389011127,4,1.0,0.8
front3,15,5,5,80,4,1,0.452395314382627,1,1.0,0.2
front3,15,1,10,80,5,1,0.46471866607772655,7,0.2857142857142857,0.7
front3,15,2,10,80,5,1,0.44416931573567897,1,1.0,0.1
front3,15,6,10,80,5,3,0.4504153538968814,1,1.0,0.1
front3,15,11,10,80,5,2,0.40644718040415817,1,0.0,0.1
front3,16,1,1,80,4,1,0.4793822463782534,1,0.0,1.0
front3,16,1,2,80,5,1,0.4366584521916619,1,0.0,0.5
front3,16,11,2,80,5,2,0.4034303371756256,1,0.0,0.5
front3,15,1,14,81,2,1,0.5432023289808833,6,0.3333333333333333,0.42857142857142855
front3,15,2,14,81,2,1,0.5108543010446082,3,0.6666666666666666,0.21428571428571427
front3,15,10,14,81,2,2,0.4613429759246471,4,0.5,0.2857142857142857
front3,15,11,14,81,2,2,0.4646638089039881,1,1.0,0.07142857142857142
front3,15,1,3,81,3,1,0.5535484087604275,1,1.0,0.3333333333333333
front3,15,7,3,81,3,1,0.4942448228706792,1,1.0,0.3333333333333333
front3,15,10,3,81,3,2,0.45283414697445173,1,0.0,0.3333333333333333
front3,15,1,5,81,4,1,0.5404322661072551,1,1.0,0.2
front3,15,2,5,81,4,1,0.5127191219116936,1,1.0,0.2
front3,15,3,5,81,4,2,0.5754729175137596,1,1.0,0.2
front3,15,4,5,81,4,1,0.5425639683902486,1,0.0,0.2
front3,15,10,5,81,4,2,0.46224481524732824,1,0.0,0.2
front3,15,1,31,81,5,1,0.5119242761955534,19,0.5789473684210527,0.6129032258064516
front3,15,2,31,81,5,1,0.4910432954688431,1,1.0,0.03225806451612903
front3,15,5,31,81,5,1,0.4826039051773626,1,0.0,0.03225806451612903
front3,15,7,31,81,5,1,0.4589565039516581,1,0.0,0.03225806451612903
front3,15,10,31,81,5,2,0.4646062315044126,5,0.6,0.16129032258064516
front3,15,13,31,81,5,3,0.36263408581242423,4,0.5,0.12903225806451613
front3,16,6,1,81,3,3,0.5249512957999851,1,1.0,1.0
front3,16,1,1,81,4,1,0.5404522426252129,1,1.0,1.0
front3,16,1,5,81,5,0,0.014215387567499401,1,0.0,0.2
front3,16,1,5,81,5,1,0.49223385851260826,3,0.0,0.6
front3,16,5,5,81,5,1,0.47973092206925666,1,0.0,0.2
front3,15,10,1,82,1,2,0.30207499763492246,1,1.0,1.0
front3,15,1,79,82,2,1,0.3705930685236014,21,0.2857142857142857,0.26582278481012656
front3,15,3,79,82,2,3,0.38933436132557697,5,0.2,0.06329113924050633
front3,15,4,79,82,2,1,0.3678986582273455,1,1.0,0.012658227848101266
front3,15,5,79,82,2,1,0.3482637167865496,4,0.75,0.05063291139240506
front3,15,10,79,82,2,2,0.2959984478477744,45,0.4,0.569620253164557
front3,15,11,79,82,2,2,0.2983877156960894,3,0.3333333333333333,0.0379746835443038
front3,15,1,38,82,3,1,0.37118907709435633,5,0.2,0.13157894736842105
front3,15,3,38,82,3,2,0.4011070876110293,1,1.0,0.02631578947368421
front3,15,3,38,82,3,3,0.4071077515934003,4,0.25,0.10526315789473684
front3,15,10,38,82,3,2,0.2932022128515258,24,0.3333333333333333,0.631578947368421
front3,15,11,38,82,3,2,0.2923561557549581,4,0.25,0.10526315789473684
front3,15,1,30,82,4,1,0.37369127792319173,4,0.25,0.13333333333333333
front3,15,3,30,82,4,2,0.41379115866035787,4,0.5,0.13333333333333333
front3,15,3,30,82,4,3,0.41936039381194984,3,0.0,0.1
front3,15,5,30,82,4,1,0.3506029816643042,1,0.0,0.03333333333333333
front3,15,6,30,82,4,2,0.36323641205375956,2,0.5,0.06666666666666667
front3,15,9,30,82,4,2,0.33213715585076126,1,1.0,0.03333333333333333
front3,15,10,30,82,4,2,0.3101232759189945,10,0.4,0.3333333333333333
front3,15,11,30,82,4,2,0.30210599194881393,1,0.0,0.03333333333333333
front3,15,12,30,82,4,2,0.3131679004959557,4,0.25,0.13333333333333333
front3,15,1,29,82,5,1,0.34038157618954024,3,0.3333333333333333,0.10344827586206896
front3,15,3,29,82,5,2,0.37211896246308507,2,0.0,0.06896551724137931
front3,15,3,29,82,5,3,0.3947107297600337,1,0.0,0.034482758620689655
front3,15,6,29,82,5,2,0.3330685454438632,2,0.0,0.06896551724137931
front3,15,10,29,82,5,2,0.30189885938895633,15,0.4,0.5172413793103449
front3,15,12,29,82,5,2,0.313672456951429,6,0.0,0.20689655172413793
front3,16,3,9,82,4,2,0.39849540814768064,1,1.0,0.1111111111111111
front3,16,10,9,82,4,2,0.2903306019604599,8,0.625,0.8888888888888888
front3,16,10,1,82,5,2,0.3012578561265832,1,1.0,1.0
front3,18,3,1,82,2,2,0.42831716924409813,1,1.0,1.0
front3,18,1,6,82,4,1,0.3668502468586921,1,0.0,0.16666666666666666
front3,18,3,6,82,4,2,0.40444377546513893,1,0.0,0.16666666666666666
front3,18,3,6,82,4,3,0.410547282962785,1,1.0,0.16666666666666666
front3,18,10,6,82,4,2,0.31101834912347354,3,0.0,0.5
front3,18,1,6,82,5,1,0.3217292222154671,1,0.0,0.16666666666666666
front3,18,10,6,82,5,2,0.3327971581181906,5,0.2,0.8333333333333334
front3,15,1,2,83,3,1,0.6343251909633948,1,0.0,0.5
front3,15,10,2,83,3,2,0.5053955761959709,1,1.0,0.5
front3,15,1,9,83,4,1,0.6242871780783105,3,0.6666666666666666,0.3333333333333333
front3,15,2,9,83,4,1,0.5981048771250398,1,0.0,0.1111111111111111
front3,15,5,9,83,4,1,0.5903456546377273,1,1.0,0.1111111111111111
front3,15,6,9,83,4,3,0.6050198498037584,2,0.0,0.2222222222222222
front3,15,8,9,83,4,3,0.4827874948363264,2,0.0,0.2222222222222222
front3,15,1,2,83,5,1,0.582902889935662,1,1.0,0.5
front3,15,10,2,83,5,2,0.5132307730156827,1,1.0,0.5
front3,16,10,1,83,2,2,0.5479298633688271,1,1.0,1.0
front3,16,1,1,83,5,0,0.022784501727772452,1,0.0,1.0
front3,15,1,3,84,2,1,0.4859827286451203,2,1.0,0.6666666666666666
front3,15,3,3,84,2,3,0.4679674839793064,1,0.0,0.3333333333333333
front3,15,1,1,84,3,1,0.4780501175844963,1,1.0,1.0
front3,15,1,7,84,4,1,0.4807472714239188,4,1.0,0.5714285714285714
front3,15,5,7,84,4,1,0.45629174698255187,1,1.0,0.14285714285714285
front3,15,6,7,84,4,3,0.4692963648676612,1,1.0,0.14285714285714285
front3,15,10,7,84,4,2,0.40268461645067427,1,0.0,0.14285714285714285
front3,15,1,12,84,5,1,0.4433323393266327,10,0.5,0.8333333333333334
front3,15,10,12,84,5,5,0.45423455081474756,1,0.0,0.08333333333333333
front3,15,11,12,84,5,2,0.40371073379089933,1,0.0,0.08333333333333333
front3,17,1,1,84,5,1,0.4419490321286211,1,0.0,1.0
front3,15,1,10,85,2,1,0.4677427645619803,3,0.0,0.3
front3,15,2,10,85,2,1,0.43477866297811946,1,0.0,0.1
front3,15,7,10,85,2,1,0.4231796812108818,2,0.0,0.2
front3,15,10,10,85,2,2,0.3844412359010883,3,0.6666666666666666,0.3
front3,15,13,10,85,2,3,0.3048985945344411,1,0.0,0.1
front3,15,5,1,85,4,1,0.43609511355623,1,1.0,1.0
front3,15,1,7,85,5,1,0.4326310161664271,1,1.0,0.14285714285714285
front3,15,2,7,85,5,1,0.41391406891682686,3,0.0,0.42857142857142855
front3,15,6,7,85,5,3,0.43059307051293055,1,1.0,0.14285714285714285
front3,15,10,7,85,5,2,0.3995033028545336,1,0.0,0.14285714285714285
front3,15,10,7,85,5,3,0.37940184103078345,1,0.0,0.14285714285714285
front3,16,1,9,85,2,1,0.45601431173910684,7,0.42857142857142855,0.7777777777777778
front3,16,2,9,85,2,1,0.42645033026791895,1,0.0,0.1111111111111111
front3,16,6,9,85,2,3,0.4522177898218044,1,0.0,0.1111111111111111
front3,16,1,5,85,5,1,0.41772811836688495,1,1.0,0.2
front3,16,2,5,85,5,1,0.3994348960666834,1,0.0,0.2
front3,16,4,5,85,5,1,0.4251916144766745,1,1.0,0.2
front3,16,6,5,85,5,3,0.4129179025451507,1,0.0,0.2
front3,16,10,5,85,5,3,0.35826548452305074,1,1.0,0.2
front3,17,6,1,85,4,3,0.47786333371587697,1,1.0,1.0
front3,17,1,2,85,5,1,0.41412176273579193,1,1.0,0.5
front3,17,2,2,85,5,1,0.3956809012120941,1,0.0,0.5
front3,15,1,24,86,2,1,0.5741812635780199,13,0.8461538461538461,0.5416666666666666
front3,15,2,24,86,2,1,0.5415993718829778,1,0.0,0.041666666666666664
front3,15,4,24,86,2,1,0.5695867929642873,2,0.5,0.08333333333333333
front3,15,7,24,86,2,1,0.5282082472712392,1,1.0,0.041666666666666664
front3,15,10,24,86,2,2,0.4862616093674743,3,0.3333333333333333,0.125
front3,15,11,24,86,2,2,0.4903530756271737,4,0.5,0.16666666666666666
front3,15,1,1,86,4,1,0.5652612685911805,1,0.0,1.0
front3,15,1,8,86,5,1,0.5451768828264093,5,0.2,0.625
front3,15,5,8,86,5,1,0.5183180690031208,2,0.5,0.25
front3,15,10,8,86,5,2,0.49313955634821205,1,0.0,0.125
front3,16,11,1,86,2,2,0.4987161415909376,1,1.0,1.0
front3,16,7,1,86,5,1,0.45458621737757066,1,1.0,1.0
front3,15,1,4,87,2,1,0.6054526787484099,2,0.5,0.5
front3,15,7,4,87,2,1,0.5526321270435544,1,0.0,0.25
front3,15,11,4,87,2,2,0.5181342354973961,1,0.0,0.25
front3,15,1,1,87,3,1,0.6126389131346154,1,1.0,1.0
front3,15,1,6,87,4,1,0.6087189398177582,3,0.3333333333333333,0.5
front3,15,6,6,87,4,3,0.573577725294584,3,0.6666666666666666,0.5
front3,15,1,8,87,5,1,0.5514492817770699,5,0.6,0.625
front3,15,10,8,87,5,2,0.45531745726798395,1,0.0,0.125
front3,15,11,8,87,5,2,0.46515640903018923,2,0.5,0.25
front3,0,1,43,88,0,1,0.5602921619282699,3,0.6666666666666666,0.06976744186046512
front3,0,2,43,88,0,0,0.013137486008253351,1,0.0,0.023255813953488372
front3,0,2,43,88,0,1,0.5283252319182584,12,0.5833333333333334,0.27906976744186046
front3,0,4,43,88,0,1,0.5576713359833195,1,0.0,0.023255813953488372
front3,0,6,43,88,0,3,0.5276456293177398,2,0.0,0.046511627906976744
front3,0,7,43,88,0,1,0.4919804217555261,4,0.75,0.09302325581395349
front3,0,10,43,88,0,2,0.4492157733739803,7,0.42857142857142855,0.16279069767441862
front3,0,11,43,88,0,2,0.4539883980227034,4,0.5,0.09302325581395349
front3,0,13,43,88,0,3,0.28439307188132334,8,0.5,0.18604651162790697
front3,0,14,43,88,0,3,0.22234768285665885,1,0.0,0.023255813953488372
front3,15,1,14,89,2,1,0.5992348868662948,6,0.8333333333333334,0.42857142857142855
front3,15,10,14,89,2,2,0.5040703813652625,3,0.6666666666666666,0.21428571428571427
front3,15,11,14,89,2,2,0.5131634998328617,4,0.25,0.2857142857142857
front3,15,11,14,89,2,3,0.4733874270976322,1,0.0,0.07142857142857142
front3,15,1,5,89,3,0,0.019993020275634224,1,0.0,0.2
front3,15,1,5,89,3,1,0.6083974615419822,4,0.75,0.8
front3,15,1,7,89,4,1,0.6019051060369546,5,0.6,0.7142857142857143
front3,15,2,7,89,4,1,0.5701271946462778,1,1.0,0.14285714285714285
front3,15,6,7,89,4,3,0.5697733366543908,1,1.0,0.14285714285714285
front3,15,1,8,89,5,1,0.5487810199219068,4,1.0,0.5
front3,15,6,8,89,5,3,0.5395680071793482,3,0.3333333333333333,0.375
front3,15,11,8,89,5,2,0.46685871656523137,1,0.0,0.125
front3,16,6,1,89,4,3,0.5615775048068251,1,0.0,1.0
front3,0,1,33,90,0,1,0.6513139138429793,10,0.7,0.30303030303030304
front3,0,2,33,90,0,1,0.6216616738547119,5,0.4,0.15151515151515152
front3,0,6,33,90,0,3,0.6277199371739333,1,0.0,0.030303030303030304
front3,0,7,33,90,0,1,0.5928623933145716,1,1.0,0.030303030303030304
front3,0,10,33,90,0,2,0.5582193050094705,10,0.8,0.30303030303030304
front3,0,11,33,90,0,3,0.5271686637075002,1,1.0,0.030303030303030304
front3,0,13,33,90,0,3,0.40467890141865553,5,0.2,0.15151515151515152
front3,15,1,8,90,2,1,0.6432105905395245,3,0.6666666666666666,0.375
front3,15,4,8,90,2,4,0.6539592822289767,1,0.0,0.125
front3,15,10,8,90,2,2,0.5467191512450585,1,1.0,0.125
front3,15,11,8,90,2,2,0.5544293145607757,2,1.0,0.25
front3,15,12,8,90,2,2,0.5530043373843477,1,1.0,0.125
front3,15,1,2,90,3,1,0.6580902984844279,2,1.0,1.0
front3,15,1,9,90,4,1,0.6468220047199271,4,0.25,0.4444444444444444
front3,15,2,9,90,4,1,0.6183893305553725,1,1.0,0.1111111111111111
front3,15,5,9,90,4,1,0.6137016180044319,1,1.0,0.1111111111111111
front3,15,6,9,90,4,3,0.6228240801662631,2,0.0,0.2222222222222222
front3,15,10,9,90,4,3,0.52049446520968,1,0.0,0.1111111111111111
front3,15,1,28,90,5,1,0.6017830397122967,7,0.42857142857142855,0.25
front3,15,5,28,90,5,1,0.5724777376037355,1,1.0,0.03571428571428571
front3,15,6,28,90,5,3,0.5885338564124767,3,0.6666666666666666,0.10714285714285714
front3,15,7,28,90,5,1,0.5385055207758507,1,1.0,0.03571428571428571
front3,15,10,28,90,5,2,0.5217464674166454,11,0.5454545454545454,0.39285714285714285
front3,15,11,28,90,5,2,0.5278067049575231,3,0.6666666666666666,0.10714285714285714
front3,15,13,28,90,5,3,0.39248656583520647,2,0.0,0.07142857142857142
front3,16,5,1,90,1,1,0.6225316147473269,1,0.0,1.0
front3,16,1,1,90,2,1,0.6246538746624591,1,0.0,1.0
front3,16,1,3,90,5,1,0.5714641472922175,1,0.0,0.3333333333333333
front3,16,6,3,90,5,3,0.5827344568032106,1,0.0,0.3333333333333333
front3,16,7,3,90,5,1,0.5281104669640341,1,1.0,0.3333333333333333
front3,15,1,1,91,2,1,0.56400153112196,1,0.0,1.0
front3,15,1,3,91,4,1,0.5508340529481784,3,0.6666666666666666,1.0
front3,15,1,12,91,5,1,0.5138407439988785,10,0.6,0.8333333333333334
front3,15,10,12,91,5,2,0.4739389983520901,2,0.5,0.16666666666666666
front3,16,1,1,91,5,1,0.5063872963668894,1,1.0,1.0
front3,15,1,47,92,2,1,0.6529082027312565,11,0.6363636363636364,0.23404255319148937
front3,15,2,47,92,2,1,0.6200177831447217,5,0.8,0.10638297872340426
front3,15,5,47,92,2,1,0.627189773723769,3,0.3333333333333333,0.06382978723404255
front3,15,6,47,92,2,3,0.6385158705542887,3,1.0,0.06382978723404255
front3,15,7,47,92,2,1,0.6006753059174016,4,0.75,0.0851063829787234
front3,15,10,47,92,2,2,0.5600182530080032,5,0.6,0.10638297872340426
front3,15,11,47,92,2,2,0.5684441380501233,5,0.6,0.10638297872340426
front3,15,11,47,92,2,3,0.5337614254563454,3,0.3333333333333333,0.06382978723404255
front3,15,13,47,92,2,3,0.4716404663773138,8,0.875,0.1702127659574468
front3,15,1,31,92,3,0,0.02714114867344709,1,0.0,0.03225806451612903
front3,15,1,31,92,3,1,0.6607573980948412,12,0.6666666666666666,0.3870967741935484
front3,15,2,31,92,3,1,0.6286935910172541,1,1.0,0.03225806451612903
front3,15,5,31,92,3,1,0.6242304503746907,2,0.0,0.06451612903225806
front3,15,6,31,92,3,3,0.6325540726784095,3,1.0,0.0967741935483871
front3,15,7,31,92,3,1,0.5867275777399936,3,0.6666666666666666,0.0967741935483871
front3,15,10,31,92,3,2,0.5416551420326243,1,0.0,0.03225806451612903
front3,15,11,31,92,3,2,0.5490898583405304,2,0.5,0.06451612903225806
front3,15,11,31,92,3,3,0.5138881878549435,1,0.0,0.03225806451612903
front3,15,13,31,92,3,3,0.41877332448978566,5,0.4,0.16129032258064516
front3,15,5,10,92,4,1,0.6184969940213052,2,0.5,0.2
front3,15,6,10,92,4,3,0.6288707831692634,5,0.4,0.5
front3,15,13,10,92,4,3,0.42837717662080177,3,0.3333333333333333,0.3
front3,15,1,27,92,5,1,0.6128975511652102,4,0.75,0.14814814814814814
front3,15,2,27,92,5,1,0.591142189970901,1,0.0,0.037037037037037035
front3,15,5,27,92,5,1,0.5872590548924118,7,0.5714285714285714,0.25925925925925924
front3,15,6,27,92,5,3,0.6053168814802532,8,0.875,0.2962962962962963
front3,15,10,27,92,5,2,0.5469113210953412,2,0.0,0.07407407407407407
front3,15,11,27,92,5,2,0.5512869982163365,2,1.0,0.07407407407407407
front3,15,13,27,92,5,3,0.4350008873954337,3,0.0,0.1111111111111111
front3,16,1,4,92,2,1,0.6391037560714584,1,1.0,0.25
front3,16,7,4,92,2,1,0.6082682001565309,1,1.0,0.25
front3,16,10,4,92,2,2,0.5767855125417362,1,0.0,0.25
front3,16,13,4,92,2,3,0.4874071966739264,1,0.0,0.25
front3,15,1,2,93,2,1,0.5490739862725986,1,1.0,0.5
front3,15,6,2,93,2,3,0.5467499818483669,1,0.0,0.5
front3,15,1,2,93,4,1,0.560152768225664,2,1.0,1.0
front3,15,1,2,93,5,1,0.5289374353363782,1,1.0,0.5
front3,15,10,2,93,5,2,0.4568467493809799,1,0.0,0.5
front3,16,13,1,93,2,3,0.4002232116082509,1,1.0,1.0
front3,16,13,1,93,3,3,0.3313611666960772,1,0.0,1.0
front3,16,2,2,93,4,1,0.5277822039913745,1,1.0,0.5
front3,16,6,2,93,4,3,0.5297200955511377,1,1.0,0.5
front3,16,1,6,93,5,1,0.5066762483996214,4,0.5,0.6666666666666666
front3,16,10,6,93,5,2,0.4785524086556176,2,1.0,0.3333333333333333
front3,18,1,3,93,5,1,0.5110513695928913,2,0.5,0.6666666666666666
front3,18,10,3,93,5,2,0.5780461808936389,1,1.0,0.3333333333333333
front3,0,10,29,94,0,2,0.5383162736268384,10,0.6,0.3448275862068966
front3,0,10,29,94,0,3,0.5134621254154251,3,0.3333333333333333,0.10344827586206896
front3,0,10,29,94,0,5,0.6704217188671633,4,1.0,0.13793103448275862
front3,0,12,29,94,0,2,0.5476338580305419,10,0.5,0.3448275862068966
front3,0,12,29,94,0,3,0.5472138313194703,1,1.0,0.034482758620689655
front3,0,12,29,94,0,5,0.6843653967294142,1,0.0,0.034482758620689655
front3,15,1,3,95,2,1,0.5730831902700507,1,1.0,0.3333333333333333
front3,15,9,3,95,2,2,0.5163549070468738,1,0.0,0.3333333333333333
front3,15,10,3,95,2,2,0.49144284832078694,1,0.0,0.3333333333333333
front3,15,9,4,95,4,2,0.5057722622773296,3,0.6666666666666666,0.75
front3,15,12,4,95,4,2,0.49272119129357794,1,0.0,0.25
front3,15,8,5,95,5,3,0.43261037749194065,1,0.0,0.2
front3,15,9,5,95,5,2,0.4968797771051854,1,0.0,0.2
front3,15,9,5,95,5,3,0.4857529629616478,1,0.0,0.2
front3,15,13,5,95,5,3,0.38194872462526386,2,0.5,0.4
front3,16,9,1,95,3,2,0.5159009008664314,1,1.0,1.0
front3,16,1,3,95,4,1,0.5685293441918637,1,1.0,0.3333333333333333
front3,16,9,3,95,4,2,0.5127536488864245,1,1.0,0.3333333333333333
front3,16,13,3,95,4,3,0.3737716661264407,1,0.0,0.3333333333333333
front3,16,6,2,95,5,2,0.527238455677566,1,1.0,0.5
front3,16,8,2,95,5,3,0.416726166879822,1,1.0,0.5
front3,18,1,3,95,4,1,0.5844550278733678,1,0.0,0.3333333333333333
front3,18,6,3,95,4,2,0.5940496751578291,1,0.0,0.3333333333333333
front3,18,9,3,95,4,2,0.5820021038627685,1,1.0,0.3333333333333333
front3,18,1,3,95,5,1,0.5216023248228393,1,1.0,0.3333333333333333
front3,18,6,3,95,5,2,0.5359982245431771,1,1.0,0.3333333333333333
front3,18,8,3,95,5,3,0.4585366472029178,1,0.0,0.3333333333333333
front3,0,1,325,96,0,0,0.012886588875101405,1,0.0,0.003076923076923077
front3,0,1,325,96,0,1,0.5751182974748137,63,0.6349206349206349,0.19384615384615383
front3,0,2,325,96,0,1,0.5450732071888088,58,0.46551724137931033,0.17846153846153845
front3,0,3,325,96,0,0,0.01360753555246141,1,0.0,0.003076923076923077
front3,0,3,325,96,0,3,0.6247320864592414,1,1.0,0.003076923076923077
front3,0,4,325,96,0,1,0.5755780738664686,5,0.6,0.015384615384615385
front3,0,5,325,96,0,1,0.5387460712165613,14,0.5714285714285714,0.043076923076923075
front3,0,6,325,96,0,0,0.01410134766930357,1,0.0,0.003076923076923077
front3,0,6,325,96,0,3,0.5494938835673242,50,0.44,0.15384615384615385
front3,0,7,325,96,0,0,0.014012039032039906,1,0.0,0.003076923076923077
front3,0,7,325,96,0,1,0.5179981133950767,6,0.6666666666666666,0.018461538461538463
front3,0,7,325,96,0,3,0.5042293854389359,1,0.0,0.003076923076923077
front3,0,10,325,96,0,2,0.48269547893559933,32,0.5625,0.09846153846153846
front3,0,10,325,96,0,3,0.4511444827289539,3,0.0,0.009230769230769232
front3,0,11,325,96,0,0,0.014009252125975457,1,0.0,0.003076923076923077
front3,0,11,325,96,0,2,0.4815047639554604,13,0.6923076923076923,0.04
front3,0,11,325,96,0,3,0.44993315144462426,5,0.4,0.015384615384615385
front3,0,13,325,96,0,0,0.013877827864993123,6,0.0,0.018461538461538463
front3,0,13,325,96,0,3,0.3313792507924888,63,0.30158730158730157,0.19384615384615383
front3,15,1,10,96,1,1,0.5570389145688045,1,0.0,0.1
front3,15,2,10,96,1,1,0.5300116882245418,2,0.5,0.2
front3,15,5,10,96,1,1,0.5342056221629212,2,0.0,0.2
front3,15,13,10,96,1,3,0.40096126608850324,5,0.4,0.5
front3,15,1,199,96,2,1,0.5630847757580338,28,0.7142857142857143,0.1407035175879397
front3,15,2,199,96,2,1,0.5301507050738284,26,0.5,0.1306532663316583
front3,15,4,199,96,2,1,0.5545545028024494,6,0.5,0.03015075376884422
front3,15,5,199,96,2,1,0.5403993104813872,11,0.18181818181818182,0.05527638190954774
front3,15,6,199,96,2,0,0.01518793750506667,2,0.0,0.010050251256281407
front3,15,6,199,96,2,3,0.5529602828640445,20,0.5,0.10050251256281408
front3,15,7,199,96,2,1,0.5125894269520449,2,0.5,0.010050251256281407
front3,15,8,199,96,2,3,0.4174877862282894,6,0.3333333333333333,0.03015075376884422
front3,15,10,199,96,2,2,0.46949777176998,31,0.5161290322580645,0.15577889447236182
front3,15,10,199,96,2,3,0.43751153938025944,4,0.75,0.020100502512562814
front3,15,10,199,96,2,5,0.5308475428305637,1,0.0,0.005025125628140704
front3,15,11,199,96,2,2,0.4750018047486457,19,0.631578947368421,0.09547738693467336
front3,15,12,199,96,2,2,0.48334455142020005,7,0.5714285714285714,0.035175879396984924
front3,15,12,199,96,2,3,0.47861977081784646,8,0.375,0.04020100502512563
front3,15,13,199,96,2,3,0.3686297107778552,27,0.37037037037037035,0.135678391959799
front3,15,14,199,96,2,1,0.23976282375578176,1,1.0,0.005025125628140704
front3,15,1,100,96,3,1,0.5754496598726415,9,0.7777777777777778,0.09
front3,15,2,100,96,3,1,0.5418394986704719,18,0.6111111111111112,0.18
front3,15,4,100,96,3,4,0.6004525952474159,1,1.0,0.01
front3,15,5,100,96,3,1,0.5437701331978763,4,0.5,0.04
front3,15,6,100,96,3,0,0.015293090926696819,2,0.0,0.02
front3,15,6,100,96,3,3,0.5486672567108875,24,0.625,0.24
front3,15,10,100,96,3,2,0.4553836590620308,6,0.5,0.06
front3,15,10,100,96,3,3,0.42143286453545836,2,0.5,0.02
front3,15,11,100,96,3,2,0.4641052069935306,4,1.0,0.04
front3,15,11,100,96,3,3,0.43004331476780094,3,0.6666666666666666,0.03
front3,15,12,100,96,3,3,0.4702174499181537,1,0.0,0.01
front3,15,13,100,96,3,0,0.014872197800840264,2,0.0,0.02
front3,15,13,100,96,3,3,0.33002830711660036,24,0.4583333333333333,0.24
front3,15,1,65,96,4,1,0.5634513005057904,11,0.7272727272727273,0.16923076923076924
front3,15,2,65,96,4,1,0.534986874293449,13,0.23076923076923078,0.2
front3,15,3,65,96,4,3,0.5933930470750169,2,0.5,0.03076923076923077
front3,15,5,65,96,4,0,0.014508528399532183,1,0.0,0.015384615384615385
front3,15,5,65,96,4,1,0.5322124537170733,3,0.0,0.046153846153846156
front3,15,6,65,96,4,3,0.5436814871153243,18,0.6111111111111112,0.27692307692307694
front3,15,10,65,96,4,2,0.4717718766076744,1,1.0,0.015384615384615385
front3,15,10,65,96,4,3,0.4431701895582825,1,0.0,0.015384615384615385
front3,15,12,65,96,4,2,0.48286065139283596,6,0.16666666666666666,0.09230769230769231
front3,15,13,65,96,4,0,0.015080454142117956,1,0.0,0.015384615384615385
front3,15,13,65,96,4,3,0.34002823728380155,8,0.25,0.12307692307692308
front3,15,1,262,96,5,1,0.5295232016294104,48,0.6041666666666666,0.183206106870229
front3,15,2,262,96,5,0,0.014605267309489888,1,0.0,0.003816793893129771
front3,15,2,262,96,5,1,0.509104519145125,41,0.43902439024390244,0.15648854961832062
front3,15,4,262,96,5,1,0.5351952296969628,2,1.0,0.007633587786259542
front3,15,5,262,96,5,1,0.5070123234787084,15,0.4666666666666667,0.05725190839694656
front3,15,6,262,96,5,0,0.014590518887213228,1,0.0,0.003816793893129771
front3,15,6,262,96,5,3,0.5272583480095571,38,0.34210526315789475,0.1450381679389313
front3,15,7,262,96,5,1,0.4745392069531798,1,0.0,0.003816793893129771
front3,15,7,262,96,5,3,0.48504038510349917,1,0.0,0.003816793893129771
front3,15,8,262,96,5,3,0.42069503019741594,5,0.8,0.019083969465648856
front3,15,10,262,96,5,2,0.46809588000230495,21,0.5238095238095238,0.08015267175572519
front3,15,10,262,96,5,3,0.44456016261427356,4,0.75,0.015267175572519083
front3,15,10,262,96,5,5,0.5191821612532606,1,1.0,0.003816793893129771
front3,15,11,262,96,5,2,0.4708339879716436,5,0.6,0.019083969465648856
front3,15,12,262,96,5,2,0.482415333330111,30,0.5,0.11450381679389313
front3,15,12,262,96,5,3,0.48483862071455636,4,0.5,0.015267175572519083
front3,15,12,262,96,5,5,0.5432403083466927,1,1.0,0.003816793893129771
front3,15,13,262,96,5,3,0.3548671907154284,43,0.3488372093023256,0.16412213740458015
front3,16,1,2,96,3,1,0.5547750562856031,1,1.0,0.5
front3,16,5,2,96,3,0,0.015405843412527091,1,0.0,0.5
front3,16,2,1,96,4,1,0.5244648338282447,1,0.0,1.0
front3,16,1,6,96,5,1,0.5098649630395508,4,0.5,0.6666666666666666
front3,16,2,6,96,5,1,0.4874484872831569,1,1.0,0.16666666666666666
front3,16,10,6,96,5,2,0.43844098449716146,1,1.0,0.16666666666666666
front3,17,6,1,96,5,3,0.5053001964323967,1,0.0,1.0
front3,18,1,1,96,3,1,0.6150676765347924,1,1.0,1.0
front3,18,1,5,96,4,1,0.5771944081119993,2,0.5,0.4
front3,18,2,5,96,4,1,0.547610938624173,2,0.0,0.4
front3,18,6,5,96,4,3,0.5669898273534957,1,1.0,0.2
front3,18,1,30,96,5,1,0.4929938102038423,4,0.75,0.13333333333333333
front3,18,2,30,96,5,0,0.014809243472208224,1,0.0,0.03333333333333333
front3,18,2,30,96,5,1,0.47400460717322296,9,0.5555555555555556,0.3
front3,18,5,30,96,5,1,0.49201314626909215,2,0.0,0.06666666666666667
front3,18,6,30,96,5,3,0.5176518775395387,7,0.7142857142857143,0.23333333333333334
front3,18,10,30,96,5,2,0.4972072796094269,4,0.25,0.13333333333333333
front3,18,13,30,96,5,0,0.015264331270113545,1,0.0,0.03333333333333333
front3,18,13,30,96,5,3,0.406468403891688,2,0.0,0.06666666666666667
front3,0,1,65,97,0,1,0.5499897200138799,18,0.6111111111111112,0.27692307692307694
front3,0,2,65,97,0,0,0.011515204878967044,1,0.0,0.015384615384615385
front3,0,2,65,97,0,1,0.5178054310571479,22,0.2727272727272727,0.3384615384615385
front3,0,4,65,97,0,1,0.5476330729347746,3,0.6666666666666666,0.046153846153846156
front3,0,7,65,97,0,1,0.48275182103428055,4,0.5,0.06153846153846154
front3,0,10,65,97,0,3,0.4087465684002283,1,0.0,0.015384615384615385
front3,0,11,65,97,0,2,0.4474868127050464,6,0.5,0.09230769230769231
front3,0,11,65,97,0,3,0.41368717460302123,2,0.5,0.03076923076923077
front3,0,13,65,97,0,3,0.2946665903651679,8,0.25,0.12307692307692308
front3,15,11,1,98,2,2,0.48868386491297744,1,1.0,1.0
front3,15,1,1,98,3,1,0.5644038522646481,1,0.0,1.0
front3,15,1,12,98,4,1,0.5613808535539222,3,0.3333333333333333,0.25
front3,15,2,12,98,4,1,0.5337015849268664,2,0.5,0.16666666666666666
front3,15,5,12,98,4,1,0.5266958017647775,3,0.0,0.25
front3,15,6,12,98,4,3,0.54163825066063,1,1.0,0.08333333333333333
front3,15,11,12,98,4,5,0.5357408570258126,1,0.0,0.08333333333333333
front3,15,13,12,98,4,3,0.3514378885317466,2,0.0,0.16666666666666666
front3,15,1,11,98,5,1,0.5278984757516646,5,0.8,0.45454545454545453
front3,15,6,11,98,5,3,0.5267750679624876,1,0.0,0.09090909090909091
front3,15,10,11,98,5,2,0.4910630582914297,1,1.0,0.09090909090909091
front3,15,11,11,98,5,2,0.4892367970526541,3,0.6666666666666666,0.2727272727272727
front3,15,13,11,98,5,3,0.39105984948891864,1,0.0,0.09090909090909091
front3,17,1,3,98,4,1,0.5604123857606845,2,0.0,0.6666666666666666
front3,17,5,3,98,4,1,0.5505766524574319,1,1.0,0.3333333333333333
front3,17,13,1,98,5,3,0.5199274044031786,1,0.0,1.0
front3,15,1,2,99,2,1,0.6025802075554978,1,0.0,0.5
front3,15,10,2,99,2,2,0.49150331634499617,1,0.0,0.5
front3,15,1,1,99,3,1,0.5766081450153369,1,1.0,1.0
front3,15,1,8,99,4,1,0.5838478490872591,3,0.6666666666666666,0.375
front3,15,3,8,99,4,3,0.6002020080062606,2,1.0,0.25
front3,15,5,8,99,4,1,0.558293261445806,2,0.5,0.25
front3,15,8,8,99,4,3,0.4557531323356263,1,0.0,0.125
front3,15,1,15,99,5,1,0.5511054006795213,3,1.0,0.2
front3,15,3,15,99,5,3,0.590915848025864,2,1.0,0.13333333333333333
front3,15,8,15,99,5,3,0.45090569060944136,5,0.4,0.3333333333333333
front3,15,10,15,99,5,2,0.4806933117301341,2,0.5,0.13333333333333333
front3,15,11,15,99,5,2,0.4860687210703752,1,0.0,0.06666666666666667
front3,15,12,15,99,5,2,0.4903774485201798,1,0.0,0.06666666666666667
front3,15,12,15,99,5,5,0.5500601540071762,1,0.0,0.06666666666666667
front3,15,1,12,100,1,1,0.5274787130425401,8,0.5,0.6666666666666666
front3,15,6,12,100,1,3,0.523800745673574,2,0.5,0.16666666666666666
front3,15,10,12,100,1,2,0.4722934338719484,2,0.0,0.16666666666666666
front3,15,1,4,100,2,1,0.5317649772342932,4,0.75,1.0
front3,15,1,1,100,3,1,0.5283478364407763,1,1.0,1.0
front3,15,1,9,100,4,1,0.5427947869134934,5,0.4,0.5555555555555556
front3,15,5,9,100,4,1,0.5173990325806895,1,1.0,0.1111111111111111
front3,15,10,9,100,4,2,0.47768815070913284,2,0.0,0.2222222222222222
front3,15,13,9,100,4,3,0.3537943647170101,1,1.0,0.1111111111111111
front3,15,1,8,100,5,1,0.4992896448752734,6,0.16666666666666666,0.75
front3,15,10,8,100,5,2,0.4510529950057666,1,1.0,0.125
front3,15,13,8,100,5,3,0.34647493421429865,1,0.0,0.125
front3,16,1,2,100,1,1,0.5129153582380559,1,0.0,0.5
front3,16,10,2,100,1,2,0.4527622216732386,1,0.0,0.5
front3,16,1,4,100,3,1,0.5298941670628861,3,1.0,0.75
front3,16,10,4,100,3,2,0.44890020897562855,1,1.0,0.25
front3,16,1,3,100,4,1,0.5230974545244165,2,0.5,0.6666666666666666
front3,16,10,3,100,4,2,0.43557482275451237,1,1.0,0.3333333333333333
front3,16,1,4,100,5,1,0.4849282158608034,1,1.0,0.25
front3,16,5,4,100,5,1,0.4542427814720074,1,1.0,0.25
front3,16,6,4,100,5,3,0.482190403896417,1,0.0,0.25
front3,16,10,4,100,5,2,0.45176834065046584,1,1.0,0.25
front3,18,1,1,100,4,1,0.5480531935480565,1,1.0,1.0
front3,18,1,9,100,5,1,0.4766865909524162,8,0.375,0.8888888888888888
front3,18,2,9,100,5,1,0.46022421609552083,1,1.0,0.1111111111111111
front3,15,1,49,101,2,1,0.4732779138934009,14,0.2857142857142857,0.2857142857142857
front3,15,2,49,101,2,1,0.4402706116429517,5,0.6,0.10204081632653061
front3,15,4,49,101,2,1,0.4670386799628058,4,1.0,0.08163265306122448
front3,15,5,49,101,2,1,0.44788611864796973,1,1.0,0.02040816326530612
front3,15,6,49,101,2,3,0.45934783587186584,5,0.8,0.10204081632653061
front3,15,7,49,101,2,1,0.4231699242090605,4,0.5,0.08163265306122448
front3,15,10,49,101,2,2,0.38082042458391924,5,0.0,0.10204081632653061
front3,15,11,49,101,2,2,0.3868075648580205,9,0.6666666666666666,0.1836734693877551
front3,15,13,49,101,2,3,0.2796403231147825,2,0.5,0.04081632653061224
front3,15,1,17,101,3,1,0.48973682382741224,8,0.5,0.47058823529411764
front3,15,4,17,101,3,1,0.4827731424160935,2,1.0,0.11764705882352941
front3,15,4,17,101,3,4,0.5161680923932143,2,1.0,0.11764705882352941
front3,15,7,17,101,3,1,0.41806444912027046,1,1.0,0.058823529411764705
front3,15,11,17,101,3,2,0.3819469446805492,2,1.0,0.11764705882352941
front3,15,11,17,101,3,3,0.34791903021961074,2,0.0,0.11764705882352941
front3,15,1,52,101,4,1,0.4787025014749022,18,0.3888888888888889,0.34615384615384615
front3,15,2,52,101,4,1,0.44963083826643424,8,0.375,0.15384615384615385
front3,15,4,52,101,4,1,0.4766197458197523,3,0.6666666666666666,0.057692307692307696
front3,15,4,52,101,4,4,0.5193697068260847,1,1.0,0.019230769230769232
front3,15,5,52,101,4,1,0.44289082220619025,5,0.4,0.09615384615384616
front3,15,6,52,101,4,3,0.4542183591798606,11,0.18181818181818182,0.21153846153846154
front3,15,7,52,101,4,1,0.41627891652361726,1,0.0,0.019230769230769232
front3,15,10,52,101,4,3,0.35607616984869817,1,0.0,0.019230769230769232
front3,15,13,52,101,4,3,0.2647995050907363,4,0.5,0.07692307692307693
front3,15,1,134,101,5,1,0.4393927436322449,54,0.37037037037037035,0.40298507462686567
front3,15,2,134,101,5,1,0.41763816791393993,13,0.23076923076923078,0.09701492537313433
front3,15,4,134,101,5,1,0.44471318864652787,6,0.6666666666666666,0.04477611940298507
front3,15,5,134,101,5,1,0.41139464788741603,4,0.75,0.029850746268656716
front3,15,6,134,101,5,3,0.4281775198514574,23,0.34782608695652173,0.17164179104477612
front3,15,7,134,101,5,1,0.3811809338555787,2,0.0,0.014925373134328358
front3,15,10,134,101,5,0,0.008129351427651425,1,0.0,0.007462686567164179
front3,15,10,134,101,5,2,0.3710366279560379,11,0.18181818181818182,0.08208955223880597
front3,15,10,134,101,5,5,0.41546336883907414,1,0.0,0.007462686567164179
front3,15,11,134,101,5,2,0.3738935232446408,14,0.5,0.1044776119402985
front3,15,13,134,101,5,3,0.26497659140995095,5,0.2,0.03731343283582089
front3,16,10,1,101,2,2,0.3784355164945401,1,0.0,1.0
front3,16,1,1,101,3,1,0.4673623220425054,1,1.0,1.0
front3,16,11,1,101,5,2,0.3900649894195192,1,0.0,1.0
front3,17,1,14,101,4,1,0.501685634617007,13,0.5384615384615384,0.9285714285714286
front3,17,10,14,101,4,2,0.43155827931229,1,1.0,0.07142857142857142
front3,17,1,31,101,5,1,0.4146532333779031,16,0.3125,0.5161290322580645
front3,17,2,31,101,5,1,0.3973341094082078,1,0.0,0.03225806451612903
front3,17,5,31,101,5,1,0.4233338234195556,2,0.5,0.06451612903225806
front3,17,6,31,101,5,3,0.44544796135734105,2,0.0,0.06451612903225806
front3,17,10,31,101,5,2,0.39658997798506973,4,0.5,0.12903225806451613
front3,17,10,31,101,5,5,0.44662144557961614,3,0.3333333333333333,0.0967741935483871
front3,17,11,31,101,5,2,0.39919960635827667,1,1.0,0.03225806451612903
front3,17,13,31,101,5,3,0.31695296663134903,2,0.0,0.06451612903225806
front3,18,1,9,101,4,1,0.47599152037640624,2,0.5,0.2222222222222222
front3,18,5,9,101,4,1,0.46323577320408543,4,0.5,0.4444444444444444
front3,18,10,9,101,4,2,0.4214038629969241,2,1.0,0.2222222222222222
front3,18,13,9,101,4,3,0.29022183932503803,1,0.0,0.1111111111111111
front3,18,5,8,101,5,1,0.4338867355780079,1,1.0,0.125
front3,18,6,8,101,5,3,0.4542983837525847,5,0.2,0.625
front3,18,10,8,101,5,2,0.39924840498122705,2,0.5,0.25
front3,15,1,2,102,2,1,0.5821843161370739,1,1.0,0.5
front3,15,10,2,102,2,2,0.483549386077074,1,1.0,0.5
front3,16,1,4,102,2,1,0.5637779647696978,2,0.5,0.5
front3,16,10,4,102,2,2,0.4902456801337961,1,1.0,0.25
front3,16,14,4,102,2,3,0.27870451020182485,1,0.0,0.25
front3,16,3,1,102,3,3,0.5945742888853911,1,0.0,1.0
front3,17,1,4,102,2,1,0.618785149426089,3,1.0,0.75
front3,17,3,4,102,2,3,0.6421547928228262,1,1.0,0.25
front3,17,1,6,102,3,1,0.6139083402745538,5,0.6,0.8333333333333334
front3,17,10,6,102,3,2,0.5398451908464404,1,1.0,0.16666666666666666
front3,17,1,6,102,4,1,0.5955590315545517,6,0.5,1.0
front3,17,1,6,102,5,1,0.5605286243387236,5,0.4,0.8333333333333334
front3,17,10,6,102,5,2,0.533404428968394,1,0.0,0.16666666666666666
front3,15,1,5,103,2,1,0.6302556570345514,3,0.6666666666666666,0.6
front3,15,2,5,103,2,1,0.5996610581086879,1,1.0,0.2
front3,15,10,5,103,2,2,0.5486799473878762,1,1.0,0.2
front3,15,1,5,103,3,1,0.6395884538171266,4,0.75,0.8
front3,15,4,5,103,3,1,0.6338446680054692,1,0.0,0.2
front3,15,1,4,103,4,1,0.6325846173026323,2,1.0,0.5
front3,15,10,4,103,4,3,0.503094323844788,1,1.0,0.25
front3,15,13,4,103,4,3,0.41263679925724966,1,1.0,0.25
front3,16,5,1,103,4,1,0.5898641388676727,1,1.0,1.0
front3,16,5,2,103,5,1,0.555439100221431,1,1.0,0.5
front3,16,10,2,103,5,2,0.5563912161180645,1,1.0,0.5
front3,15,1,1,104,3,1,0.5801347919565804,1,0.0,1.0
front3,15,1,14,104,4,1,0.5771144757807943,11,0.6363636363636364,0.7857142857142857
front3,15,5,14,104,4,1,0.5418250576902448,1,0.0,0.07142857142857142
front3,15,8,14,104,4,3,0.4348769440365981,2,0.5,0.14285714285714285
front3,15,1,8,104,5,1,0.5396068155683146,7,0.42857142857142855,0.875
front3,15,11,8,104,5,2,0.500259308566814,1,0.0,0.125
front3,15,3,9,105,2,3,0.560925507056541,1,0.0,0.1111111111111111
front3,15,5,9,105,2,1,0.5352965342065071,2,1.0,0.2222222222222222
front3,15,6,9,105,2,2,0.5515058573070496,1,0.0,0.1111111111111111
front3,15,8,9,105,2,3,0.43632036708118505,2,0.5,0.2222222222222222
front3,15,9,9,105,2,2,0.50655653091515,1,1.0,0.1111111111111111
front3,15,10,9,105,2,3,0.4537640573423373,1,0.0,0.1111111111111111
front3,15,12,9,105,2,2,0.48870910096901,1,0.0,0.1111111111111111
front3,15,6,3,105,3,2,0.5379935139505435,1,1.0,0.3333333333333333
front3,15,9,3,105,3,2,0.497505827014487,1,1.0,0.3333333333333333
front3,15,14,3,105,3,3,0.3071715341957661,1,0.0,0.3333333333333333
front3,15,3,5,105,4,3,0.6129772695782546,1,0.0,0.2
front3,15,12,5,105,4,2,0.496842474503318,2,0.5,0.4
front3,15,13,5,105,4,3,0.37429112460506425,2,0.0,0.4
front3,15,1,13,105,5,1,0.5194031629875675,2,1.0,0.15384615384615385
front3,15,8,13,105,5,2,0.4356157355215212,1,0.0,0.07692307692307693
front3,15,8,13,105,5,3,0.4267228100990119,1,0.0,0.07692307692307693
front3,15,9,13,105,5,2,0.4858377254998882,1,0.0,0.07692307692307693
front3,15,10,13,105,5,2,0.483755037882761,6,0.6666666666666666,0.46153846153846156
front3,15,10,13,105,5,3,0.4641925129464558,1,1.0,0.07692307692307693
front3,15,12,13,105,5,0,0.015260002543963532,1,0.0,0.07692307692307693
front3,16,9,1,105,2,2,0.5141045592604979,1,0.0,1.0
front3,16,6,1,105,3,2,0.5321445860776323,1,1.0,1.0
front3,18,10,1,105,2,2,0.5292233225041774,1,1.0,1.0
front3,18,9,1,105,4,2,0.5757491060725456,1,1.0,1.0
front3,18,1,8,105,5,1,0.5004004436850135,2,0.5,0.25
front3,18,8,8,105,5,2,0.45615092156725606,1,1.0,0.125
front3,18,8,8,105,5,3,0.4298874217503036,1,0.0,0.125
front3,18,9,8,105,5,2,0.52109356873998,1,0.0,0.125
front3,18,10,8,105,5,2,0.525450083540586,3,1.0,0.375
front3,0,1,2,106,0,1,0.5516687223377043,1,1.0,0.5
front3,0,2,2,106,0,1,0.5197575233868912,1,1.0,0.5
front3,15,1,13,106,2,1,0.5467434883830152,5,0.6,0.38461538461538464
front3,15,2,13,106,2,1,0.512905120034639,3,0.3333333333333333,0.23076923076923078
front3,15,4,13,106,2,1,0.5370400958692172,1,1.0,0.07692307692307693
front3,15,4,13,106,2,4,0.562803687132125,2,1.0,0.15384615384615385
front3,15,10,13,106,2,2,0.4470627550780574,2,1.0,0.15384615384615385
front3,15,1,13,106,3,1,0.5646921054645995,6,0.6666666666666666,0.46153846153846156
front3,15,4,13,106,3,4,0.5859481116755872,1,0.0,0.07692307692307693
front3,15,6,13,106,3,3,0.5325020589717446,3,0.0,0.23076923076923078
front3,15,7,13,106,3,1,0.48421704338849725,2,0.0,0.15384615384615385
front3,15,11,13,106,3,2,0.4457067255518395,1,1.0,0.07692307692307693
front3,15,1,40,106,4,1,0.5568845024082476,10,0.9,0.25
front3,15,2,40,106,4,1,0.5257055107092593,12,0.6666666666666666,0.3
front3,15,4,40,106,4,1,0.5520626610647412,2,0.5,0.05
front3,15,4,40,106,4,4,0.5912656303312885,1,0.0,0.025
front3,15,5,40,106,4,1,0.518405918745237,3,0.6666666666666666,0.075
front3,15,6,40,106,4,3,0.5288458190591664,7,0.5714285714285714,0.175
front3,15,7,40,106,4,1,0.486909089862801,5,0.2,0.125
front3,15,1,91,106,5,1,0.5253846380944492,33,0.36363636363636365,0.3626373626373626
front3,15,2,91,106,5,0,0.013697105235702306,1,0.0,0.01098901098901099
front3,15,2,91,106,5,1,0.504166712631164,19,0.5263157894736842,0.2087912087912088
front3,15,4,91,106,5,1,0.5310628787279275,7,0.7142857142857143,0.07692307692307693
front3,15,4,91,106,5,4,0.5775563005224044,6,0.6666666666666666,0.06593406593406594
front3,15,5,91,106,5,1,0.4979342996146311,3,0.3333333333333333,0.03296703296703297
front3,15,6,91,106,5,3,0.514495927634139,7,0.2857142857142857,0.07692307692307693
front3,15,10,91,106,5,2,0.464069045527262,6,0.6666666666666666,0.06593406593406594
front3,15,11,91,106,5,2,0.463405957624497,5,0.2,0.054945054945054944
front3,15,13,91,106,5,3,0.35076730144662993,3,0.6666666666666666,0.03296703296703297
front3,15,14,91,106,5,1,0.23146822945391837,1,0.0,0.01098901098901099
front3,16,1,17,106,4,1,0.5408515388328061,4,0.75,0.23529411764705882
front3,16,2,17,106,4,1,0.5121840961182684,2,0.5,0.11764705882352941
front3,16,3,17,106,4,3,0.5727815612648396,2,1.0,0.11764705882352941
front3,16,4,17,106,4,1,0.5433435680658516,1,1.0,0.058823529411764705
front3,16,5,17,106,4,1,0.5056555729950984,3,0.6666666666666666,0.17647058823529413
front3,16,6,17,106,4,3,0.518679142795047,3,0.3333333333333333,0.17647058823529413
front3,16,8,17,106,4,3,0.39132522689523913,1,1.0,0.058823529411764705
front3,16,10,17,106,4,2,0.44408002073882213,1,0.0,0.058823529411764705
front3,16,1,6,106,5,1,0.4865912850943168,1,0.0,0.16666666666666666
front3,16,2,6,106,5,1,0.464967162962729,2,0.5,0.3333333333333333
front3,16,6,6,106,5,3,0.4966103317339488,1,1.0,0.16666666666666666
front3,16,10,6,106,5,2,0.4176511820210848,2,0.5,0.3333333333333333
front3,0,1,37,107,0,1,0.6175011333647825,13,0.46153846153846156,0.35135135135135137
front3,0,2,37,107,0,1,0.5860221054486605,10,0.7,0.2702702702702703
front3,0,5,37,107,0,1,0.5896778314856274,1,1.0,0.02702702702702703
front3,0,6,37,107,0,3,0.5933898173360574,7,0.8571428571428571,0.1891891891891892
front3,0,7,37,107,0,3,0.5414799738293881,2,0.0,0.05405405405405406
front3,0,10,37,107,0,2,0.5198224923854744,1,0.0,0.02702702702702703
front3,0,13,37,107,0,3,0.38251000976823496,3,0.3333333333333333,0.08108108108108109
front3,15,1,41,107,2,1,0.5990461011406187,26,0.46153846153846156,0.6341463414634146
front3,15,10,41,107,2,2,0.5079285098368908,3,1.0,0.07317073170731707
front3,15,11,41,107,2,2,0.5151025116407663,9,0.6666666666666666,0.21951219512195122
front3,15,11,41,107,2,3,0.47718049717935734,1,1.0,0.024390243902439025
front3,15,13,41,107,2,3,0.38385653886897847,2,1.0,0.04878048780487805
front3,15,1,7,107,3,1,0.6065302984757134,6,0.6666666666666666,0.8571428571428571
front3,15,10,7,107,3,3,0.4589274483389918,1,1.0,0.14285714285714285
front3,15,1,5,107,4,1,0.6081237098183755,5,0.6,1.0
front3,15,1,6,107,5,1,0.5481277645901087,4,0.5,0.6666666666666666
front3,15,6,6,107,5,3,0.5243551820947546,1,0.0,0.16666666666666666
front3,15,10,6,107,5,2,0.4629751431051709,1,1.0,0.16666666666666666
front3,16,1,3,107,3,1,0.5896659408293474,1,0.0,0.3333333333333333
front3,16,11,3,107,3,3,0.47715291992298275,1,1.0,0.3333333333333333
front3,16,13,3,107,3,3,0.35530914573610445,1,1.0,0.3333333333333333
front3,16,1,2,107,4,1,0.587987228598408,2,0.5,1.0
front3,16,1,4,107,5,1,0.5265643471464829,4,0.25,1.0
front3,15,1,2,108,1,1,0.6874552160586846,2,1.0,1.0
front3,15,1,5,108,2,1,0.6727809952290522,2,1.0,0.4
front3,15,2,5,108,2,1,0.6456701285756062,1,1.0,0.2
front3,15,10,5,108,2,2,0.608677999066515,1,1.0,0.2
front3,15,13,5,108,2,3,0.5245791536326498,1,0.0,0.2
front3,15,1,1,108,4,1,0.661875643331029,1,0.0,1.0
front3,15,1,7,108,5,1,0.6551542518790551,6,0.8333333333333334,0.8571428571428571
front3,15,10,7,108,5,2,0.6143799652431072,1,1.0,0.14285714285714285
front3,15,10,1,109,2,2,0.43306552306644613,1,0.0,1.0
front3,15,1,7,109,4,1,0.5410105119436397,2,1.0,0.2857142857142857
front3,15,5,7,109,4,1,0.5072474708524678,2,0.5,0.2857142857142857
front3,15,6,7,109,4,3,0.5157489773931361,1,1.0,0.14285714285714285
front3,15,13,7,109,4,3,0.3231967250040936,2,0.0,0.2857142857142857
front3,15,1,26,109,5,1,0.5045912759226261,7,0.42857142857142855,0.2692307692307692
front3,15,2,26,109,5,1,0.4828541454677004,1,0.0,0.038461538461538464
front3,15,5,26,109,5,1,0.48206737849590325,4,0.25,0.15384615384615385
front3,15,6,26,109,5,3,0.5005373538063395,6,0.16666666666666666,0.23076923076923078
front3,15,10,26,109,5,2,0.43904882245701793,3,0.3333333333333333,0.11538461538461539
front3,15,11,26,109,5,2,0.4405595134983891,2,0.5,0.07692307692307693
front3,15,13,26,109,5,3,0.3354486510995062,3,0.3333333333333333,0.11538461538461539
front3,16,2,3,109,5,1,0.46176538918518023,1,0.0,0.3333333333333333
front3,16,5,3,109,5,1,0.45571809484417153,1,0.0,0.3333333333333333
front3,16,6,3,109,5,3,0.4767655190196069,1,0.0,0.3333333333333333
front3,15,1,7,110,2,1,0.5636894935595419,2,0.5,0.2857142857142857
front3,15,7,7,110,2,1,0.4967447945750351,1,0.0,0.14285714285714285
front3,15,11,7,110,2,2,0.451564342661037,4,0.75,0.5714285714285714
front3,15,1,2,110,3,1,0.5734879903895915,2,0.0,1.0
front3,15,1,6,110,4,1,0.573914957676868,1,1.0,0.16666666666666666
front3,15,2,6,110,4,1,0.5412060919386942,1,0.0,0.16666666666666666
front3,15,6,6,110,4,3,0.5412435749720869,3,0.0,0.5
front3,15,13,6,110,4,3,0.3402496043637549,1,0.0,0.16666666666666666
front3,15,6,12,110,5,3,0.5199334489854208,6,0.5,0.5
front3,15,10,12,110,5,2,0.4608093799211392,2,0.0,0.16666666666666666
front3,15,11,12,110,5,2,0.4632835351727842,2,0.5,0.16666666666666666
front3,15,13,12,110,5,3,0.3460605323806685,2,0.5,0.16666666666666666
front3,16,5,3,110,1,1,0.5335216844556835,2,0.5,0.6666666666666666
front3,16,6,3,110,1,3,0.5487865963328974,1,0.0,0.3333333333333333
front3,16,6,11,110,2,3,0.5437310292469738,3,0.6666666666666666,0.2727272727272727
front3,16,7,11,110,2,3,0.5014456310532386,1,0.0,0.09090909090909091
front3,16,10,11,110,2,2,0.4625147170388065,2,0.5,0.18181818181818182
front3,16,11,11,110,2,2,0.4664623068690455,5,0.6,0.45454545454545453
front3,16,6,3,110,3,3,0.539629058821993,2,0.5,0.6666666666666666
front3,16,12,3,110,3,5,0.5483009097872036,1,1.0,0.3333333333333333
front3,16,2,9,110,4,1,0.5234535829787054,1,0.0,0.1111111111111111
front3,16,5,9,110,4,1,0.5177004043431623,1,1.0,0.1111111111111111
front3,16,6,9,110,4,3,0.531492202718633,6,0.3333333333333333,0.6666666666666666
front3,16,13,9,110,4,3,0.3198912695492785,1,0.0,0.1111111111111111
front3,16,5,8,110,5,1,0.4766782417822154,1,0.0,0.125
front3,16,6,8,110,5,3,0.4985151191818497,2,0.5,0.25
front3,16,9,8,110,5,3,0.44409524954639973,3,0.6666666666666666,0.375
front3,16,11,8,110,5,2,0.44256684084188613,1,1.0,0.125
front3,16,14,8,110,5,1,0.19869285917378224,1,0.0,0.125
front3,0,1,40,111,0,1,0.49470905020532185,5,0.4,0.125
front3,0,2,40,111,0,1,0.46007875256963204,2,0.5,0.05
front3,0,4,40,111,0,1,0.4822490088126539,1,0.0,0.025
front3,0,6,40,111,0,3,0.4640317952553937,1,0.0,0.025
front3,0,7,40,111,0,3,0.41967865323088427,1,0.0,0.025
front3,0,10,40,111,0,2,0.3922584878336277,19,0.6842105263157895,0.475
front3,0,10,40,111,0,5,0.5255859454184874,1,1.0,0.025
front3,0,11,40,111,0,2,0.39474754031363696,1,0.0,0.025
front3,0,12,40,111,0,2,0.4027410567900615,8,0.625,0.2
front3,0,13,40,111,0,3,0.2573578009423661,1,0.0,0.025
front3,15,1,7,111,1,1,0.469589558767029,3,0.6666666666666666,0.42857142857142855
front3,15,5,7,111,1,1,0.4480122941509831,3,0.3333333333333333,0.42857142857142855
front3,15,7,7,111,1,1,0.43095689010982613,1,1.0,0.14285714285714285
front3,15,1,15,111,2,1,0.46342788127021506,7,0.14285714285714285,0.4666666666666667
front3,15,4,15,111,2,1,0.4579702866624293,2,0.0,0.13333333333333333
front3,15,10,15,111,2,2,0.3737654953952203,2,1.0,0.13333333333333333
front3,15,11,15,111,2,2,0.3756835729227854,3,0.0,0.2
front3,15,13,15,111,2,3,0.27430083522210386,1,0.0,0.06666666666666667
front3,15,1,1,111,3,1,0.46859790287268377,1,0.0,1.0
front3,15,1,13,111,4,1,0.47819619369025745,4,0.5,0.3076923076923077
front3,15,2,13,111,4,1,0.4483149806814678,1,1.0,0.07692307692307693
front3,15,5,13,111,4,1,0.4377615018351041,7,0.2857142857142857,0.5384615384615384
front3,15,6,13,111,4,3,0.44946116562362715,1,0.0,0.07692307692307693
front3,15,1,64,111,5,1,0.4378230308523202,23,0.4782608695652174,0.359375
front3,15,2,64,111,5,1,0.41767313254939603,2,1.0,0.03125
front3,15,4,64,111,5,1,0.4442823500121278,3,0.0,0.046875
front3,15,5,64,111,5,1,0.4089421542878725,7,0.0,0.109375
front3,15,6,64,111,5,3,0.4295680742478082,2,0.0,0.03125
front3,15,7,64,111,5,1,0.382965230706568,4,0.5,0.0625
front3,15,10,64,111,5,2,0.37791112488299394,5,0.0,0.078125
front3,15,10,64,111,5,5,0.4262357096157681,1,1.0,0.015625
front3,15,11,64,111,5,2,0.378602797493754,13,0.5384615384615384,0.203125
front3,15,13,64,111,5,3,0.2605364466188493,3,0.3333333333333333,0.046875
front3,15,14,64,111,5,1,0.15701558305062202,1,0.0,0.015625
front3,16,1,1,111,1,1,0.45753141559891075,1,1.0,1.0
front3,16,1,10,111,2,1,0.44869978387014164,1,0.0,0.1
front3,16,2,10,111,2,1,0.4213426769165761,1,1.0,0.1
front3,16,5,10,111,2,1,0.427977581278469,1,0.0,0.1
front3,16,7,10,111,2,1,0.42474753130617743,1,1.0,0.1
front3,16,10,10,111,2,2,0.38654861590858064,1,0.0,0.1
front3,16,11,10,111,2,2,0.38629797183304204,4,0.75,0.4
front3,16,13,10,111,2,3,0.28654704888156307,1,0.0,0.1
front3,16,1,3,111,3,1,0.4550288596607474,1,0.0,0.3333333333333333
front3,16,2,3,111,3,1,0.42996261201550595,1,0.0,0.3333333333333333
front3,16,4,3,111,3,1,0.4584298595030318,1,1.0,0.3333333333333333
front3,17,13,1,111,1,3,0.33481699215984045,1,0.0,1.0
front3,17,1,29,111,2,1,0.5118754159672324,11,0.5454545454545454,0.3793103448275862
front3,17,2,29,111,2,1,0.4841105388149967,1,1.0,0.034482758620689655
front3,17,4,29,111,2,1,0.5132113284221598,1,1.0,0.034482758620689655
front3,17,5,29,111,2,1,0.5111683608276507,5,0.6,0.1724137931034483
front3,17,7,29,111,2,1,0.5055743004977867,3,1.0,0.10344827586206896
front3,17,10,29,111,2,2,0.45326070591509093,5,0.2,0.1724137931034483
front3,17,10,29,111,2,5,0.502326129113922,2,0.5,0.06896551724137931
front3,17,13,29,111,2,3,0.34725109425247835,1,0.0,0.034482758620689655
front3,17,13,1,111,5,3,0.3293144490493337,1,1.0,1.0
front3,15,1,35,112,2,1,0.4622986297934065,19,0.21052631578947367,0.5428571428571428
front3,15,2,35,112,2,1,0.4280112378634907,1,0.0,0.02857142857142857
front3,15,6,35,112,2,3,0.44829049555531686,3,0.3333333333333333,0.08571428571428572
front3,15,7,35,112,2,1,0.4114498576526374,1,1.0,0.02857142857142857
front3,15,10,35,112,2,2,0.3701683122408971,5,0.4,0.14285714285714285
front3,15,11,35,112,2,2,0.3776476737827519,4,0.25,0.11428571428571428
front3,15,11,35,112,2,3,0.34572301450215326,1,0.0,0.02857142857142857
front3,15,13,35,112,2,3,0.29149552904265347,1,0.0,0.02857142857142857
front3,15,1,7,112,3,1,0.46332624046745263,3,0.3333333333333333,0.42857142857142855
front3,15,6,7,112,3,3,0.4413362889827889,2,0.0,0.2857142857142857
front3,15,10,7,112,3,2,0.3645609845868983,1,0.0,0.14285714285714285
front3,15,11,7,112,3,2,0.36795779862900463,1,1.0,0.14285714285714285
front3,15,1,10,112,4,1,0.4567046677613826,1,0.0,0.1
front3,15,2,10,112,4,1,0.4268409713212479,2,0.5,0.2
front3,15,5,10,112,4,1,0.4178807111197435,7,0.42857142857142855,0.7
front3,15,1,23,112,5,1,0.42555845443749407,9,0.5555555555555556,0.391304347826087
front3,15,2,23,112,5,1,0.4029461241888844,4,0.5,0.17391304347826086
front3,15,6,23,112,5,3,0.41619227718060375,2,1.0,0.08695652173913043
front3,15,10,23,112,5,2,0.3508416041366385,3,0.0,0.13043478260869565
front3,15,11,23,112,5,2,0.35578683862017596,4,0.5,0.17391304347826086
front3,15,13,23,112,5,3,0.25353627898059183,1,1.0,0.043478260869565216
front3,16,6,4,112,1,3,0.4317887262394548,4,0.0,1.0
front3,16,1,6,112,2,1,0.4418490579703727,3,0.3333333333333333,0.5
front3,16,2,6,112,2,1,0.40983284729613995,1,0.0,0.16666666666666666
front3,16,7,6,112,2,1,0.40907056840278305,2,1.0,0.3333333333333333
front3,16,1,6,112,3,1,0.449676346397004,1,0.0,0.16666666666666666
front3,16,5,6,112,3,1,0.4198183451161593,2,0.0,0.3333333333333333
front3,16,6,6,112,3,3,0.43348861149664986,1,0.0,0.16666666666666666
front3,16,10,6,112,3,2,0.3644125803050205,1,1.0,0.16666666666666666
front3,16,13,6,112,3,3,0.2481024557641152,1,1.0,0.16666666666666666
front3,16,3,3,112,4,2,0.47372116230973743,1,1.0,0.3333333333333333
front3,16,5,3,112,4,1,0.4068100739418545,1,1.0,0.3333333333333333
front3,16,6,3,112,4,3,0.4203648025732985,1,1.0,0.3333333333333333
front3,16,1,8,112,5,1,0.4056582113732288,3,0.0,0.375
front3,16,2,8,112,5,1,0.3888537571790518,1,0.0,0.125
front3,16,6,8,112,5,3,0.4055978220377958,2,0.5,0.25
front3,16,10,8,112,5,2,0.37586093215517896,2,0.5,0.25
front3,18,13,1,112,1,3,0.30509235023906833,1,0.0,1.0
front3,18,1,8,112,2,1,0.4981707807525697,6,0.5,0.75
front3,18,10,8,112,2,2,0.46892752509640634,1,0.0,0.125
front3,18,10,8,112,2,3,0.4263627213512403,1,0.0,0.125
front3,18,10,1,112,3,2,0.44151093797049146,1,1.0,1.0
front3,18,6,2,112,4,3,0.4474262193967067,2,0.5,1.0
front3,18,1,5,112,5,1,0.38486716668118104,2,0.0,0.4
front3,18,3,5,112,5,2,0.4287221809830445,1,1.0,0.2
front3,18,5,5,112,5,1,0.4066406024134369,1,0.0,0.2
front3,18,6,5,112,5,3,0.4306341723808297,1,0.0,0.2
front3,15,1,23,113,2,1,0.48164120574578445,4,0.25,0.17391304347826086
front3,15,2,23,113,2,1,0.45083422626609704,2,0.5,0.08695652173913043
front3,15,4,23,113,2,1,0.48080375388903146,1,0.0,0.043478260869565216
front3,15,6,23,113,2,3,0.47572660563677893,4,0.25,0.17391304347826086
front3,15,10,23,113,2,2,0.41106623917519536,2,0.0,0.08695652173913043
front3,15,11,23,113,2,2,0.41137414757324503,2,1.0,0.08695652173913043
front3,15,13,23,113,2,3,0.3254808167271094,8,0.25,0.34782608695652173
front3,15,6,2,113,4,3,0.4651520174719239,2,0.0,1.0
front3,15,1,1,113,5,1,0.4614631155248991,1,0.0,1.0
front3,16,3,10,113,4,2,0.5191801368505813,5,1.0,0.5
front3,16,6,10,113,4,3,0.4691085122460249,4,0.75,0.4
front3,16,13,10,113,4,3,0.2868397371409118,1,0.0,0.1
front3,16,1,6,113,5,1,0.4313540571099024,2,1.0,0.3333333333333333
front3,16,6,6,113,5,3,0.43578289868040015,1,1.0,0.16666666666666666
front3,16,10,6,113,5,2,0.363585232500073,2,0.0,0.3333333333333333
front3,16,13,6,113,5,3,0.2666595237134466,1,0.0,0.16666666666666666
front3,17,3,3,113,4,2,0.536040098862137,1,0.0,0.3333333333333333
front3,17,6,3,113,4,3,0.4922236157310597,2,1.0,0.6666666666666666
front3,18,1,5,113,5,1,0.4272399938106156,2,0.0,0.4
front3,18,3,5,113,5,2,0.46686832957522933,1,0.0,0.2
front3,18,13,5,113,5,3,0.3220867593354089,2,0.5,0.4
front3,15,10,5,114,2,2,0.540862288507831,3,1.0,0.6
front3,15,12,5,114,2,2,0.5504322680633412,2,1.0,0.4
front3,15,8,6,114,4,2,0.5316121467505225,1,1.0,0.16666666666666666
front3,15,9,6,114,4,2,0.593103924039495,1,1.0,0.16666666666666666
front3,15,10,6,114,4,2,0.5755738973126757,2,0.5,0.3333333333333333
front3,15,12,6,114,4,2,0.5688973043971192,2,0.5,0.3333333333333333
front3,15,10,3,114,5,2,0.588499335799518,3,0.6666666666666666,1.0
front3,0,1,64,115,0,1,0.6344625018004586,8,0.625,0.125
front3,0,2,64,115,0,1,0.6024408105707157,7,0.42857142857142855,0.109375
front3,0,5,64,115,0,1,0.6008348093830395,1,1.0,0.015625
front3,0,6,64,115,0,3,0.6102189344302043,2,1.0,0.03125
front3,0,7,64,115,0,1,0.5752270856496419,3,0.6666666666666666,0.046875
front3,0,10,64,115,0,2,0.5386027826548955,20,0.7,0.3125
front3,0,10,64,115,0,3,0.508841074875901,2,0.5,0.03125
front3,0,10,64,115,0,5,0.6662936718121797,3,0.6666666666666666,0.046875
front3,0,12,64,115,0,2,0.556383237489933,13,0.46153846153846156,0.203125
front3,0,13,64,115,0,3,0.40045909306376687,5,0.4,0.078125
front3,15,5,1,115,1,1,0.5920246382086114,1,1.0,1.0
front3,15,1,8,115,2,1,0.6130075228885702,4,1.0,0.5
front3,15,7,8,115,2,1,0.5623645703792389,1,1.0,0.125
front3,15,7,8,115,2,3,0.5438822635325908,1,0.0,0.125
front3,15,10,8,115,2,2,0.5187577453193488,1,1.0,0.125
front3,15,11,8,115,2,2,0.5272690542044421,1,0.0,0.125
front3,15,1,1,115,3,1,0.6218506063632414,1,0.0,1.0
front3,15,1,43,115,4,1,0.6236679959531953,17,0.7058823529411765,0.3953488372093023
front3,15,2,43,115,4,1,0.592271540468638,1,1.0,0.023255813953488372
front3,15,5,43,115,4,1,0.5844634250660655,9,0.6666666666666666,0.20930232558139536
front3,15,6,43,115,4,3,0.5933943098051062,9,0.8888888888888888,0.20930232558139536
front3,15,7,43,115,4,3,0.5370310173317889,1,1.0,0.023255813953488372
front3,15,10,43,115,4,2,0.5113275348441196,1,0.0,0.023255813953488372
front3,15,11,43,115,4,2,0.5163437994217205,1,1.0,0.023255813953488372
front3,15,13,43,115,4,3,0.37839645448634074,4,0.5,0.09302325581395349
front3,15,1,49,115,5,1,0.5706387639599623,22,0.5,0.4489795918367347
front3,15,2,49,115,5,1,0.5476868685351374,2,0.5,0.04081632653061224
front3,15,4,49,115,5,1,0.5725627169545802,1,0.0,0.02040816326530612
front3,15,5,49,115,5,1,0.5393222618746624,5,0.4,0.10204081632653061
front3,15,6,49,115,5,3,0.5549806005194665,1,0.0,0.02040816326530612
front3,15,7,49,115,5,1,0.5077687434758408,1,0.0,0.02040816326530612
front3,15,7,49,115,5,3,0.5048347432394311,1,1.0,0.02040816326530612
front3,15,10,49,115,5,0,0.02090771231463736,1,0.0,0.02040816326530612
front3,15,10,49,115,5,2,0.49192930622344444,10,0.4,0.20408163265306123
front3,15,11,49,115,5,2,0.498180940733058,4,0.5,0.08163265306122448
front3,15,13,49,115,5,0,0.021256177517610407,1,0.0,0.02040816326530612
front3,16,3,5,115,1,2,0.6282960653542821,1,0.0,0.2
front3,16,6,5,115,1,3,0.5974717397681053,4,1.0,0.8
front3,16,1,2,115,2,1,0.5996863482513104,1,0.0,0.5
front3,16,11,2,115,2,2,0.5303358902452763,1,0.0,0.5
front3,16,1,24,115,4,1,0.6076834266619177,4,0.25,0.16666666666666666
front3,16,3,24,115,4,2,0.6334197896533366,4,0.75,0.16666666666666666
front3,16,6,24,115,4,3,0.5845317866969774,14,0.35714285714285715,0.5833333333333334
front3,16,13,24,115,4,3,0.37526869357019077,2,0.5,0.08333333333333333
front3,16,1,24,115,5,1,0.5485184495894067,15,0.6,0.625
front3,16,5,24,115,5,1,0.5155125999351392,1,1.0,0.041666666666666664
front3,16,6,24,115,5,3,0.5383772437855395,2,0.5,0.08333333333333333
front3,16,7,24,115,5,1,0.49737391129138436,1,1.0,0.041666666666666664
front3,16,7,24,115,5,3,0.5048785750992658,1,1.0,0.041666666666666664
front3,16,9,24,115,5,2,0.5004160764629927,1,1.0,0.041666666666666664
front3,16,10,24,115,5,2,0.48350667099228256,1,0.0,0.041666666666666664
front3,16,10,24,115,5,3,0.4595096000851251,1,0.0,0.041666666666666664
front3,16,13,24,115,5,3,0.366913726245784,1,0.0,0.041666666666666664
front3,15,10,2,116,2,2,0.42900942072278814,2,0.5,1.0
front3,15,6,1,116,3,3,0.4935648186925091,1,0.0,1.0
front3,15,6,8,116,4,3,0.48944731299545546,2,0.0,0.25
front3,15,10,8,116,4,2,0.42630510857615816,2,0.0,0.25
front3,15,13,8,116,4,3,0.3003509568087725,4,0.0,0.5
front3,15,1,20,116,5,1,0.4819630976888427,1,1.0,0.05
front3,15,5,20,116,5,1,0.46373742518647376,3,0.3333333333333333,0.15
front3,15,10,20,116,5,2,0.43823591126502065,15,0.5333333333333333,0.75
front3,15,11,20,116,5,2,0.43932164933197254,1,1.0,0.05
front3,15,1,6,117,2,1,0.5875895772344655,1,1.0,0.16666666666666666
front3,15,11,6,117,2,3,0.4789399599151094,1,1.0,0.16666666666666666
front3,15,13,6,117,2,3,0.42468016682354964,4,0.0,0.6666666666666666
front3,15,1,18,117,3,1,0.6009410246007522,11,0.8181818181818182,0.6111111111111112
front3,15,4,18,117,3,4,0.6252018591980684,1,1.0,0.05555555555555555
front3,15,6,18,117,3,3,0.5715571992717643,1,1.0,0.05555555555555555
front3,15,7,18,117,3,1,0.5284506704285419,3,0.3333333333333333,0.16666666666666666
front3,15,13,18,117,3,3,0.36850841007066454,2,0.5,0.1111111111111111
front3,15,1,2,117,4,1,0.6020766150150065,1,0.0,0.5
front3,15,6,2,117,4,3,0.5650395709299904,1,1.0,0.5
front3,15,10,1,117,5,2,0.4602496970018798,1,0.0,1.0
front3,16,2,2,117,3,1,0.5544686167293347,1,1.0,0.5
front3,16,7,2,117,3,1,0.5304266977192371,1,0.0,0.5
front3,16,13,1,117,4,3,0.39034485179740025,1,0.0,1.0
front3,16,13,1,117,5,3,0.43287539175274775,1,1.0,1.0
front3,15,13,2,118,1,3,0.3178752231596685,2,0.0,1.0
front3,15,1,8,118,2,1,0.47669389897410663,1,0.0,0.125
front3,15,10,8,118,2,2,0.3826862775149223,5,0.4,0.625
front3,15,11,8,118,2,2,0.39097487219018895,2,0.0,0.25
front3,15,1,21,118,3,1,0.4835663401211807,4,0.75,0.19047619047619047
front3,15,2,21,118,3,1,0.4497251915591753,1,1.0,0.047619047619047616
front3,15,4,21,118,3,1,0.4714711046557956,1,0.0,0.047619047619047616
front3,15,5,21,118,3,1,0.4437036241105973,1,1.0,0.047619047619047616
front3,15,6,21,118,3,3,0.45292629214227426,5,0.6,0.23809523809523808
front3,15,7,21,118,3,1,0.4149812768130891,7,0.5714285714285714,0.3333333333333333
front3,15,10,21,118,3,2,0.3700722145056124,1,0.0,0.047619047619047616
front3,15,11,21,118,3,2,0.37858543757612545,1,0.0,0.047619047619047616
front3,15,1,9,118,4,1,0.474547588523924,2,1.0,0.2222222222222222
front3,15,6,9,118,4,3,0.44257929980054117,7,0.7142857142857143,0.7777777777777778
front3,15,1,11,118,5,1,0.42401709200855103,8,0.5,0.7272727272727273
front3,15,10,11,118,5,2,0.3354977282636841,2,0.0,0.18181818181818182
front3,15,11,11,118,5,2,0.3440044806772595,1,1.0,0.09090909090909091
front3,16,2,2,118,1,1,0.43190398181672485,1,1.0,0.5
front3,16,6,2,118,1,3,0.46080515148723916,1,0.0,0.5
front3,16,6,2,118,4,3,0.44289111111143964,2,0.0,1.0
front3,16,1,1,118,5,1,0.41677981682929827,1,1.0,1.0
front3,17,2,1,118,1,1,0.5021842173194199,1,0.0,1.0
front3,17,1,1,118,3,1,0.502617665242232,1,0.0,1.0
front3,15,1,6,119,2,1,0.556518856545905,1,0.0,0.16666666666666666
front3,15,8,6,119,2,3,0.395624453046067,3,0.6666666666666666,0.5
front3,15,10,6,119,2,2,0.4544405132965926,2,0.5,0.3333333333333333
front3,15,5,2,119,4,1,0.5196976111802201,1,0.0,0.5
front3,15,9,2,119,4,2,0.5076122793261862,1,1.0,0.5
front3,15,8,1,119,5,3,0.41571959708176426,1,0.0,1.0
front3,18,8,2,119,2,3,0.4495949590234455,1,0.0,0.5
front3,18,9,2,119,2,2,0.5529998581398365,1,1.0,0.5
front3,15,1,2,121,2,1,0.5794534675117511,1,1.0,0.5
front3,15,12,2,121,2,5,0.5914432206124166,1,1.0,0.5
front3,15,1,3,121,3,1,0.5887116183499482,2,1.0,0.6666666666666666
front3,15,12,3,121,3,2,0.5061619614943808,1,1.0,0.3333333333333333
front3,15,6,2,121,4,2,0.5678412056058253,1,1.0,0.5
front3,15,14,2,121,4,3,0.3430017505614173,1,0.0,0.5
front3,15,1,3,121,5,1,0.556390402737645,2,0.0,0.6666666666666666
front3,15,10,3,121,5,2,0.5343258572722118,1,1.0,0.3333333333333333
front3,17,1,2,121,3,1,0.6007604489571229,1,1.0,0.5
front3,17,12,2,121,3,2,0.5379325726004737,1,1.0,0.5
front3,17,6,1,121,4,2,0.5989172613627743,1,1.0,1.0
front3,17,1,5,121,5,1,0.5628029300180588,4,0.75,0.8
front3,17,13,5,121,5,3,0.47168685861239956,1,1.0,0.2
front3,0,1,64,122,0,1,0.5690283296371613,16,0.6875,0.25
front3,0,2,64,122,0,0,0.013355362327111507,1,0.0,0.015625
front3,0,2,64,122,0,1,0.5365200959291994,25,0.64,0.390625
front3,0,4,64,122,0,1,0.56420534348539,2,0.5,0.03125
front3,0,5,64,122,0,1,0.5193655795567768,1,1.0,0.015625
front3,0,6,64,122,0,3,0.5349155841341194,2,1.0,0.03125
front3,0,10,64,122,0,2,0.4554869441615857,4,0.25,0.0625
front3,0,11,64,122,0,2,0.4611657525235203,10,0.5,0.15625
front3,0,13,64,122,0,3,0.2898909229148197,3,0.3333333333333333,0.046875
front3,15,1,39,122,2,1,0.563407392975904,12,0.6666666666666666,0.3076923076923077
front3,15,2,39,122,2,1,0.5296395618307695,2,1.0,0.05128205128205128
front3,15,4,39,122,2,1,0.5543487980938808,3,0.3333333333333333,0.07692307692307693
front3,15,6,39,122,2,3,0.5510608093106681,7,0.2857142857142857,0.1794871794871795
front3,15,8,39,122,2,3,0.4131674208962961,2,0.5,0.05128205128205128
front3,15,10,39,122,2,2,0.4705066343582153,2,0.5,0.05128205128205128
front3,15,11,39,122,2,2,0.4779935773988804,8,0.25,0.20512820512820512
front3,15,12,39,122,2,2,0.48782803484294807,2,0.5,0.05128205128205128
front3,15,12,39,122,2,3,0.4823251222266591,1,0.0,0.02564102564102564
front3,15,1,13,122,3,1,0.5758187558882385,4,1.0,0.3076923076923077
front3,15,2,13,122,3,1,0.5411306745897979,1,1.0,0.07692307692307693
front3,15,4,13,122,3,1,0.5639744278018751,1,0.0,0.07692307692307693
front3,15,5,13,122,3,1,0.5372874122640798,1,0.0,0.07692307692307693
front3,15,6,13,122,3,3,0.5445061502727824,3,0.6666666666666666,0.23076923076923078
front3,15,7,13,122,3,1,0.4955867407604976,2,0.5,0.15384615384615385
front3,15,11,13,122,3,3,0.4203291151102953,1,0.0,0.07692307692307693
front3,15,1,48,122,4,1,0.5708913965684503,18,0.3333333333333333,0.375
front3,15,2,48,122,4,1,0.5376320137893028,3,0.3333333333333333,0.0625
front3,15,4,48,122,4,1,0.561295108211292,1,1.0,0.020833333333333332
front3,15,5,48,122,4,1,0.5291250164526015,4,0.5,0.08333333333333333
front3,15,6,48,122,4,3,0.5385093542609809,16,0.4375,0.3333333333333333
front3,15,7,48,122,4,1,0.4940335911914453,1,1.0,0.020833333333333332
front3,15,10,48,122,4,2,0.4509102240451989,4,0.25,0.08333333333333333
front3,15,13,48,122,4,3,0.3246907173408065,1,0.0,0.020833333333333332
front3,15,1,71,122,5,1,0.5258986693202152,26,0.46153846153846156,0.36619718309859156
front3,15,2,71,122,5,0,0.014737726335343877,1,0.0,0.014084507042253521
front3,15,2,71,122,5,1,0.5034770215598385,4,1.0,0.056338028169014086
front3,15,4,71,122,5,1,0.52924763893698,7,0.5714285714285714,0.09859154929577464
front3,15,5,71,122,5,1,0.4985620797767089,2,0.0,0.028169014084507043
front3,15,6,71,122,5,3,0.5167750103984926,7,0.7142857142857143,0.09859154929577464
front3,15,7,71,122,5,1,0.4657145606383606,1,1.0,0.014084507042253521
front3,15,8,71,122,5,3,0.3995690944061165,2,0.0,0.028169014084507043
front3,15,10,71,122,5,2,0.454125612874682,4,0.5,0.056338028169014086
front3,15,11,71,122,5,2,0.45853820278513346,8,0.0,0.11267605633802817
front3,15,11,71,122,5,3,0.43050054101544205,3,0.3333333333333333,0.04225352112676056
front3,15,12,71,122,5,2,0.46912634365661204,3,0.6666666666666666,0.04225352112676056
front3,15,13,71,122,5,3,0.33770961235781016,3,0.3333333333333333,0.04225352112676056
front3,16,2,2,122,4,1,0.5259979042895375,1,1.0,0.5
front3,16,6,2,122,4,3,0.5349550249408235,1,0.0,0.5
front3,16,10,1,122,5,2,0.4789504082228626,1,0.0,1.0
front3,17,1,4,122,4,1,0.6006917997710554,3,0.6666666666666666,0.75
front3,17,6,4,122,4,3,0.5876766442042453,1,1.0,0.25
front3,17,1,14,122,5,1,0.5111351311613255,2,0.5,0.14285714285714285
front3,17,2,14,122,5,1,0.4906944432959233,1,1.0,0.07142857142857142
front3,17,5,14,122,5,1,0.48865417618243867,1,0.0,0.07142857142857142
front3,17,6,14,122,5,3,0.5107513464644994,4,0.5,0.2857142857142857
front3,17,10,14,122,5,2,0.4597720912463755,1,1.0,0.07142857142857142
front3,17,11,14,122,5,2,0.4646305560572447,3,0.6666666666666666,0.21428571428571427
front3,17,13,14,122,5,0,0.015241693685206047,1,0.0,0.07142857142857142
front3,17,13,14,122,5,3,0.39101055615989205,1,0.0,0.07142857142857142
front3,15,1,3,123,3,1,0.6185348028207523,2,1.0,0.6666666666666666
front3,15,13,3,123,3,3,0.3885862608208581,1,0.0,0.3333333333333333
front3,15,1,8,123,4,1,0.6200895411443061,4,0.5,0.5
front3,15,5,8,123,4,0,0.021970161416767615,1,0.0,0.125
front3,15,5,8,123,4,1,0.5836317354905041,2,0.5,0.25
front3,15,8,8,123,4,3,0.4776289791959394,1,0.0,0.125
front3,15,1,8,123,5,1,0.5811986156037026,2,1.0,0.25
front3,15,2,8,123,5,1,0.5617013180559748,2,1.0,0.25
front3,15,8,8,123,5,3,0.4831784653187687,1,0.0,0.125
front3,15,10,8,123,5,2,0.5384125730852911,1,1.0,0.125
front3,15,11,8,123,5,2,0.5378256209042828,1,1.0,0.125
front3,15,13,8,123,5,3,0.42368147469013406,1,1.0,0.125
front3,15,5,4,124,2,1,0.6102786162775966,1,0.0,0.25
front3,15,10,4,124,2,2,0.5523615343528396,2,0.5,0.5
front3,15,12,4,124,2,2,0.5535759836931446,1,1.0,0.25
front3,15,3,5,124,4,3,0.6714016479632795,3,1.0,0.6
front3,15,5,5,124,4,1,0.6250706936060162,1,1.0,0.2
front3,15,10,5,124,4,2,0.5508368147179971,1,1.0,0.2
front3,15,5,5,124,5,1,0.6049281667985512,1,1.0,0.2
front3,15,10,5,124,5,2,0.605930033769407,4,0.75,0.8
front3,18,12,1,124,5,2,0.6386664581800393,1,1.0,1.0
front3,15,9,4,125,4,3,0.5036068269963883,4,0.75,1.0
front3,15,6,1,126,1,3,0.6313431194602267,1,0.0,1.0
front3,15,1,7,126,2,1,0.6502175994124102,1,1.0,0.14285714285714285
front3,15,6,7,126,2,3,0.6398100649150855,1,1.0,0.14285714285714285
front3,15,10,7,126,2,2,0.56763278874528,1,0.0,0.14285714285714285
front3,15,13,7,126,2,3,0.48375890604617716,4,0.75,0.5714285714285714
front3,15,1,4,126,3,1,0.6491127061339684,1,0.0,0.25
front3,15,13,4,126,3,3,0.434895534426586,3,1.0,0.75
front3,15,1,8,126,4,1,0.6508056978467327,4,0.75,0.5
front3,15,2,8,126,4,1,0.6251465567645389,1,1.0,0.125
front3,15,5,8,126,4,1,0.6215049842858595,1,0.0,0.125
front3,15,6,8,126,4,3,0.6331984506764546,1,0.0,0.125
front3,15,13,8,126,4,3,0.4480661509188612,1,1.0,0.125
front3,15,1,8,126,5,1,0.6197643413887568,3,1.0,0.375
front3,15,2,8,126,5,1,0.5967454047005685,1,0.0,0.125
front3,15,3,8,126,5,2,0.6402736495390812,1,1.0,0.125
front3,15,10,8,126,5,2,0.5435064734461658,1,1.0,0.125
front3,15,13,8,126,5,3,0.4348561990750124,2,1.0,0.25
front3,16,6,2,126,4,3,0.6215935297418247,1,1.0,0.5
front3,16,13,2,126,4,3,0.4233686793751773,1,0.0,0.5
front3,16,1,2,126,5,1,0.5989274778181357,1,1.0,0.5
front3,16,11,2,126,5,2,0.5329828996951305,1,0.0,0.5
front3,15,10,1,127,2,2,0.5423391583076358,1,1.0,1.0
front3,15,1,13,127,4,1,0.6172740577413063,12,0.75,0.9230769230769231
front3,15,13,13,127,4,3,0.39521047367607715,1,0.0,0.07692307692307693
front3,15,1,4,127,5,1,0.577349470961107,4,1.0,1.0
front3,16,1,1,127,5,1,0.5690264154148683,1,1.0,1.0
front3,0,1,152,128,0,1,0.5447202088509838,39,0.5641025641025641,0.2565789473684211
front3,0,2,152,128,0,1,0.5130379890843361,23,0.6086956521739131,0.1513157894736842
front3,0,3,152,128,0,2,0.5869740003294645,1,1.0,0.006578947368421052
front3,0,3,152,128,0,3,0.5868806737406624,1,1.0,0.006578947368421052
front3,0,5,152,128,0,1,0.5138184641639525,3,0.6666666666666666,0.019736842105263157
front3,0,7,152,128,0,1,0.4869241919721077,6,0.5,0.039473684210526314
front3,0,10,152,128,0,2,0.45355656174328385,29,0.4482758620689655,0.19078947368421054
front3,0,10,152,128,0,3,0.4236219072756547,6,0.8333333333333334,0.039473684210526314
front3,0,10,152,128,0,5,0.5766734046700397,1,1.0,0.006578947368421052
front3,0,11,152,128,0,3,0.42458695596330315,1,0.0,0.006578947368421052
front3,0,12,152,128,0,2,0.46905773402014717,25,0.6,0.16447368421052633
front3,0,12,152,128,0,3,0.46733577582100044,1,0.0,0.006578947368421052
front3,0,12,152,128,0,5,0.6017549694258689,3,1.0,0.019736842105263157
front3,0,13,152,128,0,3,0.32143093257123584,13,0.5384615384615384,0.08552631578947369
front3,15,13,1,128,1,3,0.36997113551743194,1,0.0,1.0
front3,15,1,44,128,2,1,0.5242410512254672,22,0.5454545454545454,0.5
front3,15,2,44,128,2,1,0.49087745901800356,1,0.0,0.022727272727272728
front3,15,4,44,128,2,1,0.5164784724458733,1,0.0,0.022727272727272728
front3,15,7,44,128,2,1,0.47801492363880677,2,0.0,0.045454545454545456
front3,15,10,44,128,2,2,0.43592217735452815,11,0.36363636363636365,0.25
front3,15,11,44,128,2,0,0.012230642806323007,1,0.0,0.022727272727272728
front3,15,11,44,128,2,2,0.441484407938324,5,0.8,0.11363636363636363
front3,15,13,44,128,2,3,0.3174770855930609,1,0.0,0.022727272727272728
front3,15,1,73,128,3,1,0.5351153679081116,34,0.5588235294117647,0.4657534246575342
front3,15,2,73,128,3,1,0.5016967954767095,1,0.0,0.0136986301369863
front3,15,6,73,128,3,3,0.5044949397415246,5,0.6,0.0684931506849315
front3,15,7,73,128,3,1,0.466955929794959,4,1.0,0.0547945205479452
front3,15,7,73,128,3,3,0.45026001506892616,1,1.0,0.0136986301369863
front3,15,10,73,128,3,2,0.42142512460398923,6,0.3333333333333333,0.0821917808219178
front3,15,10,73,128,3,3,0.38406316409865326,13,0.3076923076923077,0.1780821917808219
front3,15,11,73,128,3,2,0.4287885663823904,1,1.0,0.0136986301369863
front3,15,11,73,128,3,3,0.3912435650896667,3,0.6666666666666666,0.0410958904109589
front3,15,13,73,128,3,3,0.2859235854907701,5,0.4,0.0684931506849315
front3,15,1,70,128,4,0,0.011977315815618476,3,0.0,0.04285714285714286
front3,15,1,70,128,4,1,0.5327142136174879,34,0.5588235294117647,0.4857142857142857
front3,15,2,70,128,4,1,0.49969914025834183,2,0.0,0.02857142857142857
front3,15,4,70,128,4,1,0.5224154709369909,3,1.0,0.04285714285714286
front3,15,5,70,128,4,1,0.4889015618572391,2,1.0,0.02857142857142857
front3,15,6,70,128,4,3,0.49829527911454913,6,0.6666666666666666,0.08571428571428572
front3,15,7,70,128,4,1,0.45809372163987294,4,0.75,0.05714285714285714
front3,15,10,70,128,4,2,0.4131003285272327,5,0.4,0.07142857142857142
front3,15,10,70,128,4,3,0.37677487078094035,3,0.0,0.04285714285714286
front3,15,11,70,128,4,2,0.41987852580483276,2,0.5,0.02857142857142857
front3,15,11,70,128,4,3,0.38337103090876423,5,0.2,0.07142857142857142
front3,15,13,70,128,4,3,0.2718476092435319,1,0.0,0.014285714285714285
front3,15,1,70,128,5,1,0.47775837812629873,31,0.5806451612903226,0.44285714285714284
front3,15,4,70,128,5,1,0.4757343398119191,2,0.0,0.02857142857142857
front3,15,5,70,128,5,1,0.4426678815741427,3,1.0,0.04285714285714286
front3,15,6,70,128,5,3,0.45930215525149376,4,0.0,0.05714285714285714
front3,15,10,70,128,5,2,0.3998501124191025,22,0.36363636363636365,0.3142857142857143
front3,15,11,70,128,5,0,0.012036252309887651,1,0.0,0.014285714285714285
front3,15,11,70,128,5,2,0.4058822659672084,4,0.25,0.05714285714285714
front3,15,11,70,128,5,3,0.37334217591579105,1,0.0,0.014285714285714285
front3,15,13,70,128,5,3,0.28070730888942336,2,0.0,0.02857142857142857
front3,16,1,11,128,2,1,0.5092439959711795,4,1.0,0.36363636363636365
front3,16,5,11,128,2,1,0.4855429066979833,1,0.0,0.09090909090909091
front3,16,7,11,128,2,3,0.46802167274684303,1,1.0,0.09090909090909091
front3,16,10,11,128,2,0,0.012250405668439992,1,0.0,0.09090909090909091
front3,16,10,11,128,2,2,0.42757554964657324,2,0.0,0.18181818181818182
front3,16,11,11,128,2,2,0.4332021688979516,2,0.0,0.18181818181818182
front3,16,1,12,128,3,1,0.5170780981177795,7,0.5714285714285714,0.5833333333333334
front3,16,5,12,128,3,1,0.481695778099712,1,0.0,0.08333333333333333
front3,16,10,12,128,3,2,0.4155244964411786,1,1.0,0.08333333333333333
front3,16,10,12,128,3,3,0.3889069009965594,1,0.0,0.08333333333333333
front3,16,13,12,128,3,3,0.286846685173384,2,1.0,0.16666666666666666
front3,16,1,18,128,4,1,0.5151714524057661,8,0.625,0.4444444444444444
front3,16,3,18,128,4,2,0.5409799365839334,1,0.0,0.05555555555555555
front3,16,5,18,128,4,1,0.47540111786738426,2,1.0,0.1111111111111111
front3,16,6,18,128,4,3,0.49142837911553805,4,0.0,0.2222222222222222
front3,16,7,18,128,4,1,0.4578329435896641,1,1.0,0.05555555555555555
front3,16,10,18,128,4,3,0.3885479192055822,1,1.0,0.05555555555555555
front3,16,11,18,128,4,2,0.4205576796179029,1,1.0,0.05555555555555555
front3,16,1,24,128,5,1,0.45764173259355384,13,0.3076923076923077,0.5416666666666666
front3,16,2,24,128,5,1,0.4383370251870928,1,0.0,0.041666666666666664
front3,16,5,24,128,5,1,0.42629425684341204,2,0.5,0.08333333333333333
front3,16,6,24,128,5,3,0.4496392262208777,1,1.0,0.041666666666666664
front3,16,7,24,128,5,3,0.42240860292344556,1,1.0,0.041666666666666664
front3,16,10,24,128,5,2,0.4059577527444853,2,0.0,0.08333333333333333
front3,16,11,24,128,5,2,0.41147303833693116,3,0.3333333333333333,0.125
front3,16,13,24,128,5,3,0.2975052493533074,1,0.0,0.041666666666666664
front3,17,11,1,128,4,3,0.5004271648459034,1,1.0,1.0
front3,17,1,9,128,5,1,0.4696352609684847,6,0.6666666666666666,0.6666666666666666
front3,17,5,9,128,5,1,0.4658502218106636,1,0.0,0.1111111111111111
front3,17,6,9,128,5,3,0.4915595830745769,2,0.0,0.2222222222222222
front3,0,1,138,129,0,0,0.009998526598945465,1,0.0,0.007246376811594203
front3,0,1,138,129,0,1,0.538733169445846,56,0.44642857142857145,0.4057971014492754
front3,0,2,138,129,0,1,0.5053658852480848,7,0.42857142857142855,0.050724637681159424
front3,0,4,138,129,0,1,0.5352751067228639,9,0.5555555555555556,0.06521739130434782
front3,0,5,138,129,0,1,0.5090283771307154,1,1.0,0.007246376811594203
front3,0,6,138,129,0,3,0.5156126243753016,7,0.14285714285714285,0.050724637681159424
front3,0,7,138,129,0,1,0.4749604678963773,15,0.2,0.10869565217391304
front3,0,10,138,129,0,2,0.43768715906689565,5,0.8,0.036231884057971016
front3,0,11,138,129,0,2,0.44418453537363595,21,0.42857142857142855,0.15217391304347827
front3,0,11,138,129,0,3,0.41169242855756555,4,0.25,0.028985507246376812
front3,0,13,138,129,0,3,0.31147381255718903,12,0.4166666666666667,0.08695652173913043
front3,15,2,2,129,1,1,0.4988526274584961,2,0.5,1.0
front3,15,1,9,129,2,1,0.5332052376856931,3,0.6666666666666666,0.3333333333333333
front3,15,4,9,129,2,1,0.5232352847113876,2,1.0,0.2222222222222222
front3,15,10,9,129,2,3,0.3942981031618221,1,0.0,0.1111111111111111
front3,15,11,9,129,2,2,0.438799406635882,1,0.0,0.1111111111111111
front3,15,11,9,129,2,3,0.4038592701435011,1,0.0,0.1111111111111111
front3,15,13,9,129,2,3,0.34419396216370957,1,0.0,0.1111111111111111
front3,15,4,3,129,3,1,0.5311444612312407,1,1.0,0.3333333333333333
front3,15,13,3,129,3,3,0.306817332288199,2,0.0,0.6666666666666666
front3,15,1,41,129,4,1,0.5323771747792487,19,0.7368421052631579,0.4634146341463415
front3,15,2,41,129,4,1,0.49951433753400243,1,0.0,0.024390243902439025
front3,15,4,41,129,4,1,0.523517558915947,3,0.3333333333333333,0.07317073170731707
front3,15,6,41,129,4,3,0.5002383579500214,11,0.7272727272727273,0.2682926829268293
front3,15,7,41,129,4,1,0.4561035714885488,1,0.0,0.024390243902439025
front3,15,11,41,129,4,2,0.42054605422663954,2,0.5,0.04878048780487805
front3,15,13,41,129,4,3,0.29353041360386484,4,0.25,0.0975609756097561
front3,15,1,67,129,5,1,0.49347149783858285,18,0.7222222222222222,0.26865671641791045
front3,15,2,67,129,5,1,0.4706253737637997,5,0.6,0.07462686567164178
front3,15,4,67,129,5,1,0.49728272431677345,5,0.8,0.07462686567164178
front3,15,5,67,129,5,1,0.46293184288154837,3,1.0,0.04477611940298507
front3,15,6,67,129,5,3,0.48122876962414657,10,0.4,0.14925373134328357
front3,15,7,67,129,5,1,0.4309033656529604,1,0.0,0.014925373134328358
front3,15,10,67,129,5,2,0.4192193551667349,4,0.75,0.05970149253731343
front3,15,11,67,129,5,2,0.42398197940744803,15,0.5333333333333333,0.22388059701492538
front3,15,11,67,129,5,3,0.3952802057603447,3,0.3333333333333333,0.04477611940298507
front3,15,13,67,129,5,3,0.31080679013597606,3,0.0,0.04477611940298507
front3,16,6,1,129,4,3,0.4837747382206668,1,0.0,1.0
front3,16,1,5,129,5,1,0.4712565140802719,3,0.0,0.6
front3,16,11,5,129,5,2,0.4044817555520874,1,1.0,0.2
front3,16,13,5,129,5,3,0.2983309303540112,1,0.0,0.2
front3,17,11,1,129,5,2,0.4170621959156526,1,0.0,1.0
front3,15,1,5,130,3,1,0.6437351865313932,1,1.0,0.2
front3,15,3,5,130,3,2,0.6748457444697242,2,1.0,0.4
front3,15,6,5,130,3,3,0.6280143476489505,1,0.0,0.2
front3,15,9,5,130,3,2,0.5940942135316417,1,1.0,0.2
front3,15,3,8,130,4,2,0.6630487021750922,3,0.3333333333333333,0.375
front3,15,5,8,130,4,0,0.023965948908802798,1,0.0,0.125
front3,15,6,8,130,4,2,0.612253927673822,3,0.6666666666666666,0.375
front3,15,10,8,130,4,3,0.5149910728955703,1,0.0,0.125
front3,15,1,20,130,5,1,0.5984768252546548,4,1.0,0.2
front3,15,1,20,130,5,4,0.6473997098668607,1,1.0,0.05
front3,15,3,20,130,5,2,0.6256045995876595,5,0.4,0.25
front3,15,3,20,130,5,3,0.6469793029040352,1,0.0,0.05
front3,15,6,20,130,5,2,0.5777895992568538,4,0.25,0.2
front3,15,6,20,130,5,3,0.5875476298708562,2,1.0,0.1
front3,15,9,20,130,5,2,0.5446397430932948,2,1.0,0.1
front3,15,10,20,130,5,2,0.534159906547023,1,0.0,0.05
front3,0,1,24,131,0,1,0.5525422648874531,10,0.5,0.4166666666666667
front3,0,2,24,131,0,1,0.5211504033238633,6,0.8333333333333334,0.25
front3,0,5,24,131,0,1,0.5248989080201235,3,0.6666666666666666,0.125
front3,0,7,24,131,0,1,0.49692226295868264,2,1.0,0.08333333333333333
front3,0,10,24,131,0,2,0.4614513118527186,2,0.5,0.08333333333333333
front3,0,13,24,131,0,3,0.33155376856894403,1,1.0,0.041666666666666664
front3,15,1,49,132,2,1,0.5343376427736181,17,0.35294117647058826,0.3469387755102041
front3,15,2,49,132,2,1,0.5028275777379713,5,0.4,0.10204081632653061
front3,15,4,49,132,2,4,0.5596396949620887,4,0.25,0.08163265306122448
front3,15,5,49,132,2,1,0.5100191122630935,1,0.0,0.02040816326530612
front3,15,6,49,132,2,3,0.5266351658506311,3,0.3333333333333333,0.061224489795918366
front3,15,7,49,132,2,3,0.4806540561883021,1,0.0,0.02040816326530612
front3,15,10,49,132,2,2,0.45566405176826763,7,0.42857142857142855,0.14285714285714285
front3,15,11,49,132,2,2,0.4576611250710459,3,0.3333333333333333,0.061224489795918366
front3,15,12,49,132,2,2,0.4673344583143214,2,0.5,0.04081632653061224
front3,15,13,49,132,2,3,0.36337969780500673,6,0.16666666666666666,0.12244897959183673
front3,15,1,8,132,3,0,0.013424150071097894,1,0.0,0.125
front3,15,1,8,132,3,1,0.5375918829600892,4,0.5,0.5
front3,15,2,8,132,3,1,0.5073363891282925,1,0.0,0.125
front3,15,4,8,132,3,4,0.5746324018833469,1,0.0,0.125
front3,15,6,8,132,3,3,0.5165324576823368,1,1.0,0.125
front3,15,1,42,132,4,1,0.5453520389249962,3,0.6666666666666666,0.07142857142857142
front3,15,2,42,132,4,1,0.5172159831066632,8,0.375,0.19047619047619047
front3,15,5,42,132,4,1,0.511874119054289,6,0.5,0.14285714285714285
front3,15,6,42,132,4,3,0.5238762913067158,11,0.36363636363636365,0.2619047619047619
front3,15,10,42,132,4,2,0.4548608601748148,1,0.0,0.023809523809523808
front3,15,11,42,132,4,2,0.45195085373593635,1,1.0,0.023809523809523808
front3,15,12,42,132,4,2,0.4635370687052208,2,0.5,0.047619047619047616
front3,15,13,42,132,4,3,0.32572288874021815,9,0.3333333333333333,0.21428571428571427
front3,15,14,42,132,4,3,0.26511786081318955,1,1.0,0.023809523809523808
front3,15,1,68,132,5,1,0.5026941934673224,19,0.42105263157894735,0.27941176470588236
front3,15,2,68,132,5,1,0.48319746488085696,11,0.2727272727272727,0.16176470588235295
front3,15,5,68,132,5,1,0.47429394643286166,4,0.25,0.058823529411764705
front3,15,6,68,132,5,3,0.5000987256911619,7,0.42857142857142855,0.10294117647058823
front3,15,8,68,132,5,3,0.40360268804856014,1,0.0,0.014705882352941176
front3,15,10,68,132,5,2,0.46185138509748025,11,0.7272727272727273,0.16176470588235295
front3,15,12,68,132,5,2,0.46913861375402616,4,0.5,0.058823529411764705
front3,15,13,68,132,5,3,0.35030667336710386,11,0.36363636363636365,0.16176470588235295
front3,16,12,1,132,2,0,0.013179745831698623,1,0.0,1.0
front3,16,2,3,132,4,1,0.5050002852032693,2,0.0,0.6666666666666666
front3,16,8,3,132,4,3,0.401884602959655,1,0.0,0.3333333333333333
front3,16,2,2,132,5,1,0.46198166054189815,1,0.0,0.5
front3,16,10,2,132,5,2,0.4524349965419616,1,0.0,0.5
front3,17,1,5,132,2,1,0.5797652144504682,2,1.0,0.4
front3,17,10,5,132,2,2,0.5233112122601422,2,1.0,0.4
front3,17,11,5,132,2,2,0.5250246167972901,1,0.0,0.2
front3,17,8,1,132,3,3,0.5057191054206427,1,1.0,1.0
front3,17,6,2,132,4,3,0.5851525621716361,1,1.0,0.5
front3,17,13,2,132,4,3,0.36242068557603335,1,0.0,0.5
front3,17,1,11,132,5,1,0.49015789014107614,3,0.3333333333333333,0.2727272727272727
front3,17,5,11,132,5,1,0.4939775337245163,1,1.0,0.09090909090909091
front3,17,6,11,132,5,3,0.5191025705373972,1,0.0,0.09090909090909091
front3,17,8,11,132,5,3,0.4251974263050371,1,1.0,0.09090909090909091
front3,17,10,11,132,5,2,0.4750308548599,1,0.0,0.09090909090909091
front3,17,11,11,132,5,2,0.47650504881638683,3,0.6666666666666666,0.2727272727272727
front3,17,13,11,132,5,3,0.3903005558841432,1,1.0,0.09090909090909091
front3,0,1,165,133,0,1,0.5807966980635952,32,0.65625,0.19393939393939394
front3,0,2,165,133,0,1,0.5486916740997211,36,0.5555555555555556,0.21818181818181817
front3,0,3,165,133,0,2,0.6191977736981081,4,1.0,0.024242424242424242
front3,0,3,165,133,0,3,0.6191769881084711,3,0.6666666666666666,0.01818181818181818
front3,0,4,165,133,0,1,0.5779710965846616,1,1.0,0.006060606060606061
front3,0,5,165,133,0,1,0.5518515394756217,18,0.6666666666666666,0.10909090909090909
front3,0,6,165,133,0,3,0.5591680909049933,19,0.6842105263157895,0.11515151515151516
front3,0,7,165,133,0,3,0.5133774121620754,1,0.0,0.006060606060606061
front3,0,10,165,133,0,2,0.4911441589467279,29,0.41379310344827586,0.17575757575757575
front3,0,10,165,133,0,3,0.4610367150811396,4,0.5,0.024242424242424242
front3,0,11,165,133,0,3,0.46377410436839256,2,0.5,0.012121212121212121
front3,0,12,165,133,0,2,0.510688090079016,11,0.45454545454545453,0.06666666666666667
front3,0,12,165,133,0,5,0.6466206298040981,1,1.0,0.006060606060606061
front3,0,13,165,133,0,3,0.35901006236330013,4,0.25,0.024242424242424242
front3,15,5,1,134,1,1,0.5216265326822984,1,1.0,1.0
front3,15,10,1,134,2,2,0.46543306537927515,1,0.0,1.0
front3,15,1,4,134,3,1,0.5753628544112948,3,1.0,0.75
front3,15,3,4,134,3,2,0.5864773519087568,1,0.0,0.25
front3,15,1,6,134,4,1,0.5662769731564713,4,0.5,0.6666666666666666
front3,15,5,6,134,4,1,0.5244413086353449,1,0.0,0.16666666666666666
front3,15,10,6,134,4,2,0.46105327397074475,1,0.0,0.16666666666666666
front3,16,11,1,134,3,3,0.4503012109633268,1,0.0,1.0
front3,0,1,25,135,0,1,0.46357268974592963,12,0.5833333333333334,0.48
front3,0,2,25,135,0,1,0.43028912837808453,1,1.0,0.04
front3,0,4,25,135,0,1,0.4577461755566633,1,0.0,0.04
front3,0,6,25,135,0,3,0.43827394689008903,4,0.25,0.16
front3,0,7,25,135,0,1,0.3937194583223091,1,1.0,0.04
front3,0,10,25,135,0,2,0.35662586144287056,2,0.0,0.08
front3,0,11,25,135,0,2,0.3627268746151563,1,1.0,0.04
front3,0,13,25,135,0,3,0.24137226475014795,3,0.3333333333333333,0.12
front3,0,1,213,136,0,1,0.5689105194734921,67,0.582089552238806,0.3145539906103286
front3,0,2,213,136,0,1,0.5366572669531723,60,0.4,0.28169014084507044
front3,0,5,213,136,0,1,0.5390453941439021,19,0.7368421052631579,0.0892018779342723
front3,0,6,213,136,0,3,0.5466069305397281,9,0.5555555555555556,0.04225352112676056
front3,0,7,213,136,0,1,0.509810893941254,3,1.0,0.014084507042253521
front3,0,7,213,136,0,3,0.49764680194984806,1,1.0,0.004694835680751174
front3,0,8,213,136,0,2,0.4461870722592782,1,0.0,0.004694835680751174
front3,0,10,213,136,0,2,0.4763645425221461,24,0.3333333333333333,0.11267605633802817
front3,0,10,213,136,0,3,0.44592730258285584,3,0.3333333333333333,0.014084507042253521
front3,0,10,213,136,0,5,0.6016678055273547,3,0.3333333333333333,0.014084507042253521
front3,0,11,213,136,0,3,0.4475635233032396,2,0.5,0.009389671361502348
front3,0,12,213,136,0,2,0.49385674651125533,9,0.5555555555555556,0.04225352112676056
front3,0,12,213,136,0,5,0.6280570020485453,1,0.0,0.004694835680751174
front3,0,13,213,136,0,3,0.3438493459850978,11,0.2727272727272727,0.051643192488262914
front3,15,2,3,136,1,1,0.5194686591152067,1,0.0,0.3333333333333333
front3,15,5,3,136,1,1,0.524449785272085,1,1.0,0.3333333333333333
front3,15,6,3,136,1,3,0.5445008362286572,1,0.0,0.3333333333333333
front3,15,1,61,136,2,1,0.5523577768100063,18,0.4444444444444444,0.29508196721311475
front3,15,2,61,136,2,0,0.014464394722595027,1,0.0,0.01639344262295082
front3,15,2,61,136,2,1,0.5188720982910495,5,0.6,0.08196721311475409
front3,15,4,61,136,2,1,0.5451481080449634,1,1.0,0.01639344262295082
front3,15,5,61,136,2,1,0.5253779408953667,1,0.0,0.01639344262295082
front3,15,6,61,136,2,3,0.5400791257049126,4,0.5,0.06557377049180328
front3,15,7,61,136,2,1,0.5050216895965045,2,0.5,0.03278688524590164
front3,15,10,61,136,2,2,0.4647607566503353,19,0.5789473684210527,0.3114754098360656
front3,15,11,61,136,2,2,0.4707246263413862,3,0.6666666666666666,0.04918032786885246
front3,15,12,61,136,2,2,0.4830173113934005,3,0.6666666666666666,0.04918032786885246
front3,15,12,61,136,2,3,0.4790744626847034,2,1.0,0.03278688524590164
front3,15,12,61,136,2,5,0.5555552896623673,2,0.5,0.03278688524590164
front3,15,1,14,136,3,1,0.5647330842861702,2,0.5,0.14285714285714285
front3,15,4,14,136,3,4,0.5927569956278989,1,0.0,0.07142857142857142
front3,15,5,14,136,3,1,0.5274153044139814,4,0.5,0.2857142857142857
front3,15,6,14,136,3,3,0.536674355028168,2,1.0,0.14285714285714285
front3,15,7,14,136,3,1,0.4943913066835979,3,0.6666666666666666,0.21428571428571427
front3,15,12,14,136,3,2,0.4694124414747998,1,0.0,0.07142857142857142
front3,15,13,14,136,3,3,0.3311654591006961,1,0.0,0.07142857142857142
front3,15,1,69,136,4,1,0.5543295883979096,16,0.5,0.2318840579710145
front3,15,2,69,136,4,1,0.5235389266187254,18,0.7777777777777778,0.2608695652173913
front3,15,5,69,136,4,1,0.5139985133489019,6,0.6666666666666666,0.08695652173913043
front3,15,6,69,136,4,3,0.5278770036927836,11,0.2727272727272727,0.15942028985507245
front3,15,10,69,136,4,2,0.4525270017999107,1,0.0,0.014492753623188406
front3,15,10,69,136,4,3,0.42193253023921606,1,1.0,0.014492753623188406
front3,15,13,69,136,4,3,0.3326324224998261,16,0.5,0.2318840579710145
front3,15,1,189,136,5,1,0.5149707607535632,57,0.43859649122807015,0.30158730158730157
front3,15,2,189,136,5,1,0.49407973751572565,20,0.45,0.10582010582010581
front3,15,3,189,136,5,3,0.5700010636919676,1,0.0,0.005291005291005291
front3,15,5,189,136,5,1,0.48627371588065627,6,0.0,0.031746031746031744
front3,15,6,189,136,5,3,0.5107780128644821,23,0.4782608695652174,0.12169312169312169
front3,15,7,189,136,5,1,0.46130739877602833,3,0.6666666666666666,0.015873015873015872
front3,15,8,189,136,5,3,0.40799992611839536,2,0.5,0.010582010582010581
front3,15,10,189,136,5,2,0.4629259797708841,33,0.42424242424242425,0.1746031746031746
front3,15,10,189,136,5,3,0.4401747687501755,1,0.0,0.005291005291005291
front3,15,10,189,136,5,5,0.5132764944203083,2,0.5,0.010582010582010581
front3,15,11,189,136,5,2,0.46493195068241405,4,0.5,0.021164021164021163
front3,15,12,189,136,5,2,0.48014257010382316,13,0.23076923076923078,0.06878306878306878
front3,15,12,189,136,5,3,0.4856948084509882,1,0.0,0.005291005291005291
front3,15,12,189,136,5,5,0.5424491746495442,3,0.6666666666666666,0.015873015873015872
front3,15,13,189,136,5,3,0.3581531948895695,20,0.25,0.10582010582010581
front3,16,2,15,136,1,1,0.5180789685682146,3,0.3333333333333333,0.2
front3,16,5,15,136,1,1,0.5271390980966556,3,1.0,0.2
front3,16,6,15,136,1,3,0.5432615882914292,3,0.3333333333333333,0.2
front3,16,8,15,136,1,3,0.4164476037229696,1,0.0,0.06666666666666667
front3,16,13,15,136,1,3,0.3756538497586804,5,0.6,0.3333333333333333
front3,16,1,58,136,2,1,0.5417599927252048,16,0.375,0.27586206896551724
front3,16,2,58,136,2,1,0.5107417917544547,17,0.47058823529411764,0.29310344827586204
front3,16,3,58,136,2,2,0.564767780856301,1,1.0,0.017241379310344827
front3,16,4,58,136,2,1,0.5391557235130877,2,0.0,0.034482758620689655
front3,16,5,58,136,2,1,0.5202637376140182,1,0.0,0.017241379310344827
front3,16,6,58,136,2,3,0.5389028318034003,2,0.5,0.034482758620689655
front3,16,7,58,136,2,1,0.5034215288490587,3,1.0,0.05172413793103448
front3,16,10,58,136,2,2,0.4660241329386935,11,0.5454545454545454,0.1896551724137931
front3,16,11,58,136,2,2,0.47148128798903727,1,0.0,0.017241379310344827
front3,16,11,58,136,2,3,0.4458798035339695,2,0.0,0.034482758620689655
front3,16,13,58,136,2,3,0.38755511584094093,2,0.5,0.034482758620689655
front3,16,1,14,136,3,1,0.5474356858796605,6,0.3333333333333333,0.42857142857142855
front3,16,5,14,136,3,1,0.5181789979434673,2,1.0,0.14285714285714285
front3,16,6,14,136,3,3,0.5326774987633534,3,0.6666666666666666,0.21428571428571427
front3,16,10,14,136,3,2,0.454670764635336,1,0.0,0.07142857142857142
front3,16,11,14,136,3,2,0.457622252957647,1,0.0,0.07142857142857142
front3,16,13,14,136,3,3,0.34252286972401524,1,0.0,0.07142857142857142
front3,16,1,77,136,4,1,0.5474832567049881,19,0.7894736842105263,0.24675324675324675
front3,16,2,77,136,4,1,0.5194810287958816,11,0.5454545454545454,0.14285714285714285
front3,16,3,77,136,4,2,0.5760450738866247,2,1.0,0.025974025974025976
front3,16,3,77,136,4,3,0.5821475780300284,2,0.0,0.025974025974025976
front3,16,5,77,136,4,1,0.5105776383458019,10,0.6,0.12987012987012986
front3,16,6,77,136,4,3,0.5243490992640724,15,0.2,0.19480519480519481
front3,16,7,77,136,4,1,0.4865401298185573,1,1.0,0.012987012987012988
front3,16,10,77,136,4,2,0.4514072282098364,2,0.5,0.025974025974025976
front3,16,11,77,136,4,2,0.4532572427049963,1,1.0,0.012987012987012988
front3,16,13,77,136,4,3,0.3313012829018784,14,0.35714285714285715,0.18181818181818182
front3,16,1,101,136,5,0,0.014078213147185298,1,0.0,0.009900990099009901
front3,16,1,101,136,5,1,0.4961965998460881,41,0.4878048780487805,0.40594059405940597
front3,16,2,101,136,5,1,0.47697585196171055,12,0.5833333333333334,0.1188118811881188
front3,16,3,101,136,5,2,0.5306816278094308,1,0.0,0.009900990099009901
front3,16,4,101,136,5,1,0.504995308136307,1,1.0,0.009900990099009901
front3,16,5,101,136,5,1,0.46766673534138165,3,0.6666666666666666,0.0297029702970297
front3,16,6,101,136,5,3,0.49180615176743725,12,0.3333333333333333,0.1188118811881188
front3,16,7,101,136,5,1,0.4453837763692477,2,0.5,0.019801980198019802
front3,16,8,101,136,5,3,0.3899144879674883,1,0.0,0.009900990099009901
front3,16,9,101,136,5,2,0.4559353491495967,1,1.0,0.009900990099009901
front3,16,10,101,136,5,2,0.44586323885839785,8,0.375,0.07920792079207921
front3,16,10,101,136,5,3,0.4243263391887874,1,0.0,0.009900990099009901
front3,16,11,101,136,5,2,0.44921511072410153,4,0.25,0.039603960396039604
front3,16,11,101,136,5,3,0.42761425579078577,1,1.0,0.009900990099009901
front3,16,12,101,136,5,2,0.46070330962733036,1,0.0,0.009900990099009901
front3,16,13,101,136,5,3,0.34259022666117755,11,0.2727272727272727,0.10891089108910891
front3,17,13,1,136,1,3,0.3944616098438897,1,0.0,1.0
front3,17,3,1,136,2,2,0.6116124376287096,1,0.0,1.0
front3,17,1,4,136,3,1,0.5678175699658251,2,0.0,0.5
front3,17,5,4,136,3,1,0.5430134853456898,2,1.0,0.5
front3,17,1,13,136,4,1,0.588014535743408,3,0.3333333333333333,0.23076923076923078
front3,17,2,13,136,4,1,0.5598643673039372,2,1.0,0.15384615384615385
front3,17,3,13,136,4,2,0.6135571689467925,1,0.0,0.07692307692307693
front3,17,5,13,136,4,1,0.5645075580270784,4,0.75,0.3076923076923077
front3,17,6,13,136,4,3,0.5794105952538992,1,0.0,0.07692307692307693
front3,17,13,13,136,4,3,0.3637365000696153,2,0.5,0.15384615384615385
front3,17,1,34,136,5,1,0.5012772043485966,14,0.5,0.4117647058823529
front3,17,2,34,136,5,1,0.48147258795035686,4,0.25,0.11764705882352941
front3,17,3,34,136,5,2,0.5343182870889794,2,0.0,0.058823529411764705
front3,17,4,34,136,5,1,0.5137243576273681,1,1.0,0.029411764705882353
front3,17,5,34,136,5,1,0.4903939466640136,1,0.0,0.029411764705882353
front3,17,6,34,136,5,3,0.5121932598471315,2,0.5,0.058823529411764705
front3,17,7,34,136,5,3,0.47121913325344833,1,1.0,0.029411764705882353
front3,17,8,34,136,5,3,0.4006776754551036,1,0.0,0.029411764705882353
front3,17,10,34,136,5,2,0.45412018383502484,6,0.3333333333333333,0.17647058823529413
front3,17,13,34,136,5,3,0.3875451645911002,2,0.5,0.058823529411764705
front3,18,6,11,136,5,3,0.514768733953459,4,0.25,0.36363636363636365
front3,18,10,11,136,5,2,0.49371858489967124,2,1.0,0.18181818181818182
front3,18,12,11,136,5,2,0.5102949652578449,4,0.0,0.36363636363636365
front3,18,13,11,136,5,3,0.4196361577742405,1,1.0,0.09090909090909091
front3,0,1,14,137,0,0,0.008469708378380954,1,0.0,0.07142857142857142
front3,0,1,14,137,0,1,0.5054977664936737,4,0.5,0.2857142857142857
front3,0,2,14,137,0,1,0.4746816839953527,3,0.6666666666666666,0.21428571428571427
front3,0,4,14,137,0,0,0.009296502394526179,2,0.0,0.14285714285714285
front3,0,4,14,137,0,1,0.5090802302916907,1,0.0,0.07142857142857142
front3,0,10,14,137,0,2,0.4190135811816216,2,0.0,0.14285714285714285
front3,0,13,14,137,0,3,0.28703587843863415,1,0.0,0.07142857142857142
front3,15,1,22,137,2,1,0.5130501111097998,5,0.6,0.22727272727272727
front3,15,2,22,137,2,1,0.48591241970169513,7,0.2857142857142857,0.3181818181818182
front3,15,5,22,137,2,1,0.4868194997988354,5,0.2,0.22727272727272727
front3,15,10,22,137,2,2,0.4347127868189013,1,0.0,0.045454545454545456
front3,15,11,22,137,2,2,0.43630911131177225,3,0.6666666666666666,0.13636363636363635
front3,15,13,22,137,2,3,0.34091429090751496,1,0.0,0.045454545454545456
front3,15,1,4,137,3,1,0.5089031597517537,2,0.5,0.5
front3,15,4,4,137,3,1,0.5004083298877934,1,1.0,0.25
front3,15,5,4,137,3,0,0.010364579883054547,1,0.0,0.25
front3,15,2,3,137,4,1,0.493357968690839,1,0.0,0.3333333333333333
front3,15,5,3,137,4,1,0.4868689596061939,2,0.0,0.6666666666666666
front3,15,2,1,137,5,1,0.5207579243240538,1,1.0,1.0
front3,16,2,3,137,5,0,0.009754404473123823,1,0.0,0.3333333333333333
front3,16,4,3,137,5,1,0.45644312316307634,1,1.0,0.3333333333333333
front3,16,5,3,137,5,0,0.009736024121549572,1,0.0,0.3333333333333333
front3,15,1,5,138,2,1,0.5877806593217216,1,1.0,0.2
front3,15,10,5,138,2,2,0.4854201038566255,2,0.5,0.4
front3,15,13,5,138,2,3,0.3935738325929331,2,0.5,0.4
front3,15,1,11,138,3,0,0.01782225264355555,1,0.0,0.09090909090909091
front3,15,1,11,138,3,1,0.5924805326075416,3,1.0,0.2727272727272727
front3,15,2,11,138,3,1,0.5591472446612986,1,0.0,0.09090909090909091
front3,15,10,11,138,3,2,0.479719691700657,2,0.5,0.18181818181818182
front3,15,13,11,138,3,0,0.01721604871131108,1,0.0,0.09090909090909091
front3,15,13,11,138,3,3,0.36099307295268374,3,0.6666666666666666,0.2727272727272727
front3,15,1,10,138,4,1,0.5894800571878405,4,0.5,0.4
front3,15,13,10,138,4,3,0.3461650503456913,6,0.5,0.6
front3,15,1,50,138,5,1,0.5494864594853596,20,0.75,0.4
front3,15,2,50,138,5,1,0.5260371463019728,2,0.0,0.04
front3,15,4,50,138,5,4,0.5961340057863147,3,0.3333333333333333,0.06
front3,15,7,50,138,5,1,0.48503680554271006,1,1.0,0.02
front3,15,10,50,138,5,2,0.47135210298828795,8,0.625,0.16
front3,15,11,50,138,5,2,0.4778065337355114,5,0.4,0.1
front3,15,13,50,138,5,3,0.3639228055373507,11,0.2727272727272727,0.22
front3,16,2,3,138,4,1,0.5443589312354288,3,0.3333333333333333,1.0
front3,16,2,2,138,5,1,0.5166348421626632,2,0.0,1.0
front3,17,1,2,138,5,1,0.5352943732188076,2,0.5,1.0
front3,0,1,21,139,0,1,0.6617834474051896,12,0.5,0.5714285714285714
front3,0,3,21,139,0,3,0.7055238770369793,4,0.75,0.19047619047619047
front3,0,10,21,139,0,2,0.5714759496695433,3,0.6666666666666666,0.14285714285714285
front3,0,11,21,139,0,2,0.5737161547120112,1,1.0,0.047619047619047616
front3,0,11,21,139,0,3,0.5415018520161293,1,0.0,0.047619047619047616
front3,15,1,5,139,3,1,0.6511682179587873,3,1.0,0.6
front3,15,3,5,139,3,3,0.6834670782327088,2,0.5,0.4
front3,15,1,8,139,5,1,0.6073021245407612,6,1.0,0.75
front3,15,5,8,139,5,1,0.5858019220292415,1,0.0,0.125
front3,15,11,8,139,5,2,0.5616173646901861,1,1.0,0.125
front3,16,1,4,139,2,1,0.6325126491530475,4,0.5,1.0
front3,16,1,5,139,3,1,0.638027703754389,4,0.75,0.8
front3,16,6,5,139,3,3,0.6321062505444555,1,1.0,0.2
front3,16,1,2,139,5,1,0.6013863308576877,1,1.0,0.5
front3,16,10,2,139,5,2,0.5696168775130066,1,1.0,0.5
front3,15,1,7,140,2,1,0.5512315054854195,1,0.0,0.14285714285714285
front3,15,7,7,140,2,1,0.49571373921702655,3,0.6666666666666666,0.42857142857142855
front3,15,10,7,140,2,2,0.4525322909671636,2,1.0,0.2857142857142857
front3,15,11,7,140,2,2,0.46254742227137907,1,1.0,0.14285714285714285
front3,15,1,2,140,3,1,0.5555399632167612,2,0.0,1.0
front3,15,1,12,140,4,1,0.5408318074564463,1,1.0,0.08333333333333333
front3,15,5,12,140,4,1,0.505139131094131,3,0.3333333333333333,0.25
front3,15,6,12,140,4,2,0.5205991637928813,4,0.25,0.3333333333333333
front3,15,6,12,140,4,3,0.520445173491889,1,0.0,0.08333333333333333
front3,15,9,12,140,4,2,0.48046107770695895,1,1.0,0.08333333333333333
front3,15,13,12,140,4,3,0.3380555007093897,2,0.5,0.16666666666666666
front3,15,1,30,140,5,1,0.5123153408017889,10,0.6,0.3333333333333333
front3,15,3,30,140,5,2,0.5400929744567361,2,0.5,0.06666666666666667
front3,15,5,30,140,5,1,0.47668959285375867,1,1.0,0.03333333333333333
front3,15,6,30,140,5,2,0.4894414204596998,1,1.0,0.03333333333333333
front3,15,6,30,140,5,3,0.49903841115951175,2,0.5,0.06666666666666667
front3,15,7,30,140,5,1,0.45104006411788206,1,0.0,0.03333333333333333
front3,15,8,30,140,5,3,0.386862062451668,4,1.0,0.13333333333333333
front3,15,9,30,140,5,2,0.45388160287733587,1,1.0,0.03333333333333333
front3,15,10,30,140,5,2,0.44348125051802395,5,0.4,0.16666666666666666
front3,15,10,30,140,5,3,0.4169692081950372,1,0.0,0.03333333333333333
front3,15,11,30,140,5,2,0.4486334428920983,1,0.0,0.03333333333333333
front3,15,13,30,140,5,3,0.33902507487195854,1,1.0,0.03333333333333333
front3,16,5,1,140,1,1,0.5163961258707926,1,1.0,1.0
front3,16,1,6,140,2,1,0.5347351297664774,1,1.0,0.16666666666666666
front3,16,8,6,140,2,3,0.398758665489008,1,0.0,0.16666666666666666
front3,16,10,6,140,2,2,0.4535670019853888,4,0.25,0.6666666666666666
front3,16,1,5,140,3,1,0.5415492566398099,2,0.5,0.4
front3,16,6,5,140,3,3,0.524019938417225,1,0.0,0.2
front3,16,7,5,140,3,1,0.4820877397243716,1,0.0,0.2
front3,16,10,5,140,3,2,0.4418582462961072,1,0.0,0.2
front3,16,2,6,140,4,1,0.5160186187963177,1,0.0,0.16666666666666666
front3,16,3,6,140,4,2,0.5738998364632127,2,1.0,0.3333333333333333
front3,16,5,6,140,4,1,0.5067992969286309,2,0.5,0.3333333333333333
front3,16,13,6,140,4,3,0.35107476033663243,1,0.0,0.16666666666666666
front3,16,1,13,140,5,1,0.4914904133239474,1,1.0,0.07692307692307693
front3,16,3,13,140,5,2,0.5264861941642915,2,0.0,0.15384615384615385
front3,16,5,13,140,5,1,0.45950124696368666,1,1.0,0.07692307692307693
front3,16,6,13,140,5,3,0.48525662422727134,2,1.0,0.15384615384615385
front3,16,8,13,140,5,3,0.38949399994212425,1,0.0,0.07692307692307693
front3,16,10,13,140,5,2,0.44743952160873246,1,1.0,0.07692307692307693
front3,16,13,13,140,5,3,0.35489960147822497,5,0.2,0.38461538461538464
front3,18,9,1,140,4,2,0.49687684050676906,1,1.0,1.0
front3,18,3,2,140,5,2,0.5328626897599349,2,0.5,1.0
front3,15,5,9,141,2,1,0.48292644502424564,2,0.5,0.2222222222222222
front3,15,9,9,141,2,2,0.4647819096782401,1,0.0,0.1111111111111111
front3,15,10,9,141,2,2,0.44094015941902176,5,0.4,0.5555555555555556
front3,15,12,9,141,2,2,0.4372382596982809,1,1.0,0.1111111111111111
front3,15,5,3,141,4,1,0.48399277514547895,1,1.0,0.3333333333333333
front3,15,9,3,141,4,2,0.45741447028249943,1,0.0,0.3333333333333333
front3,15,12,3,141,4,2,0.44575194468027934,1,0.0,0.3333333333333333
front3,15,1,10,141,5,1,0.4829862275660581,1,0.0,0.1
front3,15,10,10,141,5,2,0.437763129667717,6,0.6666666666666666,0.6
front3,15,12,10,141,5,2,0.4516190940573477,3,0.0,0.3
front3,18,10,1,141,5,2,0.4586976136612831,1,0.0,1.0
front3,15,1,5,142,4,1,0.5164333042060032,2,0.5,0.4
front3,15,3,5,142,4,2,0.5566067809694618,1,0.0,0.2
front3,15,13,5,142,4,3,0.29870240246341867,2,0.0,0.4
front3,15,1,18,142,5,1,0.501862893303826,11,0.36363636363636365,0.6111111111111112
front3,15,10,18,142,5,2,0.4656398337660025,5,0.8,0.2777777777777778
front3,15,13,18,142,5,3,0.3504636190661855,2,0.5,0.1111111111111111
front3,15,1,4,143,3,1,0.6360062560020823,2,0.5,0.5
front3,15,12,4,143,3,2,0.543780651677305,1,1.0,0.25
front3,15,12,4,143,3,3,0.5388199163240353,1,0.0,0.25
front3,15,1,6,143,4,1,0.6321521336768332,1,1.0,0.16666666666666666
front3,15,9,6,143,4,2,0.5738748962142121,1,0.0,0.16666666666666666
front3,15,12,6,143,4,2,0.5418976320601994,2,0.0,0.3333333333333333
front3,15,12,6,143,4,3,0.5426250793614334,2,0.0,0.3333333333333333
front3,15,1,12,143,5,1,0.5948159647059513,5,0.8,0.4166666666666667
front3,15,6,12,143,5,3,0.5901722544035691,3,0.6666666666666666,0.25
front3,15,12,12,143,5,3,0.5634620735731446,3,0.6666666666666666,0.25
front3,15,13,12,143,5,3,0.4349267973062531,1,0.0,0.08333333333333333
front3,16,1,3,143,5,1,0.5693027719398865,1,1.0,0.3333333333333333
front3,16,12,3,143,5,2,0.5234935620460336,2,0.0,0.6666666666666666
front3,15,1,72,144,2,1,0.5225994555462066,16,0.4375,0.2222222222222222
front3,15,3,72,144,2,3,0.5385836521396303,1,0.0,0.013888888888888888
front3,15,4,72,144,2,1,0.5165601683045122,1,1.0,0.013888888888888888
front3,15,6,72,144,2,3,0.5101348369547631,1,1.0,0.013888888888888888
front3,15,10,72,144,2,2,0.4350396413035096,24,0.5,0.3333333333333333
front3,15,10,72,144,2,3,0.40034823639979256,2,0.5,0.027777777777777776
front3,15,10,72,144,2,5,0.4909950622619514,2,0.0,0.027777777777777776
front3,15,11,72,144,2,2,0.4393448773115207,11,0.6363636363636364,0.1527777777777778
front3,15,11,72,144,2,3,0.4045422659522291,1,0.0,0.013888888888888888
front3,15,12,72,144,2,2,0.444065754290445,5,0.6,0.06944444444444445
front3,15,13,72,144,2,3,0.3313800114772446,8,0.375,0.1111111111111111
front3,15,1,10,144,3,0,0.012117567449067503,1,0.0,0.1
front3,15,1,10,144,3,1,0.5344699131338924,3,0.0,0.3
front3,15,6,10,144,3,3,0.5089703670845369,1,0.0,0.1
front3,15,7,10,144,3,1,0.4691109636745507,1,0.0,0.1
front3,15,10,10,144,3,2,0.4269677554241909,1,0.0,0.1
front3,15,12,10,144,3,2,0.43852771836265125,2,0.5,0.2
front3,15,13,10,144,3,3,0.3025974672910142,1,1.0,0.1
front3,15,1,37,144,4,1,0.5309359261273966,9,0.4444444444444444,0.24324324324324326
front3,15,2,37,144,4,1,0.501732791238174,1,1.0,0.02702702702702703
front3,15,6,37,144,4,3,0.5081779423286026,17,0.29411764705882354,0.4594594594594595
front3,15,10,37,144,4,2,0.43730327485080484,2,0.5,0.05405405405405406
front3,15,12,37,144,4,2,0.45078139685646385,2,1.0,0.05405405405405406
front3,15,13,37,144,4,0,0.011967528351844024,1,0.0,0.02702702702702703
front3,15,13,37,144,4,3,0.3146087099371045,5,0.0,0.13513513513513514
front3,15,1,67,144,5,1,0.4953921033495718,20,0.2,0.29850746268656714
front3,15,2,67,144,5,1,0.4737049787813163,2,0.0,0.029850746268656716
front3,15,4,67,144,5,1,0.502330444025665,1,0.0,0.014925373134328358
front3,15,5,67,144,5,1,0.4702508943526688,5,0.6,0.07462686567164178
front3,15,6,67,144,5,3,0.48786271009533916,12,0.4166666666666667,0.1791044776119403
front3,15,7,67,144,5,1,0.4382259337536033,1,0.0,0.014925373134328358
front3,15,10,67,144,5,2,0.4309154863953787,12,0.5,0.1791044776119403
front3,15,10,67,144,5,5,0.47495025576027444,1,0.0,0.014925373134328358
front3,15,11,67,144,5,2,0.43346358766118015,2,1.0,0.029850746268656716
front3,15,11,67,144,5,3,0.4052869374614238,2,0.5,0.029850746268656716
front3,15,12,67,144,5,2,0.4483746287396957,2,0.5,0.029850746268656716
front3,15,12,67,144,5,5,0.505258899006873,1,1.0,0.014925373134328358
front3,15,13,67,144,5,0,0.011989854767800066,1,0.0,0.014925373134328358
front3,15,13,67,144,5,3,0.3238343836161333,5,0.0,0.07462686567164178
front3,16,1,3,144,1,1,0.5115279429117113,1,1.0,0.3333333333333333
front3,16,5,3,144,1,1,0.48958849393485354,1,1.0,0.3333333333333333
front3,16,6,3,144,1,3,0.5084702751186131,1,0.0,0.3333333333333333
front3,16,1,10,144,2,1,0.5080244719207739,4,0.5,0.4
front3,16,2,10,144,2,1,0.4778043837107274,2,1.0,0.2
front3,16,10,10,144,2,2,0.4340670091486105,1,1.0,0.1
front3,16,11,10,144,2,2,0.44039592516562376,1,1.0,0.1
front3,16,13,10,144,2,3,0.34507560162740664,2,0.0,0.2
front3,16,1,12,144,3,1,0.5135314265158925,2,0.5,0.16666666666666666
front3,16,5,12,144,3,1,0.48342691686961875,7,0.42857142857142855,0.5833333333333334
front3,16,6,12,144,3,3,0.4985349544496269,1,0.0,0.08333333333333333
front3,16,10,12,144,3,3,0.38679188222811073,1,0.0,0.08333333333333333
front3,16,13,12,144,3,3,0.2862419851942199,1,1.0,0.08333333333333333
front3,16,1,10,144,4,1,0.5137860594073298,1,0.0,0.1
front3,16,2,10,144,4,1,0.4862090811194064,1,1.0,0.1
front3,16,5,10,144,4,1,0.47516782109456324,5,0.2,0.5
front3,16,6,10,144,4,3,0.48967923412372905,2,0.5,0.2
front3,16,13,10,144,4,3,0.3050512334307297,1,0.0,0.1
front3,16,1,26,144,5,1,0.45569135795745286,18,0.5555555555555556,0.6923076923076923
front3,16,2,26,144,5,1,0.43556480753992116,2,0.5,0.07692307692307693
front3,16,6,26,144,5,3,0.45770070202845403,2,0.5,0.07692307692307693
front3,16,11,26,144,5,2,0.4030047564095108,1,0.0,0.038461538461538464
front3,16,13,26,144,5,3,0.2865266207231498,3,0.3333333333333333,0.11538461538461539
front3,18,1,2,144,4,1,0.5249124371171492,1,1.0,0.5
front3,18,6,2,144,4,3,0.5269552373926809,1,0.0,0.5
front3,18,1,3,144,5,0,0.011759121451241748,1,0.0,0.3333333333333333
front3,18,12,3,144,5,2,0.46926811129898605,1,1.0,0.3333333333333333
front3,18,13,3,144,5,3,0.3692149652432393,1,1.0,0.3333333333333333
front3,15,10,1,145,2,2,0.39694655574645815,1,0.0,1.0
front3,15,5,3,145,3,1,0.4372445668013068,1,0.0,0.3333333333333333
front3,15,6,3,145,3,3,0.45338814918212567,1,0.0,0.3333333333333333
front3,15,13,3,145,3,3,0.2974802161546504,1,0.0,0.3333333333333333
front3,15,1,4,145,4,1,0.45971501915763346,1,0.0,0.25
front3,15,3,4,145,4,2,0.49472044190931114,3,0.6666666666666666,0.75
front3,15,3,10,145,5,2,0.45165498190292774,1,0.0,0.1
front3,15,5,10,145,5,1,0.40372858900131925,2,0.0,0.2
front3,15,6,10,145,5,3,0.4284258139364602,1,1.0,0.1
front3,15,10,10,145,5,2,0.39323549570091265,5,0.2,0.5
front3,15,12,10,145,5,2,0.40430244816837585,1,0.0,0.1
front3,15,3,8,146,2,3,0.5629036963720983,3,0.0,0.375
front3,15,9,8,146,2,2,0.5276335334105883,2,0.0,0.25
front3,15,12,8,146,2,2,0.5021308511515217,3,0.6666666666666666,0.375
front3,15,12,1,146,3,2,0.4878367356729859,1,0.0,1.0
front3,15,12,2,146,4,2,0.5092441310969186,2,0.5,1.0
front3,15,3,13,146,5,3,0.629400680903405,2,1.0,0.15384615384615385
front3,15,8,13,146,5,3,0.4773798169056143,1,0.0,0.07692307692307693
front3,15,10,13,146,5,2,0.5364902732329669,10,0.6,0.7692307692307693
front3,18,10,5,146,5,2,0.5308050016692403,4,0.75,0.8
front3,18,12,5,146,5,2,0.5382256085368179,1,1.0,0.2
front3,15,1,1,147,3,1,0.608996410516311,1,0.0,1.0
front3,15,1,12,147,4,1,0.606523845542169,9,0.6666666666666666,0.75
front3,15,5,12,147,4,1,0.5690139434461572,2,0.0,0.16666666666666666
front3,15,13,12,147,4,3,0.3902161717271689,1,1.0,0.08333333333333333
front3,15,1,4,147,5,1,0.5692066656083711,2,0.5,0.5
front3,15,2,4,147,5,1,0.5497932911256332,2,0.5,0.5
front3,15,1,15,148,2,1,0.4990526898466136,10,0.3,0.6666666666666666
front3,15,7,15,148,2,1,0.4599850455056945,1,1.0,0.06666666666666667
front3,15,10,15,148,2,2,0.4258078148642879,2,0.5,0.13333333333333333
front3,15,13,15,148,2,3,0.3461265518013923,2,0.5,0.13333333333333333
front3,15,1,4,148,3,1,0.5154123046952136,2,1.0,0.5
front3,15,6,4,148,3,3,0.4874489162020954,1,1.0,0.25
front3,15,10,4,148,3,2,0.40053247973923006,1,0.0,0.25
front3,15,1,5,148,4,1,0.5023397215678507,1,1.0,0.2
front3,15,2,5,148,4,1,0.472096008345965,2,0.0,0.4
front3,15,4,5,148,4,1,0.5018480948860689,2,0.5,0.4
front3,15,1,31,148,5,1,0.4723193134516409,14,0.42857142857142855,0.45161290322580644
front3,15,2,31,148,5,1,0.4516872576366215,2,0.0,0.06451612903225806
front3,15,4,31,148,5,1,0.4788014442679623,1,1.0,0.03225806451612903
front3,15,5,31,148,5,1,0.44163855082238557,3,0.6666666666666666,0.0967741935483871
front3,15,6,31,148,5,3,0.46735986606812757,3,0.0,0.0967741935483871
front3,15,10,31,148,5,2,0.424124796256503,5,0.4,0.16129032258064516
front3,15,13,31,148,5,3,0.32176700609920417,3,0.6666666666666666,0.0967741935483871
front3,16,1,6,148,3,1,0.497963645065336,3,0.6666666666666666,0.5
front3,16,6,6,148,3,3,0.4815511903083077,2,1.0,0.3333333333333333
front3,16,7,6,148,3,1,0.44460052818687995,1,1.0,0.16666666666666666
front3,16,1,3,148,4,1,0.49189873541961804,2,0.5,0.6666666666666666
front3,16,13,3,148,4,3,0.2948187774676312,1,0.0,0.3333333333333333
front3,16,1,14,148,5,1,0.45100152490496276,10,0.3,0.7142857142857143
front3,16,10,14,148,5,0,0.010128705758353534,1,0.0,0.07142857142857142
front3,16,10,14,148,5,2,0.39811944703089724,2,0.0,0.14285714285714285
front3,16,13,14,148,5,3,0.30207996790860386,1,0.0,0.07142857142857142
front3,18,2,1,148,5,1,0.4262115327459397,1,0.0,1.0
front3,15,1,5,149,2,1,0.4263187408897558,2,1.0,0.4
front3,15,10,5,149,2,2,0.3522138976939943,2,0.0,0.4
front3,15,11,5,149,2,2,0.3530354094496238,1,0.0,0.2
front3,15,1,9,149,3,1,0.4331869367596613,3,0.6666666666666666,0.3333333333333333
front3,15,2,9,149,3,1,0.40443183137388694,1,0.0,0.1111111111111111
front3,15,5,9,149,3,1,0.3981381197276542,1,1.0,0.1111111111111111
front3,15,10,9,149,3,2,0.34231948576649196,1,0.0,0.1111111111111111
front3,15,13,9,149,3,3,0.22727797375867903,3,0.0,0.3333333333333333
front3,15,1,10,149,4,1,0.43578000855594085,3,1.0,0.3
front3,15,2,10,149,4,1,0.40783228944607464,2,0.0,0.2
front3,15,3,10,149,4,2,0.4682753673743293,1,0.0,0.1
front3,15,5,10,149,4,1,0.400302079430278,2,0.0,0.2
front3,15,13,10,149,4,3,0.23451273180976356,2,0.0,0.2
front3,15,1,11,149,5,1,0.4015274337458481,4,0.5,0.36363636363636365
front3,15,2,11,149,5,1,0.38332446792200003,2,0.5,0.18181818181818182
front3,15,5,11,149,5,1,0.3747163251303697,3,0.0,0.2727272727272727
front3,15,11,11,149,5,3,0.34313689158383764,1,0.0,0.09090909090909091
front3,15,13,11,149,5,0,0.006820880392129117,1,0.0,0.09090909090909091
front3,15,13,2,150,1,3,0.4022492885733151,2,0.5,1.0
front3,15,1,8,150,2,1,0.563624725599568,2,0.5,0.25
front3,15,2,8,150,2,1,0.5307132561730302,2,1.0,0.25
front3,15,6,8,150,2,3,0.5525028393825586,1,0.0,0.125
front3,15,10,8,150,2,2,0.47704736905126943,2,0.0,0.25
front3,15,10,8,150,2,3,0.44474219025908224,1,0.0,0.125
front3,15,4,3,150,3,1,0.5633129404180827,1,1.0,0.3333333333333333
front3,15,5,3,150,3,1,0.534080023139352,1,1.0,0.3333333333333333
front3,15,7,3,150,3,1,0.49959682134603417,1,1.0,0.3333333333333333
front3,15,1,15,150,4,1,0.573335185380296,8,0.625,0.5333333333333333
front3,15,2,15,150,4,1,0.5398718013794278,1,0.0,0.06666666666666667
front3,15,3,15,150,4,2,0.5841342969693806,1,1.0,0.06666666666666667
front3,15,6,15,150,4,3,0.539180610374899,5,0.8,0.3333333333333333
front3,15,1,30,150,5,1,0.5255155129329994,13,0.5384615384615384,0.43333333333333335
front3,15,2,30,150,5,1,0.5021971802051379,1,1.0,0.03333333333333333
front3,15,5,30,150,5,1,0.49557697994639816,1,0.0,0.03333333333333333
front3,15,6,30,150,5,3,0.5130058992349709,6,0.3333333333333333,0.2
front3,15,10,30,150,5,2,0.4493260157684626,2,0.5,0.06666666666666667
front3,15,11,30,150,5,2,0.4560157874334418,4,0.75,0.13333333333333333
front3,15,13,30,150,5,3,0.3368954606778825,3,0.6666666666666666,0.1
front3,16,6,1,150,1,3,0.5525005527056479,1,1.0,1.0
front3,16,1,3,150,2,1,0.5535637644295887,2,0.0,0.6666666666666666
front3,16,6,3,150,2,3,0.5496844897945173,1,1.0,0.3333333333333333
front3,16,1,13,150,4,1,0.5552706164595449,1,1.0,0.07692307692307693
front3,16,3,13,150,4,2,0.58715843171825,3,0.6666666666666666,0.23076923076923078
front3,16,3,13,150,4,3,0.5928574829035396,1,1.0,0.07692307692307693
front3,16,6,13,150,4,3,0.5376013972758419,7,0.42857142857142855,0.5384615384615384
front3,16,13,13,150,4,3,0.3491106219447471,1,0.0,0.07692307692307693
front3,16,1,11,150,5,1,0.5140769231618103,6,0.5,0.5454545454545454
front3,16,2,11,150,5,1,0.4947022873837825,1,0.0,0.09090909090909091
front3,16,13,11,150,5,3,0.3617105503758875,4,0.75,0.36363636363636365
front3,17,13,1,150,1,3,0.40225027879563047,1,1.0,1.0
front3,17,1,17,150,4,1,0.5900026631545926,4,0.25,0.23529411764705882
front3,17,2,17,150,4,1,0.5614766429787906,1,1.0,0.058823529411764705
front3,17,6,17,150,4,3,0.5741153897987678,9,0.3333333333333333,0.5294117647058824
front3,17,7,17,150,4,1,0.5323219102322865,1,1.0,0.058823529411764705
front3,17,13,17,150,4,3,0.36518492810810294,2,0.0,0.11764705882352941
front3,17,1,15,150,5,1,0.5150781716125892,9,0.6666666666666666,0.6
front3,17,4,15,150,5,1,0.5219340951590988,1,0.0,0.06666666666666667
front3,17,6,15,150,5,3,0.5180700981011196,1,0.0,0.06666666666666667
front3,17,10,15,150,5,2,0.44656506914562766,3,0.6666666666666666,0.2
front3,17,11,15,150,5,2,0.4559272502321216,1,1.0,0.06666666666666667
front3,18,1,3,150,4,1,0.5759174481651578,1,1.0,0.3333333333333333
front3,18,6,3,150,4,3,0.5678397901522074,2,0.5,0.6666666666666666
front3,18,1,4,150,5,1,0.5036614465777063,3,0.3333333333333333,0.75
front3,18,10,4,150,5,2,0.48115947588090746,1,0.0,0.25
front3,15,1,14,151,2,1,0.5834566858654012,3,0.6666666666666666,0.21428571428571427
front3,15,10,14,151,2,2,0.4852667953648337,6,0.6666666666666666,0.42857142857142855
front3,15,11,14,151,2,2,0.49515833448261787,5,0.2,0.35714285714285715
front3,15,1,1,151,3,1,0.5905865989993874,1,1.0,1.0
front3,15,1,4,151,4,1,0.5888955546923174,2,1.0,0.5
front3,15,6,4,151,4,3,0.5510744467173838,1,0.0,0.25
front3,15,10,4,151,4,3,0.41601191435772045,1,0.0,0.25
front3,15,1,7,151,5,1,0.528963366451159,5,0.4,0.7142857142857143
front3,15,10,7,151,5,2,0.43251451111216965,1,0.0,0.14285714285714285
front3,15,13,7,151,5,3,0.2960523599869318,1,0.0,0.14285714285714285
front3,16,10,1,151,4,3,0.4338244961623529,1,0.0,1.0
front3,15,1,2,152,1,1,0.5258025376377684,1,0.0,0.5
front3,15,6,2,152,1,3,0.520750369436152,1,1.0,0.5
front3,15,1,7,152,2,1,0.5322239781990619,1,1.0,0.14285714285714285
front3,15,3,7,152,2,2,0.5553790662734553,2,0.5,0.2857142857142857
front3,15,5,7,152,2,1,0.5054072961946768,2,0.5,0.2857142857142857
front3,15,10,7,152,2,2,0.4405466634107625,1,1.0,0.14285714285714285
front3,15,10,7,152,2,3,0.40834682554829177,1,0.0,0.14285714285714285
front3,15,1,8,152,3,1,0.5222461964687641,1,1.0,0.125
front3,15,3,8,152,3,2,0.5528943943936199,3,0.6666666666666666,0.375
front3,15,5,8,152,3,1,0.4875048543039285,1,0.0,0.125
front3,15,6,8,152,3,3,0.5042271295284988,1,1.0,0.125
front3,15,10,8,152,3,2,0.43644897773620595,1,0.0,0.125
front3,15,13,8,152,3,3,0.3476333852124686,1,1.0,0.125
front3,15,1,10,152,4,1,0.5233412424018106,5,0.4,0.5
front3,15,10,10,152,4,2,0.4307785031448728,4,0.75,0.4
front3,15,10,10,152,4,3,0.40308055473799004,1,1.0,0.1
front3,15,1,15,152,5,1,0.4947597114600438,5,0.0,0.3333333333333333
front3,15,3,15,152,5,2,0.5336916435069442,2,0.5,0.13333333333333333
front3,15,6,15,152,5,3,0.49302383058139715,3,1.0,0.2
front3,15,8,15,152,5,3,0.3941032336301294,1,0.0,0.06666666666666667
front3,15,10,15,152,5,2,0.45564988995285816,3,0.3333333333333333,0.2
front3,15,12,15,152,5,5,0.5301247536056369,1,1.0,0.06666666666666667
front3,16,1,1,152,3,1,0.5249379844006179,1,1.0,1.0
front3,16,1,7,152,4,1,0.5188056839886475,5,0.6,0.7142857142857143
front3,16,10,7,152,4,2,0.42916375386187017,2,0.0,0.2857142857142857
front3,16,1,3,152,5,1,0.47464498867487387,1,0.0,0.3333333333333333
front3,16,3,3,152,5,3,0.5397315671374243,1,1.0,0.3333333333333333
front3,16,10,3,152,5,2,0.44115114562410523,1,0.0,0.3333333333333333
front3,18,3,2,152,4,2,0.5617591773956736,1,0.0,0.5
front3,18,10,2,152,4,2,0.4773989469618536,1,1.0,0.5
front3,18,3,1,152,5,2,0.5102245885450347,1,1.0,1.0
front3,15,1,1,153,1,1,0.5200285765935196,1,0.0,1.0
front3,15,1,37,153,2,0,0.010992558565910715,1,0.0,0.02702702702702703
front3,15,1,37,153,2,1,0.5074308721104609,16,0.5625,0.43243243243243246
front3,15,2,37,153,2,1,0.4744565419965591,5,0.2,0.13513513513513514
front3,15,4,37,153,2,4,0.525026322296766,1,0.0,0.02702702702702703
front3,15,6,37,153,2,3,0.49651135323569584,1,0.0,0.02702702702702703
front3,15,7,37,153,2,3,0.44719270229587516,1,0.0,0.02702702702702703
front3,15,10,37,153,2,2,0.4196543766638149,5,0.6,0.13513513513513514
front3,15,10,37,153,2,5,0.4804675634324639,1,1.0,0.02702702702702703
front3,15,11,37,153,2,2,0.42471405607058177,1,1.0,0.02702702702702703
front3,15,12,37,153,2,2,0.4380936999057864,1,0.0,0.02702702702702703
front3,15,13,37,153,2,3,0.3345387629760957,4,0.0,0.10810810810810811
front3,15,1,31,153,3,1,0.5235142517277692,18,0.4444444444444444,0.5806451612903226
front3,15,2,31,153,3,1,0.4885948813763033,1,1.0,0.03225806451612903
front3,15,6,31,153,3,3,0.4924289088835313,6,0.6666666666666666,0.1935483870967742
front3,15,7,31,153,3,1,0.4500840333104212,2,0.5,0.06451612903225806
front3,15,9,31,153,3,3,0.4010641084421161,1,0.0,0.03225806451612903
front3,15,10,31,153,3,2,0.4043322560978232,2,0.5,0.06451612903225806
front3,15,12,31,153,3,0,0.010875581183863385,1,0.0,0.03225806451612903
front3,15,1,55,153,4,1,0.5147084692344727,21,0.5714285714285714,0.38181818181818183
front3,15,2,55,153,4,1,0.4830040878924597,8,0.625,0.14545454545454545
front3,15,6,55,153,4,3,0.4856402629148854,14,0.5,0.2545454545454545
front3,15,7,55,153,4,3,0.43122306681677647,1,1.0,0.01818181818181818
front3,15,9,55,153,4,2,0.43222307965810025,2,0.0,0.03636363636363636
front3,15,12,55,153,4,2,0.4264334547630532,1,0.0,0.01818181818181818
front3,15,12,55,153,4,5,0.4972192808207526,1,0.0,0.01818181818181818
front3,15,13,55,153,4,3,0.2905224892858835,7,0.2857142857142857,0.12727272727272726
front3,15,1,61,153,5,0,0.01070829536956847,1,0.0,0.01639344262295082
front3,15,1,61,153,5,1,0.47803488993407994,19,0.42105263157894735,0.3114754098360656
front3,15,2,61,153,5,1,0.45499534515639767,5,0.6,0.08196721311475409
front3,15,6,61,153,5,3,0.46451087734916835,17,0.23529411764705882,0.2786885245901639
front3,15,9,61,153,5,2,0.4151998917114893,1,1.0,0.01639344262295082
front3,15,9,61,153,5,3,0.3965712697707499,2,0.5,0.03278688524590164
front3,15,10,61,153,5,2,0.40378787954144824,7,0.5714285714285714,0.11475409836065574
front3,15,11,61,153,5,2,0.40931550998843824,4,0.25,0.06557377049180328
front3,15,11,61,153,5,3,0.3798059696381287,1,0.0,0.01639344262295082
front3,15,13,61,153,5,3,0.300137654817934,4,0.5,0.06557377049180328
front3,16,1,1,153,2,1,0.49775850699601903,1,1.0,1.0
front3,16,1,9,153,3,1,0.5042710140906941,5,0.2,0.5555555555555556
front3,16,6,9,153,3,3,0.48879226264766895,2,0.5,0.2222222222222222
front3,16,12,9,153,3,2,0.42906967315934313,1,0.0,0.1111111111111111
front3,16,13,9,153,3,3,0.30110541753106,1,0.0,0.1111111111111111
front3,16,6,1,153,4,3,0.4777449802444872,1,1.0,1.0
front3,17,1,1,153,2,1,0.5760081733369045,1,1.0,1.0
front3,17,6,1,153,4,2,0.48580773741746647,1,1.0,1.0
front3,17,1,3,153,5,1,0.43217320731347536,1,0.0,0.3333333333333333
front3,17,6,3,153,5,3,0.4692048184721502,1,0.0,0.3333333333333333
front3,17,12,3,153,5,2,0.39598071020102726,1,0.0,0.3333333333333333
front3,15,1,5,154,2,1,0.610428403310985,2,0.0,0.4
front3,15,10,5,154,2,2,0.5135509287162555,1,0.0,0.2
front3,15,11,5,154,2,2,0.5234040500600594,2,0.5,0.4
front3,15,1,6,154,3,1,0.6188144527428128,5,0.8,0.8333333333333334
front3,15,11,6,154,3,3,0.4729984323711267,1,1.0,0.16666666666666666
front3,15,1,3,154,4,1,0.6114275305223975,2,0.5,0.6666666666666666
front3,15,13,3,154,4,3,0.3381970431459254,1,0.0,0.3333333333333333
front3,15,1,3,154,5,1,0.556603447740783,1,0.0,0.3333333333333333
front3,15,10,3,154,5,2,0.46063222438392265,1,1.0,0.3333333333333333
front3,15,11,3,154,5,2,0.470470290338513,1,1.0,0.3333333333333333
front3,0,1,29,155,0,1,0.4831963002117094,7,0.42857142857142855,0.2413793103448276
front3,0,3,29,155,0,3,0.5390292381829188,1,0.0,0.034482758620689655
front3,0,10,29,155,0,2,0.4050633071040982,20,0.35,0.6896551724137931
front3,0,11,29,155,0,2,0.4049640099870071,1,0.0,0.034482758620689655
front3,15,1,27,155,2,1,0.4744308125724374,6,0.6666666666666666,0.2222222222222222
front3,15,3,27,155,2,3,0.49382261844040876,6,0.5,0.2222222222222222
front3,15,7,27,155,2,3,0.412439825170873,1,0.0,0.037037037037037035
front3,15,10,27,155,2,2,0.39097579985432096,12,0.4166666666666667,0.4444444444444444
front3,15,11,27,155,2,2,0.3917187923697953,2,0.5,0.07407407407407407
front3,15,1,20,155,3,1,0.47781190323397205,5,0.6,0.25
front3,15,3,20,155,3,3,0.5166426348841247,5,0.8,0.25
front3,15,10,20,155,3,2,0.3978981387227399,7,0.42857142857142855,0.35
front3,15,11,20,155,3,2,0.3940116664308421,2,0.5,0.1
front3,15,13,20,155,3,3,0.2832693614750736,1,0.0,0.05
front3,15,1,19,155,4,1,0.4800277218334951,3,0.0,0.15789473684210525
front3,15,3,19,155,4,3,0.5122887772859691,3,0.6666666666666666,0.15789473684210525
front3,15,7,19,155,4,3,0.40695380878569104,1,0.0,0.05263157894736842
front3,15,10,19,155,4,2,0.38220962026365407,9,0.3333333333333333,0.47368421052631576
front3,15,10,19,155,4,5,0.4430138071225212,1,1.0,0.05263157894736842
front3,15,11,19,155,4,2,0.3820422293204528,2,0.0,0.10526315789473684
front3,15,1,44,155,5,1,0.4499475829790139,16,0.625,0.36363636363636365
front3,15,3,44,155,5,3,0.5045143701883139,3,1.0,0.06818181818181818
front3,15,6,44,155,5,3,0.44627320432065115,1,0.0,0.022727272727272728
front3,15,10,44,155,5,2,0.3949967884712752,21,0.5238095238095238,0.4772727272727273
front3,15,11,44,155,5,2,0.39325913774667426,3,0.0,0.06818181818181818
front3,16,1,1,155,2,1,0.4572162406724042,1,0.0,1.0
front3,16,1,10,155,3,1,0.47079053016530736,3,1.0,0.3
front3,16,3,10,155,3,3,0.5112714253844797,3,0.3333333333333333,0.3
front3,16,10,10,155,3,2,0.3981522594181043,3,0.3333333333333333,0.3
front3,16,10,10,155,3,3,0.37041514870255166,1,1.0,0.1
front3,16,1,7,155,4,1,0.4722802167393435,3,0.6666666666666666,0.42857142857142855
front3,16,6,7,155,4,3,0.45044338707755877,1,1.0,0.14285714285714285
front3,16,7,7,155,4,3,0.4121250453767768,1,1.0,0.14285714285714285
front3,16,10,7,155,4,2,0.39027863028346527,1,0.0,0.14285714285714285
front3,16,11,7,155,4,2,0.38609583364972716,1,0.0,0.14285714285714285
front3,16,1,11,155,5,1,0.43191578115376283,2,0.5,0.18181818181818182
front3,16,3,11,155,5,3,0.4955304157405882,1,0.0,0.09090909090909091
front3,16,5,11,155,5,1,0.40680094560661073,2,0.5,0.18181818181818182
front3,16,7,11,155,5,3,0.40410587984086543,1,0.0,0.09090909090909091
front3,16,10,11,155,5,2,0.39859529723052456,4,0.75,0.36363636363636365
front3,16,11,11,155,5,2,0.39672604687033036,1,1.0,0.09090909090909091
front3,17,3,2,155,1,3,0.5221258091738873,1,1.0,0.5
front3,17,10,2,155,1,2,0.41624768542982826,1,0.0,0.5
front3,17,10,2,155,2,2,0.44652290472787626,2,0.0,1.0
front3,17,1,7,155,4,1,0.4932869211998308,4,0.5,0.5714285714285714
front3,17,3,7,155,4,3,0.5272818738221167,1,1.0,0.14285714285714285
front3,17,11,7,155,4,2,0.39976799653772893,2,0.5,0.2857142857142857
front3,17,1,12,155,5,1,0.42050759175980135,8,0.375,0.6666666666666666
front3,17,3,12,155,5,3,0.4707038546472249,1,1.0,0.08333333333333333
front3,17,10,12,155,5,2,0.3764435228329832,3,0.3333333333333333,0.25
front3,15,1,2,156,2,1,0.5329974854399555,2,0.5,1.0
front3,15,1,13,156,3,1,0.5328393108240298,12,0.5833333333333334,0.9230769230769231
front3,15,5,13,156,3,1,0.5049867181996374,1,1.0,0.07692307692307693
front3,15,1,1,156,4,1,0.6103821611590553,1,1.0,1.0
front3,15,1,7,156,5,1,0.499726595243504,7,0.2857142857142857,1.0
front3,16,11,1,156,3,2,0.48392383986769966,1,0.0,1.0
front3,16,1,3,156,4,1,0.5266271018693947,2,0.5,0.6666666666666666
front3,16,11,3,156,4,2,0.46562196520374305,1,0.0,0.3333333333333333
front3,16,1,1,156,5,1,0.6307617164139604,1,1.0,1.0
front3,17,10,1,156,2,2,0.4858161739027205,1,1.0,1.0
front3,17,1,2,156,3,1,0.5430818490387024,1,1.0,0.5
front3,17,11,2,156,3,3,0.43554912430902043,1,1.0,0.5
front3,17,1,11,156,4,1,0.5717916521462191,6,0.5,0.5454545454545454
front3,17,3,11,156,4,3,0.6070615446280493,2,0.5,0.18181818181818182
front3,17,6,11,156,4,3,0.5638839237846653,2,1.0,0.18181818181818182
front3,17,10,11,156,4,2,0.4844037975318736,1,0.0,0.09090909090909091
front3,17,1,22,156,5,1,0.4864924587805111,15,0.4,0.6818181818181818
front3,17,3,22,156,5,3,0.540929264922807,3,0.6666666666666666,0.13636363636363635
front3,17,10,22,156,5,2,0.44435105597943386,1,0.0,0.045454545454545456
front3,17,11,22,156,5,2,0.44933644527073463,3,0.0,0.13636363636363635
front3,0,1,69,157,0,0,0.009703356966032195,1,0.0,0.014492753623188406
front3,0,1,69,157,0,1,0.5264381208350682,32,0.53125,0.463768115942029
front3,0,2,69,157,0,1,0.49425714798540255,4,0.75,0.057971014492753624
front3,0,4,69,157,0,1,0.5235035990409203,3,0.0,0.043478260869565216
front3,0,5,69,157,0,1,0.4854794302774242,2,1.0,0.028985507246376812
front3,0,6,69,157,0,3,0.49780722454103105,3,0.3333333333333333,0.043478260869565216
front3,0,7,69,157,0,0,0.01063521099828362,1,0.0,0.014492753623188406
front3,0,7,69,157,0,1,0.46112463839831247,3,0.3333333333333333,0.043478260869565216
front3,0,10,69,157,0,2,0.4222503647679512,5,0.0,0.07246376811594203
front3,0,11,69,157,0,2,0.4262299836792062,8,0.125,0.11594202898550725
front3,0,13,69,157,0,3,0.27694412021327774,7,0.8571428571428571,0.10144927536231885
front3,15,1,5,157,1,1,0.5128625004404813,3,0.6666666666666666,0.6
front3,15,5,5,157,1,1,0.4951169208906464,2,1.0,0.4
front3,15,1,10,157,2,1,0.5192499270321718,3,0.3333333333333333,0.3
front3,15,4,10,157,2,1,0.5078306932150165,1,0.0,0.1
front3,15,10,10,157,2,2,0.41705337762902445,3,1.0,0.3
front3,15,11,10,157,2,2,0.42459601434806854,3,0.6666666666666666,0.3
front3,15,1,4,157,3,0,0.01176607935569936,1,0.0,0.25
front3,15,1,4,157,3,1,0.5342683066283758,2,0.5,0.5
front3,15,4,4,157,3,1,0.5194677430195725,1,0.0,0.25
front3,15,1,30,157,4,1,0.5234278240135929,15,0.5333333333333333,0.5
front3,15,2,30,157,4,1,0.4911255437597582,2,0.5,0.06666666666666667
front3,15,4,30,157,4,1,0.5167103648516618,2,0.5,0.06666666666666667
front3,15,5,30,157,4,1,0.4830235339546238,2,0.0,0.06666666666666667
front3,15,6,30,157,4,3,0.49272087881644655,2,0.5,0.06666666666666667
front3,15,7,30,157,4,1,0.4502734589565869,1,0.0,0.03333333333333333
front3,15,11,30,157,4,2,0.41541273533698647,1,1.0,0.03333333333333333
front3,15,11,30,157,4,3,0.3821246609024161,1,0.0,0.03333333333333333
front3,15,13,30,157,4,3,0.28460538473610353,4,0.0,0.13333333333333333
front3,15,1,56,157,5,1,0.4829002142002889,24,0.625,0.42857142857142855
front3,15,2,56,157,5,1,0.46115170373291964,3,0.3333333333333333,0.05357142857142857
front3,15,4,56,157,5,1,0.4869266144882497,4,0.25,0.07142857142857142
front3,15,6,56,157,5,3,0.4709204151312463,2,1.0,0.03571428571428571
front3,15,7,56,157,5,1,0.4247374378937056,2,0.5,0.03571428571428571
front3,15,10,56,157,5,2,0.41701170240448737,8,0.5,0.14285714285714285
front3,15,11,56,157,5,2,0.41899038324335686,8,0.75,0.14285714285714285
front3,15,13,56,157,5,3,0.30333232444319946,5,0.2,0.08928571428571429
front3,17,13,1,157,4,3,0.3321629717613831,1,0.0,1.0
front3,17,1,18,157,5,1,0.44987925442434157,7,0.2857142857142857,0.3888888888888889
front3,17,4,18,157,5,1,0.46753354438656036,1,0.0,0.05555555555555555
front3,17,10,18,157,5,2,0.42428303225410624,4,0.25,0.2222222222222222
front3,17,11,18,157,5,2,0.429378626553533,3,0.6666666666666666,0.16666666666666666
front3,17,11,18,157,5,3,0.404622661798995,1,0.0,0.05555555555555555
front3,17,13,18,157,5,3,0.33097684948617073,2,0.5,0.1111111111111111
front3,0,1,33,158,0,1,0.5855306133203609,12,0.3333333333333333,0.36363636363636365
front3,0,2,33,158,0,1,0.5528713247802958,1,0.0,0.030303030303030304
front3,0,3,33,158,0,2,0.6293912420109846,1,1.0,0.030303030303030304
front3,0,5,33,158,0,1,0.5563724598029208,1,1.0,0.030303030303030304
front3,0,6,33,158,0,3,0.5632518227160503,7,0.7142857142857143,0.21212121212121213
front3,0,7,33,158,0,3,0.5070968485891814,1,0.0,0.030303030303030304
front3,0,10,33,158,0,2,0.4838812980260002,6,0.8333333333333334,0.18181818181818182
front3,0,10,33,158,0,3,0.45058581081598265,1,1.0,0.030303030303030304
front3,0,11,33,158,0,3,0.45711778713339973,2,0.5,0.06060606060606061
front3,0,13,33,158,0,3,0.3548250370457443,1,0.0,0.030303030303030304
front3,15,6,1,158,1,3,0.5672649607099376,1,1.0,1.0
front3,15,2,4,158,2,1,0.5408090512479229,1,1.0,0.25
front3,15,6,4,158,2,3,0.5631083776115874,2,1.0,0.5
front3,15,13,4,158,2,0,0.01678335932614898,1,0.0,0.25
front3,15,1,10,158,3,1,0.5879924682601925,3,0.6666666666666666,0.3
front3,15,2,10,158,3,1,0.5538611700434263,1,1.0,0.1
front3,15,6,10,158,3,3,0.5566019952269061,2,0.0,0.2
front3,15,7,10,158,3,1,0.5086022980014417,3,0.0,0.3
front3,15,11,10,158,3,2,0.46956439720683996,1,0.0,0.1
front3,15,1,4,158,4,1,0.5738686939749873,1,0.0,0.25
front3,15,6,4,158,4,3,0.5515427075535289,3,0.0,0.75
front3,15,1,6,158,5,1,0.5368596617864164,1,0.0,0.16666666666666666
front3,15,5,6,158,5,1,0.5008463859310862,1,1.0,0.16666666666666666
front3,15,6,6,158,5,3,0.5217593826340116,4,0.25,0.6666666666666666
front3,15,1,1,159,2,1,0.46918010225587176,1,0.0,1.0
front3,15,1,3,159,4,1,0.4960819173238404,3,0.0,1.0
front3,15,1,36,159,5,1,0.4471686016769203,24,0.2916666666666667,0.6666666666666666
front3,15,2,36,159,5,1,0.4261218644404171,4,0.5,0.1111111111111111
front3,15,5,36,159,5,1,0.4196118976006662,1,0.0,0.027777777777777776
front3,15,6,36,159,5,3,0.4388554941746978,3,0.6666666666666666,0.08333333333333333
front3,15,8,36,159,5,3,0.3313027085594155,1,0.0,0.027777777777777776
front3,15,10,36,159,5,2,0.39177013523309556,1,0.0,0.027777777777777776
front3,15,11,36,159,5,2,0.3922229371876641,2,0.0,0.05555555555555555
front3,15,3,7,160,2,3,0.5860309348250609,2,0.5,0.2857142857142857
front3,15,9,7,160,2,2,0.5279199166269486,1,1.0,0.14285714285714285
front3,15,10,7,160,2,2,0.5060570027179002,3,1.0,0.42857142857142855
front3,15,12,7,160,2,2,0.5143246397248638,1,1.0,0.14285714285714285
front3,15,2,7,160,3,1,0.5658581301627336,1,0.0,0.14285714285714285
front3,15,5,7,160,3,1,0.5605907099977937,2,0.0,0.2857142857142857
front3,15,6,7,160,3,3,0.5764636136842148,3,0.6666666666666666,0.42857142857142855
front3,15,9,7,160,3,2,0.5359986823478355,1,0.0,0.14285714285714285
front3,15,6,1,160,4,3,0.5603539210105408,1,0.0,1.0
front3,15,3,14,160,5,3,0.6145812776534187,2,0.0,0.14285714285714285
front3,15,5,14,160,5,0,0.018734219790941847,1,0.0,0.07142857142857142
front3,15,5,14,160,5,1,0.5335060288538792,1,1.0,0.07142857142857142
front3,15,6,14,160,5,3,0.5564941580039277,2,0.5,0.14285714285714285
front3,15,10,14,160,5,2,0.5237389999493754,5,0.6,0.35714285714285715
front3,15,12,14,160,5,2,0.5333507533420317,3,0.6666666666666666,0.21428571428571427
front3,16,1,2,160,2,1,0.5769690492476872,1,0.0,0.5
front3,16,10,2,160,2,2,0.507830095935358,1,1.0,0.5
front3,16,1,3,160,3,1,0.584801874367006,1,0.0,0.3333333333333333
front3,16,3,3,160,3,3,0.6170007675541376,1,0.0,0.3333333333333333
front3,16,6,3,160,3,3,0.5706164072651063,1,1.0,0.3333333333333333
front3,16,5,2,160,4,1,0.5467101400703316,1,0.0,0.5
front3,16,6,2,160,4,3,0.5603286392908982,1,1.0,0.5
front3,16,6,1,160,5,3,0.5460577470681928,1,0.0,1.0
front3,18,10,4,160,5,2,0.5254386661601578,2,0.5,0.5
front3,18,12,4,160,5,2,0.5439789268991837,2,0.0,0.5
front3,15,6,2,161,4,3,0.5951127348919182,1,1.0,0.5
front3,15,13,2,161,4,3,0.4149605801637978,1,0.0,0.5
front3,15,1,18,161,5,1,0.591769200547625,3,1.0,0.16666666666666666
front3,15,2,18,161,5,1,0.5693216633371235,2,0.0,0.1111111111111111
front3,15,6,18,161,5,3,0.5777469649352627,6,0.6666666666666666,0.3333333333333333
front3,15,10,18,161,5,2,0.5172768151857473,1,0.0,0.05555555555555555
front3,15,11,18,161,5,2,0.5224582514510329,4,1.0,0.2222222222222222
front3,15,13,18,161,5,3,0.41439808886930085,2,0.5,0.1111111111111111
front3,16,11,1,161,5,2,0.5048757911445019,1,0.0,1.0
front3,17,1,7,161,5,1,0.5744186429198127,2,1.0,0.2857142857142857
front3,17,4,7,161,5,4,0.6461322594238073,1,1.0,0.14285714285714285
front3,17,6,7,161,5,3,0.5986473791866388,2,1.0,0.2857142857142857
front3,17,10,7,161,5,2,0.5220557376377483,1,0.0,0.14285714285714285
front3,17,13,7,161,5,3,0.4482115063050311,1,1.0,0.14285714285714285
front3,15,6,2,162,2,3,0.5005935696515889,2,0.5,1.0
front3,15,1,5,162,4,1,0.5228870273690525,1,1.0,0.2
front3,15,4,5,162,4,4,0.5576170027246398,2,0.5,0.4
front3,15,6,5,162,4,3,0.4957021878404103,1,1.0,0.2
front3,15,13,5,162,4,3,0.29199439077438527,1,0.0,0.2
front3,15,1,20,162,5,0,0.010985440456390373,1,0.0,0.05
front3,15,1,20,162,5,1,0.48667877262630777,3,0.3333333333333333,0.15
front3,15,2,20,162,5,1,0.4673882433744464,4,0.0,0.2
front3,15,6,20,162,5,0,0.010898883371778786,1,0.0,0.05
front3,15,6,20,162,5,3,0.47691053905851655,4,0.5,0.2
front3,15,10,20,162,5,2,0.4462840120559875,3,0.6666666666666666,0.15
front3,15,13,20,162,5,3,0.33355507319579747,4,0.25,0.2
front3,15,1,16,163,2,1,0.5403265779027442,5,0.6,0.3125
front3,15,2,16,163,2,1,0.5053997852036216,1,0.0,0.0625
front3,15,10,16,163,2,0,0.013569172336639552,1,0.0,0.0625
front3,15,10,16,163,2,2,0.4434827151784211,3,0.0,0.1875
front3,15,10,16,163,2,3,0.4043007328557605,2,1.0,0.125
front3,15,11,16,163,2,2,0.4526110040872718,2,0.5,0.125
front3,15,11,16,163,2,3,0.41326511518403947,1,0.0,0.0625
front3,15,13,16,163,2,3,0.3235427229793962,1,0.0,0.0625
front3,15,1,5,163,3,1,0.5487534682514773,4,0.75,0.8
front3,15,10,5,163,3,2,0.43119910411138945,1,0.0,0.2
front3,15,1,3,163,4,1,0.5399527828966453,2,0.5,0.6666666666666666
front3,15,6,3,163,4,3,0.5070689528161699,1,0.0,0.3333333333333333
front3,15,1,6,163,5,1,0.49133032806247606,3,0.3333333333333333,0.5
front3,15,2,6,163,5,1,0.4690336780026841,1,1.0,0.16666666666666666
front3,15,10,6,163,5,2,0.42155496573062884,1,0.0,0.16666666666666666
front3,15,13,6,163,5,3,0.2922221377523711,1,0.0,0.16666666666666666
front3,15,10,3,164,2,3,0.5259441529932395,1,1.0,0.3333333333333333
front3,15,12,3,164,2,2,0.5668363487084352,2,0.0,0.6666666666666666
front3,15,3,3,164,3,3,0.6633826666699545,1,1.0,0.3333333333333333
front3,15,5,3,164,3,1,0.6341953233098591,1,0.0,0.3333333333333333
front3,15,9,3,164,3,2,0.5783662460907723,1,1.0,0.3333333333333333
front3,15,12,7,164,5,2,0.5764381028923599,7,0.8571428571428571,1.0
front3,18,10,1,164,2,2,0.6689633852339548,1,1.0,1.0
front3,18,12,3,164,5,2,0.6065105381973116,3,0.6666666666666666,1.0
front3,15,9,2,165,5,2,0.5039110884619753,1,1.0,0.5
front3,15,9,2,165,5,3,0.4964484196574354,1,0.0,0.5
