phase,A1_actionId,C_actionId,n_context,B1_playerId,EV,count,train_winrate,usage_rate
receive,1,6,1,0,0.5020157814107514,1,0.0,1.0
receive,4,1,8,0,0.58928826661036,1,1.0,0.125
receive,4,2,8,0,0.5319266504288341,1,1.0,0.125
receive,4,5,8,0,0.5080176608346935,2,0.0,0.25
receive,4,6,8,0,0.5080176608346935,1,0.0,0.125
receive,4,13,8,0,0.29847536216610143,3,0.0,0.375
receive,7,5,1,0,0.4876814796818668,1,0.0,1.0
receive,10,2,2,0,0.4865507454003791,2,0.5,1.0
receive,11,1,9,0,0.5286595546054204,5,0.8,0.5555555555555556
receive,11,7,9,0,0.4168924484010906,2,0.0,0.2222222222222222
receive,11,13,9,0,0.26356938517900846,2,0.0,0.2222222222222222
receive,1,2,4,1,0.5341696959770099,2,0.5,0.5
receive,1,3,4,1,0.5471683661821976,1,1.0,0.25
receive,1,13,4,1,0.3479409910814419,1,0.0,0.25
receive,4,2,1,1,0.5077436786483088,1,1.0,1.0
receive,10,1,13,1,0.6015068277225055,5,0.4,0.38461538461538464
receive,10,2,13,1,0.5454667170015753,3,0.6666666666666666,0.23076923076923078
receive,10,10,13,1,0.480447013941481,2,0.5,0.15384615384615385
receive,10,13,13,1,0.3944654884754074,3,1.0,0.23076923076923078
receive,6,3,5,2,0.5629492337222783,1,1.0,0.2
receive,6,10,5,2,0.4274471131820453,2,0.5,0.4
receive,6,13,5,2,0.2786944965876028,2,1.0,0.4
receive,7,10,1,2,0.45910195426236877,1,1.0,1.0
receive,10,3,18,2,0.5320272676607679,3,0.6666666666666666,0.16666666666666666
receive,10,5,18,2,0.4680710389860942,1,1.0,0.05555555555555555
receive,10,6,18,2,0.4680710389860942,1,1.0,0.05555555555555555
receive,10,10,18,2,0.42444785439253346,12,0.4166666666666667,0.6666666666666666
receive,10,13,18,2,0.324273985053576,1,0.0,0.05555555555555555
receive,1,1,12,3,0.6130742684996433,1,0.0,0.08333333333333333
receive,1,2,12,3,0.5654173194159436,1,1.0,0.08333333333333333
receive,1,3,12,3,0.5847194620880155,1,1.0,0.08333333333333333
receive,1,5,12,3,0.5374093055432888,1,0.0,0.08333333333333333
receive,1,6,12,3,0.5353464080162589,5,0.4,0.4166666666666667
receive,1,13,12,3,0.3761504038657439,3,0.3333333333333333,0.25
receive,4,2,1,3,0.49113076659087085,1,0.0,1.0
receive,6,1,17,3,0.6259316125919544,2,0.5,0.11764705882352941
receive,6,2,17,3,0.5738322888670567,4,0.5,0.23529411764705882
receive,6,5,17,3,0.540662332080065,1,1.0,0.058823529411764705
receive,6,6,17,3,0.540662332080065,4,0.5,0.23529411764705882
receive,6,9,17,3,0.5106017257955082,2,0.5,0.11764705882352941
receive,6,13,17,3,0.34562393499112254,4,0.0,0.23529411764705882
receive,7,1,18,3,0.6215866582352221,1,1.0,0.05555555555555555
receive,7,2,18,3,0.5686746566826177,3,0.6666666666666666,0.16666666666666666
receive,7,3,18,3,0.5699232951077674,1,0.0,0.05555555555555555
receive,7,6,18,3,0.5454812052990939,9,0.3333333333333333,0.5
receive,7,9,18,3,0.5100369730544082,1,0.0,0.05555555555555555
receive,7,13,18,3,0.3864478952354695,3,0.6666666666666666,0.16666666666666666
receive,9,1,11,3,0.6133891668663853,1,1.0,0.09090909090909091
receive,9,5,11,3,0.544502404564989,1,1.0,0.09090909090909091
receive,9,7,11,3,0.4899785249806884,2,1.0,0.18181818181818182
receive,9,10,11,3,0.4917384105881759,1,1.0,0.09090909090909091
receive,9,13,11,3,0.4355130205201084,6,0.16666666666666666,0.5454545454545454
receive,10,1,30,3,0.6307857265993392,2,0.5,0.06666666666666667
receive,10,2,30,3,0.581238852065832,2,0.5,0.06666666666666667
receive,10,3,30,3,0.5985174463404392,1,0.0,0.03333333333333333
receive,10,5,30,3,0.5394995868237903,1,1.0,0.03333333333333333
receive,10,6,30,3,0.5394995868237903,7,0.42857142857142855,0.23333333333333334
receive,10,7,30,3,0.48152632877411233,2,0.0,0.06666666666666667
receive,10,10,30,3,0.481723952139222,1,0.0,0.03333333333333333
receive,10,13,30,3,0.4236981054598251,14,0.5,0.4666666666666667
receive,11,1,5,3,0.6175829630157532,1,1.0,0.2
receive,11,2,5,3,0.5651756269157608,2,0.5,0.4
receive,11,6,5,3,0.5502528366061679,1,1.0,0.2
receive,11,10,5,3,0.4898597402818279,1,1.0,0.2
receive,8,1,3,4,0.6600603830583054,2,0.5,0.6666666666666666
receive,8,12,3,4,0.5486751339981369,1,1.0,0.3333333333333333
receive,10,1,1,4,0.6694826753467339,1,0.0,1.0
receive,12,1,13,4,0.6119134387889804,3,0.6666666666666666,0.23076923076923078
receive,12,2,13,4,0.5703695897030235,1,1.0,0.07692307692307693
receive,12,12,13,4,0.5227331716902615,6,0.5,0.46153846153846156
receive,12,13,13,4,0.36958117101407617,3,0.6666666666666666,0.23076923076923078
receive,1,1,2,5,0.621788118587584,1,0.0,0.5
receive,1,10,2,5,0.5017538651171338,1,1.0,0.5
receive,4,1,1,5,0.5982525107405865,1,1.0,1.0
receive,6,1,2,5,0.6097029679448023,2,1.0,1.0
receive,10,1,11,5,0.638575979077896,2,1.0,0.18181818181818182
receive,10,3,11,5,0.6097399819332544,1,0.0,0.09090909090909091
receive,10,5,11,5,0.5528315000048288,3,0.6666666666666666,0.2727272727272727
receive,10,6,11,5,0.5528315000048288,2,0.5,0.18181818181818182
receive,10,13,11,5,0.4383985517144366,3,0.0,0.2727272727272727
receive,1,6,1,6,0.5207576277434005,1,0.0,1.0
receive,6,13,2,6,0.17845325060206874,2,0.0,1.0
receive,7,13,2,6,0.20037606209821024,2,0.5,1.0
receive,10,6,9,6,0.45824042399496523,1,1.0,0.1111111111111111
receive,10,12,9,6,0.43798878940819264,1,0.0,0.1111111111111111
receive,10,13,9,6,0.3384820419461184,7,0.14285714285714285,0.7777777777777778
receive,11,13,2,6,0.30395783664218595,2,0.0,1.0
receive,1,13,1,7,0.43479897841050186,1,1.0,1.0
receive,4,2,4,7,0.5360403249569693,3,0.6666666666666666,0.75
receive,4,14,4,7,0.2856152605647184,1,0.0,0.25
receive,10,1,10,7,0.5119905633520809,3,0.3333333333333333,0.3
receive,10,2,10,7,0.46388395476884126,3,0.6666666666666666,0.3
receive,10,11,10,7,0.4231079564366116,1,0.0,0.1
receive,10,13,10,7,0.34262660001414863,3,0.3333333333333333,0.3
receive,11,1,1,7,0.6005182499317451,1,1.0,1.0
receive,1,1,19,8,0.5803306442900984,5,0.6,0.2631578947368421
receive,1,2,19,8,0.5235108281563677,1,1.0,0.05263157894736842
receive,1,5,19,8,0.509736591956159,7,0.5714285714285714,0.3684210526315789
receive,1,6,19,8,0.5092157663216184,4,0.0,0.21052631578947367
receive,1,13,19,8,0.3518078080142977,2,0.5,0.10526315789473684
receive,4,1,7,8,0.5721074871458836,2,0.5,0.2857142857142857
receive,4,5,7,8,0.4919485736473571,3,0.6666666666666666,0.42857142857142855
receive,4,6,7,8,0.4919485736473571,1,0.0,0.14285714285714285
receive,4,13,7,8,0.32010963064144704,1,0.0,0.14285714285714285
receive,6,13,1,8,0.34569557761306685,1,0.0,1.0
receive,10,1,13,8,0.5901605835086448,2,0.5,0.15384615384615385
receive,10,2,13,8,0.5341649960949763,3,0.0,0.23076923076923078
receive,10,5,13,8,0.5124549413438321,2,1.0,0.15384615384615385
receive,10,6,13,8,0.5124549413438321,1,1.0,0.07692307692307693
receive,10,13,13,8,0.3829626282638539,5,0.6,0.38461538461538464
receive,11,1,13,8,0.5637556941221987,6,0.3333333333333333,0.46153846153846156
receive,11,2,13,8,0.5090885348283538,2,0.5,0.15384615384615385
receive,11,5,13,8,0.49610402377177565,1,1.0,0.07692307692307693
receive,11,10,13,8,0.4571000308629506,4,0.75,0.3076923076923077
receive,1,3,1,9,0.5819010097889628,1,0.0,1.0
receive,1,2,1,10,0.48998212352070103,1,0.0,1.0
receive,4,1,3,10,0.6201009813699249,1,1.0,0.3333333333333333
receive,4,13,3,10,0.33079664993028474,2,0.0,0.6666666666666666
receive,7,1,10,10,0.597255426379763,3,0.6666666666666666,0.3
receive,7,13,10,10,0.3824603098903588,7,0.5714285714285714,0.7
receive,10,1,7,10,0.5128771882025741,3,1.0,0.42857142857142855
receive,10,13,7,10,0.26538381066454825,4,0.5,0.5714285714285714
receive,11,1,6,10,0.5706682435427388,3,0.3333333333333333,0.5
receive,11,7,6,10,0.45328978923775504,1,0.0,0.16666666666666666
receive,11,13,6,10,0.2864725368896967,2,0.0,0.3333333333333333
receive,1,1,20,11,0.5191809640170735,9,0.2222222222222222,0.45
receive,1,2,20,11,0.4698900725532944,1,0.0,0.05
receive,1,3,20,11,0.4927025676277818,1,1.0,0.05
receive,1,6,20,11,0.43590468770171087,1,1.0,0.05
receive,1,11,20,11,0.38402188695193007,2,0.0,0.1
receive,1,13,20,11,0.2723452182867022,6,0.3333333333333333,0.3
receive,4,1,12,11,0.5074447558678797,5,0.4,0.4166666666666667
receive,4,3,12,11,0.4530046163168029,1,0.0,0.08333333333333333
receive,4,11,12,11,0.36520856112624983,2,0.5,0.16666666666666666
receive,4,13,12,11,0.24898784786515007,3,0.3333333333333333,0.25
receive,4,14,12,11,0.20901803021568077,1,0.0,0.08333333333333333
receive,6,13,1,11,0.010737477589513243,1,0.0,1.0
receive,7,13,1,11,0.23522678775432143,1,1.0,1.0
receive,10,1,58,11,0.5061128257891846,33,0.5151515151515151,0.5689655172413793
receive,10,2,58,11,0.4506722917046247,2,0.5,0.034482758620689655
receive,10,5,58,11,0.4270215162531466,1,1.0,0.017241379310344827
receive,10,7,58,11,0.38319435217819425,1,0.0,0.017241379310344827
receive,10,10,58,11,0.38784451210408655,7,0.2857142857142857,0.1206896551724138
receive,10,11,58,11,0.3873447407578514,1,1.0,0.017241379310344827
receive,10,13,58,11,0.277137424996371,12,0.08333333333333333,0.20689655172413793
receive,10,14,58,11,0.19570895726759022,1,0.0,0.017241379310344827
receive,11,1,14,11,0.41482150132511564,6,0.6666666666666666,0.42857142857142855
receive,11,6,14,11,0.3537001653238991,1,0.0,0.07142857142857142
receive,11,7,14,11,0.32122127802451217,1,1.0,0.07142857142857142
receive,11,13,14,11,0.19865758127844518,5,0.2,0.35714285714285715
receive,11,14,14,11,0.14433842041502673,1,1.0,0.07142857142857142
receive,1,2,2,12,0.3859216808326781,1,0.0,0.5
receive,1,6,2,12,0.37673722359806405,1,1.0,0.5
receive,4,5,4,12,0.2739790412968768,1,0.0,0.25
receive,4,6,4,12,0.27945958664604087,2,0.0,0.5
receive,4,13,4,12,0.14657340606125552,1,0.0,0.25
receive,6,6,2,12,0.39952082757343343,1,0.0,0.5
receive,6,13,2,12,0.2308761794264673,1,0.0,0.5
receive,7,5,1,12,0.007835465950966743,1,0.0,1.0
receive,10,1,20,12,0.4398338986005098,6,0.3333333333333333,0.3
receive,10,2,20,12,0.3859307814666537,3,0.0,0.15
receive,10,3,20,12,0.39440145130834836,1,1.0,0.05
receive,10,5,20,12,0.3643117369154195,1,1.0,0.05
receive,10,6,20,12,0.3643117369154195,4,0.5,0.2
receive,10,13,20,12,0.24991165315961822,5,0.2,0.25
receive,11,1,3,12,0.4458726740005927,2,0.5,0.6666666666666666
receive,11,6,3,12,0.3768199527281701,1,0.0,0.3333333333333333
receive,1,2,4,13,0.4861431252217683,1,0.0,0.25
receive,1,5,4,13,0.467677136706406,2,0.5,0.5
receive,1,6,4,13,0.47277626977853454,1,0.0,0.25
receive,4,1,13,13,0.544552810679677,1,1.0,0.07692307692307693
receive,4,2,13,13,0.4875868456705271,1,0.0,0.07692307692307693
receive,4,5,13,13,0.4686006349302353,1,0.0,0.07692307692307693
receive,4,6,13,13,0.4686006349302353,7,0.2857142857142857,0.5384615384615384
receive,4,13,13,13,0.3072846723406132,3,0.3333333333333333,0.23076923076923078
receive,7,1,1,13,0.5389881089289051,1,0.0,1.0
receive,10,2,6,13,0.4999489527878657,2,1.0,0.3333333333333333
receive,10,13,6,13,0.326512200003038,4,0.25,0.6666666666666666
receive,11,1,16,13,0.535174823725391,6,0.8333333333333334,0.375
receive,11,6,16,13,0.46483435711539445,2,0.0,0.125
receive,11,10,16,13,0.40980473759526104,4,0.25,0.25
receive,11,11,16,13,0.41602486792862436,2,0.0,0.125
receive,11,13,16,13,0.2797691968129123,2,0.0,0.125
receive,6,2,11,14,0.5055423898190908,3,0.3333333333333333,0.2727272727272727
receive,6,6,11,14,0.4709433432944177,6,0.3333333333333333,0.5454545454545454
receive,6,13,11,14,0.2884587777919831,2,0.5,0.18181818181818182
receive,7,2,9,14,0.5051497321557574,6,0.16666666666666666,0.6666666666666666
receive,7,13,9,14,0.30085825737225247,3,0.3333333333333333,0.3333333333333333
receive,10,2,11,14,0.5135256807720933,1,0.0,0.09090909090909091
receive,10,6,11,14,0.45444091699259864,1,0.0,0.09090909090909091
receive,10,7,11,14,0.3968484024353898,1,1.0,0.09090909090909091
receive,10,10,11,14,0.39741065430550787,3,0.3333333333333333,0.2727272727272727
receive,10,13,11,14,0.3278496280192445,5,0.2,0.45454545454545453
receive,11,10,1,14,0.3946396019394629,1,0.0,1.0
receive,1,1,2,15,0.6091205057871341,1,1.0,0.5
receive,1,11,2,15,0.48661321268960145,1,1.0,0.5
receive,4,3,3,15,0.616411932850576,2,1.0,0.6666666666666666
receive,4,6,3,15,0.5829147740732471,1,1.0,0.3333333333333333
receive,6,1,3,15,0.4064176962052277,2,1.0,0.6666666666666666
receive,6,6,3,15,0.3544232509972489,1,0.0,0.3333333333333333
receive,10,3,4,15,0.5879678255844467,1,1.0,0.25
receive,10,6,4,15,0.5353002135564952,2,0.5,0.5
receive,10,13,4,15,0.4129136596053445,1,1.0,0.25
receive,11,1,2,15,0.6073267177115338,1,1.0,0.5
receive,11,13,2,15,0.35212084992311043,1,1.0,0.5
receive,12,1,1,15,0.5663817729459757,1,0.0,1.0
receive,4,2,2,16,0.5961149833227952,1,1.0,0.5
receive,4,6,2,16,0.5723723473515983,1,1.0,0.5
receive,7,5,1,16,0.5499653568267271,1,1.0,1.0
receive,10,2,3,16,0.5982279190814498,1,0.0,0.3333333333333333
receive,10,13,3,16,0.4326677579264495,2,0.0,0.6666666666666666
receive,11,1,12,16,0.5889302682656691,4,1.0,0.3333333333333333
receive,11,5,12,16,0.514827931006617,1,0.0,0.08333333333333333
receive,11,10,12,16,0.46571641704602146,1,0.0,0.08333333333333333
receive,11,11,12,16,0.4717331889446496,3,0.6666666666666666,0.25
receive,11,13,12,16,0.3051555787505642,3,0.6666666666666666,0.25
receive,1,1,2,17,0.4782941154297834,1,0.0,0.5
receive,1,2,2,17,0.41859054481115265,1,1.0,0.5
receive,6,2,5,17,0.4425831114772952,4,0.5,0.8
receive,6,13,5,17,0.23644025071267466,1,0.0,0.2
receive,7,1,6,17,0.5122334043069657,1,0.0,0.16666666666666666
receive,7,2,6,17,0.4591227352147939,3,1.0,0.5
receive,7,6,6,17,0.42986647098404646,1,1.0,0.16666666666666666
receive,7,13,6,17,0.2873073693964312,1,0.0,0.16666666666666666
receive,10,13,3,17,0.32655333497123007,3,0.6666666666666666,1.0
receive,1,1,5,18,0.6379098555107687,1,0.0,0.2
receive,1,2,5,18,0.5798077829058494,3,1.0,0.6
receive,1,13,5,18,0.42014454916611543,1,1.0,0.2
receive,4,2,2,18,0.5737176284520388,1,0.0,0.5
receive,4,13,2,18,0.3867917696738428,1,0.0,0.5
receive,7,13,1,18,0.483772449727282,1,1.0,1.0
receive,10,2,6,18,0.5867826262586923,4,0.75,0.6666666666666666
receive,10,4,6,18,0.6158392514077267,1,1.0,0.16666666666666666
receive,10,13,6,18,0.43689536304117566,1,0.0,0.16666666666666666
receive,1,1,5,19,0.4565613169022888,2,0.0,0.4
receive,1,2,5,19,0.40159942788521263,1,0.0,0.2
receive,1,6,5,19,0.3933781744840671,1,0.0,0.2
receive,1,10,5,19,0.35691437370797996,1,1.0,0.2
receive,4,1,28,19,0.46239186799654475,3,0.0,0.10714285714285714
receive,4,2,28,19,0.4041493460563851,10,0.5,0.35714285714285715
receive,4,6,28,19,0.37963570207234254,7,0.2857142857142857,0.25
receive,4,13,28,19,0.22379181488425687,8,0.125,0.2857142857142857
receive,7,13,3,19,0.2920650200707755,3,0.3333333333333333,1.0
receive,10,1,15,19,0.48492851324188546,4,0.75,0.26666666666666666
receive,10,2,15,19,0.43259524163542173,1,0.0,0.06666666666666667
receive,10,6,15,19,0.39517873227033523,4,0.5,0.26666666666666666
receive,10,10,15,19,0.3584284897887476,1,1.0,0.06666666666666667
receive,10,11,15,19,0.35591993341262035,2,0.5,0.13333333333333333
receive,10,13,15,19,0.2828287185376835,3,0.0,0.2
receive,11,1,37,19,0.45135944631838,9,0.4444444444444444,0.24324324324324326
receive,11,2,37,19,0.39914472622711317,5,0.4,0.13513513513513514
receive,11,4,37,19,0.4079450741102593,2,0.5,0.05405405405405406
receive,11,5,37,19,0.38197378919680663,1,0.0,0.02702702702702703
receive,11,6,37,19,0.38197378919680663,1,0.0,0.02702702702702703
receive,11,7,37,19,0.3419090428278808,3,0.3333333333333333,0.08108108108108109
receive,11,10,37,19,0.33693818426145505,4,0.75,0.10810810810810811
receive,11,11,37,19,0.34251851897188157,5,0.2,0.13513513513513514
receive,11,13,37,19,0.2149053682738889,7,0.14285714285714285,0.1891891891891892
receive,1,2,6,20,0.506984261007046,3,0.6666666666666666,0.5
receive,1,5,6,20,0.4732553952129048,1,0.0,0.16666666666666666
receive,1,13,6,20,0.28633597230296476,2,0.0,0.3333333333333333
receive,7,2,3,20,0.5406331606431835,1,0.0,0.3333333333333333
receive,7,5,3,20,0.5013956203624182,1,1.0,0.3333333333333333
receive,7,13,3,20,0.3510107378563571,1,0.0,0.3333333333333333
receive,10,1,7,20,0.5795039524991662,2,0.5,0.2857142857142857
receive,10,2,7,20,0.526729776835029,3,0.3333333333333333,0.42857142857142855
receive,10,5,7,20,0.5011695441356346,1,1.0,0.14285714285714285
receive,10,6,7,20,0.5011695441356346,1,0.0,0.14285714285714285
receive,11,1,12,20,0.5540658993589747,6,0.3333333333333333,0.5
receive,11,2,12,20,0.5028262328223164,1,0.0,0.08333333333333333
receive,11,10,12,20,0.44571384590136387,1,1.0,0.08333333333333333
receive,11,11,12,20,0.450906102056056,2,1.0,0.16666666666666666
receive,11,12,12,20,0.46313450034505,1,0.0,0.08333333333333333
receive,11,14,12,20,0.22741715040545976,1,0.0,0.08333333333333333
receive,1,1,58,21,0.47151074284769423,14,0.5714285714285714,0.2413793103448276
receive,1,2,58,21,0.4180128572123161,6,0.0,0.10344827586206896
receive,1,5,58,21,0.40067559105533596,15,0.4,0.25862068965517243
receive,1,6,58,21,0.401172711004712,14,0.5714285714285714,0.2413793103448276
receive,1,13,58,21,0.25496643748413794,9,0.3333333333333333,0.15517241379310345
receive,4,1,14,21,0.44654525912946746,7,0.14285714285714285,0.5
receive,4,5,14,21,0.36384870402350106,3,1.0,0.21428571428571427
receive,4,6,14,21,0.36465612371324146,1,0.0,0.07142857142857142
receive,4,10,14,21,0.3311795388512135,1,0.0,0.07142857142857142
receive,4,13,14,21,0.20760398381417924,1,0.0,0.07142857142857142
receive,4,14,14,21,0.17321215404343507,1,0.0,0.07142857142857142
receive,6,1,15,21,0.5117833264845757,5,0.4,0.3333333333333333
receive,6,5,15,21,0.41560242494781413,1,0.0,0.06666666666666667
receive,6,6,15,21,0.42020174136628413,2,0.5,0.13333333333333333
receive,6,12,15,21,0.3711271104112105,2,0.0,0.13333333333333333
receive,6,13,15,21,0.2234733928855393,5,0.2,0.3333333333333333
receive,7,1,39,21,0.47869247353917116,8,0.5,0.20512820512820512
receive,7,2,39,21,0.4268960776682499,1,0.0,0.02564102564102564
receive,7,5,39,21,0.40313532527287854,14,0.5,0.358974358974359
receive,7,6,39,21,0.40313532527287854,4,0.25,0.10256410256410256
receive,7,13,39,21,0.26105319097845975,12,0.08333333333333333,0.3076923076923077
receive,8,10,4,21,0.3753499930541745,1,0.0,0.25
receive,8,12,4,21,0.3802325337717486,3,0.0,0.75
receive,9,9,2,21,0.43523107733303956,1,1.0,0.5
receive,9,10,2,21,0.4188974497603685,1,0.0,0.5
receive,10,1,137,21,0.49007541502350566,9,0.7777777777777778,0.06569343065693431
receive,10,2,137,21,0.43725339574426303,16,0.4375,0.11678832116788321
receive,10,3,137,21,0.45106850538351584,1,1.0,0.0072992700729927005
receive,10,5,137,21,0.4080583200151288,23,0.43478260869565216,0.1678832116788321
receive,10,6,137,21,0.4080583200151288,9,0.4444444444444444,0.06569343065693431
receive,10,7,137,21,0.3595998448356012,1,0.0,0.0072992700729927005
receive,10,10,137,21,0.36232012314183226,9,0.4444444444444444,0.06569343065693431
receive,10,12,137,21,0.3786843596160867,11,0.36363636363636365,0.08029197080291971
receive,10,13,137,21,0.2771934865436274,58,0.3275862068965517,0.4233576642335766
receive,11,1,45,21,0.4614824892467426,19,0.47368421052631576,0.4222222222222222
receive,11,2,45,21,0.4101271386269964,3,1.0,0.06666666666666667
receive,11,5,45,21,0.39958142447062717,2,0.0,0.044444444444444446
receive,11,7,45,21,0.3587344053219138,1,0.0,0.022222222222222223
receive,11,10,45,21,0.35355629891823015,11,0.45454545454545453,0.24444444444444444
receive,11,11,45,21,0.3593462198213255,2,0.5,0.044444444444444446
receive,11,13,45,21,0.23698154782801362,7,0.0,0.15555555555555556
receive,12,5,14,21,0.37790936298180583,2,0.0,0.14285714285714285
receive,12,10,14,21,0.34339288210733143,4,0.25,0.2857142857142857
receive,12,12,14,21,0.3556632710164925,6,0.16666666666666666,0.42857142857142855
receive,12,13,14,21,0.2575442617634287,2,0.5,0.14285714285714285
receive,1,2,4,22,0.43827934039139915,2,0.5,0.5
receive,1,6,4,22,0.39634885106255563,2,0.0,0.5
receive,6,2,1,22,0.40907840046512833,1,0.0,1.0
receive,7,2,1,22,0.4246144338037107,1,1.0,1.0
receive,10,1,13,22,0.4880923055378492,4,0.25,0.3076923076923077
receive,10,2,13,22,0.43264716435053496,1,1.0,0.07692307692307693
receive,10,7,13,22,0.34072151618067364,1,0.0,0.07692307692307693
receive,10,13,13,22,0.266472051196083,7,0.0,0.5384615384615384
receive,11,11,1,22,0.3329494872699156,1,1.0,1.0
receive,1,1,10,23,0.5168496975228143,2,0.5,0.2
receive,1,2,10,23,0.46941478218353627,4,0.75,0.4
receive,1,5,10,23,0.4433896571719604,2,0.5,0.2
receive,1,6,10,23,0.44277216475329884,1,1.0,0.1
receive,1,13,10,23,0.2888369558760036,1,1.0,0.1
receive,4,1,7,23,0.4885878038301269,1,0.0,0.14285714285714285
receive,4,5,7,23,0.40472765516112574,4,0.75,0.5714285714285714
receive,4,6,7,23,0.404733366970549,2,0.5,0.2857142857142857
receive,7,1,7,23,0.49670316220168903,1,0.0,0.14285714285714285
receive,7,2,7,23,0.448218944165445,3,0.0,0.42857142857142855
receive,7,5,7,23,0.42755081466783423,2,0.5,0.2857142857142857
receive,7,6,7,23,0.4275508146678343,1,0.0,0.14285714285714285
receive,10,2,6,23,0.44953371711300344,2,0.5,0.3333333333333333
receive,10,5,6,23,0.41712810554224894,1,0.0,0.16666666666666666
receive,10,13,6,23,0.309574267063303,3,0.0,0.5
receive,11,1,8,23,0.48207344005683017,2,0.5,0.25
receive,11,2,8,23,0.43557394412427763,1,1.0,0.125
receive,11,3,8,23,0.4416033609400032,1,1.0,0.125
receive,11,10,8,23,0.39114774844370126,2,0.5,0.25
receive,11,11,8,23,0.39412925789464837,1,0.0,0.125
receive,11,13,8,23,0.2820165362260498,1,0.0,0.125
receive,1,1,3,24,0.6258740389821954,1,0.0,0.3333333333333333
receive,1,13,3,24,0.3928256031944353,2,0.5,0.6666666666666666
receive,4,2,1,24,0.5847281269413362,1,1.0,1.0
receive,7,13,1,24,0.459082811468036,1,0.0,1.0
receive,10,2,3,24,0.6081394810764607,1,1.0,0.3333333333333333
receive,10,6,3,24,0.5691305956853724,1,1.0,0.3333333333333333
receive,10,10,3,24,0.5223124539682882,1,1.0,0.3333333333333333
receive,1,1,3,25,0.5305057873256728,2,0.0,0.6666666666666666
receive,1,2,3,25,0.4707871122376523,1,0.0,0.3333333333333333
receive,4,1,2,25,0.5882503081878263,1,0.0,0.5
receive,4,6,2,25,0.5016977610959978,1,1.0,0.5
receive,7,1,2,25,0.5685346573992991,1,0.0,0.5
receive,7,13,2,25,0.32474522299150477,1,0.0,0.5
receive,10,1,9,25,0.5826042220583494,1,1.0,0.1111111111111111
receive,10,13,9,25,0.3333015925192808,8,0.375,0.8888888888888888
receive,11,1,5,25,0.5061976882758121,4,0.25,0.8
receive,11,13,5,25,0.25584420162699917,1,0.0,0.2
receive,12,1,1,25,0.46911083630687844,1,0.0,1.0
receive,1,5,1,26,0.4621688703943562,1,1.0,1.0
receive,4,6,1,26,0.4551204594659282,1,0.0,1.0
receive,6,2,2,26,0.500620578176369,1,1.0,0.5
receive,6,6,2,26,0.47138189549444415,1,1.0,0.5
receive,7,2,3,26,0.49612563131807574,2,0.0,0.6666666666666666
receive,7,6,3,26,0.46602718547957683,1,0.0,0.3333333333333333
receive,10,2,6,26,0.505822405385049,1,0.0,0.16666666666666666
receive,10,10,6,26,0.41156960801721415,2,0.5,0.3333333333333333
receive,10,13,6,26,0.3446268566525017,3,0.3333333333333333,0.5
receive,4,5,1,27,0.42596534747723813,1,0.0,1.0
receive,1,2,3,28,0.5493109749946533,1,0.0,0.3333333333333333
receive,1,6,3,28,0.5225571198602652,2,1.0,0.6666666666666666
receive,4,2,1,28,0.5228642824656512,1,0.0,1.0
receive,10,1,6,28,0.5959754412351762,1,1.0,0.16666666666666666
receive,10,2,6,28,0.5389294667446751,3,0.3333333333333333,0.5
receive,10,13,6,28,0.3907078569225842,2,0.5,0.3333333333333333
receive,1,1,3,29,0.6038786970830211,2,0.5,0.6666666666666666
receive,1,13,3,29,0.37330413331187434,1,0.0,0.3333333333333333
receive,4,13,1,29,0.39244659548427113,1,0.0,1.0
receive,10,5,9,29,0.5530784249465509,2,0.5,0.2222222222222222
receive,10,13,9,29,0.41192361136925437,7,0.5714285714285714,0.7777777777777778
receive,11,1,7,29,0.6353684743733192,2,1.0,0.2857142857142857
receive,11,6,7,29,0.5630038478299915,1,1.0,0.14285714285714285
receive,11,10,7,29,0.5370700979253591,3,0.6666666666666666,0.42857142857142855
receive,11,13,7,29,0.41868659210876485,1,0.0,0.14285714285714285
receive,1,1,4,30,0.45482272028636495,1,1.0,0.25
receive,1,2,4,30,0.4054847497284736,1,0.0,0.25
receive,1,6,4,30,0.3669069293367685,1,0.0,0.25
receive,1,13,4,30,0.222032850807255,1,0.0,0.25
receive,4,2,1,30,0.3481273393088562,1,0.0,1.0
receive,6,1,3,30,0.486143105818112,1,0.0,0.3333333333333333
receive,6,2,3,30,0.4353929750492594,1,1.0,0.3333333333333333
receive,6,6,3,30,0.37895086207502215,1,0.0,0.3333333333333333
receive,7,2,1,30,0.37260118127847036,1,0.0,1.0
receive,10,1,7,30,0.42548482017589,1,0.0,0.14285714285714285
receive,10,2,7,30,0.37206789880271257,2,0.5,0.2857142857142857
receive,10,13,7,30,0.23402822053670283,4,0.5,0.5714285714285714
receive,11,1,7,30,0.4074317257069476,7,0.2857142857142857,1.0
receive,1,1,1,31,0.4592093464135098,1,0.0,1.0
receive,4,1,6,31,0.4369663840396207,2,0.0,0.3333333333333333
receive,4,2,6,31,0.3897942607106664,1,1.0,0.16666666666666666
receive,4,6,6,31,0.36858660436124174,1,0.0,0.16666666666666666
receive,4,13,6,31,0.20678495749597883,2,0.0,0.3333333333333333
receive,10,2,8,31,0.44325760602025377,2,0.0,0.25
receive,10,5,8,31,0.4133541735131243,1,0.0,0.125
receive,10,13,8,31,0.24886908608363953,5,0.2,0.625
receive,11,1,15,31,0.4614933206389619,6,0.5,0.4
receive,11,2,15,31,0.4100634795194581,4,0.25,0.26666666666666666
receive,11,5,15,31,0.39534982149688747,1,1.0,0.06666666666666667
receive,11,13,15,31,0.20218545687901282,4,0.0,0.26666666666666666
receive,9,10,4,32,0.5112814515773372,1,1.0,0.25
receive,9,12,4,32,0.5152626519643155,3,0.3333333333333333,0.75
receive,10,3,24,32,0.5303956434180667,2,0.0,0.08333333333333333
receive,10,10,24,32,0.483866760212885,13,0.6923076923076923,0.5416666666666666
receive,10,12,24,32,0.49411867914626567,9,0.7777777777777778,0.375
receive,11,10,2,32,0.4380262417417473,1,1.0,0.5
receive,11,11,2,32,0.44757397877092103,1,1.0,0.5
receive,12,10,15,32,0.46258288315944834,9,0.5555555555555556,0.6
receive,12,12,15,32,0.4726348688300703,5,0.4,0.3333333333333333
receive,12,13,15,32,0.34917691786801364,1,0.0,0.06666666666666667
receive,1,2,3,33,0.532492598606944,1,0.0,0.3333333333333333
receive,1,5,3,33,0.4997037424291406,1,0.0,0.3333333333333333
receive,1,6,3,33,0.4997037424291406,1,1.0,0.3333333333333333
receive,4,2,1,33,0.5090974735258845,1,1.0,1.0
receive,7,2,2,33,0.536031965203861,2,0.5,1.0
receive,10,2,3,33,0.362005985675845,1,0.0,0.3333333333333333
receive,10,5,3,33,0.3468440413758005,1,0.0,0.3333333333333333
receive,10,6,3,33,0.3468635327680775,1,0.0,0.3333333333333333
receive,11,1,14,33,0.5377126101797434,4,0.75,0.2857142857142857
receive,11,2,14,33,0.4894824588136109,4,0.5,0.2857142857142857
receive,11,4,14,33,0.5060070687890211,1,1.0,0.07142857142857142
receive,11,5,14,33,0.4733903754534624,1,0.0,0.07142857142857142
receive,11,7,14,33,0.4407908162535003,1,0.0,0.07142857142857142
receive,11,10,14,33,0.44535518390792544,1,0.0,0.07142857142857142
receive,11,11,14,33,0.44927995603375687,2,1.0,0.14285714285714285
receive,1,1,4,34,0.5558600535740437,1,1.0,0.25
receive,1,5,4,34,0.471182508850619,1,0.0,0.25
receive,1,9,4,34,0.454964254996539,2,0.0,0.5
receive,4,5,2,34,0.44511526783456673,1,0.0,0.5
receive,4,13,2,34,0.2723951203043621,1,1.0,0.5
receive,6,13,1,34,0.309183516992872,1,1.0,1.0
receive,7,5,2,34,0.5194289928057151,1,0.0,0.5
receive,7,13,2,34,0.3513106086612483,1,1.0,0.5
receive,8,13,1,34,0.2972416885090324,1,0.0,1.0
receive,9,9,7,34,0.45558027289728037,5,0.2,0.7142857142857143
receive,9,10,7,34,0.4361247687161761,1,1.0,0.14285714285714285
receive,9,13,7,34,0.3341622208744916,1,1.0,0.14285714285714285
receive,10,1,15,34,0.5425234664197467,2,0.0,0.13333333333333333
receive,10,5,15,34,0.46585842891818346,4,0.75,0.26666666666666666
receive,10,6,15,34,0.46585842891818346,1,1.0,0.06666666666666667
receive,10,9,15,34,0.4404325379883492,4,0.25,0.26666666666666666
receive,10,13,15,34,0.3087244951978591,4,0.5,0.26666666666666666
receive,11,1,1,34,0.5092776608803713,1,0.0,1.0
receive,1,1,5,35,0.3931060288397534,1,0.0,0.2
receive,1,5,5,35,0.34155549127594986,3,0.3333333333333333,0.6
receive,1,6,5,35,0.3426435079937354,1,0.0,0.2
receive,4,2,7,35,0.4358066729365472,3,1.0,0.42857142857142855
receive,4,6,7,35,0.42000482463897776,3,0.3333333333333333,0.42857142857142855
receive,4,13,7,35,0.25866009357886466,1,0.0,0.14285714285714285
receive,10,2,5,35,0.455146190203655,1,0.0,0.2
receive,10,6,5,35,0.43702973980397636,1,0.0,0.2
receive,10,13,5,35,0.34201352621564823,3,0.6666666666666666,0.6
receive,11,1,38,35,0.49306288014057426,12,0.75,0.3157894736842105
receive,11,2,38,35,0.43894668547992655,8,0.25,0.21052631578947367
receive,11,6,38,35,0.42529516933934686,1,1.0,0.02631578947368421
receive,11,10,38,35,0.3791483613681409,1,0.0,0.02631578947368421
receive,11,11,38,35,0.38830371956633764,14,0.5714285714285714,0.3684210526315789
receive,11,13,38,35,0.26593637352041827,2,0.0,0.05263157894736842
receive,1,1,8,36,0.4720640653964008,3,0.3333333333333333,0.375
receive,1,6,8,36,0.41228515131996574,4,0.25,0.5
receive,1,13,8,36,0.2746107023590159,1,0.0,0.125
receive,4,1,5,36,0.5173667762844751,1,1.0,0.2
receive,4,6,5,36,0.4325494938755387,2,0.5,0.4
receive,4,13,5,36,0.24256896590546004,2,0.0,0.4
receive,10,13,4,36,0.297398738619605,4,0.0,1.0
receive,11,1,7,36,0.4498798919875813,1,1.0,0.14285714285714285
receive,11,4,7,36,0.4012590329581628,2,0.0,0.2857142857142857
receive,11,6,7,36,0.38097057947054613,1,0.0,0.14285714285714285
receive,11,10,7,36,0.32605699498377577,2,0.5,0.2857142857142857
receive,11,13,7,36,0.21892384368323678,1,0.0,0.14285714285714285
receive,1,1,17,37,0.5465964858337367,9,0.5555555555555556,0.5294117647058824
receive,1,3,17,37,0.5221274952375964,2,0.0,0.11764705882352941
receive,1,5,17,37,0.4731544103200507,3,0.3333333333333333,0.17647058823529413
receive,1,6,17,37,0.47093445595784295,2,1.0,0.11764705882352941
receive,1,11,17,37,0.42672878202077086,1,1.0,0.058823529411764705
receive,4,1,17,37,0.5635564890029766,7,0.5714285714285714,0.4117647058823529
receive,4,3,17,37,0.5227065636302755,1,0.0,0.058823529411764705
receive,4,6,17,37,0.4771398786067896,5,0.2,0.29411764705882354
receive,4,10,17,37,0.4254845030726436,1,0.0,0.058823529411764705
receive,4,11,17,37,0.41781801168434524,2,0.5,0.11764705882352941
receive,4,13,17,37,0.2826491281700933,1,1.0,0.058823529411764705
receive,6,1,8,37,0.5292579958681077,1,1.0,0.125
receive,6,6,8,37,0.4393614517399416,2,1.0,0.25
receive,6,11,8,37,0.38512920654362653,1,1.0,0.125
receive,6,13,8,37,0.2723878418937565,4,0.25,0.5
receive,7,3,3,37,0.3683707407815597,1,1.0,0.3333333333333333
receive,7,13,3,37,0.2220493008909857,2,0.0,0.6666666666666666
receive,10,1,28,37,0.5274900052303059,11,0.6363636363636364,0.39285714285714285
receive,10,2,28,37,0.47770755126629716,1,0.0,0.03571428571428571
receive,10,3,28,37,0.4941565864441326,1,1.0,0.03571428571428571
receive,10,4,28,37,0.4927965904435852,5,0.4,0.17857142857142858
receive,10,5,28,37,0.4465354564875672,2,0.0,0.07142857142857142
receive,10,6,28,37,0.4465354564875672,2,0.0,0.07142857142857142
receive,10,10,28,37,0.41159179371743015,1,0.0,0.03571428571428571
receive,10,11,28,37,0.4094440394107198,1,1.0,0.03571428571428571
receive,10,13,28,37,0.3260209771737415,4,0.25,0.14285714285714285
receive,11,1,11,37,0.4780826649863465,5,0.4,0.45454545454545453
receive,11,6,11,37,0.41959378570868827,1,0.0,0.09090909090909091
receive,11,10,11,37,0.37986498772735094,1,1.0,0.09090909090909091
receive,11,11,11,37,0.3844150064890037,2,0.5,0.18181818181818182
receive,11,13,11,37,0.26218649088131757,2,0.5,0.18181818181818182
receive,1,1,11,38,0.5507928845328793,5,0.4,0.45454545454545453
receive,1,5,11,38,0.4870058696014574,2,0.5,0.18181818181818182
receive,1,6,11,38,0.4870058696014574,2,1.0,0.18181818181818182
receive,1,13,11,38,0.33199795723998415,2,0.0,0.18181818181818182
receive,4,1,5,38,0.43646270651454533,1,0.0,0.2
receive,4,2,5,38,0.38401138510321264,1,1.0,0.2
receive,4,5,5,38,0.3713408218135563,1,0.0,0.2
receive,4,13,5,38,0.23109832853363116,2,0.5,0.4
receive,7,5,2,38,0.4939959998109513,1,1.0,0.5
receive,7,13,2,38,0.3566377208893627,1,0.0,0.5
receive,10,2,20,38,0.5211397876379877,3,0.3333333333333333,0.15
receive,10,5,20,38,0.48727380057634767,4,0.75,0.2
receive,10,6,20,38,0.48727380057634767,3,0.3333333333333333,0.15
receive,10,13,20,38,0.3801238700680271,10,0.3,0.5
receive,11,1,4,38,0.5530408803874471,1,1.0,0.25
receive,11,4,4,38,0.5054920946616143,2,0.5,0.5
receive,11,10,4,38,0.42992744996300114,1,0.0,0.25
receive,1,1,6,39,0.5771076614872109,3,0.6666666666666666,0.5
receive,1,6,6,39,0.5001557694784163,1,0.0,0.16666666666666666
receive,1,13,6,39,0.3348701971866046,1,1.0,0.16666666666666666
receive,1,14,6,39,0.29160452077118126,1,0.0,0.16666666666666666
receive,4,1,7,39,0.5637221269500099,2,0.5,0.2857142857142857
receive,4,2,7,39,0.5023169212718867,2,0.0,0.2857142857142857
receive,4,13,7,39,0.3144625377934176,3,0.3333333333333333,0.42857142857142855
receive,7,2,2,39,0.5205578948819581,2,1.0,1.0
receive,10,1,9,39,0.578988307526096,2,0.0,0.2222222222222222
receive,10,2,9,39,0.520596420921363,5,0.8,0.5555555555555556
receive,10,5,9,39,0.49739151830800726,1,1.0,0.1111111111111111
receive,10,13,9,39,0.3486282331882037,1,1.0,0.1111111111111111
receive,11,1,12,39,0.5745018488025022,2,1.0,0.16666666666666666
receive,11,2,12,39,0.521504790066983,5,0.4,0.4166666666666667
receive,11,6,12,39,0.5031717672946167,1,0.0,0.08333333333333333
receive,11,11,12,39,0.47030243288872065,1,0.0,0.08333333333333333
receive,11,13,12,39,0.3481759142397382,3,0.3333333333333333,0.25
receive,1,3,5,40,0.578796725779221,1,1.0,0.2
receive,1,6,5,40,0.5047643446070914,3,1.0,0.6
receive,1,13,5,40,0.33173727040834,1,0.0,0.2
receive,10,13,2,40,0.42539335897192065,2,0.5,1.0
receive,11,1,2,40,0.5627681328279233,1,1.0,0.5
receive,11,10,2,40,0.47328373562552617,1,0.0,0.5
receive,4,5,9,41,0.4632857257642077,1,1.0,0.1111111111111111
receive,4,6,9,41,0.46458407197636276,1,0.0,0.1111111111111111
receive,4,12,9,41,0.42110746112820185,1,0.0,0.1111111111111111
receive,4,13,9,41,0.30488076767824235,6,0.3333333333333333,0.6666666666666666
receive,6,3,3,41,0.5091067804718548,1,0.0,0.3333333333333333
receive,6,5,3,41,0.4738331157476298,1,0.0,0.3333333333333333
receive,6,13,3,41,0.29811993681400034,1,1.0,0.3333333333333333
receive,7,3,1,41,0.5267109350797031,1,0.0,1.0
receive,10,3,6,41,0.5056447000694952,3,0.3333333333333333,0.5
receive,10,5,6,41,0.46527954356149254,1,0.0,0.16666666666666666
receive,10,13,6,41,0.34832473385569,2,0.0,0.3333333333333333
receive,1,13,1,42,0.41329490605689445,1,0.0,1.0
receive,4,5,2,42,0.5066094890120765,1,1.0,0.5
receive,4,6,2,42,0.5066094890120765,1,1.0,0.5
receive,6,1,1,42,0.6015979794369776,1,1.0,1.0
receive,7,3,2,42,0.628554746637386,1,1.0,0.5
receive,7,10,2,42,0.4775575904485203,1,0.0,0.5
receive,10,1,7,42,0.5889026725492996,4,0.5,0.5714285714285714
receive,10,13,7,42,0.36441562189957366,3,0.0,0.42857142857142855
receive,1,2,8,43,0.42623494778844256,1,0.0,0.125
receive,1,6,8,43,0.4032319843254364,5,0.6,0.625
receive,1,13,8,43,0.25728015484085737,2,0.5,0.25
receive,4,1,13,43,0.460118559436839,5,0.6,0.38461538461538464
receive,4,2,13,43,0.4008834174534511,1,1.0,0.07692307692307693
receive,4,6,13,43,0.38322417830839267,2,0.5,0.15384615384615385
receive,4,13,13,43,0.22788510806172146,5,0.4,0.38461538461538464
receive,7,1,1,43,0.4849779481498411,1,0.0,1.0
receive,10,1,14,43,0.47413033053561726,1,0.0,0.07142857142857142
receive,10,2,14,43,0.4165760762002239,6,0.3333333333333333,0.42857142857142855
receive,10,6,14,43,0.39569417636982707,2,0.0,0.14285714285714285
receive,10,13,14,43,0.27662950497118743,5,0.0,0.35714285714285715
receive,11,1,16,43,0.4457945247793868,6,0.3333333333333333,0.375
receive,11,2,16,43,0.39198309319945507,1,1.0,0.0625
receive,11,4,16,43,0.4001543844552419,1,0.0,0.0625
receive,11,6,16,43,0.3777412928152585,2,0.5,0.125
receive,11,7,16,43,0.336315866506954,2,0.5,0.125
receive,11,11,16,43,0.33793802582685456,1,0.0,0.0625
receive,11,13,16,43,0.2288065530465228,3,0.0,0.1875
receive,1,1,2,44,0.46503061791273353,1,0.0,0.5
receive,1,2,2,44,0.41111653084026684,1,1.0,0.5
receive,4,2,1,44,0.40749121290866636,1,0.0,1.0
receive,6,6,2,44,0.43408228938875,2,1.0,1.0
receive,7,2,1,44,0.4248211300841211,1,1.0,1.0
receive,10,5,12,44,0.4153550303436535,1,1.0,0.08333333333333333
receive,10,13,12,44,0.3075354188623516,11,0.0,0.9166666666666666
receive,11,1,1,44,0.4565410693803565,1,0.0,1.0
receive,1,1,4,45,0.5395223082563848,1,1.0,0.25
receive,1,6,4,45,0.4665966182330057,2,0.5,0.5
receive,1,13,4,45,0.30594492418371816,1,1.0,0.25
receive,4,1,11,45,0.5436880111981325,3,0.6666666666666666,0.2727272727272727
receive,4,2,11,45,0.48771732081439334,1,1.0,0.09090909090909091
receive,4,5,11,45,0.4464906952226661,1,1.0,0.09090909090909091
receive,4,6,11,45,0.4464906952226661,2,0.0,0.18181818181818182
receive,4,13,11,45,0.27620119844681096,4,0.25,0.36363636363636365
receive,10,1,18,45,0.5361015384370326,7,0.2857142857142857,0.3888888888888889
receive,10,2,18,45,0.4744328788150216,2,0.5,0.1111111111111111
receive,10,7,18,45,0.41055750248169415,2,1.0,0.1111111111111111
receive,10,10,18,45,0.4197461013559949,5,0.4,0.2777777777777778
receive,10,13,18,45,0.29882129334015745,2,0.5,0.1111111111111111
receive,1,1,3,46,0.5769371948345533,3,0.6666666666666666,1.0
receive,10,1,5,46,0.60955030977931,1,1.0,0.2
receive,10,6,5,46,0.5316599606029049,3,0.0,0.6
receive,10,13,5,46,0.40277097064574574,1,0.0,0.2
receive,11,1,14,46,0.4872203586455915,8,0.875,0.5714285714285714
receive,11,10,14,46,0.3812640294399871,1,0.0,0.07142857142857142
receive,11,13,14,46,0.2258651309287447,5,0.0,0.35714285714285715
receive,1,2,12,47,0.45470020454707566,5,0.0,0.4166666666666667
receive,1,5,12,47,0.43689915215877123,3,0.3333333333333333,0.25
receive,1,6,12,47,0.43588239852301736,1,1.0,0.08333333333333333
receive,1,13,12,47,0.28431140911502384,3,0.3333333333333333,0.25
receive,4,2,3,47,0.43629699104130343,1,0.0,0.3333333333333333
receive,4,13,3,47,0.2700250274842025,2,0.0,0.6666666666666666
receive,7,2,1,47,0.460801911102766,1,1.0,1.0
receive,10,1,11,47,0.5222965868751489,2,0.0,0.18181818181818182
receive,10,2,11,47,0.46850005332702654,3,0.6666666666666666,0.2727272727272727
receive,10,6,11,47,0.43682938108724495,1,1.0,0.09090909090909091
receive,10,13,11,47,0.32669727400132204,5,0.4,0.45454545454545453
receive,11,5,1,47,0.4392135972333539,1,1.0,1.0
receive,8,5,3,48,0.4271708627281973,1,0.0,0.3333333333333333
receive,8,12,3,48,0.3877129867004821,1,0.0,0.3333333333333333
receive,8,13,3,48,0.24130683629998628,1,0.0,0.3333333333333333
receive,10,2,10,48,0.49527564282533926,1,1.0,0.1
receive,10,12,10,48,0.4257891093460806,8,0.375,0.8
receive,10,13,10,48,0.3154426078424918,1,0.0,0.1
receive,11,10,3,48,0.3678108746131255,1,0.0,0.3333333333333333
receive,11,11,3,48,0.3735876271147651,1,1.0,0.3333333333333333
receive,11,12,3,48,0.36934142526142466,1,1.0,0.3333333333333333
receive,12,2,11,48,0.4427271141029769,1,0.0,0.09090909090909091
receive,12,3,11,48,0.4504754040325588,2,0.5,0.18181818181818182
receive,12,12,11,48,0.4096005948695174,8,0.375,0.7272727272727273
receive,1,1,13,49,0.4850077527016771,9,0.8888888888888888,0.6923076923076923
receive,1,2,13,49,0.43126950357356353,1,0.0,0.07692307692307693
receive,1,10,13,49,0.3738044180339098,1,1.0,0.07692307692307693
receive,1,11,13,49,0.376407342690194,2,0.5,0.15384615384615385
receive,6,1,3,49,0.5062338462382456,2,0.5,0.6666666666666666
receive,6,10,3,49,0.39037984396449305,1,0.0,0.3333333333333333
receive,10,1,27,49,0.5080756106031136,7,0.5714285714285714,0.25925925925925924
receive,10,5,27,49,0.42375907169575,3,0.6666666666666666,0.1111111111111111
receive,10,10,27,49,0.38247766756722645,13,0.3076923076923077,0.48148148148148145
receive,10,13,27,49,0.289889672149082,4,0.0,0.14814814814814814
receive,1,1,11,50,0.529492949124125,2,0.0,0.18181818181818182
receive,1,2,11,50,0.4764431889533329,4,0.75,0.36363636363636365
receive,1,3,11,50,0.4973417922575289,1,0.0,0.09090909090909091
receive,1,5,11,50,0.45324718536408803,1,0.0,0.09090909090909091
receive,1,6,11,50,0.4549816153167718,1,0.0,0.09090909090909091
receive,1,9,11,50,0.4345162523413635,1,1.0,0.09090909090909091
receive,1,13,11,50,0.28044838105468317,1,0.0,0.09090909090909091
receive,3,3,1,50,0.5948267711085207,1,0.0,1.0
receive,6,5,2,50,0.47036250472305197,1,0.0,0.5
receive,6,6,2,50,0.47036250472305197,1,1.0,0.5
receive,7,2,3,50,0.48849793432208344,2,0.5,0.6666666666666666
receive,7,5,3,50,0.47313264538404215,1,1.0,0.3333333333333333
receive,8,1,9,50,0.5383222841889174,2,0.5,0.2222222222222222
receive,8,3,9,50,0.4855318980041785,1,1.0,0.1111111111111111
receive,8,5,9,50,0.4550469436330043,1,1.0,0.1111111111111111
receive,8,8,9,50,0.36491915394575036,2,0.0,0.2222222222222222
receive,8,9,9,50,0.4283218211034854,3,0.3333333333333333,0.3333333333333333
receive,9,5,14,50,0.4798705120355537,3,0.6666666666666666,0.21428571428571427
receive,9,6,14,50,0.4798705120355537,5,1.0,0.35714285714285715
receive,9,8,14,50,0.3890777792559644,1,0.0,0.07142857142857142
receive,9,9,14,50,0.4544073651369752,3,0.6666666666666666,0.21428571428571427
receive,9,13,14,50,0.3191099012414317,2,0.5,0.14285714285714285
receive,10,2,21,50,0.501978651141578,4,0.5,0.19047619047619047
receive,10,6,21,50,0.4710883139057729,6,0.3333333333333333,0.2857142857142857
receive,10,9,21,50,0.4437062473027815,3,0.6666666666666666,0.14285714285714285
receive,10,10,21,50,0.42427208138684225,6,0.5,0.2857142857142857
receive,10,13,21,50,0.3379836070741846,2,0.5,0.09523809523809523
receive,11,8,1,50,0.30585766232601,1,1.0,1.0
receive,1,1,1,51,0.3854240258134646,1,0.0,1.0
receive,4,11,1,51,0.28637390602403884,1,1.0,1.0
receive,6,1,2,51,0.40818389718023174,2,0.5,1.0
receive,10,1,16,51,0.4266587261923911,8,0.25,0.5
receive,10,3,16,51,0.39503105348524703,3,0.3333333333333333,0.1875
receive,10,6,16,51,0.3425081946690581,2,0.5,0.125
receive,10,10,16,51,0.31058018373502766,2,0.0,0.125
receive,10,12,16,51,0.3242030814904894,1,0.0,0.0625
receive,11,1,5,51,0.3893109171039468,4,0.5,0.8
receive,11,3,5,51,0.35527417214536827,1,1.0,0.2
receive,4,3,1,52,0.47190072404473665,1,1.0,1.0
receive,6,6,4,52,0.42779984156313683,2,0.5,0.5
receive,6,13,4,52,0.2552717030103483,2,0.5,0.5
receive,7,1,5,52,0.48507524771934013,4,0.25,0.8
receive,7,13,5,52,0.19502634511735215,1,0.0,0.2
receive,10,1,12,52,0.3716661465567994,4,0.5,0.3333333333333333
receive,10,5,12,52,0.3047407670875924,2,0.0,0.16666666666666666
receive,10,6,12,52,0.3047407670875924,3,0.3333333333333333,0.25
receive,10,13,12,52,0.2201006277973426,3,0.0,0.25
receive,11,1,1,52,0.41710752400402956,1,0.0,1.0
receive,1,1,10,53,0.509029746382793,3,0.0,0.3
receive,1,5,10,53,0.43391975480047335,2,1.0,0.2
receive,1,6,10,53,0.4370692361476494,3,0.3333333333333333,0.3
receive,1,10,10,53,0.3951273225284426,1,0.0,0.1
receive,1,13,10,53,0.2705005561558237,1,1.0,0.1
receive,4,1,2,53,0.5086354577869314,1,0.0,0.5
receive,4,5,2,53,0.4256713934216435,1,0.0,0.5
receive,6,1,23,53,0.5085322747121415,7,0.7142857142857143,0.30434782608695654
receive,6,5,23,53,0.4294707486935059,5,0.0,0.21739130434782608
receive,6,6,23,53,0.4308509169357338,6,0.6666666666666666,0.2608695652173913
receive,6,8,23,53,0.33971814397044875,1,0.0,0.043478260869565216
receive,6,9,23,53,0.4042859495352338,1,1.0,0.043478260869565216
receive,6,13,23,53,0.25097351422682446,3,0.3333333333333333,0.13043478260869565
receive,8,1,2,53,0.4867207816692306,1,1.0,0.5
receive,8,5,2,53,0.40423891856298233,1,1.0,0.5
receive,9,1,2,53,0.509744283720188,1,0.0,0.5
receive,9,5,2,53,0.42829261466746193,1,0.0,0.5
receive,10,1,19,53,0.5199361769681129,7,0.14285714285714285,0.3684210526315789
receive,10,3,19,53,0.47799847980926446,1,0.0,0.05263157894736842
receive,10,4,19,53,0.47781231378742,1,1.0,0.05263157894736842
receive,10,5,19,53,0.43388157879745665,3,0.3333333333333333,0.15789473684210525
receive,10,6,19,53,0.43388157879745665,4,0.25,0.21052631578947367
receive,10,7,19,53,0.38776568294514663,1,0.0,0.05263157894736842
receive,10,10,19,53,0.39552756064854533,1,1.0,0.05263157894736842
receive,10,13,19,53,0.29888629284484863,1,1.0,0.05263157894736842
receive,4,1,9,54,0.49992373337415785,3,0.6666666666666666,0.3333333333333333
receive,4,5,9,54,0.41310148150410797,2,1.0,0.2222222222222222
receive,4,6,9,54,0.41310148150410797,1,0.0,0.1111111111111111
receive,4,13,9,54,0.2435514708533546,3,0.0,0.3333333333333333
receive,7,1,7,54,0.5276597776952019,2,0.5,0.2857142857142857
receive,7,5,7,54,0.44184337533496315,1,0.0,0.14285714285714285
receive,7,6,7,54,0.44184337533496315,2,0.0,0.2857142857142857
receive,7,13,7,54,0.29427247220923525,2,0.0,0.2857142857142857
receive,10,1,11,54,0.507179676049283,4,0.25,0.36363636363636365
receive,10,2,11,54,0.45174393161400916,1,0.0,0.09090909090909091
receive,10,5,11,54,0.4247027424822543,2,1.0,0.18181818181818182
receive,10,11,11,54,0.3846627563508315,1,1.0,0.09090909090909091
receive,10,13,11,54,0.29377503594754434,3,0.3333333333333333,0.2727272727272727
receive,11,1,16,54,0.486490541726971,7,0.7142857142857143,0.4375
receive,11,2,16,54,0.43329276649707865,2,0.5,0.125
receive,11,4,16,54,0.4453416641344982,1,0.0,0.0625
receive,11,11,16,54,0.3832076438541398,3,0.3333333333333333,0.1875
receive,11,13,16,54,0.2636467509070381,3,0.3333333333333333,0.1875
receive,1,6,4,55,0.5875324293307236,4,0.5,1.0
receive,4,5,5,55,0.5706351961061085,1,1.0,0.2
receive,4,6,5,55,0.5706351961061085,3,0.6666666666666666,0.6
receive,4,13,5,55,0.4073806853941811,1,1.0,0.2
receive,7,13,1,55,0.4474204888931778,1,1.0,1.0
receive,10,2,3,55,0.5916037101598997,2,0.5,0.6666666666666666
receive,10,6,3,55,0.580564725851756,1,0.0,0.3333333333333333
receive,11,1,5,55,0.6325109401983753,4,0.5,0.8
receive,11,6,5,55,0.5717616361796909,1,1.0,0.2
receive,1,1,14,56,0.5115465522136275,8,0.625,0.5714285714285714
receive,1,3,14,56,0.48831424755739533,3,0.6666666666666666,0.21428571428571427
receive,1,10,14,56,0.393001736623383,1,1.0,0.07142857142857142
receive,1,11,14,56,0.39163853469833104,2,0.0,0.14285714285714285
receive,3,1,2,56,0.5403571089831278,1,0.0,0.5
receive,3,11,2,56,0.4054739522081863,1,0.0,0.5
receive,6,3,1,56,0.49345760528718646,1,1.0,1.0
receive,7,1,3,56,0.503981011336622,3,0.0,1.0
receive,10,1,27,56,0.5223158340321441,15,0.6,0.5555555555555556
receive,10,3,27,56,0.48239280967721665,2,0.5,0.07407407407407407
receive,10,5,27,56,0.44174494941268194,1,1.0,0.037037037037037035
receive,10,6,27,56,0.44174494941268194,1,0.0,0.037037037037037035
receive,10,10,27,56,0.4053651266597271,6,0.5,0.2222222222222222
receive,10,13,27,56,0.3104948286012064,2,0.0,0.07407407407407407
receive,11,10,1,56,0.39610975921011077,1,1.0,1.0
receive,1,5,9,57,0.3871762227146065,6,0.6666666666666666,0.6666666666666666
receive,1,6,9,57,0.38868119699410886,1,1.0,0.1111111111111111
receive,1,13,9,57,0.24259792559653232,2,0.0,0.2222222222222222
receive,4,5,2,57,0.3910440191492718,1,0.0,0.5
receive,4,13,2,57,0.23738486842633566,1,0.0,0.5
receive,6,3,8,57,0.4325881055592771,1,0.0,0.125
receive,6,5,8,57,0.40010501908182833,1,0.0,0.125
receive,6,6,8,57,0.40153213472171173,4,1.0,0.5
receive,6,12,8,57,0.361197547223027,1,0.0,0.125
receive,6,13,8,57,0.22692435000836,1,0.0,0.125
receive,7,5,11,57,0.4011088732845869,5,0.4,0.45454545454545453
receive,7,6,11,57,0.4011088732845869,4,0.75,0.36363636363636365
receive,7,13,11,57,0.2585108717199483,2,0.0,0.18181818181818182
receive,8,12,2,57,0.34954152813399714,1,0.0,0.5
receive,8,13,2,57,0.24461478682577648,1,0.0,0.5
receive,9,3,5,57,0.42109997757206924,1,1.0,0.2
receive,9,6,5,57,0.408250424901461,2,0.5,0.4
receive,9,12,5,57,0.372238555378441,2,1.0,0.4
receive,10,1,42,57,0.5006319154453946,1,1.0,0.023809523809523808
receive,10,5,42,57,0.40123294022415046,2,0.0,0.047619047619047616
receive,10,6,42,57,0.40123294022415046,4,0.25,0.09523809523809523
receive,10,10,42,57,0.3482700081229411,1,0.0,0.023809523809523808
receive,10,11,42,57,0.3486118752799105,2,0.0,0.047619047619047616
receive,10,12,42,57,0.3647080880187138,15,0.13333333333333333,0.35714285714285715
receive,10,13,42,57,0.26699191636955427,17,0.17647058823529413,0.40476190476190477
receive,11,1,8,57,0.4394779742472046,3,0.0,0.375
receive,11,5,8,57,0.37487634283977933,1,1.0,0.125
receive,11,7,8,57,0.3345002483902648,1,1.0,0.125
receive,11,10,8,57,0.3307497101263888,1,1.0,0.125
receive,11,11,8,57,0.3385631606692924,1,0.0,0.125
receive,11,13,8,57,0.2333335568487885,1,0.0,0.125
receive,12,5,7,57,0.3716892733400611,1,0.0,0.14285714285714285
receive,12,6,7,57,0.3716892733400611,1,0.0,0.14285714285714285
receive,12,10,7,57,0.34118526253228965,1,0.0,0.14285714285714285
receive,12,12,7,57,0.34322766235350116,4,0.25,0.5714285714285714
receive,1,6,2,58,0.5452875149969176,2,0.0,1.0
receive,4,2,5,58,0.581812456458158,1,1.0,0.2
receive,4,5,5,58,0.5548197330558835,1,1.0,0.2
receive,4,6,5,58,0.5548197330558835,3,0.3333333333333333,0.6
receive,10,2,3,58,0.5542368769717037,1,1.0,0.3333333333333333
receive,10,5,3,58,0.5269456559857247,1,1.0,0.3333333333333333
receive,10,13,3,58,0.33447639224290704,1,0.0,0.3333333333333333
receive,11,1,2,58,0.6160434553505245,1,1.0,0.5
receive,11,10,2,58,0.48270526527078583,1,0.0,0.5
receive,1,2,8,59,0.39691691070435925,7,0.42857142857142855,0.875
receive,1,6,8,59,0.3918056507376074,1,1.0,0.125
receive,10,1,17,59,0.4812131974498198,1,0.0,0.058823529411764705
receive,10,2,17,59,0.42440155665990625,5,0.4,0.29411764705882354
receive,10,5,17,59,0.39579267601494295,1,0.0,0.058823529411764705
receive,10,6,17,59,0.39579267601494295,2,0.5,0.11764705882352941
receive,10,10,17,59,0.3495261189966805,2,0.5,0.11764705882352941
receive,10,13,17,59,0.273994077889371,6,0.16666666666666666,0.35294117647058826
receive,1,1,6,61,0.6445895879667475,1,1.0,0.16666666666666666
receive,1,5,6,61,0.5855976781300284,2,1.0,0.3333333333333333
receive,1,6,6,61,0.5845879162389862,2,0.5,0.3333333333333333
receive,1,13,6,61,0.4229956555059509,1,0.0,0.16666666666666666
receive,4,6,3,61,0.5771806270671967,3,0.6666666666666666,1.0
receive,10,2,5,61,0.6332986373079992,1,1.0,0.2
receive,10,13,5,61,0.4552326602518315,4,0.75,0.8
receive,11,5,3,61,0.5666049883199644,1,0.0,0.3333333333333333
receive,11,11,3,61,0.522346411245483,1,1.0,0.3333333333333333
receive,11,13,3,61,0.38360896564133123,1,1.0,0.3333333333333333
receive,1,1,4,62,0.5482053919411882,2,0.5,0.5
receive,1,5,4,62,0.48323856727934617,1,1.0,0.25
receive,1,6,4,62,0.4824648507029695,1,0.0,0.25
receive,4,1,16,62,0.5545413729312686,11,0.5454545454545454,0.6875
receive,4,6,16,62,0.4710361759163577,1,0.0,0.0625
receive,4,10,16,62,0.4252054470641553,1,0.0,0.0625
receive,4,13,16,62,0.2791204727608267,3,0.3333333333333333,0.1875
receive,10,2,4,62,0.38711217515796964,3,0.3333333333333333,0.75
receive,10,13,4,62,0.25137735328337857,1,1.0,0.25
receive,11,1,20,62,0.5387017231029273,9,0.4444444444444444,0.45
receive,11,2,20,62,0.48723606210439324,3,0.6666666666666666,0.15
receive,11,7,20,62,0.4299961919489281,1,0.0,0.05
receive,11,11,20,62,0.43104523999484956,2,0.5,0.1
receive,11,13,20,62,0.3059130401366867,5,0.2,0.25
receive,4,1,2,63,0.5531158306081403,1,0.0,0.5
receive,4,5,2,63,0.47338787348717615,1,0.0,0.5
receive,7,1,1,63,0.5283599456883916,1,0.0,1.0
receive,10,1,7,63,0.5364017393139039,1,1.0,0.14285714285714285
receive,10,2,7,63,0.47748498366968317,2,1.0,0.2857142857142857
receive,10,5,7,63,0.45816266195453087,1,0.0,0.14285714285714285
receive,10,10,7,63,0.4189276722238015,1,0.0,0.14285714285714285
receive,10,13,7,63,0.3067327188759662,2,0.0,0.2857142857142857
receive,11,1,4,63,0.5228251697825024,1,0.0,0.25
receive,11,7,4,63,0.40738495145058395,1,0.0,0.25
receive,11,10,4,63,0.4070601420524605,1,0.0,0.25
receive,11,11,4,63,0.4060406134183423,1,0.0,0.25
receive,1,1,43,64,0.47112827889306524,3,0.3333333333333333,0.06976744186046512
receive,1,2,43,64,0.4187694270066989,4,0.25,0.09302325581395349
receive,1,3,43,64,0.42621951185037327,1,0.0,0.023255813953488372
receive,1,5,43,64,0.40589915919785075,8,0.5,0.18604651162790697
receive,1,6,43,64,0.4058003856733644,19,0.42105263157894735,0.4418604651162791
receive,1,13,43,64,0.26683260747405524,8,0.375,0.18604651162790697
receive,4,1,41,64,0.48826576539571725,2,0.5,0.04878048780487805
receive,4,2,41,64,0.43069442781146167,2,0.0,0.04878048780487805
receive,4,5,41,64,0.4078763756008251,8,0.75,0.1951219512195122
receive,4,6,41,64,0.4084357890773737,16,0.5,0.3902439024390244
receive,4,13,41,64,0.24432274421222558,13,0.3076923076923077,0.3170731707317073
receive,6,2,17,64,0.4829475587649264,1,0.0,0.058823529411764705
receive,6,3,17,64,0.49490499031042495,4,0.5,0.23529411764705882
receive,6,6,17,64,0.42696730599163457,6,0.5,0.35294117647058826
receive,6,12,17,64,0.38316608497747806,1,1.0,0.058823529411764705
receive,6,13,17,64,0.24431387507468716,5,0.0,0.29411764705882354
receive,7,1,16,64,0.5094479217992081,2,0.5,0.125
receive,7,2,16,64,0.459795745683667,1,0.0,0.0625
receive,7,5,16,64,0.42418931014301836,3,0.0,0.1875
receive,7,6,16,64,0.42418931014301836,6,0.6666666666666666,0.375
receive,7,13,16,64,0.26472937219720705,4,0.25,0.25
receive,9,3,7,64,0.4432891130687541,1,0.0,0.14285714285714285
receive,9,5,7,64,0.42891077346033907,1,1.0,0.14285714285714285
receive,9,9,7,64,0.40367294648406465,1,0.0,0.14285714285714285
receive,9,12,7,64,0.38956070623696704,4,0.25,0.5714285714285714
receive,10,1,80,64,0.5027430543772837,8,0.625,0.1
receive,10,2,80,64,0.4546305277476678,4,0.25,0.05
receive,10,3,80,64,0.47538756759024003,2,0.0,0.025
receive,10,5,80,64,0.41063255285141687,5,0.4,0.0625
receive,10,6,80,64,0.41063255285141687,4,0.5,0.05
receive,10,7,80,64,0.361769699342331,2,0.5,0.025
receive,10,10,80,64,0.3675854161552192,3,0.0,0.0375
receive,10,12,80,64,0.38618501860627175,18,0.4444444444444444,0.225
receive,10,13,80,64,0.2847208065115701,34,0.23529411764705882,0.425
receive,11,1,45,64,0.462256828451843,19,0.5789473684210527,0.4222222222222222
receive,11,2,45,64,0.40974128535659315,1,0.0,0.022222222222222223
receive,11,4,45,64,0.42064708846331106,1,1.0,0.022222222222222223
receive,11,5,45,64,0.39280047686594644,2,1.0,0.044444444444444446
receive,11,6,45,64,0.39280047686594644,2,1.0,0.044444444444444446
receive,11,7,45,64,0.34825532357018624,2,1.0,0.044444444444444446
receive,11,10,45,64,0.3435222108036839,6,0.16666666666666666,0.13333333333333333
receive,11,11,45,64,0.35016006158642005,5,0.4,0.1111111111111111
receive,11,12,45,64,0.36047687712979176,1,0.0,0.022222222222222223
receive,11,13,45,64,0.23042633248456146,6,0.6666666666666666,0.13333333333333333
receive,12,2,40,64,0.40483431891602695,4,0.25,0.1
receive,12,3,40,64,0.41421584049121796,1,1.0,0.025
receive,12,5,40,64,0.3854955880180749,2,0.5,0.05
receive,12,12,40,64,0.3730870020634679,33,0.36363636363636365,0.825
receive,1,2,1,65,0.6289423445355067,1,1.0,1.0
receive,4,1,8,65,0.6128849482385307,3,0.3333333333333333,0.375
receive,4,5,8,65,0.545695048579646,2,0.5,0.25
receive,4,13,8,65,0.3789845903749801,3,0.3333333333333333,0.375
receive,6,1,1,65,0.7035580028836879,1,0.0,1.0
receive,10,1,9,65,0.703243636488024,4,0.75,0.4444444444444444
receive,10,2,9,65,0.6515104314912631,1,1.0,0.1111111111111111
receive,10,9,9,65,0.5984699823709203,1,1.0,0.1111111111111111
receive,10,13,9,65,0.4649863883562946,3,0.6666666666666666,0.3333333333333333
receive,1,1,14,66,0.4866746441774737,8,0.25,0.5714285714285714
receive,1,10,14,66,0.3707147177311648,1,0.0,0.07142857142857142
receive,1,11,14,66,0.36023048791005036,5,0.4,0.35714285714285715
receive,6,11,1,66,0.4127843257231867,1,0.0,1.0
receive,7,10,1,66,0.3496649212664959,1,1.0,1.0
receive,10,1,13,66,0.47681513577431855,6,0.3333333333333333,0.46153846153846156
receive,10,10,13,66,0.34835460468147017,7,0.14285714285714285,0.5384615384615384
receive,11,1,3,66,0.5012358947924443,3,0.6666666666666666,1.0
receive,1,1,10,67,0.5856473229581403,1,1.0,0.1
receive,1,2,10,67,0.5417707524669454,3,0.6666666666666666,0.3
receive,1,3,10,67,0.5701570035877308,1,1.0,0.1
receive,1,5,10,67,0.5109013176147783,2,0.5,0.2
receive,1,6,10,67,0.5102928041667163,2,0.5,0.2
receive,1,13,10,67,0.33416420764278776,1,0.0,0.1
receive,4,5,1,67,0.5333318006877423,1,1.0,1.0
receive,7,2,5,67,0.5823656533413223,3,0.6666666666666666,0.6
receive,7,5,5,67,0.5645334105433127,2,1.0,0.4
receive,10,2,2,67,0.5748414174219973,1,1.0,0.5
receive,10,6,2,67,0.5652181423993841,1,0.0,0.5
receive,11,1,6,67,0.6449743312838782,5,0.6,0.8333333333333334
receive,11,10,6,67,0.5390591638890471,1,0.0,0.16666666666666666
receive,1,1,5,68,0.4378675877243229,4,0.25,0.8
receive,1,10,5,68,0.3366023848777493,1,1.0,0.2
receive,7,1,4,68,0.4737759068413002,2,1.0,0.5
receive,7,3,4,68,0.44143481655258754,1,1.0,0.25
receive,7,13,4,68,0.24433823779234953,1,0.0,0.25
receive,10,1,9,68,0.4701702876347897,2,0.5,0.2222222222222222
receive,10,2,9,68,0.4252291182284553,1,0.0,0.1111111111111111
receive,10,13,9,68,0.21798771251157442,6,0.16666666666666666,0.6666666666666666
receive,1,1,21,69,0.5551227722328862,1,1.0,0.047619047619047616
receive,1,2,21,69,0.4983246149748409,10,0.5,0.47619047619047616
receive,1,5,21,69,0.4838353840027166,3,0.3333333333333333,0.14285714285714285
receive,1,6,21,69,0.4840721280983294,3,0.6666666666666666,0.14285714285714285
receive,1,13,21,69,0.3222906214250315,4,0.25,0.19047619047619047
receive,4,1,13,69,0.5930260882379483,1,0.0,0.07692307692307693
receive,4,5,13,69,0.5039813566311556,2,0.5,0.15384615384615385
receive,4,6,13,69,0.5040342601910209,5,0.6,0.38461538461538464
receive,4,13,13,69,0.3094532119833597,5,0.6,0.38461538461538464
receive,6,2,12,69,0.5305103206835856,5,0.4,0.4166666666666667
receive,6,6,12,69,0.4911198122963441,3,1.0,0.25
receive,6,13,12,69,0.2991735916834795,4,0.0,0.3333333333333333
receive,7,2,6,69,0.5152959515796206,4,0.5,0.6666666666666666
receive,7,5,6,69,0.49220614730566165,1,1.0,0.16666666666666666
receive,7,6,6,69,0.49220614730566165,1,0.0,0.16666666666666666
receive,10,1,61,69,0.5610209186367583,10,0.8,0.16393442622950818
receive,10,2,61,69,0.5057754054499016,10,0.5,0.16393442622950818
receive,10,5,61,69,0.4766530597186116,4,0.5,0.06557377049180328
receive,10,6,61,69,0.4766530597186116,7,0.7142857142857143,0.11475409836065574
receive,10,11,61,69,0.4261271227385504,1,1.0,0.01639344262295082
receive,10,13,61,69,0.3592454760438782,29,0.4482758620689655,0.47540983606557374
receive,11,1,14,69,0.5462230970440803,9,0.6666666666666666,0.6428571428571429
receive,11,5,14,69,0.47269165988534606,1,1.0,0.07142857142857142
receive,11,6,14,69,0.47269165988534606,1,1.0,0.07142857142857142
receive,11,10,14,69,0.4224894930057971,3,0.0,0.21428571428571427
receive,1,1,34,70,0.5685622022842511,8,0.625,0.23529411764705882
receive,1,2,34,70,0.5136202788931719,5,0.4,0.14705882352941177
receive,1,5,34,70,0.4973500422616123,10,0.4,0.29411764705882354
receive,1,6,34,70,0.49799408143411356,6,0.6666666666666666,0.17647058823529413
receive,1,13,34,70,0.3251459366053072,5,0.4,0.14705882352941177
receive,3,2,2,70,0.49867031134924444,1,0.0,0.5
receive,3,13,2,70,0.338991497089337,1,0.0,0.5
receive,4,1,66,70,0.5438361492193013,5,0.0,0.07575757575757576
receive,4,2,66,70,0.49070431524781594,5,0.6,0.07575757575757576
receive,4,5,66,70,0.4618131603934655,18,0.16666666666666666,0.2727272727272727
receive,4,6,66,70,0.46230668504019556,24,0.375,0.36363636363636365
receive,4,13,66,70,0.2905452833972683,14,0.5,0.21212121212121213
receive,6,5,1,70,0.5102504765429159,1,1.0,1.0
receive,7,2,21,70,0.4977614511300218,4,0.75,0.19047619047619047
receive,7,5,21,70,0.46901886014276883,6,0.3333333333333333,0.2857142857142857
receive,7,6,21,70,0.46902125981712894,4,0.5,0.19047619047619047
receive,7,13,21,70,0.33936410760347424,6,0.0,0.2857142857142857
receive,7,14,21,70,0.26737337373655173,1,0.0,0.047619047619047616
receive,10,1,66,70,0.5486597769159962,8,0.375,0.12121212121212122
receive,10,2,66,70,0.4999900148248438,16,0.4375,0.24242424242424243
receive,10,4,66,70,0.5146499018496524,1,0.0,0.015151515151515152
receive,10,5,66,70,0.4655860095276298,7,0.42857142857142855,0.10606060606060606
receive,10,6,66,70,0.4655885408495691,6,0.6666666666666666,0.09090909090909091
receive,10,13,66,70,0.3490421437254183,28,0.32142857142857145,0.42424242424242425
receive,11,1,88,70,0.5539597136198928,35,0.5428571428571428,0.3977272727272727
receive,11,2,88,70,0.5006337041537663,13,0.46153846153846156,0.14772727272727273
receive,11,4,88,70,0.5122608024824357,5,0.6,0.056818181818181816
receive,11,5,88,70,0.48508729354744085,4,0.5,0.045454545454545456
receive,11,6,88,70,0.48508729354744085,6,0.5,0.06818181818181818
receive,11,10,88,70,0.44121374247472295,2,0.5,0.022727272727272728
receive,11,11,88,70,0.446534457793635,3,0.6666666666666666,0.03409090909090909
receive,11,12,88,70,0.4626328144769909,1,0.0,0.011363636363636364
receive,11,13,88,70,0.3170646490568206,17,0.35294117647058826,0.19318181818181818
receive,11,14,88,70,0.23898775817413345,2,0.0,0.022727272727272728
receive,1,5,15,71,0.5050303528889414,2,1.0,0.13333333333333333
receive,1,6,15,71,0.5044116848891079,10,0.8,0.6666666666666666
receive,1,13,15,71,0.35407016563527965,3,0.0,0.2
receive,4,6,10,71,0.4880909371887109,7,0.5714285714285714,0.7
receive,4,13,10,71,0.3301307207216742,3,0.0,0.3
receive,7,6,1,71,0.526007537695944,1,0.0,1.0
receive,10,2,6,71,0.5081937476009494,5,0.6,0.8333333333333334
receive,10,6,6,71,0.49290491857548197,1,0.0,0.16666666666666666
receive,11,1,4,71,0.5582874905351541,1,0.0,0.25
receive,11,2,4,71,0.5054500931160388,1,0.0,0.25
receive,11,10,4,71,0.4446708354058471,1,1.0,0.25
receive,11,11,4,71,0.4530866831847783,1,1.0,0.25
receive,1,1,42,72,0.5478652253773159,11,0.18181818181818182,0.2619047619047619
receive,1,2,42,72,0.4953319329772308,10,0.4,0.23809523809523808
receive,1,5,42,72,0.47167089761550507,4,0.25,0.09523809523809523
receive,1,6,42,72,0.4722949747755593,8,0.375,0.19047619047619047
receive,1,13,42,72,0.31045231678579593,8,0.125,0.19047619047619047
receive,1,14,42,72,0.2681444743712024,1,0.0,0.023809523809523808
receive,3,1,1,72,0.5194637676552467,1,0.0,1.0
receive,4,1,64,72,0.5308849346276453,15,0.7333333333333333,0.234375
receive,4,2,64,72,0.4715499715837508,14,0.5,0.21875
receive,4,3,64,72,0.47876269388035897,1,1.0,0.015625
receive,4,5,64,72,0.4456624263099451,13,0.3076923076923077,0.203125
receive,4,6,64,72,0.44713745720038267,7,0.0,0.109375
receive,4,13,64,72,0.27143949811868834,13,0.3076923076923077,0.203125
receive,4,14,64,72,0.23107061270910745,1,1.0,0.015625
receive,7,1,11,72,0.4916370927026062,2,0.5,0.18181818181818182
receive,7,2,11,72,0.4547176082126093,1,1.0,0.09090909090909091
receive,7,5,11,72,0.41803226939281174,1,0.0,0.09090909090909091
receive,7,6,11,72,0.41803226939281174,3,1.0,0.2727272727272727
receive,7,13,11,72,0.30314380906090393,4,0.25,0.36363636363636365
receive,10,1,88,72,0.5785044942330277,10,0.7,0.11363636363636363
receive,10,2,88,72,0.5255940741225761,19,0.5263157894736842,0.2159090909090909
receive,10,4,88,72,0.5466063092043373,2,0.0,0.022727272727272728
receive,10,5,88,72,0.4911474379528471,13,0.38461538461538464,0.14772727272727273
receive,10,6,88,72,0.4911474379528471,9,0.4444444444444444,0.10227272727272728
receive,10,7,88,72,0.44081172250758327,1,0.0,0.011363636363636364
receive,10,10,88,72,0.44736488898442456,4,0.5,0.045454545454545456
receive,10,11,88,72,0.44497762976094873,2,0.5,0.022727272727272728
receive,10,13,88,72,0.35452016524272545,26,0.2692307692307692,0.29545454545454547
receive,10,14,88,72,0.26308874974662977,2,0.5,0.022727272727272728
receive,11,1,103,72,0.5333073432510803,23,0.6521739130434783,0.22330097087378642
receive,11,2,103,72,0.48383878140169934,14,0.5714285714285714,0.13592233009708737
receive,11,4,103,72,0.4959114100519216,5,0.6,0.04854368932038835
receive,11,5,103,72,0.46599514143669213,5,0.6,0.04854368932038835
receive,11,6,103,72,0.46599514143669213,5,0.4,0.04854368932038835
receive,11,7,103,72,0.4222698715642424,1,1.0,0.009708737864077669
receive,11,10,103,72,0.41690788115246646,13,0.6923076923076923,0.1262135922330097
receive,11,11,103,72,0.42184893099665505,16,0.5625,0.1553398058252427
receive,11,13,103,72,0.28673710180109413,21,0.2857142857142857,0.20388349514563106
receive,1,5,3,73,0.525168876902587,2,0.5,0.6666666666666666
receive,1,13,3,73,0.373700340826904,1,0.0,0.3333333333333333
receive,4,5,4,73,0.3819051202769753,3,0.3333333333333333,0.75
receive,4,13,4,73,0.2508892037294751,1,0.0,0.25
receive,6,13,1,73,0.3559403674279317,1,0.0,1.0
receive,7,1,10,73,0.6057563120739036,1,0.0,0.1
receive,7,6,10,73,0.5429025213884205,6,0.3333333333333333,0.6
receive,7,13,10,73,0.4203893286676316,3,0.6666666666666666,0.3
receive,10,1,39,73,0.608937780449777,8,0.875,0.20512820512820512
receive,10,2,39,73,0.550715179281473,5,0.8,0.1282051282051282
receive,10,5,39,73,0.5278869292267195,6,0.5,0.15384615384615385
receive,10,6,39,73,0.5278869292267195,2,0.5,0.05128205128205128
receive,10,7,39,73,0.4781988536820971,1,0.0,0.02564102564102564
receive,10,13,39,73,0.4066202346353837,17,0.5294117647058824,0.4358974358974359
receive,11,1,14,73,0.5763177366978713,8,0.375,0.5714285714285714
receive,11,7,14,73,0.46326974952359584,3,0.6666666666666666,0.21428571428571427
receive,11,10,14,73,0.46310071230926175,1,1.0,0.07142857142857142
receive,11,11,14,73,0.4718960811076274,1,1.0,0.07142857142857142
receive,11,13,14,73,0.347445451153854,1,1.0,0.07142857142857142
receive,1,6,3,74,0.3014800310510829,2,0.0,0.6666666666666666
receive,1,13,3,74,0.19565984431043346,1,1.0,0.3333333333333333
receive,4,1,25,74,0.4689761033854522,3,1.0,0.12
receive,4,2,25,74,0.41906189598956894,6,0.0,0.24
receive,4,5,25,74,0.3817309829397352,1,1.0,0.04
receive,4,6,25,74,0.38173339432693054,10,0.4,0.4
receive,4,7,25,74,0.33336709034961065,1,0.0,0.04
receive,4,13,25,74,0.23229644283692463,4,0.0,0.16
receive,6,13,1,74,0.23528787867055184,1,1.0,1.0
receive,10,1,17,74,0.5358466532821723,5,0.4,0.29411764705882354
receive,10,2,17,74,0.476684789535865,6,0.16666666666666666,0.35294117647058826
receive,10,4,17,74,0.4959941576422591,1,1.0,0.058823529411764705
receive,10,10,17,74,0.40851671639480985,1,1.0,0.058823529411764705
receive,10,13,17,74,0.30516481642970844,4,0.25,0.23529411764705882
receive,11,1,15,74,0.49367619575686156,6,0.0,0.4
receive,11,2,15,74,0.43835992050353223,1,0.0,0.06666666666666667
receive,11,4,15,74,0.45156114227150346,3,0.6666666666666666,0.2
receive,11,7,15,74,0.3887528836999008,1,1.0,0.06666666666666667
receive,11,10,15,74,0.3877013611928885,2,0.5,0.13333333333333333
receive,11,11,15,74,0.3923758621964612,1,1.0,0.06666666666666667
receive,11,13,15,74,0.25509815769780625,1,0.0,0.06666666666666667
receive,10,5,4,75,0.5380120089958975,1,1.0,0.25
receive,10,10,4,75,0.5004268505155113,3,0.6666666666666666,0.75
receive,12,3,10,75,0.5376277916792089,2,0.0,0.2
receive,12,5,10,75,0.5206025639440905,1,0.0,0.1
receive,12,10,10,75,0.48232092082142863,5,0.8,0.5
receive,12,12,10,75,0.4892264391757837,1,1.0,0.1
receive,12,14,10,75,0.281435777083396,1,0.0,0.1
receive,1,1,12,76,0.49313035094727514,11,0.8181818181818182,0.9166666666666666
receive,1,5,12,76,0.43094333444110916,1,1.0,0.08333333333333333
receive,4,1,11,76,0.49734935222558685,5,0.0,0.45454545454545453
receive,4,5,11,76,0.4189266148307052,2,1.0,0.18181818181818182
receive,4,13,11,76,0.25598659184392525,4,0.25,0.36363636363636365
receive,6,1,2,76,0.5271768340906808,1,0.0,0.5
receive,6,13,2,76,0.25999579675527273,1,0.0,0.5
receive,7,5,1,76,0.44295910103515035,1,1.0,1.0
receive,10,1,26,76,0.5221381992258693,5,0.6,0.19230769230769232
receive,10,2,26,76,0.4690682825074184,1,0.0,0.038461538461538464
receive,10,3,26,76,0.4865764522255026,1,0.0,0.038461538461538464
receive,10,4,26,76,0.4888992006454026,1,1.0,0.038461538461538464
receive,10,5,26,76,0.4396724305263796,5,0.4,0.19230769230769232
receive,10,6,26,76,0.4396724305263796,6,0.6666666666666666,0.23076923076923078
receive,10,10,26,76,0.40280250075809837,1,1.0,0.038461538461538464
receive,10,13,26,76,0.3335477449761787,6,0.16666666666666666,0.23076923076923078
receive,11,1,9,76,0.5056850620255725,7,0.42857142857142855,0.7777777777777778
receive,11,5,9,76,0.4402173999184941,1,0.0,0.1111111111111111
receive,11,10,9,76,0.39390729570709276,1,0.0,0.1111111111111111
receive,10,2,1,77,0.4252888702067098,1,0.0,1.0
receive,12,1,12,77,0.46024043701681444,1,1.0,0.08333333333333333
receive,12,2,12,77,0.4192562643477656,1,0.0,0.08333333333333333
receive,12,12,12,77,0.388041072463339,9,0.2222222222222222,0.75
receive,12,13,12,77,0.279747002215732,1,0.0,0.08333333333333333
receive,1,1,6,78,0.5617044344979648,3,0.3333333333333333,0.5
receive,1,3,6,78,0.5215370156017057,2,0.5,0.3333333333333333
receive,1,11,6,78,0.45141538588523916,1,1.0,0.16666666666666666
receive,3,3,1,78,0.6038838874665278,1,1.0,1.0
receive,6,1,8,78,0.5955368878734726,3,0.3333333333333333,0.375
receive,6,3,8,78,0.5537218777398702,2,0.5,0.25
receive,6,5,8,78,0.5023075585477287,1,0.0,0.125
receive,6,10,8,78,0.4580210089549393,1,0.0,0.125
receive,6,13,8,78,0.30322211885113537,1,0.0,0.125
receive,7,10,1,78,0.458095393799095,1,1.0,1.0
receive,8,1,2,78,0.5677254023568736,1,0.0,0.5
receive,8,13,2,78,0.30493884029132323,1,0.0,0.5
receive,10,1,21,78,0.5804738350341758,8,0.625,0.38095238095238093
receive,10,3,21,78,0.5352030109966723,1,1.0,0.047619047619047616
receive,10,6,21,78,0.49559295260021113,4,0.75,0.19047619047619047
receive,10,7,21,78,0.44988810792528494,1,1.0,0.047619047619047616
receive,10,10,21,78,0.45806389845767065,5,0.6,0.23809523809523808
receive,10,13,21,78,0.35165615462923827,2,0.5,0.09523809523809523
receive,4,9,1,79,0.5019234264266231,1,1.0,1.0
receive,9,13,1,79,0.41831654572838756,1,0.0,1.0
receive,10,3,7,79,0.6132476516630115,2,0.5,0.2857142857142857
receive,10,5,7,79,0.5576829157698544,2,0.0,0.2857142857142857
receive,10,10,7,79,0.5122125668321018,2,0.5,0.2857142857142857
receive,10,12,7,79,0.5278964838173364,1,0.0,0.14285714285714285
receive,12,12,3,79,0.4984912541994408,3,0.6666666666666666,1.0
receive,1,1,7,80,0.47392709639667663,4,0.5,0.5714285714285714
receive,1,5,7,80,0.40912633373133855,2,0.5,0.2857142857142857
receive,1,6,7,80,0.4065445169021592,1,1.0,0.14285714285714285
receive,4,6,2,80,0.40603370368602065,2,0.0,1.0
receive,7,6,3,80,0.4480994908277294,1,0.0,0.3333333333333333
receive,7,13,3,80,0.32465818181199796,2,0.0,0.6666666666666666
receive,10,6,3,80,0.2866968824074792,1,0.0,0.3333333333333333
receive,10,13,3,80,0.20785018414004217,2,0.0,0.6666666666666666
receive,11,1,7,80,0.46614858880414634,3,0.3333333333333333,0.42857142857142855
receive,11,7,7,80,0.3584115794513249,2,0.5,0.2857142857142857
receive,11,10,7,80,0.351143516599059,1,0.0,0.14285714285714285
receive,11,13,7,80,0.21478580384839788,1,0.0,0.14285714285714285
receive,1,1,11,81,0.5249794237063177,3,0.6666666666666666,0.2727272727272727
receive,1,2,11,81,0.46942931499026036,5,0.6,0.45454545454545453
receive,1,13,11,81,0.3150801495645745,3,0.3333333333333333,0.2727272727272727
receive,3,2,1,81,0.4388648833473424,1,0.0,1.0
receive,4,1,8,81,0.5285195314752299,2,1.0,0.25
receive,4,2,8,81,0.4610566330259351,3,0.3333333333333333,0.375
receive,4,5,8,81,0.44512594248259785,2,0.0,0.25
receive,4,6,8,81,0.44512594248259785,1,0.0,0.125
receive,6,2,2,81,0.48724788836865374,2,0.5,1.0
receive,7,2,4,81,0.5016815478664831,3,0.6666666666666666,0.75
receive,7,6,4,81,0.47770327101788046,1,1.0,0.25
receive,10,1,18,81,0.543911693779632,1,1.0,0.05555555555555555
receive,10,2,18,81,0.48904522101089754,8,0.25,0.4444444444444444
receive,10,5,18,81,0.4633675887274392,1,0.0,0.05555555555555555
receive,10,7,18,81,0.41837095843903227,1,1.0,0.05555555555555555
receive,10,13,18,81,0.3480752974022361,7,0.14285714285714285,0.3888888888888889
receive,11,10,1,81,0.4418069771218043,1,0.0,1.0
receive,1,1,17,82,0.37323638150816185,3,0.3333333333333333,0.17647058823529413
receive,1,3,17,82,0.3346941927557034,1,1.0,0.058823529411764705
receive,1,5,17,82,0.31165572682928067,2,0.0,0.11764705882352941
receive,1,10,17,82,0.2793326257681232,9,0.1111111111111111,0.5294117647058824
receive,1,11,17,82,0.27872859140485745,2,0.0,0.11764705882352941
receive,3,6,2,82,0.31127692442808674,1,1.0,0.5
receive,3,10,2,82,0.25192389194626275,1,0.0,0.5
receive,4,6,3,82,0.3004530524044981,1,0.0,0.3333333333333333
receive,4,10,3,82,0.2559646829374736,2,0.0,0.6666666666666666
receive,6,1,15,82,0.3894404760455792,3,0.6666666666666666,0.2
receive,6,5,15,82,0.3115791800289251,3,0.6666666666666666,0.2
receive,6,10,15,82,0.27242876776548264,7,0.42857142857142855,0.4666666666666667
receive,6,11,15,82,0.2727894592233265,1,0.0,0.06666666666666667
receive,6,13,15,82,0.14779634699946434,1,1.0,0.06666666666666667
receive,7,1,8,82,0.41568627583050266,1,1.0,0.125
receive,7,3,8,82,0.39759551218423306,1,1.0,0.125
receive,7,8,8,82,0.2054196838623237,1,0.0,0.125
receive,7,10,8,82,0.26244133607989545,2,0.5,0.25
receive,7,12,8,82,0.27193128615711887,1,0.0,0.125
receive,7,13,8,82,0.13467033588026012,2,0.5,0.25
receive,10,1,70,82,0.3786379975492347,15,0.26666666666666666,0.21428571428571427
receive,10,3,70,82,0.33499859914975744,5,0.6,0.07142857142857142
receive,10,5,70,82,0.3082878955220765,3,0.3333333333333333,0.04285714285714286
receive,10,6,70,82,0.3082878955220765,1,0.0,0.014285714285714285
receive,10,10,70,82,0.27811950780877553,40,0.3,0.5714285714285714
receive,10,11,70,82,0.2788529545204204,1,1.0,0.014285714285714285
receive,10,12,70,82,0.28627101227888047,2,0.5,0.02857142857142857
receive,10,13,70,82,0.19393586802140608,1,1.0,0.014285714285714285
receive,10,14,70,82,0.12912365938589798,2,0.0,0.02857142857142857
receive,11,10,1,82,0.28158194233471123,1,0.0,1.0
receive,12,1,15,82,0.35707208153854286,2,0.5,0.13333333333333333
receive,12,3,15,82,0.33796997670607803,1,0.0,0.06666666666666667
receive,12,5,15,82,0.300147932331405,1,0.0,0.06666666666666667
receive,12,6,15,82,0.300147932331405,1,0.0,0.06666666666666667
receive,12,10,15,82,0.2798688478752546,1,0.0,0.06666666666666667
receive,12,12,15,82,0.27916243692463544,9,0.3333333333333333,0.6
receive,1,2,2,83,0.585121309454959,1,1.0,0.5
receive,1,8,2,83,0.4919780357354605,1,1.0,0.5
receive,4,1,4,83,0.6492255628476689,1,1.0,0.25
receive,4,5,4,83,0.5492587374860461,1,1.0,0.25
receive,4,6,4,83,0.5492587374860461,1,1.0,0.25
receive,4,13,4,83,0.3503251977652527,1,1.0,0.25
receive,10,2,5,83,0.45479345115744946,2,1.0,0.4
receive,10,8,5,83,0.371709734612829,1,0.0,0.2
receive,10,13,5,83,0.3159979218592177,2,0.5,0.4
receive,11,8,3,83,0.4352334964950106,1,0.0,0.3333333333333333
receive,11,10,3,83,0.4865867018883347,2,0.5,0.6666666666666666
receive,4,1,2,84,0.5006104918380477,1,0.0,0.5
receive,4,5,2,84,0.42126285688372944,1,0.0,0.5
receive,6,1,3,84,0.5131498991347853,1,0.0,0.3333333333333333
receive,6,3,3,84,0.4781834446843655,1,1.0,0.3333333333333333
receive,6,5,3,84,0.41179570212740974,1,0.0,0.3333333333333333
receive,10,12,5,84,0.4045455668744344,5,0.2,1.0
receive,12,12,4,84,0.36270111745431505,3,0.0,0.75
receive,12,13,4,84,0.23523527429915728,1,0.0,0.25
receive,1,1,4,85,0.45497943921820794,1,1.0,0.25
receive,1,2,4,85,0.3990078453816229,1,1.0,0.25
receive,1,5,4,85,0.39160002258337234,1,0.0,0.25
receive,1,6,4,85,0.39085869730018247,1,0.0,0.25
receive,4,2,1,85,0.3832220782146263,1,0.0,1.0
receive,7,2,3,85,0.4575983683596225,2,0.0,0.6666666666666666
receive,7,6,3,85,0.42508351226882096,1,1.0,0.3333333333333333
receive,10,1,19,85,0.4699029239937247,3,0.6666666666666666,0.15789473684210525
receive,10,2,19,85,0.41391707054547205,5,0.2,0.2631578947368421
receive,10,6,19,85,0.38467244144500856,4,0.5,0.21052631578947367
receive,10,7,19,85,0.33777791361162973,2,0.5,0.10526315789473684
receive,10,10,19,85,0.3406492356100422,2,0.5,0.10526315789473684
receive,10,13,19,85,0.2672813578711439,3,0.6666666666666666,0.15789473684210525
receive,1,1,4,86,0.5595349038484883,3,0.3333333333333333,0.75
receive,1,13,4,86,0.3423006405235297,1,0.0,0.25
receive,4,1,13,86,0.5690774187084155,5,0.4,0.38461538461538464
receive,4,5,13,86,0.4851545900046133,4,0.25,0.3076923076923077
receive,4,10,13,86,0.4410824805769622,1,1.0,0.07692307692307693
receive,4,13,13,86,0.29988236947902946,3,0.6666666666666666,0.23076923076923078
receive,10,1,5,86,0.5731777073248913,2,0.5,0.4
receive,10,4,5,86,0.5141607637546004,1,1.0,0.2
receive,10,13,5,86,0.35317317956088934,2,0.5,0.4
receive,11,1,10,86,0.5043476715216596,4,0.75,0.4
receive,11,2,10,86,0.44812944105124153,1,0.0,0.1
receive,11,4,10,86,0.4528239758625487,3,0.6666666666666666,0.3
receive,11,5,10,86,0.4387075105394003,1,0.0,0.1
receive,11,11,10,86,0.39260295662441186,1,1.0,0.1
receive,1,1,2,87,0.5878684888593201,2,0.5,1.0
receive,7,2,1,87,0.54873315052618,1,1.0,1.0
receive,10,2,6,87,0.595694729390183,1,1.0,0.16666666666666666
receive,10,6,6,87,0.5428837942968685,1,1.0,0.16666666666666666
receive,10,13,6,87,0.424112826908412,4,1.0,0.6666666666666666
receive,11,1,6,87,0.5665517838384855,3,0.6666666666666666,0.5
receive,11,5,6,87,0.4907256262914819,1,1.0,0.16666666666666666
receive,11,7,6,87,0.4486990780249234,1,1.0,0.16666666666666666
receive,11,13,6,87,0.2683824436903515,1,0.0,0.16666666666666666
receive,1,13,2,88,0.3161498973380379,2,0.0,1.0
receive,4,2,6,88,0.4772165581197387,2,0.0,0.3333333333333333
receive,4,5,6,88,0.4480520786621351,1,1.0,0.16666666666666666
receive,4,13,6,88,0.2650916304473199,3,0.3333333333333333,0.5
receive,7,13,4,88,0.23271395236209763,4,0.25,1.0
receive,10,2,11,88,0.4445992832298961,1,0.0,0.09090909090909091
receive,10,13,11,88,0.29417824822458727,10,0.2,0.9090909090909091
receive,11,1,7,88,0.4446657912565199,2,1.0,0.2857142857142857
receive,11,7,7,88,0.3495290474533203,2,0.0,0.2857142857142857
receive,11,10,7,88,0.34678967060626054,1,0.0,0.14285714285714285
receive,11,13,7,88,0.22746666221371398,2,0.0,0.2857142857142857
receive,1,1,2,89,0.5939849679911948,2,0.5,1.0
receive,7,6,2,89,0.5485597705022672,1,0.0,0.5
receive,7,13,2,89,0.42660967444154446,1,0.0,0.5
receive,10,1,13,89,0.6047398454960343,2,0.0,0.15384615384615385
receive,10,2,13,89,0.5458654531376039,1,0.0,0.07692307692307693
receive,10,5,13,89,0.533428999232085,3,0.6666666666666666,0.23076923076923078
receive,10,6,13,89,0.533428999232085,5,0.4,0.38461538461538464
receive,10,13,13,89,0.4146924646900188,2,0.5,0.15384615384615385
receive,11,1,12,89,0.5761304063646849,10,0.6,0.8333333333333334
receive,11,2,12,89,0.5169991675624425,1,0.0,0.08333333333333333
receive,11,13,12,89,0.26719131722173856,1,1.0,0.08333333333333333
receive,1,2,9,90,0.5343503547345121,2,0.0,0.2222222222222222
receive,1,6,9,90,0.5162428331091496,6,0.5,0.6666666666666666
receive,1,13,9,90,0.3676483557929995,1,0.0,0.1111111111111111
receive,4,1,3,90,0.6759180503615408,1,0.0,0.3333333333333333
receive,4,6,3,90,0.5977487305722967,1,1.0,0.3333333333333333
receive,4,13,3,90,0.3835811549526263,1,1.0,0.3333333333333333
receive,10,1,30,90,0.6229271332177244,7,0.7142857142857143,0.23333333333333334
receive,10,2,30,90,0.5685802095345648,6,0.16666666666666666,0.2
receive,10,5,30,90,0.54545471884243,1,0.0,0.03333333333333333
receive,10,6,30,90,0.54545471884243,2,1.0,0.06666666666666667
receive,10,7,30,90,0.49669291721167375,2,0.0,0.06666666666666667
receive,10,10,30,90,0.5036386840631603,1,1.0,0.03333333333333333
receive,10,13,30,90,0.4263072938594434,11,0.36363636363636365,0.36666666666666664
receive,11,1,20,90,0.5900459631778763,12,0.9166666666666666,0.6
receive,11,2,20,90,0.5385892400727211,1,1.0,0.05
receive,11,4,20,90,0.5498956985582341,1,1.0,0.05
receive,11,6,20,90,0.5255819600958731,1,1.0,0.05
receive,11,10,20,90,0.47681368670150637,1,0.0,0.05
receive,11,11,20,90,0.48196239397681506,1,1.0,0.05
receive,11,13,20,90,0.3313705122713608,2,0.0,0.1
receive,11,14,20,90,0.24846328093645909,1,0.0,0.05
receive,1,1,7,91,0.5394422758756993,4,0.25,0.5714285714285714
receive,1,10,7,91,0.4416774330179272,2,0.5,0.2857142857142857
receive,1,11,7,91,0.44343896847992853,1,1.0,0.14285714285714285
receive,10,1,8,91,0.5603900677959076,3,0.0,0.375
receive,10,10,8,91,0.4411432397231189,1,1.0,0.125
receive,10,11,8,91,0.44109492213061763,1,1.0,0.125
receive,10,13,8,91,0.3353703527572709,3,0.3333333333333333,0.375
receive,1,1,19,92,0.6459432854896211,3,0.6666666666666666,0.15789473684210525
receive,1,2,19,92,0.5907447755411049,3,0.3333333333333333,0.15789473684210525
receive,1,5,19,92,0.5761376248218542,5,0.2,0.2631578947368421
receive,1,6,19,92,0.5764322765935654,4,1.0,0.21052631578947367
receive,1,13,19,92,0.4084689376224282,4,0.0,0.21052631578947367
receive,4,2,6,92,0.5894513456634762,2,0.5,0.3333333333333333
receive,4,5,6,92,0.5712645415619669,3,0.3333333333333333,0.5
receive,4,13,6,92,0.372436260582415,1,0.0,0.16666666666666666
receive,6,5,1,92,0.6603587695839164,1,1.0,1.0
receive,7,2,18,92,0.6046553621377279,5,0.8,0.2777777777777778
receive,7,5,18,92,0.5885422632185912,6,0.5,0.3333333333333333
receive,7,6,18,92,0.5885422632185912,5,0.6,0.2777777777777778
receive,7,8,18,92,0.47512978455629695,1,0.0,0.05555555555555555
receive,7,13,18,92,0.43099213996648333,1,0.0,0.05555555555555555
receive,10,1,40,92,0.6443015208212578,4,0.75,0.1
receive,10,2,40,92,0.5946217366382476,6,0.6666666666666666,0.15
receive,10,3,40,92,0.6092227450229992,1,1.0,0.025
receive,10,5,40,92,0.5629303312135585,2,1.0,0.05
receive,10,6,40,92,0.5629303312135585,5,0.8,0.125
receive,10,13,40,92,0.42375608881313215,22,0.3181818181818182,0.55
receive,11,1,14,92,0.5754892198856734,11,0.45454545454545453,0.7857142857142857
receive,11,2,14,92,0.5220875419889043,1,1.0,0.07142857142857142
receive,11,7,14,92,0.47636244363334457,1,1.0,0.07142857142857142
receive,11,13,14,92,0.3331380570503466,1,0.0,0.07142857142857142
receive,10,1,13,93,0.5838718208619995,2,0.0,0.15384615384615385
receive,10,2,13,93,0.5331723247213072,1,1.0,0.07692307692307693
receive,10,6,13,93,0.4925654806941738,1,1.0,0.07692307692307693
receive,10,10,13,93,0.4414608310563904,4,0.25,0.3076923076923077
receive,10,12,13,93,0.46078821679314175,1,0.0,0.07692307692307693
receive,10,13,13,93,0.3727155509890738,4,0.25,0.3076923076923077
receive,10,8,11,94,0.4316374626790873,1,1.0,0.09090909090909091
receive,10,10,11,94,0.48923578416504515,6,0.6666666666666666,0.5454545454545454
receive,10,12,11,94,0.5023170787088671,4,0.75,0.36363636363636365
receive,12,10,15,94,0.46856245180948697,7,0.7142857142857143,0.4666666666666667
receive,12,12,15,94,0.4734216987478944,8,0.375,0.5333333333333333
receive,8,3,1,95,0.5317271060482066,1,1.0,1.0
receive,9,1,10,95,0.5860751470349672,1,1.0,0.1
receive,9,5,10,95,0.5203012189012302,1,1.0,0.1
receive,9,9,10,95,0.49192321914177706,6,0.6666666666666666,0.6
receive,9,13,10,95,0.37922834397471383,2,0.0,0.2
receive,10,3,6,95,0.5419290017391934,1,1.0,0.16666666666666666
receive,10,5,6,95,0.5093366135811229,1,1.0,0.16666666666666666
receive,10,9,6,95,0.48593338577159373,3,0.0,0.5
receive,10,13,6,95,0.34233322793777293,1,0.0,0.16666666666666666
receive,1,1,114,96,0.5053647825766465,18,0.6111111111111112,0.15789473684210525
receive,1,2,114,96,0.45771986766346556,21,0.47619047619047616,0.18421052631578946
receive,1,3,114,96,0.47124814858430947,3,0.6666666666666666,0.02631578947368421
receive,1,5,114,96,0.43676585944497265,15,0.3333333333333333,0.13157894736842105
receive,1,6,114,96,0.43686965797937005,14,0.42857142857142855,0.12280701754385964
receive,1,12,114,96,0.4057116426743496,4,0.0,0.03508771929824561
receive,1,13,114,96,0.28991419553523845,36,0.19444444444444445,0.3157894736842105
receive,1,14,114,96,0.2515397266309608,3,0.3333333333333333,0.02631578947368421
receive,3,3,2,96,0.5488561857448646,1,0.0,0.5
receive,3,6,2,96,0.4952147878994212,1,0.0,0.5
receive,4,1,83,96,0.5219774358965926,15,0.6,0.18072289156626506
receive,4,2,83,96,0.46689121650808957,15,0.4666666666666667,0.18072289156626506
receive,4,5,83,96,0.4424335618898007,6,0.16666666666666666,0.07228915662650602
receive,4,6,83,96,0.4425759405342302,15,0.6,0.18072289156626506
receive,4,13,83,96,0.28011237344153833,31,0.1935483870967742,0.37349397590361444
receive,4,14,83,96,0.23902035209751543,1,0.0,0.012048192771084338
receive,6,1,9,96,0.5262952040618767,2,1.0,0.2222222222222222
receive,6,2,9,96,0.4801965405446901,1,0.0,0.1111111111111111
receive,6,5,9,96,0.4420217089675538,1,0.0,0.1111111111111111
receive,6,12,9,96,0.40622751490027187,1,0.0,0.1111111111111111
receive,6,13,9,96,0.26275136188291254,3,0.3333333333333333,0.3333333333333333
receive,6,14,9,96,0.21002519043273157,1,0.0,0.1111111111111111
receive,7,2,19,96,0.518300870877957,4,0.75,0.21052631578947367
receive,7,4,19,96,0.5345116824787258,1,0.0,0.05263157894736842
receive,7,5,19,96,0.4806297676847836,1,1.0,0.05263157894736842
receive,7,6,19,96,0.4806297676847836,5,0.6,0.2631578947368421
receive,7,13,19,96,0.32615351964697015,8,0.375,0.42105263157894735
receive,8,5,6,96,0.4692893431676117,2,0.0,0.3333333333333333
receive,8,10,6,96,0.41773891705352667,1,1.0,0.16666666666666666
receive,8,13,6,96,0.30127080012631635,2,1.0,0.3333333333333333
receive,8,14,6,96,0.23580506789096609,1,0.0,0.16666666666666666
receive,9,10,6,96,0.4456860213166811,1,1.0,0.16666666666666666
receive,9,12,6,96,0.4573222408106931,2,0.5,0.3333333333333333
receive,9,13,6,96,0.3067742718717433,2,0.5,0.3333333333333333
receive,9,14,6,96,0.23228234759424315,1,0.0,0.16666666666666666
receive,10,1,248,96,0.5422278558423379,21,0.5714285714285714,0.0846774193548387
receive,10,2,248,96,0.49157267420884015,52,0.3076923076923077,0.20967741935483872
receive,10,3,248,96,0.5066845460692403,1,1.0,0.004032258064516129
receive,10,4,248,96,0.5064557115956337,1,0.0,0.004032258064516129
receive,10,5,248,96,0.4600390036619312,16,0.25,0.06451612903225806
receive,10,6,248,96,0.4600390036619312,16,0.625,0.06451612903225806
receive,10,7,248,96,0.41239979642683855,2,0.5,0.008064516129032258
receive,10,8,248,96,0.35670627311482367,1,1.0,0.004032258064516129
receive,10,9,248,96,0.4332925335577389,1,0.0,0.004032258064516129
receive,10,10,248,96,0.41529384903880173,5,0.6,0.020161290322580645
receive,10,12,248,96,0.4307345819418586,19,0.3684210526315789,0.07661290322580645
receive,10,13,248,96,0.3224476797434809,106,0.27358490566037735,0.4274193548387097
receive,10,14,248,96,0.233543032542533,7,0.2857142857142857,0.028225806451612902
receive,11,1,217,96,0.5369870185545431,64,0.5,0.29493087557603687
receive,11,2,217,96,0.485304437096441,28,0.17857142857142858,0.12903225806451613
receive,11,4,217,96,0.49432703583697546,4,0.25,0.018433179723502304
receive,11,5,217,96,0.46745856666036906,8,0.25,0.03686635944700461
receive,11,6,217,96,0.46745856666036906,20,0.5,0.09216589861751152
receive,11,7,217,96,0.42067971151099165,1,0.0,0.004608294930875576
receive,11,10,217,96,0.4123240874630708,12,0.5833333333333334,0.055299539170506916
receive,11,11,217,96,0.41827959073743093,17,0.6470588235294118,0.07834101382488479
receive,11,13,217,96,0.2837862356993947,63,0.25396825396825395,0.2903225806451613
receive,12,1,48,96,0.5227682731324343,1,1.0,0.020833333333333332
receive,12,2,48,96,0.4820260311189129,5,0.2,0.10416666666666667
receive,12,5,48,96,0.46407407566233055,7,0.5714285714285714,0.14583333333333334
receive,12,10,48,96,0.4288841246465729,1,1.0,0.020833333333333332
receive,12,12,48,96,0.43913861353099604,20,0.35,0.4166666666666667
receive,12,13,48,96,0.30632178324696463,11,0.36363636363636365,0.22916666666666666
receive,12,14,48,96,0.22681683535816666,3,0.0,0.0625
receive,1,13,1,97,0.2867343084785986,1,0.0,1.0
receive,4,1,14,97,0.5261289798097893,4,0.75,0.2857142857142857
receive,4,2,14,97,0.46440605711218674,5,0.2,0.35714285714285715
receive,4,6,14,97,0.4417434425753049,1,1.0,0.07142857142857142
receive,4,13,14,97,0.27097198535843964,3,1.0,0.21428571428571427
receive,4,14,14,97,0.22924572213904745,1,0.0,0.07142857142857142
receive,6,13,1,97,0.30137502852431186,1,1.0,1.0
receive,10,2,6,97,0.41675323777336676,3,0.6666666666666666,0.5
receive,10,13,6,97,0.2613063917040581,3,0.3333333333333333,0.5
receive,11,1,14,97,0.49546309980740466,5,0.2,0.35714285714285715
receive,11,10,14,97,0.37680496671527813,1,0.0,0.07142857142857142
receive,11,11,14,97,0.38023722882745764,1,0.0,0.07142857142857142
receive,11,13,14,97,0.2711847794691638,7,0.2857142857142857,0.5
receive,1,1,5,98,0.5524514976251248,1,1.0,0.2
receive,1,2,5,98,0.49252618476893095,1,0.0,0.2
receive,1,5,5,98,0.485742216758132,2,1.0,0.4
receive,1,14,5,98,0.2704831145951293,1,1.0,0.2
receive,4,1,4,98,0.5800287105509553,3,0.6666666666666666,0.75
receive,4,5,4,98,0.49875442420046784,1,1.0,0.25
receive,10,2,5,98,0.5221260255702161,1,0.0,0.2
receive,10,5,5,98,0.4692379275318131,1,1.0,0.2
receive,10,13,5,98,0.3894179087406825,3,0.3333333333333333,0.6
receive,11,1,10,98,0.5385111943289023,7,0.7142857142857143,0.7
receive,11,10,10,98,0.4624124196235206,2,0.5,0.2
receive,11,13,10,98,0.3297568464024803,1,0.0,0.1
receive,1,1,1,99,0.5529255273300334,1,0.0,1.0
receive,8,1,3,99,0.5868536351158317,2,0.5,0.6666666666666666
receive,8,2,3,99,0.5247968196684906,1,1.0,0.3333333333333333
receive,9,1,1,99,0.5853292412136548,1,0.0,1.0
receive,10,10,4,99,0.4912823146679903,1,1.0,0.25
receive,10,12,4,99,0.4995783917158987,3,0.6666666666666666,0.75
receive,12,3,12,99,0.5323209355373205,1,1.0,0.08333333333333333
receive,12,5,12,99,0.4934158706259531,1,0.0,0.08333333333333333
receive,12,8,12,99,0.42052390950738744,1,1.0,0.08333333333333333
receive,12,9,12,99,0.4763435153175533,1,1.0,0.08333333333333333
receive,12,12,12,99,0.48243811239860307,3,0.6666666666666666,0.25
receive,12,13,12,99,0.3580209859050874,4,0.25,0.3333333333333333
receive,12,14,12,99,0.27532893964941496,1,0.0,0.08333333333333333
receive,1,1,4,100,0.5196300870038049,4,1.0,1.0
receive,6,1,1,100,0.5265575471337576,1,1.0,1.0
receive,7,5,1,100,0.461069129945569,1,0.0,1.0
receive,10,1,36,100,0.5410019095805266,15,0.4,0.4166666666666667
receive,10,5,36,100,0.45955327918807204,3,0.3333333333333333,0.08333333333333333
receive,10,6,36,100,0.45955327918807204,5,0.6,0.1388888888888889
receive,10,13,36,100,0.35205444551510673,13,0.38461538461538464,0.3611111111111111
receive,11,1,7,100,0.5371079454032563,4,0.25,0.5714285714285714
receive,11,10,7,100,0.41732699536363865,1,1.0,0.14285714285714285
receive,11,13,7,100,0.3182710143746519,2,0.0,0.2857142857142857
receive,1,1,28,101,0.4576182202124582,12,0.6666666666666666,0.42857142857142855
receive,1,2,28,101,0.39945049356753237,4,0.75,0.14285714285714285
receive,1,5,28,101,0.38775653932228016,3,0.0,0.10714285714285714
receive,1,6,28,101,0.39107591277467657,6,0.8333333333333334,0.21428571428571427
receive,1,13,28,101,0.23906825607790064,3,0.0,0.10714285714285714
receive,4,1,97,101,0.4804859707726233,15,0.6,0.15463917525773196
receive,4,2,97,101,0.4234473403637571,7,0.8571428571428571,0.07216494845360824
receive,4,5,97,101,0.39364020665543553,19,0.47368421052631576,0.1958762886597938
receive,4,6,97,101,0.3952555112055717,30,0.5333333333333333,0.30927835051546393
receive,4,10,97,101,0.3406333294590501,1,0.0,0.010309278350515464
receive,4,13,97,101,0.22351951313392407,25,0.28,0.25773195876288657
receive,6,6,2,101,0.4070637117597786,1,0.0,0.5
receive,6,13,2,101,0.2192665471956357,1,1.0,0.5
receive,7,2,4,101,0.4609022276086632,1,1.0,0.25
receive,7,6,4,101,0.4115072203036297,1,1.0,0.25
receive,7,13,4,101,0.2339047370922539,2,0.0,0.5
receive,10,1,50,101,0.4824649821638352,3,0.3333333333333333,0.06
receive,10,2,50,101,0.4305356991051022,8,0.5,0.16
receive,10,3,50,101,0.4438999653130268,1,1.0,0.02
receive,10,5,50,101,0.3983779667184987,5,0.2,0.1
receive,10,6,50,101,0.3983779667184987,10,0.1,0.2
receive,10,10,50,101,0.3585765665234794,2,0.0,0.04
receive,10,11,50,101,0.3562256069242769,1,0.0,0.02
receive,10,13,50,101,0.27775640986873,20,0.35,0.4
receive,11,1,85,101,0.4474296742564254,42,0.38095238095238093,0.49411764705882355
receive,11,2,85,101,0.39522834710260724,3,0.0,0.03529411764705882
receive,11,4,85,101,0.40570447209800936,6,0.3333333333333333,0.07058823529411765
receive,11,5,85,101,0.38221788473508894,1,0.0,0.011764705882352941
receive,11,6,85,101,0.38221788473508905,3,0.0,0.03529411764705882
receive,11,7,85,101,0.34268499850250744,1,0.0,0.011764705882352941
receive,11,10,85,101,0.3392529890177803,6,0.3333333333333333,0.07058823529411765
receive,11,11,85,101,0.34452083161640945,11,0.18181818181818182,0.12941176470588237
receive,11,13,85,101,0.2185600842358808,11,0.2727272727272727,0.12941176470588237
receive,11,14,85,101,0.14993478417448547,1,0.0,0.011764705882352941
receive,1,1,7,102,0.6104504924581965,1,0.0,0.14285714285714285
receive,1,3,7,102,0.5954065353883673,4,0.25,0.5714285714285714
receive,1,11,7,102,0.4483395215798676,2,1.0,0.2857142857142857
receive,3,11,1,102,0.4707679131819113,1,1.0,1.0
receive,6,1,3,102,0.4029524380973124,1,1.0,0.3333333333333333
receive,6,11,3,102,0.31608655764676774,1,0.0,0.3333333333333333
receive,6,13,3,102,0.18744682655901204,1,0.0,0.3333333333333333
receive,7,3,2,102,0.6180746067154073,1,1.0,0.5
receive,7,6,2,102,0.5218632239290208,1,1.0,0.5
receive,10,1,7,102,0.6019715458420496,1,1.0,0.14285714285714285
receive,10,2,7,102,0.5500274656676868,1,1.0,0.14285714285714285
receive,10,6,7,102,0.5125374914989729,1,0.0,0.14285714285714285
receive,10,10,7,102,0.468692927633844,2,0.5,0.2857142857142857
receive,10,11,7,102,0.46907354661848405,1,0.0,0.14285714285714285
receive,10,13,7,102,0.3719577401918892,1,1.0,0.14285714285714285
receive,11,1,3,102,0.5524485397835641,1,0.0,0.3333333333333333
receive,11,3,3,102,0.5135945578229825,2,1.0,0.6666666666666666
receive,4,1,4,103,0.6617007738707577,1,0.0,0.25
receive,4,13,4,103,0.36050566805295026,3,0.3333333333333333,0.75
receive,10,2,1,103,0.556216691302639,1,0.0,1.0
receive,11,1,5,103,0.4857555468805012,2,0.5,0.4
receive,11,10,5,103,0.40910604747637824,2,1.0,0.4
receive,11,11,5,103,0.4115566647770594,1,0.0,0.2
receive,1,1,6,104,0.47545711266231744,1,1.0,0.16666666666666666
receive,1,2,6,104,0.433644659280942,1,1.0,0.16666666666666666
receive,1,5,6,104,0.4207937566018481,1,0.0,0.16666666666666666
receive,1,7,6,104,0.3773470351168476,1,0.0,0.16666666666666666
receive,1,8,6,104,0.33784700515682636,1,1.0,0.16666666666666666
receive,1,13,6,104,0.28029304919004294,1,0.0,0.16666666666666666
receive,4,1,9,104,0.5699966219595085,3,0.3333333333333333,0.3333333333333333
receive,4,8,9,104,0.40010129373275544,3,0.0,0.3333333333333333
receive,4,13,9,104,0.31529955213524,3,0.6666666666666666,0.3333333333333333
receive,10,6,3,104,0.3493403136537505,1,1.0,0.3333333333333333
receive,10,13,3,104,0.2880940541289369,2,0.5,0.6666666666666666
receive,11,1,2,104,0.5409924232103935,2,0.5,1.0
receive,6,6,2,105,0.5093450490538285,2,0.5,1.0
receive,8,6,2,105,0.4806571964373311,1,0.0,0.5
receive,8,10,2,105,0.4281870145189236,1,0.0,0.5
receive,9,9,2,105,0.47248404430304225,1,0.0,0.5
receive,9,10,2,105,0.4575117280425525,1,0.0,0.5
receive,10,1,12,105,0.5834536178727278,1,0.0,0.08333333333333333
receive,10,3,12,105,0.5473609623865021,1,1.0,0.08333333333333333
receive,10,5,12,105,0.49440441301046967,1,0.0,0.08333333333333333
receive,10,6,12,105,0.49440441301046967,1,1.0,0.08333333333333333
receive,10,9,12,105,0.47284989191514626,6,0.16666666666666666,0.5
receive,10,10,12,105,0.4609825032751653,2,1.0,0.16666666666666666
receive,12,3,19,105,0.4636155459961735,1,1.0,0.05263157894736842
receive,12,10,19,105,0.4164149822191272,17,0.6470588235294118,0.8947368421052632
receive,12,13,19,105,0.30674835288024643,1,0.0,0.05263157894736842
receive,1,1,24,106,0.5217685760179968,3,0.3333333333333333,0.125
receive,1,2,24,106,0.46711161379817184,4,0.5,0.16666666666666666
receive,1,5,24,106,0.4541829819491327,8,0.375,0.3333333333333333
receive,1,6,24,106,0.455136903415772,3,0.3333333333333333,0.125
receive,1,13,24,106,0.3033015242154819,6,0.5,0.25
receive,4,1,67,106,0.5481093459247347,5,0.6,0.07462686567164178
receive,4,2,67,106,0.49101064012528906,11,0.36363636363636365,0.16417910447761194
receive,4,5,67,106,0.46481677169270647,12,0.5,0.1791044776119403
receive,4,6,67,106,0.465167954348061,18,0.5,0.26865671641791045
receive,4,10,67,106,0.409625404185068,1,1.0,0.014925373134328358
receive,4,13,67,106,0.2873156663721856,20,0.25,0.29850746268656714
receive,7,1,1,106,0.5328411406695229,1,0.0,1.0
receive,10,1,14,106,0.5482835105476552,4,0.25,0.2857142857142857
receive,10,2,14,106,0.48834094906397263,4,0.5,0.2857142857142857
receive,10,3,14,106,0.49708615636955944,1,0.0,0.07142857142857142
receive,10,4,14,106,0.49908568089768707,1,1.0,0.07142857142857142
receive,10,10,14,106,0.43005932705974537,1,0.0,0.07142857142857142
receive,10,13,14,106,0.30876374001863455,3,0.6666666666666666,0.21428571428571427
receive,11,1,28,106,0.5129908480139725,22,0.45454545454545453,0.7857142857142857
receive,11,2,28,106,0.4525090854501442,2,0.0,0.07142857142857142
receive,11,4,28,106,0.4610815624878683,2,0.0,0.07142857142857142
receive,11,6,28,106,0.4438240347430412,1,1.0,0.03571428571428571
receive,11,13,28,106,0.26898021485287266,1,0.0,0.03571428571428571
receive,12,13,1,106,0.31769910709209137,1,0.0,1.0
receive,1,1,13,107,0.59729815406806,6,0.6666666666666666,0.46153846153846156
receive,1,2,13,107,0.5472794861077734,1,0.0,0.07692307692307693
receive,1,5,13,107,0.5227778502612982,1,1.0,0.07692307692307693
receive,1,6,13,107,0.5199160980876539,2,0.0,0.15384615384615385
receive,1,13,13,107,0.357149583266678,3,0.3333333333333333,0.23076923076923078
receive,4,13,1,107,0.3614926942120609,1,0.0,1.0
receive,6,2,3,107,0.53521857129501,3,0.0,1.0
receive,7,1,4,107,0.6378646220906855,1,0.0,0.25
receive,7,2,4,107,0.5847069748354934,2,0.5,0.5
receive,7,13,4,107,0.36485061432868215,1,0.0,0.25
receive,10,1,49,107,0.5821005908233634,12,0.75,0.24489795918367346
receive,10,2,49,107,0.530052297033296,10,0.6,0.20408163265306123
receive,10,5,49,107,0.5020759022074869,4,0.5,0.08163265306122448
receive,10,6,49,107,0.5020759022074869,4,0.25,0.08163265306122448
receive,10,10,49,107,0.4593336134394797,2,1.0,0.04081632653061224
receive,10,13,49,107,0.3629177226244486,17,0.35294117647058826,0.3469387755102041
receive,11,1,19,107,0.5673571618475032,10,0.1,0.5263157894736842
receive,11,2,19,107,0.5161788586025071,1,1.0,0.05263157894736842
receive,11,5,19,107,0.49424831903503114,1,1.0,0.05263157894736842
receive,11,6,19,107,0.49424831903503114,1,0.0,0.05263157894736842
receive,11,7,19,107,0.4528791458253159,1,0.0,0.05263157894736842
receive,11,13,19,107,0.28680948999158334,5,0.2,0.2631578947368421
receive,1,2,5,108,0.6086745754715144,1,1.0,0.2
receive,1,5,5,108,0.6017395602108883,3,0.6666666666666666,0.6
receive,1,13,5,108,0.44439934738254383,1,1.0,0.2
receive,4,2,1,108,0.6046558280657,1,1.0,1.0
receive,7,5,1,108,0.6412519066430168,1,1.0,1.0
receive,10,2,2,108,0.634328955362264,1,1.0,0.5
receive,10,13,2,108,0.47798417852943065,1,0.0,0.5
receive,1,1,4,109,0.5279097587046508,1,1.0,0.25
receive,1,6,4,109,0.4660876727232529,1,0.0,0.25
receive,1,13,4,109,0.3208679003208917,2,0.0,0.5
receive,4,5,3,109,0.42526751081224773,3,0.6666666666666666,1.0
receive,6,13,1,109,0.2918577332438351,1,1.0,1.0
receive,7,5,3,109,0.46627830671010523,1,0.0,0.3333333333333333
receive,7,13,3,109,0.3411153190940126,2,0.0,0.6666666666666666
receive,10,2,17,109,0.5027081723748575,3,1.0,0.17647058823529413
receive,10,5,17,109,0.4561154815632291,1,1.0,0.058823529411764705
receive,10,6,17,109,0.4561154815632291,1,0.0,0.058823529411764705
receive,10,13,17,109,0.3488660516166196,12,0.4166666666666667,0.7058823529411765
receive,11,4,9,109,0.44258852392117715,1,1.0,0.1111111111111111
receive,11,5,9,109,0.41177139026510456,1,1.0,0.1111111111111111
receive,11,10,9,109,0.3593763256136651,3,0.6666666666666666,0.3333333333333333
receive,11,11,9,109,0.36815301874996725,2,0.5,0.2222222222222222
receive,11,13,9,109,0.25898843272016514,2,0.0,0.2222222222222222
receive,1,6,4,110,0.5020022399700081,4,0.5,1.0
receive,4,2,3,110,0.5369405931533612,1,1.0,0.3333333333333333
receive,4,6,3,110,0.4977780565634798,2,1.0,0.6666666666666666
receive,6,5,4,110,0.5046174042880361,2,0.5,0.5
receive,6,6,4,110,0.5046174042880361,2,1.0,0.5
receive,7,5,5,110,0.5129300136421027,1,0.0,0.2
receive,7,6,5,110,0.5129300136421027,3,0.6666666666666666,0.6
receive,7,13,5,110,0.38454441803918815,1,0.0,0.2
receive,9,13,1,110,0.2938344047887003,1,0.0,1.0
receive,10,1,14,110,0.4993470694466816,2,0.0,0.14285714285714285
receive,10,3,14,110,0.46953715035286786,1,0.0,0.07142857142857142
receive,10,6,14,110,0.4236146178501702,1,1.0,0.07142857142857142
receive,10,13,14,110,0.30069561690267593,9,0.1111111111111111,0.6428571428571429
receive,10,14,14,110,0.2277982714636153,1,0.0,0.07142857142857142
receive,11,1,12,110,0.5336254919782039,3,1.0,0.25
receive,11,5,12,110,0.46325982766525636,1,1.0,0.08333333333333333
receive,11,6,12,110,0.46325982766525636,2,1.0,0.16666666666666666
receive,11,7,12,110,0.42470510367131525,3,0.3333333333333333,0.25
receive,11,10,12,110,0.4213809322678694,1,1.0,0.08333333333333333
receive,11,11,12,110,0.4273451364647696,1,0.0,0.08333333333333333
receive,11,13,12,110,0.27959399900242526,1,0.0,0.08333333333333333
receive,12,6,1,110,0.4697667641069519,1,1.0,1.0
receive,1,1,29,111,0.4619306111519316,8,0.5,0.27586206896551724
receive,1,5,29,111,0.3946353622144181,7,0.14285714285714285,0.2413793103448276
receive,1,6,29,111,0.39420235838843587,5,0.2,0.1724137931034483
receive,1,13,29,111,0.25283029495848636,9,0.3333333333333333,0.3103448275862069
receive,4,1,30,111,0.4483235992225359,3,0.3333333333333333,0.1
receive,4,2,30,111,0.39006959808909397,1,0.0,0.03333333333333333
receive,4,5,30,111,0.3650536408949364,14,0.21428571428571427,0.4666666666666667
receive,4,6,30,111,0.3650536408949364,3,0.6666666666666666,0.1
receive,4,13,30,111,0.21357189095802326,9,0.2222222222222222,0.3
receive,6,6,1,111,0.4123692547857913,1,0.0,1.0
receive,7,1,3,111,0.46536332254011176,1,1.0,0.3333333333333333
receive,7,5,3,111,0.39968915954290357,1,0.0,0.3333333333333333
receive,7,13,3,111,0.26725078640633665,1,1.0,0.3333333333333333
receive,10,1,37,111,0.4677574602986551,2,0.0,0.05405405405405406
receive,10,2,37,111,0.41280066557977346,7,0.5714285714285714,0.1891891891891892
receive,10,3,37,111,0.421449810941505,2,0.0,0.05405405405405406
receive,10,4,37,111,0.4215225824684243,1,1.0,0.02702702702702703
receive,10,5,37,111,0.39020750299756596,6,0.16666666666666666,0.16216216216216217
receive,10,10,37,111,0.36241764717501807,7,0.7142857142857143,0.1891891891891892
receive,10,12,37,111,0.37095859811723225,4,1.0,0.10810810810810811
receive,10,13,37,111,0.2728976788571252,8,0.375,0.21621621621621623
receive,11,1,44,111,0.43900967096288745,12,0.25,0.2727272727272727
receive,11,4,44,111,0.40102993899434947,3,0.0,0.06818181818181818
receive,11,5,44,111,0.37448404419572884,3,0.6666666666666666,0.06818181818181818
receive,11,7,44,111,0.33846833718492547,4,0.25,0.09090909090909091
receive,11,10,44,111,0.33691017499667647,4,0.25,0.09090909090909091
receive,11,11,44,111,0.3390278642766176,4,0.25,0.09090909090909091
receive,11,13,44,111,0.22246114726989233,14,0.07142857142857142,0.3181818181818182
receive,12,2,10,111,0.3890132914425121,1,0.0,0.1
receive,12,12,10,111,0.35619569637314424,9,0.6666666666666666,0.9
receive,1,1,18,112,0.4041972482650153,4,0.25,0.2222222222222222
receive,1,2,18,112,0.35617305997627313,3,0.6666666666666666,0.16666666666666666
receive,1,3,18,112,0.3669446022592566,1,1.0,0.05555555555555555
receive,1,5,18,112,0.34305593796005707,2,0.5,0.1111111111111111
receive,1,6,18,112,0.34252903846609467,5,0.6,0.2777777777777778
receive,1,13,18,112,0.21474499173839823,3,0.0,0.16666666666666666
receive,4,1,21,112,0.44934929473300517,3,0.6666666666666666,0.14285714285714285
receive,4,2,21,112,0.38757361307237176,4,0.25,0.19047619047619047
receive,4,3,21,112,0.3865408297156127,1,1.0,0.047619047619047616
receive,4,5,21,112,0.36488861530719324,6,0.16666666666666666,0.2857142857142857
receive,4,6,21,112,0.36864282557301553,5,0.8,0.23809523809523808
receive,4,13,21,112,0.19713692191047943,2,0.0,0.09523809523809523
receive,6,2,3,112,0.4445317383737035,1,0.0,0.3333333333333333
receive,6,5,3,112,0.40044549837427496,1,1.0,0.3333333333333333
receive,6,13,3,112,0.22323575059213932,1,0.0,0.3333333333333333
receive,7,5,5,112,0.4104937305965807,1,0.0,0.2
receive,7,6,5,112,0.4104937305965807,1,1.0,0.2
receive,7,13,5,112,0.28671572879794005,3,0.6666666666666666,0.6
receive,8,5,1,112,0.4056586860704195,1,1.0,1.0
receive,10,1,39,112,0.44447357135732307,5,0.4,0.1282051282051282
receive,10,2,39,112,0.3924746690539469,5,0.4,0.1282051282051282
receive,10,5,39,112,0.3676338876285357,3,0.0,0.07692307692307693
receive,10,6,39,112,0.3676338876285357,5,0.0,0.1282051282051282
receive,10,13,39,112,0.26702569717765856,21,0.3333333333333333,0.5384615384615384
receive,11,1,6,112,0.4443381357945582,5,0.8,0.8333333333333334
receive,11,3,6,112,0.4019579073500028,1,0.0,0.16666666666666666
receive,1,2,4,113,0.42219839360915834,1,0.0,0.25
receive,1,5,4,113,0.4173397430914281,1,1.0,0.25
receive,1,6,4,113,0.4165887268723834,1,1.0,0.25
receive,1,13,4,113,0.2762885598252659,1,0.0,0.25
receive,4,6,3,113,0.4076982454348159,2,0.5,0.6666666666666666
receive,4,13,3,113,0.26060888127929455,1,0.0,0.3333333333333333
receive,6,13,4,113,0.2564399028220971,4,0.25,1.0
receive,7,3,4,113,0.37867080522446844,1,0.0,0.25
receive,7,6,4,113,0.33332089929156045,1,1.0,0.25
receive,7,13,4,113,0.2294994833304146,2,0.5,0.5
receive,10,1,16,113,0.46677541477517986,1,0.0,0.0625
receive,10,2,16,113,0.4143775197005691,2,0.5,0.125
receive,10,5,16,113,0.3925739876649056,2,0.0,0.125
receive,10,13,16,113,0.2687591875743225,11,0.18181818181818182,0.6875
receive,11,1,12,113,0.49387734567810915,4,0.5,0.3333333333333333
receive,11,6,12,113,0.425710300761079,4,0.5,0.3333333333333333
receive,11,11,12,113,0.37034705901426995,1,0.0,0.08333333333333333
receive,11,13,12,113,0.2827081572192417,3,0.0,0.25
receive,12,2,17,114,0.5524620804541909,1,1.0,0.058823529411764705
receive,12,5,17,114,0.5241311902478253,1,0.0,0.058823529411764705
receive,12,10,17,114,0.49767332293843947,12,0.5,0.7058823529411765
receive,12,12,17,114,0.5089243902229764,2,1.0,0.11764705882352941
receive,12,13,17,114,0.3662490059876065,1,0.0,0.058823529411764705
receive,1,1,30,115,0.6102591814995679,5,0.2,0.16666666666666666
receive,1,2,30,115,0.5567327308303706,7,0.7142857142857143,0.23333333333333334
receive,1,3,30,115,0.5741671734638971,1,0.0,0.03333333333333333
receive,1,5,30,115,0.5361402768285971,8,0.75,0.26666666666666666
receive,1,6,30,115,0.535173820218091,7,0.5714285714285714,0.23333333333333334
receive,1,13,30,115,0.3637546631948637,2,0.0,0.06666666666666667
receive,4,1,4,115,0.6139266134606212,2,0.5,0.5
receive,4,5,4,115,0.5279149751476753,1,0.0,0.25
receive,4,13,4,115,0.33008566349854673,1,0.0,0.25
receive,6,1,3,115,0.6801510813737991,1,1.0,0.3333333333333333
receive,6,6,3,115,0.5743455317628082,1,1.0,0.3333333333333333
receive,6,12,3,115,0.5284534575304932,1,1.0,0.3333333333333333
receive,7,1,16,115,0.6318304242011177,1,1.0,0.0625
receive,7,2,16,115,0.5785003757576797,4,0.75,0.25
receive,7,5,16,115,0.5521893092557552,5,0.4,0.3125
receive,7,6,16,115,0.5521893092557552,4,0.25,0.25
receive,7,13,16,115,0.3971938558636652,2,0.0,0.125
receive,8,6,1,115,0.5282636488564016,1,1.0,1.0
receive,9,12,1,115,0.5520647056438874,1,0.0,1.0
receive,10,1,54,115,0.6299213018462063,3,1.0,0.05555555555555555
receive,10,2,54,115,0.5788213523798745,8,1.0,0.14814814814814814
receive,10,3,54,115,0.5986084430474734,1,1.0,0.018518518518518517
receive,10,5,54,115,0.5414829672138312,10,0.8,0.18518518518518517
receive,10,6,54,115,0.5414829672138312,7,0.5714285714285714,0.12962962962962962
receive,10,10,54,115,0.4957874646743854,6,0.8333333333333334,0.1111111111111111
receive,10,12,54,115,0.5107450656269003,3,1.0,0.05555555555555555
receive,10,13,54,115,0.3994196940086553,16,0.5,0.2962962962962963
receive,11,1,42,115,0.5621406137397158,16,0.4375,0.38095238095238093
receive,11,5,42,115,0.49353354958466095,5,0.2,0.11904761904761904
receive,11,6,42,115,0.49353354958466095,1,0.0,0.023809523809523808
receive,11,7,42,115,0.45085833632590183,9,0.4444444444444444,0.21428571428571427
receive,11,10,42,115,0.4468200905848707,6,0.16666666666666666,0.14285714285714285
receive,11,11,42,115,0.45435876011022686,3,0.3333333333333333,0.07142857142857142
receive,11,13,42,115,0.3015586510888704,2,0.0,0.047619047619047616
receive,12,10,13,115,0.5031535447830475,1,1.0,0.07692307692307693
receive,12,12,13,115,0.5143365691645029,12,0.25,0.9230769230769231
receive,1,1,1,116,0.4822268229263735,1,0.0,1.0
receive,6,5,10,116,0.44716327688085966,3,0.6666666666666666,0.3
receive,6,6,10,116,0.45031333381285543,2,0.0,0.2
receive,6,13,10,116,0.2546853583172406,5,0.0,0.5
receive,10,10,7,116,0.41225916572851834,7,0.8571428571428571,1.0
receive,1,1,4,117,0.5828067250590616,1,1.0,0.25
receive,1,6,4,117,0.5232319804942716,1,0.0,0.25
receive,1,13,4,117,0.3796812362542651,2,0.0,0.5
receive,4,6,6,117,0.547796991056427,5,0.6,0.8333333333333334
receive,4,13,6,117,0.3497187242134801,1,0.0,0.16666666666666666
receive,7,13,1,117,0.333911219728055,1,0.0,1.0
receive,10,2,8,117,0.5675969951981563,1,0.0,0.125
receive,10,13,8,117,0.36140103373228494,7,0.42857142857142855,0.875
receive,11,10,3,117,0.4434838965030428,3,0.6666666666666666,1.0
receive,1,1,11,118,0.467217276219573,5,0.0,0.45454545454545453
receive,1,6,11,118,0.40074448673641494,4,0.5,0.36363636363636365
receive,1,13,11,118,0.25447798710847624,2,1.0,0.18181818181818182
receive,4,1,5,118,0.4586086511867863,2,0.5,0.4
receive,4,6,5,118,0.38117705350858705,2,0.0,0.4
receive,4,13,5,118,0.21581511937795889,1,0.0,0.2
receive,6,6,1,118,0.3996990938141484,1,1.0,1.0
receive,7,2,2,118,0.2076204362851597,1,0.0,0.5
receive,7,6,2,118,0.20093838283593823,1,0.0,0.5
receive,10,1,19,118,0.5001277771895225,2,1.0,0.10526315789473684
receive,10,2,19,118,0.44920197712865545,2,0.5,0.10526315789473684
receive,10,5,19,118,0.40668557232991775,2,0.0,0.10526315789473684
receive,10,6,19,118,0.40668557232991775,8,0.125,0.42105263157894735
receive,10,13,19,118,0.2886179887283989,5,0.0,0.2631578947368421
receive,11,1,13,118,0.4375027379620065,5,0.4,0.38461538461538464
receive,11,2,13,118,0.38718824838944366,1,0.0,0.07692307692307693
receive,11,5,13,118,0.3692632614152209,1,0.0,0.07692307692307693
receive,11,6,13,118,0.3692632614152209,1,0.0,0.07692307692307693
receive,11,7,13,118,0.3320132717716969,1,0.0,0.07692307692307693
receive,11,11,13,118,0.332980788545308,1,1.0,0.07692307692307693
receive,11,13,13,118,0.20901967675515581,3,0.0,0.23076923076923078
receive,1,9,2,119,0.4467794820342848,1,0.0,0.5
receive,1,13,2,119,0.319626338713049,1,0.0,0.5
receive,8,3,4,119,0.49179222818838153,1,1.0,0.25
receive,8,5,4,119,0.4563502620695604,1,1.0,0.25
receive,8,9,4,119,0.4195374896420473,2,0.5,0.5
receive,9,9,1,119,0.46209647747799815,1,0.0,1.0
receive,10,8,1,119,0.3453020388967718,1,0.0,1.0
receive,12,13,1,120,0.3765347309013158,1,0.0,1.0
receive,10,1,16,121,0.622016700413028,1,1.0,0.0625
receive,10,9,16,121,0.4973871599270908,1,0.0,0.0625
receive,10,10,16,121,0.4791568343017981,1,1.0,0.0625
receive,10,12,16,121,0.48631433398134744,11,0.2727272727272727,0.6875
receive,10,13,16,121,0.36514189860229623,2,0.5,0.125
receive,12,1,6,121,0.5517464934406681,1,1.0,0.16666666666666666
receive,12,12,6,121,0.4571360854802388,5,0.2,0.8333333333333334
receive,1,1,15,122,0.5172187911688658,1,0.0,0.06666666666666667
receive,1,2,15,122,0.46717832079013966,2,0.5,0.13333333333333333
receive,1,5,15,122,0.4564802720765131,1,0.0,0.06666666666666667
receive,1,6,15,122,0.4572290982768349,7,0.7142857142857143,0.4666666666666667
receive,1,13,15,122,0.3123188326419683,3,0.0,0.2
receive,1,14,15,122,0.2726619271498423,1,0.0,0.06666666666666667
receive,4,1,57,122,0.5279828527741558,13,0.46153846153846156,0.22807017543859648
receive,4,2,57,122,0.4712842318229576,3,0.3333333333333333,0.05263157894736842
receive,4,5,57,122,0.4509099610602205,8,0.5,0.14035087719298245
receive,4,6,57,122,0.4509099610602205,22,0.2727272727272727,0.38596491228070173
receive,4,13,57,122,0.2874133536868516,11,0.45454545454545453,0.19298245614035087
receive,6,2,5,122,0.5298595065069625,1,1.0,0.2
receive,6,6,5,122,0.49518463386609535,2,0.5,0.4
receive,6,13,5,122,0.3114024144309484,2,0.5,0.4
receive,7,1,19,122,0.5275548043630233,1,0.0,0.05263157894736842
receive,7,2,19,122,0.48569348920822936,6,0.5,0.3157894736842105
receive,7,5,19,122,0.4485899421593189,1,0.0,0.05263157894736842
receive,7,6,19,122,0.4485899421593189,4,0.5,0.21052631578947367
receive,7,13,19,122,0.320761952983087,7,0.14285714285714285,0.3684210526315789
receive,8,2,4,122,0.5014031087589499,2,0.0,0.5
receive,8,10,4,122,0.42275030791316975,1,0.0,0.25
receive,8,13,4,122,0.28330867926006564,1,0.0,0.25
receive,9,1,1,122,0.5632515179046896,1,1.0,1.0
receive,10,1,21,122,0.5750242478023704,1,1.0,0.047619047619047616
receive,10,2,21,122,0.5226248515269012,3,0.6666666666666666,0.14285714285714285
receive,10,5,21,122,0.48467115815829054,2,0.5,0.09523809523809523
receive,10,6,21,122,0.48467115815829054,2,0.5,0.09523809523809523
receive,10,8,21,122,0.37091259886526656,1,1.0,0.047619047619047616
receive,10,12,21,122,0.45075290763835824,2,0.0,0.09523809523809523
receive,10,13,21,122,0.33249853651457684,10,0.3,0.47619047619047616
receive,11,1,70,122,0.5076450763099126,20,0.85,0.2857142857142857
receive,11,2,70,122,0.45641809308338954,13,0.38461538461538464,0.18571428571428572
receive,11,4,70,122,0.4680010340747048,3,0.6666666666666666,0.04285714285714286
receive,11,6,70,122,0.4400872806222569,9,0.5555555555555556,0.12857142857142856
receive,11,7,70,122,0.3976359169971344,6,0.6666666666666666,0.08571428571428572
receive,11,10,70,122,0.3920853082847276,2,0.5,0.02857142857142857
receive,11,11,70,122,0.39829204135255863,4,0.75,0.05714285714285714
receive,11,13,70,122,0.2647602036038173,13,0.23076923076923078,0.18571428571428572
receive,12,2,18,122,0.46631306817107077,2,0.5,0.1111111111111111
receive,12,8,18,122,0.37511897080987144,1,1.0,0.05555555555555555
receive,12,12,18,122,0.4186102909056311,9,0.3333333333333333,0.5
receive,12,13,18,122,0.28366660401998733,5,0.2,0.2777777777777778
receive,12,14,18,122,0.20809578780061735,1,0.0,0.05555555555555555
receive,1,1,2,123,0.6497411786365342,1,0.0,0.5
receive,1,13,2,123,0.42229863445134985,1,1.0,0.5
receive,4,8,1,123,0.4754150520218178,1,1.0,1.0
receive,8,1,1,123,0.5964314760358495,1,0.0,1.0
receive,10,1,4,123,0.47890923404640406,1,1.0,0.25
receive,10,2,4,123,0.43561683342450697,1,1.0,0.25
receive,10,8,4,123,0.3326153287914615,1,0.0,0.25
receive,10,13,4,123,0.31850436556947137,1,0.0,0.25
receive,11,1,3,123,0.39472565359960404,2,1.0,0.6666666666666666
receive,11,10,3,123,0.33877022057621314,1,0.0,0.3333333333333333
receive,8,12,1,124,0.5063951166471863,1,0.0,1.0
receive,10,5,11,124,0.5834242269699956,1,1.0,0.09090909090909091
receive,10,10,11,124,0.5411675184508369,5,0.6,0.45454545454545453
receive,10,12,11,124,0.5527553837278595,4,0.5,0.36363636363636365
receive,10,13,11,124,0.446087131387338,1,1.0,0.09090909090909091
receive,12,12,2,124,0.5190716229511863,2,0.5,1.0
receive,10,9,1,125,0.45185035972310705,1,0.0,1.0
receive,1,2,2,126,0.5838315674019474,1,1.0,0.5
receive,1,6,2,126,0.575150094809147,1,1.0,0.5
receive,4,13,1,126,0.4253813124967886,1,0.0,1.0
receive,7,6,8,126,0.5977745553578687,7,0.42857142857142855,0.875
receive,7,13,8,126,0.4670278445349958,1,0.0,0.125
receive,10,1,7,126,0.6511015658816035,3,1.0,0.42857142857142855
receive,10,6,7,126,0.57678986402774,2,0.5,0.2857142857142857
receive,10,10,7,126,0.5366511196989696,1,0.0,0.14285714285714285
receive,10,13,7,126,0.4411973000383331,1,1.0,0.14285714285714285
receive,11,1,12,126,0.5899179015841367,3,0.6666666666666666,0.25
receive,11,6,12,126,0.5231951732879695,4,0.25,0.3333333333333333
receive,11,10,12,126,0.4660383062641953,2,0.5,0.16666666666666666
receive,11,11,12,126,0.4749019389468094,2,1.0,0.16666666666666666
receive,11,13,12,126,0.33406402503969135,1,0.0,0.08333333333333333
receive,1,1,6,127,0.5232597157544808,3,0.3333333333333333,0.5
receive,1,10,6,127,0.42605365133786566,1,0.0,0.16666666666666666
receive,1,11,6,127,0.42774233517505983,1,0.0,0.16666666666666666
receive,1,13,6,127,0.31968002769090925,1,0.0,0.16666666666666666
receive,10,1,5,127,0.6331294528651067,2,0.5,0.4
receive,10,13,5,127,0.3828139554343358,2,1.0,0.4
receive,10,14,5,127,0.28436059830154636,1,0.0,0.2
receive,0,10,1,128,0.3858385483491183,1,0.0,1.0
receive,1,1,23,128,0.5056404813945911,9,0.6666666666666666,0.391304347826087
receive,1,2,23,128,0.45394456460988725,3,0.0,0.13043478260869565
receive,1,3,23,128,0.46779019609115996,1,0.0,0.043478260869565216
receive,1,6,23,128,0.428471197982502,5,0.6,0.21739130434782608
receive,1,13,23,128,0.269974886765403,5,0.2,0.21739130434782608
receive,4,1,25,128,0.5167573225459593,7,0.42857142857142855,0.28
receive,4,5,25,128,0.4329930662881456,6,0.5,0.24
receive,4,6,25,128,0.43518831439618255,6,0.16666666666666666,0.24
receive,4,13,25,128,0.2623002622550759,6,0.3333333333333333,0.24
receive,6,2,6,128,0.5122837426319683,2,0.5,0.3333333333333333
receive,6,6,6,128,0.4601519223860317,1,0.0,0.16666666666666666
receive,6,13,6,128,0.27506923849677895,3,0.3333333333333333,0.5
receive,7,1,20,128,0.5399589278515431,5,0.6,0.25
receive,7,2,20,128,0.4851113797096486,3,0.6666666666666666,0.15
receive,7,5,20,128,0.4648712099712693,2,0.0,0.1
receive,7,6,20,128,0.4648712099712693,6,0.3333333333333333,0.3
receive,7,13,20,128,0.3256275499028071,4,0.25,0.2
receive,10,1,192,128,0.5306961541120976,14,0.5,0.07291666666666667
receive,10,2,192,128,0.4760391813787916,35,0.4857142857142857,0.18229166666666666
receive,10,3,192,128,0.48832726298022666,3,0.0,0.015625
receive,10,5,192,128,0.4466709385404564,21,0.5238095238095238,0.109375
receive,10,6,192,128,0.4466709385404564,17,0.29411764705882354,0.08854166666666667
receive,10,10,192,128,0.3976288392901095,13,0.5384615384615384,0.06770833333333333
receive,10,12,192,128,0.4177723958119069,11,0.5454545454545454,0.057291666666666664
receive,10,13,192,128,0.31923589308339717,78,0.2948717948717949,0.40625
receive,11,1,110,128,0.4839939885709101,51,0.4117647058823529,0.4636363636363636
receive,11,2,110,128,0.43114984416990154,3,0.3333333333333333,0.02727272727272727
receive,11,3,110,128,0.4389639420737836,1,1.0,0.00909090909090909
receive,11,5,110,128,0.413961266392546,8,0.125,0.07272727272727272
receive,11,6,110,128,0.413961266392546,3,0.0,0.02727272727272727
receive,11,7,110,128,0.3754934174200967,3,0.6666666666666666,0.02727272727272727
receive,11,10,110,128,0.3713077324542337,16,0.5,0.14545454545454545
receive,11,11,110,128,0.3763893893695003,9,0.1111111111111111,0.08181818181818182
receive,11,13,110,128,0.2296914923644405,16,0.375,0.14545454545454545
receive,12,12,19,128,0.41640145182325794,18,0.2777777777777778,0.9473684210526315
receive,12,13,19,128,0.3085486571682141,1,0.0,0.05263157894736842
receive,1,1,9,129,0.46794848528977506,4,0.5,0.4444444444444444
receive,1,2,9,129,0.4212215584940936,1,0.0,0.1111111111111111
receive,1,5,9,129,0.40373886233539175,1,0.0,0.1111111111111111
receive,1,13,9,129,0.27102786837763904,3,0.6666666666666666,0.3333333333333333
receive,4,1,84,129,0.516981555436031,14,0.6428571428571429,0.16666666666666666
receive,4,2,84,129,0.46007702510774706,7,0.14285714285714285,0.08333333333333333
receive,4,3,84,129,0.46745105271193327,1,1.0,0.011904761904761904
receive,4,5,84,129,0.43371395398494333,6,0.16666666666666666,0.07142857142857142
receive,4,6,84,129,0.43371395398494333,18,0.4444444444444444,0.21428571428571427
receive,4,13,84,129,0.2761866201421001,38,0.13157894736842105,0.4523809523809524
receive,6,1,2,129,0.5632443611663706,1,0.0,0.5
receive,6,6,2,129,0.4530874790056421,1,1.0,0.5
receive,7,1,10,129,0.5035914000793639,1,0.0,0.1
receive,7,2,10,129,0.4600640788670035,2,1.0,0.2
receive,7,5,10,129,0.418479495401842,1,0.0,0.1
receive,7,6,10,129,0.418479495401842,4,0.25,0.4
receive,7,13,10,129,0.29918334975302235,2,1.0,0.2
receive,10,2,17,129,0.45444929452322386,5,0.2,0.29411764705882354
receive,10,5,17,129,0.4243416053958906,1,1.0,0.058823529411764705
receive,10,6,17,129,0.4243416053958906,3,0.0,0.17647058823529413
receive,10,10,17,129,0.3766387757229234,1,0.0,0.058823529411764705
receive,10,13,17,129,0.30451442774555876,7,0.0,0.4117647058823529
receive,11,1,96,129,0.5030266288018109,31,0.5161290322580645,0.3229166666666667
receive,11,2,96,129,0.4505366031894207,15,0.4666666666666667,0.15625
receive,11,4,96,129,0.4629335500145996,5,0.6,0.052083333333333336
receive,11,5,96,129,0.43307441332850755,6,0.3333333333333333,0.0625
receive,11,6,96,129,0.43307441332850755,7,0.7142857142857143,0.07291666666666667
receive,11,7,96,129,0.389529786568866,4,0.5,0.041666666666666664
receive,11,10,96,129,0.38488625406341154,3,0.3333333333333333,0.03125
receive,11,11,96,129,0.39001521699658565,7,0.2857142857142857,0.07291666666666667
receive,11,13,96,129,0.26783525184130036,18,0.2777777777777778,0.1875
receive,1,5,1,130,0.5507576567633347,1,0.0,1.0
receive,6,3,5,130,0.5960896443199976,2,1.0,0.4
receive,6,5,5,130,0.5812030771766823,1,1.0,0.2
receive,6,9,5,130,0.5498921064321115,1,1.0,0.2
receive,6,13,5,130,0.3804975709085882,1,0.0,0.2
receive,7,3,3,130,0.6642044124905996,2,1.0,0.6666666666666666
receive,7,10,3,130,0.5295861224252448,1,1.0,0.3333333333333333
receive,9,5,3,130,0.553747123719358,1,0.0,0.3333333333333333
receive,9,10,3,130,0.50265025124653,2,0.5,0.6666666666666666
receive,10,3,6,130,0.5375110639584465,2,1.0,0.3333333333333333
receive,10,5,6,130,0.4798337881841208,1,0.0,0.16666666666666666
receive,10,9,6,130,0.4610272514491079,3,0.6666666666666666,0.5
receive,1,1,5,131,0.5503930310572257,2,0.5,0.4
receive,1,2,5,131,0.49120799715200986,2,0.5,0.4
receive,1,13,5,131,0.3157179295938321,1,1.0,0.2
receive,4,2,2,131,0.4560780410695717,2,0.0,1.0
receive,6,2,2,131,0.4722094706954286,2,0.5,1.0
receive,10,1,6,131,0.547953600407929,1,0.0,0.16666666666666666
receive,10,2,6,131,0.48814091946772886,2,0.0,0.3333333333333333
receive,10,13,6,131,0.3657056913901922,3,0.3333333333333333,0.5
receive,11,1,3,131,0.5367944790247575,2,0.0,0.6666666666666666
receive,11,13,3,131,0.27031541240210083,1,0.0,0.3333333333333333
receive,1,1,24,132,0.5120971027600135,4,0.75,0.16666666666666666
receive,1,2,24,132,0.45983823306959953,7,0.5714285714285714,0.2916666666666667
receive,1,5,24,132,0.43612760894210495,3,0.3333333333333333,0.125
receive,1,6,24,132,0.43787579673052485,1,0.0,0.041666666666666664
receive,1,8,24,132,0.35463918705810676,1,1.0,0.041666666666666664
receive,1,13,24,132,0.280917141904859,7,0.14285714285714285,0.2916666666666667
receive,1,14,24,132,0.24223408089726317,1,1.0,0.041666666666666664
receive,4,1,12,132,0.560310323986747,1,0.0,0.08333333333333333
receive,4,2,12,132,0.5043785506352041,3,0.6666666666666666,0.25
receive,4,6,12,132,0.47342244833766706,2,0.5,0.16666666666666666
receive,4,8,12,132,0.38221866630483553,1,0.0,0.08333333333333333
receive,4,13,12,132,0.2928125581513834,5,0.2,0.4166666666666667
receive,6,5,1,132,0.46113362615152914,1,1.0,1.0
receive,7,1,30,132,0.5614569561478147,4,0.5,0.13333333333333333
receive,7,2,30,132,0.5129988466207258,4,0.75,0.13333333333333333
receive,7,5,30,132,0.47135462192845917,3,0.6666666666666666,0.1
receive,7,6,30,132,0.47135462192845917,4,0.5,0.13333333333333333
receive,7,8,30,132,0.35664125447494877,3,0.3333333333333333,0.1
receive,7,13,30,132,0.2995159484961634,12,0.25,0.4
receive,8,2,6,132,0.47948622820627357,3,0.0,0.5
receive,8,6,6,132,0.44900731881200895,1,1.0,0.16666666666666666
receive,8,8,6,132,0.3568948853107308,1,0.0,0.16666666666666666
receive,8,13,6,132,0.26151079742425704,1,1.0,0.16666666666666666
receive,10,1,65,132,0.5231512556982889,2,0.0,0.03076923076923077
receive,10,2,65,132,0.47607850328175483,16,0.3125,0.24615384615384617
receive,10,5,65,132,0.43883564801816677,2,0.5,0.03076923076923077
receive,10,6,65,132,0.43883564801816677,7,0.8571428571428571,0.1076923076923077
receive,10,10,65,132,0.39724649280309077,3,0.3333333333333333,0.046153846153846156
receive,10,12,65,132,0.4094882476480261,12,0.25,0.18461538461538463
receive,10,13,65,132,0.29939298469953496,21,0.42857142857142855,0.3230769230769231
receive,10,14,65,132,0.21963696968063065,2,0.0,0.03076923076923077
receive,11,1,11,132,0.513444228265601,5,0.6,0.45454545454545453
receive,11,2,11,132,0.4621976399895209,1,0.0,0.09090909090909091
receive,11,4,11,132,0.47583661983802905,1,1.0,0.09090909090909091
receive,11,6,11,132,0.44782500012616233,1,0.0,0.09090909090909091
receive,11,8,11,132,0.3539748483495695,1,0.0,0.09090909090909091
receive,11,10,11,132,0.3965751753357857,1,0.0,0.09090909090909091
receive,11,13,11,132,0.260279556949196,1,0.0,0.09090909090909091
receive,12,5,2,132,0.41553358302239596,1,0.0,0.5
receive,12,12,2,132,0.3855404184042863,1,0.0,0.5
receive,1,1,17,133,0.5571308112985773,2,0.5,0.11764705882352941
receive,1,2,17,133,0.4995088684103236,8,0.25,0.47058823529411764
receive,1,5,17,133,0.4892652502346787,1,0.0,0.058823529411764705
receive,1,6,17,133,0.4892324608788887,4,0.25,0.23529411764705882
receive,1,13,17,133,0.32715303334297813,2,0.5,0.11764705882352941
receive,4,1,10,133,0.5538803359814091,1,1.0,0.1
receive,4,2,10,133,0.49113381594206285,4,0.5,0.4
receive,4,6,10,133,0.4747886798905364,3,0.6666666666666666,0.3
receive,4,13,10,133,0.3044901878824073,2,0.5,0.2
receive,6,2,11,133,0.5383048140752078,4,0.5,0.36363636363636365
receive,6,6,11,133,0.49922726928826633,5,0.2,0.45454545454545453
receive,6,13,11,133,0.31514933460382094,2,0.5,0.18181818181818182
receive,7,2,12,133,0.5253888934633936,8,0.5,0.6666666666666666
receive,7,6,12,133,0.49365805305677285,2,0.0,0.16666666666666666
receive,7,13,12,133,0.3183381009017663,2,0.5,0.16666666666666666
receive,10,1,56,133,0.5734271025138767,6,0.5,0.10714285714285714
receive,10,2,56,133,0.5181178336952116,11,0.36363636363636365,0.19642857142857142
receive,10,5,56,133,0.48134099441687483,2,0.5,0.03571428571428571
receive,10,6,56,133,0.48134099441687483,8,0.75,0.14285714285714285
receive,10,7,56,133,0.42888835086712085,1,0.0,0.017857142857142856
receive,10,10,56,133,0.4322971602890845,11,0.18181818181818182,0.19642857142857142
receive,10,12,56,133,0.4524692090368472,10,0.8,0.17857142857142858
receive,10,13,56,133,0.3465722723122985,7,0.0,0.125
receive,11,1,6,133,0.5663044986455403,1,1.0,0.16666666666666666
receive,11,5,6,133,0.4857619896252427,1,1.0,0.16666666666666666
receive,11,6,6,133,0.4857619896252427,1,1.0,0.16666666666666666
receive,11,10,6,133,0.4218139844850221,2,0.5,0.3333333333333333
receive,11,13,6,133,0.3102445453167966,1,0.0,0.16666666666666666
receive,12,10,13,133,0.43780747521550334,1,0.0,0.07692307692307693
receive,12,12,13,133,0.45272950367275183,11,0.7272727272727273,0.8461538461538461
receive,12,13,13,133,0.3449016281911658,1,0.0,0.07692307692307693
receive,1,1,2,134,0.5296130792071013,1,1.0,0.5
receive,1,5,2,134,0.46297448122027884,1,1.0,0.5
receive,4,1,2,134,0.5418706208746052,1,1.0,0.5
receive,4,13,2,134,0.2834918426892129,1,0.0,0.5
receive,10,2,4,134,0.5225961019323628,2,0.5,0.5
receive,10,13,4,134,0.3264880402128382,2,0.0,0.5
receive,11,11,2,134,0.4271535082084388,1,1.0,0.5
receive,11,13,2,134,0.2999400281612289,1,0.0,0.5
receive,4,6,5,135,0.3643855096090513,3,0.0,0.6
receive,4,13,5,135,0.21789355466144786,2,0.5,0.4
receive,7,6,2,135,0.393869121003498,2,0.5,1.0
receive,10,6,2,135,0.3798191322423617,1,0.0,0.5
receive,10,13,2,135,0.2298642649853856,1,0.0,0.5
receive,11,1,6,135,0.4515561829282726,1,0.0,0.16666666666666666
receive,11,2,6,135,0.4043915144391182,1,0.0,0.16666666666666666
receive,11,10,6,135,0.3134906379582188,1,0.0,0.16666666666666666
receive,11,11,6,135,0.31855007074753505,1,0.0,0.16666666666666666
receive,11,13,6,135,0.2077583288465712,2,0.0,0.3333333333333333
receive,1,1,98,136,0.551454700030984,14,0.5714285714285714,0.14285714285714285
receive,1,2,98,136,0.4957722740427371,29,0.5517241379310345,0.29591836734693877
receive,1,5,98,136,0.4779300892753284,15,0.5333333333333333,0.15306122448979592
receive,1,6,98,136,0.47763282452179534,20,0.55,0.20408163265306123
receive,1,8,98,136,0.3944383324987766,2,0.5,0.02040816326530612
receive,1,13,98,136,0.31907870366698493,18,0.4444444444444444,0.1836734693877551
receive,4,1,89,136,0.5480707973030183,10,0.4,0.11235955056179775
receive,4,2,89,136,0.484942547063011,33,0.45454545454545453,0.3707865168539326
receive,4,5,89,136,0.4644892466269497,13,0.38461538461538464,0.14606741573033707
receive,4,6,89,136,0.465478471853607,23,0.6086956521739131,0.25842696629213485
receive,4,13,89,136,0.28409254160622216,10,0.3,0.11235955056179775
receive,6,1,44,136,0.587904386792679,1,0.0,0.022727272727272728
receive,6,2,44,136,0.5363891354556344,10,0.4,0.22727272727272727
receive,6,5,44,136,0.4893063238239668,5,0.6,0.11363636363636363
receive,6,6,44,136,0.4892558201802355,16,0.0625,0.36363636363636365
receive,6,12,44,136,0.4517379263763317,1,1.0,0.022727272727272728
receive,6,13,44,136,0.3010887206406888,11,0.45454545454545453,0.25
receive,7,1,43,136,0.566547886282087,1,1.0,0.023255813953488372
receive,7,2,43,136,0.5144112590522848,13,0.46153846153846156,0.3023255813953488
receive,7,3,43,136,0.5292902932558227,1,1.0,0.023255813953488372
receive,7,5,43,136,0.48453326775234984,3,0.3333333333333333,0.06976744186046512
receive,7,6,43,136,0.48453326775234984,9,0.5555555555555556,0.20930232558139536
receive,7,13,43,136,0.3436935311793859,16,0.375,0.37209302325581395
receive,8,13,1,136,0.32181863505848485,1,1.0,1.0
receive,9,12,3,136,0.30809320742273427,2,0.0,0.6666666666666666
receive,9,13,3,136,0.23721135868524723,1,1.0,0.3333333333333333
receive,10,1,373,136,0.5558381977134869,58,0.39655172413793105,0.1554959785522788
receive,10,2,373,136,0.5005641362317668,72,0.4861111111111111,0.19302949061662197
receive,10,3,373,136,0.5147167873950184,1,1.0,0.002680965147453083
receive,10,4,373,136,0.5155368317700112,2,0.0,0.005361930294906166
receive,10,5,373,136,0.4726314698876854,15,0.5333333333333333,0.040214477211796246
receive,10,6,373,136,0.47263146988768545,36,0.4444444444444444,0.09651474530831099
receive,10,7,373,136,0.42235246647578895,3,0.0,0.00804289544235925
receive,10,8,373,136,0.36604623872854986,2,0.0,0.005361930294906166
receive,10,9,373,136,0.4436612641199474,1,1.0,0.002680965147453083
receive,10,10,373,136,0.428048342906061,35,0.6285714285714286,0.0938337801608579
receive,10,11,373,136,0.43001434107116265,1,1.0,0.002680965147453083
receive,10,12,373,136,0.44875570465877473,25,0.44,0.06702412868632708
receive,10,13,373,136,0.34871811686696796,122,0.319672131147541,0.32707774798927614
receive,11,1,56,136,0.5234469151527031,23,0.5217391304347826,0.4107142857142857
receive,11,2,56,136,0.47149666484469155,4,0.25,0.07142857142857142
receive,11,3,56,136,0.481653516145462,1,1.0,0.017857142857142856
receive,11,4,56,136,0.48214281387290325,2,1.0,0.03571428571428571
receive,11,5,56,136,0.45202300655876265,2,0.5,0.03571428571428571
receive,11,6,56,136,0.45202300655876265,1,1.0,0.017857142857142856
receive,11,7,56,136,0.4058789274472873,2,0.0,0.03571428571428571
receive,11,8,56,136,0.3573367529518508,1,0.0,0.017857142857142856
receive,11,10,56,136,0.3978813374213703,9,0.7777777777777778,0.16071428571428573
receive,11,11,56,136,0.40587274700924075,3,0.3333333333333333,0.05357142857142857
receive,11,13,56,136,0.2636081017523709,8,0.25,0.14285714285714285
receive,12,1,42,136,0.5407751174622515,1,1.0,0.023809523809523808
receive,12,5,42,136,0.4761573107842263,1,0.0,0.023809523809523808
receive,12,10,42,136,0.44229088434350833,6,0.16666666666666666,0.14285714285714285
receive,12,12,42,136,0.4525945768905005,32,0.4375,0.7619047619047619
receive,12,13,42,136,0.3277570288376503,2,0.0,0.047619047619047616
receive,1,1,6,137,0.3262117452681789,1,0.0,0.16666666666666666
receive,1,5,6,137,0.2803615624701414,3,0.3333333333333333,0.5
receive,1,12,6,137,0.26236514837070807,1,1.0,0.16666666666666666
receive,1,13,6,137,0.17559990981893847,1,0.0,0.16666666666666666
receive,4,2,6,137,0.4358300348685229,2,1.0,0.3333333333333333
receive,4,5,6,137,0.4077856030956337,4,0.25,0.6666666666666666
receive,7,2,2,137,0.4356128903302784,1,0.0,0.5
receive,7,5,2,137,0.4240122885733999,1,0.0,0.5
receive,10,1,7,137,0.41027067943230106,2,0.0,0.2857142857142857
receive,10,2,7,137,0.3661382087212672,3,0.0,0.42857142857142855
receive,10,5,7,137,0.35405810045827174,1,1.0,0.14285714285714285
receive,10,13,7,137,0.24774572891812388,1,0.0,0.14285714285714285
receive,11,1,16,137,0.4715212778922114,7,0.7142857142857143,0.4375
receive,11,2,16,137,0.4280220357233587,2,0.5,0.125
receive,11,4,16,137,0.4444529160465368,1,0.0,0.0625
receive,11,6,16,137,0.408403863226384,1,0.0,0.0625
receive,11,10,16,137,0.3880689545606879,1,1.0,0.0625
receive,11,11,16,137,0.39150915868322494,3,0.3333333333333333,0.1875
receive,11,13,16,137,0.2686424465016216,1,0.0,0.0625
receive,1,2,4,138,0.5199654513215992,3,0.6666666666666666,0.75
receive,1,13,4,138,0.34585307285285705,1,0.0,0.25
receive,4,1,21,138,0.5521095363011211,3,1.0,0.14285714285714285
receive,4,2,21,138,0.5010152183936787,3,0.3333333333333333,0.14285714285714285
receive,4,5,21,138,0.4754751214642027,3,0.6666666666666666,0.14285714285714285
receive,4,6,21,138,0.4766023092124086,5,0.4,0.23809523809523808
receive,4,10,21,138,0.4177111474426912,2,0.0,0.09523809523809523
receive,4,13,21,138,0.28135924782690336,5,0.0,0.23809523809523808
receive,7,2,5,138,0.5570117205957577,2,1.0,0.4
receive,7,6,5,138,0.5177938944346432,1,1.0,0.2
receive,7,13,5,138,0.3601333603047257,2,0.0,0.4
receive,10,13,13,138,0.3468806570189846,13,0.15384615384615385,1.0
receive,11,1,12,138,0.4184283882028181,6,0.3333333333333333,0.5
receive,11,2,12,138,0.37427398340497214,1,1.0,0.08333333333333333
receive,11,7,12,138,0.33340817176287124,1,1.0,0.08333333333333333
receive,11,13,12,138,0.21908701867781036,4,0.0,0.3333333333333333
receive,1,1,10,139,0.6327522888912316,8,0.625,0.8
receive,1,11,10,139,0.5334344193956516,2,0.5,0.2
receive,3,5,1,139,0.5726426620948669,1,1.0,1.0
receive,6,1,4,139,0.6483161628895864,3,1.0,0.75
receive,6,6,4,139,0.561631851307212,1,1.0,0.25
receive,7,1,7,139,0.6543298219289378,5,0.8,0.7142857142857143
receive,7,6,7,139,0.5719145322896656,1,1.0,0.14285714285714285
receive,7,13,7,139,0.3335709915572091,1,0.0,0.14285714285714285
receive,10,1,16,139,0.654005057082429,9,0.5555555555555556,0.5625
receive,10,2,16,139,0.5985824386452117,1,1.0,0.0625
receive,10,3,16,139,0.612538008769691,2,1.0,0.125
receive,10,6,16,139,0.5729529592786979,1,0.0,0.0625
receive,10,10,16,139,0.5317437124992526,1,0.0,0.0625
receive,10,13,16,139,0.41838987548325374,2,0.0,0.125
receive,11,1,4,139,0.6244201515242673,3,0.6666666666666666,0.75
receive,11,10,4,139,0.5325250586165288,1,0.0,0.25
receive,1,1,11,140,0.5378988616315102,1,0.0,0.09090909090909091
receive,1,3,11,140,0.49900667710930013,1,0.0,0.09090909090909091
receive,1,5,11,140,0.4706904470313369,4,0.25,0.36363636363636365
receive,1,13,11,140,0.31596775473832756,5,0.2,0.45454545454545453
receive,3,6,3,140,0.458103085151871,2,0.0,0.6666666666666666
receive,3,13,3,140,0.31971408895798326,1,1.0,0.3333333333333333
receive,4,1,3,140,0.5286778116449905,1,0.0,0.3333333333333333
receive,4,5,3,140,0.4489913437697966,1,0.0,0.3333333333333333
receive,4,6,3,140,0.4489913437697966,1,0.0,0.3333333333333333
receive,6,9,2,140,0.4655892950224493,2,0.5,1.0
receive,7,1,5,140,0.5530648161087338,1,1.0,0.2
receive,7,2,5,140,0.4942259500427504,1,0.0,0.2
receive,7,6,5,140,0.4830936057416932,1,0.0,0.2
receive,7,13,5,140,0.35174983240553204,2,1.0,0.4
receive,8,3,4,140,0.4934890671714393,1,1.0,0.25
receive,8,6,4,140,0.46009493170964644,1,0.0,0.25
receive,8,9,4,140,0.43079585144095817,2,0.0,0.5
receive,9,5,2,140,0.48510991471516507,1,1.0,0.5
receive,9,6,2,140,0.48510991471516507,1,0.0,0.5
receive,10,1,26,140,0.5615537920633202,2,1.0,0.07692307692307693
receive,10,2,26,140,0.5100612011404133,3,0.6666666666666666,0.11538461538461539
receive,10,5,26,140,0.4719992026451904,3,0.0,0.11538461538461539
receive,10,6,26,140,0.4719992026451904,9,0.4444444444444444,0.34615384615384615
receive,10,9,26,140,0.4446647847006397,3,1.0,0.11538461538461539
receive,10,10,26,140,0.4265781723578611,1,0.0,0.038461538461538464
receive,10,13,26,140,0.35584572684920385,5,0.4,0.19230769230769232
receive,11,1,7,140,0.5251544243613144,3,0.3333333333333333,0.42857142857142855
receive,11,6,7,140,0.4564798469740948,1,0.0,0.14285714285714285
receive,11,10,7,140,0.4059746685538411,2,0.0,0.2857142857142857
receive,11,13,7,140,0.30097364303655816,1,0.0,0.14285714285714285
receive,12,9,1,140,0.42850165058129525,1,1.0,1.0
receive,10,5,4,141,0.45410747390391465,2,0.5,0.5
receive,10,12,4,141,0.4289045093958769,2,0.5,0.5
receive,12,3,11,141,0.44014931398835966,2,0.5,0.18181818181818182
receive,12,5,11,141,0.4211241556405248,3,0.3333333333333333,0.2727272727272727
receive,12,9,11,141,0.4041812614441211,1,1.0,0.09090909090909091
receive,12,10,11,141,0.3903331380652367,1,0.0,0.09090909090909091
receive,12,12,11,141,0.4028496624502932,4,0.5,0.36363636363636365
receive,1,6,3,142,0.4315423830634803,2,0.0,0.6666666666666666
receive,1,13,3,142,0.28467195413812457,1,0.0,0.3333333333333333
receive,10,3,7,142,0.4459303611306106,1,0.0,0.14285714285714285
receive,10,5,7,142,0.4248894069907263,2,0.5,0.2857142857142857
receive,10,10,7,142,0.38628476745337614,2,0.0,0.2857142857142857
receive,10,13,7,142,0.31381265896888627,2,0.0,0.2857142857142857
receive,11,1,2,142,0.48466317853418733,1,1.0,0.5
receive,11,3,2,142,0.42774655021826147,1,0.0,0.5
receive,1,1,5,143,0.6451773509869526,2,0.0,0.4
receive,1,12,5,143,0.49387437833850745,3,1.0,0.6
receive,10,1,10,143,0.6667368213094508,1,1.0,0.1
receive,10,8,10,143,0.443203138275737,1,1.0,0.1
receive,10,12,10,143,0.5266424614881657,8,1.0,0.8
receive,11,12,1,143,0.5058647349659685,1,0.0,1.0
receive,12,10,5,143,0.4749973835752406,1,0.0,0.2
receive,12,12,5,143,0.49277106280311866,3,0.3333333333333333,0.6
receive,12,13,5,143,0.32641157049599523,1,0.0,0.2
receive,1,1,35,144,0.5236425874521811,4,0.0,0.11428571428571428
receive,1,2,35,144,0.4691416800406954,1,0.0,0.02857142857142857
receive,1,5,35,144,0.45329167187561104,13,0.38461538461538464,0.37142857142857144
receive,1,6,35,144,0.4528341082242261,12,0.5,0.34285714285714286
receive,1,13,35,144,0.30220575827640295,5,0.2,0.14285714285714285
receive,4,2,16,144,0.4237196635019451,4,0.0,0.25
receive,4,5,16,144,0.40710921370490355,6,0.8333333333333334,0.375
receive,4,6,16,144,0.4071110872383825,3,0.3333333333333333,0.1875
receive,4,13,16,144,0.24693882114130983,3,0.0,0.1875
receive,6,5,3,144,0.4559823495105125,1,1.0,0.3333333333333333
receive,6,12,3,144,0.41642043712416227,2,0.0,0.6666666666666666
receive,7,2,10,144,0.4438706633033802,1,1.0,0.1
receive,7,5,10,144,0.41399052080496634,5,0.2,0.5
receive,7,6,10,144,0.41399052080496634,1,0.0,0.1
receive,7,13,10,144,0.27285988832236524,3,0.3333333333333333,0.3
receive,9,3,2,144,0.5175500379795321,1,1.0,0.5
receive,9,12,2,144,0.4217409240273271,1,1.0,0.5
receive,10,1,85,144,0.5439271104125825,4,0.5,0.047058823529411764
receive,10,2,85,144,0.49624029819584936,4,0.5,0.047058823529411764
receive,10,3,85,144,0.5180144902204638,1,0.0,0.011764705882352941
receive,10,5,85,144,0.4471999143849036,4,0.5,0.047058823529411764
receive,10,6,85,144,0.4471999143849036,4,0.75,0.047058823529411764
receive,10,9,85,144,0.4156280753256669,2,0.5,0.023529411764705882
receive,10,10,85,144,0.3974620596156697,9,0.6666666666666666,0.10588235294117647
receive,10,12,85,144,0.4189676691030046,17,0.4117647058823529,0.2
receive,10,13,85,144,0.32642733066809754,40,0.375,0.47058823529411764
receive,11,1,51,144,0.49602161230974845,28,0.6071428571428571,0.5490196078431373
receive,11,5,51,144,0.42784555132369484,2,0.0,0.0392156862745098
receive,11,6,51,144,0.42784555132369484,2,0.0,0.0392156862745098
receive,11,7,51,144,0.3850931300928651,3,0.3333333333333333,0.058823529411764705
receive,11,10,51,144,0.38124327525988017,9,0.2222222222222222,0.17647058823529413
receive,11,11,51,144,0.3887941209604122,4,0.0,0.0784313725490196
receive,11,13,51,144,0.25441302769218754,3,0.6666666666666666,0.058823529411764705
receive,12,3,10,144,0.4536858423857087,1,0.0,0.1
receive,12,10,10,144,0.38356494821147713,2,0.5,0.2
receive,12,12,10,144,0.3996605613679839,6,0.3333333333333333,0.6
receive,12,13,10,144,0.29684144004817803,1,0.0,0.1
receive,1,5,9,145,0.3592955123893349,2,0.0,0.2222222222222222
receive,1,6,9,145,0.3589633665505023,4,0.75,0.4444444444444444
receive,1,13,9,145,0.24218128684400236,3,0.0,0.3333333333333333
receive,6,5,3,145,0.4213628612279002,2,1.0,0.6666666666666666
receive,6,13,3,145,0.24742261443666616,1,1.0,0.3333333333333333
receive,7,3,1,145,0.49534506756739244,1,1.0,1.0
receive,10,1,3,145,0.4701793025624726,1,0.0,0.3333333333333333
receive,10,10,3,145,0.37193102089726765,2,0.0,0.6666666666666666
receive,11,10,2,145,0.3225615959982896,2,0.0,1.0
receive,10,3,17,146,0.593093998261354,1,1.0,0.058823529411764705
receive,10,9,17,146,0.4963457778446174,1,1.0,0.058823529411764705
receive,10,10,17,146,0.48005561700648025,14,0.5714285714285714,0.8235294117647058
receive,10,12,17,146,0.4903225978661942,1,0.0,0.058823529411764705
receive,11,10,1,146,0.4256996702394118,1,0.0,1.0
receive,12,3,21,146,0.5133978894315842,2,1.0,0.09523809523809523
receive,12,5,21,146,0.49648758074543003,1,1.0,0.047619047619047616
receive,12,9,21,146,0.47439843367536255,1,0.0,0.047619047619047616
receive,12,10,21,146,0.4582406198722755,13,0.6153846153846154,0.6190476190476191
receive,12,12,21,146,0.46475289730597746,3,0.6666666666666666,0.14285714285714285
receive,12,13,21,146,0.33893071318045,1,0.0,0.047619047619047616
receive,1,8,1,147,0.4599670118012252,1,1.0,1.0
receive,4,1,1,147,0.6268773626917312,1,1.0,1.0
receive,10,1,8,147,0.531684956482954,2,0.5,0.25
receive,10,2,8,147,0.47738306741921777,3,0.3333333333333333,0.375
receive,10,8,8,147,0.3885837580472027,1,1.0,0.125
receive,10,13,8,147,0.3292781767365587,1,0.0,0.125
receive,10,14,8,147,0.24148862609970578,1,0.0,0.125
receive,11,1,2,147,0.5781988338496049,2,1.0,1.0
receive,1,2,3,148,0.44629199589797763,2,0.5,0.6666666666666666
receive,1,13,3,148,0.28116498582207367,1,0.0,0.3333333333333333
receive,4,2,7,148,0.4163616155913178,7,0.14285714285714285,1.0
receive,6,6,1,148,0.4464711768368232,1,1.0,1.0
receive,7,1,7,148,0.515226747258404,1,0.0,0.14285714285714285
receive,7,3,7,148,0.463412993881405,1,0.0,0.14285714285714285
receive,7,5,7,148,0.44176468029229443,1,0.0,0.14285714285714285
receive,7,9,7,148,0.4100823927009513,3,0.3333333333333333,0.42857142857142855
receive,7,13,7,148,0.2863437402459274,1,0.0,0.14285714285714285
receive,9,1,2,148,0.5094081401984698,2,0.5,1.0
receive,10,1,26,148,0.5149979472418862,3,0.3333333333333333,0.11538461538461539
receive,10,2,26,148,0.4626782988141124,1,0.0,0.038461538461538464
receive,10,7,26,148,0.3796620030350111,4,0.5,0.15384615384615385
receive,10,10,26,148,0.38420776218344904,4,0.25,0.15384615384615385
receive,10,13,26,148,0.3188842350002767,14,0.5,0.5384615384615384
receive,11,1,14,148,0.4876801235319649,4,0.75,0.2857142857142857
receive,11,7,14,148,0.3765405103197393,5,0.4,0.35714285714285715
receive,11,10,14,148,0.3756192812376565,4,0.5,0.2857142857142857
receive,11,11,14,148,0.38390129646172516,1,1.0,0.07142857142857142
receive,1,5,3,149,0.2424013802613626,1,0.0,0.3333333333333333
receive,1,13,3,149,0.14836497151698205,2,0.0,0.6666666666666666
receive,4,5,6,149,0.30448488604621987,3,0.6666666666666666,0.5
receive,4,6,6,149,0.30448488604621987,1,0.0,0.16666666666666666
receive,4,13,6,149,0.16576295887798762,2,0.0,0.3333333333333333
receive,7,2,2,149,0.3800973597514271,1,0.0,0.5
receive,7,13,2,149,0.21060672977539086,1,0.0,0.5
receive,10,1,9,149,0.39628093813275217,5,0.4,0.5555555555555556
receive,10,10,9,149,0.2928256354765344,1,0.0,0.1111111111111111
receive,10,13,9,149,0.207951440024904,3,0.3333333333333333,0.3333333333333333
receive,11,7,2,149,0.3054206407953653,1,0.0,0.5
receive,11,13,2,149,0.15725074045702672,1,0.0,0.5
receive,1,3,12,150,0.5270946099817907,1,0.0,0.08333333333333333
receive,1,5,12,150,0.49912890115639663,1,1.0,0.08333333333333333
receive,1,6,12,150,0.49861187510315963,7,0.8571428571428571,0.5833333333333334
receive,1,13,12,150,0.34407431169337827,3,0.0,0.25
receive,4,1,25,150,0.5587145156269392,3,0.6666666666666666,0.12
receive,4,5,25,150,0.4840989455881114,1,0.0,0.04
receive,4,6,25,150,0.4845720155170573,13,0.3076923076923077,0.52
receive,4,13,25,150,0.3135598875759887,8,0.5,0.32
receive,6,6,1,150,0.5451700063633949,1,1.0,1.0
receive,7,3,2,150,0.5525522339153148,1,1.0,0.5
receive,7,6,2,150,0.5038500777964828,1,1.0,0.5
receive,10,1,40,150,0.5762529160433878,1,1.0,0.025
receive,10,2,40,150,0.523393565570673,4,0.25,0.1
receive,10,5,40,150,0.49168857498187046,4,0.0,0.1
receive,10,6,40,150,0.49168857498187046,10,0.3,0.25
receive,10,10,40,150,0.4350643328627261,1,0.0,0.025
receive,10,13,40,150,0.3653351865526042,20,0.45,0.5
receive,11,1,36,150,0.5492632828632601,24,0.6666666666666666,0.6666666666666666
receive,11,2,36,150,0.49282401843197515,1,0.0,0.027777777777777776
receive,11,3,36,150,0.5016249423285677,1,1.0,0.027777777777777776
receive,11,6,36,150,0.47988959410789156,1,0.0,0.027777777777777776
receive,11,7,36,150,0.4338047198154431,3,0.3333333333333333,0.08333333333333333
receive,11,10,36,150,0.42655612918252445,1,0.0,0.027777777777777776
receive,11,13,36,150,0.28641188781142224,5,0.2,0.1388888888888889
receive,4,6,1,151,0.4983148492202194,1,1.0,1.0
receive,10,1,5,151,0.5955751047205495,1,1.0,0.2
receive,10,2,5,151,0.5362393336894814,2,0.5,0.4
receive,10,6,5,151,0.5084369844634964,1,1.0,0.2
receive,10,13,5,151,0.3599736924947851,1,1.0,0.2
receive,11,1,11,151,0.5723027493202837,6,0.6666666666666666,0.5454545454545454
receive,11,2,11,151,0.5150588719229562,1,0.0,0.09090909090909091
receive,11,5,11,151,0.4940853464239629,1,0.0,0.09090909090909091
receive,11,10,11,151,0.4421691858143728,2,0.5,0.18181818181818182
receive,11,13,11,151,0.2483992867433728,1,0.0,0.09090909090909091
receive,1,1,7,152,0.5276693192189901,3,0.3333333333333333,0.42857142857142855
receive,1,10,7,152,0.415957521976363,4,0.25,0.5714285714285714
receive,3,3,2,152,0.5468332017658082,1,1.0,0.5
receive,3,10,2,152,0.4245442057777137,1,1.0,0.5
receive,6,3,5,152,0.5293217994638912,1,0.0,0.2
receive,6,10,5,152,0.4248248803939621,3,0.0,0.6
receive,6,13,5,152,0.2686147542736295,1,1.0,0.2
receive,7,1,2,152,0.5429222589994995,1,1.0,0.5
receive,7,12,2,152,0.4150401514632217,1,1.0,0.5
receive,10,1,27,152,0.5385134173271621,4,0.25,0.14814814814814814
receive,10,3,27,152,0.49501089347479377,7,0.42857142857142855,0.25925925925925924
receive,10,5,27,152,0.4573006702444403,5,0.4,0.18518518518518517
receive,10,6,27,152,0.4573006702444403,5,0.6,0.18518518518518517
receive,10,10,27,152,0.4230611192193068,5,0.4,0.18518518518518517
receive,10,13,27,152,0.3268555506453929,1,0.0,0.037037037037037035
receive,12,5,1,152,0.4023129089724937,1,1.0,1.0
receive,1,1,33,153,0.5006942642658387,22,0.6363636363636364,0.6666666666666666
receive,1,6,33,153,0.43098017122751237,5,0.6,0.15151515151515152
receive,1,9,33,153,0.41034256668360425,1,0.0,0.030303030303030304
receive,1,13,33,153,0.27952767880640644,5,0.2,0.15151515151515152
receive,4,1,10,153,0.542873871535313,6,0.16666666666666666,0.6
receive,4,2,10,153,0.4851925159106466,1,0.0,0.1
receive,4,6,10,153,0.4539329418232585,1,0.0,0.1
receive,4,13,10,153,0.24403573459499395,2,0.0,0.2
receive,6,13,1,153,0.301215221364826,1,1.0,1.0
receive,7,1,10,153,0.5350610243310495,1,1.0,0.1
receive,7,2,10,153,0.48540014025913053,3,0.6666666666666666,0.3
receive,7,6,10,153,0.446570159477566,1,0.0,0.1
receive,7,13,10,153,0.3075032423756047,5,0.0,0.5
receive,9,1,19,153,0.5262407988043348,2,1.0,0.10526315789473684
receive,9,2,19,153,0.46868373371446165,1,1.0,0.05263157894736842
receive,9,5,19,153,0.4378797273378589,5,0.4,0.2631578947368421
receive,9,9,19,153,0.4112840829905628,2,1.0,0.10526315789473684
receive,9,13,19,153,0.26227012550190076,9,0.2222222222222222,0.47368421052631576
receive,10,1,37,153,0.5081526784920783,3,0.3333333333333333,0.08108108108108109
receive,10,2,37,153,0.45825987504740034,8,0.25,0.21621621621621623
receive,10,6,37,153,0.4210131363191206,1,0.0,0.02702702702702703
receive,10,12,37,153,0.39086961306373647,5,0.4,0.13513513513513514
receive,10,13,37,153,0.2690978662761941,20,0.25,0.5405405405405406
receive,11,1,58,153,0.44366897825317986,22,0.4090909090909091,0.3793103448275862
receive,11,2,58,153,0.39645995166813647,11,0.36363636363636365,0.1896551724137931
receive,11,4,58,153,0.4087286257849888,1,0.0,0.017241379310344827
receive,11,5,58,153,0.3784958184903317,1,0.0,0.017241379310344827
receive,11,6,58,153,0.3784958184903317,2,0.5,0.034482758620689655
receive,11,7,58,153,0.3410794562884496,1,0.0,0.017241379310344827
receive,11,9,58,153,0.3490385141375079,2,0.0,0.034482758620689655
receive,11,10,58,153,0.3359874657382361,3,0.6666666666666666,0.05172413793103448
receive,11,11,58,153,0.33945348428961303,1,1.0,0.017241379310344827
receive,11,13,58,153,0.20744552068674055,14,0.07142857142857142,0.2413793103448276
receive,12,1,6,153,0.4556362779749201,1,1.0,0.16666666666666666
receive,12,2,6,153,0.41737144661639736,1,0.0,0.16666666666666666
receive,12,10,6,153,0.37301450515977885,1,1.0,0.16666666666666666
receive,12,12,6,153,0.3751296050211403,3,0.3333333333333333,0.5
receive,4,1,1,154,0.5907323303227698,1,0.0,1.0
receive,10,1,7,154,0.6270030996968393,1,1.0,0.14285714285714285
receive,10,2,7,154,0.5761984536205949,1,1.0,0.14285714285714285
receive,10,6,7,154,0.541240870633019,3,0.6666666666666666,0.42857142857142855
receive,10,13,7,154,0.4264867142157957,2,1.0,0.2857142857142857
receive,11,1,5,154,0.4564890576286249,5,0.6,1.0
receive,1,1,17,155,0.48612361799806497,4,1.0,0.23529411764705882
receive,1,3,17,155,0.4487530541665085,2,0.5,0.11764705882352941
receive,1,10,17,155,0.3643971274768613,6,0.16666666666666666,0.35294117647058826
receive,1,11,17,155,0.36584341218388067,4,0.25,0.23529411764705882
receive,1,13,17,155,0.24426979279418629,1,1.0,0.058823529411764705
receive,3,3,2,155,0.25735486479167224,1,1.0,0.5
receive,3,5,2,155,0.21147624495363027,1,0.0,0.5
receive,4,1,5,155,0.47590567466565614,1,1.0,0.2
receive,4,10,5,155,0.3545219744663549,2,0.5,0.4
receive,4,11,5,155,0.3546791574061873,2,0.0,0.4
receive,6,1,17,155,0.5030055043267403,4,0.5,0.23529411764705882
receive,6,3,17,155,0.46730547745465156,1,1.0,0.058823529411764705
receive,6,5,17,155,0.4044897349640235,1,0.0,0.058823529411764705
receive,6,6,17,155,0.4096684252988001,2,1.0,0.11764705882352941
receive,6,10,17,155,0.36239132498456433,7,0.5714285714285714,0.4117647058823529
receive,6,11,17,155,0.3621778354859913,2,0.0,0.11764705882352941
receive,7,1,6,155,0.47918899109329444,5,0.6,0.8333333333333334
receive,7,10,6,155,0.36509790319977564,1,1.0,0.16666666666666666
receive,8,11,1,155,0.38482914908908045,1,1.0,1.0
receive,9,1,2,155,0.5154762096494354,1,1.0,0.5
receive,9,3,2,155,0.45504785622428867,1,1.0,0.5
receive,10,1,126,155,0.4862111972219247,38,0.5263157894736842,0.30158730158730157
receive,10,3,126,155,0.4459332970394586,8,0.375,0.06349206349206349
receive,10,5,126,155,0.3998148352720276,5,0.4,0.03968253968253968
receive,10,6,126,155,0.3998148352720276,4,0.5,0.031746031746031744
receive,10,10,126,155,0.3633954312033465,63,0.42857142857142855,0.5
receive,10,11,126,155,0.3640290005357357,5,0.6,0.03968253968253968
receive,10,13,126,155,0.26316057077772687,3,0.6666666666666666,0.023809523809523808
receive,11,1,2,155,0.48367388483298923,2,1.0,1.0
receive,1,3,4,156,0.5656965589133829,2,1.0,0.5
receive,1,10,4,156,0.4047071411138933,1,1.0,0.25
receive,1,13,4,156,0.32209200768211194,1,1.0,0.25
receive,6,5,2,156,0.438857825186024,2,0.5,1.0
receive,7,1,4,156,0.5498222447715009,3,0.3333333333333333,0.75
receive,7,6,4,156,0.46406146160384354,1,1.0,0.25
receive,10,1,19,156,0.539156743654313,9,0.7777777777777778,0.47368421052631576
receive,10,3,19,156,0.48518248257354324,2,0.5,0.10526315789473684
receive,10,5,19,156,0.45859499949944543,3,0.3333333333333333,0.15789473684210525
receive,10,10,19,156,0.42211296349780053,2,1.0,0.10526315789473684
receive,10,13,19,156,0.31984516766201304,3,0.3333333333333333,0.15789473684210525
receive,11,1,19,156,0.5163285512755235,6,0.6666666666666666,0.3157894736842105
receive,11,3,19,156,0.47255221597658925,4,0.0,0.21052631578947367
receive,11,4,19,156,0.4732410306501772,1,0.0,0.05263157894736842
receive,11,5,19,156,0.44977105714154636,3,0.3333333333333333,0.15789473684210525
receive,11,6,19,156,0.44977105714154636,1,1.0,0.05263157894736842
receive,11,10,19,156,0.39525444687871747,1,1.0,0.05263157894736842
receive,11,11,19,156,0.3999910361367635,1,0.0,0.05263157894736842
receive,11,13,19,156,0.2679470226101464,2,1.0,0.10526315789473684
receive,1,1,16,157,0.4680356290131912,9,0.7777777777777778,0.5625
receive,1,2,16,157,0.41364255877592954,1,0.0,0.0625
receive,1,5,16,157,0.4011909125908172,2,0.0,0.125
receive,1,6,16,157,0.4045930088155342,3,0.3333333333333333,0.1875
receive,1,10,16,157,0.37471776490319947,1,0.0,0.0625
receive,4,1,62,157,0.5029636461158565,30,0.6333333333333333,0.4838709677419355
receive,4,2,62,157,0.4394198847791254,7,0.14285714285714285,0.11290322580645161
receive,4,5,62,157,0.41778473792832943,4,0.25,0.06451612903225806
receive,4,6,62,157,0.4211319939031012,11,0.2727272727272727,0.1774193548387097
receive,4,10,62,157,0.3759573544937111,1,0.0,0.016129032258064516
receive,4,13,62,157,0.24618281619378402,9,0.3333333333333333,0.14516129032258066
receive,6,2,2,157,0.46827061613813725,1,0.0,0.5
receive,6,13,2,157,0.23301972496192958,1,0.0,0.5
receive,7,1,4,157,0.404893271514757,1,0.0,0.25
receive,7,2,4,157,0.36980620712901646,1,0.0,0.25
receive,7,6,4,157,0.33838778093233907,1,0.0,0.25
receive,7,13,4,157,0.20006395107805564,1,0.0,0.25
receive,10,1,18,157,0.5196678957886236,5,1.0,0.2777777777777778
receive,10,2,18,157,0.4626255964682929,6,0.3333333333333333,0.3333333333333333
receive,10,6,18,157,0.44114545970039876,3,0.3333333333333333,0.16666666666666666
receive,10,10,18,157,0.40040579884990674,1,0.0,0.05555555555555555
receive,10,13,18,157,0.30287360332279073,3,0.0,0.16666666666666666
receive,11,1,43,157,0.5075552023904387,20,0.5,0.46511627906976744
receive,11,2,43,157,0.45213024229676657,5,0.6,0.11627906976744186
receive,11,4,43,157,0.46538665829856335,1,0.0,0.023255813953488372
receive,11,5,43,157,0.43854510448522493,1,1.0,0.023255813953488372
receive,11,6,43,157,0.43854510448522493,2,0.5,0.046511627906976744
receive,11,7,43,157,0.39473393791428946,3,0.6666666666666666,0.06976744186046512
receive,11,10,43,157,0.3889411372431456,3,0.6666666666666666,0.06976744186046512
receive,11,11,43,157,0.3955815341411727,2,0.0,0.046511627906976744
receive,11,13,43,157,0.25810197145624725,6,0.5,0.13953488372093023
receive,1,5,6,158,0.42690452471124213,1,1.0,0.16666666666666666
receive,1,6,6,158,0.4263881515077479,3,0.3333333333333333,0.5
receive,1,13,6,158,0.30448794147293073,2,0.5,0.3333333333333333
receive,4,1,7,158,0.4818736654442142,1,1.0,0.14285714285714285
receive,4,6,7,158,0.4196669848557444,3,0.3333333333333333,0.42857142857142855
receive,4,13,7,158,0.28013180553779843,3,0.0,0.42857142857142855
receive,6,6,2,158,0.5037656838769061,2,1.0,1.0
receive,7,2,1,158,0.5145795923803129,1,1.0,1.0
receive,10,1,26,158,0.5826836546754962,3,1.0,0.11538461538461539
receive,10,2,26,158,0.5288209020671004,2,0.0,0.07692307692307693
receive,10,6,26,158,0.5005986587496201,3,1.0,0.11538461538461539
receive,10,13,26,158,0.38047631923024905,18,0.2777777777777778,0.6923076923076923
receive,11,7,4,158,0.4365346796339128,1,0.0,0.25
receive,11,10,4,158,0.41791674461828565,2,1.0,0.5
receive,11,11,4,158,0.4256477181531333,1,0.0,0.25
receive,1,1,4,159,0.47238538745773617,2,1.0,0.5
receive,1,2,4,159,0.40817485878746645,1,1.0,0.25
receive,1,5,4,159,0.40205370533615525,1,1.0,0.25
receive,4,1,13,159,0.4618009715650019,8,0.625,0.6153846153846154
receive,4,2,13,159,0.40462596441332344,2,0.0,0.15384615384615385
receive,4,5,13,159,0.38612238809391053,1,0.0,0.07692307692307693
receive,4,8,13,159,0.3178984736141022,1,0.0,0.07692307692307693
receive,4,13,13,159,0.20518778599352044,1,0.0,0.07692307692307693
receive,7,1,1,159,0.486727616388434,1,1.0,1.0
receive,10,2,1,159,0.409237718330859,1,1.0,1.0
receive,11,1,3,159,0.4567425280861605,2,0.0,0.6666666666666666
receive,11,2,3,159,0.39600453020646625,1,1.0,0.3333333333333333
receive,1,5,1,160,0.5163342985542613,1,0.0,1.0
receive,8,5,1,160,0.49448280953618745,1,1.0,1.0
receive,10,1,9,160,0.615284683944952,2,1.0,0.2222222222222222
receive,10,10,9,160,0.4928709078093882,6,0.6666666666666666,0.6666666666666666
receive,10,13,9,160,0.38596118586427874,1,0.0,0.1111111111111111
receive,12,2,15,160,0.4854182564840762,1,1.0,0.06666666666666667
receive,12,3,15,160,0.4919292053033169,1,1.0,0.06666666666666667
receive,12,5,15,160,0.4698334598001378,2,0.5,0.13333333333333333
receive,12,10,15,160,0.4382086065163673,7,0.42857142857142855,0.4666666666666667
receive,12,12,15,160,0.4458545251910044,3,0.6666666666666666,0.2
receive,12,14,15,160,0.22930476839205324,1,1.0,0.06666666666666667
receive,1,2,2,161,0.5480654693734395,1,0.0,0.5
receive,1,5,2,161,0.5434757263974754,1,1.0,0.5
receive,7,6,2,161,0.5708657197873135,1,1.0,0.5
receive,7,13,2,161,0.44439714228459215,1,0.0,0.5
receive,10,2,4,161,0.5766662182859845,2,0.0,0.5
receive,10,6,4,161,0.5452805534735288,1,1.0,0.25
receive,10,13,4,161,0.3438348202086621,1,1.0,0.25
receive,11,1,7,161,0.589283795461741,2,0.0,0.2857142857142857
receive,11,2,7,161,0.5382678745831032,1,0.0,0.14285714285714285
receive,11,5,7,161,0.5184463096784409,1,0.0,0.14285714285714285
receive,11,13,7,161,0.32105707110649456,3,0.3333333333333333,0.42857142857142855
receive,1,1,4,162,0.5016789073883036,3,0.0,0.75
receive,1,13,4,162,0.2668315358353337,1,0.0,0.25
receive,4,2,2,162,0.4850773336978508,1,0.0,0.5
receive,4,6,2,162,0.4608383658967717,1,0.0,0.5
receive,10,13,1,162,0.3613438172914635,1,0.0,1.0
receive,11,5,5,162,0.4006314132665508,1,1.0,0.2
receive,11,6,5,162,0.4006314132665508,1,1.0,0.2
receive,11,11,5,162,0.34585832571872716,1,1.0,0.2
receive,11,13,5,162,0.22239041077513036,2,0.5,0.4
receive,1,6,1,163,0.4707019745332468,1,1.0,1.0
receive,7,5,1,163,0.46479020794463843,1,0.0,1.0
receive,10,6,6,163,0.46996439289778213,2,0.0,0.3333333333333333
receive,10,13,6,163,0.33218046923811223,4,0.25,0.6666666666666666
receive,11,1,20,163,0.4802679933003808,10,0.5,0.5
receive,11,6,20,163,0.40880449231197663,2,0.0,0.1
receive,11,7,20,163,0.36853096590845424,2,1.0,0.1
receive,11,11,20,163,0.36723232450046267,1,1.0,0.05
receive,11,13,20,163,0.220253132631904,5,0.4,0.25
receive,10,12,2,164,0.5382186749018306,2,1.0,1.0
receive,12,5,7,164,0.5573844500964331,1,1.0,0.14285714285714285
receive,12,12,7,164,0.5370318496597004,5,0.6,0.7142857142857143
receive,12,13,7,164,0.37683021209360923,1,0.0,0.14285714285714285
receive,9,3,3,165,0.37631540066056185,2,0.0,0.6666666666666666
receive,9,9,3,165,0.32310121760936356,1,1.0,0.3333333333333333
