phase,A1_actionId,C_actionId,n_context,B1_playerId,EV,count,train_winrate,usage_rate
late,1,1,5,0,0.6113960545725725,2,1.0,0.4
late,1,2,5,0,0.5897639193768397,1,1.0,0.2
late,1,5,5,0,0.5766058186201276,1,1.0,0.2
late,1,13,5,0,0.3100664819998585,1,1.0,0.2
late,2,2,5,0,0.559988889181453,3,0.3333333333333333,0.6
late,2,13,5,0,0.2880923934309757,2,0.0,0.4
late,4,1,2,0,0.824669978913213,1,1.0,0.5
late,4,2,2,0,0.8006616990148602,1,1.0,0.5
late,5,6,1,0,0.5594474727999303,1,0.0,1.0
late,6,6,2,0,0.5547096435683161,2,1.0,1.0
late,10,2,1,0,0.6317422495842835,1,1.0,1.0
late,11,1,2,0,0.7176121217588343,1,1.0,0.5
late,11,7,2,0,0.6565522099847851,1,0.0,0.5
late,13,2,1,0,0.5151403899954652,1,0.0,1.0
late,1,2,2,1,0.6191853866571353,1,0.0,0.5
late,1,3,2,1,0.6315614459483289,1,1.0,0.5
late,2,2,6,1,0.57011606459404,6,0.3333333333333333,1.0
late,4,2,1,1,0.719998953961511,1,1.0,1.0
late,10,1,6,1,0.7079567418952184,3,1.0,0.5
late,10,10,6,1,0.6186778075429268,1,1.0,0.16666666666666666
late,10,13,6,1,0.46592857947788957,2,0.5,0.3333333333333333
late,13,2,6,1,0.5594983873667806,3,1.0,0.5
late,13,13,6,1,0.2880137816160305,3,0.0,0.5
late,3,3,1,2,0.6516660816440362,1,0.0,1.0
late,5,3,4,2,0.6083495478746719,1,1.0,0.25
late,5,5,4,2,0.5596609364264618,1,1.0,0.25
late,5,6,4,2,0.5573817372018042,2,0.5,0.5
late,6,3,5,2,0.6345634076847501,1,1.0,0.2
late,6,5,5,2,0.5550032454605734,1,1.0,0.2
late,6,6,5,2,0.5550032454605734,2,0.5,0.4
late,6,13,5,2,0.27336059723854506,1,1.0,0.2
late,7,5,1,2,0.6575127328557036,1,0.0,1.0
late,10,3,16,2,0.6625347090317817,2,1.0,0.125
late,10,5,16,2,0.6547347278162466,1,1.0,0.0625
late,10,6,16,2,0.6547347278162466,1,0.0,0.0625
late,10,10,16,2,0.5923959800873753,12,0.3333333333333333,0.75
late,13,3,4,2,0.5689800192271324,1,1.0,0.25
late,13,13,4,2,0.24539071162691745,3,0.6666666666666666,0.75
late,1,1,15,3,0.6766945043375561,3,0.6666666666666666,0.2
late,1,2,15,3,0.6593925296045907,1,1.0,0.06666666666666667
late,1,3,15,3,0.6799277910597236,1,0.0,0.06666666666666667
late,1,5,15,3,0.6305671472190492,1,0.0,0.06666666666666667
late,1,6,15,3,0.6280712701973955,5,0.8,0.3333333333333333
late,1,7,15,3,0.5878356682446021,1,1.0,0.06666666666666667
late,1,13,15,3,0.3761802228952137,3,0.0,0.2
late,2,1,10,3,0.6335279647611471,2,0.5,0.2
late,2,2,10,3,0.606835658091824,4,0.25,0.4
late,2,3,10,3,0.6218988460869099,1,1.0,0.1
late,2,6,10,3,0.5821485983207946,2,0.5,0.2
late,2,13,10,3,0.33339039449008473,1,0.0,0.1
late,3,3,2,3,0.7044669463204448,1,1.0,0.5
late,3,6,2,3,0.6052732618971224,1,0.0,0.5
late,5,1,8,3,0.6635293762129608,1,1.0,0.125
late,5,2,8,3,0.6451835819539868,1,1.0,0.125
late,5,3,8,3,0.669340697330085,1,1.0,0.125
late,5,5,8,3,0.6059377850650038,1,1.0,0.125
late,5,6,8,3,0.6029618371089369,2,1.0,0.25
late,5,13,8,3,0.3212528275222518,2,1.0,0.25
late,6,1,46,3,0.6483861687462769,3,0.6666666666666666,0.06521739130434782
late,6,2,46,3,0.6201956903690096,8,0.5,0.17391304347826086
late,6,3,46,3,0.6238159365964477,7,0.14285714285714285,0.15217391304347827
late,6,5,46,3,0.5959973990084301,6,0.6666666666666666,0.13043478260869565
late,6,6,46,3,0.5957028608977224,11,0.6363636363636364,0.2391304347826087
late,6,7,46,3,0.5478828280776338,1,1.0,0.021739130434782608
late,6,9,46,3,0.550340379550987,1,1.0,0.021739130434782608
late,6,13,46,3,0.3157052546517858,9,0.2222222222222222,0.1956521739130435
late,7,1,19,3,0.7528425929232676,3,0.6666666666666666,0.15789473684210525
late,7,2,19,3,0.730386708053654,3,0.6666666666666666,0.15789473684210525
late,7,3,19,3,0.7329387528935375,1,0.0,0.05263157894736842
late,7,5,19,3,0.7174569777687931,1,1.0,0.05263157894736842
late,7,6,19,3,0.7174569777687931,6,0.6666666666666666,0.3157894736842105
late,7,13,19,3,0.4602855622416427,5,0.4,0.2631578947368421
late,9,5,3,3,0.6821623500405577,1,1.0,0.3333333333333333
late,9,10,3,3,0.6152302613577588,1,1.0,0.3333333333333333
late,9,13,3,3,0.4909102209116509,1,0.0,0.3333333333333333
late,10,1,24,3,0.7282691720948411,2,1.0,0.08333333333333333
late,10,2,24,3,0.7073160648381417,2,0.5,0.08333333333333333
late,10,5,24,3,0.6864394347108567,3,0.6666666666666666,0.125
late,10,6,24,3,0.6864394347108567,2,1.0,0.08333333333333333
late,10,7,24,3,0.6457188748796355,2,1.0,0.08333333333333333
late,10,13,24,3,0.48280468857223785,13,0.6923076923076923,0.5416666666666666
late,11,1,5,3,0.7524891226947705,3,0.6666666666666666,0.6
late,11,2,5,3,0.725273419057179,1,1.0,0.2
late,11,10,5,3,0.6698360486262285,1,1.0,0.2
late,13,1,16,3,0.6079992710255773,1,1.0,0.0625
late,13,2,16,3,0.590425753250046,5,0.4,0.3125
late,13,5,16,3,0.5672027931591301,1,0.0,0.0625
late,13,6,16,3,0.5672027931591301,5,0.8,0.3125
late,13,13,16,3,0.31286130467602324,4,0.0,0.25
late,14,14,1,3,0.3076069339936319,1,1.0,1.0
late,1,1,2,4,0.7464146087618054,1,1.0,0.5
late,1,3,2,4,0.756317599340661,1,1.0,0.5
late,3,3,1,4,0.7666769338332459,1,1.0,1.0
late,8,12,2,4,0.6351480427126144,2,1.0,1.0
late,10,12,1,4,0.7011336063372193,1,0.0,1.0
late,12,1,17,4,0.6469736530141317,4,0.75,0.23529411764705882
late,12,2,17,4,0.6289601227037599,3,0.6666666666666666,0.17647058823529413
late,12,12,17,4,0.5818834840065248,5,0.8,0.29411764705882354
late,12,13,17,4,0.376219196980237,4,0.5,0.23529411764705882
late,12,14,17,4,0.3281336167128754,1,0.0,0.058823529411764705
late,14,14,1,4,0.02931097184520617,1,0.0,1.0
late,1,1,15,5,0.6771928994948586,10,0.7,0.6666666666666666
late,1,3,15,5,0.6658189195179685,1,1.0,0.06666666666666667
late,1,6,15,5,0.6375196552488974,1,0.0,0.06666666666666667
late,1,10,15,5,0.5770118171829915,2,0.5,0.13333333333333333
late,1,12,15,5,0.5867091383792516,1,1.0,0.06666666666666667
late,5,1,3,5,0.647103589179331,3,1.0,1.0
late,6,1,4,5,0.6395561332671127,4,0.75,1.0
late,10,5,1,5,0.6913548431491613,1,0.0,1.0
late,13,13,1,5,0.27652087129884706,1,0.0,1.0
late,1,1,6,6,0.6406269486829598,2,0.5,0.3333333333333333
late,1,5,6,6,0.591792436350114,2,1.0,0.3333333333333333
late,1,13,6,6,0.3275106586091531,1,0.0,0.16666666666666666
late,1,14,6,6,0.29426551193392436,1,1.0,0.16666666666666666
late,2,5,1,6,0.5468789508558329,1,1.0,1.0
late,5,1,3,6,0.41083607278966444,1,1.0,0.3333333333333333
late,5,5,3,6,0.3751731809871717,1,1.0,0.3333333333333333
late,5,13,3,6,0.18736599933627,1,0.0,0.3333333333333333
late,7,13,1,6,0.4479971650863437,1,1.0,1.0
late,10,6,2,6,0.6946838331569904,1,1.0,0.5
late,10,13,2,6,0.5074644493882157,1,1.0,0.5
late,12,14,1,6,0.31204006101575443,1,0.0,1.0
late,13,13,1,6,0.32133736558444076,1,0.0,1.0
late,14,14,6,6,0.26465696687243284,6,0.0,1.0
late,1,1,7,7,0.6752532207288733,3,0.6666666666666666,0.42857142857142855
late,1,2,7,7,0.6547168226740541,3,1.0,0.42857142857142855
late,1,13,7,7,0.37407118948334706,1,1.0,0.14285714285714285
late,2,1,4,7,0.6683537426519142,1,1.0,0.25
late,2,13,4,7,0.35306685615239725,2,0.5,0.5
late,2,14,4,7,0.3266650398065236,1,0.0,0.25
late,3,3,2,7,0.7272065437544045,2,1.0,1.0
late,4,2,1,7,0.7396872911852678,1,1.0,1.0
late,10,2,3,7,0.6900408174692987,3,1.0,1.0
late,11,1,3,7,0.5223237694689189,1,1.0,0.3333333333333333
late,11,4,3,7,0.5093201154182592,1,0.0,0.3333333333333333
late,11,10,3,7,0.46882554904350027,1,0.0,0.3333333333333333
late,13,13,1,7,0.023843029376586417,1,0.0,1.0
late,1,1,35,8,0.6215735761315438,22,0.5909090909090909,0.6285714285714286
late,1,5,35,8,0.5920722514478485,9,0.6666666666666666,0.2571428571428571
late,1,6,35,8,0.5908117019208224,2,1.0,0.05714285714285714
late,1,13,35,8,0.3395604131265406,2,0.0,0.05714285714285714
late,2,1,6,8,0.6035720278467875,2,0.5,0.3333333333333333
late,2,2,6,8,0.5803346249872458,2,1.0,0.3333333333333333
late,2,5,6,8,0.5530189947655293,1,1.0,0.16666666666666666
late,2,12,6,8,0.48871650151913437,1,0.0,0.16666666666666666
late,3,3,1,8,0.6646513381772057,1,1.0,1.0
late,5,1,15,8,0.5402203818381821,2,0.5,0.13333333333333333
late,5,2,15,8,0.5121058987487219,3,0.3333333333333333,0.2
late,5,5,15,8,0.5007064805391358,6,0.5,0.4
late,5,6,15,8,0.5003034655700221,3,1.0,0.2
late,5,13,15,8,0.2692346750570441,1,0.0,0.06666666666666667
late,6,1,12,8,0.5785822576963285,5,0.8,0.4166666666666667
late,6,5,12,8,0.5231176872524015,1,0.0,0.08333333333333333
late,6,6,12,8,0.5231176872524015,3,0.6666666666666666,0.25
late,6,13,12,8,0.2599055058593558,3,0.3333333333333333,0.25
late,10,1,8,8,0.6927618941291706,2,0.5,0.25
late,10,2,8,8,0.6668322357052427,3,0.3333333333333333,0.375
late,10,6,8,8,0.6644652317368211,1,1.0,0.125
late,10,13,8,8,0.4379173148948993,2,0.5,0.25
late,11,10,2,8,0.6367682111459386,1,1.0,0.5
late,11,13,2,8,0.39623459617542356,1,0.0,0.5
late,13,1,4,8,0.5745944432164964,2,1.0,0.5
late,13,5,4,8,0.5352933724619848,1,0.0,0.25
late,13,6,4,8,0.5352933724619848,1,0.0,0.25
late,14,14,1,8,0.24519697206644742,1,1.0,1.0
late,1,3,1,9,0.5889373420250905,1,0.0,1.0
late,1,1,12,10,0.5947764851062388,7,0.42857142857142855,0.5833333333333334
late,1,2,12,10,0.5727094063296655,1,0.0,0.08333333333333333
late,1,3,12,10,0.5849359152896187,1,0.0,0.08333333333333333
late,1,6,12,10,0.556033109068674,2,0.5,0.16666666666666666
late,1,13,12,10,0.32511711377784797,1,0.0,0.08333333333333333
late,2,1,3,10,0.6057799400349011,2,1.0,0.6666666666666666
late,2,10,3,10,0.49622697611566363,1,0.0,0.3333333333333333
late,4,1,1,10,0.8352498595877007,1,1.0,1.0
late,7,1,3,10,0.732184123710156,2,1.0,0.6666666666666666
late,7,13,3,10,0.45644141263916094,1,0.0,0.3333333333333333
late,10,1,5,10,0.7024914316588207,3,0.6666666666666666,0.6
late,10,13,5,10,0.387969866218849,2,0.5,0.4
late,11,1,1,10,0.7394707454976841,1,1.0,1.0
late,13,1,11,10,0.5798256601770245,3,0.6666666666666666,0.2727272727272727
late,13,2,11,10,0.5597224640214141,2,0.5,0.18181818181818182
late,13,6,11,10,0.5364259198378909,1,1.0,0.09090909090909091
late,13,13,11,10,0.29284268012107756,4,0.25,0.36363636363636365
late,13,14,11,10,0.25656234846250836,1,0.0,0.09090909090909091
late,1,1,88,11,0.5670953654677157,40,0.625,0.45454545454545453
late,1,2,88,11,0.5483707382140315,5,0.2,0.056818181818181816
late,1,3,88,11,0.57170013079275,15,0.7333333333333333,0.17045454545454544
late,1,5,88,11,0.5154467317544756,1,1.0,0.011363636363636364
late,1,6,88,11,0.5161465862368316,1,1.0,0.011363636363636364
late,1,10,88,11,0.4489444749647319,6,0.3333333333333333,0.06818181818181818
late,1,11,88,11,0.43757227252524,7,0.42857142857142855,0.07954545454545454
late,1,13,88,11,0.2584114542704578,13,0.23076923076923078,0.14772727272727273
late,2,1,5,11,0.5645728934674814,1,1.0,0.2
late,2,2,5,11,0.5494084385467263,1,1.0,0.2
late,2,3,5,11,0.5803512318681896,1,1.0,0.2
late,2,11,5,11,0.40606100457093597,2,0.5,0.4
late,3,1,16,11,0.5652234984669824,5,0.4,0.3125
late,3,2,16,11,0.551540927919441,4,0.75,0.25
late,3,3,16,11,0.5871965530859709,5,1.0,0.3125
late,3,11,16,11,0.42144568112115277,1,1.0,0.0625
late,3,14,16,11,0.1975144983426168,1,0.0,0.0625
late,4,11,1,11,0.5241500620455244,1,1.0,1.0
late,5,1,4,11,0.5634615278394369,1,0.0,0.25
late,5,13,4,11,0.27382611807013,3,0.0,0.75
late,6,2,2,11,0.5119420967790993,1,0.0,0.5
late,6,3,2,11,0.5127286182005888,1,0.0,0.5
late,7,2,2,11,0.6250018756266627,1,0.0,0.5
late,7,5,2,11,0.6197474825672067,1,1.0,0.5
late,10,1,25,11,0.6024525327494374,17,0.8235294117647058,0.68
late,10,5,25,11,0.5639081406062699,2,0.5,0.08
late,10,10,25,11,0.5096179308442557,1,1.0,0.04
late,10,13,25,11,0.3216486215677867,5,0.0,0.2
late,11,1,10,11,0.5975162126970126,4,0.5,0.4
late,11,6,10,11,0.5626083111666402,1,0.0,0.1
late,11,13,10,11,0.2771498508164082,5,0.2,0.5
late,13,1,15,11,0.4368995684606187,3,0.3333333333333333,0.2
late,13,2,15,11,0.42273975060489577,1,0.0,0.06666666666666667
late,13,5,15,11,0.40151691916391213,1,0.0,0.06666666666666667
late,13,13,15,11,0.16665173957213414,9,0.0,0.6
late,13,14,15,11,0.1466578968326113,1,0.0,0.06666666666666667
late,14,2,3,11,0.477138269404598,1,0.0,0.3333333333333333
late,14,13,3,11,0.20294281891624388,1,0.0,0.3333333333333333
late,14,14,3,11,0.17820631749969817,1,0.0,0.3333333333333333
late,1,1,5,12,0.5049334714110445,1,0.0,0.2
late,1,5,5,12,0.47718023962492107,1,0.0,0.2
late,1,6,5,12,0.4783146703419453,3,0.6666666666666666,0.6
late,2,6,1,12,0.4258906773489422,1,1.0,1.0
late,3,3,5,12,0.5825720737515045,3,1.0,0.6
late,3,13,5,12,0.20143571946747266,2,0.0,0.4
late,5,1,7,12,0.41171926088259597,1,0.0,0.14285714285714285
late,5,3,7,12,0.39287114803509027,1,0.0,0.14285714285714285
late,5,5,7,12,0.37458816431312825,4,0.0,0.5714285714285714
late,5,13,7,12,0.16879168725699042,1,0.0,0.14285714285714285
late,6,3,4,12,0.4926703582382515,1,1.0,0.25
late,6,5,4,12,0.4359206552500526,1,0.0,0.25
late,6,6,4,12,0.43880413502995425,2,0.0,0.5
late,10,1,9,12,0.58279422258658,4,0.5,0.4444444444444444
late,10,3,9,12,0.5654386922528479,2,0.5,0.2222222222222222
late,10,6,9,12,0.542953567448317,2,1.0,0.2222222222222222
late,10,13,9,12,0.3138279761142378,1,1.0,0.1111111111111111
late,11,1,1,12,0.6632082241289885,1,0.0,1.0
late,12,5,1,12,0.41587041760156485,1,0.0,1.0
late,14,14,1,12,0.1674786068915567,1,0.0,1.0
late,1,1,21,13,0.61109230471678,12,0.6666666666666666,0.5714285714285714
late,1,2,21,13,0.5877733654587144,1,1.0,0.047619047619047616
late,1,5,21,13,0.5719270580308117,3,0.3333333333333333,0.14285714285714285
late,1,6,21,13,0.5720283449321173,2,0.5,0.09523809523809523
late,1,13,21,13,0.3059289491308065,3,0.6666666666666666,0.14285714285714285
late,2,1,8,13,0.5795031761420444,4,0.75,0.5
late,2,2,8,13,0.5557329413554005,2,0.5,0.25
late,2,5,8,13,0.527321796405275,1,0.0,0.125
late,2,13,8,13,0.284312843870548,1,0.0,0.125
late,4,1,5,13,0.7336015583089415,1,1.0,0.2
late,4,6,5,13,0.6916351952047908,2,1.0,0.4
late,4,13,5,13,0.44602504950703575,2,0.5,0.4
late,6,2,8,13,0.5726763487440935,3,0.3333333333333333,0.375
late,6,6,8,13,0.5370651952867859,3,1.0,0.375
late,6,13,8,13,0.26364893624398295,2,0.0,0.25
late,7,1,2,13,0.6875128869814426,1,1.0,0.5
late,7,2,2,13,0.6659958448264534,1,1.0,0.5
late,10,2,7,13,0.653129489831745,2,0.5,0.2857142857142857
late,10,6,7,13,0.6281925955103694,2,0.0,0.2857142857142857
late,10,12,7,13,0.5673324641890004,1,0.0,0.14285714285714285
late,10,13,7,13,0.35493909829713716,2,0.0,0.2857142857142857
late,11,1,5,13,0.7033269567569916,3,0.6666666666666666,0.6
late,11,5,5,13,0.6739734462649828,1,0.0,0.2
late,11,11,5,13,0.6187009150720438,1,0.0,0.2
late,13,2,4,13,0.5271882728582884,1,1.0,0.25
late,13,5,4,13,0.506852797261227,1,0.0,0.25
late,13,6,4,13,0.506852797261227,2,0.5,0.5
late,1,2,1,14,0.572340225994388,1,1.0,1.0
late,2,2,15,14,0.5466628779564048,6,0.3333333333333333,0.4
late,2,6,15,14,0.5151823892770273,2,0.0,0.13333333333333333
late,2,13,15,14,0.27675070850383915,7,0.0,0.4666666666666667
late,5,2,2,14,0.5398101226572695,1,1.0,0.5
late,5,6,2,14,0.5310520033952997,1,1.0,0.5
late,6,2,17,14,0.5575231357009107,6,0.5,0.35294117647058826
late,6,3,17,14,0.5612874076567853,1,1.0,0.058823529411764705
late,6,6,17,14,0.5247176736328572,5,1.0,0.29411764705882354
late,6,13,17,14,0.2529416669285499,5,0.2,0.29411764705882354
late,7,13,1,14,0.378972188140393,1,1.0,1.0
late,10,2,6,14,0.6461147382496747,1,1.0,0.16666666666666666
late,10,5,6,14,0.6323124367833098,1,1.0,0.16666666666666666
late,10,6,6,14,0.6323124367833098,1,1.0,0.16666666666666666
late,10,10,6,14,0.5604993578876327,1,0.0,0.16666666666666666
late,10,13,6,14,0.4103047241514337,2,0.0,0.3333333333333333
late,13,2,6,14,0.512619628775862,4,0.25,0.6666666666666666
late,13,13,6,14,0.2501274329294673,2,0.5,0.3333333333333333
late,1,3,5,15,0.6978183376339324,3,0.6666666666666666,0.6
late,1,6,5,15,0.6239385490614427,1,0.0,0.2
late,1,11,5,15,0.5333319058349552,1,1.0,0.2
late,3,1,5,15,0.6824638934120155,1,0.0,0.2
late,3,3,5,15,0.7021740929982762,3,1.0,0.6
late,3,12,5,15,0.5465518793324244,1,0.0,0.2
late,4,3,2,15,0.8530384358383956,1,1.0,0.5
late,4,6,2,15,0.8350026822476841,1,1.0,0.5
late,5,6,1,15,0.6048693332714499,1,1.0,1.0
late,6,6,1,15,0.5955450072123647,1,0.0,1.0
late,11,1,4,15,0.7578618341322583,1,1.0,0.25
late,11,10,4,15,0.6753513507823773,1,1.0,0.25
late,11,13,4,15,0.44850582713071463,1,1.0,0.25
late,11,14,4,15,0.3557504297270493,1,0.0,0.25
late,13,3,2,15,0.6320559079958574,1,1.0,0.5
late,13,13,2,15,0.30229158324180816,1,0.0,0.5
late,14,2,2,15,0.5745661734021789,1,1.0,0.5
late,14,14,2,15,0.28031419011157366,1,1.0,0.5
late,1,1,9,16,0.6791670099904845,1,1.0,0.1111111111111111
late,1,2,9,16,0.65818885642662,1,1.0,0.1111111111111111
late,1,3,9,16,0.6687114379847124,1,1.0,0.1111111111111111
late,1,5,9,16,0.6477723348292025,1,0.0,0.1111111111111111
late,1,6,9,16,0.6465078046761886,4,1.0,0.4444444444444444
late,1,13,9,16,0.4037154529153692,1,0.0,0.1111111111111111
late,2,1,2,16,0.6203365655409209,1,1.0,0.5
late,2,2,2,16,0.5959996816300495,1,0.0,0.5
late,4,2,1,16,0.8403758498950139,1,1.0,1.0
late,5,2,3,16,0.6501127918169396,1,0.0,0.3333333333333333
late,5,3,3,16,0.6745643174946635,1,1.0,0.3333333333333333
late,5,5,3,16,0.6117333345452284,1,1.0,0.3333333333333333
late,6,2,5,16,0.6312327589452561,3,0.6666666666666666,0.6
late,6,6,5,16,0.597755974848478,2,1.0,0.4
late,10,13,1,16,0.02620816712804215,1,0.0,1.0
late,11,1,4,16,0.7679401208787869,4,0.5,1.0
late,13,2,5,16,0.49033069869065127,2,0.0,0.4
late,13,6,5,16,0.4636299270325558,3,0.3333333333333333,0.6
late,1,1,4,17,0.5616066025006772,1,0.0,0.25
late,1,2,4,17,0.5341938390246638,1,1.0,0.25
late,1,5,4,17,0.5220207169162268,1,0.0,0.25
late,1,6,4,17,0.5205167028708546,1,1.0,0.25
late,2,1,5,17,0.5104047248783232,3,0.3333333333333333,0.6
late,2,2,5,17,0.47684156609681966,2,0.5,0.4
late,6,2,3,17,0.49791132412985845,2,0.5,0.6666666666666666
late,6,13,3,17,0.21280104500259986,1,0.0,0.3333333333333333
late,7,2,1,17,0.6172822388999711,1,1.0,1.0
late,10,13,1,17,0.32023623866703205,1,0.0,1.0
late,13,13,1,17,0.24613999520949978,1,0.0,1.0
late,1,1,7,18,0.6985619581269219,1,0.0,0.14285714285714285
late,1,2,7,18,0.6737601542481285,6,1.0,0.8571428571428571
late,2,1,5,18,0.6561837268326899,2,0.5,0.4
late,2,2,5,18,0.623109802064669,3,0.6666666666666666,0.6
late,7,13,1,18,0.576633496076279,1,1.0,1.0
late,10,13,1,18,0.5456041553375258,1,0.0,1.0
late,13,2,2,18,0.6154377320103276,2,1.0,1.0
late,1,1,24,19,0.5315511533590365,9,0.7777777777777778,0.375
late,1,2,24,19,0.5081185500987095,4,0.5,0.16666666666666666
late,1,3,24,19,0.522385896089154,2,0.5,0.08333333333333333
late,1,5,24,19,0.49588309068346725,1,0.0,0.041666666666666664
late,1,6,24,19,0.49462177453359435,2,0.0,0.08333333333333333
late,1,10,24,19,0.4338118493866219,1,1.0,0.041666666666666664
late,1,13,24,19,0.24502866179559005,4,0.25,0.16666666666666666
late,1,14,24,19,0.2144907302843001,1,0.0,0.041666666666666664
late,2,1,13,19,0.48907041702184995,4,0.25,0.3076923076923077
late,2,2,13,19,0.466699242119685,5,0.0,0.38461538461538464
late,2,3,13,19,0.4925525800416955,1,1.0,0.07692307692307693
late,2,10,13,19,0.3709404231150487,1,1.0,0.07692307692307693
late,2,13,13,19,0.20961477126203845,2,0.5,0.15384615384615385
late,3,2,3,19,0.5244297145614621,1,0.0,0.3333333333333333
late,3,3,3,19,0.5603879379814296,1,1.0,0.3333333333333333
late,3,6,3,19,0.46301892646413995,1,1.0,0.3333333333333333
late,4,1,13,19,0.6567233886677047,1,0.0,0.07692307692307693
late,4,2,13,19,0.6308347896466393,5,0.6,0.38461538461538464
late,4,6,13,19,0.6044485838446371,3,0.6666666666666666,0.23076923076923078
late,4,13,13,19,0.3432551411222167,4,0.25,0.3076923076923077
late,5,2,1,19,0.4576472504453959,1,1.0,1.0
late,6,1,15,19,0.5298009565748404,2,1.0,0.13333333333333333
late,6,2,15,19,0.5025265107267638,3,0.0,0.2
late,6,3,15,19,0.5143476115975862,1,1.0,0.06666666666666667
late,6,5,15,19,0.4597841206291276,1,0.0,0.06666666666666667
late,6,6,15,19,0.4597841206291276,3,0.3333333333333333,0.2
late,6,13,15,19,0.19961952582136291,5,0.2,0.3333333333333333
late,7,2,3,19,0.6254032393374015,1,1.0,0.3333333333333333
late,7,10,3,19,0.5046382433939322,1,0.0,0.3333333333333333
late,7,13,3,19,0.3061284362521646,1,0.0,0.3333333333333333
late,10,1,12,19,0.6018045403914116,5,0.8,0.4166666666666667
late,10,2,12,19,0.574693466788707,1,0.0,0.08333333333333333
late,10,4,12,19,0.5946089961469337,1,1.0,0.08333333333333333
late,10,6,12,19,0.5580550073978239,1,1.0,0.08333333333333333
late,10,7,12,19,0.5236824093878077,1,0.0,0.08333333333333333
late,10,13,12,19,0.3303059584063614,3,0.0,0.25
late,11,1,23,19,0.6079760706689873,7,0.42857142857142855,0.30434782608695654
late,11,2,23,19,0.5806510460229427,2,1.0,0.08695652173913043
late,11,4,23,19,0.5946662191668272,1,0.0,0.043478260869565216
late,11,5,23,19,0.5711873147889192,1,0.0,0.043478260869565216
late,11,6,23,19,0.5711873147889192,1,1.0,0.043478260869565216
late,11,7,23,19,0.5361830424774999,3,0.3333333333333333,0.13043478260869565
late,11,10,23,19,0.5060134836967286,2,1.0,0.08695652173913043
late,11,11,23,19,0.5115071701318101,2,0.5,0.08695652173913043
late,11,13,23,19,0.2884190594886945,4,0.25,0.17391304347826086
late,13,2,15,19,0.45891685202491417,3,0.3333333333333333,0.2
late,13,6,15,19,0.4286584549755339,2,0.0,0.13333333333333333
late,13,13,15,19,0.20253897718188055,10,0.1,0.6666666666666666
late,14,2,1,19,0.4098704397677411,1,0.0,1.0
late,1,2,7,20,0.5967129935441722,4,0.75,0.5714285714285714
late,1,5,7,20,0.5765361703466824,2,0.5,0.2857142857142857
late,1,13,7,20,0.2951632070170894,1,0.0,0.14285714285714285
late,2,2,6,20,0.5470115786324837,4,0.75,0.6666666666666666
late,2,13,6,20,0.27479312843058856,2,0.5,0.3333333333333333
late,5,2,4,20,0.5874639584788541,1,1.0,0.25
late,5,5,4,20,0.5411026527286764,1,1.0,0.25
late,5,13,4,20,0.26795176656926506,2,0.0,0.5
late,7,5,3,20,0.686167246768863,2,1.0,0.6666666666666666
late,7,13,3,20,0.44189194267172516,1,0.0,0.3333333333333333
late,10,1,4,20,0.6925650124506051,1,1.0,0.25
late,10,2,4,20,0.6719026848013884,3,0.3333333333333333,0.75
late,11,1,3,20,0.7023028954174193,2,1.0,0.6666666666666666
late,11,11,3,20,0.623333806225999,1,1.0,0.3333333333333333
late,12,2,1,20,0.5138137217700368,1,0.0,1.0
late,13,2,1,20,0.5139208661161886,1,0.0,1.0
late,1,1,118,21,0.5399035345406192,51,0.5882352941176471,0.4322033898305085
late,1,2,118,21,0.5168645503640538,7,0.5714285714285714,0.059322033898305086
late,1,3,118,21,0.5350625549258081,6,0.8333333333333334,0.05084745762711865
late,1,5,118,21,0.4977086047391028,14,0.5,0.11864406779661017
late,1,6,118,21,0.4972638004405879,12,0.4166666666666667,0.1016949152542373
late,1,8,118,21,0.3978925686182274,1,0.0,0.00847457627118644
late,1,10,118,21,0.43287178560186784,3,0.0,0.025423728813559324
late,1,13,118,21,0.2545108759666414,21,0.2857142857142857,0.17796610169491525
late,1,14,118,21,0.2247830702386864,3,0.0,0.025423728813559324
late,2,1,24,21,0.5006749129895384,8,0.5,0.3333333333333333
late,2,2,24,21,0.4766665545138408,4,0.5,0.16666666666666666
late,2,3,24,21,0.49606769631859304,1,0.0,0.041666666666666664
late,2,5,24,21,0.4417198397821183,2,0.5,0.08333333333333333
late,2,6,24,21,0.4407852725528918,1,0.0,0.041666666666666664
late,2,13,24,21,0.2213939753917733,7,0.2857142857142857,0.2916666666666667
late,2,14,24,21,0.19968451419846986,1,0.0,0.041666666666666664
late,3,3,2,21,0.6096549423425592,2,0.5,1.0
late,4,1,3,21,0.6739831152277173,1,1.0,0.3333333333333333
late,4,6,3,21,0.6207039927422434,1,0.0,0.3333333333333333
late,4,10,3,21,0.5459497979480828,1,0.0,0.3333333333333333
late,5,1,59,21,0.5250545475766013,18,0.5,0.3050847457627119
late,5,2,59,21,0.4946105425531903,3,0.0,0.05084745762711865
late,5,3,59,21,0.5082153561703765,2,0.5,0.03389830508474576
late,5,5,59,21,0.4699939558270823,22,0.5,0.3728813559322034
late,5,6,59,21,0.470019446411665,3,0.0,0.05084745762711865
late,5,10,59,21,0.4091484505112296,1,0.0,0.01694915254237288
late,5,13,59,21,0.21622021062231112,10,0.1,0.1694915254237288
late,6,1,44,21,0.5328606169178728,9,0.6666666666666666,0.20454545454545456
late,6,2,44,21,0.504631107496222,4,0.5,0.09090909090909091
late,6,3,44,21,0.5153111087742563,3,0.6666666666666666,0.06818181818181818
late,6,5,44,21,0.4644555786282345,8,0.25,0.18181818181818182
late,6,6,44,21,0.4659836336630376,12,0.5833333333333334,0.2727272727272727
late,6,8,44,21,0.35429001074796207,1,0.0,0.022727272727272728
late,6,13,44,21,0.20126665419104503,6,0.16666666666666666,0.13636363636363635
late,6,14,44,21,0.1737270460100719,1,0.0,0.022727272727272728
late,7,1,9,21,0.6464362944761392,4,1.0,0.4444444444444444
late,7,5,9,21,0.6099524733827005,4,1.0,0.4444444444444444
late,7,13,9,21,0.34133057689507645,1,1.0,0.1111111111111111
late,8,1,4,21,0.5824469358106518,2,0.5,0.5
late,8,10,4,21,0.44906676180880806,1,0.0,0.25
late,8,12,4,21,0.46359880961341227,1,1.0,0.25
late,9,9,2,21,0.5390098859416721,1,1.0,0.5
late,9,12,2,21,0.526118361329851,1,1.0,0.5
late,10,1,78,21,0.60013614576637,6,1.0,0.07692307692307693
late,10,2,78,21,0.5771820348683252,12,0.5,0.15384615384615385
late,10,3,78,21,0.5904060877931934,1,1.0,0.01282051282051282
late,10,5,78,21,0.5618090768421495,10,0.6,0.1282051282051282
late,10,6,78,21,0.5618090768421495,9,0.4444444444444444,0.11538461538461539
late,10,10,78,21,0.4949312822994297,4,0.75,0.05128205128205128
late,10,11,78,21,0.4953424711422899,1,1.0,0.01282051282051282
late,10,12,78,21,0.5139850152082115,7,0.7142857142857143,0.08974358974358974
late,10,13,78,21,0.33677078615076267,28,0.35714285714285715,0.358974358974359
late,11,1,15,21,0.6232055068746327,7,0.8571428571428571,0.4666666666666667
late,11,2,15,21,0.5940802371334012,2,0.0,0.13333333333333333
late,11,5,15,21,0.5930808096336925,2,0.0,0.13333333333333333
late,11,7,15,21,0.5555081439037705,1,0.0,0.06666666666666667
late,11,10,15,21,0.5217185518794679,1,1.0,0.06666666666666667
late,11,13,15,21,0.3061975885074473,2,0.0,0.13333333333333333
late,12,3,30,21,0.47954032988327205,4,0.0,0.13333333333333333
late,12,5,30,21,0.46018221940478643,1,0.0,0.03333333333333333
late,12,6,30,21,0.4638410841265909,2,0.5,0.06666666666666667
late,12,10,30,21,0.4078731127220615,2,0.0,0.06666666666666667
late,12,12,30,21,0.4225727783358673,10,0.3,0.3333333333333333
late,12,13,30,21,0.26777335841345684,11,0.09090909090909091,0.36666666666666664
late,13,1,48,21,0.43485031694799314,7,0.5714285714285714,0.14583333333333334
late,13,2,48,21,0.42014178919904527,6,0.6666666666666666,0.125
late,13,5,48,21,0.39914265378134656,4,0.5,0.08333333333333333
late,13,6,48,21,0.39914265378134656,5,0.6,0.10416666666666667
late,13,8,48,21,0.297446336660576,1,0.0,0.020833333333333332
late,13,10,48,21,0.3375058442677315,1,0.0,0.020833333333333332
late,13,12,48,21,0.3508922276196718,2,0.0,0.041666666666666664
late,13,13,48,21,0.18121428574350132,19,0.10526315789473684,0.3958333333333333
late,13,14,48,21,0.15944146738174758,2,0.0,0.041666666666666664
late,13,16,48,21,0.15944146738174758,1,0.0,0.020833333333333332
late,14,2,4,21,0.3221694229474076,2,0.0,0.5
late,14,14,4,21,0.1357400261206774,2,0.0,0.5
late,1,1,10,22,0.5539917335841384,4,0.5,0.4
late,1,2,10,22,0.5361334944032856,2,0.5,0.2
late,1,6,10,22,0.5041303696103825,1,1.0,0.1
late,1,10,10,22,0.44665588380225263,2,0.0,0.2
late,1,13,10,22,0.241850195267514,1,0.0,0.1
late,2,1,3,22,0.5301337658930767,1,1.0,0.3333333333333333
late,2,2,3,22,0.506135248884433,1,1.0,0.3333333333333333
late,2,6,3,22,0.47275366556508813,1,0.0,0.3333333333333333
late,6,6,3,22,0.4838125598232162,1,0.0,0.3333333333333333
late,6,13,3,22,0.23743266651829043,2,0.0,0.6666666666666666
late,7,2,1,22,0.6239284181627515,1,1.0,1.0
late,10,1,3,22,0.5978441089410714,1,1.0,0.3333333333333333
late,10,2,3,22,0.5647281833505856,1,1.0,0.3333333333333333
late,10,7,3,22,0.5299513393320926,1,1.0,0.3333333333333333
late,11,1,1,22,0.6366430864566544,1,1.0,1.0
late,13,2,4,22,0.4697760964588887,1,0.0,0.25
late,13,13,4,22,0.2207178333679079,3,0.3333333333333333,0.75
late,14,14,1,22,0.234136302156621,1,0.0,1.0
late,1,1,11,23,0.523735211691593,2,0.0,0.18181818181818182
late,1,2,11,23,0.5081937698704064,4,0.25,0.36363636363636365
late,1,6,11,23,0.4824499530649327,3,0.3333333333333333,0.2727272727272727
late,1,13,11,23,0.25997342962391695,2,0.0,0.18181818181818182
late,2,1,15,23,0.5083494914762403,2,0.5,0.13333333333333333
late,2,2,15,23,0.48714100472704946,13,0.6153846153846154,0.8666666666666667
late,3,1,1,23,0.5827692945565385,1,0.0,1.0
late,4,6,1,23,0.6970795152331049,1,1.0,1.0
late,5,2,8,23,0.5092921700265863,3,0.6666666666666666,0.375
late,5,5,8,23,0.4861383664718152,4,1.0,0.5
late,5,13,8,23,0.23930567520165671,1,1.0,0.125
late,6,2,4,23,0.4375281935551609,4,0.75,1.0
late,7,5,1,23,0.6772054603900513,1,0.0,1.0
late,10,2,4,23,0.5006848998352162,2,0.5,0.5
late,10,13,4,23,0.31842970336992993,2,0.0,0.5
late,11,1,5,23,0.7121247331903422,2,1.0,0.4
late,11,2,5,23,0.6868670456487358,1,1.0,0.2
late,11,3,5,23,0.6966151001713838,1,1.0,0.2
late,11,13,5,23,0.4062123197621581,1,0.0,0.2
late,13,2,2,23,0.29580837196982235,1,0.0,0.5
late,13,13,2,23,0.15818954969850987,1,0.0,0.5
late,1,1,5,24,0.6889614782883987,2,1.0,0.4
late,1,2,5,24,0.662918552002087,2,0.5,0.4
late,1,13,5,24,0.4035599775101478,1,1.0,0.2
late,2,1,2,24,0.6382313231877723,2,1.0,1.0
late,6,6,2,24,0.6296070059803096,2,1.0,1.0
late,10,2,2,24,0.7075502549397714,2,0.5,1.0
late,13,13,1,24,0.3687533862297578,1,0.0,1.0
late,14,14,1,24,0.026166871072811293,1,0.0,1.0
late,1,1,14,25,0.5814558062407521,3,0.6666666666666666,0.21428571428571427
late,1,2,14,25,0.5626214768806043,1,0.0,0.07142857142857142
late,1,6,14,25,0.5465094156360817,3,0.3333333333333333,0.21428571428571427
late,1,13,14,25,0.31571115823275997,6,0.5,0.42857142857142855
late,1,14,14,25,0.2849519450496536,1,0.0,0.07142857142857142
late,2,1,6,25,0.5701758697272105,3,0.6666666666666666,0.5
late,2,2,6,25,0.5473799470441011,2,0.5,0.3333333333333333
late,2,6,6,25,0.519661522077023,1,0.0,0.16666666666666666
late,13,2,14,25,0.5124046669261675,2,1.0,0.14285714285714285
late,13,6,14,25,0.4836539360792885,1,1.0,0.07142857142857142
late,13,13,14,25,0.2600219547283392,11,0.18181818181818182,0.7857142857142857
late,1,5,1,26,0.5642917194843204,1,1.0,1.0
late,3,3,1,26,0.7147246206501595,1,1.0,1.0
late,5,2,2,26,0.5818075139082268,1,1.0,0.5
late,5,13,2,26,0.2729039072985144,1,0.0,0.5
late,6,2,9,26,0.5502070890650512,4,0.25,0.4444444444444444
late,6,5,9,26,0.5214118575174768,1,1.0,0.1111111111111111
late,6,6,9,26,0.5214118575174768,3,0.6666666666666666,0.3333333333333333
late,6,13,9,26,0.24634350732025745,1,0.0,0.1111111111111111
late,10,1,4,26,0.6745979712307479,1,1.0,0.25
late,10,5,4,26,0.6262235392235438,1,1.0,0.25
late,10,13,4,26,0.4099515648817831,2,0.0,0.5
late,13,2,1,26,0.48967840563977216,1,0.0,1.0
late,1,1,6,28,0.6595235182686635,1,0.0,0.16666666666666666
late,1,2,6,28,0.6381613662405232,3,1.0,0.5
late,1,6,6,28,0.6154295905906007,1,1.0,0.16666666666666666
late,1,13,6,28,0.3428840350584063,1,0.0,0.16666666666666666
late,2,1,7,28,0.6101873125178441,1,1.0,0.14285714285714285
late,2,2,7,28,0.5806498370071227,4,0.25,0.5714285714285714
late,2,6,7,28,0.5699858660341162,2,1.0,0.2857142857142857
late,10,1,1,28,0.733039853709218,1,1.0,1.0
late,11,6,2,28,0.7119223087500379,2,0.5,1.0
late,13,2,3,28,0.5621768876573546,3,0.3333333333333333,1.0
late,1,1,7,29,0.6666291098220091,6,0.5,0.8571428571428571
late,1,2,7,29,0.639890050627363,1,1.0,0.14285714285714285
late,2,13,1,29,0.3704117655681251,1,1.0,1.0
late,4,1,2,29,0.7726489259619539,2,1.0,1.0
late,5,3,2,29,0.6658740402397252,1,1.0,0.5
late,5,5,2,29,0.6064925732156324,1,0.0,0.5
late,6,1,3,29,0.6577052733499272,2,1.0,0.6666666666666666
late,6,13,3,29,0.3021667574553006,1,0.0,0.3333333333333333
late,10,5,4,29,0.6948369937347093,1,1.0,0.25
late,10,13,4,29,0.480670542220595,3,0.6666666666666666,0.75
late,11,1,4,29,0.7802818938275765,2,1.0,0.5
late,11,10,4,29,0.7009131135069322,2,0.5,0.5
late,13,1,4,29,0.6075810283607942,2,1.0,0.5
late,13,2,4,29,0.5853653024680722,1,1.0,0.25
late,13,6,4,29,0.5673117847886956,1,0.0,0.25
late,1,1,11,30,0.5111808127800445,3,0.6666666666666666,0.2727272727272727
late,1,5,11,30,0.460797467200711,1,0.0,0.09090909090909091
late,1,6,11,30,0.4625826145603418,4,0.0,0.36363636363636365
late,1,13,11,30,0.22463474744486164,3,0.0,0.2727272727272727
late,2,1,7,30,0.464279604316201,1,0.0,0.14285714285714285
late,2,2,7,30,0.43885720538139406,3,0.0,0.42857142857142855
late,2,6,7,30,0.40906647367502774,2,1.0,0.2857142857142857
late,2,13,7,30,0.192788325955519,1,0.0,0.14285714285714285
late,5,1,2,30,0.4568458542885017,2,1.0,1.0
late,6,1,3,30,0.5073186416468486,1,0.0,0.3333333333333333
late,6,2,3,30,0.47552649174210576,1,1.0,0.3333333333333333
late,6,13,3,30,0.17859629945918495,1,0.0,0.3333333333333333
late,10,2,2,30,0.5219381260211695,1,1.0,0.5
late,10,6,2,30,0.5161828652892517,1,0.0,0.5
late,11,1,1,30,0.5569517782459232,1,1.0,1.0
late,13,2,6,30,0.4229811662513177,1,0.0,0.16666666666666666
late,13,6,6,30,0.39519115533168253,1,0.0,0.16666666666666666
late,13,13,6,30,0.18443446691396992,4,0.5,0.6666666666666666
late,1,1,8,31,0.4155925844261132,3,0.6666666666666666,0.375
late,1,2,8,31,0.4009077682702417,3,0.6666666666666666,0.375
late,1,13,8,31,0.1849298275262333,2,0.0,0.25
late,2,1,9,31,0.4577991878894663,4,0.0,0.4444444444444444
late,2,2,9,31,0.43740387374237133,3,0.3333333333333333,0.3333333333333333
late,2,6,9,31,0.4086452056055155,1,1.0,0.1111111111111111
late,2,13,9,31,0.1987945604900145,1,0.0,0.1111111111111111
late,4,1,1,31,0.7774755510154895,1,1.0,1.0
late,5,2,1,31,0.5130713179616959,1,0.0,1.0
late,6,5,2,31,0.4738344058167826,1,0.0,0.5
late,6,13,2,31,0.21564652704992268,1,0.0,0.5
late,7,6,1,31,0.6209348236111244,1,1.0,1.0
late,10,5,4,31,0.5762679574101506,2,0.0,0.5
late,10,13,4,31,0.3309048035242621,2,0.5,0.5
late,11,1,6,31,0.652234521886814,3,1.0,0.5
late,11,2,6,31,0.6234809032012203,1,1.0,0.16666666666666666
late,11,5,6,31,0.6109067806068983,1,1.0,0.16666666666666666
late,11,6,6,31,0.6109067806068983,1,1.0,0.16666666666666666
late,13,2,6,31,0.3717865421896509,5,0.4,0.8333333333333334
late,13,6,6,31,0.3669668184538522,1,0.0,0.16666666666666666
late,1,3,7,32,0.6784760705002552,4,0.75,0.5714285714285714
late,1,6,7,32,0.6073514810178887,1,1.0,0.14285714285714285
late,1,12,7,32,0.5544889506417147,1,1.0,0.14285714285714285
late,1,13,7,32,0.3590309206385322,1,0.0,0.14285714285714285
late,2,2,3,32,0.5958573006106308,1,0.0,0.3333333333333333
late,2,12,3,32,0.4947610536384682,2,0.5,0.6666666666666666
late,3,3,5,32,0.6647918453135849,2,0.5,0.4
late,3,5,5,32,0.5806411519438637,1,0.0,0.2
late,3,12,5,32,0.5146025121065337,2,0.0,0.4
late,5,3,3,32,0.6549249834606871,1,1.0,0.3333333333333333
late,5,12,3,32,0.4999962868732794,2,0.0,0.6666666666666666
late,6,12,1,32,0.5760290542635664,1,0.0,1.0
late,7,3,1,32,0.7660970949885776,1,1.0,1.0
late,9,3,2,32,0.746205110069937,2,1.0,1.0
late,10,1,25,32,0.713351627889357,5,0.6,0.2
late,10,3,25,32,0.700288640328491,2,0.5,0.08
late,10,9,25,32,0.6441183323756116,1,0.0,0.04
late,10,10,25,32,0.6263826768620894,6,0.6666666666666666,0.24
late,10,12,25,32,0.6394092353735922,11,0.5454545454545454,0.44
late,11,3,1,32,0.7322995883091709,1,1.0,1.0
late,12,2,35,32,0.5916035502557005,5,0.6,0.14285714285714285
late,12,3,35,32,0.6071747273371856,5,1.0,0.14285714285714285
late,12,5,35,32,0.5719914619833777,1,0.0,0.02857142857142857
late,12,6,35,32,0.5762640190983048,1,0.0,0.02857142857142857
late,12,9,35,32,0.5471137974079514,1,0.0,0.02857142857142857
late,12,10,35,32,0.5317441166186653,6,0.8333333333333334,0.17142857142857143
late,12,12,35,32,0.5415335363587134,11,0.6363636363636364,0.3142857142857143
late,12,13,35,32,0.3692982166981292,4,0.25,0.11428571428571428
late,12,14,35,32,0.3157685433227884,1,0.0,0.02857142857142857
late,13,2,3,32,0.5716844008856129,1,1.0,0.3333333333333333
late,13,3,3,32,0.5911638201569661,1,1.0,0.3333333333333333
late,13,12,3,32,0.482807461713002,1,1.0,0.3333333333333333
late,1,2,4,33,0.6361940434361467,2,1.0,0.5
late,1,3,4,33,0.6578415690552508,1,1.0,0.25
late,1,13,4,33,0.31938911554422544,1,1.0,0.25
late,2,2,7,33,0.5062615637442941,5,0.6,0.7142857142857143
late,2,12,7,33,0.41042876692817926,1,0.0,0.14285714285714285
late,2,14,7,33,0.22447781398058256,1,0.0,0.14285714285714285
late,3,3,1,33,0.6938633526999133,1,1.0,1.0
late,4,2,1,33,0.7383422581206991,1,1.0,1.0
late,5,2,7,33,0.6012897194824091,4,0.25,0.5714285714285714
late,5,5,7,33,0.5672583273516035,2,0.5,0.2857142857142857
late,5,6,7,33,0.5672583273516035,1,1.0,0.14285714285714285
late,6,5,2,33,0.5637747205780282,1,0.0,0.5
late,6,6,2,33,0.5637747205780282,1,1.0,0.5
late,7,2,1,33,0.718040653750126,1,1.0,1.0
late,10,2,4,33,0.6700001930129968,2,0.5,0.5
late,10,5,4,33,0.6610549235975586,1,0.0,0.25
late,10,13,4,33,0.42975922773544856,1,0.0,0.25
late,11,1,5,33,0.7444662279042886,2,0.5,0.4
late,11,2,5,33,0.7235865687590252,1,1.0,0.2
late,11,11,5,33,0.6633057008140192,2,1.0,0.4
late,13,2,1,33,0.5367133830128924,1,0.0,1.0
late,1,1,7,34,0.598374924369078,2,0.5,0.2857142857142857
late,1,5,7,34,0.5647919605874488,3,0.6666666666666666,0.42857142857142855
late,1,6,7,34,0.5643266455094497,1,1.0,0.14285714285714285
late,1,13,7,34,0.3077727502741851,1,0.0,0.14285714285714285
late,3,3,1,34,0.6364885127215973,1,1.0,1.0
late,5,1,6,34,0.4935351381837331,1,0.0,0.16666666666666666
late,5,5,6,34,0.4402880579684114,2,1.0,0.3333333333333333
late,5,13,6,34,0.21323679561946188,2,0.5,0.3333333333333333
late,5,14,6,34,0.19248186593545924,1,1.0,0.16666666666666666
late,7,13,1,34,0.4252743684786486,1,1.0,1.0
late,9,1,18,34,0.6570621336306278,2,0.5,0.1111111111111111
late,9,3,18,34,0.6325807288197313,1,0.0,0.05555555555555555
late,9,9,18,34,0.5894106184404477,11,0.36363636363636365,0.6111111111111112
late,9,10,18,34,0.565547543422072,1,0.0,0.05555555555555555
late,9,13,18,34,0.4070242397955341,3,0.3333333333333333,0.16666666666666666
late,10,5,2,34,0.6267511263310337,1,1.0,0.5
late,10,9,2,34,0.5955057043573686,1,1.0,0.5
late,12,9,3,34,0.4913546244731026,1,0.0,0.3333333333333333
late,12,13,3,34,0.2907673472174603,1,0.0,0.3333333333333333
late,12,14,3,34,0.2420000017149135,1,0.0,0.3333333333333333
late,13,3,4,34,0.529753988684874,2,0.0,0.5
late,13,5,4,34,0.49847419069600013,2,1.0,0.5
late,14,14,2,34,0.23345231725248577,2,0.0,1.0
late,1,1,18,35,0.5114032049961307,5,0.6,0.2777777777777778
late,1,2,18,35,0.4923915338326401,6,0.16666666666666666,0.3333333333333333
late,1,5,18,35,0.4761428970577277,2,1.0,0.1111111111111111
late,1,6,18,35,0.47379728913576624,3,0.6666666666666666,0.16666666666666666
late,1,13,18,35,0.24515937096576706,2,0.0,0.1111111111111111
late,2,2,12,35,0.47717534210601786,8,0.375,0.6666666666666666
late,2,3,12,35,0.5042145898181615,1,1.0,0.08333333333333333
late,2,6,12,35,0.4414659896312135,1,1.0,0.08333333333333333
late,2,13,12,35,0.22073258027946227,2,0.0,0.16666666666666666
late,3,3,1,35,0.6303217676875557,1,0.0,1.0
late,4,2,7,35,0.5539201496054997,5,0.8,0.7142857142857143
late,4,6,7,35,0.5427507499380995,2,0.0,0.2857142857142857
late,6,2,4,35,0.39008644094983197,2,0.5,0.5
late,6,5,4,35,0.36836851614123733,1,0.0,0.25
late,6,13,4,35,0.16280391626452434,1,0.0,0.25
late,7,1,2,35,0.6696328170021888,1,0.0,0.5
late,7,6,2,35,0.6250988858039854,1,0.0,0.5
late,10,2,4,35,0.3056522357015956,1,0.0,0.25
late,10,5,4,35,0.3063391101532422,1,0.0,0.25
late,10,13,4,35,0.22009459496172568,2,1.0,0.5
late,11,1,19,35,0.6647319626823842,8,0.75,0.42105263157894735
late,11,2,19,35,0.6365854817442912,6,0.5,0.3157894736842105
late,11,6,19,35,0.6310774408164557,4,0.75,0.21052631578947367
late,11,13,19,35,0.36116190332966797,1,0.0,0.05263157894736842
late,13,1,9,35,0.43333770263119686,1,0.0,0.1111111111111111
late,13,2,9,35,0.4115082105126588,7,0.2857142857142857,0.7777777777777778
late,13,5,9,35,0.4053755236292065,1,1.0,0.1111111111111111
late,14,14,1,35,0.23157087258899367,1,0.0,1.0
late,1,1,3,36,0.5370537749366338,1,1.0,0.3333333333333333
late,1,2,3,36,0.5099987934949167,1,1.0,0.3333333333333333
late,1,6,3,36,0.5083052799120052,1,0.0,0.3333333333333333
late,2,2,1,36,0.47706942459988866,1,0.0,1.0
late,4,1,2,36,0.38631968765476327,1,1.0,0.5
late,4,13,2,36,0.2160418260337897,1,0.0,0.5
late,5,2,4,36,0.39729724807200884,2,0.0,0.5
late,5,6,4,36,0.35721101869657657,2,0.5,0.5
late,6,1,10,36,0.5321202327145282,1,0.0,0.1
late,6,2,10,36,0.505852287739471,1,0.0,0.1
late,6,5,10,36,0.4671986827910886,1,0.0,0.1
late,6,6,10,36,0.4671986827910886,6,0.3333333333333333,0.6
late,6,13,10,36,0.2090797165829572,1,0.0,0.1
late,10,6,3,36,0.5715444034964022,2,0.5,0.6666666666666666
late,10,13,3,36,0.3568728371118519,1,1.0,0.3333333333333333
late,11,1,2,36,0.6437903583665205,1,1.0,0.5
late,11,2,2,36,0.6105645779309549,1,1.0,0.5
late,13,2,5,36,0.46059452258094175,1,1.0,0.2
late,13,5,5,36,0.43486371207774743,1,0.0,0.2
late,13,6,5,36,0.4348637120777473,1,0.0,0.2
late,13,13,5,36,0.18397096278616437,2,0.0,0.4
late,1,1,58,37,0.5905672286444144,20,0.6,0.3448275862068966
late,1,3,58,37,0.5972616911963115,16,0.875,0.27586206896551724
late,1,5,58,37,0.5440357378709902,5,0.2,0.08620689655172414
late,1,6,58,37,0.5417272714083944,5,0.6,0.08620689655172414
late,1,10,58,37,0.4767029986224052,1,1.0,0.017241379310344827
late,1,11,58,37,0.46764857521615577,8,0.75,0.13793103448275862
late,1,13,58,37,0.29808432289260617,3,0.0,0.05172413793103448
late,3,1,15,37,0.5893625119353321,10,0.4,0.6666666666666666
late,3,3,15,37,0.6073729339731949,4,0.75,0.26666666666666666
late,3,11,15,37,0.46621133256835073,1,0.0,0.06666666666666667
late,4,1,6,37,0.8463966846243988,1,0.0,0.16666666666666666
late,4,3,6,37,0.840449317903171,2,0.5,0.3333333333333333
late,4,6,6,37,0.8020463801942417,3,0.3333333333333333,0.5
late,5,1,4,37,0.56793477958588,1,0.0,0.25
late,5,5,4,37,0.5263284822437284,2,0.5,0.5
late,5,11,4,37,0.4633936180418555,1,1.0,0.25
late,6,1,18,37,0.5636421578384319,3,0.3333333333333333,0.16666666666666666
late,6,3,18,37,0.5428906932568328,4,0.5,0.2222222222222222
late,6,5,18,37,0.5007228738740938,3,0.3333333333333333,0.16666666666666666
late,6,6,18,37,0.502518747614259,2,0.5,0.1111111111111111
late,6,10,18,37,0.4302684271897328,2,0.5,0.1111111111111111
late,6,11,18,37,0.42754419838798424,1,1.0,0.05555555555555555
late,6,13,18,37,0.2370141844609572,3,0.3333333333333333,0.16666666666666666
late,10,1,8,37,0.6775577537745598,4,0.5,0.5
late,10,3,8,37,0.6703227555841472,1,1.0,0.125
late,10,4,8,37,0.6756891845473769,1,1.0,0.125
late,10,10,8,37,0.5757051372147654,1,0.0,0.125
late,10,11,8,37,0.5774766190341545,1,1.0,0.125
late,11,1,8,37,0.6217502480332964,2,0.5,0.25
late,11,3,8,37,0.6067516198981161,1,1.0,0.125
late,11,5,8,37,0.5958314270253436,1,0.0,0.125
late,11,6,8,37,0.5958314270253436,2,0.5,0.25
late,11,10,8,37,0.5316063713651707,1,1.0,0.125
late,11,13,8,37,0.3537056553224389,1,1.0,0.125
late,13,3,4,37,0.5461025898971931,1,1.0,0.25
late,13,6,4,37,0.5089686916622337,3,0.6666666666666666,0.75
late,1,1,10,38,0.5691535650421825,2,0.5,0.2
late,1,5,10,38,0.5312810332413075,3,0.6666666666666666,0.3
late,1,6,10,38,0.5303907925621383,1,1.0,0.1
late,1,13,10,38,0.3171446908026206,4,0.25,0.4
late,2,1,3,38,0.5727506327264389,1,1.0,0.3333333333333333
late,2,2,3,38,0.547508130868593,1,1.0,0.3333333333333333
late,2,13,3,38,0.28808710684136485,1,0.0,0.3333333333333333
late,3,13,1,38,0.35048322833605544,1,0.0,1.0
late,4,5,2,38,0.6774186764014507,1,0.0,0.5
late,4,13,2,38,0.43035137217150676,1,0.0,0.5
late,5,1,12,38,0.5886880787762642,3,1.0,0.25
late,5,2,12,38,0.5535385477184791,1,1.0,0.08333333333333333
late,5,3,12,38,0.5539834762908423,1,0.0,0.08333333333333333
late,5,5,12,38,0.5441604263918701,6,0.5,0.5
late,5,13,12,38,0.27659505933867634,1,0.0,0.08333333333333333
late,6,1,5,38,0.5804589764286218,3,1.0,0.6
late,6,2,5,38,0.5425258847792805,1,1.0,0.2
late,6,5,5,38,0.5259070245802763,1,0.0,0.2
late,7,5,1,38,0.6714932687299745,1,1.0,1.0
late,10,5,6,38,0.6426468830182956,2,0.5,0.3333333333333333
late,10,6,6,38,0.6426468830182956,2,0.5,0.3333333333333333
late,10,13,6,38,0.44677505715241717,2,0.5,0.3333333333333333
late,11,1,2,38,0.7172746944391895,1,0.0,0.5
late,11,10,2,38,0.621880707143668,1,0.0,0.5
late,13,1,11,38,0.5447130805110988,3,0.6666666666666666,0.2727272727272727
late,13,5,11,38,0.5104376319329924,2,0.5,0.18181818181818182
late,13,13,11,38,0.271674554081924,5,0.2,0.45454545454545453
late,13,14,11,38,0.24304366307769587,1,0.0,0.09090909090909091
late,14,14,1,38,0.2629336349539486,1,0.0,1.0
late,1,1,11,39,0.639131023809727,3,0.6666666666666666,0.2727272727272727
late,1,2,11,39,0.6160476724548843,4,0.75,0.36363636363636365
late,1,5,11,39,0.5976138906326665,1,0.0,0.09090909090909091
late,1,10,11,39,0.5351858529392278,1,1.0,0.09090909090909091
late,1,13,11,39,0.32949951090778273,1,0.0,0.09090909090909091
late,1,14,11,39,0.2983984636313882,1,0.0,0.09090909090909091
late,2,1,11,39,0.5473771806636635,4,0.5,0.36363636363636365
late,2,2,11,39,0.5277131417920052,4,0.75,0.36363636363636365
late,2,11,11,39,0.4390242049697824,1,0.0,0.09090909090909091
late,2,13,11,39,0.27801494874019117,2,0.0,0.18181818181818182
late,3,3,1,39,0.6591303092118097,1,1.0,1.0
late,6,2,2,39,0.5695187219681807,2,0.0,1.0
late,7,2,1,39,0.6955751240811372,1,1.0,1.0
late,10,2,4,39,0.6708568629910057,2,1.0,0.5
late,10,5,4,39,0.6500196209343759,1,1.0,0.25
late,10,13,4,39,0.39358830055533406,1,1.0,0.25
late,11,1,3,39,0.7044849758438109,2,0.5,0.6666666666666666
late,11,2,3,39,0.6789739662203417,1,1.0,0.3333333333333333
late,13,1,13,39,0.5151318233454413,6,0.3333333333333333,0.46153846153846156
late,13,2,13,39,0.49427942284819404,4,0.75,0.3076923076923077
late,13,5,13,39,0.4862395200620426,1,0.0,0.07692307692307693
late,13,13,13,39,0.2382561909895366,2,0.5,0.15384615384615385
late,14,2,1,39,0.5088946901714053,1,0.0,1.0
late,1,13,1,40,0.40624098561568817,1,0.0,1.0
late,6,6,2,40,0.5829842365617239,1,0.0,0.5
late,6,13,2,40,0.31344857636383305,1,1.0,0.5
late,10,2,2,40,0.66113126101908,1,0.0,0.5
late,10,13,2,40,0.46016651349524984,1,0.0,0.5
late,11,1,1,40,0.7219893416092344,1,1.0,1.0
late,13,2,3,40,0.5650098329456659,2,0.5,0.6666666666666666
late,13,6,3,40,0.5371162190579795,1,1.0,0.3333333333333333
late,1,3,2,41,0.6342442695369788,2,0.5,1.0
late,3,3,9,41,0.6373054691168017,7,0.8571428571428571,0.7777777777777778
late,3,5,9,41,0.5409574636130707,1,0.0,0.1111111111111111
late,3,13,9,41,0.27766108910974796,1,0.0,0.1111111111111111
late,4,5,1,41,0.7714331264362743,1,1.0,1.0
late,5,5,1,41,0.5193748977991449,1,0.0,1.0
late,6,3,2,41,0.566802043694691,1,0.0,0.5
late,6,13,2,41,0.2712258937253552,1,0.0,0.5
late,13,1,4,41,0.5383446196749984,1,1.0,0.25
late,13,3,4,41,0.5355775672859393,1,0.0,0.25
late,13,13,4,41,0.21902509831199485,2,0.5,0.5
late,14,3,1,41,0.5279577255308346,1,1.0,1.0
late,1,5,5,42,0.5016429405129307,1,0.0,0.2
late,1,13,5,42,0.2916017705109042,4,0.25,0.8
late,4,5,2,42,0.7182399616619273,1,1.0,0.5
late,4,6,2,42,0.7182399616619273,1,1.0,0.5
late,6,1,1,42,0.6053199252699061,1,1.0,1.0
late,10,1,5,42,0.7062038706768753,1,1.0,0.2
late,10,5,5,42,0.6782062822604626,2,0.5,0.4
late,10,6,5,42,0.6782062822604626,1,1.0,0.2
late,10,13,5,42,0.44326800882948225,1,1.0,0.2
late,11,6,1,42,0.7147036967434253,1,1.0,1.0
late,1,1,26,43,0.5335749050437859,16,0.4375,0.6153846153846154
late,1,2,26,43,0.5121137117886283,3,0.0,0.11538461538461539
late,1,3,26,43,0.5383380672381981,1,1.0,0.038461538461538464
late,1,6,26,43,0.49072315963131763,4,1.0,0.15384615384615385
late,1,13,26,43,0.23367019250578164,2,0.0,0.07692307692307693
late,2,1,5,43,0.4939806210815812,2,1.0,0.4
late,2,2,5,43,0.4735599682256507,2,0.5,0.4
late,2,3,5,43,0.5036111800884783,1,1.0,0.2
late,4,1,6,43,0.6414618058856524,2,1.0,0.3333333333333333
late,4,2,6,43,0.6103188126060163,2,0.5,0.3333333333333333
late,4,6,6,43,0.5977320954957702,1,1.0,0.16666666666666666
late,4,13,6,43,0.33410498360766,1,1.0,0.16666666666666666
late,6,1,7,43,0.542204745005228,2,1.0,0.2857142857142857
late,6,3,7,43,0.5290257680210583,1,0.0,0.14285714285714285
late,6,6,7,43,0.4684737250577257,3,0.0,0.42857142857142855
late,6,13,7,43,0.20455727614194094,1,0.0,0.14285714285714285
late,10,2,4,43,0.5690012949570562,3,0.6666666666666666,0.75
late,10,13,4,43,0.3505251123949143,1,0.0,0.25
late,11,1,10,43,0.6287009467838311,5,0.2,0.5
late,11,2,10,43,0.5981638574569811,1,1.0,0.1
late,11,4,10,43,0.6169435065712006,1,0.0,0.1
late,11,7,10,43,0.5528254719328458,2,0.5,0.2
late,11,13,10,43,0.29018192758985084,1,1.0,0.1
late,13,2,10,43,0.4753807268064526,2,1.0,0.2
late,13,6,10,43,0.44095406801084636,4,0.5,0.4
late,13,13,10,43,0.20380340314958842,4,0.25,0.4
late,1,1,8,44,0.5527781792411792,3,0.0,0.375
late,1,2,8,44,0.5316365391718887,1,0.0,0.125
late,1,6,8,44,0.5072096027583829,2,0.5,0.25
late,1,13,8,44,0.25964688648966366,2,0.5,0.25
late,2,1,5,44,0.5024552801303808,2,1.0,0.4
late,2,2,5,44,0.47510148551573994,3,0.0,0.6
late,3,3,1,44,0.6725502886628099,1,0.0,1.0
late,5,13,1,44,0.22452729763738422,1,0.0,1.0
late,6,6,4,44,0.49998107101160916,2,1.0,0.5
late,6,13,4,44,0.23941581676841114,2,0.5,0.5
late,7,2,1,44,0.6072997123326955,1,1.0,1.0
late,10,2,3,44,0.5766998014639001,2,0.0,0.6666666666666666
late,10,5,3,44,0.5743716505458857,1,1.0,0.3333333333333333
late,13,1,12,44,0.48654535009658817,1,0.0,0.08333333333333333
late,13,2,12,44,0.4680166572001956,5,0.6,0.4166666666666667
late,13,13,12,44,0.21860389040296282,6,0.0,0.5
late,1,1,12,45,0.623349380450615,4,0.75,0.3333333333333333
late,1,2,12,45,0.6014787781279926,3,0.3333333333333333,0.25
late,1,5,12,45,0.5713759729623107,1,0.0,0.08333333333333333
late,1,6,12,45,0.5711292170693204,1,0.0,0.08333333333333333
late,1,13,12,45,0.29428966888123304,3,0.3333333333333333,0.25
late,2,2,6,45,0.557897293059123,4,0.0,0.6666666666666666
late,2,13,6,45,0.27736270517495587,1,0.0,0.16666666666666666
late,2,14,6,45,0.25375207280827305,1,0.0,0.16666666666666666
late,4,2,2,45,0.7169598946531883,1,1.0,0.5
late,4,13,2,45,0.41023152895227244,1,1.0,0.5
late,5,5,1,45,0.5172740373181551,1,1.0,1.0
late,6,1,7,45,0.5733616675640839,2,0.5,0.2857142857142857
late,6,2,7,45,0.5427216559617152,2,0.5,0.2857142857142857
late,6,6,7,45,0.5116116412348963,2,0.0,0.2857142857142857
late,6,13,7,45,0.22814883374880932,1,0.0,0.14285714285714285
late,7,1,2,45,0.7018019169703134,1,1.0,0.5
late,7,13,2,45,0.4213911852689471,1,0.0,0.5
late,10,1,13,45,0.6592915508554902,3,1.0,0.23076923076923078
late,10,2,13,45,0.6334581681147907,4,0.75,0.3076923076923077
late,10,5,13,45,0.6187841858633079,1,1.0,0.07692307692307693
late,10,7,13,45,0.5851266004404594,2,0.5,0.15384615384615385
late,10,13,13,45,0.3802656598943234,3,0.3333333333333333,0.23076923076923078
late,13,13,4,45,0.2775956967368489,4,0.5,1.0
late,14,2,1,45,0.47658996794425335,1,1.0,1.0
late,1,1,16,46,0.6574168914968761,12,0.9166666666666666,0.75
late,1,3,16,46,0.654749640426231,1,1.0,0.0625
late,1,6,16,46,0.6190023675628717,1,1.0,0.0625
late,1,13,16,46,0.35244597328271454,2,0.5,0.125
late,2,10,1,46,0.5015471583541322,1,0.0,1.0
late,5,1,1,46,0.019993487275793434,1,0.0,1.0
late,6,1,4,46,0.62238194506219,3,0.3333333333333333,0.75
late,6,5,4,46,0.5686042402475018,1,0.0,0.25
late,10,13,2,46,0.2387552331099232,2,0.0,1.0
late,11,1,5,46,0.7517332148339915,5,0.8,1.0
late,13,6,1,46,0.5491924204729096,1,1.0,1.0
late,1,2,7,47,0.5472864388753068,4,0.5,0.5714285714285714
late,1,5,7,47,0.5398645841600482,1,0.0,0.14285714285714285
late,1,13,7,47,0.29921284893572414,2,1.0,0.2857142857142857
late,2,2,11,47,0.5098718769543218,8,0.375,0.7272727272727273
late,2,13,11,47,0.2563368079843269,3,0.0,0.2727272727272727
late,5,3,1,47,0.6354773306468727,1,1.0,1.0
late,6,5,4,47,0.4976530898725805,1,0.0,0.25
late,6,6,4,47,0.4976530898725805,2,0.5,0.5
late,6,13,4,47,0.2294034157027815,1,0.0,0.25
late,10,2,1,47,0.5899841489533137,1,1.0,1.0
late,11,1,2,47,0.6669153326906496,1,0.0,0.5
late,11,5,2,47,0.631391349592822,1,1.0,0.5
late,13,1,12,47,0.5268709059103894,1,0.0,0.08333333333333333
late,13,2,12,47,0.5129668572995837,3,0.6666666666666666,0.25
late,13,5,12,47,0.489095665309733,1,0.0,0.08333333333333333
late,13,6,12,47,0.489095665309733,2,1.0,0.16666666666666666
late,13,13,12,47,0.2557837944549489,5,0.4,0.4166666666666667
late,1,2,7,48,0.5795591591384482,2,0.5,0.2857142857142857
late,1,3,7,48,0.6039880978878295,2,0.5,0.2857142857142857
late,1,9,7,48,0.4835475581164403,1,1.0,0.14285714285714285
late,1,12,7,48,0.4785008802092811,2,1.0,0.2857142857142857
late,2,12,1,48,0.4175466545309087,1,1.0,1.0
late,3,1,1,48,0.5246037550754646,1,0.0,1.0
late,5,2,2,48,0.5012757403220807,1,1.0,0.5
late,5,5,2,48,0.4923608856449335,1,1.0,0.5
late,8,12,2,48,0.48017222389815495,2,0.0,1.0
late,10,2,4,48,0.6002316820460042,2,0.5,0.5
late,10,12,4,48,0.5436337937374631,2,0.0,0.5
late,12,1,20,48,0.5172047847039041,1,1.0,0.05
late,12,2,20,48,0.5009628821073335,2,0.5,0.1
late,12,5,20,48,0.49845489313781083,2,0.5,0.1
late,12,7,20,48,0.466324430080708,2,0.5,0.1
late,12,9,20,48,0.4705395974616072,1,0.0,0.05
late,12,10,20,48,0.45674121034042575,3,0.6666666666666666,0.15
late,12,12,20,48,0.4683110698048889,7,0.2857142857142857,0.35
late,12,13,20,48,0.30012800950795715,2,0.5,0.1
late,14,14,1,48,0.261869320213175,1,0.0,1.0
late,1,1,33,49,0.5611589202069801,13,0.6923076923076923,0.3939393939393939
late,1,2,33,49,0.5402262749157887,1,0.0,0.030303030303030304
late,1,3,33,49,0.5653379936405913,6,0.8333333333333334,0.18181818181818182
late,1,5,33,49,0.5115929767348745,4,1.0,0.12121212121212122
late,1,10,33,49,0.4417618784518534,4,0.75,0.12121212121212122
late,1,11,33,49,0.43803404924972705,1,0.0,0.030303030303030304
late,1,13,33,49,0.24788042477294037,4,0.25,0.12121212121212122
late,3,3,8,49,0.6226946592783924,5,0.6,0.625
late,3,13,8,49,0.2407162598854155,3,0.0,0.375
late,5,1,11,49,0.579929827121319,4,0.5,0.36363636363636365
late,5,3,11,49,0.5921516575109895,6,0.6666666666666666,0.5454545454545454
late,5,11,11,49,0.4202361545354543,1,1.0,0.09090909090909091
late,10,1,17,49,0.6149371742940182,10,0.1,0.5882352941176471
late,10,5,17,49,0.5740822519539989,2,1.0,0.11764705882352941
late,10,10,17,49,0.5165016924165021,4,0.5,0.23529411764705882
late,10,13,17,49,0.3430349647422318,1,0.0,0.058823529411764705
late,11,1,6,49,0.6368212100368292,4,0.5,0.6666666666666666
late,11,5,6,49,0.5947645784992743,1,0.0,0.16666666666666666
late,11,10,6,49,0.5328060875500443,1,0.0,0.16666666666666666
late,13,10,1,49,0.43482507988183755,1,0.0,1.0
late,1,1,8,50,0.6048445140606149,1,0.0,0.125
late,1,2,8,50,0.5845424308497361,3,0.3333333333333333,0.375
late,1,3,8,50,0.6088821060947289,1,0.0,0.125
late,1,10,8,50,0.47650626102050325,1,0.0,0.125
late,1,13,8,50,0.2892071950506618,2,0.0,0.25
late,2,1,36,50,0.5607644971692393,2,0.0,0.05555555555555555
late,2,2,36,50,0.5303200812818243,22,0.5,0.6111111111111112
late,2,3,36,50,0.5453435887003273,1,1.0,0.027777777777777776
late,2,5,36,50,0.511049736241557,2,0.5,0.05555555555555555
late,2,6,36,50,0.5110969923490956,3,0.3333333333333333,0.08333333333333333
late,2,10,36,50,0.4510904102288473,1,0.0,0.027777777777777776
late,2,13,36,50,0.2735857820359286,5,0.4,0.1388888888888889
late,3,3,4,50,0.6404902228694487,1,1.0,0.25
late,3,6,4,50,0.5379034450737263,1,0.0,0.25
late,3,13,4,50,0.31314771163915656,2,0.5,0.5
late,5,1,6,50,0.5912806889521303,1,0.0,0.16666666666666666
late,5,2,6,50,0.5706687788362551,1,1.0,0.16666666666666666
late,5,3,6,50,0.5887978568038298,1,1.0,0.16666666666666666
late,5,6,6,50,0.5392262504909481,2,0.5,0.3333333333333333
late,5,9,6,50,0.4946827654411246,1,0.0,0.16666666666666666
late,6,1,24,50,0.5537186829380738,2,1.0,0.08333333333333333
late,6,2,24,50,0.5259715733897203,2,0.5,0.08333333333333333
late,6,3,24,50,0.5287464625487831,9,0.5555555555555556,0.375
late,6,5,24,50,0.5096052933811422,3,0.3333333333333333,0.125
late,6,6,24,50,0.511108073271256,6,0.6666666666666666,0.25
late,6,9,24,50,0.46972678965221376,2,1.0,0.08333333333333333
late,8,6,2,50,0.30161162976017847,1,0.0,0.5
late,8,13,2,50,0.17352508370629882,1,0.0,0.5
late,9,3,16,50,0.6289856778095156,9,0.6666666666666666,0.5625
late,9,5,16,50,0.6255433851450104,2,0.5,0.125
late,9,6,16,50,0.6255433851450104,2,1.0,0.125
late,9,9,16,50,0.5820313327331054,1,1.0,0.0625
late,9,13,16,50,0.37851998019285876,2,0.5,0.125
late,10,1,6,50,0.6619342674047132,1,0.0,0.16666666666666666
late,10,5,6,50,0.6290754971631499,1,1.0,0.16666666666666666
late,10,6,6,50,0.6290754971631499,2,0.5,0.3333333333333333
late,10,9,6,50,0.5910367778245544,1,0.0,0.16666666666666666
late,10,10,6,50,0.5672458663401975,1,1.0,0.16666666666666666
late,13,5,4,50,0.3807488048576135,2,0.0,0.5
late,13,13,4,50,0.19830540323178283,2,0.0,0.5
late,1,1,13,51,0.4967392461983048,4,0.5,0.3076923076923077
late,1,2,13,51,0.4792049951607401,1,0.0,0.07692307692307693
late,1,3,13,51,0.5055960695772395,4,0.5,0.3076923076923077
late,1,6,13,51,0.43848664495819,1,0.0,0.07692307692307693
late,1,11,13,51,0.3589640295880478,3,0.3333333333333333,0.23076923076923078
late,2,2,1,51,0.4135728118458532,1,0.0,1.0
late,3,6,3,51,0.41575194139980026,1,0.0,0.3333333333333333
late,3,11,3,51,0.32787012609538907,2,0.0,0.6666666666666666
late,6,1,3,51,0.4326875382249173,3,0.6666666666666666,1.0
late,8,1,1,51,0.49479719549874845,1,0.0,1.0
late,10,1,10,51,0.5493858351826139,3,0.3333333333333333,0.3
late,10,3,10,51,0.5386418329556979,2,1.0,0.2
late,10,6,10,51,0.5046068013759727,2,0.0,0.2
late,10,10,10,51,0.44201024518769794,3,0.3333333333333333,0.3
late,11,1,9,51,0.5688380758956113,6,0.5,0.6666666666666666
late,11,3,9,51,0.5597115813921497,3,0.3333333333333333,0.3333333333333333
late,12,1,1,51,0.3969408895798162,1,0.0,1.0
late,1,1,11,52,0.45905574936865556,5,0.4,0.45454545454545453
late,1,3,11,52,0.4494236968888963,1,0.0,0.09090909090909091
late,1,6,11,52,0.4199153193329818,2,0.0,0.18181818181818182
late,1,10,11,52,0.3608276160358568,1,0.0,0.09090909090909091
late,1,13,11,52,0.2128310592962549,2,0.0,0.18181818181818182
late,5,13,1,52,0.009083760835962188,1,0.0,1.0
late,6,1,3,52,0.5271352442510437,1,1.0,0.3333333333333333
late,6,6,3,52,0.4624905728984641,1,1.0,0.3333333333333333
late,6,13,3,52,0.21099707922714606,1,1.0,0.3333333333333333
late,7,1,1,52,0.616228790702521,1,1.0,1.0
late,10,1,6,52,0.5004798628612409,3,0.6666666666666666,0.5
late,10,6,6,52,0.47115387442038487,1,1.0,0.16666666666666666
late,10,13,6,52,0.2855258621282078,1,0.0,0.16666666666666666
late,10,14,6,52,0.23894549758136965,1,0.0,0.16666666666666666
late,13,1,2,52,0.2334432640803539,1,0.0,0.5
late,13,13,2,52,0.10369759474379045,1,0.0,0.5
late,1,1,28,53,0.5693932861464747,9,0.5555555555555556,0.32142857142857145
late,1,5,28,53,0.5226710130614313,4,0.25,0.14285714285714285
late,1,6,28,53,0.5233495595020244,7,0.5714285714285714,0.25
late,1,11,28,53,0.449305162496025,1,0.0,0.03571428571428571
late,1,12,28,53,0.4677924441986653,1,0.0,0.03571428571428571
late,1,13,28,53,0.2779696309906858,4,0.0,0.14285714285714285
late,1,14,28,53,0.24605100168022842,2,0.0,0.07142857142857142
late,3,5,2,53,0.5036459094283785,2,0.5,1.0
late,4,1,1,53,0.7715513423376374,1,1.0,1.0
late,5,1,19,53,0.5157883697178788,3,0.3333333333333333,0.15789473684210525
late,5,3,19,53,0.4872126552477328,4,0.75,0.21052631578947367
late,5,5,19,53,0.4680906457163509,7,0.5714285714285714,0.3684210526315789
late,5,7,19,53,0.42967785927217794,1,1.0,0.05263157894736842
late,5,8,19,53,0.3653472149895997,1,0.0,0.05263157894736842
late,5,10,19,53,0.40351871221785723,1,1.0,0.05263157894736842
late,5,13,19,53,0.22750428939049522,2,0.0,0.10526315789473684
late,6,1,24,53,0.5478075298204861,9,0.5555555555555556,0.375
late,6,3,24,53,0.5267718925893136,2,1.0,0.08333333333333333
late,6,5,24,53,0.4877074124916227,1,0.0,0.041666666666666664
late,6,6,24,53,0.48905277300714745,8,0.5,0.3333333333333333
late,6,10,24,53,0.41990263304941927,2,0.5,0.08333333333333333
late,6,13,24,53,0.2229230117344617,2,0.0,0.08333333333333333
late,7,5,1,53,0.6093308165493854,1,0.0,1.0
late,8,5,2,53,0.5332042450721899,1,1.0,0.5
late,8,13,2,53,0.2227715537662389,1,0.0,0.5
late,9,1,1,53,0.6126839499738918,1,1.0,1.0
late,10,1,9,53,0.6192741817240631,6,0.3333333333333333,0.6666666666666666
late,10,5,9,53,0.5813646171979205,1,1.0,0.1111111111111111
late,10,13,9,53,0.3324199826755847,2,0.5,0.2222222222222222
late,13,5,6,53,0.4474765908206095,4,0.25,0.6666666666666666
late,13,14,6,53,0.1521447830898591,2,0.0,0.3333333333333333
late,1,1,17,54,0.5712607738538312,13,0.6923076923076923,0.7647058823529411
late,1,2,17,54,0.5521094774655172,1,1.0,0.058823529411764705
late,1,5,17,54,0.5307969858486906,1,1.0,0.058823529411764705
late,1,6,17,54,0.5283143412200627,1,0.0,0.058823529411764705
late,1,13,17,54,0.25838854590517296,1,0.0,0.058823529411764705
late,2,1,1,54,0.523478425768708,1,0.0,1.0
late,4,1,1,54,0.6796239555828756,1,1.0,1.0
late,5,1,4,54,0.536933118748373,4,0.5,1.0
late,6,2,8,54,0.5257678603149725,3,0.3333333333333333,0.375
late,6,5,8,54,0.48827054361307654,1,0.0,0.125
late,6,6,8,54,0.48973255446707686,2,0.0,0.25
late,6,13,8,54,0.21988950883287262,2,0.0,0.25
late,7,1,1,54,0.6475159290578524,1,1.0,1.0
late,10,1,3,54,0.6162443919699601,2,0.5,0.6666666666666666
late,10,5,3,54,0.5833158069709437,1,1.0,0.3333333333333333
late,11,1,8,54,0.6648457570261904,3,1.0,0.375
late,11,2,8,54,0.6354412835182872,1,1.0,0.125
late,11,5,8,54,0.6321730127056161,1,0.0,0.125
late,11,7,8,54,0.5948924846320118,1,0.0,0.125
late,11,13,8,54,0.3516424142220605,2,0.5,0.25
late,13,1,7,54,0.5060421067669145,4,0.75,0.5714285714285714
late,13,2,7,54,0.4902448285746899,1,0.0,0.14285714285714285
late,13,6,7,54,0.47299125980178836,1,0.0,0.14285714285714285
late,13,13,7,54,0.22689266912722722,1,0.0,0.14285714285714285
late,14,2,2,54,0.45019746025912394,2,0.0,1.0
late,1,5,3,55,0.6863317091494352,1,0.0,0.3333333333333333
late,1,6,3,55,0.6863317091494352,2,1.0,0.6666666666666666
late,2,5,2,55,0.6317781604790249,1,1.0,0.5
late,2,6,2,55,0.6288942644395368,1,1.0,0.5
late,4,13,1,55,0.5600935417994464,1,1.0,1.0
late,5,6,2,55,0.6423360360724794,1,1.0,0.5
late,5,13,2,55,0.36784541317614977,1,1.0,0.5
late,6,3,6,55,0.7148699339503753,1,0.0,0.16666666666666666
late,6,5,6,55,0.6463523712153134,3,1.0,0.5
late,6,6,6,55,0.6463523712153134,1,1.0,0.16666666666666666
late,6,13,6,55,0.3503438276017716,1,0.0,0.16666666666666666
late,11,1,3,55,0.7739367099612043,3,0.6666666666666666,1.0
late,13,2,7,55,0.6524797961537646,2,0.5,0.2857142857142857
late,13,5,7,55,0.6409773442117553,4,0.75,0.5714285714285714
late,13,6,7,55,0.6409773442117553,1,1.0,0.14285714285714285
late,1,1,45,56,0.5698172520408746,24,0.5416666666666666,0.5333333333333333
late,1,2,45,56,0.5504056744135469,1,0.0,0.022222222222222223
late,1,3,45,56,0.5753434997624844,17,0.6470588235294118,0.37777777777777777
late,1,6,45,56,0.5204349409129385,2,0.5,0.044444444444444446
late,1,11,45,56,0.44330019951832705,1,1.0,0.022222222222222223
late,3,1,16,56,0.5874482535393485,5,0.2,0.3125
late,3,3,16,56,0.6115739402406151,8,0.625,0.5
late,3,11,16,56,0.4154207894167865,3,0.3333333333333333,0.1875
late,6,1,2,56,0.548586503797589,1,0.0,0.5
late,6,3,2,56,0.5177649580173094,1,1.0,0.5
late,10,1,9,56,0.6319878211581922,6,0.8333333333333334,0.6666666666666666
late,10,3,9,56,0.601364201820521,1,0.0,0.1111111111111111
late,10,10,9,56,0.5476004936299436,2,0.5,0.2222222222222222
late,11,1,4,56,0.6730656570953786,3,0.3333333333333333,0.75
late,11,3,4,56,0.6607053702866829,1,0.0,0.25
late,12,14,1,56,0.24211061418190136,1,1.0,1.0
late,13,13,1,56,0.011283452765057574,1,0.0,1.0
late,1,1,11,57,0.48868276223936324,1,1.0,0.09090909090909091
late,1,3,11,57,0.4807905011122385,2,1.0,0.18181818181818182
late,1,5,11,57,0.44598150549188187,4,0.25,0.36363636363636365
late,1,6,11,57,0.44673538508625993,2,0.0,0.18181818181818182
late,1,13,11,57,0.22025543049280205,2,0.5,0.18181818181818182
late,2,5,3,57,0.27584272275698296,2,0.5,0.6666666666666666
late,2,14,3,57,0.11695640555059501,1,1.0,0.3333333333333333
late,3,3,8,57,0.5156883136820748,3,0.6666666666666666,0.375
late,3,5,8,57,0.4121597593769448,1,0.0,0.125
late,3,6,8,57,0.4097344756432337,1,0.0,0.125
late,3,13,8,57,0.19899368843813545,3,0.6666666666666666,0.375
late,5,1,22,57,0.5120156334215252,2,0.5,0.09090909090909091
late,5,3,22,57,0.5068656515360824,1,1.0,0.045454545454545456
late,5,5,22,57,0.4507644595573316,14,0.42857142857142855,0.6363636363636364
late,5,6,22,57,0.4504364392946061,2,0.5,0.09090909090909091
late,5,12,22,57,0.38857302288643664,1,0.0,0.045454545454545456
late,5,13,22,57,0.19416993484135991,2,0.0,0.09090909090909091
late,6,3,25,57,0.47985241277312063,3,1.0,0.12
late,6,5,25,57,0.4352131969205824,6,0.6666666666666666,0.24
late,6,6,25,57,0.4356811432378411,8,0.25,0.32
late,6,12,25,57,0.3756653401849527,2,0.0,0.08
late,6,13,25,57,0.18771694839266306,6,0.16666666666666666,0.24
late,7,5,1,57,0.5875224962132891,1,1.0,1.0
late,8,3,1,57,0.5263237016125655,1,1.0,1.0
late,9,6,1,57,0.552853092555409,1,1.0,1.0
late,10,1,16,57,0.537358414659917,3,0.6666666666666666,0.1875
late,10,3,16,57,0.5318103082194662,1,1.0,0.0625
late,10,12,16,57,0.4488696720843189,5,0.2,0.3125
late,10,13,16,57,0.28873180358985284,7,0.14285714285714285,0.4375
late,11,1,4,57,0.6290163169778789,1,0.0,0.25
late,11,5,4,57,0.593823475475894,1,1.0,0.25
late,11,7,4,57,0.5547589672707469,1,1.0,0.25
late,11,13,4,57,0.31864532442424887,1,0.0,0.25
late,12,2,39,57,0.4169340502528428,5,0.6,0.1282051282051282
late,12,3,39,57,0.42599460946498496,2,0.5,0.05128205128205128
late,12,5,39,57,0.41538024189096906,7,0.14285714285714285,0.1794871794871795
late,12,6,39,57,0.41980097767693125,1,0.0,0.02564102564102564
late,12,10,39,57,0.37090322925751446,1,1.0,0.02564102564102564
late,12,12,39,57,0.3797925457100189,19,0.2631578947368421,0.48717948717948717
late,12,13,39,57,0.2327879683596857,4,0.0,0.10256410256410256
late,13,1,19,57,0.2954411224339564,1,0.0,0.05263157894736842
late,13,3,19,57,0.2906089224840546,1,1.0,0.05263157894736842
late,13,5,19,57,0.27275951554181205,7,0.14285714285714285,0.3684210526315789
late,13,12,19,57,0.24121404914802036,2,0.5,0.10526315789473684
late,13,13,19,57,0.12148810111039113,8,0.0,0.42105263157894735
late,1,1,5,58,0.6675371987645883,1,1.0,0.2
late,1,5,5,58,0.6400205780243434,1,1.0,0.2
late,1,6,5,58,0.6400205780243434,2,1.0,0.4
late,1,13,5,58,0.40057804179692685,1,1.0,0.2
late,4,2,3,58,0.8376308582392492,1,1.0,0.3333333333333333
late,4,5,3,58,0.8256446434813517,1,1.0,0.3333333333333333
late,4,6,3,58,0.8256446434813517,1,1.0,0.3333333333333333
late,5,2,2,58,0.6403489422798733,1,1.0,0.5
late,5,6,2,58,0.5978856489327684,1,0.0,0.5
late,6,2,9,58,0.556406406318931,1,0.0,0.1111111111111111
late,6,5,9,58,0.526316541840458,3,0.0,0.3333333333333333
late,6,6,9,58,0.526316541840458,5,0.2,0.5555555555555556
late,10,2,2,58,0.6818921679718917,1,1.0,0.5
late,10,5,2,58,0.6724742840694017,1,1.0,0.5
late,11,1,1,58,0.7900512615580004,1,1.0,1.0
late,1,1,6,59,0.5451153050278744,4,1.0,0.6666666666666666
late,1,2,6,59,0.5177347713478987,1,1.0,0.16666666666666666
late,1,5,6,59,0.508195072280536,1,0.0,0.16666666666666666
late,2,1,24,59,0.5013358169706909,3,0.3333333333333333,0.125
late,2,2,24,59,0.4672634338273149,19,0.42105263157894735,0.7916666666666666
late,2,5,24,59,0.4494559863621768,1,1.0,0.041666666666666664
late,2,6,24,59,0.44907808438003505,1,0.0,0.041666666666666664
late,5,2,3,59,0.5055646488534361,2,0.0,0.6666666666666666
late,5,13,3,59,0.2008092338262392,1,0.0,0.3333333333333333
late,6,1,3,59,0.4964505738263796,1,1.0,0.3333333333333333
late,6,2,3,59,0.460046033253803,2,0.5,0.6666666666666666
late,10,1,4,59,0.5997348507144254,2,0.0,0.5
late,10,13,4,59,0.35002284847586335,2,0.5,0.5
late,11,1,2,59,0.6442729584822877,2,0.5,1.0
late,13,2,5,59,0.4413263024192296,5,0.4,1.0
late,1,1,7,61,0.7081763984450103,3,0.6666666666666666,0.42857142857142855
late,1,5,7,61,0.6800976503043371,2,1.0,0.2857142857142857
late,1,6,7,61,0.6793149467654658,1,1.0,0.14285714285714285
late,1,13,7,61,0.42806698344647126,1,0.0,0.14285714285714285
late,4,6,1,61,0.7751399316180524,1,1.0,1.0
late,6,5,3,61,0.6406847217796582,1,0.0,0.3333333333333333
late,6,6,3,61,0.6406847217796582,2,1.0,0.6666666666666666
late,7,1,1,61,0.7814080748760862,1,1.0,1.0
late,10,2,3,61,0.75670295785878,1,1.0,0.3333333333333333
late,10,13,3,61,0.5393384921380233,2,1.0,0.6666666666666666
late,11,2,1,61,0.7500247178691098,1,1.0,1.0
late,13,2,4,61,0.6168101442104246,1,1.0,0.25
late,13,5,4,61,0.6045080367349365,2,0.5,0.5
late,13,13,4,61,0.33537828839224104,1,0.0,0.25
late,1,1,25,62,0.6268031793385795,14,0.5,0.56
late,1,5,25,62,0.587861085822729,3,0.6666666666666666,0.12
late,1,6,25,62,0.5857283201234426,4,0.5,0.16
late,1,13,25,62,0.3210052568499575,4,0.5,0.16
late,2,1,4,62,0.5664626655348804,3,0.3333333333333333,0.75
late,2,2,4,62,0.541486776466076,1,0.0,0.25
late,4,1,2,62,0.7188648786711601,2,1.0,1.0
late,5,1,5,62,0.6040362522053132,3,0.6666666666666666,0.6
late,5,2,5,62,0.5725026702466522,1,0.0,0.2
late,5,5,5,62,0.5501604203951702,1,1.0,0.2
late,6,1,5,62,0.6102027129502413,2,0.5,0.4
late,6,6,5,62,0.5449211847291597,1,1.0,0.2
late,6,13,5,62,0.25800991672112994,1,0.0,0.2
late,6,14,5,62,0.2199599081067142,1,1.0,0.2
late,7,1,1,62,0.6984350126738937,1,0.0,1.0
late,10,2,3,62,0.6732428436484169,1,1.0,0.3333333333333333
late,10,13,3,62,0.42629182260651627,2,0.5,0.6666666666666666
late,11,1,11,62,0.7082931526762383,7,1.0,0.6363636363636364
late,11,2,11,62,0.6825357846582896,2,1.0,0.18181818181818182
late,11,6,11,62,0.675215479424823,1,0.0,0.09090909090909091
late,11,13,11,62,0.3773552647432119,1,0.0,0.09090909090909091
late,13,1,4,62,0.5816629365299016,3,0.3333333333333333,0.75
late,13,6,4,62,0.5475792164696802,1,1.0,0.25
late,14,1,2,62,0.5277040376844149,1,1.0,0.5
late,14,14,2,62,0.23874130160694024,1,1.0,0.5
late,1,1,7,63,0.5970334474809494,2,1.0,0.2857142857142857
late,1,2,7,63,0.5746078627710282,2,1.0,0.2857142857142857
late,1,5,7,63,0.5614504716262129,2,0.0,0.2857142857142857
late,1,13,7,63,0.29197069492893035,1,1.0,0.14285714285714285
late,2,1,5,63,0.5671842277951049,3,0.6666666666666666,0.6
late,2,5,5,63,0.5117062227219162,1,0.0,0.2
late,2,6,5,63,0.5086651949189341,1,0.0,0.2
late,5,2,1,63,0.5654851414623253,1,0.0,1.0
late,7,13,1,63,0.3983419333913588,1,1.0,1.0
late,10,1,3,63,0.6427581782656764,1,1.0,0.3333333333333333
late,10,2,3,63,0.6124271261005201,2,0.5,0.6666666666666666
late,11,1,2,63,0.6837815448613889,1,0.0,0.5
late,11,13,2,63,0.37445475704797276,1,0.0,0.5
late,13,2,2,63,0.500875007385043,1,0.0,0.5
late,13,6,2,63,0.4810374993720691,1,0.0,0.5
late,1,1,63,64,0.5506307368907692,13,0.38461538461538464,0.20634920634920634
late,1,2,63,64,0.52911644557564,3,0.6666666666666666,0.047619047619047616
late,1,3,63,64,0.5442812576778623,3,0.6666666666666666,0.047619047619047616
late,1,5,63,64,0.5070997732709206,10,0.9,0.15873015873015872
late,1,6,63,64,0.5062156626647791,20,0.6,0.31746031746031744
late,1,12,63,64,0.4499413995260005,1,1.0,0.015873015873015872
late,1,13,63,64,0.26914937689872553,13,0.3076923076923077,0.20634920634920634
late,2,1,23,64,0.49375403937896084,5,0.4,0.21739130434782608
late,2,2,23,64,0.4730051665653103,5,0.0,0.21739130434782608
late,2,5,23,64,0.43511353439148265,5,0.2,0.21739130434782608
late,2,6,23,64,0.43310313777082615,3,0.3333333333333333,0.13043478260869565
late,2,12,23,64,0.37108354964386947,1,0.0,0.043478260869565216
late,2,13,23,64,0.20984831526636255,4,0.0,0.17391304347826086
late,3,3,5,64,0.5873903615805857,3,0.3333333333333333,0.6
late,3,5,5,64,0.48805956215435425,1,1.0,0.2
late,3,6,5,64,0.485270478819786,1,0.0,0.2
late,4,5,10,64,0.6559897822064777,4,1.0,0.4
late,4,6,10,64,0.6559897822064777,5,1.0,0.5
late,4,13,10,64,0.38920238638507865,1,0.0,0.1
late,5,1,43,64,0.5167785968912549,6,0.16666666666666666,0.13953488372093023
late,5,2,43,64,0.4891761082337814,3,0.6666666666666666,0.06976744186046512
late,5,5,43,64,0.46501092675836325,13,0.38461538461538464,0.3023255813953488
late,5,6,43,64,0.464830768892993,1,1.0,0.023255813953488372
late,5,12,43,64,0.40722148571609657,2,0.0,0.046511627906976744
late,5,13,43,64,0.22071941415772933,18,0.2222222222222222,0.4186046511627907
late,6,1,97,64,0.520958250111878,3,0.6666666666666666,0.030927835051546393
late,6,2,97,64,0.4973422484785118,6,0.3333333333333333,0.061855670103092786
late,6,3,97,64,0.510102124635385,4,0.75,0.041237113402061855
late,6,5,97,64,0.4486901158952715,17,0.17647058823529413,0.17525773195876287
late,6,6,97,64,0.44881345529988226,45,0.4222222222222222,0.4639175257731959
late,6,13,97,64,0.20026589864564456,22,0.18181818181818182,0.2268041237113402
late,7,1,8,64,0.49572840149011294,1,1.0,0.125
late,7,5,8,64,0.45981181524482606,2,0.5,0.25
late,7,6,8,64,0.45981181524482606,2,0.5,0.25
late,7,13,8,64,0.2531278189699712,3,0.3333333333333333,0.375
late,8,13,1,64,0.28748367942924813,1,0.0,1.0
late,9,3,4,64,0.5730713491603399,1,0.0,0.25
late,9,5,4,64,0.5645804794064452,2,0.0,0.5
late,9,12,4,64,0.520018208779689,1,1.0,0.25
late,10,1,32,64,0.6037129889216594,3,0.6666666666666666,0.09375
late,10,2,32,64,0.582631633243111,2,1.0,0.0625
late,10,3,32,64,0.5984479376971671,1,0.0,0.03125
late,10,5,32,64,0.5590121530294515,3,0.3333333333333333,0.09375
late,10,6,32,64,0.5590121530294515,3,0.6666666666666666,0.09375
late,10,7,32,64,0.517555811203674,1,1.0,0.03125
late,10,10,32,64,0.48926758924213337,2,0.5,0.0625
late,10,12,32,64,0.5133766806138435,3,0.3333333333333333,0.09375
late,10,13,32,64,0.3421737901270871,14,0.35714285714285715,0.4375
late,11,1,20,64,0.6534524204102568,11,0.8181818181818182,0.55
late,11,5,20,64,0.6173665836228006,1,1.0,0.05
late,11,6,20,64,0.6173665836228006,1,1.0,0.05
late,11,7,20,64,0.5763139029644031,1,1.0,0.05
late,11,11,20,64,0.5504112783374303,2,0.5,0.1
late,11,13,20,64,0.33393103898001464,4,0.75,0.2
late,12,1,84,64,0.4782663789641988,4,0.75,0.047619047619047616
late,12,2,84,64,0.462154347833941,6,0.6666666666666666,0.07142857142857142
late,12,3,84,64,0.47292263465710555,4,0.5,0.047619047619047616
late,12,5,84,64,0.45481402006442917,13,0.23076923076923078,0.15476190476190477
late,12,6,84,64,0.45906468708642023,1,1.0,0.011904761904761904
late,12,9,84,64,0.4317184707756948,2,0.0,0.023809523809523808
late,12,10,84,64,0.4175437899013136,5,0.6,0.05952380952380952
late,12,12,84,64,0.425505650501577,43,0.4418604651162791,0.5119047619047619
late,12,13,84,64,0.26012423823386394,2,0.5,0.023809523809523808
late,12,14,84,64,0.21243395354163228,4,0.25,0.047619047619047616
late,13,1,69,64,0.4748619769219737,2,0.5,0.028985507246376812
late,13,2,69,64,0.46236086556397465,7,0.0,0.10144927536231885
late,13,5,69,64,0.43548707002630854,5,0.6,0.07246376811594203
late,13,6,69,64,0.43548707002630854,21,0.47619047619047616,0.30434782608695654
late,13,13,69,64,0.21610688103277587,34,0.14705882352941177,0.4927536231884058
late,14,5,2,64,0.21908638087488158,1,0.0,0.5
late,14,13,2,64,0.12337038458148367,1,0.0,0.5
late,1,1,9,65,0.5978494639293352,6,0.6666666666666666,0.6666666666666666
late,1,2,9,65,0.5865277869298399,1,0.0,0.1111111111111111
late,1,13,9,65,0.355969847289912,2,0.5,0.2222222222222222
late,2,1,6,65,0.7137818865262323,1,1.0,0.16666666666666666
late,2,2,6,65,0.6955255143779769,4,0.5,0.6666666666666666
late,2,13,6,65,0.4037530257461767,1,1.0,0.16666666666666666
late,4,13,1,65,0.5946080315997214,1,1.0,1.0
late,5,2,1,65,0.6919114487092768,1,1.0,1.0
late,6,13,1,65,0.46498046093222145,1,0.0,1.0
late,10,1,1,65,0.8252265919179931,1,1.0,1.0
late,13,2,3,65,0.6787045004696735,1,1.0,0.3333333333333333
late,13,13,3,65,0.36591031697870574,2,0.5,0.6666666666666666
late,14,14,1,65,0.35074564482561654,1,1.0,1.0
late,1,1,35,66,0.5308560537583128,20,0.5,0.5714285714285714
late,1,3,35,66,0.5366891058509707,3,0.6666666666666666,0.08571428571428572
late,1,5,35,66,0.484213301436778,2,0.0,0.05714285714285714
late,1,6,35,66,0.4840338683474372,2,0.5,0.05714285714285714
late,1,10,35,66,0.4165764027503216,4,0.75,0.11428571428571428
late,1,11,35,66,0.41079076303511164,3,0.6666666666666666,0.08571428571428572
late,1,13,35,66,0.227327127140796,1,0.0,0.02857142857142857
late,2,6,1,66,0.4607013539538658,1,1.0,1.0
late,5,3,1,66,0.5905596055244388,1,1.0,1.0
late,7,10,1,66,0.5071294666144937,1,1.0,1.0
late,10,1,13,66,0.5827521580824099,10,0.1,0.7692307692307693
late,10,5,13,66,0.5435039309203579,1,0.0,0.07692307692307693
late,10,10,13,66,0.48652677237098413,1,0.0,0.07692307692307693
late,10,13,13,66,0.2925094019689751,1,0.0,0.07692307692307693
late,11,1,7,66,0.6234920887880807,6,0.5,0.8571428571428571
late,11,5,7,66,0.5857560179545506,1,1.0,0.14285714285714285
late,13,1,2,66,0.4607303231776083,1,1.0,0.5
late,13,13,2,66,0.20575358726939078,1,1.0,0.5
late,1,1,11,67,0.6496306279598522,4,0.75,0.36363636363636365
late,1,2,11,67,0.6329032235999409,4,0.5,0.36363636363636365
late,1,3,11,67,0.6574020721060488,1,1.0,0.09090909090909091
late,1,10,11,67,0.5616679851113974,1,1.0,0.09090909090909091
late,1,13,11,67,0.35516362269323026,1,1.0,0.09090909090909091
late,2,1,19,67,0.5874012345149138,2,1.0,0.10526315789473684
late,2,2,19,67,0.5699680915529048,16,0.5,0.8421052631578947
late,2,13,19,67,0.3079659013562792,1,1.0,0.05263157894736842
late,5,2,4,67,0.4975567154733771,3,1.0,0.75
late,5,13,4,67,0.267514185494169,1,0.0,0.25
late,6,2,3,67,0.6780830198417522,2,0.5,0.6666666666666666
late,6,3,3,67,0.7039811426415898,1,1.0,0.3333333333333333
late,10,2,3,67,0.7182074355628737,1,1.0,0.3333333333333333
late,10,6,3,67,0.7184922612993622,1,0.0,0.3333333333333333
late,10,13,3,67,0.5382709281606064,1,1.0,0.3333333333333333
late,11,2,1,67,0.7498844837879072,1,1.0,1.0
late,12,2,1,67,0.6435181588474379,1,0.0,1.0
late,1,1,15,68,0.5240182618708787,9,0.3333333333333333,0.6
late,1,10,15,68,0.41197627148428406,2,1.0,0.13333333333333333
late,1,11,15,68,0.39297915068769623,2,0.0,0.13333333333333333
late,1,13,15,68,0.21180981658354617,2,0.0,0.13333333333333333
late,2,1,2,68,0.49824849101348423,1,1.0,0.5
late,2,3,2,68,0.5135907941115248,1,0.0,0.5
late,3,3,1,68,0.5802915151666117,1,1.0,1.0
late,10,1,3,68,0.5654451518591839,1,1.0,0.3333333333333333
late,10,2,3,68,0.5369737356656623,1,0.0,0.3333333333333333
late,10,13,3,68,0.275821976684893,1,0.0,0.3333333333333333
late,11,1,2,68,0.5870183412340755,2,1.0,1.0
late,13,1,4,68,0.3395244170505646,2,0.0,0.5
late,13,13,4,68,0.12500837650114635,2,0.0,0.5
late,1,1,27,69,0.5975065776760238,9,0.5555555555555556,0.3333333333333333
late,1,2,27,69,0.57247430038454,3,1.0,0.1111111111111111
late,1,3,27,69,0.5838683760257573,2,1.0,0.07407407407407407
late,1,5,27,69,0.5633593813008188,5,0.6,0.18518518518518517
late,1,6,27,69,0.5630079698276599,4,0.5,0.14814814814814814
late,1,13,27,69,0.3191632395606734,4,0.0,0.14814814814814814
late,2,1,36,69,0.5615339819113703,7,0.42857142857142855,0.19444444444444445
late,2,2,36,69,0.5298218638921225,20,0.55,0.5555555555555556
late,2,5,36,69,0.5131244651405086,1,1.0,0.027777777777777776
late,2,6,36,69,0.5135010227594461,2,0.5,0.05555555555555555
late,2,13,36,69,0.2846885805038231,5,0.6,0.1388888888888889
late,2,14,36,69,0.2611791209262946,1,1.0,0.027777777777777776
late,3,5,1,69,0.5496775894096785,1,0.0,1.0
late,4,1,2,69,0.8151866784306607,1,0.0,0.5
late,4,6,2,69,0.7643965412421161,1,0.0,0.5
late,5,1,23,69,0.5927853191819906,4,0.5,0.17391304347826086
late,5,2,23,69,0.5603526265307656,3,1.0,0.13043478260869565
late,5,5,23,69,0.548923893798707,9,0.6666666666666666,0.391304347826087
late,5,6,23,69,0.5485251734315119,5,0.6,0.21739130434782608
late,5,13,23,69,0.28300791676949755,2,0.0,0.08695652173913043
late,6,1,40,69,0.6288772670242664,1,1.0,0.025
late,6,2,40,69,0.6036610444466366,4,0.75,0.1
late,6,3,40,69,0.6168475820693857,2,1.0,0.05
late,6,5,40,69,0.5524439701332937,7,0.5714285714285714,0.175
late,6,6,40,69,0.5518194732007506,23,0.6521739130434783,0.575
late,6,13,40,69,0.2708637516063279,3,0.3333333333333333,0.075
late,7,2,2,69,0.7165509889175607,1,0.0,0.5
late,7,6,2,69,0.6832926437249902,1,0.0,0.5
late,10,1,30,69,0.6809305911558029,3,1.0,0.1
late,10,2,30,69,0.6553651257725336,5,0.4,0.16666666666666666
late,10,5,30,69,0.6482634787650989,4,0.25,0.13333333333333333
late,10,6,30,69,0.6482634787650989,4,0.5,0.13333333333333333
late,10,10,30,69,0.5779737069085584,2,0.0,0.06666666666666667
late,10,11,30,69,0.5805572932929987,1,1.0,0.03333333333333333
late,10,13,30,69,0.4306972688316105,11,0.2727272727272727,0.36666666666666664
late,11,1,6,69,0.7370141816133392,6,0.8333333333333334,1.0
late,13,1,41,69,0.5511838202059756,5,0.2,0.12195121951219512
late,13,2,41,69,0.5345409156768106,10,0.3,0.24390243902439024
late,13,5,41,69,0.5150102812563933,5,0.4,0.12195121951219512
late,13,13,41,69,0.27536194041272316,21,0.38095238095238093,0.5121951219512195
late,1,1,74,70,0.6175343711262966,28,0.75,0.3783783783783784
late,1,2,74,70,0.5971247052566032,14,0.5714285714285714,0.1891891891891892
late,1,5,74,70,0.5780824354497942,6,0.8333333333333334,0.08108108108108109
late,1,6,74,70,0.5769128540753014,10,0.7,0.13513513513513514
late,1,12,74,70,0.5152364303340249,1,1.0,0.013513513513513514
late,1,13,74,70,0.3200021865795796,13,0.23076923076923078,0.17567567567567569
late,1,14,74,70,0.2874259226409555,2,0.5,0.02702702702702703
late,2,1,56,70,0.47453166234979494,6,0.3333333333333333,0.10714285714285714
late,2,2,56,70,0.4564553010154397,40,0.475,0.7142857142857143
late,2,5,56,70,0.43590751260367355,4,0.5,0.07142857142857142
late,2,6,56,70,0.43422404988753394,2,0.5,0.03571428571428571
late,2,13,56,70,0.2296306464639986,3,0.6666666666666666,0.05357142857142857
late,2,14,56,70,0.21120084883542997,1,0.0,0.017857142857142856
late,4,1,18,70,0.7235278731627987,3,1.0,0.16666666666666666
late,4,2,18,70,0.7044042874687526,1,1.0,0.05555555555555555
late,4,5,18,70,0.6751306996308268,6,0.3333333333333333,0.3333333333333333
late,4,6,18,70,0.6751306996308268,6,0.8333333333333334,0.3333333333333333
late,4,13,18,70,0.41533437916785415,2,1.0,0.1111111111111111
late,5,1,39,70,0.5344656120125242,1,1.0,0.02564102564102564
late,5,2,39,70,0.5104374997962992,13,0.5384615384615384,0.3333333333333333
late,5,5,39,70,0.4832459568761153,14,0.42857142857142855,0.358974358974359
late,5,6,39,70,0.48339532643073796,2,0.0,0.05128205128205128
late,5,13,39,70,0.24111177023030778,8,0.125,0.20512820512820512
late,5,14,39,70,0.218451704881237,1,0.0,0.02564102564102564
late,6,1,41,70,0.5874580120968501,4,0.75,0.0975609756097561
late,6,2,41,70,0.5618708763012558,16,0.5625,0.3902439024390244
late,6,5,41,70,0.5255225562571736,2,1.0,0.04878048780487805
late,6,6,41,70,0.5258106695472772,12,0.6666666666666666,0.2926829268292683
late,6,13,41,70,0.2554766468274661,7,0.14285714285714285,0.17073170731707318
late,7,1,5,70,0.7350120496657181,3,1.0,0.6
late,7,6,5,70,0.6949628285838756,2,0.5,0.4
late,9,1,1,70,0.6818187068607,1,0.0,1.0
late,10,1,31,70,0.6547854672729116,3,0.6666666666666666,0.0967741935483871
late,10,2,31,70,0.6335969920830951,13,0.46153846153846156,0.41935483870967744
late,10,5,31,70,0.6153609298452215,3,1.0,0.0967741935483871
late,10,6,31,70,0.6153609298452215,2,0.5,0.06451612903225806
late,10,13,31,70,0.4069061911433621,10,0.3,0.3225806451612903
late,11,1,47,70,0.6499134683202549,16,0.6875,0.3404255319148936
late,11,2,47,70,0.6288355558517953,7,0.42857142857142855,0.14893617021276595
late,11,4,47,70,0.6447291464103513,2,1.0,0.0425531914893617
late,11,5,47,70,0.6213943962505869,6,0.6666666666666666,0.1276595744680851
late,11,6,47,70,0.6213943962505869,3,0.6666666666666666,0.06382978723404255
late,11,10,47,70,0.5633010382859953,2,0.0,0.0425531914893617
late,11,11,47,70,0.5672616791258073,3,0.6666666666666666,0.06382978723404255
late,11,13,47,70,0.36895954925453456,8,0.375,0.1702127659574468
late,12,1,1,70,0.6083612409769737,1,0.0,1.0
late,13,1,46,70,0.5592386728359029,2,0.5,0.043478260869565216
late,13,2,46,70,0.5441552976738279,10,0.6,0.21739130434782608
late,13,5,46,70,0.5192803578793601,7,0.42857142857142855,0.15217391304347827
late,13,6,46,70,0.519281523311629,11,0.6363636363636364,0.2391304347826087
late,13,13,46,70,0.27601134037060066,13,0.3076923076923077,0.2826086956521739
late,13,14,46,70,0.24843175455245098,3,0.0,0.06521739130434782
late,14,2,9,70,0.5158499381221255,4,0.25,0.4444444444444444
late,14,14,9,70,0.2709566959016204,5,0.0,0.5555555555555556
late,1,1,10,71,0.5767189693604472,3,0.3333333333333333,0.3
late,1,3,10,71,0.5678106916876662,1,1.0,0.1
late,1,5,10,71,0.5385702029964042,3,0.0,0.3
late,1,6,10,71,0.5373914128268639,2,0.5,0.2
late,1,13,10,71,0.3067756923335433,1,0.0,0.1
late,2,1,4,71,0.6092704938495357,1,1.0,0.25
late,2,2,4,71,0.5912397128200968,1,1.0,0.25
late,2,6,4,71,0.5365357021526314,1,1.0,0.25
late,2,13,4,71,0.2928650283494673,1,0.0,0.25
late,4,6,3,71,0.7015213691373403,3,1.0,1.0
late,5,5,2,71,0.5657642821747014,1,1.0,0.5
late,5,6,2,71,0.5627339974796479,1,1.0,0.5
late,6,1,18,71,0.5767659297071784,4,0.75,0.2222222222222222
late,6,2,18,71,0.5480792216074869,1,0.0,0.05555555555555555
late,6,5,18,71,0.52233599006479,6,0.5,0.3333333333333333
late,6,6,18,71,0.52233599006479,7,0.2857142857142857,0.3888888888888889
late,10,2,2,71,0.6471607321337959,2,0.5,1.0
late,11,1,3,71,0.7328470056257897,1,1.0,0.3333333333333333
late,11,2,3,71,0.7072160504942157,1,1.0,0.3333333333333333
late,11,10,3,71,0.6338774411837708,1,1.0,0.3333333333333333
late,13,2,3,71,0.5338040592245883,1,0.0,0.3333333333333333
late,13,5,3,71,0.5199244589803383,1,1.0,0.3333333333333333
late,13,13,3,71,0.2776740577787347,1,0.0,0.3333333333333333
late,1,1,125,72,0.6004083798306119,69,0.6521739130434783,0.552
late,1,2,125,72,0.5785421712716863,27,0.4444444444444444,0.216
late,1,3,125,72,0.5995017432057121,2,1.0,0.016
late,1,5,125,72,0.5628153477977865,3,0.3333333333333333,0.024
late,1,6,125,72,0.5618237045889728,9,0.4444444444444444,0.072
late,1,10,125,72,0.5053716871668251,1,0.0,0.008
late,1,13,125,72,0.3018432840174409,12,0.0,0.096
late,1,14,125,72,0.27111825776074283,2,0.0,0.016
late,2,1,58,72,0.5761200730304682,18,0.7777777777777778,0.3103448275862069
late,2,2,58,72,0.5507468780879071,24,0.5416666666666666,0.41379310344827586
late,2,5,58,72,0.5239996744999054,2,1.0,0.034482758620689655
late,2,6,58,72,0.5221439821433983,6,0.16666666666666666,0.10344827586206896
late,2,13,58,72,0.2824923183728582,5,0.2,0.08620689655172414
late,2,14,58,72,0.2592317312940398,3,0.3333333333333333,0.05172413793103448
late,4,1,18,72,0.7351946341760426,10,1.0,0.5555555555555556
late,4,2,18,72,0.7082240900354477,2,1.0,0.1111111111111111
late,4,3,18,72,0.716511094614799,1,1.0,0.05555555555555555
late,4,5,18,72,0.682928053585083,2,1.0,0.1111111111111111
late,4,6,18,72,0.6853485885773432,1,0.0,0.05555555555555555
late,4,13,18,72,0.4050969323380211,1,1.0,0.05555555555555555
late,4,14,18,72,0.3735881431773334,1,1.0,0.05555555555555555
late,5,1,27,72,0.49478078866371916,8,0.75,0.2962962962962963
late,5,2,27,72,0.4698892057440724,4,0.5,0.14814814814814814
late,5,5,27,72,0.4526787884169924,5,0.2,0.18518518518518517
late,5,6,27,72,0.4524527602882165,5,0.4,0.18518518518518517
late,5,13,27,72,0.2307273523194734,5,0.0,0.18518518518518517
late,6,1,45,72,0.600614687909907,15,0.7333333333333333,0.3333333333333333
late,6,2,45,72,0.5725783139293833,7,0.7142857142857143,0.15555555555555556
late,6,4,45,72,0.5836755484673223,1,0.0,0.022222222222222223
late,6,5,45,72,0.5327958542146729,1,1.0,0.022222222222222223
late,6,6,45,72,0.5342349452201768,12,0.4166666666666667,0.26666666666666666
late,6,13,45,72,0.25124440423994093,6,0.16666666666666666,0.13333333333333333
late,6,14,45,72,0.22092216165802114,3,0.0,0.06666666666666667
late,7,1,5,72,0.7227741296638661,2,1.0,0.4
late,7,2,5,72,0.705327137811841,1,0.0,0.2
late,7,6,5,72,0.681772667753837,2,0.5,0.4
late,10,1,40,72,0.6878717172144897,5,1.0,0.125
late,10,2,40,72,0.6660649703602252,14,0.8571428571428571,0.35
late,10,3,40,72,0.6847942291898479,1,1.0,0.025
late,10,5,40,72,0.6460266008718175,4,0.5,0.1
late,10,6,40,72,0.6460266008718175,7,0.42857142857142855,0.175
late,10,10,40,72,0.5903322764646826,1,1.0,0.025
late,10,13,40,72,0.4163949179222768,7,0.42857142857142855,0.175
late,10,14,40,72,0.3497764413064277,1,1.0,0.025
late,11,1,49,72,0.7048224311095748,17,0.8235294117647058,0.3469387755102041
late,11,2,49,72,0.6806465167764438,8,0.875,0.16326530612244897
late,11,4,49,72,0.697820856462564,1,1.0,0.02040816326530612
late,11,5,49,72,0.6735276023414131,2,0.5,0.04081632653061224
late,11,6,49,72,0.6735276023414131,2,0.5,0.04081632653061224
late,11,7,49,72,0.6374520299494671,1,1.0,0.02040816326530612
late,11,10,49,72,0.606824588852684,3,1.0,0.061224489795918366
late,11,11,49,72,0.6118258479260821,8,0.75,0.16326530612244897
late,11,13,49,72,0.3728063205634124,6,0.16666666666666666,0.12244897959183673
late,11,14,49,72,0.291991287398427,1,0.0,0.02040816326530612
late,13,1,45,72,0.5144717463303946,5,0.6,0.1111111111111111
late,13,2,45,72,0.49674692230594153,16,0.375,0.35555555555555557
late,13,5,45,72,0.48046254074301176,3,0.6666666666666666,0.06666666666666667
late,13,6,45,72,0.48046254074301176,3,0.3333333333333333,0.06666666666666667
late,13,13,45,72,0.22550264260914593,14,0.42857142857142855,0.3111111111111111
late,13,14,45,72,0.20184734753022807,4,0.0,0.08888888888888889
late,14,2,4,72,0.49747126808536724,2,0.0,0.5
late,14,14,4,72,0.24310370339967238,2,0.0,0.5
late,1,1,16,73,0.6550587814206452,8,0.5,0.5
late,1,5,16,73,0.6206066398491819,4,0.5,0.25
late,1,6,16,73,0.6187918198893941,1,1.0,0.0625
late,1,13,16,73,0.36685033808233436,2,0.0,0.125
late,1,14,16,73,0.33153545290915315,1,0.0,0.0625
late,2,1,5,73,0.619044730951124,2,0.5,0.4
late,2,2,5,73,0.5950284869596566,1,1.0,0.2
late,2,6,5,73,0.5630692503056671,2,1.0,0.4
late,4,1,2,73,0.7523909301342985,1,1.0,0.5
late,4,5,2,73,0.7103411364897675,1,1.0,0.5
late,5,1,9,73,0.6434048917045474,1,1.0,0.1111111111111111
late,5,5,9,73,0.5942632195561566,2,0.5,0.2222222222222222
late,5,13,9,73,0.3301035991503143,6,0.0,0.6666666666666666
late,6,2,10,73,0.6142513493584317,2,1.0,0.2
late,6,5,10,73,0.5855522586325635,1,0.0,0.1
late,6,6,10,73,0.5855522586325635,2,0.5,0.2
late,6,13,10,73,0.30856502862172336,5,0.2,0.5
late,7,6,5,73,0.7236297270063264,3,0.6666666666666666,0.6
late,7,13,5,73,0.5161465375012269,2,0.0,0.4
late,10,1,16,73,0.713826046635786,5,1.0,0.3125
late,10,2,16,73,0.6890385990891582,2,1.0,0.125
late,10,5,16,73,0.6782817491283691,3,1.0,0.1875
late,10,13,16,73,0.4678981138738393,6,0.8333333333333334,0.375
late,11,1,7,73,0.7483612796164733,3,1.0,0.42857142857142855
late,11,7,7,73,0.683238995353589,2,1.0,0.2857142857142857
late,11,10,7,73,0.6561359871606347,1,1.0,0.14285714285714285
late,11,13,7,73,0.45222263697007065,1,1.0,0.14285714285714285
late,13,1,25,73,0.5978640942015276,1,1.0,0.04
late,13,2,25,73,0.5847909814258085,2,0.5,0.08
late,13,5,25,73,0.5607266859236208,4,0.5,0.16
late,13,6,25,73,0.5607266859236208,7,0.42857142857142855,0.28
late,13,12,25,73,0.508014249075582,1,0.0,0.04
late,13,13,25,73,0.3180298476983121,10,0.4,0.4
late,1,1,13,74,0.49559846730019264,4,0.75,0.3076923076923077
late,1,2,13,74,0.47837435832155106,3,0.3333333333333333,0.23076923076923078
late,1,5,13,74,0.4589194546762115,1,0.0,0.07692307692307693
late,1,6,13,74,0.45909437260793323,2,0.5,0.15384615384615385
late,1,13,13,74,0.23247102732019592,3,0.0,0.23076923076923078
late,2,1,13,74,0.5124032992443361,2,0.5,0.15384615384615385
late,2,2,13,74,0.4920403637374146,6,0.3333333333333333,0.46153846153846156
late,2,6,13,74,0.4551781527566666,2,0.5,0.15384615384615385
late,2,13,13,74,0.23595871314396655,3,0.3333333333333333,0.23076923076923078
late,4,1,5,74,0.7111618047164371,1,1.0,0.2
late,4,5,5,74,0.6544369752824336,1,1.0,0.2
late,4,6,5,74,0.6544369752824336,3,0.6666666666666666,0.6
late,6,2,18,74,0.5355300408034487,5,0.0,0.2777777777777778
late,6,3,18,74,0.5480843353284256,1,1.0,0.05555555555555555
late,6,5,18,74,0.48538044177554873,1,0.0,0.05555555555555555
late,6,6,18,74,0.48538044177554873,4,0.0,0.2222222222222222
late,6,13,18,74,0.23051101725492595,7,0.5714285714285714,0.3888888888888889
late,7,2,4,74,0.4953403062932261,2,0.0,0.5
late,7,5,4,74,0.4813992676144577,1,1.0,0.25
late,7,6,4,74,0.4813992676144577,1,0.0,0.25
late,10,1,14,74,0.6145383038092467,2,0.5,0.14285714285714285
late,10,2,14,74,0.591271785738955,3,0.0,0.21428571428571427
late,10,4,14,74,0.6120756981492906,3,1.0,0.21428571428571427
late,10,6,14,74,0.5719326315113836,1,1.0,0.07142857142857142
late,10,7,14,74,0.5303789979633133,1,0.0,0.07142857142857142
late,10,13,14,74,0.34107600860700077,4,0.5,0.2857142857142857
late,11,1,6,74,0.6847170131671948,1,0.0,0.16666666666666666
late,11,2,6,74,0.6576970822255049,1,1.0,0.16666666666666666
late,11,6,6,74,0.6526958394776233,1,0.0,0.16666666666666666
late,11,7,6,74,0.6106550708412621,2,1.0,0.3333333333333333
late,11,13,6,74,0.367396918472803,1,1.0,0.16666666666666666
late,13,1,13,74,0.44859122376750116,1,1.0,0.07692307692307693
late,13,2,13,74,0.43807112380911717,2,0.0,0.15384615384615385
late,13,3,13,74,0.44791044600939933,2,0.5,0.15384615384615385
late,13,5,13,74,0.4153085347875575,1,1.0,0.07692307692307693
late,13,6,13,74,0.4153114496147538,1,0.0,0.07692307692307693
late,13,13,13,74,0.20372077020230003,6,0.3333333333333333,0.46153846153846156
late,3,3,3,75,0.6922597300714806,1,0.0,0.3333333333333333
late,3,5,3,75,0.6048143084424628,1,1.0,0.3333333333333333
late,3,11,3,75,0.520497222713917,1,0.0,0.3333333333333333
late,9,12,1,75,0.6396464471895341,1,0.0,1.0
late,10,3,10,75,0.7132609422205123,2,1.0,0.2
late,10,5,10,75,0.6926668295304012,1,0.0,0.1
late,10,10,10,75,0.6379285573300812,2,1.0,0.2
late,10,12,10,75,0.6435091658785679,5,0.8,0.5
late,12,1,6,75,0.6129458948955931,1,0.0,0.16666666666666666
late,12,3,6,75,0.6097700770187335,1,1.0,0.16666666666666666
late,12,10,6,75,0.5454719317188713,2,1.0,0.3333333333333333
late,12,12,6,75,0.5517001183345566,1,1.0,0.16666666666666666
late,12,14,6,75,0.3245312951376127,1,0.0,0.16666666666666666
late,1,1,61,76,0.5709308945635047,38,0.6578947368421053,0.6229508196721312
late,1,2,61,76,0.5442745162345264,1,0.0,0.01639344262295082
late,1,5,61,76,0.5390607745594151,6,0.6666666666666666,0.09836065573770492
late,1,6,61,76,0.5374247986366536,3,0.3333333333333333,0.04918032786885246
late,1,10,61,76,0.47231777513737905,1,0.0,0.01639344262295082
late,1,12,61,76,0.49049236462614726,1,0.0,0.01639344262295082
late,1,13,61,76,0.29157393721798475,11,0.18181818181818182,0.18032786885245902
late,2,1,2,76,0.5421131506741246,2,0.5,1.0
late,4,1,3,76,0.6803737125514315,1,1.0,0.3333333333333333
late,4,5,3,76,0.6390959432302012,1,0.0,0.3333333333333333
late,4,13,3,76,0.37531589060718,1,1.0,0.3333333333333333
late,5,1,8,76,0.5463447536969585,8,0.5,1.0
late,6,1,5,76,0.5509007430263398,1,1.0,0.2
late,6,2,5,76,0.5184622002236372,1,1.0,0.2
late,6,5,5,76,0.4942472734106283,1,1.0,0.2
late,6,13,5,76,0.22200550394216867,2,0.0,0.4
late,10,5,12,76,0.6056054275104197,1,0.0,0.08333333333333333
late,10,6,12,76,0.6056054275104197,4,0.75,0.3333333333333333
late,10,13,12,76,0.424378267472455,7,0.42857142857142855,0.5833333333333334
late,11,1,1,76,0.7144841785036419,1,0.0,1.0
late,13,1,10,76,0.5035941803007653,4,0.25,0.4
late,13,5,10,76,0.46528167890403643,2,0.0,0.2
late,13,6,10,76,0.46528167890403643,1,0.0,0.1
late,13,13,10,76,0.23595515723249316,3,0.0,0.3
late,1,1,1,77,0.5632515712219031,1,0.0,1.0
late,2,1,2,77,0.5317683532797225,1,0.0,0.5
late,2,12,2,77,0.43366882490727493,1,0.0,0.5
late,12,1,14,77,0.5036871957332358,1,1.0,0.07142857142857142
late,12,2,14,77,0.4862419904754309,2,0.0,0.14285714285714285
late,12,10,14,77,0.43822286748468464,1,1.0,0.07142857142857142
late,12,11,14,77,0.43958294475368137,1,0.0,0.07142857142857142
late,12,12,14,77,0.45057626130468603,7,0.5714285714285714,0.5
late,12,13,14,77,0.29517620011672824,2,0.5,0.14285714285714285
late,13,10,1,77,0.40422532839005054,1,0.0,1.0
late,1,1,33,78,0.631829770577355,21,0.42857142857142855,0.6363636363636364
late,1,3,33,78,0.6313668336896386,7,0.7142857142857143,0.21212121212121213
late,1,5,33,78,0.5896010759480839,1,1.0,0.030303030303030304
late,1,10,33,78,0.5258406482844901,2,1.0,0.06060606060606061
late,1,11,33,78,0.5194466288079956,2,1.0,0.06060606060606061
late,3,3,4,78,0.6888462395976835,4,0.75,1.0
late,6,1,4,78,0.5986099724112794,3,0.6666666666666666,0.75
late,6,3,4,78,0.5800994358419839,1,1.0,0.25
late,7,3,2,78,0.7332524268121485,1,1.0,0.5
late,7,10,2,78,0.6051766728179195,1,1.0,0.5
late,8,1,1,78,0.6523703131945684,1,0.0,1.0
late,10,1,15,78,0.6875445716784475,5,0.6,0.3333333333333333
late,10,3,15,78,0.6673870038355391,6,0.8333333333333334,0.4
late,10,5,15,78,0.6592111418006521,1,0.0,0.06666666666666667
late,10,11,15,78,0.5984561625563617,1,0.0,0.06666666666666667
late,10,13,15,78,0.42912761045990383,2,0.5,0.13333333333333333
late,11,3,2,78,0.7121378037409456,1,1.0,0.5
late,11,5,2,78,0.6918418398470829,1,1.0,0.5
late,13,13,1,78,0.23694533858000988,1,0.0,1.0
late,5,5,2,79,0.5876647910203104,1,0.0,0.5
late,5,13,2,79,0.29709290689176493,1,0.0,0.5
late,9,12,1,79,0.6573571754525115,1,1.0,1.0
late,10,10,2,79,0.6580967994332041,1,1.0,0.5
late,10,12,2,79,0.6610033778396438,1,1.0,0.5
late,11,10,1,79,0.6890447579738262,1,1.0,1.0
late,12,3,10,79,0.6244242312219357,1,0.0,0.1
late,12,9,10,79,0.5799787716655858,2,1.0,0.2
late,12,10,10,79,0.5591395957796033,3,0.6666666666666666,0.3
late,12,12,10,79,0.5634493947819038,4,0.75,0.4
late,1,1,14,80,0.5104664411758296,12,0.5,0.8571428571428571
late,1,6,14,80,0.47498283002638,2,0.0,0.14285714285714285
late,2,1,2,80,0.497834576009223,2,0.5,1.0
late,5,1,2,80,0.5618880860298971,1,1.0,0.5
late,5,5,2,80,0.5099919056171541,1,1.0,0.5
late,6,1,4,80,0.5555464532739954,3,0.6666666666666666,0.75
late,6,6,4,80,0.47900721922918016,1,1.0,0.25
late,7,6,1,80,0.6257490079523016,1,1.0,1.0
late,11,1,1,80,0.6806281564722819,1,0.0,1.0
late,13,2,4,80,0.4761662514822612,1,1.0,0.25
late,13,6,4,80,0.44594307784017884,2,0.0,0.5
late,13,13,4,80,0.2018405207738826,1,0.0,0.25
late,1,1,23,81,0.5750507396540901,6,0.6666666666666666,0.2608695652173913
late,1,2,23,81,0.5516305579368699,10,0.8,0.43478260869565216
late,1,5,23,81,0.5423796671912288,1,1.0,0.043478260869565216
late,1,6,23,81,0.5401679615376752,2,0.5,0.08695652173913043
late,1,13,23,81,0.30062153311898987,4,0.25,0.17391304347826086
late,2,1,19,81,0.5220950742538354,3,0.3333333333333333,0.15789473684210525
late,2,2,19,81,0.49076530735944085,15,0.4666666666666667,0.7894736842105263
late,2,13,19,81,0.25898197720417143,1,0.0,0.05263157894736842
late,4,1,2,81,0.706709952762006,1,1.0,0.5
late,4,2,2,81,0.6735162957644143,1,0.0,0.5
late,5,2,3,81,0.5634064443468697,1,0.0,0.3333333333333333
late,5,6,3,81,0.5385150368344974,1,0.0,0.3333333333333333
late,5,13,3,81,0.2878045999692135,1,1.0,0.3333333333333333
late,7,2,4,81,0.663673102061832,3,1.0,0.75
late,7,5,4,81,0.6589600090282937,1,0.0,0.25
late,10,1,10,81,0.6606649195084632,4,0.0,0.4
late,10,2,10,81,0.6335754497894166,3,0.6666666666666666,0.3
late,10,7,10,81,0.594085700577722,1,1.0,0.1
late,10,13,10,81,0.4054708684567213,2,0.5,0.2
late,11,1,1,81,0.6993261090058132,1,1.0,1.0
late,13,2,4,81,0.3861685780891071,2,0.5,0.5
late,13,5,4,81,0.3755276200908847,1,0.0,0.25
late,13,13,4,81,0.19699275396379493,1,0.0,0.25
late,1,1,51,82,0.44902219714314273,4,0.25,0.0784313725490196
late,1,3,51,82,0.44969065722912643,18,0.3888888888888889,0.35294117647058826
late,1,5,51,82,0.3971670826784804,3,0.3333333333333333,0.058823529411764705
late,1,6,51,82,0.3968119831719069,3,0.0,0.058823529411764705
late,1,10,51,82,0.32083907024528263,11,0.36363636363636365,0.21568627450980393
late,1,11,51,82,0.32129604381569205,8,0.375,0.1568627450980392
late,1,13,51,82,0.17962792839066993,4,0.0,0.0784313725490196
late,2,3,1,82,0.4372528744619537,1,0.0,1.0
late,3,3,15,82,0.48184281866055656,8,0.625,0.5333333333333333
late,3,6,15,82,0.3758654436174497,2,0.5,0.13333333333333333
late,3,11,15,82,0.28711346409041244,2,0.5,0.13333333333333333
late,3,13,15,82,0.1569784553563596,2,0.0,0.13333333333333333
late,3,14,15,82,0.13250574443073795,1,0.0,0.06666666666666667
late,4,3,2,82,0.5265056838027765,1,1.0,0.5
late,4,10,2,82,0.42527863305372215,1,0.0,0.5
late,5,1,15,82,0.3908132878762634,2,0.0,0.13333333333333333
late,5,3,15,82,0.3808088553299832,1,0.0,0.06666666666666667
late,5,5,15,82,0.33987042850728905,3,0.6666666666666666,0.2
late,5,6,15,82,0.3416411857660764,2,0.0,0.13333333333333333
late,5,9,15,82,0.2951868503237389,1,1.0,0.06666666666666667
late,5,10,15,82,0.27455821350694654,2,0.5,0.13333333333333333
late,5,12,15,82,0.2838264718816769,1,1.0,0.06666666666666667
late,5,13,15,82,0.134219895302344,2,0.0,0.13333333333333333
late,5,14,15,82,0.11810300155227292,1,0.0,0.06666666666666667
late,6,1,6,82,0.4144396873462081,1,1.0,0.16666666666666666
late,6,5,6,82,0.3612205242217106,1,0.0,0.16666666666666666
late,6,10,6,82,0.29235974077782145,2,1.0,0.3333333333333333
late,6,13,6,82,0.1343692892371716,2,0.5,0.3333333333333333
late,7,1,4,82,0.5536756503166601,1,1.0,0.25
late,7,3,4,82,0.5613541697682044,1,1.0,0.25
late,7,10,4,82,0.3985661686795027,1,1.0,0.25
late,7,13,4,82,0.18489242538480838,1,1.0,0.25
late,10,1,128,82,0.4574202068993206,28,0.42857142857142855,0.21875
late,10,2,128,82,0.43263814206903284,1,1.0,0.0078125
late,10,3,128,82,0.43697822257240415,21,0.42857142857142855,0.1640625
late,10,5,128,82,0.42900775818049564,17,0.17647058823529413,0.1328125
late,10,6,128,82,0.42900775818049564,3,0.0,0.0234375
late,10,9,128,82,0.39549355797597274,1,0.0,0.0078125
late,10,10,128,82,0.3753892819488181,45,0.4444444444444444,0.3515625
late,10,12,128,82,0.3850969635163793,1,1.0,0.0078125
late,10,13,128,82,0.21998309874658833,9,0.0,0.0703125
late,10,14,128,82,0.16814388481798695,2,0.0,0.015625
late,11,1,10,82,0.5450578094126123,2,0.5,0.2
late,11,3,10,82,0.5310417762910975,2,0.5,0.2
late,11,10,10,82,0.44203094896923467,5,0.4,0.5
late,11,13,10,82,0.2329455513315068,1,0.0,0.1
late,12,3,15,82,0.3586350036018036,1,0.0,0.06666666666666667
late,12,5,15,82,0.35780865672183704,2,0.5,0.13333333333333333
late,12,6,15,82,0.3627489282448222,2,0.5,0.13333333333333333
late,12,12,15,82,0.3235543179431893,9,0.2222222222222222,0.6
late,12,13,15,82,0.17987072708343596,1,0.0,0.06666666666666667
late,13,6,5,82,0.343043922189415,1,1.0,0.2
late,13,13,5,82,0.1478909623955842,3,0.3333333333333333,0.6
late,13,14,5,82,0.12254228038777426,1,0.0,0.2
late,14,2,3,82,0.34081470011963444,1,1.0,0.3333333333333333
late,14,5,3,82,0.3173291261841427,2,0.0,0.6666666666666666
late,1,1,5,83,0.6974316286970834,2,0.5,0.4
late,1,2,5,83,0.6753609462619506,2,1.0,0.4
late,1,6,5,83,0.6553139148142335,1,1.0,0.2
late,2,2,2,83,0.624355748597419,1,0.0,0.5
late,2,8,2,83,0.4716633323198533,1,0.0,0.5
late,4,5,1,83,0.7327736333493095,1,1.0,1.0
late,6,1,1,83,0.6776664553472798,1,1.0,1.0
late,8,2,3,83,0.663043762969768,3,0.3333333333333333,1.0
late,10,1,3,83,0.7235256908893727,1,1.0,0.3333333333333333
late,10,2,3,83,0.6970176512121103,2,1.0,0.6666666666666666
late,11,10,1,83,0.6828802641065714,1,1.0,1.0
late,13,2,1,83,0.5704124588874703,1,1.0,1.0
late,1,1,15,84,0.5544610363428137,9,0.4444444444444444,0.6
late,1,3,15,84,0.561927646589102,3,0.6666666666666666,0.2
late,1,10,15,84,0.44645455407120854,1,0.0,0.06666666666666667
late,1,11,15,84,0.4240638771682775,2,0.5,0.13333333333333333
late,3,10,2,84,0.41079550443124196,1,1.0,0.5
late,3,13,2,84,0.21552322284792286,1,0.0,0.5
late,6,3,1,84,0.595276694150172,1,1.0,1.0
late,10,12,2,84,0.6282305654074478,1,1.0,0.5
late,10,13,2,84,0.43632153427023523,1,0.0,0.5
late,11,12,1,84,0.5406049562708896,1,0.0,1.0
late,12,12,5,84,0.439135271507124,4,0.25,0.8
late,12,14,5,84,0.23524386582364393,1,0.0,0.2
late,1,1,6,85,0.5336708472781445,2,0.5,0.3333333333333333
late,1,2,6,85,0.5129931449179735,1,0.0,0.16666666666666666
late,1,5,6,85,0.4874549683810316,1,1.0,0.16666666666666666
late,1,6,6,85,0.4849428175250003,2,0.5,0.3333333333333333
late,2,1,17,85,0.4987530003057814,3,0.3333333333333333,0.17647058823529413
late,2,2,17,85,0.4677245446824998,8,0.25,0.47058823529411764
late,2,3,17,85,0.48456301489088865,1,1.0,0.058823529411764705
late,2,5,17,85,0.44752081534251054,2,1.0,0.11764705882352941
late,2,6,17,85,0.44766181460615884,1,0.0,0.058823529411764705
late,2,13,17,85,0.2289085446031732,2,0.0,0.11764705882352941
late,4,6,1,85,0.608736375438764,1,1.0,1.0
late,6,2,5,85,0.47551185603418206,4,0.0,0.8
late,6,6,5,85,0.44450286796930605,1,1.0,0.2
late,7,2,3,85,0.6498311036422032,1,0.0,0.3333333333333333
late,7,5,3,85,0.6268358253247895,1,0.0,0.3333333333333333
late,7,6,3,85,0.6268358253247895,1,1.0,0.3333333333333333
late,10,1,9,85,0.6096352781801282,1,1.0,0.1111111111111111
late,10,2,9,85,0.5880920666083989,1,0.0,0.1111111111111111
late,10,6,9,85,0.5576374700283977,1,0.0,0.1111111111111111
late,10,10,9,85,0.4816149599296411,2,0.5,0.2222222222222222
late,10,13,9,85,0.33695009841157236,4,0.25,0.4444444444444444
late,13,1,6,85,0.46694330272128254,1,0.0,0.16666666666666666
late,13,2,6,85,0.44653742784737177,2,1.0,0.3333333333333333
late,13,3,6,85,0.4596236990848546,1,1.0,0.16666666666666666
late,13,13,6,85,0.19584987044675187,2,0.0,0.3333333333333333
late,1,1,14,86,0.5895382170119401,10,0.6,0.7142857142857143
late,1,5,14,86,0.5575353726535154,1,1.0,0.07142857142857142
late,1,10,14,86,0.5108923791948907,1,0.0,0.07142857142857142
late,1,13,14,86,0.2996310515937964,2,0.0,0.14285714285714285
late,4,5,5,86,0.7115441485917918,4,0.5,0.8
late,4,10,5,86,0.657549197206522,1,1.0,0.2
late,5,13,2,86,0.17545665838615818,2,0.0,1.0
late,7,1,1,86,0.7184445118734213,1,1.0,1.0
late,10,1,8,86,0.6933619005934943,1,1.0,0.125
late,10,4,8,86,0.6805652129260167,1,1.0,0.125
late,10,5,8,86,0.663549482138329,1,0.0,0.125
late,10,13,8,86,0.4560267264657655,5,0.2,0.625
late,11,1,7,86,0.7411668742191934,3,1.0,0.42857142857142855
late,11,4,7,86,0.7187686274495036,3,1.0,0.42857142857142855
late,11,7,7,86,0.6678869158181195,1,1.0,0.14285714285714285
late,13,1,1,86,0.5557653735161803,1,1.0,1.0
late,1,1,9,87,0.6550084198130506,5,0.6,0.5555555555555556
late,1,2,9,87,0.6334100119442861,2,0.5,0.2222222222222222
late,1,13,9,87,0.35900172367337707,2,0.0,0.2222222222222222
late,6,1,4,87,0.646370946781233,3,0.6666666666666666,0.75
late,6,5,4,87,0.5884773488145026,1,1.0,0.25
late,7,5,1,87,0.6940002632076884,1,1.0,1.0
late,10,2,4,87,0.7191777069026135,1,0.0,0.25
late,10,13,4,87,0.4867795585141603,3,1.0,0.75
late,11,1,2,87,0.7529537336176522,2,1.0,1.0
late,13,1,4,87,0.5817096951122074,4,0.25,1.0
late,1,1,3,88,0.6201696768458036,2,1.0,0.6666666666666666
late,1,13,3,88,0.29689435024158634,1,0.0,0.3333333333333333
late,2,2,4,88,0.5426540276195222,3,0.3333333333333333,0.75
late,2,13,4,88,0.2756929132471761,1,0.0,0.25
late,4,5,2,88,0.6662408509060437,1,1.0,0.5
late,4,13,2,88,0.3953992598701515,1,1.0,0.5
late,5,13,1,88,0.30974620946232295,1,1.0,1.0
late,7,13,4,88,0.43188209049561754,4,0.5,1.0
late,10,2,5,88,0.5373675590493696,1,0.0,0.2
late,10,13,5,88,0.32138168854454724,4,0.25,0.8
late,11,1,4,88,0.716849390027035,1,1.0,0.25
late,11,2,4,88,0.6858148749712782,2,0.0,0.5
late,11,7,4,88,0.6542478170061776,1,1.0,0.25
late,13,2,15,88,0.4207541208915066,6,0.3333333333333333,0.4
late,13,13,15,88,0.1789100404960643,9,0.2222222222222222,0.6
late,1,1,13,89,0.5625937884175531,6,0.8333333333333334,0.46153846153846156
late,1,6,13,89,0.5305590301830712,2,1.0,0.15384615384615385
late,1,13,13,89,0.3040087230394939,5,0.2,0.38461538461538464
late,2,1,1,89,0.01880866451637541,1,0.0,1.0
late,6,1,11,89,0.6490537922312373,1,1.0,0.09090909090909091
late,6,5,11,89,0.5864762033563697,1,0.0,0.09090909090909091
late,6,6,11,89,0.5875297534753474,5,0.4,0.45454545454545453
late,6,13,11,89,0.30628733468172703,4,0.25,0.36363636363636365
late,10,1,4,89,0.7098820922057678,1,1.0,0.25
late,10,5,4,89,0.6693266012764014,2,1.0,0.5
late,10,6,4,89,0.6693266012764014,1,1.0,0.25
late,11,1,7,89,0.7568249351450963,6,0.6666666666666666,0.8571428571428571
late,11,2,7,89,0.7280552193778813,1,0.0,0.14285714285714285
late,13,1,5,89,0.5984391830925311,1,1.0,0.2
late,13,5,5,89,0.5570352416210324,1,1.0,0.2
late,13,6,5,89,0.5570352416210324,2,1.0,0.4
late,13,13,5,89,0.3140776018169634,1,1.0,0.2
late,1,1,22,90,0.5813030492374053,10,0.5,0.45454545454545453
late,1,2,22,90,0.5642969858809157,1,0.0,0.045454545454545456
late,1,5,22,90,0.5475045884647695,2,1.0,0.09090909090909091
late,1,6,22,90,0.5471112448997213,4,0.75,0.18181818181818182
late,1,13,22,90,0.33192175340052493,5,0.0,0.22727272727272727
late,2,1,13,90,0.669102660013652,4,1.0,0.3076923076923077
late,2,2,13,90,0.6446361711690467,3,0.3333333333333333,0.23076923076923078
late,2,5,13,90,0.6232215121553314,1,1.0,0.07692307692307693
late,2,13,13,90,0.37789127707833897,5,0.8,0.38461538461538464
late,5,1,3,90,0.7007018795950559,1,1.0,0.3333333333333333
late,5,6,3,90,0.6375116989250146,1,0.0,0.3333333333333333
late,5,13,3,90,0.35533596969951553,1,1.0,0.3333333333333333
late,6,1,11,90,0.6307444851108451,1,0.0,0.09090909090909091
late,6,2,11,90,0.6082738195202837,2,0.5,0.18181818181818182
late,6,6,11,90,0.5771482123603543,6,0.6666666666666666,0.5454545454545454
late,6,13,11,90,0.3183712046163254,2,0.5,0.18181818181818182
late,7,2,2,90,0.7469552351943268,1,1.0,0.5
late,7,5,2,90,0.7421053900953406,1,1.0,0.5
late,10,1,11,90,0.7632598048472782,5,0.8,0.45454545454545453
late,10,6,11,90,0.7304340576185694,2,1.0,0.18181818181818182
late,10,13,11,90,0.5278714946508717,4,0.75,0.36363636363636365
late,11,1,14,90,0.7864202635818536,12,1.0,0.8571428571428571
late,11,2,14,90,0.7608546988713396,1,1.0,0.07142857142857142
late,11,6,14,90,0.7577124704636625,1,1.0,0.07142857142857142
late,12,6,2,90,0.6223175013933555,1,1.0,0.5
late,12,14,2,90,0.36212302378192984,1,1.0,0.5
late,13,2,11,90,0.576986898068557,2,0.0,0.18181818181818182
late,13,6,11,90,0.5521227681060774,1,1.0,0.09090909090909091
late,13,13,11,90,0.31746457783050813,8,0.125,0.7272727272727273
late,14,14,2,90,0.34584365411426177,2,0.5,1.0
late,1,1,10,91,0.6111141119581909,5,0.4,0.5
late,1,10,10,91,0.4977868534704716,2,0.5,0.2
late,1,13,10,91,0.3058887117089815,2,0.5,0.2
late,1,14,10,91,0.2750381147979247,1,1.0,0.1
late,10,1,5,91,0.6717789435002133,3,0.3333333333333333,0.6
late,10,10,5,91,0.5845776377126146,1,1.0,0.2
late,10,11,5,91,0.5851193882390628,1,1.0,0.2
late,11,1,1,91,0.6873029387349088,1,1.0,1.0
late,12,1,1,91,0.5463304559222476,1,1.0,1.0
late,14,13,1,91,0.34363794797766445,1,1.0,1.0
late,1,1,32,92,0.7063460387694004,10,0.8,0.3125
late,1,2,32,92,0.6861143979924571,9,0.4444444444444444,0.28125
late,1,3,32,92,0.7019921330203754,1,1.0,0.03125
late,1,6,32,92,0.669619681854922,9,0.8888888888888888,0.28125
late,1,13,32,92,0.41162154098723014,3,0.6666666666666666,0.09375
late,2,1,21,92,0.6361822432082226,5,0.8,0.23809523809523808
late,2,2,21,92,0.6119120556115396,12,0.8333333333333334,0.5714285714285714
late,2,6,21,92,0.5884248128360255,1,1.0,0.047619047619047616
late,2,13,21,92,0.353066842619542,3,0.3333333333333333,0.14285714285714285
late,4,2,1,92,0.7634415732434037,1,1.0,1.0
late,5,1,23,92,0.6989581896837581,1,0.0,0.043478260869565216
late,5,2,23,92,0.6731026932817332,1,0.0,0.043478260869565216
late,5,5,23,92,0.6442933318906037,12,0.4166666666666667,0.5217391304347826
late,5,6,23,92,0.6434170510478101,6,0.8333333333333334,0.2608695652173913
late,5,13,23,92,0.3650125711879692,3,0.0,0.13043478260869565
late,6,1,25,92,0.6741640416147215,1,1.0,0.04
late,6,2,25,92,0.6512240578343643,3,1.0,0.12
late,6,5,25,92,0.6169424976090938,2,0.5,0.08
late,6,6,25,92,0.6165424199021844,14,0.7857142857142857,0.56
late,6,13,25,92,0.3450389704087057,5,0.2,0.2
late,7,1,8,92,0.7934960974443428,1,1.0,0.125
late,7,2,8,92,0.775884247623299,1,1.0,0.125
late,7,5,8,92,0.7592306254097451,1,1.0,0.125
late,7,6,8,92,0.7592306254097451,3,1.0,0.375
late,7,10,8,92,0.6904541807365155,1,1.0,0.125
late,7,13,8,92,0.5218319855129497,1,1.0,0.125
late,10,2,8,92,0.7335832225599265,2,1.0,0.25
late,10,5,8,92,0.7232099900367995,2,1.0,0.25
late,10,6,8,92,0.7232099900367995,1,1.0,0.125
late,10,13,8,92,0.48239266410915455,3,0.6666666666666666,0.375
late,11,1,11,92,0.7901258485490946,5,0.8,0.45454545454545453
late,11,2,11,92,0.767366929641197,3,0.3333333333333333,0.2727272727272727
late,11,10,11,92,0.7044521485630738,1,1.0,0.09090909090909091
late,11,13,11,92,0.4798390457352904,2,1.0,0.18181818181818182
late,13,1,19,92,0.6397768267523766,1,0.0,0.05263157894736842
late,13,2,19,92,0.6231259401928991,5,0.6,0.2631578947368421
late,13,5,19,92,0.6049691771524226,4,0.25,0.21052631578947367
late,13,6,19,92,0.6049691771524226,5,0.4,0.2631578947368421
late,13,13,19,92,0.35559565889874795,4,0.0,0.21052631578947367
late,14,2,2,92,0.5867793024552842,2,0.0,1.0
late,1,1,3,93,0.633828263672481,2,0.5,0.6666666666666666
late,1,13,3,93,0.3478056744405522,1,0.0,0.3333333333333333
late,10,1,4,93,0.6891841378975626,2,0.5,0.5
late,10,10,4,93,0.5916968304536399,1,0.0,0.25
late,10,13,4,93,0.4234014067594908,1,0.0,0.25
late,12,3,2,93,0.5867231987167526,1,1.0,0.5
late,12,13,2,93,0.2578935549057345,1,0.0,0.5
late,13,3,1,93,0.5431846800567287,1,1.0,1.0
late,3,13,1,94,0.31667788003736774,1,1.0,1.0
late,9,12,1,94,0.6286227850082404,1,1.0,1.0
late,10,3,28,94,0.7184358119220963,4,0.75,0.14285714285714285
late,10,5,28,94,0.6875051827079339,1,0.0,0.03571428571428571
late,10,6,28,94,0.6875051827079339,2,1.0,0.07142857142857142
late,10,8,28,94,0.592746167483995,1,1.0,0.03571428571428571
late,10,10,28,94,0.6287662285300736,9,0.3333333333333333,0.32142857142857145
late,10,12,28,94,0.6390458982493449,11,0.7272727272727273,0.39285714285714285
late,12,3,21,94,0.601161063830335,1,0.0,0.047619047619047616
late,12,6,21,94,0.5871907561473035,3,0.6666666666666666,0.14285714285714285
late,12,10,21,94,0.5438846991006033,2,1.0,0.09523809523809523
late,12,12,21,94,0.554486762774573,14,0.42857142857142855,0.6666666666666666
late,12,13,21,94,0.38093486955357436,1,1.0,0.047619047619047616
late,13,13,1,94,0.32105571095070573,1,0.0,1.0
late,1,3,1,95,0.6763348211312531,1,1.0,1.0
late,6,3,2,95,0.5694213926973307,1,1.0,0.5
late,6,5,2,95,0.5477482067693517,1,0.0,0.5
late,8,9,1,95,0.576754322762998,1,0.0,1.0
late,9,1,11,95,0.6842382142447074,3,1.0,0.2727272727272727
late,9,3,11,95,0.6573726461365202,2,0.5,0.18181818181818182
late,9,5,11,95,0.6550330640971727,1,1.0,0.09090909090909091
late,9,6,11,95,0.6550330640971727,1,1.0,0.09090909090909091
late,9,9,11,95,0.6183208330173134,4,0.5,0.36363636363636365
late,10,1,2,95,0.6816498217466531,1,0.0,0.5
late,10,5,2,95,0.6536016517989511,1,1.0,0.5
late,12,8,1,95,0.4537778662566188,1,0.0,1.0
late,13,5,2,95,0.5146431865343869,2,0.5,1.0
late,1,1,125,96,0.6113634697749126,40,0.675,0.32
late,1,2,125,96,0.5911915456812028,25,0.44,0.2
late,1,3,125,96,0.6126271189148319,3,1.0,0.024
late,1,5,125,96,0.5661449907220742,11,0.7272727272727273,0.088
late,1,6,125,96,0.5651935580108193,10,0.7,0.08
late,1,9,125,96,0.5224246153405118,1,0.0,0.008
late,1,10,125,96,0.5051548019030786,1,0.0,0.008
late,1,12,125,96,0.5009878773766642,3,0.6666666666666666,0.024
late,1,13,125,96,0.30654772419745024,29,0.13793103448275862,0.232
late,1,14,125,96,0.2746902768370399,2,0.5,0.016
late,2,1,147,96,0.5575699954747401,42,0.6190476190476191,0.2857142857142857
late,2,2,147,96,0.5368190174647515,61,0.4918032786885246,0.41496598639455784
late,2,3,147,96,0.5632389532647852,1,1.0,0.006802721088435374
late,2,5,147,96,0.5047105046519702,4,1.0,0.027210884353741496
late,2,6,147,96,0.5023530117207226,4,0.0,0.027210884353741496
late,2,9,147,96,0.46787311231989165,1,1.0,0.006802721088435374
late,2,12,147,96,0.4409799613692504,6,0.3333333333333333,0.04081632653061224
late,2,13,147,96,0.26540615423178654,24,0.08333333333333333,0.16326530612244897
late,2,14,147,96,0.24344400248587408,4,0.0,0.027210884353741496
late,3,3,2,96,0.6802901693747938,2,0.0,1.0
late,4,1,26,96,0.7167908970949793,6,0.8333333333333334,0.23076923076923078
late,4,2,26,96,0.6940663502817922,6,0.8333333333333334,0.23076923076923078
late,4,6,26,96,0.6742707145831756,6,1.0,0.23076923076923078
late,4,13,26,96,0.42266200456916947,8,0.625,0.3076923076923077
late,5,1,47,96,0.5938204062407473,7,0.7142857142857143,0.14893617021276595
late,5,2,47,96,0.5696793451311682,14,0.5,0.2978723404255319
late,5,5,47,96,0.5368875876786606,3,0.3333333333333333,0.06382978723404255
late,5,6,47,96,0.5364397242532637,3,0.3333333333333333,0.06382978723404255
late,5,12,47,96,0.4758152842699466,7,0.2857142857142857,0.14893617021276595
late,5,13,47,96,0.2691014852521564,13,0.15384615384615385,0.2765957446808511
late,6,1,103,96,0.5989999282840598,13,0.7692307692307693,0.1262135922330097
late,6,2,103,96,0.5717541959317759,29,0.4827586206896552,0.2815533980582524
late,6,5,103,96,0.534313328269635,4,0.25,0.038834951456310676
late,6,6,103,96,0.5348864090136085,38,0.3684210526315789,0.36893203883495146
late,6,12,103,96,0.47398643119604766,1,1.0,0.009708737864077669
late,6,13,103,96,0.2621718629722413,18,0.3333333333333333,0.17475728155339806
late,7,2,5,96,0.72167815345656,1,0.0,0.2
late,7,6,5,96,0.682466406155694,1,1.0,0.2
late,7,13,5,96,0.45997653318191495,3,0.6666666666666666,0.6
late,8,2,5,96,0.48628925005125445,3,0.3333333333333333,0.6
late,8,5,5,96,0.47103890823996614,2,1.0,0.4
late,9,2,2,96,0.6501089202171274,1,0.0,0.5
late,9,10,2,96,0.5582131205493157,1,1.0,0.5
late,10,1,99,96,0.6541551664040619,15,0.6,0.15151515151515152
late,10,2,99,96,0.6323248205871423,25,0.72,0.25252525252525254
late,10,3,99,96,0.6446060555767689,3,0.6666666666666666,0.030303030303030304
late,10,5,99,96,0.6143823874322606,4,0.25,0.04040404040404041
late,10,6,99,96,0.6143823874322606,11,0.6363636363636364,0.1111111111111111
late,10,8,99,96,0.5175219088637075,1,1.0,0.010101010101010102
late,10,10,99,96,0.5547664332139423,4,0.75,0.04040404040404041
late,10,12,99,96,0.5688112313790222,5,0.8,0.050505050505050504
late,10,13,99,96,0.3837068133791579,30,0.43333333333333335,0.30303030303030304
late,10,14,99,96,0.3150230409386915,1,0.0,0.010101010101010102
late,11,1,94,96,0.7110864376427022,35,0.8,0.3723404255319149
late,11,2,94,96,0.6864423034878354,10,0.7,0.10638297872340426
late,11,4,94,96,0.6999089474229081,1,1.0,0.010638297872340425
late,11,5,94,96,0.6791063248182652,4,1.0,0.0425531914893617
late,11,6,94,96,0.6791063248182652,11,0.8181818181818182,0.11702127659574468
late,11,10,94,96,0.6053749333777964,6,0.8333333333333334,0.06382978723404255
late,11,11,94,96,0.610866014628479,8,1.0,0.0851063829787234
late,11,13,94,96,0.37473129123263876,19,0.5263157894736842,0.20212765957446807
late,12,1,89,96,0.5681241477688498,14,0.42857142857142855,0.15730337078651685
late,12,2,89,96,0.5514382799034131,10,0.3,0.11235955056179775
late,12,3,89,96,0.561675316462159,2,0.5,0.02247191011235955
late,12,5,89,96,0.5436279956677346,14,0.5,0.15730337078651685
late,12,6,89,96,0.5474764649136655,1,0.0,0.011235955056179775
late,12,12,89,96,0.5051213749143185,34,0.4411764705882353,0.38202247191011235
late,12,13,89,96,0.3221109365665697,8,0.25,0.0898876404494382
late,12,14,89,96,0.2708884324627705,6,0.3333333333333333,0.06741573033707865
late,13,1,187,96,0.5142562759337086,22,0.5,0.11764705882352941
late,13,2,187,96,0.4975379044228386,53,0.5283018867924528,0.28342245989304815
late,13,3,187,96,0.5060242598631618,1,1.0,0.0053475935828877
late,13,5,187,96,0.4783304277085273,19,0.5263157894736842,0.10160427807486631
late,13,6,187,96,0.4783304277085273,25,0.68,0.13368983957219252
late,13,10,187,96,0.41866236085731634,1,0.0,0.0053475935828877
late,13,12,187,96,0.4296533974559021,6,0.5,0.03208556149732621
late,13,13,187,96,0.23541245250132026,55,0.2,0.29411764705882354
late,13,14,187,96,0.20935287360373422,5,0.2,0.026737967914438502
late,14,2,28,96,0.49980673492891164,5,0.4,0.17857142857142858
late,14,12,28,96,0.43415454850076723,4,0.25,0.14285714285714285
late,14,13,28,96,0.2584444529154264,1,0.0,0.03571428571428571
late,14,14,28,96,0.22123264655067507,18,0.1111111111111111,0.6428571428571429
late,1,1,21,97,0.5641989357781417,8,0.625,0.38095238095238093
late,1,2,21,97,0.5438381962386809,9,0.4444444444444444,0.42857142857142855
late,1,13,21,97,0.2791308805513357,4,0.25,0.19047619047619047
late,2,1,12,97,0.46905018321392133,5,0.6,0.4166666666666667
late,2,2,12,97,0.44931681469860124,4,0.0,0.3333333333333333
late,2,13,12,97,0.2285695129939581,3,0.3333333333333333,0.25
late,4,1,4,97,0.7028962905137865,2,0.5,0.5
late,4,2,4,97,0.6745322908258586,1,1.0,0.25
late,4,6,4,97,0.6586755332104812,1,1.0,0.25
late,6,1,3,97,0.5901483303623603,1,1.0,0.3333333333333333
late,6,6,3,97,0.5292204407646354,1,0.0,0.3333333333333333
late,6,13,3,97,0.24953777370003627,1,1.0,0.3333333333333333
late,10,2,2,97,0.3123173881065238,1,0.0,0.5
late,10,14,2,97,0.1468728478130815,1,0.0,0.5
late,11,1,8,97,0.703616243649704,2,0.5,0.25
late,11,2,8,97,0.6773223202644554,1,1.0,0.125
late,11,10,8,97,0.5874704680000136,1,1.0,0.125
late,11,13,8,97,0.3850231133530072,3,0.6666666666666666,0.375
late,11,14,8,97,0.30680186816290134,1,0.0,0.125
late,13,1,9,97,0.46791374778291306,1,1.0,0.1111111111111111
late,13,2,9,97,0.4508377013341136,2,0.5,0.2222222222222222
late,13,5,9,97,0.4351861219592271,1,1.0,0.1111111111111111
late,13,6,9,97,0.4351861219592271,1,1.0,0.1111111111111111
late,13,13,9,97,0.2063596153673718,3,0.0,0.3333333333333333
late,13,14,9,97,0.17917944874453673,1,0.0,0.1111111111111111
late,14,2,1,97,0.46803248232207756,1,0.0,1.0
late,1,1,11,98,0.6366787954578684,4,1.0,0.36363636363636365
late,1,2,11,98,0.6128611811386301,1,0.0,0.09090909090909091
late,1,5,11,98,0.6015989293702145,3,1.0,0.2727272727272727
late,1,6,11,98,0.6018440649793316,1,0.0,0.09090909090909091
late,1,13,11,98,0.3340430191013338,2,0.0,0.18181818181818182
late,2,2,2,98,0.5436649669332428,2,0.0,1.0
late,4,1,2,98,0.8268360986054963,1,1.0,0.5
late,4,5,2,98,0.7919537811290309,1,1.0,0.5
late,5,1,6,98,0.5977490726770335,2,1.0,0.3333333333333333
late,5,2,6,98,0.5673666191076622,2,0.5,0.3333333333333333
late,5,5,6,98,0.5479578123865226,1,0.0,0.16666666666666666
late,5,6,6,98,0.5474485184258767,1,1.0,0.16666666666666666
late,6,1,3,98,0.5925098750774254,3,0.6666666666666666,1.0
late,10,2,3,98,0.6378038071317066,3,0.3333333333333333,1.0
late,11,1,4,98,0.680772132230429,3,0.6666666666666666,0.75
late,11,13,4,98,0.3910469611163384,1,1.0,0.25
late,13,2,9,98,0.5287368547484665,2,0.0,0.2222222222222222
late,13,5,9,98,0.508358136424854,3,0.3333333333333333,0.3333333333333333
late,13,13,9,98,0.24591797639687238,4,0.0,0.4444444444444444
late,14,14,1,98,0.22657466719995403,1,1.0,1.0
late,1,2,5,99,0.4008098627985735,1,0.0,0.2
late,1,12,5,99,0.3180839547856944,3,0.0,0.6
late,1,13,5,99,0.18855887095132517,1,0.0,0.2
late,2,2,1,99,0.5906205659907664,1,1.0,1.0
late,8,1,4,99,0.6599665053419923,2,1.0,0.5
late,8,2,4,99,0.6247061856367706,1,1.0,0.25
late,8,5,4,99,0.6068602654161747,1,0.0,0.25
late,10,1,3,99,0.7091994860775414,1,1.0,0.3333333333333333
late,10,10,3,99,0.6688961056674234,1,1.0,0.3333333333333333
late,10,12,3,99,0.6761006992442792,1,1.0,0.3333333333333333
late,12,1,12,99,0.5869414154021834,6,0.16666666666666666,0.5
late,12,5,12,99,0.5680295168054277,1,1.0,0.08333333333333333
late,12,9,12,99,0.5440214652762209,1,1.0,0.08333333333333333
late,12,12,12,99,0.5412913187375435,1,1.0,0.08333333333333333
late,12,13,12,99,0.3778337493132086,2,1.0,0.16666666666666666
late,12,14,12,99,0.3177667863766529,1,0.0,0.08333333333333333
late,14,14,1,99,0.29239533779922905,1,0.0,1.0
late,1,1,36,100,0.590398201968399,28,0.6071428571428571,0.7777777777777778
late,1,2,36,100,0.5605094071913749,4,0.0,0.1111111111111111
late,1,5,36,100,0.5578331501988424,2,0.0,0.05555555555555555
late,1,10,36,100,0.49885429174458884,1,0.0,0.027777777777777776
late,1,13,36,100,0.3011104011194109,1,0.0,0.027777777777777776
late,2,2,1,100,0.5026678267991732,1,0.0,1.0
late,5,1,8,100,0.5597704275959801,6,0.5,0.75
late,5,2,8,100,0.5262191504945093,1,0.0,0.125
late,5,6,8,100,0.5152039198873498,1,0.0,0.125
late,6,1,5,100,0.5675812083607079,2,0.5,0.4
late,6,5,5,100,0.5123499527655679,1,1.0,0.2
late,6,6,5,100,0.5123499527655679,1,0.0,0.2
late,6,10,5,100,0.4448716199922827,1,1.0,0.2
late,10,1,13,100,0.6506688204574332,8,0.625,0.6153846153846154
late,10,5,13,100,0.6127646026120601,1,1.0,0.07692307692307693
late,10,6,13,100,0.6127646026120601,2,1.0,0.15384615384615385
late,10,13,13,100,0.4077384819061767,2,0.5,0.15384615384615385
late,11,1,2,100,0.6979179086552703,1,1.0,0.5
late,11,13,2,100,0.3749332508117681,1,0.0,0.5
late,13,1,6,100,0.5251596235529069,2,1.0,0.3333333333333333
late,13,2,6,100,0.5082352680867878,1,0.0,0.16666666666666666
late,13,3,6,100,0.51571166755883,1,0.0,0.16666666666666666
late,13,13,6,100,0.2271810185240478,2,0.0,0.3333333333333333
late,14,2,1,100,0.47454467771614506,1,1.0,1.0
late,1,1,112,101,0.5331833392917052,51,0.43137254901960786,0.45535714285714285
late,1,2,112,101,0.5085880875237614,8,0.25,0.07142857142857142
late,1,3,112,101,0.5220896483079517,3,0.3333333333333333,0.026785714285714284
late,1,5,112,101,0.4906634147907077,12,0.3333333333333333,0.10714285714285714
late,1,6,112,101,0.4920905430978952,21,0.47619047619047616,0.1875
late,1,8,112,101,0.3916467340931595,1,0.0,0.008928571428571428
late,1,13,112,101,0.24409200412159757,15,0.13333333333333333,0.13392857142857142
late,1,14,112,101,0.2151118774243353,1,0.0,0.008928571428571428
late,2,1,28,101,0.48804496622220295,5,0.6,0.17857142857142858
late,2,2,28,101,0.46436142766244287,16,0.5,0.5714285714285714
late,2,5,28,101,0.4382413076341752,2,1.0,0.07142857142857142
late,2,6,28,101,0.4359539100162318,3,0.6666666666666666,0.10714285714285714
late,2,13,28,101,0.2103548505104255,2,0.0,0.07142857142857142
late,4,1,25,101,0.7296322390469919,6,1.0,0.24
late,4,2,25,101,0.7056039596527012,2,1.0,0.08
late,4,5,25,101,0.6821243300889803,7,1.0,0.28
late,4,6,25,101,0.683472415510319,8,0.875,0.32
late,4,13,25,101,0.3958318750106659,2,0.5,0.08
late,5,1,23,101,0.5119778075430952,4,0.5,0.17391304347826086
late,5,2,23,101,0.48449288647424044,3,1.0,0.13043478260869565
late,5,5,23,101,0.45754527480560275,8,0.375,0.34782608695652173
late,5,6,23,101,0.4572316271706088,5,0.4,0.21739130434782608
late,5,13,23,101,0.20681621670607572,3,0.0,0.13043478260869565
late,6,1,45,101,0.49424350160425495,8,0.125,0.17777777777777778
late,6,2,45,101,0.4650165457633047,9,0.4444444444444444,0.2
late,6,5,45,101,0.42851663230924647,10,0.4,0.2222222222222222
late,6,6,45,101,0.42993286120951574,11,0.36363636363636365,0.24444444444444444
late,6,13,45,101,0.17820429203259863,7,0.2857142857142857,0.15555555555555556
late,7,10,2,101,0.518729743740739,1,0.0,0.5
late,7,13,2,101,0.3427817371863322,1,0.0,0.5
late,8,13,1,101,0.27777931320872595,1,0.0,1.0
late,10,1,29,101,0.5806448955892493,2,1.0,0.06896551724137931
late,10,2,29,101,0.5596429273358654,6,0.6666666666666666,0.20689655172413793
late,10,3,29,101,0.5732127542493262,1,1.0,0.034482758620689655
late,10,5,29,101,0.5415294966127621,1,1.0,0.034482758620689655
late,10,6,29,101,0.5415294966127621,7,0.2857142857142857,0.2413793103448276
late,10,10,29,101,0.48134796954795867,2,0.0,0.06896551724137931
late,10,11,29,101,0.4760517484356815,1,0.0,0.034482758620689655
late,10,13,29,101,0.32966055017619844,9,0.4444444444444444,0.3103448275862069
late,11,1,34,101,0.640978827357692,19,0.7368421052631579,0.5588235294117647
late,11,2,34,101,0.6116209947491905,3,0.3333333333333333,0.08823529411764706
late,11,4,34,101,0.6275477780938347,2,1.0,0.058823529411764705
late,11,5,34,101,0.6046728864779078,1,0.0,0.029411764705882353
late,11,6,34,101,0.6046728864779078,1,0.0,0.029411764705882353
late,11,7,34,101,0.567365586974661,1,1.0,0.029411764705882353
late,11,10,34,101,0.5364986232412088,3,0.6666666666666666,0.08823529411764706
late,11,13,34,101,0.31052421746057846,4,0.5,0.11764705882352941
late,12,6,1,101,0.43861615666007875,1,1.0,1.0
late,13,1,46,101,0.45193684945325013,3,0.0,0.06521739130434782
late,13,2,46,101,0.43516305695215846,14,0.42857142857142855,0.30434782608695654
late,13,3,46,101,0.44390151967630187,1,0.0,0.021739130434782608
late,13,5,46,101,0.41389230951264205,5,0.4,0.10869565217391304
late,13,6,46,101,0.41389230951264205,8,0.25,0.17391304347826086
late,13,13,46,101,0.1774110059370264,15,0.06666666666666667,0.32608695652173914
late,14,6,3,101,0.4070054296360115,1,0.0,0.3333333333333333
late,14,14,3,101,0.15905443996128646,2,0.0,0.6666666666666666
late,1,1,15,102,0.6630382360424051,3,0.3333333333333333,0.2
late,1,3,15,102,0.6708249243817396,6,0.8333333333333334,0.4
late,1,6,15,102,0.6026440631253797,1,0.0,0.06666666666666667
late,1,7,15,102,0.5604900921695547,1,1.0,0.06666666666666667
late,1,10,15,102,0.5204128050244827,1,0.0,0.06666666666666667
late,1,11,15,102,0.5230479140269166,2,1.0,0.13333333333333333
late,1,13,15,102,0.35699132495108843,1,0.0,0.06666666666666667
late,3,1,10,102,0.6591615390436323,1,1.0,0.1
late,3,2,10,102,0.6489637468803953,1,1.0,0.1
late,3,3,10,102,0.6810243276094863,7,0.8571428571428571,0.7
late,3,13,10,102,0.31217712926489927,1,0.0,0.1
late,5,1,1,102,0.601462472943127,1,1.0,1.0
late,6,3,1,102,0.5983683925491857,1,0.0,1.0
late,10,1,6,102,0.6968137974940224,4,0.75,0.6666666666666666
late,10,3,6,102,0.672604645118216,2,0.0,0.3333333333333333
late,11,3,3,102,0.7291616575595636,2,1.0,0.6666666666666666
late,11,13,3,102,0.45451793096299226,1,1.0,0.3333333333333333
late,14,13,1,102,0.018078759931428014,1,0.0,1.0
late,1,1,4,103,0.7248011364601418,3,0.3333333333333333,0.75
late,1,3,4,103,0.7160110734998342,1,1.0,0.25
late,4,13,1,103,0.5223343363805742,1,0.0,1.0
late,5,1,1,103,0.651673489828184,1,1.0,1.0
late,11,1,3,103,0.7592226292056106,1,1.0,0.3333333333333333
late,11,10,3,103,0.6841628400547216,2,1.0,0.6666666666666666
late,13,2,3,103,0.6109954461270564,1,1.0,0.3333333333333333
late,13,6,3,103,0.5858502519363032,1,1.0,0.3333333333333333
late,13,13,3,103,0.32407622351300197,1,0.0,0.3333333333333333
late,1,1,16,104,0.4749541620872495,9,0.3333333333333333,0.5625
late,1,2,16,104,0.45918718249496826,3,0.6666666666666666,0.1875
late,1,5,16,104,0.45174931032712207,2,0.0,0.125
late,1,8,16,104,0.37242507947898695,1,1.0,0.0625
late,1,13,16,104,0.24145912903584732,1,0.0,0.0625
late,2,2,2,104,0.2948682000946728,1,1.0,0.5
late,2,13,2,104,0.1466393180041674,1,0.0,0.5
late,4,1,3,104,0.771416435206429,1,1.0,0.3333333333333333
late,4,13,3,104,0.48686384535152993,2,1.0,0.6666666666666666
late,5,1,2,104,0.3053875828590476,2,0.0,1.0
late,6,2,2,104,0.5826439254356313,1,1.0,0.5
late,6,8,2,104,0.42613706597537016,1,1.0,0.5
late,8,1,1,104,0.6558890465718646,1,0.0,1.0
late,13,1,2,104,0.5535606973805436,1,1.0,0.5
late,13,2,2,104,0.5290146237245985,1,1.0,0.5
late,3,13,1,105,0.30528668071797943,1,1.0,1.0
late,5,3,5,105,0.6224340706720224,3,0.6666666666666666,0.6
late,5,13,5,105,0.30259187836618145,2,0.0,0.4
late,6,1,4,105,0.5866589245557137,1,1.0,0.25
late,6,5,4,105,0.5353530637011291,1,1.0,0.25
late,6,6,4,105,0.5412331534752925,1,1.0,0.25
late,6,9,4,105,0.5010337061203733,1,1.0,0.25
late,8,9,1,105,0.5635367300685591,1,0.0,1.0
late,9,9,3,105,0.5979814030226889,1,0.0,0.3333333333333333
late,9,13,3,105,0.44577120477124454,2,0.0,0.6666666666666666
late,10,1,33,105,0.6859628162591532,1,0.0,0.030303030303030304
late,10,3,33,105,0.6691320666596225,7,0.7142857142857143,0.21212121212121213
late,10,5,33,105,0.652427788648778,3,0.6666666666666666,0.09090909090909091
late,10,9,33,105,0.6141473376371617,5,0.2,0.15151515151515152
late,10,10,33,105,0.5922466466020583,16,0.75,0.48484848484848486
late,10,13,33,105,0.39021223272849287,1,0.0,0.030303030303030304
late,12,3,3,105,0.5548551103532035,1,1.0,0.3333333333333333
late,12,10,3,105,0.5157221418631841,2,1.0,0.6666666666666666
late,13,13,1,105,0.015983519431832304,1,0.0,1.0
late,14,3,1,105,0.5520821062176793,1,0.0,1.0
late,1,1,45,106,0.5845454377973633,15,0.6666666666666666,0.3333333333333333
late,1,2,45,106,0.5641507142598061,6,0.16666666666666666,0.13333333333333333
late,1,3,45,106,0.5834922442546217,1,1.0,0.022222222222222223
late,1,5,45,106,0.5453862716303197,9,0.6666666666666666,0.2
late,1,6,45,106,0.5444977274438189,3,0.3333333333333333,0.06666666666666667
late,1,13,45,106,0.29123413710484436,10,0.6,0.2222222222222222
late,1,14,45,106,0.2589966936048556,1,0.0,0.022222222222222223
late,2,1,25,106,0.5474858341968404,9,0.7777777777777778,0.36
late,2,2,25,106,0.5269309860437186,9,0.3333333333333333,0.36
late,2,3,25,106,0.5530058424406101,1,0.0,0.04
late,2,5,25,106,0.4964355615840937,1,0.0,0.04
late,2,6,25,106,0.4946832102726906,1,0.0,0.04
late,2,13,25,106,0.25689181970307856,4,0.25,0.16
late,3,3,2,106,0.6692374358136128,1,0.0,0.5
late,3,6,2,106,0.547752834389301,1,0.0,0.5
late,4,1,23,106,0.7680618324279169,3,0.3333333333333333,0.13043478260869565
late,4,2,23,106,0.7474666715239691,3,1.0,0.13043478260869565
late,4,5,23,106,0.7237987863812861,2,0.5,0.08695652173913043
late,4,6,23,106,0.7237987863812861,10,0.9,0.43478260869565216
late,4,10,23,106,0.6471982219270022,1,1.0,0.043478260869565216
late,4,13,23,106,0.46351913780863996,4,0.5,0.17391304347826086
late,5,1,13,106,0.5461400441327745,1,0.0,0.07692307692307693
late,5,2,13,106,0.5216574394187946,4,1.0,0.3076923076923077
late,5,5,13,106,0.4995840681499254,6,0.5,0.46153846153846156
late,5,6,13,106,0.4976972235779574,1,0.0,0.07692307692307693
late,5,13,13,106,0.23578496914807978,1,0.0,0.07692307692307693
late,6,2,18,106,0.5559232583527555,7,0.2857142857142857,0.3888888888888889
late,6,3,18,106,0.5590829665807718,2,1.0,0.1111111111111111
late,6,5,18,106,0.52488790093553,5,0.6,0.2777777777777778
late,6,6,18,106,0.5261990555287683,3,0.6666666666666666,0.16666666666666666
late,6,13,18,106,0.24052702146768828,1,0.0,0.05555555555555555
late,7,2,3,106,0.6654267194008395,1,0.0,0.3333333333333333
late,7,5,3,106,0.653758510284939,2,0.5,0.6666666666666666
late,10,2,9,106,0.642944268628204,3,1.0,0.3333333333333333
late,10,3,9,106,0.6553411421115612,1,1.0,0.1111111111111111
late,10,4,9,106,0.6612218757471756,1,1.0,0.1111111111111111
late,10,5,9,106,0.6327413062069723,1,0.0,0.1111111111111111
late,10,6,9,106,0.6327413062069723,1,1.0,0.1111111111111111
late,10,13,9,106,0.3923464024423085,2,0.5,0.2222222222222222
late,11,1,8,106,0.7141875342678167,7,0.8571428571428571,0.875
late,11,6,8,106,0.6797095314179822,1,1.0,0.125
late,13,1,19,106,0.5013003292954633,2,1.0,0.10526315789473684
late,13,2,19,106,0.48091427058197506,8,0.25,0.42105263157894735
late,13,5,19,106,0.4699058301050228,5,0.2,0.2631578947368421
late,13,10,19,106,0.4214830608172391,1,1.0,0.05263157894736842
late,13,13,19,106,0.22051570610377655,3,0.3333333333333333,0.15789473684210525
late,14,13,1,106,0.263258861263118,1,0.0,1.0
late,1,1,28,107,0.6139853919076373,12,0.75,0.42857142857142855
late,1,2,28,107,0.5934844084350539,3,0.6666666666666666,0.10714285714285714
late,1,3,28,107,0.6128039139619069,1,1.0,0.03571428571428571
late,1,5,28,107,0.5771908769983215,2,0.5,0.07142857142857142
late,1,6,28,107,0.5758304398724903,3,0.0,0.10714285714285714
late,1,13,28,107,0.33474036360890685,7,0.14285714285714285,0.25
late,2,1,13,107,0.6232973277176966,1,0.0,0.07692307692307693
late,2,2,13,107,0.5900250791226037,9,0.5555555555555556,0.6923076923076923
late,2,13,13,107,0.3340762726376138,3,1.0,0.23076923076923078
late,4,13,1,107,0.4866753782620841,1,0.0,1.0
late,5,1,7,107,0.6430367383709095,2,0.5,0.2857142857142857
late,5,5,7,107,0.5893348267720178,3,1.0,0.42857142857142855
late,5,6,7,107,0.5884798015450251,2,1.0,0.2857142857142857
late,6,1,13,107,0.451406572023357,3,0.0,0.23076923076923078
late,6,2,13,107,0.4290881834686704,4,0.75,0.3076923076923077
late,6,5,13,107,0.4129970567783452,2,0.5,0.15384615384615385
late,6,6,13,107,0.4121825739566046,2,1.0,0.15384615384615385
late,6,13,13,107,0.20804426339845022,2,0.0,0.15384615384615385
late,7,2,1,107,0.7759082174161954,1,1.0,1.0
late,10,1,16,107,0.7130740114897359,3,1.0,0.1875
late,10,2,16,107,0.6886859131929773,6,0.8333333333333334,0.375
late,10,5,16,107,0.6765456981523328,3,1.0,0.1875
late,10,6,16,107,0.6765456981523328,2,1.0,0.125
late,10,13,16,107,0.42536120454344417,2,1.0,0.125
late,11,2,7,107,0.7428504529782404,1,1.0,0.14285714285714285
late,11,6,7,107,0.7316993816990117,2,1.0,0.2857142857142857
late,11,7,7,107,0.6878083264386777,2,1.0,0.2857142857142857
late,11,10,7,107,0.6512115722293048,1,1.0,0.14285714285714285
late,11,11,7,107,0.6578659524776345,1,1.0,0.14285714285714285
late,13,1,33,107,0.5189217767111036,8,0.5,0.24242424242424243
late,13,2,33,107,0.5002895129907888,12,0.3333333333333333,0.36363636363636365
late,13,5,33,107,0.48625164752165173,1,1.0,0.030303030303030304
late,13,6,33,107,0.48625164752165173,2,1.0,0.06060606060606061
late,13,13,33,107,0.25603555729328914,10,0.2,0.30303030303030304
late,1,2,4,108,0.7029954531581819,2,1.0,0.5
late,1,5,4,108,0.6958324739894262,1,1.0,0.25
late,1,13,4,108,0.4411184133086561,1,1.0,0.25
late,2,1,1,108,0.6719281800004464,1,0.0,1.0
late,4,2,1,108,0.7954815413052135,1,1.0,1.0
late,5,1,2,108,0.7031467988139536,1,0.0,0.5
late,5,2,2,108,0.6680679742498509,1,1.0,0.5
late,7,5,1,108,0.7991182382061873,1,1.0,1.0
late,10,2,2,108,0.7420531226333326,1,1.0,0.5
late,10,5,2,108,0.7396155381153123,1,1.0,0.5
late,1,1,7,109,0.595190802336095,4,0.5,0.5714285714285714
late,1,5,7,109,0.5518078633117953,1,1.0,0.14285714285714285
late,1,13,7,109,0.2909160403408598,2,0.5,0.2857142857142857
late,2,2,3,109,0.5468932793003591,1,0.0,0.3333333333333333
late,2,5,3,109,0.5101694386335232,1,0.0,0.3333333333333333
late,2,13,3,109,0.27735100762098513,1,1.0,0.3333333333333333
late,5,1,12,109,0.561177506091591,4,0.75,0.3333333333333333
late,5,2,12,109,0.5241176201625447,1,1.0,0.08333333333333333
late,5,5,12,109,0.5115893711887801,6,0.3333333333333333,0.5
late,5,13,12,109,0.24693886360080589,1,1.0,0.08333333333333333
late,6,1,10,109,0.5641491789536355,2,0.0,0.2
late,6,2,10,109,0.5318429273263563,1,0.0,0.1
late,6,5,10,109,0.5075279069162677,3,1.0,0.3
late,6,6,10,109,0.5075279069162677,2,0.5,0.2
late,6,13,10,109,0.23602195984642393,2,0.0,0.2
late,7,13,1,109,0.44968215961213387,1,0.0,1.0
late,10,2,5,109,0.6329193714347155,2,0.5,0.4
late,10,5,5,109,0.6129183462201369,1,0.0,0.2
late,10,13,5,109,0.38938420247318045,2,1.0,0.4
late,11,11,1,109,0.5977354294469198,1,1.0,1.0
late,13,1,15,109,0.521325593325609,1,0.0,0.06666666666666667
late,13,2,15,109,0.5062272260507796,2,0.0,0.13333333333333333
late,13,5,15,109,0.48463007787123435,3,0.6666666666666666,0.2
late,13,6,15,109,0.48463007787123435,6,0.16666666666666666,0.4
late,13,13,15,109,0.25000201777161035,3,0.3333333333333333,0.2
late,14,14,1,109,0.2463306218730193,1,0.0,1.0
late,1,5,5,110,0.5958587442882272,3,0.3333333333333333,0.6
late,1,6,5,110,0.5952646603439535,1,1.0,0.2
late,1,13,5,110,0.34945230010110995,1,0.0,0.2
late,2,1,4,110,0.568846931866109,1,0.0,0.25
late,2,2,4,110,0.5439027266243677,2,0.5,0.5
late,2,5,4,110,0.5273122725543844,1,0.0,0.25
late,4,2,2,110,0.7742371305234061,1,1.0,0.5
late,4,6,2,110,0.7413557949806715,1,1.0,0.5
late,5,1,6,110,0.6265361735449527,1,0.0,0.16666666666666666
late,5,2,6,110,0.6099447966640936,1,0.0,0.16666666666666666
late,5,6,6,110,0.5554918348795538,2,1.0,0.3333333333333333
late,5,13,6,110,0.2821431184915402,1,0.0,0.16666666666666666
late,5,14,6,110,0.2553670794092251,1,0.0,0.16666666666666666
late,6,3,19,110,0.5240629934471397,2,1.0,0.10526315789473684
late,6,5,19,110,0.47269325562353426,4,0.5,0.21052631578947367
late,6,6,19,110,0.47331138800445166,11,0.6363636363636364,0.5789473684210527
late,6,13,19,110,0.23802094414602673,2,0.5,0.10526315789473684
late,7,6,2,110,0.6904224241019731,2,0.5,1.0
late,10,1,7,110,0.6854640773906732,2,1.0,0.2857142857142857
late,10,3,7,110,0.6800891918454889,2,0.0,0.2857142857142857
late,10,7,7,110,0.6078423153529119,1,0.0,0.14285714285714285
late,10,13,7,110,0.41060305366356314,2,0.5,0.2857142857142857
late,11,1,12,110,0.7248502604870941,4,1.0,0.3333333333333333
late,11,5,12,110,0.6948794314765542,1,1.0,0.08333333333333333
late,11,6,12,110,0.6948794314765542,4,1.0,0.3333333333333333
late,11,7,12,110,0.6607563808138663,1,1.0,0.08333333333333333
late,11,10,12,110,0.6292705728474293,1,1.0,0.08333333333333333
late,11,13,12,110,0.41319454699980995,1,0.0,0.08333333333333333
late,13,5,3,110,0.5120214954536482,1,0.0,0.3333333333333333
late,13,6,3,110,0.5120214954536482,1,0.0,0.3333333333333333
late,13,13,3,110,0.23926663959606,1,1.0,0.3333333333333333
late,14,14,1,110,0.20915678179182406,1,0.0,1.0
late,1,1,60,111,0.5218268975256001,34,0.35294117647058826,0.5666666666666667
late,1,2,60,111,0.5019168664472455,2,0.0,0.03333333333333333
late,1,5,60,111,0.4813388999541886,5,0.4,0.08333333333333333
late,1,6,60,111,0.4796990322035082,1,1.0,0.016666666666666666
late,1,13,60,111,0.22980049154216958,14,0.35714285714285715,0.23333333333333334
late,1,14,60,111,0.20133549349268248,4,0.0,0.06666666666666667
late,2,1,6,111,0.4869066248055969,3,0.0,0.5
late,2,2,6,111,0.46649277543725365,1,1.0,0.16666666666666666
late,2,5,6,111,0.4342342809795716,1,0.0,0.16666666666666666
late,2,9,6,111,0.4022197423745863,1,1.0,0.16666666666666666
late,4,1,10,111,0.6640014497373887,2,0.5,0.2
late,4,5,10,111,0.603910308946018,3,0.6666666666666666,0.3
late,4,6,10,111,0.603910308946018,1,1.0,0.1
late,4,13,10,111,0.34233322206988426,4,0.0,0.4
late,5,1,23,111,0.5273263381002069,11,0.2727272727272727,0.4782608695652174
late,5,2,23,111,0.5010532810658336,1,1.0,0.043478260869565216
late,5,5,23,111,0.46586821737684503,3,0.3333333333333333,0.13043478260869565
late,5,6,23,111,0.464936116305092,1,0.0,0.043478260869565216
late,5,12,23,111,0.40126118118172033,1,1.0,0.043478260869565216
late,5,13,23,111,0.2107020099348345,6,0.16666666666666666,0.2608695652173913
late,6,1,4,111,0.5338166076918809,2,1.0,0.5
late,6,5,4,111,0.456080001525044,1,0.0,0.25
late,6,13,4,111,0.1845237249610314,1,0.0,0.25
late,7,1,5,111,0.5198646727242593,1,1.0,0.2
late,7,13,5,111,0.28993312525950693,4,0.25,0.8
late,10,1,29,111,0.5714003590857075,4,0.5,0.13793103448275862
late,10,2,29,111,0.5476866583786731,8,0.375,0.27586206896551724
late,10,3,29,111,0.5625724129156702,3,1.0,0.10344827586206896
late,10,4,29,111,0.5672289840397065,1,1.0,0.034482758620689655
late,10,6,29,111,0.5326247822984687,3,0.6666666666666666,0.10344827586206896
late,10,10,29,111,0.4731785534305858,2,1.0,0.06896551724137931
late,10,12,29,111,0.4899730107884343,3,0.3333333333333333,0.10344827586206896
late,10,13,29,111,0.3179068941273062,5,0.2,0.1724137931034483
late,11,1,19,111,0.596083799918677,3,0.6666666666666666,0.15789473684210525
late,11,2,19,111,0.572736590991167,1,1.0,0.05263157894736842
late,11,4,19,111,0.5898991771057721,1,1.0,0.05263157894736842
late,11,5,19,111,0.5630130959371409,2,1.0,0.10526315789473684
late,11,6,19,111,0.5630130959371409,1,1.0,0.05263157894736842
late,11,7,19,111,0.5256075746930736,1,1.0,0.05263157894736842
late,11,10,19,111,0.49318776438055434,1,1.0,0.05263157894736842
late,11,11,19,111,0.4955963251121919,1,1.0,0.05263157894736842
late,11,13,19,111,0.301474903453041,8,0.125,0.42105263157894735
late,12,1,25,111,0.5023771916932777,1,1.0,0.04
late,12,2,25,111,0.4896222519108656,1,0.0,0.04
late,12,3,25,111,0.5060325757629996,2,1.0,0.08
late,12,5,25,111,0.4756879059836271,3,0.3333333333333333,0.12
late,12,10,25,111,0.44039457362485,2,0.5,0.08
late,12,12,25,111,0.44919653825504774,14,0.5714285714285714,0.56
late,12,13,25,111,0.2812891811164732,2,1.0,0.08
late,13,1,20,111,0.47282842000216585,8,0.25,0.4
late,13,2,20,111,0.4545539763620711,1,0.0,0.05
late,13,5,20,111,0.4314089068408216,2,0.5,0.1
late,13,6,20,111,0.4314089068408216,2,0.5,0.1
late,13,13,20,111,0.20335511747399032,6,0.0,0.3
late,13,14,20,111,0.1793544777597062,1,1.0,0.05
late,14,1,3,111,0.4394482727265923,1,1.0,0.3333333333333333
late,14,2,3,111,0.4090219118535092,2,0.5,0.6666666666666666
late,1,1,38,112,0.5202967913518989,4,0.75,0.10526315789473684
late,1,2,38,112,0.49476628362276065,6,0.3333333333333333,0.15789473684210525
late,1,3,38,112,0.5076734640944967,2,0.5,0.05263157894736842
late,1,5,38,112,0.48453563816808876,13,0.23076923076923078,0.34210526315789475
late,1,6,38,112,0.4836427163983528,7,0.42857142857142855,0.18421052631578946
late,1,13,38,112,0.2460010921599176,6,0.16666666666666666,0.15789473684210525
late,2,1,13,112,0.47336064312964293,1,0.0,0.07692307692307693
late,2,2,13,112,0.4413553171773329,9,0.4444444444444444,0.6923076923076923
late,2,3,13,112,0.4557300153129571,1,0.0,0.07692307692307693
late,2,5,13,112,0.4256649000355678,1,0.0,0.07692307692307693
late,2,13,13,112,0.2049339360026242,1,0.0,0.07692307692307693
late,3,3,1,112,0.5766667816290159,1,1.0,1.0
late,4,1,4,112,0.6262471426342602,1,1.0,0.25
late,4,5,4,112,0.5809594641580844,1,0.0,0.25
late,4,6,4,112,0.5838912421881062,2,1.0,0.5
late,5,1,28,112,0.4792226182307981,8,0.25,0.2857142857142857
late,5,2,28,112,0.44976903510816524,4,0.5,0.14285714285714285
late,5,3,28,112,0.4577005085843872,1,1.0,0.03571428571428571
late,5,5,28,112,0.4298955076287299,7,0.2857142857142857,0.25
late,5,6,28,112,0.4290251112586386,1,1.0,0.03571428571428571
late,5,13,28,112,0.19322800394543058,7,0.2857142857142857,0.25
late,6,1,23,112,0.5148905525518319,4,0.5,0.17391304347826086
late,6,3,23,112,0.4975225857555659,2,0.5,0.08695652173913043
late,6,5,23,112,0.44256527124685185,3,0.3333333333333333,0.13043478260869565
late,6,6,23,112,0.4430698480433482,5,0.6,0.21739130434782608
late,6,13,23,112,0.1863391596723256,7,0.5714285714285714,0.30434782608695654
late,6,14,23,112,0.1593929036923352,2,0.0,0.08695652173913043
late,7,6,2,112,0.5892488563692077,2,1.0,1.0
late,10,1,7,112,0.5805765828536179,3,0.6666666666666666,0.42857142857142855
late,10,2,7,112,0.5499500476288304,2,0.0,0.2857142857142857
late,10,6,7,112,0.5440747482782655,1,0.0,0.14285714285714285
late,10,13,7,112,0.30983167090363634,1,0.0,0.14285714285714285
late,11,1,4,112,0.6260149674386328,3,0.6666666666666666,0.75
late,11,5,4,112,0.5977889419744804,1,1.0,0.25
late,13,2,15,112,0.4461228265934733,2,1.0,0.13333333333333333
late,13,5,15,112,0.419820326398728,1,1.0,0.06666666666666667
late,13,6,15,112,0.419820326398728,4,0.25,0.26666666666666666
late,13,13,15,112,0.19902218838936056,8,0.0,0.5333333333333333
late,14,14,1,112,0.1458121864543004,1,0.0,1.0
late,1,6,2,113,0.5342921586766008,1,0.0,0.5
late,1,13,2,113,0.2969839896667008,1,0.0,0.5
late,2,13,1,113,0.24381097786582612,1,0.0,1.0
late,3,6,1,113,0.48363465239506326,1,0.0,1.0
late,4,6,1,113,0.6293235819180983,1,1.0,1.0
late,5,5,3,113,0.48526592791014256,1,1.0,0.3333333333333333
late,5,13,3,113,0.22328130113698644,2,0.0,0.6666666666666666
late,6,3,13,113,0.5618314959015375,1,0.0,0.07692307692307693
late,6,5,13,113,0.48340672053111605,2,1.0,0.15384615384615385
late,6,6,13,113,0.48340672053111605,3,0.3333333333333333,0.23076923076923078
late,6,13,13,113,0.2199970025352527,7,0.0,0.5384615384615384
late,7,3,3,113,0.6788871080505462,1,0.0,0.3333333333333333
late,7,6,3,113,0.6304907171376033,1,1.0,0.3333333333333333
late,7,13,3,113,0.387687631936019,1,1.0,0.3333333333333333
late,10,2,5,113,0.5990913052492451,1,1.0,0.2
late,10,13,5,113,0.3675760569182321,4,0.25,0.8
late,11,1,5,113,0.676177422552521,3,0.6666666666666666,0.6
late,11,2,5,113,0.6413695152404184,1,1.0,0.2
late,11,6,5,113,0.646945346163623,1,1.0,0.2
late,13,5,11,113,0.4718197626276888,1,0.0,0.09090909090909091
late,13,6,11,113,0.4718197626276888,2,1.0,0.18181818181818182
late,13,13,11,113,0.2427714495599824,8,0.125,0.7272727272727273
late,9,12,1,114,0.6403279755026475,1,1.0,1.0
late,10,3,20,114,0.7164624610880055,9,0.7777777777777778,0.45
late,10,10,20,114,0.6450891124881082,4,1.0,0.2
late,10,12,20,114,0.6519050495670025,7,0.7142857142857143,0.35
late,12,2,8,114,0.6209609156937499,1,1.0,0.125
late,12,5,8,114,0.6084141683347426,1,0.0,0.125
late,12,10,8,114,0.5758094668808373,4,0.25,0.5
late,12,12,8,114,0.5783822102697975,2,0.5,0.25
late,13,13,1,114,0.35738710073897906,1,0.0,1.0
late,1,1,50,115,0.652422713445008,16,0.4375,0.32
late,1,2,50,115,0.6330622698798528,4,0.5,0.08
late,1,3,50,115,0.6516894436929794,5,0.8,0.1
late,1,5,50,115,0.6117758968679685,13,0.6153846153846154,0.26
late,1,6,50,115,0.6116912107264755,7,0.5714285714285714,0.14
late,1,13,50,115,0.34775556012270087,5,0.6,0.1
late,2,1,19,115,0.6348347455821561,6,1.0,0.3157894736842105
late,2,2,19,115,0.6071865738585289,7,0.7142857142857143,0.3684210526315789
late,2,5,19,115,0.5879543425542939,2,0.5,0.10526315789473684
late,2,13,19,115,0.34049821411455705,4,0.5,0.21052631578947367
late,3,3,3,115,0.7236680634758458,2,1.0,0.6666666666666666
late,3,13,3,115,0.3304820229777543,1,0.0,0.3333333333333333
late,4,1,2,115,0.7817932681483952,1,1.0,0.5
late,4,5,2,115,0.7369622990432316,1,0.0,0.5
late,5,1,36,115,0.6398102043005154,5,0.8,0.1388888888888889
late,5,2,36,115,0.611218071210556,1,0.0,0.027777777777777776
late,5,5,36,115,0.5883868622615269,25,0.52,0.6944444444444444
late,5,6,36,115,0.5878822730869138,2,0.5,0.05555555555555555
late,5,13,36,115,0.3094726891081501,2,0.5,0.05555555555555555
late,5,14,36,115,0.2820352033940676,1,1.0,0.027777777777777776
late,6,1,31,115,0.6780852609919807,3,1.0,0.0967741935483871
late,6,2,31,115,0.6527117210121683,2,1.0,0.06451612903225806
late,6,3,31,115,0.6651398691456164,4,0.25,0.12903225806451613
late,6,5,31,115,0.6049721174370802,7,0.2857142857142857,0.22580645161290322
late,6,6,31,115,0.6053492733056062,9,0.7777777777777778,0.2903225806451613
late,6,13,31,115,0.3144898093931465,6,0.5,0.1935483870967742
late,7,2,6,115,0.7487134815355704,2,0.5,0.3333333333333333
late,7,5,6,115,0.7249207852817515,2,1.0,0.3333333333333333
late,7,6,6,115,0.7249207852817515,1,0.0,0.16666666666666666
late,7,13,6,115,0.46971690490183143,1,0.0,0.16666666666666666
late,8,1,3,115,0.7025693204958423,1,0.0,0.3333333333333333
late,8,6,3,115,0.6510776419109084,1,1.0,0.3333333333333333
late,8,12,3,115,0.5906655188989739,1,0.0,0.3333333333333333
late,9,6,2,115,0.6941132639739365,1,1.0,0.5
late,9,12,2,115,0.633759283268862,1,1.0,0.5
late,10,1,29,115,0.7363986738721725,3,1.0,0.10344827586206896
late,10,2,29,115,0.7162509079075593,4,0.75,0.13793103448275862
late,10,3,29,115,0.730007508750834,2,1.0,0.06896551724137931
late,10,5,29,115,0.6983667956998831,4,0.75,0.13793103448275862
late,10,6,29,115,0.6983667956998831,7,0.5714285714285714,0.2413793103448276
late,10,12,29,115,0.657741697846998,5,1.0,0.1724137931034483
late,10,13,29,115,0.4682550628590788,4,0.5,0.13793103448275862
late,11,1,11,115,0.7669872726521554,4,0.75,0.36363636363636365
late,11,5,11,115,0.7359708659526987,1,1.0,0.09090909090909091
late,11,6,11,115,0.7359708659526987,1,0.0,0.09090909090909091
late,11,7,11,115,0.700931140532009,4,0.75,0.36363636363636365
late,11,13,11,115,0.44621713252208894,1,0.0,0.09090909090909091
late,12,2,33,115,0.5963347401330519,1,0.0,0.030303030303030304
late,12,3,33,115,0.6086077734221245,1,0.0,0.030303030303030304
late,12,6,33,115,0.589966736156373,1,1.0,0.030303030303030304
late,12,12,33,115,0.5466055340205469,28,0.42857142857142855,0.8484848484848485
late,12,13,33,115,0.3760210977825293,2,0.0,0.06060606060606061
late,13,1,24,115,0.5835664694919062,3,1.0,0.125
late,13,2,24,115,0.566892968405312,8,0.625,0.3333333333333333
late,13,3,24,115,0.5765544732024467,2,0.5,0.08333333333333333
late,13,5,24,115,0.5460030501467125,1,0.0,0.041666666666666664
late,13,6,24,115,0.5460030501467125,4,0.5,0.16666666666666666
late,13,12,24,115,0.49664291831472607,1,0.0,0.041666666666666664
late,13,13,24,115,0.29750400220897916,5,0.4,0.20833333333333334
late,14,13,1,115,0.32900567684485554,1,0.0,1.0
late,1,1,1,116,0.5718098973187322,1,1.0,1.0
late,5,6,4,116,0.5162646704183029,2,0.0,0.5
late,5,13,4,116,0.275621055635722,2,0.0,0.5
late,6,1,8,116,0.5734929377293616,1,0.0,0.125
late,6,3,8,116,0.55096891775606,1,1.0,0.125
late,6,5,8,116,0.502374843566903,3,0.6666666666666666,0.375
late,6,6,8,116,0.502430306381934,1,0.0,0.125
late,6,13,8,116,0.22733633087240604,2,0.0,0.25
late,10,1,16,116,0.5938113654901153,1,1.0,0.0625
late,10,10,16,116,0.5153188471996918,10,0.6,0.625
late,10,11,16,116,0.5158315676604759,2,0.5,0.125
late,10,12,16,116,0.5256361742750602,1,1.0,0.0625
late,10,13,16,116,0.33111929466762907,2,0.0,0.125
late,11,10,1,116,0.5979356671519881,1,1.0,1.0
late,13,13,1,116,0.1932958884369599,1,0.0,1.0
late,1,1,9,117,0.6440092879200601,6,0.8333333333333334,0.6666666666666666
late,1,2,9,117,0.6237798580771389,1,0.0,0.1111111111111111
late,1,6,9,117,0.6046876797358208,1,1.0,0.1111111111111111
late,1,13,9,117,0.32788564877605153,1,0.0,0.1111111111111111
late,2,2,1,117,0.5835284897739155,1,0.0,1.0
late,4,1,1,117,0.842892031661275,1,1.0,1.0
late,6,2,4,117,0.6213705996478606,2,1.0,0.5
late,6,6,4,117,0.5911184743026977,2,0.5,0.5
late,7,13,1,117,0.49708343068612504,1,0.0,1.0
late,10,13,2,117,0.5045713053435917,2,0.5,1.0
late,11,13,1,117,0.3493679811943974,1,1.0,1.0
late,13,2,21,117,0.5250228476179414,4,0.25,0.19047619047619047
late,13,6,21,117,0.4976490212115687,3,1.0,0.14285714285714285
late,13,13,21,117,0.2739268318408249,13,0.23076923076923078,0.6190476190476191
late,13,14,21,117,0.24758697782553382,1,0.0,0.047619047619047616
late,1,1,18,118,0.477243400426183,10,0.7,0.5555555555555556
late,1,2,18,118,0.457118157413569,2,0.0,0.1111111111111111
late,1,5,18,118,0.44297530752313563,1,0.0,0.05555555555555555
late,1,6,18,118,0.4416099830318159,3,0.3333333333333333,0.16666666666666666
late,1,13,18,118,0.220935086397508,1,0.0,0.05555555555555555
late,1,14,18,118,0.1949808735593604,1,0.0,0.05555555555555555
late,2,1,7,118,0.4963127805363197,3,0.3333333333333333,0.42857142857142855
late,2,2,7,118,0.47053354406532755,2,0.5,0.2857142857142857
late,2,13,7,118,0.2068431391545615,2,0.0,0.2857142857142857
late,5,6,2,118,0.46950895685400795,2,1.0,1.0
late,6,1,29,118,0.5343616109008483,4,0.5,0.13793103448275862
late,6,2,29,118,0.5067085694357103,8,0.5,0.27586206896551724
late,6,6,29,118,0.46371355714495605,14,0.5,0.4827586206896552
late,6,13,29,118,0.19849306628079122,3,0.0,0.10344827586206896
late,7,1,2,118,0.6394941639309686,1,0.0,0.5
late,7,13,2,118,0.3317655805298144,1,0.0,0.5
late,10,1,5,118,0.5959195090502999,2,0.5,0.4
late,10,2,5,118,0.5653520318463343,2,0.5,0.4
late,10,6,5,118,0.5541363150372026,1,0.0,0.2
late,11,1,2,118,0.631866017164709,2,0.5,1.0
late,13,1,10,118,0.4171765458025953,5,0.6,0.5
late,13,2,10,118,0.40001279679111423,1,0.0,0.1
late,13,6,10,118,0.38561326437990184,1,1.0,0.1
late,13,13,10,118,0.17810919606024248,3,0.0,0.3
late,5,3,1,119,0.6246726117702383,1,0.0,1.0
late,6,13,1,119,0.2674115040518603,1,0.0,1.0
late,8,3,6,119,0.6308988265927415,1,1.0,0.16666666666666666
late,8,5,6,119,0.5934893784537474,2,1.0,0.3333333333333333
late,8,9,6,119,0.5450027269792372,1,1.0,0.16666666666666666
late,8,10,6,119,0.5192307249620783,1,0.0,0.16666666666666666
late,8,13,6,119,0.2835636338366329,1,0.0,0.16666666666666666
late,9,8,3,119,0.5126235610855191,1,1.0,0.3333333333333333
late,9,9,3,119,0.5697635755769808,2,0.5,0.6666666666666666
late,10,1,1,119,0.6698662941672344,1,1.0,1.0
late,1,1,6,121,0.6508249192109404,4,0.75,0.6666666666666666
late,1,3,6,121,0.6574440444277055,2,0.5,0.3333333333333333
late,10,1,6,121,0.7227029344029762,1,1.0,0.16666666666666666
late,10,12,6,121,0.6284263842761378,5,0.8,0.8333333333333334
late,12,1,13,121,0.6006707946914935,1,1.0,0.07692307692307693
late,12,5,13,121,0.5830078701951213,2,0.0,0.15384615384615385
late,12,6,13,121,0.5881129206803967,1,0.0,0.07692307692307693
late,12,12,13,121,0.5483866684330793,9,0.4444444444444444,0.6923076923076923
late,13,3,1,121,0.6173784844742555,1,1.0,1.0
late,1,1,49,122,0.6043491602191255,18,0.7777777777777778,0.3673469387755102
late,1,2,49,122,0.5825365610823517,8,0.5,0.16326530612244897
late,1,3,49,122,0.5983940615968831,1,1.0,0.02040816326530612
late,1,5,49,122,0.5637703094416839,2,0.5,0.04081632653061224
late,1,6,49,122,0.5633319372698214,9,0.5555555555555556,0.1836734693877551
late,1,12,49,122,0.5042919078821025,2,0.5,0.04081632653061224
late,1,13,49,122,0.3150819597219642,9,0.1111111111111111,0.1836734693877551
late,2,1,35,122,0.5733011585128404,10,0.7,0.2857142857142857
late,2,2,35,122,0.5512766679917962,10,0.3,0.2857142857142857
late,2,3,35,122,0.5766578474894443,1,1.0,0.02857142857142857
late,2,5,35,122,0.5171452157343506,1,0.0,0.02857142857142857
late,2,6,35,122,0.5153858114871717,4,0.75,0.11428571428571428
late,2,12,35,122,0.45268347362748557,1,0.0,0.02857142857142857
late,2,13,35,122,0.27588938673121044,7,0.42857142857142855,0.2
late,2,14,35,122,0.2526398153527044,1,0.0,0.02857142857142857
late,4,1,14,122,0.7412362552246645,3,1.0,0.21428571428571427
late,4,2,14,122,0.7152277056831062,1,1.0,0.07142857142857142
late,4,5,14,122,0.7017298207369699,4,0.5,0.2857142857142857
late,4,6,14,122,0.7017298207369699,4,1.0,0.2857142857142857
late,4,13,14,122,0.43784457052308356,2,0.5,0.14285714285714285
late,5,5,11,122,0.5531613106834147,5,0.6,0.45454545454545453
late,5,6,11,122,0.5525671625614406,3,0.0,0.2727272727272727
late,5,13,11,122,0.28889625855584194,3,0.0,0.2727272727272727
late,6,1,45,122,0.6116332180578499,2,1.0,0.044444444444444446
late,6,2,45,122,0.5865553310380294,10,0.7,0.2222222222222222
late,6,5,45,122,0.5403784512871237,3,0.0,0.06666666666666667
late,6,6,45,122,0.5411649406456112,21,0.47619047619047616,0.4666666666666667
late,6,13,45,122,0.2653067737967155,9,0.1111111111111111,0.2
late,7,2,2,122,0.7148965428798085,1,1.0,0.5
late,7,13,2,122,0.4464798006201397,1,0.0,0.5
late,8,2,1,122,0.602167695923174,1,0.0,1.0
late,10,1,14,122,0.6313108148727383,1,1.0,0.07142857142857142
late,10,2,14,122,0.6090191772149457,5,0.4,0.35714285714285715
late,10,5,14,122,0.5961775848546448,3,0.6666666666666666,0.21428571428571427
late,10,6,14,122,0.5961775848546448,1,1.0,0.07142857142857142
late,10,13,14,122,0.37766987087281795,4,0.5,0.2857142857142857
late,11,1,38,122,0.7225301958851136,16,0.9375,0.42105263157894735
late,11,2,38,122,0.6946647427541288,8,0.625,0.21052631578947367
late,11,4,38,122,0.7103008338383843,2,0.5,0.05263157894736842
late,11,6,38,122,0.6910235839890007,5,1.0,0.13157894736842105
late,11,7,38,122,0.6530234155816331,4,1.0,0.10526315789473684
late,11,11,38,122,0.628679456691244,1,1.0,0.02631578947368421
late,11,13,38,122,0.3922847266161981,2,0.5,0.05263157894736842
late,12,1,18,122,0.5450770662212263,1,1.0,0.05555555555555555
late,12,2,18,122,0.5280995841377137,1,0.0,0.05555555555555555
late,12,8,18,122,0.4429574499384921,1,1.0,0.05555555555555555
late,12,10,18,122,0.4781982799498246,2,0.5,0.1111111111111111
late,12,12,18,122,0.47993261464254033,7,0.5714285714285714,0.3888888888888889
late,12,13,18,122,0.28644183410308677,2,0.0,0.1111111111111111
late,12,14,18,122,0.2381171880735108,4,0.0,0.2222222222222222
late,13,1,51,122,0.45875052050782217,5,0.4,0.09803921568627451
late,13,2,51,122,0.44570435774531275,10,0.4,0.19607843137254902
late,13,5,51,122,0.4255647842159925,4,0.25,0.0784313725490196
late,13,6,51,122,0.4255647842159925,11,0.45454545454545453,0.21568627450980393
late,13,12,51,122,0.3801808215099158,3,0.0,0.058823529411764705
late,13,13,51,122,0.20956224869886053,16,0.0625,0.3137254901960784
late,13,14,51,122,0.18699032800693505,2,0.0,0.0392156862745098
late,14,14,1,122,0.2729920508932879,1,1.0,1.0
late,1,1,10,123,0.6807862993190189,7,0.5714285714285714,0.7
late,1,3,10,123,0.6897170530763469,1,0.0,0.1
late,1,13,10,123,0.3733526086753525,2,0.5,0.2
late,2,1,1,123,0.6741456422741657,1,1.0,1.0
late,8,1,1,123,0.6934504516711898,1,1.0,1.0
late,10,2,1,123,0.6985063402783048,1,1.0,1.0
late,11,1,2,123,0.7550941053008988,2,1.0,1.0
late,13,13,1,123,0.2744422598674233,1,0.0,1.0
late,3,3,4,124,0.5502717046765842,2,1.0,0.5
late,3,5,4,124,0.4861382185676878,2,0.0,0.5
late,5,3,1,124,0.6439803287012182,1,1.0,1.0
late,10,3,14,124,0.7789547666273002,6,1.0,0.42857142857142855
late,10,10,14,124,0.6769038806192602,3,1.0,0.21428571428571427
late,10,12,14,124,0.7002351673470063,3,0.6666666666666666,0.21428571428571427
late,10,13,14,124,0.5426613004650839,2,1.0,0.14285714285714285
late,11,8,1,124,0.6625861127977063,1,0.0,1.0
late,12,3,6,124,0.5275830235540928,1,0.0,0.16666666666666666
late,12,5,6,124,0.5229091889190336,2,0.0,0.3333333333333333
late,12,10,6,124,0.4810849658187874,2,1.0,0.3333333333333333
late,12,13,6,124,0.3542424766348875,1,0.0,0.16666666666666666
late,9,13,2,125,0.16899323092106988,2,0.0,1.0
late,1,2,7,126,0.602778289513732,1,1.0,0.14285714285714285
late,1,6,7,126,0.5820856337977005,4,1.0,0.5714285714285714
late,1,13,7,126,0.3797903577292973,2,0.5,0.2857142857142857
late,2,6,2,126,0.6141449849647508,1,1.0,0.5
late,2,13,2,126,0.3563869918026553,1,0.0,0.5
late,5,5,7,126,0.6420580682109129,1,0.0,0.14285714285714285
late,5,6,7,126,0.6407781855838619,2,0.5,0.2857142857142857
late,5,13,7,126,0.37214909796656775,4,0.5,0.5714285714285714
late,6,2,17,126,0.6690865966242986,3,0.6666666666666666,0.17647058823529413
late,6,5,17,126,0.6334399451720171,3,0.3333333333333333,0.17647058823529413
late,6,6,17,126,0.6354315808077156,8,0.625,0.47058823529411764
late,6,13,17,126,0.3414330810859594,3,0.0,0.17647058823529413
late,7,6,2,126,0.7647011818783982,2,1.0,1.0
late,10,6,2,126,0.726716750744953,1,1.0,0.5
late,10,13,2,126,0.4865184530840114,1,0.0,0.5
late,11,1,2,126,0.8027495887093106,1,1.0,0.5
late,11,10,2,126,0.7195077148926227,1,1.0,0.5
late,13,2,8,126,0.642388472001357,2,1.0,0.25
late,13,5,8,126,0.6173096371519456,1,0.0,0.125
late,13,6,8,126,0.6173096371519456,2,1.0,0.25
late,13,13,8,126,0.3478332285642396,3,0.0,0.375
late,1,1,12,127,0.6293512357898968,6,0.6666666666666666,0.5
late,1,2,12,127,0.6132689430702654,1,1.0,0.08333333333333333
late,1,5,12,127,0.5897562416480471,1,1.0,0.08333333333333333
late,1,7,12,127,0.5561579666639518,1,0.0,0.08333333333333333
late,1,10,12,127,0.529116924167973,2,0.5,0.16666666666666666
late,1,11,12,127,0.5237628916292592,1,1.0,0.08333333333333333
late,3,3,1,127,0.7309634720088691,1,1.0,1.0
late,10,1,4,127,0.5647934873425668,1,1.0,0.25
late,10,13,4,127,0.3355693442094987,3,0.3333333333333333,0.75
late,11,1,2,127,0.7409825778499484,2,0.5,1.0
late,14,14,1,127,0.2616768872801942,1,0.0,1.0
late,1,1,125,128,0.5584984245616577,52,0.6730769230769231,0.416
late,1,2,125,128,0.5392377704894027,3,0.0,0.024
late,1,3,125,128,0.5573306324291457,3,1.0,0.024
late,1,5,125,128,0.515389250926744,7,0.2857142857142857,0.056
late,1,6,125,128,0.5148304005127499,34,0.47058823529411764,0.272
late,1,10,125,128,0.44646655684019204,1,1.0,0.008
late,1,12,125,128,0.4549813080996223,1,1.0,0.008
late,1,13,125,128,0.276491281508339,22,0.22727272727272727,0.176
late,1,14,125,128,0.24514297809340097,2,0.0,0.016
late,2,1,29,128,0.5413759500499968,9,0.2222222222222222,0.3103448275862069
late,2,2,29,128,0.5137371136814133,11,0.6363636363636364,0.3793103448275862
late,2,3,29,128,0.5320512317818517,1,1.0,0.034482758620689655
late,2,5,29,128,0.4888555313025233,1,0.0,0.034482758620689655
late,2,6,29,128,0.48831267753036467,2,0.5,0.06896551724137931
late,2,13,29,128,0.2619587785373912,5,0.6,0.1724137931034483
late,3,3,3,128,0.6470765203038947,1,1.0,0.3333333333333333
late,3,6,3,128,0.5268755642301731,1,0.0,0.3333333333333333
late,3,12,3,128,0.4572488510145309,1,0.0,0.3333333333333333
late,4,1,6,128,0.6926312337094226,3,0.6666666666666666,0.5
late,4,5,6,128,0.6479025380645015,1,1.0,0.16666666666666666
late,4,6,6,128,0.6497848844751045,1,1.0,0.16666666666666666
late,4,13,6,128,0.37630975917533166,1,0.0,0.16666666666666666
late,5,1,26,128,0.5744373334242682,10,0.6,0.38461538461538464
late,5,2,26,128,0.5466910818450782,1,1.0,0.038461538461538464
late,5,5,26,128,0.5211162227175304,3,0.0,0.11538461538461539
late,5,6,26,128,0.5203886259769737,6,0.16666666666666666,0.23076923076923078
late,5,12,26,128,0.4588511254588236,1,1.0,0.038461538461538464
late,5,13,26,128,0.25778818342163806,5,0.6,0.19230769230769232
late,6,1,79,128,0.5553168033525128,17,0.4117647058823529,0.21518987341772153
late,6,2,79,128,0.5304775379963886,6,0.16666666666666666,0.0759493670886076
late,6,3,79,128,0.5417339340651777,4,0.25,0.05063291139240506
late,6,5,79,128,0.48791260647865153,6,0.16666666666666666,0.0759493670886076
late,6,6,79,128,0.48785643088763814,30,0.43333333333333335,0.379746835443038
late,6,13,79,128,0.22514550126744878,16,0.125,0.20253164556962025
late,7,1,14,128,0.6423902917737917,2,0.5,0.14285714285714285
late,7,2,14,128,0.6215517486825507,3,0.6666666666666666,0.21428571428571427
late,7,5,14,128,0.6062854289066016,3,1.0,0.21428571428571427
late,7,6,14,128,0.6062854289066016,3,0.6666666666666666,0.21428571428571427
late,7,13,14,128,0.3759064267120779,3,0.3333333333333333,0.21428571428571427
late,8,2,1,128,0.5701705740969214,1,0.0,1.0
late,9,12,1,128,0.562906449249841,1,1.0,1.0
late,10,1,78,128,0.6017312229294794,4,1.0,0.05128205128205128
late,10,2,78,128,0.5789312330818438,29,0.4482758620689655,0.3717948717948718
late,10,3,78,128,0.5896779241693607,1,1.0,0.01282051282051282
late,10,5,78,128,0.5655545658794727,5,0.2,0.0641025641025641
late,10,6,78,128,0.5655545658794727,7,0.8571428571428571,0.08974358974358974
late,10,10,78,128,0.5054118734834017,1,1.0,0.01282051282051282
late,10,12,78,128,0.5271580624873837,3,0.6666666666666666,0.038461538461538464
late,10,13,78,128,0.3555040678199382,28,0.39285714285714285,0.358974358974359
late,11,1,37,128,0.6964206350216089,17,0.6470588235294118,0.4594594594594595
late,11,2,37,128,0.668179961150184,1,0.0,0.02702702702702703
late,11,3,37,128,0.6753681575823187,1,0.0,0.02702702702702703
late,11,5,37,128,0.660622404695313,6,0.8333333333333334,0.16216216216216217
late,11,7,37,128,0.6259125876636104,1,0.0,0.02702702702702703
late,11,10,37,128,0.5944778123859219,6,0.8333333333333334,0.16216216216216217
late,11,13,37,128,0.3521300914359523,4,0.25,0.10810810810810811
late,11,14,37,128,0.2773904652499009,1,0.0,0.02702702702702703
late,12,2,47,128,0.5260534207769052,3,0.6666666666666666,0.06382978723404255
late,12,3,47,128,0.5377683732095163,3,0.6666666666666666,0.06382978723404255
late,12,10,47,128,0.47308361118134123,4,0.75,0.0851063829787234
late,12,12,47,128,0.48277647791758366,36,0.5833333333333334,0.7659574468085106
late,12,14,47,128,0.25810786073348424,1,0.0,0.02127659574468085
late,13,1,86,128,0.5061623625531677,2,1.0,0.023255813953488372
late,13,2,86,128,0.4909210585998814,21,0.5714285714285714,0.2441860465116279
late,13,3,86,128,0.5008710433725791,2,0.5,0.023255813953488372
late,13,5,86,128,0.46722471133851956,7,0.0,0.08139534883720931
late,13,6,86,128,0.4670956878416959,7,0.14285714285714285,0.08139534883720931
late,13,7,86,128,0.42169238715812474,1,0.0,0.011627906976744186
late,13,8,86,128,0.3531091715577278,1,0.0,0.011627906976744186
late,13,10,86,128,0.40072892102469293,1,0.0,0.011627906976744186
late,13,12,86,128,0.41644685793618397,2,0.0,0.023255813953488372
late,13,13,86,128,0.2325481797493083,40,0.325,0.46511627906976744
late,13,14,86,128,0.2052594938109138,2,0.5,0.023255813953488372
late,1,1,52,129,0.5569702355528047,18,0.7777777777777778,0.34615384615384615
late,1,2,52,129,0.537337922100336,5,0.2,0.09615384615384616
late,1,3,52,129,0.55780512045132,3,0.6666666666666666,0.057692307692307696
late,1,5,52,129,0.5166237054531637,7,0.14285714285714285,0.1346153846153846
late,1,6,52,129,0.5155532992142698,2,0.5,0.038461538461538464
late,1,13,52,129,0.27214701818576104,17,0.29411764705882354,0.3269230769230769
late,2,1,34,129,0.5521461197037953,10,0.5,0.29411764705882354
late,2,2,34,129,0.5305716940288171,17,0.47058823529411764,0.5
late,2,6,34,129,0.4941968377549923,1,0.0,0.029411764705882353
late,2,13,34,129,0.248261959825038,6,0.3333333333333333,0.17647058823529413
late,3,3,1,129,0.6504635134401291,1,1.0,1.0
late,4,1,20,129,0.6956667238740374,10,0.8,0.5
late,4,3,20,129,0.6764122803219632,1,1.0,0.05
late,4,5,20,129,0.6496922845504349,1,1.0,0.05
late,4,6,20,129,0.6496922845504349,7,0.5714285714285714,0.35
late,4,13,20,129,0.37982245366238493,1,1.0,0.05
late,5,1,13,129,0.531954253238455,4,1.0,0.3076923076923077
late,5,2,13,129,0.5120772370610545,4,0.25,0.3076923076923077
late,5,5,13,129,0.4789035471422387,1,1.0,0.07692307692307693
late,5,6,13,129,0.47606607992697864,1,0.0,0.07692307692307693
late,5,13,13,129,0.22533275446276232,3,0.0,0.23076923076923078
late,6,1,25,129,0.5890730233141414,2,0.0,0.08
late,6,2,25,129,0.5616172053442406,5,0.8,0.2
late,6,3,25,129,0.5753587761875365,1,0.0,0.04
late,6,5,25,129,0.5143097694561266,4,0.0,0.16
late,6,6,25,129,0.5143097694561266,5,0.8,0.2
late,6,13,25,129,0.23773740078651737,8,0.375,0.32
late,7,1,8,129,0.6932113484966269,1,0.0,0.125
late,7,2,8,129,0.6738347554182761,2,0.5,0.25
late,7,5,8,129,0.6430327084716831,1,1.0,0.125
late,7,6,8,129,0.6430327084716831,1,1.0,0.125
late,7,13,8,129,0.3954329598262839,3,0.3333333333333333,0.375
late,10,2,14,129,0.6231599750248709,7,1.0,0.5
late,10,3,14,129,0.6403311665587413,1,1.0,0.07142857142857142
late,10,5,14,129,0.60647242871031,1,1.0,0.07142857142857142
late,10,6,14,129,0.60647242871031,1,0.0,0.07142857142857142
late,10,13,14,129,0.38590511002268085,4,0.25,0.2857142857142857
late,11,1,48,129,0.6715848072108007,16,0.875,0.3333333333333333
late,11,2,48,129,0.6458307053724789,10,0.7,0.20833333333333334
late,11,4,48,129,0.6615796984462678,2,0.5,0.041666666666666664
late,11,6,48,129,0.6364409606618913,4,1.0,0.08333333333333333
late,11,7,48,129,0.5969019685017224,2,1.0,0.041666666666666664
late,11,10,48,129,0.5638212122778781,2,0.0,0.041666666666666664
late,11,11,48,129,0.5685614484662259,2,0.5,0.041666666666666664
late,11,12,48,129,0.5808035870640144,1,0.0,0.020833333333333332
late,11,13,48,129,0.3493100766377326,9,0.1111111111111111,0.1875
late,12,1,3,129,0.5263685309328601,1,0.0,0.3333333333333333
late,12,3,3,129,0.5252400515741936,1,1.0,0.3333333333333333
late,12,13,3,129,0.29197000183275007,1,0.0,0.3333333333333333
late,13,1,44,129,0.5105098281679102,3,0.6666666666666666,0.06818181818181818
late,13,2,44,129,0.4948688559438412,9,0.4444444444444444,0.20454545454545456
late,13,5,44,129,0.47177307997829243,5,0.4,0.11363636363636363
late,13,6,44,129,0.47177307997829243,8,0.625,0.18181818181818182
late,13,13,44,129,0.23731227372119437,18,0.16666666666666666,0.4090909090909091
late,13,14,44,129,0.21168504723281956,1,0.0,0.022727272727272728
late,14,1,2,129,0.4787296495423876,1,0.0,0.5
late,14,2,2,129,0.4521228389350683,1,0.0,0.5
late,1,1,1,130,0.6700320983827822,1,1.0,1.0
late,3,3,5,130,0.5758521868554233,2,1.0,0.4
late,3,5,5,130,0.511702461095427,1,1.0,0.2
late,3,6,5,130,0.5095905086668346,1,0.0,0.2
late,3,13,5,130,0.3014406093782371,1,0.0,0.2
late,5,5,1,130,0.026881357389013552,1,0.0,1.0
late,6,3,6,130,0.5422671136596041,5,0.6,0.8333333333333334
late,6,13,6,130,0.27889466552469006,1,0.0,0.16666666666666666
late,7,3,2,130,0.8035325656002215,1,1.0,0.5
late,7,10,2,130,0.6712202983211698,1,1.0,0.5
late,9,3,5,130,0.5800165645168968,2,1.0,0.4
late,9,5,5,130,0.5792721240833454,1,0.0,0.2
late,9,10,5,130,0.5283492019648108,1,1.0,0.2
late,9,13,5,130,0.39452036117608336,1,0.0,0.2
late,10,3,3,130,0.7622459256875316,1,0.0,0.3333333333333333
late,10,9,3,130,0.6827078462704465,2,1.0,0.6666666666666666
late,13,3,1,130,0.6353138778878631,1,1.0,1.0
late,1,1,8,131,0.6004750974398212,6,0.5,0.75
late,1,6,8,131,0.56668811765393,1,0.0,0.125
late,1,13,8,131,0.31461763241560015,1,0.0,0.125
late,2,1,9,131,0.5698006774233972,2,0.0,0.2222222222222222
late,2,2,9,131,0.5409052080074512,6,0.5,0.6666666666666666
late,2,13,9,131,0.2888114018582282,1,1.0,0.1111111111111111
late,5,2,3,131,0.5996857165255672,1,1.0,0.3333333333333333
late,5,5,3,131,0.5528717976464907,1,1.0,0.3333333333333333
late,5,13,3,131,0.27232686925076227,1,0.0,0.3333333333333333
late,10,13,1,131,0.4498525603686603,1,1.0,1.0
late,11,13,1,131,0.3669852575555645,1,0.0,1.0
late,13,2,4,131,0.5185245713427822,2,1.0,0.5
late,13,13,4,131,0.2600839970876737,2,0.0,0.5
late,1,1,32,132,0.56849351426117,6,0.5,0.1875
late,1,2,32,132,0.5492518419083646,12,0.5,0.375
late,1,3,32,132,0.5714159584874102,2,1.0,0.0625
late,1,5,32,132,0.5228332680453204,3,0.6666666666666666,0.09375
late,1,6,32,132,0.5224120435414178,1,1.0,0.03125
late,1,8,32,132,0.4181228558283332,3,0.6666666666666666,0.09375
late,1,12,32,132,0.45961332380990666,1,0.0,0.03125
late,1,13,32,132,0.27542155667571033,2,0.0,0.0625
late,1,14,32,132,0.24573554549430893,2,0.5,0.0625
late,2,1,32,132,0.48523029543835416,10,0.6,0.3125
late,2,2,32,132,0.46920330718775993,7,0.5714285714285714,0.21875
late,2,5,32,132,0.4290746828327685,1,0.0,0.03125
late,2,6,32,132,0.4279678202044621,8,0.25,0.25
late,2,8,32,132,0.31840866698947023,1,0.0,0.03125
late,2,13,32,132,0.22002837995752,2,0.0,0.0625
late,2,14,32,132,0.20078539125926437,3,0.6666666666666666,0.09375
late,4,1,4,132,0.7876068767154154,1,0.0,0.25
late,4,2,4,132,0.7629635657138794,2,1.0,0.5
late,4,13,4,132,0.4710980668111749,1,1.0,0.25
late,5,1,11,132,0.5279990703655834,1,1.0,0.09090909090909091
late,5,2,11,132,0.4993246230247507,3,0.0,0.2727272727272727
late,5,5,11,132,0.4788181146467412,3,0.3333333333333333,0.2727272727272727
late,5,6,11,132,0.4779795919750802,3,0.3333333333333333,0.2727272727272727
late,5,14,11,132,0.2154765402819497,1,0.0,0.09090909090909091
late,6,1,19,132,0.5305525092726535,2,0.5,0.10526315789473684
late,6,2,19,132,0.5044755206975061,7,0.5714285714285714,0.3684210526315789
late,6,5,19,132,0.47037153941558796,1,1.0,0.05263157894736842
late,6,6,19,132,0.4703746696601951,4,0.75,0.21052631578947367
late,6,13,19,132,0.22024171368528997,4,0.25,0.21052631578947367
late,6,14,19,132,0.19291552884405516,1,0.0,0.05263157894736842
late,7,1,6,132,0.7008872266170246,2,1.0,0.3333333333333333
late,7,2,6,132,0.6812841908058721,1,1.0,0.16666666666666666
late,7,6,6,132,0.6489490465909489,1,1.0,0.16666666666666666
late,7,8,6,132,0.512869898405312,1,0.0,0.16666666666666666
late,7,13,6,132,0.3495643192993059,1,1.0,0.16666666666666666
late,8,1,9,132,0.6405548239166771,1,1.0,0.1111111111111111
late,8,2,9,132,0.617111029143846,1,0.0,0.1111111111111111
late,8,5,9,132,0.5827799518844478,1,1.0,0.1111111111111111
late,8,6,9,132,0.5827799518844478,2,0.5,0.2222222222222222
late,8,8,9,132,0.45462237982121767,2,0.0,0.2222222222222222
late,8,13,9,132,0.2907668859728783,1,1.0,0.1111111111111111
late,8,14,9,132,0.2571276947086914,1,0.0,0.1111111111111111
late,10,1,24,132,0.6431181414396748,2,0.5,0.08333333333333333
late,10,2,24,132,0.6235058115174057,4,0.75,0.16666666666666666
late,10,5,24,132,0.6002150647623886,2,0.5,0.08333333333333333
late,10,6,24,132,0.6002150647623886,6,1.0,0.25
late,10,10,24,132,0.5332736869872253,1,1.0,0.041666666666666664
late,10,12,24,132,0.5503902788517021,2,0.5,0.08333333333333333
late,10,13,24,132,0.37298390562675415,7,0.5714285714285714,0.2916666666666667
late,11,1,4,132,0.6923636476413534,2,0.5,0.5
late,11,4,4,132,0.6891639862855513,1,1.0,0.25
late,11,10,4,132,0.5994039214073243,1,1.0,0.25
late,12,1,13,132,0.50012205764422,4,0.5,0.3076923076923077
late,12,2,13,132,0.4820953460095153,1,0.0,0.07692307692307693
late,12,6,13,132,0.4771495097822732,1,1.0,0.07692307692307693
late,12,10,13,132,0.4293848902707661,2,0.5,0.15384615384615385
late,12,12,13,132,0.4264484720570379,5,0.4,0.38461538461538464
late,13,1,30,132,0.5342058099776372,1,0.0,0.03333333333333333
late,13,2,30,132,0.519908782895749,5,0.4,0.16666666666666666
late,13,5,30,132,0.49330077790495674,2,1.0,0.06666666666666667
late,13,6,30,132,0.49330077790495674,8,0.5,0.26666666666666666
late,13,13,30,132,0.22881147194000617,12,0.08333333333333333,0.4
late,13,14,30,132,0.20359544860750317,2,0.5,0.06666666666666667
late,14,2,6,132,0.254661638400225,3,0.3333333333333333,0.5
late,14,14,6,132,0.11103399219057473,3,0.3333333333333333,0.5
late,1,1,28,133,0.6278114304482169,8,0.75,0.2857142857142857
late,1,2,28,133,0.6040528050321939,5,0.2,0.17857142857142858
late,1,5,28,133,0.594618981867262,3,0.6666666666666666,0.10714285714285714
late,1,6,28,133,0.5942728790831967,8,0.625,0.2857142857142857
late,1,13,28,133,0.3388877390425142,4,0.5,0.14285714285714285
late,2,1,41,133,0.5952990067994567,3,0.6666666666666666,0.07317073170731707
late,2,2,41,133,0.570102987527041,19,0.47368421052631576,0.4634146341463415
late,2,3,41,133,0.5911072986550109,1,1.0,0.024390243902439025
late,2,5,41,133,0.5377043711438932,4,0.5,0.0975609756097561
late,2,6,41,133,0.5362041131475489,7,0.5714285714285714,0.17073170731707318
late,2,13,41,133,0.2952280875592394,7,0.2857142857142857,0.17073170731707318
late,3,13,1,133,0.3278210835192674,1,1.0,1.0
late,4,13,1,133,0.4491627489067128,1,1.0,1.0
late,5,1,13,133,0.6327988798817032,2,0.5,0.15384615384615385
late,5,2,13,133,0.6104054267215486,3,0.6666666666666666,0.23076923076923078
late,5,5,13,133,0.5680545404494175,3,0.6666666666666666,0.23076923076923078
late,5,6,13,133,0.5664223214790285,4,0.75,0.3076923076923077
late,5,13,13,133,0.2886104651277355,1,0.0,0.07692307692307693
late,6,2,28,133,0.582329658421794,14,0.5714285714285714,0.5
late,6,5,28,133,0.5512019680724289,2,1.0,0.07142857142857142
late,6,6,28,133,0.5508089789640791,7,0.5714285714285714,0.25
late,6,13,28,133,0.2681492050415536,5,0.0,0.17857142857142858
late,7,2,9,133,0.6893350296070813,7,0.5714285714285714,0.7777777777777778
late,7,6,9,133,0.6667046995803521,1,0.0,0.1111111111111111
late,7,13,9,133,0.37537692503341347,1,1.0,0.1111111111111111
late,10,1,28,133,0.6933677355732094,4,0.75,0.14285714285714285
late,10,2,28,133,0.6701819878928849,6,0.16666666666666666,0.21428571428571427
late,10,6,28,133,0.6519009167509993,3,0.6666666666666666,0.10714285714285714
late,10,10,28,133,0.5844891573413086,3,0.0,0.10714285714285714
late,10,12,28,133,0.6094948272129402,6,0.5,0.21428571428571427
late,10,13,28,133,0.4162630717522343,6,0.16666666666666666,0.21428571428571427
late,11,1,2,133,0.7026617308610041,1,1.0,0.5
late,11,5,2,133,0.6688650539306027,1,1.0,0.5
late,12,2,32,133,0.5629215367600849,2,0.5,0.0625
late,12,3,32,133,0.5748222908650077,2,0.5,0.0625
late,12,6,32,133,0.5553034402069899,1,1.0,0.03125
late,12,10,32,133,0.5035120462363994,4,0.75,0.125
late,12,12,32,133,0.5201268335800586,17,0.6470588235294118,0.53125
late,12,13,32,133,0.3518633184244002,4,0.25,0.125
late,12,14,32,133,0.30290917076324647,2,0.5,0.0625
late,13,2,10,133,0.5601106098735515,2,0.5,0.2
late,13,6,10,133,0.5268379138617548,1,1.0,0.1
late,13,13,10,133,0.2887232261854166,6,0.16666666666666666,0.6
late,13,14,10,133,0.2569881401266509,1,0.0,0.1
late,14,2,2,133,0.53386836617718,1,0.0,0.5
late,14,14,2,133,0.2606900248741486,1,1.0,0.5
late,1,1,4,134,0.5960383613993101,3,1.0,0.75
late,1,5,4,134,0.5603953925081573,1,1.0,0.25
late,2,1,1,134,0.5784498158776776,1,1.0,1.0
late,3,5,1,134,0.5819529528009805,1,0.0,1.0
late,10,13,1,134,0.41665065359789133,1,0.0,1.0
late,11,1,2,134,0.7181339115081498,1,1.0,0.5
late,11,13,2,134,0.41563559605579525,1,0.0,0.5
late,1,1,3,135,0.5216728443291713,2,0.0,0.6666666666666666
late,1,6,3,135,0.4732315752180997,1,0.0,0.3333333333333333
late,2,2,3,135,0.42337167122963687,3,0.0,1.0
late,5,13,1,135,0.17823073805931944,1,0.0,1.0
late,6,2,6,135,0.4491080659795954,2,0.0,0.3333333333333333
late,6,5,6,135,0.4267496848221592,2,0.5,0.3333333333333333
late,6,6,6,135,0.4267496848221592,2,0.5,0.3333333333333333
late,10,13,1,135,0.3697064971055116,1,0.0,1.0
late,11,6,1,135,0.5583909579977662,1,0.0,1.0
late,13,5,5,135,0.4097296081604867,1,1.0,0.2
late,13,6,5,135,0.4097296081604867,2,0.5,0.4
late,13,13,5,135,0.1931670941285961,2,0.0,0.4
late,14,2,1,135,0.38231690918687183,1,0.0,1.0
late,1,1,147,136,0.6063861258738443,46,0.6739130434782609,0.3129251700680272
late,1,2,147,136,0.5828367290157074,33,0.6363636363636364,0.22448979591836735
late,1,3,147,136,0.5998833354485396,3,0.3333333333333333,0.02040816326530612
late,1,5,147,136,0.5684523494295121,19,0.631578947368421,0.1292517006802721
late,1,6,147,136,0.5675564980015979,13,0.5384615384615384,0.08843537414965986
late,1,8,147,136,0.4647452230376341,1,0.0,0.006802721088435374
late,1,12,147,136,0.5118579396782316,2,0.5,0.013605442176870748
late,1,13,147,136,0.31260486048200087,30,0.3333333333333333,0.20408163265306123
late,2,1,224,136,0.5754144532774725,17,0.6470588235294118,0.07589285714285714
late,2,2,224,136,0.5465833037867661,133,0.5338345864661654,0.59375
late,2,5,224,136,0.5247662516314541,9,0.4444444444444444,0.04017857142857143
late,2,6,224,136,0.5239088317344467,17,0.5882352941176471,0.07589285714285714
late,2,8,224,136,0.4148669987542883,1,0.0,0.004464285714285714
late,2,12,224,136,0.4673320491541779,1,0.0,0.004464285714285714
late,2,13,224,136,0.2858371560022581,46,0.15217391304347827,0.20535714285714285
late,3,3,5,136,0.6610225789638712,1,1.0,0.2
late,3,6,5,136,0.5531452379005014,2,0.5,0.4
late,3,12,5,136,0.47939589235305335,1,1.0,0.2
late,3,13,5,136,0.2887509719192353,1,0.0,0.2
late,4,1,21,136,0.7457078245762924,4,1.0,0.19047619047619047
late,4,2,21,136,0.7189653016389079,7,0.8571428571428571,0.3333333333333333
late,4,5,21,136,0.7026460016185735,3,0.3333333333333333,0.14285714285714285
late,4,6,21,136,0.7030847189520794,7,1.0,0.3333333333333333
late,5,1,81,136,0.5845772255503952,14,0.5714285714285714,0.1728395061728395
late,5,2,81,136,0.5565175065569562,9,0.4444444444444444,0.1111111111111111
late,5,5,81,136,0.5343720756936686,28,0.6428571428571429,0.345679012345679
late,5,6,81,136,0.5335350549612718,8,0.625,0.09876543209876543
late,5,8,81,136,0.4135147316640204,1,0.0,0.012345679012345678
late,5,13,81,136,0.27176886024527486,21,0.2857142857142857,0.25925925925925924
late,6,1,135,136,0.5831678423421708,3,0.6666666666666666,0.022222222222222223
late,6,2,135,136,0.5558076321363091,36,0.4722222222222222,0.26666666666666666
late,6,3,135,136,0.5615888937249311,1,1.0,0.007407407407407408
late,6,5,135,136,0.5210003067742361,15,0.4,0.1111111111111111
late,6,6,135,136,0.5209963283159911,39,0.5128205128205128,0.28888888888888886
late,6,8,135,136,0.40722083072668147,2,0.5,0.014814814814814815
late,6,10,135,136,0.44749679508509954,2,0.0,0.014814814814814815
late,6,13,135,136,0.2553972854740953,37,0.2702702702702703,0.2740740740740741
late,7,1,21,136,0.7203412381591777,2,1.0,0.09523809523809523
late,7,2,21,136,0.700685459429593,3,1.0,0.14285714285714285
late,7,3,21,136,0.7166206568924549,1,1.0,0.047619047619047616
late,7,5,21,136,0.6769618603897427,2,0.0,0.09523809523809523
late,7,6,21,136,0.6769618603897427,5,0.8,0.23809523809523808
late,7,13,21,136,0.4347359582636339,8,0.625,0.38095238095238093
late,8,2,6,136,0.6475618201549073,1,1.0,0.16666666666666666
late,8,8,6,136,0.4396308918403698,1,0.0,0.16666666666666666
late,8,13,6,136,0.3250270380983158,3,0.3333333333333333,0.5
late,8,14,6,136,0.2747050131686675,1,0.0,0.16666666666666666
late,9,5,3,136,0.6392398817880472,1,1.0,0.3333333333333333
late,9,12,3,136,0.6106496054348775,1,1.0,0.3333333333333333
late,9,13,3,136,0.44405265152087886,1,1.0,0.3333333333333333
late,10,1,140,136,0.6653032783127337,22,0.6363636363636364,0.15714285714285714
late,10,2,140,136,0.6421567955692968,31,0.5806451612903226,0.22142857142857142
late,10,3,140,136,0.6550826770703504,3,1.0,0.02142857142857143
late,10,5,140,136,0.6280441415438544,5,0.8,0.03571428571428571
late,10,6,140,136,0.6280441415438544,15,0.6666666666666666,0.10714285714285714
late,10,7,140,136,0.5907638707456647,3,0.6666666666666666,0.02142857142857143
late,10,8,140,136,0.5268269112252321,1,0.0,0.007142857142857143
late,10,10,140,136,0.566018359026327,8,0.75,0.05714285714285714
late,10,11,140,136,0.5680212838829537,1,1.0,0.007142857142857143
late,10,12,140,136,0.5887328674444129,9,0.5555555555555556,0.06428571428571428
late,10,13,140,136,0.4102791427956437,42,0.5,0.3
late,11,1,23,136,0.7172091072105028,10,0.7,0.43478260869565216
late,11,2,23,136,0.6908791000926329,2,0.5,0.08695652173913043
late,11,3,23,136,0.6995330294173334,1,1.0,0.043478260869565216
late,11,4,23,136,0.7035545739626612,3,0.6666666666666666,0.13043478260869565
late,11,5,23,136,0.6826830333016918,1,1.0,0.043478260869565216
late,11,7,23,136,0.6445393907328816,1,1.0,0.043478260869565216
late,11,10,23,136,0.6112582991143782,3,0.6666666666666666,0.13043478260869565
late,11,13,23,136,0.37804005807131014,2,0.5,0.08695652173913043
late,12,1,102,136,0.5393064663325359,2,0.0,0.0196078431372549
late,12,2,102,136,0.5259892101339069,6,0.16666666666666666,0.058823529411764705
late,12,3,102,136,0.5372703686116557,2,1.0,0.0196078431372549
late,12,5,102,136,0.5117543937515615,2,0.0,0.0196078431372549
late,12,6,102,136,0.5154893025053516,2,1.0,0.0196078431372549
late,12,9,102,136,0.486777700982968,1,1.0,0.00980392156862745
late,12,10,102,136,0.47299690010447154,4,1.0,0.0392156862745098
late,12,12,102,136,0.48595198179506344,66,0.48484848484848486,0.6470588235294118
late,12,13,102,136,0.3249737216639672,14,0.07142857142857142,0.13725490196078433
late,12,14,102,136,0.2705622602550673,3,0.3333333333333333,0.029411764705882353
late,13,1,169,136,0.5246794751954152,7,0.2857142857142857,0.04142011834319527
late,13,2,169,136,0.5092374044804109,47,0.5319148936170213,0.2781065088757396
late,13,3,169,136,0.5184312548254468,3,0.6666666666666666,0.01775147928994083
late,13,5,169,136,0.48658100050465575,10,0.6,0.05917159763313609
late,13,6,169,136,0.48644795169484506,13,0.6153846153846154,0.07692307692307693
late,13,10,169,136,0.4218093823532944,2,0.5,0.011834319526627219
late,13,12,169,136,0.4383261941231978,4,0.75,0.023668639053254437
late,13,13,169,136,0.254327720375079,82,0.2926829268292683,0.48520710059171596
late,13,14,169,136,0.22685139413496383,1,1.0,0.005917159763313609
late,14,2,1,136,0.4798908225040041,1,0.0,1.0
late,1,1,13,137,0.42446967226740306,5,0.4,0.38461538461538464
late,1,2,13,137,0.40294399837459455,2,1.0,0.15384615384615385
late,1,5,13,137,0.3897235740014176,3,0.6666666666666666,0.23076923076923078
late,1,6,13,137,0.3930748904260834,2,0.0,0.15384615384615385
late,1,12,13,137,0.3430080698130932,1,1.0,0.07692307692307693
late,2,1,7,137,0.5077438533572155,1,1.0,0.14285714285714285
late,2,2,7,137,0.4807837020963632,3,0.3333333333333333,0.42857142857142855
late,2,5,7,137,0.46349719005457646,3,0.6666666666666666,0.42857142857142855
late,4,2,5,137,0.5400767246981145,2,1.0,0.4
late,4,5,5,137,0.5228747133219762,3,0.3333333333333333,0.6
late,5,5,8,137,0.4292730972518825,7,0.2857142857142857,0.875
late,5,6,8,137,0.4292730972518825,1,0.0,0.125
late,6,6,1,137,0.49126619041804503,1,0.0,1.0
late,7,5,1,137,0.612825214325365,1,0.0,1.0
late,10,13,1,137,0.011277788582653223,1,0.0,1.0
late,11,1,7,137,0.655620544727278,2,1.0,0.2857142857142857
late,11,2,7,137,0.6336696654276157,2,0.5,0.2857142857142857
late,11,10,7,137,0.553396513340791,1,1.0,0.14285714285714285
late,11,13,7,137,0.32964787996075395,2,0.5,0.2857142857142857
late,13,5,1,137,0.427512170109193,1,0.0,1.0
late,14,2,2,137,0.010836435110542464,1,0.0,0.5
late,14,14,2,137,0.010514896135037739,1,0.0,0.5
late,1,1,19,138,0.611561013300169,11,0.6363636363636364,0.5789473684210527
late,1,2,19,138,0.5909370847583805,1,1.0,0.05263157894736842
late,1,3,19,138,0.6053867201567041,1,1.0,0.05263157894736842
late,1,6,19,138,0.5763003257621581,3,0.6666666666666666,0.15789473684210525
late,1,13,19,138,0.3310347739773774,3,0.3333333333333333,0.15789473684210525
late,2,1,5,138,0.6118921761597766,1,0.0,0.2
late,2,2,5,138,0.5915687074074858,1,1.0,0.2
late,2,13,5,138,0.30964876410780795,3,0.3333333333333333,0.6
late,4,1,6,138,0.8409528644800749,1,1.0,0.16666666666666666
late,4,2,6,138,0.8209031835608674,1,1.0,0.16666666666666666
late,4,5,6,138,0.8083750273081093,2,1.0,0.3333333333333333
late,4,13,6,138,0.5462733572110823,2,0.0,0.3333333333333333
late,5,5,2,138,0.5704105387674676,1,1.0,0.5
late,5,13,2,138,0.29226309639010684,1,0.0,0.5
late,6,2,8,138,0.5265325895675474,1,1.0,0.125
late,6,5,8,138,0.4988456378230315,1,1.0,0.125
late,6,6,8,138,0.4988456378230315,2,0.0,0.25
late,6,13,8,138,0.25773365742612003,4,0.25,0.5
late,7,2,4,138,0.720691171709781,2,1.0,0.5
late,7,6,4,138,0.6978795062259228,1,1.0,0.25
late,7,13,4,138,0.456879186360557,1,1.0,0.25
late,10,1,6,138,0.4692676753350839,1,1.0,0.16666666666666666
late,10,2,6,138,0.4544020200701439,1,1.0,0.16666666666666666
late,10,13,6,138,0.29505938962096323,4,0.25,0.6666666666666666
late,11,1,6,138,0.6290521808508364,3,0.3333333333333333,0.5
late,11,2,6,138,0.60402154672936,1,1.0,0.16666666666666666
late,11,6,6,138,0.599017799757706,1,1.0,0.16666666666666666
late,11,7,6,138,0.571909870080921,1,1.0,0.16666666666666666
late,13,1,21,138,0.5274059685199468,1,1.0,0.047619047619047616
late,13,2,21,138,0.5134630822183521,6,0.5,0.2857142857142857
late,13,6,21,138,0.4896096601068911,4,0.5,0.19047619047619047
late,13,13,21,138,0.26955067042577047,10,0.0,0.47619047619047616
late,14,14,1,138,0.2796907676562123,1,1.0,1.0
late,1,1,39,139,0.6245019648870822,18,0.6666666666666666,0.46153846153846156
late,1,3,39,139,0.6280769384974468,15,0.8,0.38461538461538464
late,1,5,39,139,0.5870888497220023,1,1.0,0.02564102564102564
late,1,6,39,139,0.5855241464106863,1,1.0,0.02564102564102564
late,1,11,39,139,0.5210273892516163,2,1.0,0.05128205128205128
late,1,13,39,139,0.3653961341949466,2,0.0,0.05128205128205128
late,3,1,9,139,0.6481826483552804,1,1.0,0.1111111111111111
late,3,3,9,139,0.666015181555684,7,0.7142857142857143,0.7777777777777778
late,3,13,9,139,0.3267754514016144,1,0.0,0.1111111111111111
late,6,1,7,139,0.6727135212515043,4,0.5,0.5714285714285714
late,6,3,7,139,0.6409499578681046,1,1.0,0.14285714285714285
late,6,5,7,139,0.6090077817706225,1,0.0,0.14285714285714285
late,6,6,7,139,0.6155191615673622,1,1.0,0.14285714285714285
late,7,6,1,139,0.7467619756188095,1,1.0,1.0
late,10,1,3,139,0.7550600713061165,1,1.0,0.3333333333333333
late,10,2,3,139,0.7338842082698162,1,1.0,0.3333333333333333
late,10,3,3,139,0.7545894514447239,1,1.0,0.3333333333333333
late,11,1,9,139,0.784918034633836,3,1.0,0.3333333333333333
late,11,3,9,139,0.781661741066012,2,0.5,0.2222222222222222
late,11,7,9,139,0.7212112084975929,1,1.0,0.1111111111111111
late,11,10,9,139,0.6904138709654933,1,0.0,0.1111111111111111
late,11,13,9,139,0.49602986138594446,2,0.0,0.2222222222222222
late,13,1,3,139,0.6504664414256028,1,1.0,0.3333333333333333
late,13,12,3,139,0.5563034248280639,1,0.0,0.3333333333333333
late,13,13,3,139,0.34860500137578976,1,1.0,0.3333333333333333
late,1,1,14,140,0.6072523312113207,4,0.5,0.2857142857142857
late,1,3,14,140,0.6001674588960365,2,1.0,0.14285714285714285
late,1,5,14,140,0.5690818258579327,3,0.3333333333333333,0.21428571428571427
late,1,6,14,140,0.5679895275079254,1,1.0,0.07142857142857142
late,1,13,14,140,0.31809051004519573,4,0.75,0.2857142857142857
late,2,5,2,140,0.5140187677250093,1,1.0,0.5
late,2,13,2,140,0.2796854084568849,1,0.0,0.5
late,3,3,7,140,0.6362766276266651,4,0.25,0.5714285714285714
late,3,6,7,140,0.541836007021658,2,1.0,0.2857142857142857
late,3,13,7,140,0.2896563336933549,1,1.0,0.14285714285714285
late,4,5,1,140,0.6644665221074307,1,0.0,1.0
late,5,1,11,140,0.5831517865812634,1,0.0,0.09090909090909091
late,5,2,11,140,0.5589015074563307,1,0.0,0.09090909090909091
late,5,5,11,140,0.5348082029974454,1,0.0,0.09090909090909091
late,5,6,11,140,0.5355604062906582,2,0.5,0.18181818181818182
late,5,9,11,140,0.4831701938381372,2,1.0,0.18181818181818182
late,5,13,11,140,0.2643180636425582,4,0.0,0.36363636363636365
late,6,1,25,140,0.577120065110973,2,0.5,0.08
late,6,2,25,140,0.5454652505329803,3,0.0,0.12
late,6,5,25,140,0.5281793904314296,7,0.2857142857142857,0.28
late,6,6,25,140,0.5286523581856074,10,0.5,0.4
late,6,9,25,140,0.4858684624697468,1,1.0,0.04
late,6,13,25,140,0.2585574256269808,2,0.0,0.08
late,7,1,3,140,0.6936483075520735,1,1.0,0.3333333333333333
late,7,2,3,140,0.6662264286959009,1,1.0,0.3333333333333333
late,7,13,3,140,0.42617823628874735,1,1.0,0.3333333333333333
late,8,5,5,140,0.5799389736735339,3,0.3333333333333333,0.6
late,8,6,5,140,0.5799389736735339,1,1.0,0.2
late,8,9,5,140,0.5436779891428554,1,1.0,0.2
late,9,1,4,140,0.6558009562313574,1,1.0,0.25
late,9,3,4,140,0.629302213656819,2,1.0,0.5
late,9,6,4,140,0.6270693342782137,1,0.0,0.25
late,10,1,11,140,0.6724182334756867,3,0.3333333333333333,0.2727272727272727
late,10,2,11,140,0.6496635143921432,1,1.0,0.09090909090909091
late,10,5,11,140,0.6329733488301371,2,0.5,0.18181818181818182
late,10,6,11,140,0.6329733488301371,2,1.0,0.18181818181818182
late,10,13,11,140,0.41677851218772327,3,0.6666666666666666,0.2727272727272727
late,11,5,1,140,0.6677614315039003,1,1.0,1.0
late,13,2,16,140,0.5302981080896252,2,1.0,0.125
late,13,5,16,140,0.5031734976468675,2,0.0,0.125
late,13,6,16,140,0.5031734976468675,2,0.5,0.125
late,13,13,16,140,0.26390242974976136,9,0.3333333333333333,0.5625
late,13,14,16,140,0.23356518546627558,1,0.0,0.0625
late,5,1,1,141,0.5262133656077744,1,1.0,1.0
late,9,3,2,141,0.6036655603917791,1,0.0,0.5
late,9,9,2,141,0.5573737889756659,1,0.0,0.5
late,10,3,9,141,0.5716149175957633,3,0.3333333333333333,0.3333333333333333
late,10,5,9,141,0.5391323493999995,1,1.0,0.1111111111111111
late,10,10,9,141,0.47981923808359056,1,1.0,0.1111111111111111
late,10,12,9,141,0.495050342996399,2,0.5,0.2222222222222222
late,10,13,9,141,0.3449162326066093,2,0.0,0.2222222222222222
late,12,3,14,141,0.4748020831772181,4,0.25,0.2857142857142857
late,12,5,14,141,0.46599638918757075,1,1.0,0.07142857142857142
late,12,9,14,141,0.4400752117558455,3,0.6666666666666666,0.21428571428571427
late,12,10,14,141,0.42097662191693,1,1.0,0.07142857142857142
late,12,12,14,141,0.43026757523548825,3,0.3333333333333333,0.21428571428571427
late,12,13,14,141,0.28780926274658264,2,0.0,0.14285714285714285
late,1,3,2,142,0.5920925220719333,1,1.0,0.5
late,1,10,2,142,0.4120498891561364,1,0.0,0.5
late,6,13,1,142,0.23200958486384957,1,0.0,1.0
late,10,1,6,142,0.6269265556836446,1,1.0,0.16666666666666666
late,10,3,6,142,0.6061124017904994,2,1.0,0.3333333333333333
late,10,5,6,142,0.5876788507596783,1,1.0,0.16666666666666666
late,10,13,6,142,0.3469082907386593,2,0.0,0.3333333333333333
late,11,1,1,142,0.6788852507425317,1,1.0,1.0
late,1,1,4,143,0.7117327913207587,2,1.0,0.5
late,1,12,4,143,0.5809746653421781,2,1.0,0.5
late,2,14,1,143,0.33736583316268587,1,1.0,1.0
late,8,13,1,143,0.4316663473076343,1,1.0,1.0
late,10,1,5,143,0.7557481365804644,1,1.0,0.2
late,10,12,5,143,0.6453694251159232,3,1.0,0.6
late,10,13,5,143,0.4028791977090401,1,0.0,0.2
late,12,1,15,143,0.6335948465216699,1,1.0,0.06666666666666667
late,12,2,15,143,0.6190970442581075,2,0.0,0.13333333333333333
late,12,10,15,143,0.5477251322029432,2,0.0,0.13333333333333333
late,12,12,15,143,0.5528795053728399,8,0.625,0.5333333333333333
late,12,14,15,143,0.28783130102040677,2,0.5,0.13333333333333333
late,14,14,1,143,0.27653602468467925,1,0.0,1.0
late,1,1,44,144,0.5655557530003449,5,0.2,0.11363636363636363
late,1,2,44,144,0.5428007874992933,2,1.0,0.045454545454545456
late,1,5,44,144,0.5273470232349545,17,0.6470588235294118,0.38636363636363635
late,1,6,44,144,0.526914086642586,13,0.46153846153846156,0.29545454545454547
late,1,13,44,144,0.29014830271590464,7,0.2857142857142857,0.1590909090909091
late,2,1,11,144,0.46530293786430915,3,1.0,0.2727272727272727
late,2,2,11,144,0.4489943222859972,1,0.0,0.09090909090909091
late,2,3,11,144,0.4698665227583906,1,0.0,0.09090909090909091
late,2,5,11,144,0.40786579682592133,1,0.0,0.09090909090909091
late,2,6,11,144,0.40564154758882104,4,0.25,0.36363636363636365
late,2,13,11,144,0.21222950538739438,1,0.0,0.09090909090909091
late,3,6,3,144,0.5235879480566058,1,0.0,0.3333333333333333
late,3,11,3,144,0.42203101213755395,1,1.0,0.3333333333333333
late,3,13,3,144,0.2570397301318383,1,0.0,0.3333333333333333
late,4,5,4,144,0.64721926422034,3,1.0,0.75
late,4,6,4,144,0.64721926422034,1,1.0,0.25
late,5,1,48,144,0.5593099280848187,2,1.0,0.041666666666666664
late,5,2,48,144,0.5365569179347037,2,0.0,0.041666666666666664
late,5,3,48,144,0.5553974639777762,3,0.0,0.0625
late,5,5,48,144,0.49707881596686704,21,0.47619047619047616,0.4375
late,5,6,48,144,0.49534805551640937,11,0.36363636363636365,0.22916666666666666
late,5,12,48,144,0.43363732216804346,3,1.0,0.0625
late,5,13,48,144,0.2398704547789198,6,0.0,0.125
late,6,1,60,144,0.5667733652697222,2,1.0,0.03333333333333333
late,6,2,60,144,0.5404931727276376,2,0.5,0.03333333333333333
late,6,5,60,144,0.5026524848867954,13,0.3076923076923077,0.21666666666666667
late,6,6,60,144,0.5029953356985415,29,0.4827586206896552,0.48333333333333334
late,6,9,60,144,0.4555323984602512,1,1.0,0.016666666666666666
late,6,12,60,144,0.44094697395430316,2,0.5,0.03333333333333333
late,6,13,60,144,0.2381827204081825,11,0.36363636363636365,0.18333333333333332
late,7,2,2,144,0.6429157913197026,1,1.0,0.5
late,7,5,2,144,0.6383216184163399,1,1.0,0.5
late,9,3,3,144,0.6336629836869063,1,1.0,0.3333333333333333
late,9,6,3,144,0.6080123875229395,1,0.0,0.3333333333333333
late,9,12,3,144,0.5527318692386168,1,0.0,0.3333333333333333
late,10,1,39,144,0.630601752901949,2,0.5,0.05128205128205128
late,10,2,39,144,0.6115579473959505,2,0.0,0.05128205128205128
late,10,3,39,144,0.6266523047931025,4,1.0,0.10256410256410256
late,10,5,39,144,0.5836905705333746,3,0.6666666666666666,0.07692307692307693
late,10,9,39,144,0.5421530614784562,1,1.0,0.02564102564102564
late,10,10,39,144,0.5192431619209543,4,0.5,0.10256410256410256
late,10,12,39,144,0.5359820369394317,11,0.5454545454545454,0.28205128205128205
late,10,13,39,144,0.3545737789896753,12,0.5833333333333334,0.3076923076923077
late,11,1,13,144,0.6846684468305677,8,0.875,0.6153846153846154
late,11,5,13,144,0.6502897773409434,2,0.0,0.15384615384615385
late,11,10,13,144,0.5865979225453227,1,1.0,0.07692307692307693
late,11,13,13,144,0.36155311949020064,2,0.0,0.15384615384615385
late,12,2,43,144,0.4466235272070458,1,0.0,0.023255813953488372
late,12,3,43,144,0.45452439254067045,2,0.5,0.046511627906976744
late,12,5,43,144,0.4430533329663913,4,0.25,0.09302325581395349
late,12,6,43,144,0.4473257882973693,1,0.0,0.023255813953488372
late,12,9,43,144,0.42011684824361206,1,1.0,0.023255813953488372
late,12,10,43,144,0.40368676412567606,3,0.6666666666666666,0.06976744186046512
late,12,12,43,144,0.41090785009278147,25,0.56,0.5813953488372093
late,12,13,43,144,0.26417831981940215,6,0.16666666666666666,0.13953488372093023
late,13,2,41,144,0.4870806695820575,5,0.4,0.12195121951219512
late,13,3,41,144,0.4956711320729643,2,1.0,0.04878048780487805
late,13,5,41,144,0.4624526211794844,9,0.4444444444444444,0.21951219512195122
late,13,6,41,144,0.4621759346236091,6,0.8333333333333334,0.14634146341463414
late,13,9,41,144,0.4221267062166383,1,1.0,0.024390243902439025
late,13,13,41,144,0.23143671328336676,18,0.16666666666666666,0.43902439024390244
late,14,14,1,144,0.21540286677648812,1,0.0,1.0
late,1,5,2,145,0.5049906925426605,1,0.0,0.5
late,1,6,2,145,0.5049906925426605,1,1.0,0.5
late,3,3,1,145,0.5507469357620393,1,0.0,1.0
late,5,3,1,145,0.4800967847301813,1,1.0,1.0
late,6,1,4,145,0.5150370071803865,1,1.0,0.25
late,6,5,4,145,0.45951202363990173,1,1.0,0.25
late,6,13,4,145,0.21096545323564384,2,1.0,0.5
late,7,3,1,145,0.663607852759928,1,1.0,1.0
late,10,1,9,145,0.5865950791487621,1,0.0,0.1111111111111111
late,10,3,9,145,0.5681308960597291,1,0.0,0.1111111111111111
late,10,5,9,145,0.5578388565075857,1,0.0,0.1111111111111111
late,10,6,9,145,0.5578388565075857,2,0.0,0.2222222222222222
late,10,10,9,145,0.4962467188450747,4,0.25,0.4444444444444444
late,12,1,1,145,0.47001683098886476,1,0.0,1.0
late,13,7,4,145,0.37566265202118776,1,1.0,0.25
late,13,10,4,145,0.3460074107040716,1,0.0,0.25
late,13,13,4,145,0.19347475518597151,2,0.0,0.5
late,3,3,8,146,0.6773649467716284,3,0.3333333333333333,0.375
late,3,5,8,146,0.5865161314022527,1,0.0,0.125
late,3,9,8,146,0.518581771981429,1,1.0,0.125
late,3,12,8,146,0.513665991682893,1,1.0,0.125
late,3,13,8,146,0.2977675310923498,2,0.0,0.25
late,5,3,2,146,0.658939818808191,2,0.5,1.0
late,9,3,5,146,0.6702025267030753,3,0.3333333333333333,0.6
late,9,10,5,146,0.5997664667170106,1,0.0,0.2
late,9,12,5,146,0.6225608737677415,1,0.0,0.2
late,10,3,38,146,0.6826382723673922,8,0.875,0.21052631578947367
late,10,8,38,146,0.5645262944565327,1,0.0,0.02631578947368421
late,10,9,38,146,0.6205192911525889,3,0.6666666666666666,0.07894736842105263
late,10,10,38,146,0.5980569625239279,16,0.75,0.42105263157894735
late,10,12,38,146,0.6075810142646837,7,0.5714285714285714,0.18421052631578946
late,10,13,38,146,0.4191890635890908,3,0.3333333333333333,0.07894736842105263
late,12,3,9,146,0.5153457369945129,3,0.6666666666666666,0.3333333333333333
late,12,5,9,146,0.4967233514254896,2,1.0,0.2222222222222222
late,12,12,9,146,0.45820848170552453,2,1.0,0.2222222222222222
late,12,13,9,146,0.3055870787336375,2,0.0,0.2222222222222222
late,1,1,9,147,0.6794898533753647,5,0.8,0.5555555555555556
late,1,2,9,147,0.6595474892677107,1,1.0,0.1111111111111111
late,1,13,9,147,0.37047310405250466,3,0.3333333333333333,0.3333333333333333
late,2,1,1,147,0.611279489303201,1,0.0,1.0
late,8,1,2,147,0.681375740169456,1,1.0,0.5
late,8,5,2,147,0.6299597777755674,1,1.0,0.5
late,10,1,1,147,0.715465499822811,1,1.0,1.0
late,13,1,2,147,0.5753045639815959,1,1.0,0.5
late,13,2,2,147,0.5518512548994549,1,0.0,0.5
late,14,14,1,147,0.021653072403438545,1,0.0,1.0
late,1,1,11,148,0.5650155273621906,5,0.8,0.45454545454545453
late,1,2,11,148,0.5402668504599665,1,0.0,0.09090909090909091
late,1,5,11,148,0.5266702568083016,1,1.0,0.09090909090909091
late,1,6,11,148,0.5247465210312074,2,0.5,0.18181818181818182
late,1,13,11,148,0.2810362092598412,2,0.0,0.18181818181818182
late,2,2,28,148,0.49195432963170965,15,0.3333333333333333,0.5357142857142857
late,2,13,28,148,0.25246102476710586,12,0.08333333333333333,0.42857142857142855
late,2,14,28,148,0.2298481372669756,1,0.0,0.03571428571428571
late,4,2,1,148,0.6329044499977301,1,1.0,1.0
late,5,1,11,148,0.5342776857492435,2,1.0,0.18181818181818182
late,5,5,11,148,0.49412339781384645,3,0.3333333333333333,0.2727272727272727
late,5,6,11,148,0.49412339781384645,5,0.6,0.45454545454545453
late,5,13,11,148,0.24697312961107568,1,0.0,0.09090909090909091
late,6,1,13,148,0.5408137127740497,1,1.0,0.07692307692307693
late,6,2,13,148,0.5129213097604554,1,0.0,0.07692307692307693
late,6,3,13,148,0.5131560834489799,2,0.5,0.15384615384615385
late,6,5,13,148,0.49115734843906045,1,1.0,0.07692307692307693
late,6,6,13,148,0.49115734843906045,6,0.6666666666666666,0.46153846153846156
late,6,13,13,148,0.2256893378080229,2,0.0,0.15384615384615385
late,7,2,5,148,0.6310620007566156,2,0.5,0.4
late,7,9,5,148,0.5750249228354261,1,1.0,0.2
late,7,13,5,148,0.38318162395781,2,0.5,0.4
late,10,2,6,148,0.612621269538083,2,1.0,0.3333333333333333
late,10,10,6,148,0.518961848876663,1,1.0,0.16666666666666666
late,10,13,6,148,0.38238954233865075,3,0.3333333333333333,0.5
late,11,1,1,148,0.6598799492112657,1,1.0,1.0
late,13,1,20,148,0.49865955752338686,3,0.6666666666666666,0.15
late,13,2,20,148,0.4850254391320745,1,0.0,0.05
late,13,3,20,148,0.49100975399085145,1,1.0,0.05
late,13,5,20,148,0.4612393553986416,2,1.0,0.1
late,13,6,20,148,0.46123935539864147,3,0.6666666666666666,0.15
late,13,13,20,148,0.23532409002175547,10,0.0,0.5
late,1,1,5,149,0.4990510527432369,2,1.0,0.4
late,1,2,5,149,0.47745986106061356,1,0.0,0.2
late,1,13,5,149,0.2112273677553928,2,0.0,0.4
late,2,2,3,149,0.2906796770437831,1,0.0,0.3333333333333333
late,2,13,3,149,0.14329464801726144,2,0.0,0.6666666666666666
late,4,5,1,149,0.6882986207323644,1,1.0,1.0
late,5,2,7,149,0.43612921957610684,2,0.0,0.2857142857142857
late,5,5,7,149,0.4266920374995347,2,0.5,0.2857142857142857
late,5,6,7,149,0.4266920374995347,1,0.0,0.14285714285714285
late,5,13,7,149,0.19725818908239817,2,0.0,0.2857142857142857
late,10,1,5,149,0.589392111382472,2,0.5,0.4
late,10,10,5,149,0.49427182980028855,1,0.0,0.2
late,10,13,5,149,0.30874700632909813,2,0.5,0.4
late,13,13,5,149,0.1545022276801385,5,0.0,1.0
late,1,1,32,150,0.6323305811785352,10,0.6,0.3125
late,1,2,32,150,0.6109568431207614,2,1.0,0.0625
late,1,3,32,150,0.6280181914901404,2,0.5,0.0625
late,1,5,32,150,0.5920792978861252,6,0.6666666666666666,0.1875
late,1,6,32,150,0.5906901877724002,8,0.75,0.25
late,1,13,32,150,0.33025482667217976,4,0.5,0.125
late,2,1,10,150,0.6003566449184674,2,0.5,0.2
late,2,2,10,150,0.5804180379910361,2,0.0,0.2
late,2,3,10,150,0.6072787353075008,1,1.0,0.1
late,2,6,10,150,0.5297965499546216,5,0.6,0.5
late,4,1,7,150,0.7426455194153307,1,1.0,0.14285714285714285
late,4,5,7,150,0.708033043904621,1,0.0,0.14285714285714285
late,4,6,7,150,0.708033043904621,3,0.6666666666666666,0.42857142857142855
late,4,13,7,150,0.45389935287742766,2,0.5,0.2857142857142857
late,5,1,10,150,0.6202177224734232,3,0.3333333333333333,0.3
late,5,3,10,150,0.6253576887213821,1,1.0,0.1
late,5,5,10,150,0.5573084392508466,2,1.0,0.2
late,5,6,10,150,0.5548725337945857,4,0.5,0.4
late,6,1,42,150,0.6055048771281999,5,0.4,0.11904761904761904
late,6,2,42,150,0.5791374320695666,5,0.6,0.11904761904761904
late,6,3,42,150,0.587193443515792,3,0.6666666666666666,0.07142857142857142
late,6,5,42,150,0.5392082857220326,6,0.5,0.14285714285714285
late,6,6,42,150,0.5389464249415296,15,0.4666666666666667,0.35714285714285715
late,6,13,42,150,0.2623524309705896,8,0.0,0.19047619047619047
late,7,3,2,150,0.7234399490119598,1,1.0,0.5
late,7,6,2,150,0.6880344685491853,1,1.0,0.5
late,10,1,9,150,0.6899757816240294,2,0.5,0.2222222222222222
late,10,2,9,150,0.6651556530894605,3,0.6666666666666666,0.3333333333333333
late,10,6,9,150,0.6438732831749879,1,1.0,0.1111111111111111
late,10,13,9,150,0.40958841753985387,3,0.0,0.3333333333333333
late,11,1,8,150,0.7440301686442173,6,1.0,0.75
late,11,3,8,150,0.7128172753061972,1,1.0,0.125
late,11,5,8,150,0.7098307424339237,1,1.0,0.125
late,13,2,32,150,0.5557871509382161,3,0.3333333333333333,0.09375
late,13,3,32,150,0.5637082821497319,2,0.5,0.0625
late,13,5,32,150,0.5275483366959461,4,0.5,0.125
late,13,6,32,150,0.5275483366959461,12,0.5,0.375
late,13,13,32,150,0.2877181341197788,9,0.4444444444444444,0.28125
late,13,14,32,150,0.2588243734388565,2,0.5,0.0625
late,1,1,10,151,0.5833519269430424,5,0.8,0.5
late,1,6,10,151,0.5500509817358191,1,1.0,0.1
late,1,13,10,151,0.32622369728597445,4,0.5,0.4
late,2,1,1,151,0.5868186943966783,1,1.0,1.0
late,4,6,1,151,0.7115557418545858,1,1.0,1.0
late,5,13,1,151,0.31038062605792305,1,0.0,1.0
late,6,1,6,151,0.6352192954473245,2,0.5,0.3333333333333333
late,6,3,6,151,0.6187331494326943,1,1.0,0.16666666666666666
late,6,6,6,151,0.570490093045821,3,0.6666666666666666,0.5
late,10,1,6,151,0.7125313882907262,1,1.0,0.16666666666666666
late,10,3,6,151,0.7139779532689752,1,1.0,0.16666666666666666
late,10,6,6,151,0.6610161273364558,1,0.0,0.16666666666666666
late,10,13,6,151,0.389903345844175,3,0.3333333333333333,0.5
late,11,1,5,151,0.7504757007788649,3,0.6666666666666666,0.6
late,11,2,5,151,0.7194369876329433,1,0.0,0.2
late,11,7,5,151,0.6820717623980033,1,1.0,0.2
late,13,1,3,151,0.3935638007650044,1,0.0,0.3333333333333333
late,13,13,3,151,0.1593406489562,2,0.0,0.6666666666666666
late,14,6,1,151,0.5200142835616379,1,1.0,1.0
late,1,1,11,152,0.6069662001391103,2,0.5,0.18181818181818182
late,1,3,11,152,0.6071397594993981,3,0.3333333333333333,0.2727272727272727
late,1,10,11,152,0.4779931741635735,4,0.0,0.36363636363636365
late,1,12,11,152,0.4884913321932185,1,1.0,0.09090909090909091
late,1,13,11,152,0.2867728945151347,1,0.0,0.09090909090909091
late,3,3,3,152,0.6355539541046219,1,1.0,0.3333333333333333
late,3,6,3,152,0.5267601021013156,1,1.0,0.3333333333333333
late,3,10,3,152,0.4579307115088624,1,1.0,0.3333333333333333
late,5,1,1,152,0.5555313154119965,1,0.0,1.0
late,6,3,6,152,0.5543277563903608,3,1.0,0.5
late,6,6,6,152,0.5221134935941392,1,1.0,0.16666666666666666
late,6,13,6,152,0.24483522159003393,2,0.5,0.3333333333333333
late,7,1,2,152,0.682399651376333,1,1.0,0.5
late,7,12,2,152,0.5624356906688487,1,1.0,0.5
late,8,9,1,152,0.5270666849598539,1,0.0,1.0
late,10,1,27,152,0.6229664231897253,5,0.4,0.18518518518518517
late,10,3,27,152,0.6043500154204536,2,1.0,0.07407407407407407
late,10,5,27,152,0.590785411662455,10,0.4,0.37037037037037035
late,10,6,27,152,0.590785411662455,2,1.0,0.07407407407407407
late,10,10,27,152,0.5360188009241459,4,0.75,0.14814814814814814
late,10,13,27,152,0.36335616251493824,4,0.0,0.14814814814814814
late,12,1,2,152,0.5316546993053834,1,0.0,0.5
late,12,14,2,152,0.23346146858512676,1,0.0,0.5
late,13,1,1,152,0.5065962395740511,1,1.0,1.0
late,1,1,73,153,0.5569234457074224,48,0.7708333333333334,0.6575342465753424
late,1,2,73,153,0.5316495116288684,12,0.3333333333333333,0.1643835616438356
late,1,3,73,153,0.550017586722038,1,1.0,0.0136986301369863
late,1,5,73,153,0.5243562050300055,1,0.0,0.0136986301369863
late,1,6,73,153,0.5229324005546188,4,0.5,0.0547945205479452
late,1,9,73,153,0.4796495678990838,1,0.0,0.0136986301369863
late,1,13,73,153,0.27390064511654916,6,0.0,0.0821917808219178
late,2,1,19,153,0.5355410605059318,8,0.375,0.42105263157894735
late,2,2,19,153,0.5127442310200692,4,0.5,0.21052631578947367
late,2,6,19,153,0.47514531173728286,1,0.0,0.05263157894736842
late,2,9,19,153,0.43938487026161327,1,1.0,0.05263157894736842
late,2,12,19,153,0.41038322931337656,1,0.0,0.05263157894736842
late,2,13,19,153,0.2352290787600438,3,0.3333333333333333,0.15789473684210525
late,2,14,19,153,0.21436599839071813,1,1.0,0.05263157894736842
late,3,3,2,153,0.6419550221487527,1,0.0,0.5
late,3,13,2,153,0.26516015183443153,1,0.0,0.5
late,4,2,2,153,0.7746237607301014,1,0.0,0.5
late,4,6,2,153,0.7571120629986321,1,0.0,0.5
late,5,2,3,153,0.5390303462808664,1,0.0,0.3333333333333333
late,5,12,3,153,0.4360198653735619,1,0.0,0.3333333333333333
late,5,13,3,153,0.2305969371494437,1,0.0,0.3333333333333333
late,6,1,26,153,0.425025512119692,3,0.6666666666666666,0.11538461538461539
late,6,2,26,153,0.40222260846381036,11,0.18181818181818182,0.4230769230769231
late,6,5,26,153,0.3804835375562809,1,0.0,0.038461538461538464
late,6,6,26,153,0.3802477651950654,5,0.4,0.19230769230769232
late,6,9,26,153,0.34332833040228594,2,0.5,0.07692307692307693
late,6,13,26,153,0.17702153205705085,4,0.5,0.15384615384615385
late,7,1,5,153,0.6525664489220127,3,0.3333333333333333,0.6
late,7,2,5,153,0.6257011158497751,2,1.0,0.4
late,9,1,13,153,0.624643211263938,1,1.0,0.07692307692307693
late,9,2,13,153,0.5941028422238493,2,0.0,0.15384615384615385
late,9,5,13,153,0.5794502294514726,4,0.75,0.3076923076923077
late,9,9,13,153,0.539848203496612,1,1.0,0.07692307692307693
late,9,13,13,153,0.31273667958350015,5,0.6,0.38461538461538464
late,10,1,9,153,0.6388485098876114,1,1.0,0.1111111111111111
late,10,2,9,153,0.6141382179803105,3,0.6666666666666666,0.3333333333333333
late,10,10,9,153,0.5270136857284515,1,0.0,0.1111111111111111
late,10,13,9,153,0.3629112293655938,4,0.75,0.4444444444444444
late,11,1,14,153,0.6671575628624119,6,0.8333333333333334,0.42857142857142855
late,11,2,14,153,0.6399275151374234,5,0.8,0.35714285714285715
late,11,6,14,153,0.6325485095296611,1,1.0,0.07142857142857142
late,11,10,14,153,0.5647003736289878,1,1.0,0.07142857142857142
late,11,11,14,153,0.5687294617597919,1,1.0,0.07142857142857142
late,12,1,7,153,0.43725186220164103,1,1.0,0.14285714285714285
late,12,12,7,153,0.37568087020198415,5,0.2,0.7142857142857143
late,12,14,7,153,0.19014428803262345,1,0.0,0.14285714285714285
late,13,1,46,153,0.48370083112662404,5,0.8,0.10869565217391304
late,13,2,46,153,0.46688368619538506,14,0.2857142857142857,0.30434782608695654
late,13,3,46,153,0.4757900778279918,1,1.0,0.021739130434782608
late,13,6,46,153,0.4456982198268296,7,0.14285714285714285,0.15217391304347827
late,13,13,46,153,0.21924698209903445,18,0.2222222222222222,0.391304347826087
late,13,14,46,153,0.19579027069937394,1,0.0,0.021739130434782608
late,14,1,4,153,0.37273644204300427,1,0.0,0.25
late,14,2,4,153,0.3531824771642885,1,0.0,0.25
late,14,12,4,153,0.30885983476261747,1,1.0,0.25
late,14,14,4,153,0.166194715140488,1,1.0,0.25
late,1,1,6,154,0.6654480850847411,5,0.4,0.8333333333333334
late,1,6,6,154,0.6327876145904824,1,1.0,0.16666666666666666
late,6,6,1,154,0.6030839572288489,1,1.0,1.0
late,10,2,3,154,0.7032096077822042,1,1.0,0.3333333333333333
late,10,6,3,154,0.690009357184409,1,1.0,0.3333333333333333
late,10,13,3,154,0.5061868559992798,1,1.0,0.3333333333333333
late,11,1,4,154,0.7558519081011237,3,1.0,0.75
late,11,2,4,154,0.7276826357245441,1,0.0,0.25
late,13,1,2,154,0.5816874005313442,2,0.5,1.0
late,1,1,102,155,0.5455432477127167,33,0.48484848484848486,0.3235294117647059
late,1,3,102,155,0.552838611253129,39,0.6666666666666666,0.38235294117647056
late,1,5,102,155,0.4904330539701647,2,0.0,0.0196078431372549
late,1,6,102,155,0.48856264002281113,3,0.3333333333333333,0.029411764705882353
late,1,10,102,155,0.4117040003062118,4,0.25,0.0392156862745098
late,1,11,102,155,0.4077373284863432,15,0.26666666666666666,0.14705882352941177
late,1,13,102,155,0.2463878360796612,6,0.5,0.058823529411764705
late,2,3,3,155,0.49510736750599554,2,0.5,0.6666666666666666
late,2,6,3,155,0.4577142801774073,1,0.0,0.3333333333333333
late,3,1,36,155,0.5514487163124535,7,0.42857142857142855,0.19444444444444445
late,3,3,36,155,0.5745616552039269,23,0.6521739130434783,0.6388888888888888
late,3,5,36,155,0.4751966170150961,1,1.0,0.027777777777777776
late,3,11,36,155,0.373018930709329,2,0.5,0.05555555555555555
late,3,13,36,155,0.21056389996627292,3,0.0,0.08333333333333333
late,5,1,11,155,0.4684456799438843,1,0.0,0.09090909090909091
late,5,3,11,155,0.45565708290055085,2,0.0,0.18181818181818182
late,5,5,11,155,0.42875413617634217,1,0.0,0.09090909090909091
late,5,6,11,155,0.42870752640437143,2,1.0,0.18181818181818182
late,5,10,11,155,0.3532230239627685,1,0.0,0.09090909090909091
late,5,11,11,155,0.3538920944090523,1,0.0,0.09090909090909091
late,5,13,11,155,0.2051573689248084,2,0.0,0.18181818181818182
late,5,14,11,155,0.18028980203291048,1,0.0,0.09090909090909091
late,6,1,15,155,0.5271811081489725,2,1.0,0.13333333333333333
late,6,3,15,155,0.5098954235605069,5,0.4,0.3333333333333333
late,6,6,15,155,0.4667116223655947,5,0.4,0.3333333333333333
late,6,11,15,155,0.3850676080125697,3,0.0,0.2
late,7,1,3,155,0.6466300186487068,1,1.0,0.3333333333333333
late,7,3,3,155,0.6534385336163417,1,1.0,0.3333333333333333
late,7,13,3,155,0.25353389748644317,1,0.0,0.3333333333333333
late,9,3,1,155,0.564285882641514,1,1.0,1.0
late,10,1,100,155,0.5830772489955356,43,0.5813953488372093,0.43
late,10,3,100,155,0.5670735546677278,12,0.4166666666666667,0.12
late,10,5,100,155,0.5476146935964025,1,1.0,0.01
late,10,6,100,155,0.5476146935964025,9,0.2222222222222222,0.09
late,10,9,100,155,0.5123384361321084,1,1.0,0.01
late,10,10,100,155,0.4901306555626786,23,0.43478260869565216,0.23
late,10,13,100,155,0.3163959712229481,11,0.18181818181818182,0.11
late,11,1,35,155,0.5988351306235083,14,0.42857142857142855,0.4
late,11,3,35,155,0.5877210645934717,8,0.625,0.22857142857142856
late,11,5,35,155,0.5689865326081477,3,0.3333333333333333,0.08571428571428572
late,11,6,35,155,0.5689865326081477,1,1.0,0.02857142857142857
late,11,10,35,155,0.5029300517339985,3,0.6666666666666666,0.08571428571428572
late,11,11,35,155,0.5040238125886607,3,0.0,0.08571428571428572
late,11,13,35,155,0.3092878600346909,3,0.3333333333333333,0.08571428571428572
late,12,6,2,155,0.23495779173252712,1,0.0,0.5
late,12,13,2,155,0.13178558792951095,1,0.0,0.5
late,13,1,7,155,0.4195156464620466,1,0.0,0.14285714285714285
late,13,3,7,155,0.4212190111858246,2,1.0,0.2857142857142857
late,13,6,7,155,0.37521225363156957,1,1.0,0.14285714285714285
late,13,10,7,155,0.3096460409011424,2,0.0,0.2857142857142857
late,13,13,7,155,0.16985033957719803,1,0.0,0.14285714285714285
late,14,1,2,155,0.43936755643370273,1,1.0,0.5
late,14,5,2,155,0.40149200933266227,1,0.0,0.5
late,1,1,27,156,0.6270305220595535,8,0.625,0.2962962962962963
late,1,3,27,156,0.6375880960978746,10,0.7,0.37037037037037035
late,1,5,27,156,0.5671925228128047,1,0.0,0.037037037037037035
late,1,10,27,156,0.48884404373172513,3,0.0,0.1111111111111111
late,1,11,27,156,0.4757022925356483,2,0.5,0.07407407407407407
late,1,13,27,156,0.3035848761158704,3,0.6666666666666666,0.1111111111111111
late,2,1,1,156,0.5544050966988208,1,1.0,1.0
late,3,1,14,156,0.6107816348282381,3,0.3333333333333333,0.21428571428571427
late,3,3,14,156,0.6334688183966704,6,0.6666666666666666,0.42857142857142855
late,3,5,14,156,0.5439992123213788,2,0.0,0.14285714285714285
late,3,11,14,156,0.4446673697359888,2,1.0,0.14285714285714285
late,3,13,14,156,0.2528366228696445,1,1.0,0.07142857142857142
late,5,3,3,156,0.569188138304787,1,0.0,0.3333333333333333
late,5,13,3,156,0.29699283997870957,2,0.5,0.6666666666666666
late,6,1,3,156,0.5671206384878084,2,0.5,0.6666666666666666
late,6,13,3,156,0.22571607925298856,1,0.0,0.3333333333333333
late,7,1,2,156,0.6951934318178181,1,1.0,0.5
late,7,6,2,156,0.6378677916774992,1,1.0,0.5
late,10,1,11,156,0.6606969400765513,6,0.8333333333333334,0.5454545454545454
late,10,3,11,156,0.6343675504298092,2,0.5,0.18181818181818182
late,10,5,11,156,0.6273682985440733,1,1.0,0.09090909090909091
late,10,13,11,156,0.4028906094965619,2,0.5,0.18181818181818182
late,11,1,13,156,0.6955387778113358,7,0.42857142857142855,0.5384615384615384
late,11,5,13,156,0.6659264103086169,2,0.0,0.15384615384615385
late,11,6,13,156,0.6659264103086169,2,0.5,0.15384615384615385
late,11,13,13,156,0.3714595617093132,2,0.5,0.15384615384615385
late,13,3,3,156,0.5433183763723359,1,1.0,0.3333333333333333
late,13,10,3,156,0.4315294677030812,2,0.5,0.6666666666666666
late,1,1,72,157,0.5700210217552688,44,0.6818181818181818,0.6111111111111112
late,1,2,72,157,0.5454165048409904,10,0.4,0.1388888888888889
late,1,5,72,157,0.5300828536114559,1,0.0,0.013888888888888888
late,1,6,72,157,0.5313566084626982,3,0.3333333333333333,0.041666666666666664
late,1,13,72,157,0.2724491825423788,13,0.23076923076923078,0.18055555555555555
late,1,14,72,157,0.24163984366687133,1,1.0,0.013888888888888888
late,2,1,23,157,0.5129082578858929,9,0.2222222222222222,0.391304347826087
late,2,2,23,157,0.49061583471908043,9,0.7777777777777778,0.391304347826087
late,2,5,23,157,0.4651982251980099,1,0.0,0.043478260869565216
late,2,6,23,157,0.46253433698907853,2,0.5,0.08695652173913043
late,2,13,23,157,0.23491193456698173,1,0.0,0.043478260869565216
late,2,14,23,157,0.21420078722475203,1,0.0,0.043478260869565216
late,3,1,1,157,0.527219167972021,1,1.0,1.0
late,4,1,22,157,0.6568341179158134,12,0.75,0.5454545454545454
late,4,2,22,157,0.6283187923022144,2,0.0,0.09090909090909091
late,4,5,22,157,0.6098299349433959,1,1.0,0.045454545454545456
late,4,6,22,157,0.6139517105207388,4,0.25,0.18181818181818182
late,4,13,22,157,0.3458455029336325,3,0.0,0.13636363636363635
late,5,1,8,157,0.48591461268425845,3,0.3333333333333333,0.375
late,5,2,8,157,0.46383736939630404,4,0.25,0.5
late,5,10,8,157,0.3987920576442094,1,0.0,0.125
late,6,1,13,157,0.5614155146516546,1,0.0,0.07692307692307693
late,6,2,13,157,0.5314902599565663,3,0.3333333333333333,0.23076923076923078
late,6,5,13,157,0.49721693072385365,3,0.0,0.23076923076923078
late,6,6,13,157,0.49994214907864093,1,0.0,0.07692307692307693
late,6,13,13,157,0.22411477335142113,5,0.2,0.38461538461538464
late,7,1,2,157,0.6613217724988907,1,0.0,0.5
late,7,2,2,157,0.6385631489959172,1,1.0,0.5
late,10,1,13,157,0.5839356396219612,2,1.0,0.15384615384615385
late,10,2,13,157,0.5593515204201053,6,0.3333333333333333,0.46153846153846156
late,10,5,13,157,0.5517256198342977,1,1.0,0.07692307692307693
late,10,6,13,157,0.5517256198342977,1,0.0,0.07692307692307693
late,10,13,13,157,0.3309625395058864,3,0.3333333333333333,0.23076923076923078
late,11,1,25,157,0.6832909091438624,12,0.6666666666666666,0.48
late,11,2,25,157,0.6554681848547381,3,0.3333333333333333,0.12
late,11,6,25,157,0.6468309576835535,1,1.0,0.04
late,11,7,25,157,0.6085087712031735,2,0.5,0.08
late,11,10,25,157,0.5749029405079383,1,1.0,0.04
late,11,11,25,157,0.5807679771163508,1,0.0,0.04
late,11,13,25,157,0.3449902821766077,5,0.4,0.2
late,12,2,1,157,0.4597993086792813,1,1.0,1.0
late,13,1,17,157,0.5105289816466929,5,0.6,0.29411764705882354
late,13,2,17,157,0.49200969041030296,6,0.5,0.35294117647058826
late,13,6,17,157,0.4718119502002891,2,1.0,0.11764705882352941
late,13,13,17,157,0.21225456964049288,4,0.25,0.23529411764705882
late,14,13,2,157,0.1300114615692686,1,0.0,0.5
late,14,14,2,157,0.09319080052905837,1,0.0,0.5
late,1,1,15,158,0.6353166683724126,6,0.6666666666666666,0.4
late,1,2,15,158,0.6136545563331867,1,1.0,0.06666666666666667
late,1,5,15,158,0.5992719106253861,1,1.0,0.06666666666666667
late,1,6,15,158,0.5973073973592822,3,1.0,0.2
late,1,13,15,158,0.3444923138332762,4,0.5,0.26666666666666666
late,2,1,7,158,0.5960716799319717,1,0.0,0.14285714285714285
late,2,2,7,158,0.5693388378516854,4,0.5,0.5714285714285714
late,2,5,7,158,0.5466814987478652,1,0.0,0.14285714285714285
late,2,13,7,158,0.2972470312930147,1,0.0,0.14285714285714285
late,5,2,4,158,0.5953546253228046,1,0.0,0.25
late,5,5,4,158,0.5634566857994687,2,0.5,0.5
late,5,13,4,158,0.28488426855855786,1,1.0,0.25
late,6,2,15,158,0.5896761934587712,3,0.6666666666666666,0.2
late,6,5,15,158,0.5602916669409819,1,1.0,0.06666666666666667
late,6,6,15,158,0.5602916669409819,10,0.6,0.6666666666666666
late,6,13,15,158,0.2882964308519477,1,1.0,0.06666666666666667
late,7,2,1,158,0.6894621526845544,1,1.0,1.0
late,10,1,5,158,0.6969445297042183,1,1.0,0.2
late,10,6,5,158,0.6707925636939805,1,1.0,0.2
late,10,13,5,158,0.4380852839445846,3,0.6666666666666666,0.6
late,11,1,3,158,0.7431204960182004,1,0.0,0.3333333333333333
late,11,6,3,158,0.7008109266769686,1,1.0,0.3333333333333333
late,11,11,3,158,0.6127374395355422,1,0.0,0.3333333333333333
late,13,2,14,158,0.5479310644799871,8,0.375,0.5714285714285714
late,13,6,14,158,0.5294505529590413,1,1.0,0.07142857142857142
late,13,13,14,158,0.27915779666911145,5,0.2,0.35714285714285715
late,1,1,14,159,0.42478638622683546,7,0.7142857142857143,0.5
late,1,2,14,159,0.4064683489082084,2,0.0,0.14285714285714285
late,1,6,14,159,0.3972262015361681,2,0.5,0.14285714285714285
late,1,7,14,159,0.37008815430800374,1,0.0,0.07142857142857142
late,1,8,14,159,0.3160361464200637,1,0.0,0.07142857142857142
late,1,13,14,159,0.19697781982378135,1,1.0,0.07142857142857142
late,2,6,1,159,0.4547378329010272,1,1.0,1.0
late,4,1,5,159,0.7682784201498233,5,0.8,1.0
late,5,1,5,159,0.41723576014863273,2,0.0,0.4
late,5,2,5,159,0.39563608747719897,1,0.0,0.2
late,5,6,5,159,0.37304217156701214,1,1.0,0.2
late,5,13,5,159,0.17246305079437926,1,0.0,0.2
late,6,6,1,159,0.4747570316317815,1,1.0,1.0
late,13,1,6,159,0.4522972267174324,2,0.5,0.3333333333333333
late,13,2,6,159,0.4271568121537374,4,0.25,0.6666666666666666
late,1,5,1,160,0.5930386791339788,1,0.0,1.0
late,2,5,1,160,0.5651756916463531,1,0.0,1.0
late,3,3,4,160,0.692051860352026,2,1.0,0.5
late,3,5,4,160,0.5957312364996875,1,0.0,0.25
late,3,13,4,160,0.3168793796036551,1,0.0,0.25
late,5,1,5,160,0.3899068925422452,2,0.0,0.4
late,5,3,5,160,0.37948215330887086,1,1.0,0.2
late,5,12,5,160,0.3177750104505387,1,1.0,0.2
late,5,13,5,160,0.18753823688349608,1,0.0,0.2
late,6,3,1,160,0.7118035524801403,1,1.0,1.0
late,8,5,1,160,0.6166995885281853,1,1.0,1.0
late,9,12,2,160,0.6219217551165709,1,0.0,0.5
late,9,14,2,160,0.385038414975284,1,0.0,0.5
late,10,1,17,160,0.7203114212575855,7,0.8571428571428571,0.4117647058823529
late,10,3,17,160,0.7083502761539763,2,1.0,0.11764705882352941
late,10,5,17,160,0.6791156575406146,1,1.0,0.058823529411764705
late,10,10,17,160,0.6292231170805098,5,0.8,0.29411764705882354
late,10,12,17,160,0.6367827302251808,2,0.5,0.11764705882352941
late,12,2,13,160,0.49637754166236725,1,1.0,0.07692307692307693
late,12,3,13,160,0.5060668402198246,1,1.0,0.07692307692307693
late,12,10,13,160,0.44952287930625917,4,0.75,0.3076923076923077
late,12,12,13,160,0.4603514267190067,4,0.25,0.3076923076923077
late,12,13,13,160,0.31555358370615305,2,0.0,0.15384615384615385
late,12,14,13,160,0.27149396831469225,1,0.0,0.07692307692307693
late,13,1,1,160,0.5729819223499735,1,0.0,1.0
late,14,14,1,160,0.24448203709227123,1,1.0,1.0
late,1,1,7,161,0.6774614000288962,2,1.0,0.2857142857142857
late,1,2,7,161,0.6557734258720858,4,0.5,0.5714285714285714
late,1,13,7,161,0.35959917299762667,1,0.0,0.14285714285714285
late,2,2,5,161,0.6194205203874852,4,0.75,0.8
late,2,13,5,161,0.3362884589670506,1,0.0,0.2
late,5,13,1,161,0.36257630343403446,1,1.0,1.0
late,6,1,9,161,0.6611714042246052,1,1.0,0.1111111111111111
late,6,2,9,161,0.6326965000770111,3,0.6666666666666666,0.3333333333333333
late,6,6,9,161,0.6069496482696602,5,0.8,0.5555555555555556
late,10,6,1,161,0.7087526363604592,1,0.0,1.0
late,11,1,3,161,0.7755964035188257,2,0.5,0.6666666666666666
late,11,6,3,161,0.7440967216678472,1,1.0,0.3333333333333333
late,13,1,4,161,0.6261173177623763,1,1.0,0.25
late,13,6,4,161,0.5868947777887575,2,0.5,0.5
late,13,13,4,161,0.34437350310408105,1,0.0,0.25
late,1,1,7,162,0.5755705046753355,3,0.3333333333333333,0.42857142857142855
late,1,2,7,162,0.5503292508372292,2,0.5,0.2857142857142857
late,1,3,7,162,0.5665461293594148,1,0.0,0.14285714285714285
late,1,13,7,162,0.27644086166834764,1,0.0,0.14285714285714285
late,2,1,3,162,0.5361644891568733,1,0.0,0.3333333333333333
late,2,5,3,162,0.47676680509905595,1,0.0,0.3333333333333333
late,2,13,3,162,0.24622747633687217,1,0.0,0.3333333333333333
late,5,1,1,162,0.5241483249315017,1,1.0,1.0
late,6,2,4,162,0.38613820011729516,1,1.0,0.25
late,6,5,4,162,0.3686868084601409,1,0.0,0.25
late,6,6,4,162,0.3686868084601409,1,0.0,0.25
late,6,13,4,162,0.1630839607140315,1,1.0,0.25
late,10,2,1,162,0.586447230679614,1,0.0,1.0
late,11,13,2,162,0.3716683143495919,2,1.0,1.0
late,13,1,5,162,0.41282989166612066,1,1.0,0.2
late,13,10,5,162,0.32335009032401996,1,1.0,0.2
late,13,13,5,162,0.19207320847507925,3,0.0,0.6
late,1,1,6,163,0.6340026584344403,1,1.0,0.16666666666666666
late,1,6,6,163,0.5737137323695363,2,1.0,0.3333333333333333
late,1,13,6,163,0.3304845288345336,3,0.3333333333333333,0.5
late,2,1,2,163,0.5764248653561981,1,0.0,0.5
late,2,13,2,163,0.25877574306078766,1,0.0,0.5
late,5,1,1,163,0.5591623601928125,1,1.0,1.0
late,6,1,2,163,0.28874630362473136,2,0.0,1.0
late,7,2,1,163,0.6580618662740936,1,1.0,1.0
late,10,2,3,163,0.6262746114239222,1,0.0,0.3333333333333333
late,10,6,3,163,0.6260761721513047,1,0.0,0.3333333333333333
late,10,13,3,163,0.4370739473811413,1,0.0,0.3333333333333333
late,11,1,9,163,0.703624570953269,6,0.8333333333333334,0.6666666666666666
late,11,6,9,163,0.6668593258193916,1,1.0,0.1111111111111111
late,11,13,9,163,0.35348002326609307,2,0.5,0.2222222222222222
late,13,2,5,163,0.509719839010343,2,0.5,0.4
late,13,5,5,163,0.4875194824034782,1,1.0,0.2
late,13,13,5,163,0.2321644460279372,2,0.0,0.4
late,14,2,1,163,0.4705817581922348,1,0.0,1.0
late,3,3,2,164,0.7429303732230624,2,1.0,1.0
late,5,5,2,164,0.6233749194535609,1,0.0,0.5
late,5,12,2,164,0.559354249927418,1,1.0,0.5
late,9,12,1,164,0.677216933738145,1,1.0,1.0
late,10,5,1,164,0.7037017105275568,1,1.0,1.0
late,12,3,15,164,0.6533816372230016,2,1.0,0.13333333333333333
late,12,5,15,164,0.627339165842733,5,0.4,0.3333333333333333
late,12,10,15,164,0.5884658209086463,1,1.0,0.06666666666666667
late,12,12,15,164,0.586066366995379,7,0.8571428571428571,0.4666666666666667
late,9,9,2,165,0.594789597341569,2,1.0,1.0
