phase,A1_actionId,C_actionId,n_context,B1_playerId,EV,count,train_winrate,usage_rate
front3,15,1,21,0,0.544159900508877,11,0.6363636363636364,0.5238095238095238
front3,15,2,21,0,0.5171419135211164,4,0.5,0.19047619047619047
front3,15,4,21,0,0.5364764974867151,1,0.0,0.047619047619047616
front3,15,6,21,0,0.5048475909969922,3,1.0,0.14285714285714285
front3,15,10,21,0,0.4264701039648647,1,0.0,0.047619047619047616
front3,15,11,21,0,0.4328927499720031,1,0.0,0.047619047619047616
front3,15,1,15,1,0.5515222147729595,3,0.3333333333333333,0.2
front3,15,2,15,1,0.5330878209034015,5,0.4,0.3333333333333333
front3,15,7,15,1,0.4924919770835622,1,1.0,0.06666666666666667
front3,15,10,15,1,0.46952019161895925,3,0.6666666666666666,0.2
front3,15,13,15,1,0.3484992284073244,3,0.3333333333333333,0.2
front3,15,1,27,2,0.5850218664679877,1,0.0,0.037037037037037035
front3,15,3,27,2,0.5951709900204872,5,0.8,0.18518518518518517
front3,15,5,27,2,0.5446030259500015,3,0.6666666666666666,0.1111111111111111
front3,15,6,27,2,0.5447993611569669,5,0.8,0.18518518518518517
front3,15,10,27,2,0.4897242801048329,8,0.125,0.2962962962962963
front3,15,13,27,2,0.36852892482771,5,0.4,0.18518518518518517
front3,0,1,31,3,0.6514737695440571,2,0.5,0.06451612903225806
front3,0,2,31,3,0.6279739843021015,5,0.4,0.16129032258064516
front3,0,5,31,3,0.5972522030775473,2,1.0,0.06451612903225806
front3,0,6,31,3,0.5946071523922385,3,0.6666666666666666,0.0967741935483871
front3,0,7,31,3,0.556289371905542,3,0.6666666666666666,0.0967741935483871
front3,0,10,31,3,0.5125414744569972,12,0.5,0.3870967741935484
front3,0,11,31,3,0.5181906925289986,4,0.5,0.12903225806451613
front3,15,1,32,3,0.6167477858484061,5,0.8,0.15625
front3,15,2,32,3,0.5994367972510756,1,1.0,0.03125
front3,15,3,32,3,0.6128826755977886,1,1.0,0.03125
front3,15,6,32,3,0.5692703987762996,8,0.625,0.25
front3,15,7,32,3,0.5236241579606149,4,0.25,0.125
front3,15,10,32,3,0.48689763798288505,6,0.6666666666666666,0.1875
front3,15,11,32,3,0.4891504907124309,3,0.6666666666666666,0.09375
front3,15,13,32,3,0.36217051824632807,4,0.25,0.125
front3,16,1,64,3,0.5878106926992064,11,0.5454545454545454,0.171875
front3,16,2,64,3,0.5711868503736369,2,0.0,0.03125
front3,16,3,64,3,0.5875580436500877,4,0.75,0.0625
front3,16,5,64,3,0.5484098246994648,2,1.0,0.03125
front3,16,6,64,3,0.5488167964760569,5,0.8,0.078125
front3,16,7,64,3,0.5183629795259231,22,0.5454545454545454,0.34375
front3,16,10,64,3,0.4982011636696764,13,0.6923076923076923,0.203125
front3,16,11,64,3,0.49972360988504094,3,0.6666666666666666,0.046875
front3,16,13,64,3,0.3659321086731415,2,0.0,0.03125
front3,18,6,1,3,0.5603724976390525,1,1.0,1.0
front3,15,1,21,4,0.6163768741463267,7,0.5714285714285714,0.3333333333333333
front3,15,2,21,4,0.6044660094224928,1,1.0,0.047619047619047616
front3,15,8,21,4,0.5116447633854021,1,1.0,0.047619047619047616
front3,15,10,21,4,0.528347034290996,2,0.5,0.09523809523809523
front3,15,12,21,4,0.5369427944930129,10,0.7,0.47619047619047616
front3,15,1,13,5,0.5811231629581725,8,0.75,0.6153846153846154
front3,15,3,13,5,0.5785567170282424,1,0.0,0.07692307692307693
front3,15,6,13,5,0.546793498644016,3,1.0,0.23076923076923078
front3,15,10,13,5,0.4863429134616889,1,0.0,0.07692307692307693
front3,17,1,6,5,0.6413320783011104,2,0.5,0.3333333333333333
front3,17,3,6,5,0.6378869564146842,1,0.0,0.16666666666666666
front3,17,5,6,5,0.6135479915274137,1,1.0,0.16666666666666666
front3,17,6,6,5,0.6143881158437586,1,1.0,0.16666666666666666
front3,17,13,6,5,0.4282159756921587,1,0.0,0.16666666666666666
front3,15,1,23,6,0.587334754086329,16,0.625,0.6956521739130435
front3,15,5,23,6,0.5533006778431058,4,0.5,0.17391304347826086
front3,15,6,23,6,0.5560393565007667,2,0.5,0.08695652173913043
front3,15,10,23,6,0.49313826449082654,1,1.0,0.043478260869565216
front3,16,1,3,6,0.5892815407206196,2,0.5,0.6666666666666666
front3,16,3,3,6,0.5851499000894104,1,1.0,0.3333333333333333
front3,0,1,24,7,0.6307788229432022,16,0.625,0.6666666666666666
front3,0,6,24,7,0.5929356767994786,1,1.0,0.041666666666666664
front3,0,7,24,7,0.57070520454224,1,0.0,0.041666666666666664
front3,0,10,24,7,0.5364944758118465,3,0.6666666666666666,0.125
front3,0,11,24,7,0.5396041739067239,1,0.0,0.041666666666666664
front3,0,13,24,7,0.38664294445794006,2,0.5,0.08333333333333333
front3,15,1,47,8,0.5881381616423462,23,0.6086956521739131,0.48936170212765956
front3,15,2,47,8,0.5660412421560587,1,1.0,0.02127659574468085
front3,15,5,47,8,0.5489499045991981,6,0.5,0.1276595744680851
front3,15,6,47,8,0.5496224046086287,11,0.5454545454545454,0.23404255319148937
front3,15,10,47,8,0.48670125394134195,2,0.0,0.0425531914893617
front3,15,11,47,8,0.4872249626400501,2,0.0,0.0425531914893617
front3,15,13,47,8,0.35661842217682765,2,0.5,0.0425531914893617
front3,16,1,26,8,0.5577091468263358,17,0.6470588235294118,0.6538461538461539
front3,16,5,26,8,0.5245479755919683,5,0.2,0.19230769230769232
front3,16,6,26,8,0.5245479755919684,1,1.0,0.038461538461538464
front3,16,10,26,8,0.48099432680931986,2,1.0,0.07692307692307693
front3,16,11,26,8,0.4841419437154516,1,0.0,0.038461538461538464
front3,15,1,4,9,0.4023651002094595,2,0.0,0.5
front3,15,7,4,9,0.35235411197365846,1,1.0,0.25
front3,15,10,4,9,0.32778994801390743,1,1.0,0.25
front3,15,1,23,10,0.5777946307869969,16,0.5,0.6956521739130435
front3,15,4,23,10,0.5731361926791285,1,1.0,0.043478260869565216
front3,15,7,23,10,0.509004833609515,2,0.0,0.08695652173913043
front3,15,10,23,10,0.4764066338558377,3,0.6666666666666666,0.13043478260869565
front3,15,13,23,10,0.3462914960291571,1,1.0,0.043478260869565216
front3,16,7,4,10,0.4963061674113335,1,1.0,0.25
front3,16,10,4,10,0.46273442519577224,2,0.0,0.5
front3,16,13,4,10,0.33645651464744664,1,1.0,0.25
front3,17,1,1,10,0.5388257846298521,1,1.0,1.0
front3,15,1,98,11,0.49814719773550026,68,0.5588235294117647,0.6938775510204082
front3,15,2,98,11,0.47595499699339006,4,0.5,0.04081632653061224
front3,15,3,98,11,0.49484021087596025,2,0.0,0.02040816326530612
front3,15,4,98,11,0.501894223993442,1,0.0,0.01020408163265306
front3,15,5,98,11,0.46698440281497827,1,0.0,0.01020408163265306
front3,15,6,98,11,0.46844838868719657,2,0.5,0.02040816326530612
front3,15,7,98,11,0.44491017438783087,1,0.0,0.01020408163265306
front3,15,10,98,11,0.41819581893236585,14,0.21428571428571427,0.14285714285714285
front3,15,11,98,11,0.41407295345857664,3,0.3333333333333333,0.030612244897959183
front3,15,13,98,11,0.276440143051363,1,1.0,0.01020408163265306
front3,15,14,98,11,0.21807022431851925,1,0.0,0.01020408163265306
front3,16,1,31,11,0.5030159148072415,20,0.6,0.6451612903225806
front3,16,2,31,11,0.4809023749389323,2,1.0,0.06451612903225806
front3,16,3,31,11,0.5003449351410649,1,1.0,0.03225806451612903
front3,16,10,31,11,0.4170090606860256,2,0.5,0.06451612903225806
front3,16,13,31,11,0.2824491765246036,6,0.16666666666666666,0.1935483870967742
front3,17,1,2,11,0.5303557763305689,1,1.0,0.5
front3,17,3,2,11,0.5327094676213621,1,1.0,0.5
front3,15,1,27,12,0.43708446023513964,4,0.25,0.14814814814814814
front3,15,2,27,12,0.4173281980188239,2,0.0,0.07407407407407407
front3,15,3,27,12,0.4292473194598474,3,0.6666666666666666,0.1111111111111111
front3,15,5,27,12,0.40548789585607115,5,0.4,0.18518518518518517
front3,15,6,27,12,0.4066608362431587,2,0.5,0.07407407407407407
front3,15,10,27,12,0.3329349554380214,5,0.6,0.18518518518518517
front3,15,12,27,12,0.3537101013246597,2,0.5,0.07407407407407407
front3,15,13,27,12,0.21837354464211445,4,0.0,0.14814814814814814
front3,16,1,1,12,0.4045410503233864,1,1.0,1.0
front3,17,1,10,12,0.46557901835782217,7,0.2857142857142857,0.7
front3,17,5,10,12,0.4557815742015109,2,0.0,0.2
front3,17,10,10,12,0.3951249899186534,1,1.0,0.1
front3,15,1,50,13,0.5461482514667257,23,0.6521739130434783,0.46
front3,15,2,50,13,0.5242790082032169,2,0.5,0.04
front3,15,4,50,13,0.547483243633501,3,0.6666666666666666,0.06
front3,15,6,50,13,0.5093152272824261,8,0.5,0.16
front3,15,7,50,13,0.47285458926462526,4,1.0,0.08
front3,15,10,50,13,0.442985652242734,5,0.0,0.1
front3,15,11,50,13,0.44520109642888855,4,0.5,0.08
front3,15,13,50,13,0.30938209918425136,1,1.0,0.02
front3,16,7,1,13,0.5009369390489682,1,0.0,1.0
front3,17,1,7,13,0.49631175864999605,4,0.5,0.5714285714285714
front3,17,2,7,13,0.480636784280864,1,1.0,0.14285714285714285
front3,17,6,7,13,0.5151292360878299,1,1.0,0.14285714285714285
front3,17,10,7,13,0.46952615043759144,1,1.0,0.14285714285714285
front3,0,1,40,14,0.5673671597381367,8,0.625,0.2
front3,0,2,40,14,0.540768159963587,14,0.35714285714285715,0.35
front3,0,5,40,14,0.5278298577595449,4,1.0,0.1
front3,0,6,40,14,0.5247301144900016,7,0.7142857142857143,0.175
front3,0,7,40,14,0.49385581914764637,1,0.0,0.025
front3,0,10,40,14,0.4535220267232444,2,1.0,0.05
front3,0,13,40,14,0.31556060721778784,4,0.5,0.1
front3,15,1,5,15,0.6032496653752035,5,0.4,1.0
front3,16,1,8,15,0.5977978807344224,4,0.5,0.5
front3,16,3,8,15,0.598137299894387,1,0.0,0.125
front3,16,4,8,15,0.6042457315683532,1,0.0,0.125
front3,16,10,8,15,0.5158019088846577,2,0.0,0.25
front3,17,1,4,15,0.6325885361989666,2,1.0,0.5
front3,17,5,4,15,0.6144022672089992,1,0.0,0.25
front3,17,10,4,15,0.5572915968945187,1,1.0,0.25
front3,15,1,16,16,0.6184177608174274,4,1.0,0.25
front3,15,2,16,16,0.5950248959309825,1,0.0,0.0625
front3,15,5,16,16,0.5822700279667337,2,0.5,0.125
front3,15,6,16,16,0.5838897201084204,3,0.6666666666666666,0.1875
front3,15,7,16,16,0.542466027985822,1,1.0,0.0625
front3,15,10,16,16,0.5019088828454549,2,0.5,0.125
front3,15,11,16,16,0.5089417091770588,3,0.0,0.1875
front3,16,1,6,16,0.6187175853372743,2,0.5,0.3333333333333333
front3,16,2,6,16,0.5913017097666887,2,0.5,0.3333333333333333
front3,16,5,6,16,0.5860517099314005,1,1.0,0.16666666666666666
front3,16,13,6,16,0.37141078346442336,1,1.0,0.16666666666666666
front3,15,1,28,17,0.49823340484404716,12,0.3333333333333333,0.42857142857142855
front3,15,2,28,17,0.46687464185567734,5,0.2,0.17857142857142858
front3,15,5,28,17,0.46884908759253346,5,0.2,0.17857142857142858
front3,15,7,28,17,0.44211137989018334,3,0.6666666666666666,0.10714285714285714
front3,15,10,28,17,0.40385129133827774,2,0.5,0.07142857142857142
front3,15,11,28,17,0.41192770648497695,1,0.0,0.03571428571428571
front3,16,1,1,17,0.48615628688779705,1,0.0,1.0
front3,15,1,20,18,0.6488918648731914,7,0.8571428571428571,0.35
front3,15,2,20,18,0.6266668847203335,5,0.8,0.25
front3,15,7,20,18,0.5965334918831678,1,0.0,0.05
front3,15,10,20,18,0.5677949981838294,3,1.0,0.15
front3,15,11,20,18,0.5670371193818431,1,0.0,0.05
front3,15,13,20,18,0.42908374623698675,3,0.3333333333333333,0.15
front3,0,1,134,19,0.5006186700372783,16,0.625,0.11940298507462686
front3,0,2,134,19,0.47313943156233423,26,0.38461538461538464,0.19402985074626866
front3,0,3,134,19,0.4943248808829486,3,0.6666666666666666,0.022388059701492536
front3,0,4,134,19,0.4989062611573745,20,0.55,0.14925373134328357
front3,0,6,134,19,0.44806297567940123,22,0.5,0.16417910447761194
front3,0,7,134,19,0.4110013064254298,15,0.4666666666666667,0.11194029850746269
front3,0,10,134,19,0.367131348133921,10,0.4,0.07462686567164178
front3,0,11,134,19,0.3707236827620588,14,0.42857142857142855,0.1044776119402985
front3,0,13,134,19,0.22892934811129736,8,0.125,0.05970149253731343
front3,15,1,26,20,0.5768827919224833,10,0.7,0.38461538461538464
front3,15,2,26,20,0.5523003193454382,9,0.4444444444444444,0.34615384615384615
front3,15,5,26,20,0.5438983490906681,1,1.0,0.038461538461538464
front3,15,7,26,20,0.5178013477839616,3,0.6666666666666666,0.11538461538461539
front3,15,10,26,20,0.48616059033841563,2,0.0,0.07692307692307693
front3,15,11,26,20,0.48714154584662883,1,1.0,0.038461538461538464
front3,0,1,20,21,0.5188998502653146,1,1.0,0.05
front3,0,3,20,21,0.5120859920088212,3,0.3333333333333333,0.15
front3,0,5,20,21,0.4786591270089201,2,0.0,0.1
front3,0,6,20,21,0.47984602520649,1,1.0,0.05
front3,0,8,20,21,0.3969150106384876,3,0.6666666666666666,0.15
front3,0,10,20,21,0.4108413403690829,4,0.0,0.2
front3,0,12,20,21,0.4248007409080004,5,0.8,0.25
front3,0,13,20,21,0.2869758028482594,1,0.0,0.05
front3,15,1,301,21,0.4773882758712601,107,0.4953271028037383,0.3554817275747508
front3,15,2,301,21,0.45541173458971984,17,0.7058823529411765,0.05647840531561462
front3,15,4,301,21,0.47892295250275974,1,1.0,0.0033222591362126247
front3,15,5,301,21,0.44172323931127,33,0.5151515151515151,0.10963455149501661
front3,15,6,301,21,0.44361618324148766,34,0.4117647058823529,0.11295681063122924
front3,15,7,301,21,0.41077453420270027,5,0.8,0.016611295681063124
front3,15,8,301,21,0.34395144918021775,3,0.0,0.009966777408637873
front3,15,10,301,21,0.3782494090228665,54,0.24074074074074073,0.17940199335548174
front3,15,11,301,21,0.3804346269942659,16,0.25,0.053156146179401995
front3,15,12,301,21,0.39701518708909955,5,0.0,0.016611295681063124
front3,15,13,301,21,0.25775337370417817,26,0.15384615384615385,0.08637873754152824
front3,16,1,74,21,0.45261036233141294,28,0.4642857142857143,0.3783783783783784
front3,16,2,74,21,0.4316392885725824,6,0.3333333333333333,0.08108108108108109
front3,16,5,74,21,0.42160306997235064,12,0.16666666666666666,0.16216216216216217
front3,16,6,74,21,0.42232353114025173,5,0.2,0.06756756756756757
front3,16,10,74,21,0.3627161791204261,9,0.4444444444444444,0.12162162162162163
front3,16,11,74,21,0.36532024350587844,4,0.5,0.05405405405405406
front3,16,12,74,21,0.3791017418590695,3,0.6666666666666666,0.04054054054054054
front3,16,13,74,21,0.2337883656272523,7,0.2857142857142857,0.0945945945945946
front3,17,1,1,21,0.5299204244759554,1,1.0,1.0
front3,18,1,19,21,0.4402726244350815,13,0.3076923076923077,0.6842105263157895
front3,18,5,19,21,0.4190053513676968,3,1.0,0.15789473684210525
front3,18,10,19,21,0.41095859551480135,1,1.0,0.05263157894736842
front3,18,13,19,21,0.3010233611130374,2,0.0,0.10526315789473684
front3,0,1,34,22,0.4971051321834578,21,0.42857142857142855,0.6176470588235294
front3,0,2,34,22,0.4658634723038387,2,0.0,0.058823529411764705
front3,0,5,34,22,0.4619785137696467,6,0.6666666666666666,0.17647058823529413
front3,0,7,34,22,0.4323396701064296,1,1.0,0.029411764705882353
front3,0,10,34,22,0.3943202092322002,3,0.3333333333333333,0.08823529411764706
front3,0,13,34,22,0.2504416594950578,1,0.0,0.029411764705882353
front3,0,1,43,23,0.576103549829655,15,0.13333333333333333,0.3488372093023256
front3,0,2,43,23,0.5551330472377044,11,0.8181818181818182,0.2558139534883721
front3,0,5,43,23,0.5439233547131932,10,0.6,0.23255813953488372
front3,0,6,43,23,0.541004815440997,2,0.5,0.046511627906976744
front3,0,10,43,23,0.49122404327547387,3,0.3333333333333333,0.06976744186046512
front3,0,11,43,23,0.47928297982609097,1,1.0,0.023255813953488372
front3,0,12,43,23,0.4904174558765125,1,1.0,0.023255813953488372
front3,15,4,1,23,0.5601681742460215,1,1.0,1.0
front3,16,5,3,23,0.5242544644836099,1,0.0,0.3333333333333333
front3,16,6,3,23,0.5242544644836099,2,0.0,0.6666666666666666
front3,15,1,11,24,0.5863951390136614,5,0.8,0.45454545454545453
front3,15,6,11,24,0.5527632169948962,1,1.0,0.09090909090909091
front3,15,7,11,24,0.5167050537958601,2,1.0,0.18181818181818182
front3,15,10,11,24,0.4801022212471961,3,0.0,0.2727272727272727
front3,16,1,6,24,0.5252369730131972,2,0.0,0.3333333333333333
front3,16,2,6,24,0.5101915302410417,1,1.0,0.16666666666666666
front3,16,10,6,24,0.4446603917952518,1,1.0,0.16666666666666666
front3,16,13,6,24,0.3452919335801292,2,0.5,0.3333333333333333
front3,15,1,29,25,0.5492310078231674,16,0.625,0.5517241379310345
front3,15,2,29,25,0.5245447360737877,1,1.0,0.034482758620689655
front3,15,4,29,25,0.543501464740383,1,1.0,0.034482758620689655
front3,15,7,29,25,0.4716345519556092,1,1.0,0.034482758620689655
front3,15,11,29,25,0.439191413911606,1,1.0,0.034482758620689655
front3,15,13,29,25,0.31934456500837993,9,0.3333333333333333,0.3103448275862069
front3,16,1,4,25,0.5565133199784204,3,0.6666666666666666,0.75
front3,16,11,4,25,0.44155568065332007,1,0.0,0.25
front3,0,1,19,26,0.5856472488091267,2,0.5,0.10526315789473684
front3,0,2,19,26,0.5611810931481552,1,1.0,0.05263157894736842
front3,0,5,19,26,0.5296558918638034,2,0.5,0.10526315789473684
front3,0,6,19,26,0.5265721001794983,4,0.5,0.21052631578947367
front3,0,7,19,26,0.4843617566993352,2,0.0,0.10526315789473684
front3,0,10,19,26,0.43781859539808426,6,0.5,0.3157894736842105
front3,0,13,19,26,0.311603685930789,2,0.5,0.10526315789473684
front3,15,1,13,28,0.602162688963416,4,0.75,0.3076923076923077
front3,15,2,13,28,0.5757133588193061,4,0.75,0.3076923076923077
front3,15,5,13,28,0.5718287263420841,1,1.0,0.07692307692307693
front3,15,6,13,28,0.5758154016176585,1,1.0,0.07692307692307693
front3,15,10,13,28,0.5077265817799574,1,0.0,0.07692307692307693
front3,15,11,13,28,0.5125542296415673,2,1.0,0.15384615384615385
front3,16,2,2,28,0.5496175894605437,1,0.0,0.5
front3,16,11,2,28,0.48169469073711163,1,0.0,0.5
front3,15,1,17,29,0.6480020245951061,5,0.8,0.29411764705882354
front3,15,4,17,29,0.6534171128015752,2,1.0,0.11764705882352941
front3,15,5,17,29,0.6064537668568225,2,0.0,0.11764705882352941
front3,15,6,17,29,0.6034441554896968,2,0.5,0.11764705882352941
front3,15,10,17,29,0.5570536798703571,5,0.6,0.29411764705882354
front3,15,13,17,29,0.4050966558754728,1,0.0,0.058823529411764705
front3,17,1,10,29,0.6568935245386258,5,0.6,0.5
front3,17,4,10,29,0.666105029183666,1,1.0,0.1
front3,17,10,10,29,0.5853443799711936,3,0.6666666666666666,0.3
front3,17,13,10,29,0.4448647440746594,1,0.0,0.1
front3,0,1,30,30,0.45197796484996317,11,0.2727272727272727,0.36666666666666664
front3,0,2,30,30,0.4245266079291633,6,0.3333333333333333,0.2
front3,0,3,30,30,0.44825319742918107,1,1.0,0.03333333333333333
front3,0,5,30,30,0.41070330366502067,4,0.5,0.13333333333333333
front3,0,10,30,30,0.34485825327580205,5,0.2,0.16666666666666666
front3,0,11,30,30,0.347250732985701,2,0.0,0.06666666666666667
front3,0,13,30,30,0.21017665506434632,1,0.0,0.03333333333333333
front3,15,1,37,31,0.492789707293636,17,0.47058823529411764,0.4594594594594595
front3,15,2,37,31,0.46520228236645284,4,0.5,0.10810810810810811
front3,15,4,37,31,0.4857177679054719,2,1.0,0.05405405405405406
front3,15,6,37,31,0.4538032825941053,6,0.3333333333333333,0.16216216216216217
front3,15,7,37,31,0.4112225057833457,1,1.0,0.02702702702702703
front3,15,10,37,31,0.3683964159662822,3,0.0,0.08108108108108109
front3,15,11,37,31,0.37587814303553335,2,0.5,0.05405405405405406
front3,15,13,37,31,0.2503734977234131,2,0.5,0.05405405405405406
front3,16,1,6,31,0.5018763824718699,1,1.0,0.16666666666666666
front3,16,6,6,31,0.4566744666237396,2,0.0,0.3333333333333333
front3,16,7,6,31,0.42727288694523025,1,1.0,0.16666666666666666
front3,16,10,6,31,0.38688243330276584,1,0.0,0.16666666666666666
front3,16,13,6,31,0.2816492816570179,1,0.0,0.16666666666666666
front3,17,1,1,31,0.5329936600808126,1,1.0,1.0
front3,15,1,44,32,0.6028863498523018,1,0.0,0.022727272727272728
front3,15,3,44,32,0.6066007005900979,2,1.0,0.045454545454545456
front3,15,5,44,32,0.5621307927070144,1,0.0,0.022727272727272728
front3,15,9,44,32,0.527542893539781,1,1.0,0.022727272727272728
front3,15,10,44,32,0.51145065793708,24,0.4166666666666667,0.5454545454545454
front3,15,12,44,32,0.5247381861786331,14,0.5714285714285714,0.3181818181818182
front3,15,13,44,32,0.35540585936339714,1,0.0,0.022727272727272728
front3,18,3,3,32,0.6148812409204463,1,1.0,0.3333333333333333
front3,18,12,3,32,0.5474548310788928,2,1.0,0.6666666666666666
front3,0,1,18,33,0.4481910284076809,6,0.5,0.3333333333333333
front3,0,2,18,33,0.4295847120554201,5,0.6,0.2777777777777778
front3,0,5,18,33,0.4215210281309426,3,0.3333333333333333,0.16666666666666666
front3,0,6,18,33,0.4193214400164631,1,1.0,0.05555555555555555
front3,0,7,18,33,0.3970862594426983,1,0.0,0.05555555555555555
front3,0,10,18,33,0.3738076423297106,1,1.0,0.05555555555555555
front3,0,11,18,33,0.37276122197958195,1,1.0,0.05555555555555555
front3,15,1,20,33,0.6135618938838185,6,0.6666666666666666,0.3
front3,15,2,20,33,0.5903141338348312,2,0.5,0.1
front3,15,5,20,33,0.5774804545868122,6,0.5,0.3
front3,15,6,20,33,0.5813687344332731,1,0.0,0.05
front3,15,7,20,33,0.5521863370895088,2,0.5,0.1
front3,15,10,20,33,0.5205264492082329,3,0.6666666666666666,0.15
front3,15,1,33,34,0.5435235240535067,14,0.7142857142857143,0.42424242424242425
front3,15,4,33,34,0.5398860981514879,1,1.0,0.030303030303030304
front3,15,5,33,34,0.5206333940381729,3,0.6666666666666666,0.09090909090909091
front3,15,6,33,34,0.5243311153533592,2,1.0,0.06060606060606061
front3,15,8,33,34,0.4167771294049714,2,1.0,0.06060606060606061
front3,15,9,33,34,0.461845676162402,3,0.0,0.09090909090909091
front3,15,10,33,34,0.4378591974184788,8,0.125,0.24242424242424243
front3,17,1,5,34,0.5240115942532728,1,0.0,0.2
front3,17,9,5,34,0.47104501004333404,2,0.0,0.4
front3,17,12,5,34,0.48583803635516826,1,0.0,0.2
front3,17,13,5,34,0.36581532216930884,1,1.0,0.2
front3,18,10,1,34,0.4785995622533443,1,0.0,1.0
front3,0,1,40,35,0.5417244242023399,14,0.42857142857142855,0.35
front3,0,2,40,35,0.5116619514443631,9,0.5555555555555556,0.225
front3,0,6,40,35,0.49416987191130446,3,0.3333333333333333,0.075
front3,0,7,40,35,0.44983747135145735,2,0.0,0.05
front3,0,10,40,35,0.40500714263856946,1,0.0,0.025
front3,0,11,40,35,0.4131817518607194,6,0.5,0.15
front3,0,13,40,35,0.27297558743911815,5,0.0,0.125
front3,15,1,22,35,0.48978738423859336,7,0.7142857142857143,0.3181818181818182
front3,15,2,22,35,0.4651272968841621,3,0.6666666666666666,0.13636363636363635
front3,15,4,22,35,0.4858893367098766,5,0.4,0.22727272727272727
front3,15,6,22,35,0.4505492460404729,4,0.25,0.18181818181818182
front3,15,11,22,35,0.3828212289611896,3,0.0,0.13636363636363635
front3,16,2,2,35,0.47507884319598126,1,0.0,0.5
front3,16,6,2,35,0.4487449901143573,1,0.0,0.5
front3,15,1,20,36,0.4967085387474931,11,0.6363636363636364,0.55
front3,15,2,20,36,0.4691520834699651,1,0.0,0.05
front3,15,4,20,36,0.49019405902123425,1,1.0,0.05
front3,15,6,20,36,0.4543469142365705,3,0.0,0.15
front3,15,7,20,36,0.41168109743701997,1,1.0,0.05
front3,15,10,20,36,0.36894505680201506,1,1.0,0.05
front3,15,11,20,36,0.37560582286594174,1,1.0,0.05
front3,15,13,20,36,0.24832771069569443,1,0.0,0.05
front3,16,1,3,36,0.4428701317143054,3,0.3333333333333333,1.0
front3,15,1,77,37,0.5518325963891646,47,0.574468085106383,0.6103896103896104
front3,15,3,77,37,0.5514065528135107,6,0.8333333333333334,0.07792207792207792
front3,15,4,77,37,0.5569405869428101,9,0.6666666666666666,0.11688311688311688
front3,15,5,77,37,0.5173247557811954,3,0.3333333333333333,0.03896103896103896
front3,15,6,77,37,0.517727848790678,4,0.25,0.05194805194805195
front3,15,7,77,37,0.49225618080876193,1,0.0,0.012987012987012988
front3,15,10,77,37,0.46670266177254305,4,0.0,0.05194805194805195
front3,15,11,77,37,0.46234848410020263,2,0.0,0.025974025974025976
front3,15,13,77,37,0.326173479199518,1,1.0,0.012987012987012988
front3,16,1,23,37,0.534697706064903,10,0.7,0.43478260869565216
front3,16,2,23,37,0.5143559626188356,1,1.0,0.043478260869565216
front3,16,3,23,37,0.5331749086562422,1,0.0,0.043478260869565216
front3,16,4,23,37,0.5409546985255139,2,0.5,0.08695652173913043
front3,16,5,23,37,0.5019424492181664,3,0.6666666666666666,0.13043478260869565
front3,16,6,23,37,0.5016760305747293,2,0.5,0.08695652173913043
front3,16,7,23,37,0.4772244973932742,1,1.0,0.043478260869565216
front3,16,11,23,37,0.44430969708007423,1,0.0,0.043478260869565216
front3,16,13,23,37,0.3131676519732257,2,0.0,0.08695652173913043
front3,17,1,1,37,0.48976209896867967,1,1.0,1.0
front3,15,1,34,38,0.5422422063645544,15,0.6666666666666666,0.4411764705882353
front3,15,2,34,38,0.5193642706939895,2,0.5,0.058823529411764705
front3,15,4,34,38,0.5421221300470899,1,1.0,0.029411764705882353
front3,15,5,34,38,0.5038532333443259,6,0.16666666666666666,0.17647058823529413
front3,15,6,34,38,0.5044773880639275,3,0.6666666666666666,0.08823529411764706
front3,15,10,34,38,0.4390407439529467,3,0.3333333333333333,0.08823529411764706
front3,15,11,34,38,0.44580126748858495,2,0.0,0.058823529411764705
front3,15,13,34,38,0.309083511258986,2,1.0,0.058823529411764705
front3,16,1,19,38,0.552945410142725,2,0.0,0.10526315789473684
front3,16,3,19,38,0.5462802229229062,1,0.0,0.05263157894736842
front3,16,4,19,38,0.5513760017259038,1,0.0,0.05263157894736842
front3,16,5,19,38,0.5106561299691655,4,0.0,0.21052631578947367
front3,16,6,19,38,0.5117752656806026,4,1.0,0.21052631578947367
front3,16,7,19,38,0.47803506901473397,1,0.0,0.05263157894736842
front3,16,10,19,38,0.44342150499552335,3,1.0,0.15789473684210525
front3,16,11,19,38,0.44701178748795983,1,0.0,0.05263157894736842
front3,16,13,19,38,0.3283261555706108,2,0.5,0.10526315789473684
front3,0,1,43,39,0.5905823607269297,25,0.52,0.5813953488372093
front3,0,2,43,39,0.5656142849983861,2,0.5,0.046511627906976744
front3,0,3,43,39,0.5909391532665155,1,1.0,0.023255813953488372
front3,0,10,43,39,0.4970112145958552,2,1.0,0.046511627906976744
front3,0,11,43,39,0.4977060228101216,1,0.0,0.023255813953488372
front3,0,13,43,39,0.3541567071445326,12,0.3333333333333333,0.27906976744186046
front3,15,1,1,40,0.5712477745002249,1,1.0,1.0
front3,16,1,18,40,0.5668678957289056,9,0.5555555555555556,0.5
front3,16,3,18,40,0.5648489367324299,1,1.0,0.05555555555555555
front3,16,5,18,40,0.5368434177802393,1,1.0,0.05555555555555555
front3,16,10,18,40,0.48610760106476636,3,0.0,0.16666666666666666
front3,16,13,18,40,0.3697578833634902,4,0.5,0.2222222222222222
front3,15,1,21,41,0.5482203058625867,8,1.0,0.38095238095238093
front3,15,3,21,41,0.5397584063637118,5,0.4,0.23809523809523808
front3,15,5,21,41,0.5125486473110452,3,0.0,0.14285714285714285
front3,15,7,21,41,0.4813414137138441,1,1.0,0.047619047619047616
front3,15,10,21,41,0.4384064685401651,1,0.0,0.047619047619047616
front3,15,13,21,41,0.3248065706265068,2,0.5,0.09523809523809523
front3,15,14,21,41,0.24106754240207853,1,0.0,0.047619047619047616
front3,17,1,1,41,0.5637542818037917,1,1.0,1.0
front3,15,1,20,42,0.5952679640497658,11,0.6363636363636364,0.55
front3,15,5,20,42,0.5600105108285954,1,0.0,0.05
front3,15,10,20,42,0.4968848124522102,6,0.6666666666666666,0.3
front3,15,11,20,42,0.49964880749345575,1,1.0,0.05
front3,15,13,20,42,0.34841751437805585,1,1.0,0.05
front3,16,1,1,42,0.5812960042140635,1,0.0,1.0
front3,0,1,73,43,0.49877790651673204,39,0.41025641025641024,0.5342465753424658
front3,0,2,73,43,0.4697616878680975,5,0.4,0.0684931506849315
front3,0,4,73,43,0.49577107778683827,3,0.6666666666666666,0.0410958904109589
front3,0,6,73,43,0.4508373146585524,4,0.5,0.0547945205479452
front3,0,7,73,43,0.41517822267447824,2,0.0,0.0273972602739726
front3,0,10,73,43,0.37432193399497476,4,0.5,0.0547945205479452
front3,0,11,73,43,0.3780761289191813,12,0.5,0.1643835616438356
front3,0,13,73,43,0.2330857389860579,4,0.0,0.0547945205479452
front3,0,1,32,44,0.5279684231112716,11,0.5454545454545454,0.34375
front3,0,2,32,44,0.5005916527578446,1,0.0,0.03125
front3,0,5,32,44,0.4765593245894948,2,1.0,0.0625
front3,0,6,32,44,0.4734653850267164,2,0.0,0.0625
front3,0,10,32,44,0.38496439131246424,9,0.5555555555555556,0.28125
front3,0,11,32,44,0.3914781913650495,4,0.25,0.125
front3,0,13,32,44,0.25795855586310795,3,0.3333333333333333,0.09375
front3,0,1,44,45,0.5780691245170135,8,0.375,0.18181818181818182
front3,0,2,44,45,0.5544709514669859,5,0.6,0.11363636363636363
front3,0,4,44,45,0.5813114828269046,1,1.0,0.022727272727272728
front3,0,6,44,45,0.5201881855716991,6,0.3333333333333333,0.13636363636363635
front3,0,7,44,45,0.4892032592505466,4,0.5,0.09090909090909091
front3,0,10,44,45,0.44664279320665695,13,0.46153846153846156,0.29545454545454547
front3,0,11,44,45,0.4486963243035378,1,0.0,0.022727272727272728
front3,0,13,44,45,0.2937170304851651,5,0.4,0.11363636363636363
front3,0,14,44,45,0.22977475833989622,1,1.0,0.022727272727272728
front3,15,1,28,46,0.5851174762549105,18,0.6111111111111112,0.6428571428571429
front3,15,2,28,46,0.5578427695755218,1,0.0,0.03571428571428571
front3,15,5,28,46,0.5513111014263343,2,0.0,0.07142857142857142
front3,15,10,28,46,0.47980989040945776,4,0.5,0.14285714285714285
front3,15,11,28,46,0.48854535979698394,3,0.6666666666666666,0.10714285714285714
front3,16,2,1,46,0.5244919203272149,1,1.0,1.0
front3,15,1,48,47,0.5094187606314106,24,0.375,0.5
front3,15,2,48,47,0.4861932884656601,7,0.42857142857142855,0.14583333333333334
front3,15,6,48,47,0.4763017022662465,2,1.0,0.041666666666666664
front3,15,7,48,47,0.45155117462375544,1,1.0,0.020833333333333332
front3,15,10,48,47,0.42150216601895857,1,1.0,0.020833333333333332
front3,15,11,48,47,0.4228712857240377,3,0.6666666666666666,0.0625
front3,15,13,48,47,0.3018097619224202,10,0.3,0.20833333333333334
front3,16,1,3,47,0.4814230274682801,1,1.0,0.3333333333333333
front3,16,2,3,47,0.45929716993082653,2,0.0,0.6666666666666666
front3,15,1,26,48,0.5187585839696415,4,0.75,0.15384615384615385
front3,15,3,26,48,0.5109262630388269,1,0.0,0.038461538461538464
front3,15,5,26,48,0.4880298164737917,1,0.0,0.038461538461538464
front3,15,6,26,48,0.49089540465552955,2,0.0,0.07692307692307693
front3,15,9,26,48,0.4411231450945773,1,1.0,0.038461538461538464
front3,15,10,26,48,0.41929727531364036,11,0.5454545454545454,0.4230769230769231
front3,15,12,26,48,0.43162641746140307,6,0.0,0.23076923076923078
front3,16,1,5,48,0.4944230309383274,2,0.5,0.4
front3,16,8,5,48,0.3658066924251888,1,0.0,0.2
front3,16,9,5,48,0.41848622054263424,1,1.0,0.2
front3,16,10,5,48,0.3993589752389759,1,1.0,0.2
front3,17,1,3,48,0.47053820679184416,1,0.0,0.3333333333333333
front3,17,10,3,48,0.41931101069409654,2,0.5,0.6666666666666666
front3,0,1,27,49,0.5327752273944241,11,0.2727272727272727,0.4074074074074074
front3,0,2,27,49,0.50533841201817,1,0.0,0.037037037037037035
front3,0,3,27,49,0.526794613274488,1,1.0,0.037037037037037035
front3,0,5,27,49,0.48700127020344747,3,0.3333333333333333,0.1111111111111111
front3,0,10,27,49,0.40776977636420325,10,0.4,0.37037037037037035
front3,0,11,27,49,0.4128053337743552,1,0.0,0.037037037037037035
front3,15,1,15,49,0.4731635687406644,12,0.6666666666666666,0.8
front3,15,5,15,49,0.4402528632240532,1,1.0,0.06666666666666667
front3,15,10,15,49,0.3890611659309852,2,0.5,0.13333333333333333
front3,15,1,36,50,0.5323142927852677,5,0.0,0.1388888888888889
front3,15,2,36,50,0.5110694025385233,14,0.35714285714285715,0.3888888888888889
front3,15,5,36,50,0.49840183235989205,1,0.0,0.027777777777777776
front3,15,6,36,50,0.5001795769824035,6,0.3333333333333333,0.16666666666666666
front3,15,8,36,50,0.4049123675840077,1,0.0,0.027777777777777776
front3,15,9,36,50,0.4588362962840743,5,0.8,0.1388888888888889
front3,15,10,36,50,0.4400462903851808,3,0.3333333333333333,0.08333333333333333
front3,15,13,36,50,0.3074745006592176,1,0.0,0.027777777777777776
front3,16,1,17,50,0.5223713447569899,6,0.6666666666666666,0.35294117647058826
front3,16,2,17,50,0.5032526018742454,4,0.75,0.23529411764705882
front3,16,3,17,50,0.5207302182321086,1,1.0,0.058823529411764705
front3,16,6,17,50,0.4942813911137821,2,0.5,0.11764705882352941
front3,16,9,17,50,0.46778589452141267,2,0.0,0.11764705882352941
front3,16,10,17,50,0.45547486566129003,2,0.5,0.11764705882352941
front3,18,3,20,50,0.552734684201117,2,0.5,0.1
front3,18,5,20,50,0.5071724581505308,2,1.0,0.1
front3,18,6,20,50,0.5071724581505308,9,0.3333333333333333,0.45
front3,18,8,20,50,0.43008304239836936,2,0.5,0.1
front3,18,9,20,50,0.49577352134640507,3,0.3333333333333333,0.15
front3,18,10,20,50,0.4806282532447235,2,1.0,0.1
front3,0,1,27,51,0.46046563169437177,8,0.375,0.2962962962962963
front3,0,3,27,51,0.46896228647546856,4,0.75,0.14814814814814814
front3,0,6,27,51,0.40384524692613916,1,0.0,0.037037037037037035
front3,0,10,27,51,0.34894238567005187,13,0.38461538461538464,0.48148148148148145
front3,0,11,27,51,0.3444072699144906,1,0.0,0.037037037037037035
front3,15,1,12,52,0.4647219451002942,4,0.0,0.3333333333333333
front3,15,3,12,52,0.46129875455776204,1,1.0,0.08333333333333333
front3,15,4,12,52,0.4646824730452783,1,1.0,0.08333333333333333
front3,15,6,12,52,0.4321812109965422,2,0.5,0.16666666666666666
front3,15,10,12,52,0.3847699147718177,2,0.5,0.16666666666666666
front3,15,13,12,52,0.26973259470481714,2,0.0,0.16666666666666666
front3,16,1,10,52,0.46316674189131835,9,0.2222222222222222,0.9
front3,16,3,10,52,0.4620825475672027,1,0.0,0.1
front3,17,1,1,52,0.43696702033756885,1,1.0,1.0
front3,15,1,38,53,0.516626338332586,14,0.5,0.3684210526315789
front3,15,4,38,53,0.5218152019509935,1,0.0,0.02631578947368421
front3,15,5,38,53,0.47715351903186587,2,0.0,0.05263157894736842
front3,15,6,38,53,0.47882193760583114,12,0.6666666666666666,0.3157894736842105
front3,15,8,38,53,0.3840389140593585,1,0.0,0.02631578947368421
front3,15,10,38,53,0.4213819444624389,6,0.6666666666666666,0.15789473684210525
front3,15,13,38,53,0.3014746379439733,2,0.5,0.05263157894736842
front3,16,1,12,53,0.49553410165373296,8,0.25,0.6666666666666666
front3,16,3,12,53,0.4976931150780108,1,1.0,0.08333333333333333
front3,16,6,12,53,0.4608534837364773,2,0.5,0.16666666666666666
front3,16,8,12,53,0.3702966822743871,1,0.0,0.08333333333333333
front3,17,1,14,53,0.4989701048040364,2,1.0,0.14285714285714285
front3,17,3,14,53,0.5013065752086444,1,0.0,0.07142857142857142
front3,17,5,14,53,0.46688471935084463,1,0.0,0.07142857142857142
front3,17,6,14,53,0.4672631680103398,8,0.625,0.5714285714285714
front3,17,8,14,53,0.37822409856928935,1,0.0,0.07142857142857142
front3,17,10,14,53,0.4136400526149311,1,0.0,0.07142857142857142
front3,0,1,29,54,0.5505191567155565,5,1.0,0.1724137931034483
front3,0,2,29,54,0.5258836040310186,4,0.75,0.13793103448275862
front3,0,6,29,54,0.49305954853913414,14,0.35714285714285715,0.4827586206896552
front3,0,7,29,54,0.4489114422317826,1,1.0,0.034482758620689655
front3,0,10,29,54,0.4054320832774526,2,0.0,0.06896551724137931
front3,0,11,29,54,0.4070528057405809,2,0.0,0.06896551724137931
front3,0,13,29,54,0.28302760974949936,1,0.0,0.034482758620689655
front3,15,1,21,54,0.51031951795719,14,0.35714285714285715,0.6666666666666666
front3,15,2,21,54,0.48848427382979054,1,1.0,0.047619047619047616
front3,15,5,21,54,0.47495932805087276,1,0.0,0.047619047619047616
front3,15,7,21,54,0.4514801553993942,1,1.0,0.047619047619047616
front3,15,10,21,54,0.4288904446932924,3,0.3333333333333333,0.14285714285714285
front3,15,13,21,54,0.2752099423896294,1,0.0,0.047619047619047616
front3,16,1,7,54,0.49791796993410203,5,0.4,0.7142857142857143
front3,16,2,7,54,0.4677884281285711,1,0.0,0.14285714285714285
front3,16,5,7,54,0.47370145535077957,1,1.0,0.14285714285714285
front3,15,1,5,55,0.6635366346770701,3,0.6666666666666666,0.6
front3,15,6,5,55,0.632678612329704,1,1.0,0.2
front3,15,10,5,55,0.5789151693555594,1,1.0,0.2
front3,16,1,18,55,0.652325211291905,9,0.5555555555555556,0.5
front3,16,2,18,55,0.6288042507745811,1,1.0,0.05555555555555555
front3,16,4,18,55,0.655567588367599,1,1.0,0.05555555555555555
front3,16,5,18,55,0.6249451390921856,1,0.0,0.05555555555555555
front3,16,6,18,55,0.6291449450097548,2,1.0,0.1111111111111111
front3,16,7,18,55,0.608196864879957,2,1.0,0.1111111111111111
front3,16,10,18,55,0.5716900993356901,1,1.0,0.05555555555555555
front3,16,11,18,55,0.5714417126410763,1,1.0,0.05555555555555555
front3,0,1,24,56,0.5348576520139637,18,0.5555555555555556,0.75
front3,0,3,24,56,0.5335054852152147,2,0.0,0.08333333333333333
front3,0,10,24,56,0.43685722932192156,4,0.25,0.16666666666666666
front3,15,1,2,56,0.515096932477853,2,1.0,1.0
front3,16,1,6,56,0.4964154844810251,4,0.25,0.6666666666666666
front3,16,10,6,56,0.4234193025504367,2,1.0,0.3333333333333333
front3,17,1,12,56,0.5388601378520649,9,0.7777777777777778,0.75
front3,17,10,12,56,0.47232409754747917,2,0.5,0.16666666666666666
front3,17,14,12,56,0.25341278634954184,1,1.0,0.08333333333333333
front3,0,1,24,57,0.5068522368016815,2,0.5,0.08333333333333333
front3,0,3,24,57,0.48912759398083233,4,0.5,0.16666666666666666
front3,0,5,24,57,0.46231607988557544,1,0.0,0.041666666666666664
front3,0,8,24,57,0.38200260093710364,1,1.0,0.041666666666666664
front3,0,9,24,57,0.4196172268610973,1,0.0,0.041666666666666664
front3,0,10,24,57,0.3943896501952044,3,0.0,0.125
front3,0,12,24,57,0.4019295955757418,12,0.16666666666666666,0.5
front3,15,1,68,57,0.44464559160269446,13,0.46153846153846156,0.19117647058823528
front3,15,2,68,57,0.42717004855743285,1,1.0,0.014705882352941176
front3,15,3,68,57,0.43812646442991665,1,0.0,0.014705882352941176
front3,15,5,68,57,0.413042898299689,11,0.36363636363636365,0.16176470588235295
front3,15,6,68,57,0.41366642841946977,6,0.3333333333333333,0.08823529411764706
front3,15,7,68,57,0.38021582172235135,1,1.0,0.014705882352941176
front3,15,10,68,57,0.3494677115706291,15,0.4,0.22058823529411764
front3,15,11,68,57,0.35196265371529334,6,0.3333333333333333,0.08823529411764706
front3,15,12,68,57,0.358749751549713,11,0.36363636363636365,0.16176470588235295
front3,15,13,68,57,0.21486836159561284,3,0.0,0.04411764705882353
front3,16,1,30,57,0.455504329692867,13,0.5384615384615384,0.43333333333333335
front3,16,2,30,57,0.4346882307294004,1,1.0,0.03333333333333333
front3,16,3,30,57,0.4497655925806802,2,0.5,0.06666666666666667
front3,16,6,30,57,0.4187915542249675,8,0.5,0.26666666666666666
front3,16,10,30,57,0.35141182763652723,2,0.5,0.06666666666666667
front3,16,11,30,57,0.35530935923774004,1,0.0,0.03333333333333333
front3,16,13,30,57,0.24460263824299042,3,0.6666666666666666,0.1
front3,15,1,15,58,0.5659094953151094,10,0.7,0.6666666666666666
front3,15,6,15,58,0.5438807731540705,3,0.3333333333333333,0.2
front3,15,10,15,58,0.45351266202741425,1,1.0,0.06666666666666667
front3,15,11,15,58,0.458888728440197,1,1.0,0.06666666666666667
front3,16,1,4,58,0.6270649491438427,1,1.0,0.25
front3,16,6,4,58,0.5770023549109891,2,0.5,0.5
front3,16,10,4,58,0.49550102188826767,1,1.0,0.25
front3,0,1,45,59,0.49954204818633674,12,0.6666666666666666,0.26666666666666666
front3,0,2,45,59,0.470099630088882,21,0.38095238095238093,0.4666666666666667
front3,0,5,45,59,0.4605423241047369,1,0.0,0.022222222222222223
front3,0,6,45,59,0.4577110406271168,2,0.0,0.044444444444444446
front3,0,10,45,59,0.3825092049465321,3,0.0,0.06666666666666667
front3,0,11,45,59,0.3863807411159486,4,0.25,0.08888888888888889
front3,0,13,45,59,0.24881014999577553,2,0.0,0.044444444444444446
front3,15,1,11,61,0.6711861624100209,4,0.5,0.36363636363636365
front3,15,2,11,61,0.6479729463450914,1,0.0,0.09090909090909091
front3,15,6,11,61,0.6275612482071607,3,1.0,0.2727272727272727
front3,15,7,11,61,0.5893083311990464,2,0.5,0.18181818181818182
front3,15,13,11,61,0.4145018105112934,1,0.0,0.09090909090909091
front3,16,1,2,61,0.6321859106352838,1,0.0,0.5
front3,16,6,2,61,0.6066553149994466,1,1.0,0.5
front3,0,1,22,62,0.6011863424637013,5,0.6,0.22727272727272727
front3,0,2,22,62,0.5744580978249115,4,0.0,0.18181818181818182
front3,0,6,22,62,0.5472128011953589,5,0.4,0.22727272727272727
front3,0,10,22,62,0.4568529056311832,3,0.0,0.13636363636363635
front3,0,11,22,62,0.46551438356053415,3,0.3333333333333333,0.13636363636363635
front3,0,13,22,62,0.32597823559923433,2,1.0,0.09090909090909091
front3,15,1,41,62,0.5347653838677258,21,0.5714285714285714,0.5121951219512195
front3,15,2,41,62,0.5144553184079718,8,0.625,0.1951219512195122
front3,15,5,41,62,0.501396737591301,6,0.3333333333333333,0.14634146341463414
front3,15,7,41,62,0.48313368765114995,1,0.0,0.024390243902439025
front3,15,10,41,62,0.46983970546056314,2,1.0,0.04878048780487805
front3,15,11,41,62,0.46550450035007096,3,1.0,0.07317073170731707
front3,15,1,19,63,0.52360648565018,8,0.75,0.42105263157894735
front3,15,2,19,63,0.5030032545285114,5,0.6,0.2631578947368421
front3,15,5,19,63,0.48844017163997494,1,1.0,0.05263157894736842
front3,15,7,19,63,0.46854245815003215,1,1.0,0.05263157894736842
front3,15,8,19,63,0.4030675866794353,1,1.0,0.05263157894736842
front3,15,10,19,63,0.44860936255764344,1,1.0,0.05263157894736842
front3,15,11,19,63,0.44384453480356134,1,0.0,0.05263157894736842
front3,15,13,19,63,0.29537532672494776,1,0.0,0.05263157894736842
front3,15,1,239,64,0.48625552904662533,78,0.47435897435897434,0.3263598326359833
front3,15,2,239,64,0.4666398497761429,9,0.4444444444444444,0.03765690376569038
front3,15,3,239,64,0.4803207725658793,1,0.0,0.0041841004184100415
front3,15,4,239,64,0.48883968890932444,2,1.0,0.008368200836820083
front3,15,5,239,64,0.4500333170564921,3,0.3333333333333333,0.012552301255230125
front3,15,6,239,64,0.4515173053102525,26,0.4230769230769231,0.1087866108786611
front3,15,7,239,64,0.4155355154399892,4,0.75,0.016736401673640166
front3,15,9,239,64,0.3997364765863986,6,0.3333333333333333,0.02510460251046025
front3,15,10,239,64,0.38088749853342224,45,0.2,0.18828451882845187
front3,15,11,239,64,0.3848727627677448,16,0.5,0.06694560669456066
front3,15,12,239,64,0.40287192027537266,34,0.4411764705882353,0.14225941422594143
front3,15,13,239,64,0.25795289211312866,15,0.4666666666666667,0.06276150627615062
front3,16,1,100,64,0.46577043688178477,32,0.28125,0.32
front3,16,2,100,64,0.44557006293928275,4,0.25,0.04
front3,16,3,100,64,0.4605554393774679,3,0.3333333333333333,0.03
front3,16,4,100,64,0.4698563234372136,1,1.0,0.01
front3,16,5,100,64,0.4287530956856191,15,0.4,0.15
front3,16,6,100,64,0.42939165464652246,16,0.3125,0.16
front3,16,7,100,64,0.3995815222743701,4,0.0,0.04
front3,16,10,100,64,0.3720109130233035,8,0.5,0.08
front3,16,11,100,64,0.3746499251618128,5,0.6,0.05
front3,16,13,100,64,0.2551341273310552,12,0.25,0.12
front3,17,1,11,64,0.5101874591384399,6,0.6666666666666666,0.5454545454545454
front3,17,3,11,64,0.503367522224286,1,1.0,0.09090909090909091
front3,17,6,11,64,0.4785098546146463,4,0.75,0.36363636363636365
front3,18,1,9,64,0.4483032388787795,8,0.25,0.8888888888888888
front3,18,13,9,64,0.2811487772147172,1,0.0,0.1111111111111111
front3,0,1,26,65,0.6296551722440606,11,0.9090909090909091,0.4230769230769231
front3,0,2,26,65,0.6078783248628867,10,0.7,0.38461538461538464
front3,0,5,26,65,0.5980253986891307,1,1.0,0.038461538461538464
front3,0,6,26,65,0.6001218183428669,1,0.0,0.038461538461538464
front3,0,13,26,65,0.39567937187273183,2,0.5,0.07692307692307693
front3,0,14,26,65,0.34117437801458994,1,1.0,0.038461538461538464
front3,0,1,39,66,0.493145382955224,23,0.6521739130434783,0.5897435897435898
front3,0,3,39,66,0.49277963461055097,1,0.0,0.02564102564102564
front3,0,5,39,66,0.4536696151672518,4,0.5,0.10256410256410256
front3,0,10,39,66,0.39712853058830727,10,0.5,0.2564102564102564
front3,0,11,39,66,0.3951678041859641,1,0.0,0.02564102564102564
front3,0,1,35,67,0.6692896042370607,14,0.7857142857142857,0.4
front3,0,2,35,67,0.6487769073499241,9,0.3333333333333333,0.2571428571428571
front3,0,5,35,67,0.6338402558404499,1,0.0,0.02857142857142857
front3,0,6,35,67,0.6310428368523081,1,1.0,0.02857142857142857
front3,0,7,35,67,0.6044188507376609,3,0.6666666666666666,0.08571428571428572
front3,0,10,35,67,0.5735406088116607,4,0.75,0.11428571428571428
front3,0,11,35,67,0.5736142806648211,3,0.6666666666666666,0.08571428571428572
front3,15,1,24,68,0.4622063648730248,12,0.16666666666666666,0.5
front3,15,3,24,68,0.4621719008987706,1,1.0,0.041666666666666664
front3,15,10,24,68,0.3650377323800286,4,0.25,0.16666666666666666
front3,15,11,24,68,0.362773076062697,1,1.0,0.041666666666666664
front3,15,13,24,68,0.25414823758725075,6,0.3333333333333333,0.25
front3,16,13,1,68,0.3039517339236717,1,0.0,1.0
front3,0,1,57,69,0.5838729285611411,15,0.4666666666666667,0.2631578947368421
front3,0,2,57,69,0.5549611442520389,19,0.5263157894736842,0.3333333333333333
front3,0,5,57,69,0.5450659281049197,4,0.75,0.07017543859649122
front3,0,7,57,69,0.5124701155363305,4,0.75,0.07017543859649122
front3,0,10,57,69,0.4741260724932352,12,0.4166666666666667,0.21052631578947367
front3,0,13,57,69,0.31979016794341564,3,0.0,0.05263157894736842
front3,15,1,80,69,0.5609356280720108,13,0.46153846153846156,0.1625
front3,15,2,80,69,0.5418743014613419,4,0.5,0.05
front3,15,3,80,69,0.5592086691661415,1,0.0,0.0125
front3,15,4,80,69,0.5643310457177885,2,0.0,0.025
front3,15,5,80,69,0.519242035139326,16,0.3125,0.2
front3,15,6,80,69,0.520037291388002,7,0.5714285714285714,0.0875
front3,15,7,80,69,0.4914694494390589,1,1.0,0.0125
front3,15,10,80,69,0.4625742443510255,16,0.25,0.2
front3,15,11,80,69,0.464462940372438,6,0.6666666666666666,0.075
front3,15,13,80,69,0.33560441649708916,14,0.42857142857142855,0.175
front3,16,1,13,69,0.551202226242101,8,0.625,0.6153846153846154
front3,16,5,13,69,0.5161405754390637,2,0.5,0.15384615384615385
front3,16,6,13,69,0.5156968779745253,2,1.0,0.15384615384615385
front3,16,13,13,69,0.32324008018649114,1,0.0,0.07692307692307693
front3,17,1,13,69,0.5785601600554391,1,1.0,0.07692307692307693
front3,17,5,13,69,0.5452168282347422,1,0.0,0.07692307692307693
front3,17,6,13,69,0.5452168282347422,5,0.2,0.38461538461538464
front3,17,10,13,69,0.4810151124393505,6,0.3333333333333333,0.46153846153846156
front3,0,1,238,70,0.5757678828531293,71,0.6619718309859155,0.29831932773109243
front3,0,2,238,70,0.5527151316049864,25,0.6,0.10504201680672269
front3,0,3,238,70,0.5732723058818655,1,1.0,0.004201680672268907
front3,0,4,238,70,0.5748769654762012,6,0.5,0.025210084033613446
front3,0,5,238,70,0.5316671371070647,19,0.3157894736842105,0.07983193277310924
front3,0,6,238,70,0.5291715588250289,36,0.5,0.15126050420168066
front3,0,7,238,70,0.4923000797116045,6,0.3333333333333333,0.025210084033613446
front3,0,10,238,70,0.45631986971991095,23,0.30434782608695654,0.09663865546218488
front3,0,11,238,70,0.45618637997785544,34,0.47058823529411764,0.14285714285714285
front3,0,13,238,70,0.3149492914543408,16,0.4375,0.06722689075630252
front3,0,14,238,70,0.24878282964359383,1,0.0,0.004201680672268907
front3,15,1,145,70,0.5869196485550953,36,0.6666666666666666,0.2482758620689655
front3,15,2,145,70,0.5658478321334113,15,0.4,0.10344827586206896
front3,15,4,145,70,0.5882528028418481,7,0.2857142857142857,0.04827586206896552
front3,15,5,145,70,0.549453765168295,22,0.5,0.15172413793103448
front3,15,6,145,70,0.5502742321638968,6,0.5,0.041379310344827586
front3,15,7,145,70,0.5187024948702307,5,0.8,0.034482758620689655
front3,15,9,145,70,0.5051598575717772,1,0.0,0.006896551724137931
front3,15,10,145,70,0.48684295026692753,22,0.45454545454545453,0.15172413793103448
front3,15,11,145,70,0.4881932261812543,20,0.35,0.13793103448275862
front3,15,13,145,70,0.3450613953751342,11,0.7272727272727273,0.07586206896551724
front3,16,1,3,70,0.6617928603018571,1,1.0,0.3333333333333333
front3,16,3,3,70,0.664523786167393,1,1.0,0.3333333333333333
front3,16,13,3,70,0.3746115931549853,1,0.0,0.3333333333333333
front3,17,1,6,70,0.6167913096857387,3,1.0,0.5
front3,17,2,6,70,0.5974601782278967,1,1.0,0.16666666666666666
front3,17,13,6,70,0.38903248787297645,2,0.0,0.3333333333333333
front3,15,1,31,71,0.5739985871412296,13,0.6153846153846154,0.41935483870967744
front3,15,2,31,71,0.5530098171396736,2,0.0,0.06451612903225806
front3,15,6,31,71,0.5383953006677259,9,0.4444444444444444,0.2903225806451613
front3,15,10,31,71,0.4536686687124083,1,0.0,0.03225806451612903
front3,15,11,31,71,0.4589446472123544,4,0.75,0.12903225806451613
front3,15,13,31,71,0.3262380723755525,2,0.0,0.06451612903225806
front3,16,1,14,71,0.5009838611651933,8,0.5,0.5714285714285714
front3,16,2,14,71,0.4797290501369125,3,0.6666666666666666,0.21428571428571427
front3,16,6,14,71,0.4732026827177978,2,0.5,0.14285714285714285
front3,16,11,14,71,0.4153853358479624,1,0.0,0.07142857142857142
front3,0,1,164,72,0.5974970098071727,35,0.6,0.21341463414634146
front3,0,2,164,72,0.5722186684890299,33,0.3939393939393939,0.20121951219512196
front3,0,3,164,72,0.593725754171614,1,0.0,0.006097560975609756
front3,0,4,164,72,0.5962395400635402,8,0.75,0.04878048780487805
front3,0,5,164,72,0.5455611022735826,2,0.5,0.012195121951219513
front3,0,6,164,72,0.5454491676291762,17,0.35294117647058826,0.10365853658536585
front3,0,7,164,72,0.5075041914309646,6,0.6666666666666666,0.036585365853658534
front3,0,10,164,72,0.4655371429004146,20,0.4,0.12195121951219512
front3,0,11,164,72,0.4634239220749346,18,0.3888888888888889,0.10975609756097561
front3,0,13,164,72,0.31164581303994693,24,0.041666666666666664,0.14634146341463414
front3,15,1,217,72,0.5635372431789921,83,0.5903614457831325,0.3824884792626728
front3,15,2,217,72,0.5398822769924275,17,0.23529411764705882,0.07834101382488479
front3,15,4,217,72,0.5654607233323612,7,1.0,0.03225806451612903
front3,15,5,217,72,0.5271223356278536,16,0.5,0.07373271889400922
front3,15,6,217,72,0.5288378566406443,29,0.5517241379310345,0.1336405529953917
front3,15,7,217,72,0.49486829883946953,9,0.6666666666666666,0.041474654377880185
front3,15,10,217,72,0.45868829541486605,19,0.3684210526315789,0.08755760368663594
front3,15,11,217,72,0.46034068763999736,21,0.5238095238095238,0.0967741935483871
front3,15,13,217,72,0.3196446910776195,16,0.3125,0.07373271889400922
front3,16,1,15,72,0.5562377561649717,8,0.625,0.5333333333333333
front3,16,2,15,72,0.5350992987721991,1,1.0,0.06666666666666667
front3,16,4,15,72,0.5609529708571669,1,0.0,0.06666666666666667
front3,16,6,15,72,0.5166239489969815,1,0.0,0.06666666666666667
front3,16,10,15,72,0.45739512222818635,1,1.0,0.06666666666666667
front3,16,11,15,72,0.45986842500458813,1,1.0,0.06666666666666667
front3,16,13,15,72,0.3112386744498186,2,0.5,0.13333333333333333
front3,17,1,27,72,0.5710450191602177,4,0.75,0.14814814814814814
front3,17,2,27,72,0.5499559223145929,6,0.5,0.2222222222222222
front3,17,5,27,72,0.5605238627889304,9,0.3333333333333333,0.3333333333333333
front3,17,6,27,72,0.5605238627889304,5,0.4,0.18518518518518517
front3,17,10,27,72,0.4963619666373615,1,1.0,0.037037037037037035
front3,17,11,27,72,0.4975970156080494,1,1.0,0.037037037037037035
front3,17,13,27,72,0.34638440621176314,1,1.0,0.037037037037037035
front3,15,1,42,73,0.5827175133703493,19,0.631578947368421,0.4523809523809524
front3,15,4,42,73,0.5866421698812859,1,1.0,0.023809523809523808
front3,15,5,42,73,0.5468866233712856,9,0.3333333333333333,0.21428571428571427
front3,15,6,42,73,0.5475093247067051,2,1.0,0.047619047619047616
front3,15,7,42,73,0.5196832361838712,3,0.6666666666666666,0.07142857142857142
front3,15,10,42,73,0.49809699411382863,3,0.3333333333333333,0.07142857142857142
front3,15,13,42,73,0.35957209437523374,5,0.2,0.11904761904761904
front3,16,1,38,73,0.572143775509935,8,0.625,0.21052631578947367
front3,16,5,38,73,0.5333614418315588,2,0.0,0.05263157894736842
front3,16,6,38,73,0.5334989224040583,4,0.25,0.10526315789473684
front3,16,7,38,73,0.5028327054169438,11,0.2727272727272727,0.2894736842105263
front3,16,10,38,73,0.4818618410990835,3,0.0,0.07894736842105263
front3,16,11,38,73,0.4863538173194726,2,1.0,0.05263157894736842
front3,16,13,38,73,0.3556376310862048,8,0.375,0.21052631578947367
front3,0,1,111,74,0.5611057017394488,25,0.64,0.22522522522522523
front3,0,2,111,74,0.5347800523855841,11,0.5454545454545454,0.0990990990990991
front3,0,3,111,74,0.5556800964168112,3,1.0,0.02702702702702703
front3,0,4,111,74,0.559334361060694,11,0.7272727272727273,0.0990990990990991
front3,0,6,111,74,0.5063852166552811,17,0.35294117647058826,0.15315315315315314
front3,0,7,111,74,0.46594358761083826,8,0.375,0.07207207207207207
front3,0,8,111,74,0.39440711416507407,1,1.0,0.009009009009009009
front3,0,10,111,74,0.4189883811327085,15,0.5333333333333333,0.13513513513513514
front3,0,11,111,74,0.4250391962374776,8,0.5,0.07207207207207207
front3,0,13,111,74,0.27143180712036374,10,0.3,0.09009009009009009
front3,0,14,111,74,0.2033564592327606,2,0.0,0.018018018018018018
front3,15,3,12,75,0.6112878277888522,3,0.6666666666666666,0.25
front3,15,6,12,75,0.5833114297206993,1,1.0,0.08333333333333333
front3,15,9,12,75,0.538071754182239,1,0.0,0.08333333333333333
front3,15,10,12,75,0.5205000556256035,6,0.6666666666666666,0.5
front3,15,12,12,75,0.5379428584958468,1,1.0,0.08333333333333333
front3,18,10,1,75,0.5456333278014356,1,1.0,1.0
front3,15,1,67,76,0.5036935590057999,33,0.5454545454545454,0.4925373134328358
front3,15,2,67,76,0.4798818233367865,3,0.3333333333333333,0.04477611940298507
front3,15,4,67,76,0.5039764680656704,1,0.0,0.014925373134328358
front3,15,5,67,76,0.46806179897549455,8,0.375,0.11940298507462686
front3,15,6,67,76,0.4694961604550091,4,0.75,0.05970149253731343
front3,15,7,67,76,0.4412119900514181,5,0.6,0.07462686567164178
front3,15,10,67,76,0.41546772016490197,10,0.3,0.14925373134328357
front3,15,11,67,76,0.41859839641604846,1,1.0,0.014925373134328358
front3,15,13,67,76,0.28466125831609473,2,0.5,0.029850746268656716
front3,16,1,26,76,0.4806614452316867,12,0.3333333333333333,0.46153846153846156
front3,16,4,26,76,0.4839479075300268,2,0.0,0.07692307692307693
front3,16,5,26,76,0.44162919590613103,1,0.0,0.038461538461538464
front3,16,6,26,76,0.4420399070627087,2,1.0,0.07692307692307693
front3,16,10,26,76,0.40444489517560495,9,0.3333333333333333,0.34615384615384615
front3,15,1,18,77,0.5118582956165901,3,0.6666666666666666,0.16666666666666666
front3,15,12,18,77,0.43771283718898063,14,0.5,0.7777777777777778
front3,15,13,18,77,0.3031944956146186,1,0.0,0.05555555555555555
front3,17,1,1,77,0.5262288150070802,1,0.0,1.0
front3,0,1,49,78,0.6092855698645808,23,0.7391304347826086,0.46938775510204084
front3,0,2,49,78,0.5857460336027529,1,0.0,0.02040816326530612
front3,0,3,49,78,0.6101380108047184,8,0.75,0.16326530612244897
front3,0,6,49,78,0.5587401290341025,1,1.0,0.02040816326530612
front3,0,7,49,78,0.5313869293001845,2,0.5,0.04081632653061224
front3,0,8,49,78,0.46206378923439256,1,0.0,0.02040816326530612
front3,0,10,49,78,0.4958593737832144,11,0.45454545454545453,0.22448979591836735
front3,0,11,49,78,0.4910644840274708,2,1.0,0.04081632653061224
front3,15,10,1,78,0.4589920514110085,1,0.0,1.0
front3,15,5,8,79,0.5248607038453218,1,1.0,0.125
front3,15,12,8,79,0.49482109670309027,7,0.8571428571428571,0.875
front3,18,12,1,79,0.5489451882210126,1,1.0,1.0
front3,15,1,27,80,0.4897920194882136,20,0.5,0.7407407407407407
front3,15,2,27,80,0.46378365646798897,1,1.0,0.037037037037037035
front3,15,5,27,80,0.45233169150414754,1,1.0,0.037037037037037035
front3,15,6,27,80,0.4536761065742582,2,1.0,0.07407407407407407
front3,15,10,27,80,0.3953906022203893,1,0.0,0.037037037037037035
front3,15,11,27,80,0.3976466149437217,2,0.0,0.07407407407407407
front3,16,1,3,80,0.4602763223578928,2,0.0,0.6666666666666666
front3,16,11,3,80,0.3905884478858728,1,0.0,0.3333333333333333
front3,15,1,53,81,0.536181084308439,27,0.5555555555555556,0.5094339622641509
front3,15,2,53,81,0.5145486764409581,5,0.8,0.09433962264150944
front3,15,3,53,81,0.5326903506721066,1,1.0,0.018867924528301886
front3,15,4,53,81,0.5417091422081292,1,0.0,0.018867924528301886
front3,15,5,53,81,0.5021255731274387,1,0.0,0.018867924528301886
front3,15,7,53,81,0.4783621305310545,2,0.5,0.03773584905660377
front3,15,10,53,81,0.45471288036915897,11,0.45454545454545453,0.20754716981132076
front3,15,11,53,81,0.45586364556750936,1,1.0,0.018867924528301886
front3,15,13,53,81,0.3159089497268356,4,0.5,0.07547169811320754
front3,16,1,7,81,0.44302433735743957,5,0.2,0.7142857142857143
front3,16,5,7,81,0.42641610019204335,1,0.0,0.14285714285714285
front3,16,6,7,81,0.42641610019204335,1,1.0,0.14285714285714285
front3,15,1,177,82,0.3869281399587027,33,0.2727272727272727,0.1864406779661017
front3,15,3,177,82,0.38521942013204413,20,0.25,0.11299435028248588
front3,15,4,177,82,0.3906983170853966,1,1.0,0.005649717514124294
front3,15,5,177,82,0.351452996719265,5,0.6,0.02824858757062147
front3,15,6,177,82,0.35371165851631536,4,0.25,0.022598870056497175
front3,15,9,177,82,0.31667437296854517,1,1.0,0.005649717514124294
front3,15,10,177,82,0.2965157075578631,95,0.3894736842105263,0.536723163841808
front3,15,11,177,82,0.29591875820424085,8,0.25,0.04519774011299435
front3,15,12,177,82,0.3066551863473597,10,0.1,0.05649717514124294
front3,16,3,10,82,0.3953048578481174,1,1.0,0.1
front3,16,10,10,82,0.2914233273770722,9,0.6666666666666666,0.9
front3,18,1,13,82,0.3788178303352477,2,0.0,0.15384615384615385
front3,18,3,13,82,0.3838700725586398,3,0.6666666666666666,0.23076923076923078
front3,18,10,13,82,0.31930029578206376,8,0.125,0.6153846153846154
front3,15,1,13,83,0.6325946166232591,5,0.6,0.38461538461538464
front3,15,2,13,83,0.6112403002437953,1,0.0,0.07692307692307693
front3,15,5,13,83,0.5944317539660048,1,1.0,0.07692307692307693
front3,15,6,13,83,0.5944317539660048,2,0.0,0.15384615384615385
front3,15,8,13,83,0.4871016049099187,2,0.0,0.15384615384615385
front3,15,10,13,83,0.5230204421864587,2,1.0,0.15384615384615385
front3,16,1,2,83,0.32829537474813286,1,0.0,0.5
front3,16,10,2,83,0.2853362896828348,1,1.0,0.5
front3,15,1,23,84,0.4677060713215832,17,0.7058823529411765,0.7391304347826086
front3,15,3,23,84,0.45717421408171666,1,0.0,0.043478260869565216
front3,15,5,23,84,0.44495563734223503,1,1.0,0.043478260869565216
front3,15,6,23,84,0.44564710848672556,1,1.0,0.043478260869565216
front3,15,10,23,84,0.39626425524711195,2,0.0,0.08695652173913043
front3,15,11,23,84,0.3966107558226979,1,0.0,0.043478260869565216
front3,17,1,1,84,0.4419490321286211,1,0.0,1.0
front3,15,1,18,85,0.4673279929114982,4,0.25,0.2222222222222222
front3,15,2,18,85,0.44399108126371944,4,0.0,0.2222222222222222
front3,15,5,18,85,0.43208959961406573,1,1.0,0.05555555555555555
front3,15,6,18,85,0.4350229065792513,1,1.0,0.05555555555555555
front3,15,7,18,85,0.41024242979443426,2,0.0,0.1111111111111111
front3,15,10,18,85,0.3807205834365051,5,0.4,0.2777777777777778
front3,15,13,18,85,0.26524093281858724,1,0.0,0.05555555555555555
front3,16,1,14,85,0.4519543991791119,8,0.5,0.5714285714285714
front3,16,2,14,85,0.428044510875745,2,0.0,0.14285714285714285
front3,16,4,14,85,0.4530887438884145,1,1.0,0.07142857142857142
front3,16,6,14,85,0.4251424518782087,2,0.0,0.14285714285714285
front3,16,10,14,85,0.37569661161784385,1,1.0,0.07142857142857142
front3,17,1,3,85,0.4525062327374341,1,1.0,0.3333333333333333
front3,17,2,3,85,0.43397699653906346,1,0.0,0.3333333333333333
front3,17,6,3,85,0.4321447461607238,1,1.0,0.3333333333333333
front3,15,1,33,86,0.5720527927025852,19,0.631578947368421,0.5757575757575758
front3,15,2,33,86,0.5454754546983549,1,0.0,0.030303030303030304
front3,15,4,33,86,0.5709886837277465,2,0.5,0.06060606060606061
front3,15,5,33,86,0.5433374828637746,2,0.5,0.06060606060606061
front3,15,7,33,86,0.5196101993440457,1,1.0,0.030303030303030304
front3,15,10,33,86,0.48442709447177645,4,0.25,0.12121212121212122
front3,15,11,33,86,0.4879371628585787,4,0.5,0.12121212121212122
front3,16,7,2,86,0.4990006879089995,1,1.0,0.5
front3,16,11,2,86,0.4665531153311974,1,1.0,0.5
front3,15,1,19,87,0.5924924105435023,11,0.5454545454545454,0.5789473684210527
front3,15,6,19,87,0.549734069066201,3,0.6666666666666666,0.15789473684210525
front3,15,7,19,87,0.5164293823463438,1,0.0,0.05263157894736842
front3,15,10,19,87,0.4729978046087009,1,0.0,0.05263157894736842
front3,15,11,19,87,0.4822584207083916,3,0.3333333333333333,0.15789473684210525
front3,0,1,43,88,0.5708782377161397,3,0.6666666666666666,0.06976744186046512
front3,0,2,43,88,0.5456195742379688,13,0.5384615384615384,0.3023255813953488
front3,0,4,43,88,0.5700438829769069,1,0.0,0.023255813953488372
front3,0,6,43,88,0.5115103378033911,2,0.0,0.046511627906976744
front3,0,7,43,88,0.47728790054183673,4,0.75,0.09302325581395349
front3,0,10,43,88,0.4298626599016182,7,0.42857142857142855,0.16279069767441862
front3,0,11,43,88,0.4346523331314083,4,0.5,0.09302325581395349
front3,0,13,43,88,0.26480009967805657,8,0.5,0.18604651162790697
front3,0,14,43,88,0.20670043917573147,1,0.0,0.023255813953488372
front3,15,1,34,89,0.5806452011704929,20,0.75,0.5882352941176471
front3,15,2,34,89,0.5547756945717779,1,1.0,0.029411764705882353
front3,15,6,34,89,0.547351348686566,4,0.5,0.11764705882352941
front3,15,10,34,89,0.4682134800136138,3,0.6666666666666666,0.08823529411764706
front3,15,11,34,89,0.47653257073094496,6,0.16666666666666666,0.17647058823529413
front3,16,6,1,89,0.5615775048068251,1,0.0,1.0
front3,0,1,33,90,0.673438154589837,10,0.7,0.30303030303030304
front3,0,2,33,90,0.6497373858861086,5,0.4,0.15151515151515152
front3,0,6,33,90,0.6228725873964805,1,0.0,0.030303030303030304
front3,0,7,33,90,0.5911679141619655,1,1.0,0.030303030303030304
front3,0,10,33,90,0.5517140825507774,10,0.8,0.30303030303030304
front3,0,11,33,90,0.5532900362746782,1,1.0,0.030303030303030304
front3,0,13,33,90,0.3846716771255031,5,0.2,0.15151515151515152
front3,15,1,47,90,0.6347792004243278,16,0.5,0.3404255319148936
front3,15,2,47,90,0.615057414123789,1,1.0,0.02127659574468085
front3,15,4,47,90,0.6354685746047094,1,0.0,0.02127659574468085
front3,15,5,47,90,0.596336960359525,2,1.0,0.0425531914893617
front3,15,6,47,90,0.5972013930198246,5,0.4,0.10638297872340426
front3,15,7,47,90,0.5598773097224231,1,1.0,0.02127659574468085
front3,15,10,47,90,0.5250604820573709,13,0.5384615384615384,0.2765957446808511
front3,15,11,47,90,0.5300462062998373,5,0.8,0.10638297872340426
front3,15,12,47,90,0.5407630297880834,1,1.0,0.02127659574468085
front3,15,13,47,90,0.372817041358028,2,0.0,0.0425531914893617
front3,16,1,5,90,0.603471889413418,2,0.0,0.4
front3,16,5,5,90,0.5905319019615178,1,0.0,0.2
front3,16,6,5,90,0.5925698737228051,1,0.0,0.2
front3,16,7,5,90,0.5604482071082251,1,1.0,0.2
front3,15,1,16,91,0.5274240593703216,14,0.5714285714285714,0.875
front3,15,10,16,91,0.4570546717327335,2,0.5,0.125
front3,16,1,1,91,0.5063872963668894,1,1.0,1.0
front3,15,1,115,92,0.653697427786836,28,0.6428571428571429,0.24347826086956523
front3,15,2,115,92,0.6298898234918046,7,0.7142857142857143,0.06086956521739131
front3,15,5,115,92,0.6163288341413398,14,0.42857142857142855,0.12173913043478261
front3,15,6,115,92,0.61838924438125,19,0.7894736842105263,0.16521739130434782
front3,15,7,115,92,0.5771700466370365,7,0.7142857142857143,0.06086956521739131
front3,15,10,115,92,0.5331927728008913,8,0.375,0.06956521739130435
front3,15,11,115,92,0.5399827877513235,13,0.5384615384615384,0.11304347826086956
front3,15,13,115,92,0.4149700368176067,19,0.5263157894736842,0.16521739130434782
front3,16,1,4,92,0.6518367274637978,1,1.0,0.25
front3,16,7,4,92,0.6065014980684568,1,1.0,0.25
front3,16,10,4,92,0.569649489938343,1,0.0,0.25
front3,16,13,4,92,0.4509038842474151,1,0.0,0.25
front3,15,1,6,93,0.553826354943089,4,1.0,0.6666666666666666
front3,15,6,6,93,0.5227396462951596,1,0.0,0.16666666666666666
front3,15,10,6,93,0.477375940272793,1,0.0,0.16666666666666666
front3,16,1,10,93,0.5393155622598745,4,0.5,0.4
front3,16,2,10,93,0.5227451749537497,1,1.0,0.1
front3,16,6,10,93,0.5007087971069176,1,1.0,0.1
front3,16,10,10,93,0.45799863972037186,2,1.0,0.2
front3,16,13,10,93,0.3313795106625978,2,0.5,0.2
front3,18,1,3,93,0.5286086044373842,2,0.5,0.6666666666666666
front3,18,10,3,93,0.5667493125707569,1,1.0,0.3333333333333333
front3,0,10,29,94,0.5584328046181717,17,0.6470588235294118,0.5862068965517241
front3,0,12,29,94,0.5712499043678805,12,0.5,0.41379310344827586
front3,15,1,12,95,0.5921347545361181,1,1.0,0.08333333333333333
front3,15,8,12,95,0.4445052054109304,1,0.0,0.08333333333333333
front3,15,9,12,95,0.50199484199677,6,0.3333333333333333,0.5
front3,15,10,12,95,0.47879881902802507,1,0.0,0.08333333333333333
front3,15,12,12,95,0.50207340450872,1,0.0,0.08333333333333333
front3,15,13,12,95,0.34844172945117347,2,0.5,0.16666666666666666
front3,16,1,6,95,0.5833145156203031,1,1.0,0.16666666666666666
front3,16,6,6,95,0.5397222935113712,1,1.0,0.16666666666666666
front3,16,8,6,95,0.4343046369906034,1,1.0,0.16666666666666666
front3,16,9,6,95,0.49783122637378713,2,1.0,0.3333333333333333
front3,16,13,6,95,0.3470420540252186,1,0.0,0.16666666666666666
front3,18,1,6,95,0.5810458812545708,2,0.5,0.3333333333333333
front3,18,6,6,95,0.5606749775458552,2,0.5,0.3333333333333333
front3,18,8,6,95,0.4903061315032304,1,0.0,0.16666666666666666
front3,18,9,6,95,0.5568046754439101,1,1.0,0.16666666666666666
front3,0,1,325,96,0.5793472762417189,64,0.625,0.19692307692307692
front3,0,2,325,96,0.556198024285585,58,0.46551724137931033,0.17846153846153845
front3,0,3,325,96,0.5786130445325068,2,0.5,0.006153846153846154
front3,0,4,325,96,0.5812356678457089,5,0.6,0.015384615384615385
front3,0,5,325,96,0.5255705012536487,14,0.5714285714285714,0.043076923076923075
front3,0,6,325,96,0.527145356495073,51,0.43137254901960786,0.15692307692307692
front3,0,7,325,96,0.49605635104772966,8,0.5,0.024615384615384615
front3,0,10,325,96,0.45466552116015446,35,0.5142857142857142,0.1076923076923077
front3,0,11,325,96,0.4533979391471323,19,0.5789473684210527,0.05846153846153846
front3,0,13,325,96,0.30510708900257055,69,0.2753623188405797,0.2123076923076923
front3,15,1,636,96,0.5581471106314317,97,0.6597938144329897,0.15251572327044025
front3,15,2,636,96,0.5381774752162358,101,0.45544554455445546,0.15880503144654087
front3,15,3,636,96,0.5503131374421033,2,0.5,0.0031446540880503146
front3,15,4,636,96,0.5583373624204008,9,0.6666666666666666,0.014150943396226415
front3,15,5,636,96,0.5244009825996697,36,0.3055555555555556,0.05660377358490566
front3,15,6,636,96,0.5260644056688434,105,0.4666666666666667,0.1650943396226415
front3,15,7,636,96,0.487285759873875,4,0.25,0.006289308176100629
front3,15,8,636,96,0.41936837452611303,11,0.5454545454545454,0.01729559748427673
front3,15,10,636,96,0.44685606720341897,72,0.5416666666666666,0.11320754716981132
front3,15,11,636,96,0.4507168527700174,31,0.6774193548387096,0.04874213836477988
front3,15,12,636,96,0.4720425696937022,57,0.45614035087719296,0.08962264150943396
front3,15,13,636,96,0.3235821290325655,110,0.36363636363636365,0.17295597484276728
front3,15,14,636,96,0.2457534641045869,1,1.0,0.0015723270440251573
front3,16,1,9,96,0.4692687216917717,5,0.6,0.5555555555555556
front3,16,2,9,96,0.4479272370705615,2,0.5,0.2222222222222222
front3,16,5,9,96,0.45790488423926856,1,0.0,0.1111111111111111
front3,16,10,9,96,0.39077487836113833,1,1.0,0.1111111111111111
front3,17,6,1,96,0.5053001964323967,1,0.0,1.0
front3,18,1,36,96,0.5017706126667981,7,0.7142857142857143,0.19444444444444445
front3,18,2,36,96,0.4851524566121878,12,0.4166666666666667,0.3333333333333333
front3,18,5,36,96,0.4867998106959594,2,0.0,0.05555555555555555
front3,18,6,36,96,0.4867998106959594,8,0.75,0.2222222222222222
front3,18,10,36,96,0.45619043303449924,4,0.25,0.1111111111111111
front3,18,13,36,96,0.3465972784864408,3,0.0,0.08333333333333333
front3,0,1,65,97,0.5532101612784578,18,0.6111111111111112,0.27692307692307694
front3,0,2,65,97,0.5245070623413026,23,0.2608695652173913,0.35384615384615387
front3,0,4,65,97,0.5515762070872876,3,0.6666666666666666,0.046153846153846156
front3,0,7,65,97,0.47317151757460074,4,0.5,0.06153846153846154
front3,0,10,65,97,0.42964345090858946,1,0.0,0.015384615384615385
front3,0,11,65,97,0.43466728775500124,8,0.5,0.12307692307692308
front3,0,13,65,97,0.27237160415527967,8,0.25,0.12307692307692308
front3,15,1,25,98,0.5630150756689103,9,0.5555555555555556,0.36
front3,15,2,25,98,0.543624219946226,2,0.5,0.08
front3,15,5,25,98,0.5234422074204995,3,0.0,0.12
front3,15,6,25,98,0.5236536594528227,2,0.5,0.08
front3,15,10,25,98,0.4812902395191305,1,1.0,0.04
front3,15,11,25,98,0.4774205768356305,5,0.6,0.2
front3,15,13,25,98,0.3357286052613784,3,0.0,0.12
front3,17,1,4,98,0.5851918841897259,2,0.0,0.5
front3,17,5,4,98,0.5665012924296586,1,1.0,0.25
front3,17,13,4,98,0.3815650406781951,1,0.0,0.25
front3,15,1,26,99,0.5823760418438738,8,0.75,0.3076923076923077
front3,15,3,26,99,0.5738650691454905,4,1.0,0.15384615384615385
front3,15,5,26,99,0.5584664756387148,2,0.5,0.07692307692307693
front3,15,8,26,99,0.4617491841217926,6,0.3333333333333333,0.23076923076923078
front3,15,10,26,99,0.4739450639747096,3,0.3333333333333333,0.11538461538461539
front3,15,11,26,99,0.4791487928577108,1,0.0,0.038461538461538464
front3,15,12,26,99,0.49422373172655987,2,0.0,0.07692307692307693
front3,15,1,34,100,0.5358110652130075,24,0.4583333333333333,0.7058823529411765
front3,15,5,34,100,0.5041727951660301,1,1.0,0.029411764705882353
front3,15,6,34,100,0.5066873473720099,2,0.5,0.058823529411764705
front3,15,10,34,100,0.45901842776272456,5,0.2,0.14705882352941177
front3,15,13,34,100,0.31309881086868857,2,0.5,0.058823529411764705
front3,16,1,13,100,0.5246991116596809,7,0.7142857142857143,0.5384615384615384
front3,16,5,13,100,0.4874777534339596,1,1.0,0.07692307692307693
front3,16,6,13,100,0.48830087105264197,1,0.0,0.07692307692307693
front3,16,10,13,100,0.4423838970914288,4,0.75,0.3076923076923077
front3,18,1,10,100,0.48382325121198033,9,0.4444444444444444,0.9
front3,18,2,10,100,0.4662964243304219,1,1.0,0.1
front3,15,1,252,101,0.4686373004154305,94,0.3723404255319149,0.373015873015873
front3,15,2,252,101,0.446509105365882,26,0.34615384615384615,0.10317460317460317
front3,15,4,252,101,0.4697006465533974,18,0.8333333333333334,0.07142857142857142
front3,15,5,252,101,0.43147744545126065,10,0.6,0.03968253968253968
front3,15,6,252,101,0.4322801938242688,39,0.358974358974359,0.15476190476190477
front3,15,7,252,101,0.3990334119063855,8,0.375,0.031746031746031744
front3,15,10,252,101,0.3664818838033655,19,0.10526315789473684,0.07539682539682539
front3,15,11,252,101,0.36908615204234724,27,0.5555555555555556,0.10714285714285714
front3,15,13,252,101,0.23922953694171673,11,0.36363636363636365,0.04365079365079365
front3,16,1,3,101,0.4703653446621205,1,1.0,0.3333333333333333
front3,16,10,3,101,0.3850242906036067,1,0.0,0.3333333333333333
front3,16,11,3,101,0.38833130239200736,1,0.0,0.3333333333333333
front3,17,1,45,101,0.4543768236414532,29,0.41379310344827586,0.6444444444444445
front3,17,2,45,101,0.4361827437298845,1,0.0,0.022222222222222223
front3,17,5,45,101,0.45347130485816467,2,0.5,0.044444444444444446
front3,17,6,45,101,0.453215135098043,2,0.0,0.044444444444444446
front3,17,10,45,101,0.4051134219770972,8,0.5,0.17777777777777778
front3,17,11,45,101,0.40768486814857496,1,1.0,0.022222222222222223
front3,17,13,45,101,0.2717353627609492,2,0.0,0.044444444444444446
front3,18,1,17,101,0.46463169060411846,2,0.5,0.11764705882352941
front3,18,5,17,101,0.45966793082872237,5,0.6,0.29411764705882354
front3,18,6,17,101,0.45966793082872237,5,0.2,0.29411764705882354
front3,18,10,17,101,0.39807797397036976,4,0.75,0.23529411764705882
front3,18,13,17,101,0.27482418667734837,1,0.0,0.058823529411764705
front3,15,1,2,102,0.5895287975236371,1,1.0,0.5
front3,15,10,2,102,0.483549386077074,1,1.0,0.5
front3,16,1,5,102,0.5838542987627231,2,0.5,0.4
front3,16,3,5,102,0.570948989646564,1,0.0,0.2
front3,16,10,5,102,0.47551276447607843,1,1.0,0.2
front3,16,14,5,102,0.24842729703784863,1,0.0,0.2
front3,17,1,22,102,0.5991074852832825,19,0.5789473684210527,0.8636363636363636
front3,17,3,22,102,0.5951242255530745,1,1.0,0.045454545454545456
front3,17,10,22,102,0.5322747387309802,2,0.5,0.09090909090909091
front3,15,1,14,103,0.6407297654092627,9,0.7777777777777778,0.6428571428571429
front3,15,2,14,103,0.6127614544996058,1,1.0,0.07142857142857142
front3,15,4,14,103,0.637192203907319,1,0.0,0.07142857142857142
front3,15,10,14,103,0.5363057103943472,2,1.0,0.14285714285714285
front3,15,13,14,103,0.3991947043920524,1,1.0,0.07142857142857142
front3,16,5,3,103,0.5711644842524607,2,1.0,0.6666666666666666
front3,16,10,3,103,0.5441419579713522,1,1.0,0.3333333333333333
front3,15,1,23,104,0.569059241468836,19,0.5263157894736842,0.8260869565217391
front3,15,5,23,104,0.532443294296396,1,0.0,0.043478260869565216
front3,15,8,23,104,0.4450316520293831,2,0.5,0.08695652173913043
front3,15,11,23,104,0.4857083850254386,1,0.0,0.043478260869565216
front3,15,1,30,105,0.547672696102789,2,1.0,0.06666666666666667
front3,15,3,30,105,0.5493679018391355,2,0.0,0.06666666666666667
front3,15,5,30,105,0.5115951192222522,2,1.0,0.06666666666666667
front3,15,6,30,105,0.5131840340738848,2,0.5,0.06666666666666667
front3,15,8,30,105,0.42308725461525554,4,0.25,0.13333333333333333
front3,15,9,30,105,0.47495549404798587,3,0.6666666666666666,0.1
front3,15,10,30,105,0.4567809180865225,8,0.625,0.26666666666666666
front3,15,12,30,105,0.4742452933613644,4,0.25,0.13333333333333333
front3,15,13,30,105,0.3349694916797425,2,0.0,0.06666666666666667
front3,15,14,30,105,0.2716285285960724,1,0.0,0.03333333333333333
front3,16,6,2,105,0.539604998606108,1,1.0,0.5
front3,16,9,2,105,0.49926025048365064,1,0.0,0.5
front3,18,1,10,105,0.5483292428487837,2,0.5,0.2
front3,18,8,10,105,0.4580220401239304,2,0.5,0.2
front3,18,9,10,105,0.5232071645479225,2,0.5,0.2
front3,18,10,10,105,0.5194516675082701,4,1.0,0.4
front3,0,1,2,106,0.5516687223377043,1,1.0,0.5
front3,0,2,2,106,0.5197575233868912,1,1.0,0.5
front3,15,1,157,106,0.5444824336415266,54,0.5185185185185185,0.34394904458598724
front3,15,2,157,106,0.5217045043571585,35,0.5428571428571428,0.2229299363057325
front3,15,4,157,106,0.5450721549760855,20,0.65,0.12738853503184713
front3,15,5,157,106,0.5085870758491003,6,0.5,0.03821656050955414
front3,15,6,157,106,0.508958652282017,17,0.35294117647058826,0.10828025477707007
front3,15,7,157,106,0.47368053857960923,7,0.14285714285714285,0.044585987261146494
front3,15,10,157,106,0.44406362285713274,8,0.75,0.050955414012738856
front3,15,11,157,106,0.4454161948379092,6,0.3333333333333333,0.03821656050955414
front3,15,13,157,106,0.30281225526557287,3,0.6666666666666666,0.01910828025477707
front3,15,14,157,106,0.23220925063439685,1,0.0,0.006369426751592357
front3,16,1,23,106,0.5421326696566254,5,0.6,0.21739130434782608
front3,16,2,23,106,0.5187424981943487,4,0.5,0.17391304347826086
front3,16,3,23,106,0.5341794355810735,2,1.0,0.08695652173913043
front3,16,4,23,106,0.5496296056965744,1,1.0,0.043478260869565216
front3,16,5,23,106,0.5041705028567259,3,0.6666666666666666,0.13043478260869565
front3,16,6,23,106,0.5041705028567259,4,0.5,0.17391304347826086
front3,16,8,23,106,0.39490926063171666,1,1.0,0.043478260869565216
front3,16,10,23,106,0.4281526664188541,3,0.3333333333333333,0.13043478260869565
front3,0,1,37,107,0.633381448535373,13,0.46153846153846156,0.35135135135135137
front3,0,2,37,107,0.6059477562332016,10,0.7,0.2702702702702703
front3,0,5,37,107,0.592941243641198,1,1.0,0.02702702702702703
front3,0,6,37,107,0.5899104333254336,7,0.8571428571428571,0.1891891891891892
front3,0,7,37,107,0.5514616068073683,2,0.0,0.05405405405405406
front3,0,10,37,107,0.5095697671835495,1,0.0,0.02702702702702703
front3,0,13,37,107,0.36521872106019887,3,0.3333333333333333,0.08108108108108109
front3,15,1,59,107,0.6015601710660103,41,0.5121951219512195,0.6949152542372882
front3,15,6,59,107,0.5686719283037328,1,0.0,0.01694915254237288
front3,15,10,59,107,0.49578478793405334,5,1.0,0.0847457627118644
front3,15,11,59,107,0.5032857518488275,10,0.7,0.1694915254237288
front3,15,13,59,107,0.337537684238921,2,1.0,0.03389830508474576
front3,16,1,9,107,0.5695737784089285,7,0.2857142857142857,0.7777777777777778
front3,16,11,9,107,0.47781894267588854,1,1.0,0.1111111111111111
front3,16,13,9,107,0.3082452656619091,1,1.0,0.1111111111111111
front3,15,1,15,108,0.6729197833003554,11,0.8181818181818182,0.7333333333333333
front3,15,2,15,108,0.6526434759207229,1,1.0,0.06666666666666667
front3,15,10,15,108,0.6044067418817107,2,1.0,0.13333333333333333
front3,15,13,15,108,0.45848969270487544,1,0.0,0.06666666666666667
front3,15,1,34,109,0.5328268541110308,9,0.5555555555555556,0.2647058823529412
front3,15,2,34,109,0.5148310447235358,1,0.0,0.029411764705882353
front3,15,5,34,109,0.49626411269187803,6,0.3333333333333333,0.17647058823529413
front3,15,6,34,109,0.496084226191023,7,0.2857142857142857,0.20588235294117646
front3,15,10,34,109,0.42714371761419406,4,0.25,0.11764705882352941
front3,15,11,34,109,0.42857304158682535,2,0.5,0.058823529411764705
front3,15,13,34,109,0.30512786226873195,5,0.2,0.14705882352941177
front3,16,2,3,109,0.48209675642919114,1,0.0,0.3333333333333333
front3,16,5,3,109,0.4589313499800504,1,0.0,0.3333333333333333
front3,16,6,3,109,0.4589313499800504,1,0.0,0.3333333333333333
front3,15,1,27,110,0.5758423109118715,5,0.4,0.18518518518518517
front3,15,2,27,110,0.5558706536208161,1,0.0,0.037037037037037035
front3,15,6,27,110,0.5309364512670495,9,0.3333333333333333,0.3333333333333333
front3,15,7,27,110,0.4880145634070844,1,0.0,0.037037037037037035
front3,15,10,27,110,0.4442351173501787,2,0.0,0.07407407407407407
front3,15,11,27,110,0.44827861010473946,6,0.6666666666666666,0.2222222222222222
front3,15,13,27,110,0.3221724412784901,3,0.3333333333333333,0.1111111111111111
front3,16,2,34,110,0.5468616154647647,1,0.0,0.029411764705882353
front3,16,5,34,110,0.5259537670173344,4,0.5,0.11764705882352941
front3,16,6,34,110,0.5281374608959822,14,0.42857142857142855,0.4117647058823529
front3,16,7,34,110,0.4922356292838515,1,0.0,0.029411764705882353
front3,16,9,34,110,0.47223236237095845,3,0.6666666666666666,0.08823529411764706
front3,16,10,34,110,0.44288130976672085,2,0.5,0.058823529411764705
front3,16,11,34,110,0.44688717892092505,6,0.6666666666666666,0.17647058823529413
front3,16,12,34,110,0.464494686342954,1,1.0,0.029411764705882353
front3,16,13,34,110,0.318381838228443,1,0.0,0.029411764705882353
front3,16,14,34,110,0.2401149317903822,1,0.0,0.029411764705882353
front3,0,1,40,111,0.5122311340091155,5,0.4,0.125
front3,0,2,40,111,0.48694220035266567,2,0.5,0.05
front3,0,4,40,111,0.5042957084971795,1,0.0,0.025
front3,0,6,40,111,0.46344262635577194,1,0.0,0.025
front3,0,7,40,111,0.43333766606187696,1,0.0,0.025
front3,0,10,40,111,0.3931141281697875,20,0.7,0.5
front3,0,11,40,111,0.3956173629012012,1,0.0,0.025
front3,0,12,40,111,0.40578435451497297,8,0.625,0.2
front3,0,13,40,111,0.2411257936009099,1,0.0,0.025
front3,15,1,100,111,0.45909712868436076,38,0.42105263157894735,0.38
front3,15,2,100,111,0.43872691516660334,3,1.0,0.03
front3,15,4,100,111,0.46287687151452944,5,0.0,0.05
front3,15,5,100,111,0.42371151131543533,17,0.17647058823529413,0.17
front3,15,6,100,111,0.42395417826327575,3,0.0,0.03
front3,15,7,100,111,0.39859906842879494,5,0.6,0.05
front3,15,10,100,111,0.37288389840617614,8,0.375,0.08
front3,15,11,100,111,0.37317392601207056,16,0.4375,0.16
front3,15,13,100,111,0.22704410676270384,4,0.25,0.04
front3,15,14,100,111,0.1672883919312859,1,0.0,0.01
front3,16,1,14,111,0.4623104983026466,3,0.3333333333333333,0.21428571428571427
front3,16,2,14,111,0.4386954607845932,2,0.5,0.14285714285714285
front3,16,4,14,111,0.46574591807332494,1,1.0,0.07142857142857142
front3,16,5,14,111,0.43421348913646135,1,0.0,0.07142857142857142
front3,16,7,14,111,0.4240416318744868,1,1.0,0.07142857142857142
front3,16,10,14,111,0.3857220539706315,1,0.0,0.07142857142857142
front3,16,11,14,111,0.3842618621178669,4,0.75,0.2857142857142857
front3,16,13,14,111,0.24547824701741852,1,0.0,0.07142857142857142
front3,17,1,31,111,0.5184153433655065,11,0.5454545454545454,0.3548387096774194
front3,17,2,31,111,0.49376299248998934,1,1.0,0.03225806451612903
front3,17,4,31,111,0.5200528314275862,1,1.0,0.03225806451612903
front3,17,5,31,111,0.5121742568913655,5,0.6,0.16129032258064516
front3,17,7,31,111,0.5026880808293418,3,1.0,0.0967741935483871
front3,17,10,31,111,0.4518391335253605,7,0.2857142857142857,0.22580645161290322
front3,17,13,31,111,0.3116529107153275,3,0.3333333333333333,0.0967741935483871
front3,15,1,75,112,0.4588086383873051,32,0.3125,0.4266666666666667
front3,15,2,75,112,0.43295496713524445,7,0.42857142857142855,0.09333333333333334
front3,15,5,75,112,0.4248221801800961,7,0.42857142857142855,0.09333333333333334
front3,15,6,75,112,0.4272874383481069,7,0.42857142857142855,0.09333333333333334
front3,15,7,75,112,0.3943743070905513,1,1.0,0.013333333333333334
front3,15,10,75,112,0.356739939797313,9,0.2222222222222222,0.12
front3,15,11,75,112,0.362254360142371,10,0.4,0.13333333333333333
front3,15,13,75,112,0.2404100053065406,2,0.5,0.02666666666666667
front3,16,1,27,112,0.4487080852439939,7,0.14285714285714285,0.25925925925925924
front3,16,2,27,112,0.42716510217228576,2,0.0,0.07407407407407407
front3,16,3,27,112,0.4438268553056304,1,1.0,0.037037037037037035
front3,16,5,27,112,0.415736291385949,3,0.3333333333333333,0.1111111111111111
front3,16,6,27,112,0.41768411986808524,8,0.25,0.2962962962962963
front3,16,7,27,112,0.390337789597055,2,1.0,0.07407407407407407
front3,16,10,27,112,0.35695368528610977,3,0.6666666666666666,0.1111111111111111
front3,16,13,27,112,0.2416388346038815,1,1.0,0.037037037037037035
front3,18,1,17,112,0.47645933755475367,8,0.375,0.47058823529411764
front3,18,3,17,112,0.47193459018985756,1,1.0,0.058823529411764705
front3,18,5,17,112,0.47888266936142154,1,0.0,0.058823529411764705
front3,18,6,17,112,0.4816918773798231,3,0.3333333333333333,0.17647058823529413
front3,18,10,17,112,0.42776704205202143,3,0.3333333333333333,0.17647058823529413
front3,18,13,17,112,0.2975010147647519,1,0.0,0.058823529411764705
front3,15,1,26,113,0.5011807252099076,5,0.2,0.19230769230769232
front3,15,2,26,113,0.478135495218204,2,0.5,0.07692307692307693
front3,15,4,26,113,0.5021350451115629,1,0.0,0.038461538461538464
front3,15,6,26,113,0.46892507056353894,6,0.16666666666666666,0.23076923076923078
front3,15,10,26,113,0.3916517072116382,2,0.0,0.07692307692307693
front3,15,11,26,113,0.39280458872630913,2,1.0,0.07692307692307693
front3,15,13,26,113,0.3000335962517847,8,0.25,0.3076923076923077
front3,16,1,16,113,0.4995077650772342,2,1.0,0.125
front3,16,3,16,113,0.4965861661935121,5,1.0,0.3125
front3,16,6,16,113,0.4538908095245118,5,0.8,0.3125
front3,16,10,16,113,0.3761926583633025,2,0.0,0.125
front3,16,13,16,113,0.257113438928331,2,0.0,0.125
front3,17,3,3,113,0.5401744794448434,1,0.0,0.3333333333333333
front3,17,6,3,113,0.4922236157310597,2,1.0,0.6666666666666666
front3,18,1,5,113,0.4601759962086943,2,0.0,0.4
front3,18,3,5,113,0.4583193630814879,1,0.0,0.2
front3,18,13,5,113,0.30108061996079194,2,0.5,0.4
front3,15,8,14,114,0.5324282884203775,1,1.0,0.07142857142857142
front3,15,9,14,114,0.5836617916103879,1,1.0,0.07142857142857142
front3,15,10,14,114,0.5659466309866973,8,0.75,0.5714285714285714
front3,15,12,14,114,0.5702248662895795,4,0.75,0.2857142857142857
front3,0,1,64,115,0.6541000701196867,8,0.625,0.125
front3,0,2,64,115,0.6302454051620672,7,0.42857142857142855,0.109375
front3,0,5,64,115,0.6085151982751691,1,1.0,0.015625
front3,0,6,64,115,0.6084109128240937,2,1.0,0.03125
front3,0,7,64,115,0.5784039603069588,3,0.6666666666666666,0.046875
front3,0,10,64,115,0.5405759530336598,25,0.68,0.390625
front3,0,12,64,115,0.5623090749439583,13,0.46153846153846156,0.203125
front3,0,13,64,115,0.3846171659979903,5,0.4,0.078125
front3,15,1,102,115,0.5949254208392181,44,0.6136363636363636,0.43137254901960786
front3,15,2,102,115,0.5716586088995774,3,0.6666666666666666,0.029411764705882353
front3,15,4,102,115,0.5925646743598544,1,0.0,0.00980392156862745
front3,15,5,102,115,0.5553653207002879,15,0.6,0.14705882352941177
front3,15,6,102,115,0.5558246313323588,10,0.8,0.09803921568627451
front3,15,7,102,115,0.520642898846211,5,0.6,0.049019607843137254
front3,15,10,102,115,0.48556797263392426,13,0.38461538461538464,0.12745098039215685
front3,15,11,102,115,0.4911255983270103,6,0.5,0.058823529411764705
front3,15,13,102,115,0.33643040760997694,5,0.4,0.049019607843137254
front3,16,1,55,115,0.602369163139152,20,0.5,0.36363636363636365
front3,16,3,55,115,0.5964360565697329,5,0.6,0.09090909090909091
front3,16,5,55,115,0.5568606168684124,1,1.0,0.01818181818181818
front3,16,6,55,115,0.557326759367044,20,0.5,0.36363636363636365
front3,16,7,55,115,0.5249832254775533,2,1.0,0.03636363636363636
front3,16,9,55,115,0.5102604121064673,1,1.0,0.01818181818181818
front3,16,10,55,115,0.4838697604572236,2,0.0,0.03636363636363636
front3,16,11,55,115,0.4884150919768525,1,0.0,0.01818181818181818
front3,16,13,55,115,0.3525470168127719,3,0.3333333333333333,0.05454545454545454
front3,15,1,31,116,0.5148873573804392,1,1.0,0.03225806451612903
front3,15,5,31,116,0.47968752782597374,3,0.3333333333333333,0.0967741935483871
front3,15,6,31,116,0.479687594548021,3,0.0,0.0967741935483871
front3,15,10,31,116,0.426690050174816,19,0.47368421052631576,0.6129032258064516
front3,15,11,31,116,0.4265316689326588,1,1.0,0.03225806451612903
front3,15,13,31,116,0.28446715292502256,4,0.0,0.12903225806451613
front3,15,1,27,117,0.6073524081307299,13,0.7692307692307693,0.48148148148148145
front3,15,4,27,117,0.5995548110499874,1,1.0,0.037037037037037035
front3,15,6,27,117,0.5674877318475863,2,1.0,0.07407407407407407
front3,15,7,27,117,0.5251447654101957,3,0.3333333333333333,0.1111111111111111
front3,15,10,27,117,0.4738013872011756,1,0.0,0.037037037037037035
front3,15,11,27,117,0.48222441526243,1,1.0,0.037037037037037035
front3,15,13,27,117,0.3563038181029582,6,0.16666666666666666,0.2222222222222222
front3,16,2,4,117,0.5659600134975539,1,1.0,0.25
front3,16,7,4,117,0.5150230546656682,1,0.0,0.25
front3,16,13,4,117,0.37375453066773656,2,0.5,0.5
front3,15,1,51,118,0.48056188919940723,15,0.6,0.29411764705882354
front3,15,2,51,118,0.45498661669078266,1,1.0,0.0196078431372549
front3,15,4,51,118,0.4730078918432468,1,0.0,0.0196078431372549
front3,15,5,51,118,0.43499359978610047,1,1.0,0.0196078431372549
front3,15,6,51,118,0.4360343753606568,12,0.6666666666666666,0.23529411764705882
front3,15,7,51,118,0.4015066186084819,7,0.5714285714285714,0.13725490196078433
front3,15,10,51,118,0.3560791135846517,8,0.25,0.1568627450980392
front3,15,11,51,118,0.363022982977141,4,0.25,0.0784313725490196
front3,15,13,51,118,0.23066326766730808,2,0.0,0.0392156862745098
front3,16,1,5,118,0.4765489955072768,1,1.0,0.2
front3,16,2,5,118,0.4537424488030751,1,1.0,0.2
front3,16,6,5,118,0.4355962450430102,3,0.0,0.6
front3,17,1,2,118,0.5156986482142557,1,0.0,0.5
front3,17,2,2,118,0.4891064698558733,1,0.0,0.5
front3,15,1,9,119,0.5749027430161955,1,0.0,0.1111111111111111
front3,15,5,9,119,0.5292939784683671,1,0.0,0.1111111111111111
front3,15,8,9,119,0.41366613147183817,4,0.5,0.4444444444444444
front3,15,9,9,119,0.4736490206398899,1,1.0,0.1111111111111111
front3,15,10,9,119,0.44897989485424755,2,0.5,0.2222222222222222
front3,18,8,2,119,0.46760269226736106,1,0.0,0.5
front3,18,9,2,119,0.5346629509050869,1,1.0,0.5
front3,15,1,10,121,0.5931256753608528,5,0.6,0.5
front3,15,6,10,121,0.5586338245328611,1,1.0,0.1
front3,15,10,10,121,0.5133925809373242,1,1.0,0.1
front3,15,12,10,121,0.5249322503792868,2,1.0,0.2
front3,15,14,10,121,0.30272301989252115,1,0.0,0.1
front3,17,1,8,121,0.5922581622765448,5,0.8,0.625
front3,17,6,8,121,0.564274308076981,1,1.0,0.125
front3,17,12,8,121,0.5396093724471137,1,1.0,0.125
front3,17,13,8,121,0.3912877189407078,1,1.0,0.125
front3,0,1,64,122,0.5732500630228592,16,0.6875,0.25
front3,0,2,64,122,0.5446975051768809,26,0.6153846153846154,0.40625
front3,0,4,64,122,0.5694037359459508,2,0.5,0.03125
front3,0,5,64,122,0.5133751110816042,1,1.0,0.015625
front3,0,6,64,122,0.5206839252225213,2,1.0,0.03125
front3,0,10,64,122,0.4448643962204683,4,0.25,0.0625
front3,0,11,64,122,0.45052151831430043,10,0.5,0.15625
front3,0,13,64,122,0.26810691966891326,3,0.3333333333333333,0.046875
front3,15,1,171,122,0.559435640281888,60,0.5,0.3508771929824561
front3,15,2,171,122,0.5356661617154262,11,0.7272727272727273,0.06432748538011696
front3,15,4,171,122,0.5564983351582956,12,0.5,0.07017543859649122
front3,15,5,171,122,0.5212360157105493,7,0.2857142857142857,0.04093567251461988
front3,15,6,171,122,0.522447280196878,33,0.48484848484848486,0.19298245614035087
front3,15,7,171,122,0.48304165148618333,4,0.75,0.023391812865497075
front3,15,8,171,122,0.4108289639176951,4,0.25,0.023391812865497075
front3,15,10,171,122,0.44238965744678255,10,0.4,0.05847953216374269
front3,15,11,171,122,0.4487801648624929,20,0.15,0.11695906432748537
front3,15,12,171,122,0.46872889515764804,6,0.5,0.03508771929824561
front3,15,13,171,122,0.31004122974064874,4,0.25,0.023391812865497075
front3,16,2,3,122,0.5429516715508171,1,1.0,0.3333333333333333
front3,16,6,3,122,0.5170433022027848,1,0.0,0.3333333333333333
front3,16,10,3,122,0.4553279424916834,1,0.0,0.3333333333333333
front3,17,1,18,122,0.5286001763309497,5,0.6,0.2777777777777778
front3,17,2,18,122,0.5114299424730437,1,1.0,0.05555555555555555
front3,17,5,18,122,0.4927815549005794,1,0.0,0.05555555555555555
front3,17,6,18,122,0.4927815549005794,5,0.6,0.2777777777777778
front3,17,10,18,122,0.4315090685083103,1,1.0,0.05555555555555555
front3,17,11,18,122,0.4370523130861314,3,0.6666666666666666,0.16666666666666666
front3,17,13,18,122,0.3329916160594655,2,0.0,0.1111111111111111
front3,15,1,19,123,0.5836444404583588,8,0.75,0.42105263157894735
front3,15,2,19,123,0.5642257964149402,2,1.0,0.10526315789473684
front3,15,5,19,123,0.5458921540738081,3,0.3333333333333333,0.15789473684210525
front3,15,8,19,123,0.46174856211406484,2,0.0,0.10526315789473684
front3,15,10,19,123,0.5003369891741423,1,1.0,0.05263157894736842
front3,15,11,19,123,0.4985760552381808,1,1.0,0.05263157894736842
front3,15,13,19,123,0.349032078579535,2,0.5,0.10526315789473684
front3,15,3,14,124,0.6530509089000075,3,1.0,0.21428571428571427
front3,15,5,14,124,0.621820481211404,3,0.6666666666666666,0.21428571428571427
front3,15,10,14,124,0.563773814600698,7,0.7142857142857143,0.5
front3,15,12,14,124,0.5757611314005082,1,1.0,0.07142857142857142
front3,18,12,1,124,0.6386664581800393,1,1.0,1.0
front3,15,9,4,125,0.5036068269963883,4,0.75,1.0
front3,15,1,28,126,0.6573160221954538,9,0.7777777777777778,0.32142857142857145
front3,15,2,28,126,0.6373378273719386,2,0.5,0.07142857142857142
front3,15,3,28,126,0.6534083459676356,1,1.0,0.03571428571428571
front3,15,5,28,126,0.622604493009165,1,0.0,0.03571428571428571
front3,15,6,28,126,0.6240394708331659,3,0.3333333333333333,0.10714285714285714
front3,15,10,28,126,0.550809919209585,2,0.5,0.07142857142857142
front3,15,13,28,126,0.4294737108206136,10,0.9,0.35714285714285715
front3,16,1,4,126,0.6468819804551093,1,1.0,0.25
front3,16,6,4,126,0.6065785488896316,1,1.0,0.25
front3,16,11,4,126,0.5294175969106947,1,0.0,0.25
front3,16,13,4,126,0.3965882236246809,1,0.0,0.25
front3,15,1,18,127,0.6113914510305584,16,0.8125,0.8888888888888888
front3,15,10,18,127,0.5244805701331047,1,1.0,0.05555555555555555
front3,15,13,18,127,0.35766717063936576,1,0.0,0.05555555555555555
front3,16,1,1,127,0.5690264154148683,1,1.0,1.0
front3,0,1,152,128,0.56404708089656,39,0.5641025641025641,0.2565789473684211
front3,0,2,152,128,0.5385830771145547,23,0.6086956521739131,0.1513157894736842
front3,0,3,152,128,0.5596696040694091,2,1.0,0.013157894736842105
front3,0,5,152,128,0.5204578411533273,3,0.6666666666666666,0.019736842105263157
front3,0,7,152,128,0.4879726141419108,6,0.5,0.039473684210526314
front3,0,10,152,128,0.4524359015623891,36,0.5277777777777778,0.23684210526315788
front3,0,11,152,128,0.453440756921737,1,0.0,0.006578947368421052
front3,0,12,152,128,0.47238104930932573,29,0.6206896551724138,0.19078947368421054
front3,0,13,152,128,0.3025386020620876,13,0.5384615384615384,0.08552631578947369
front3,15,1,258,128,0.5180651791890539,124,0.5483870967741935,0.4806201550387597
front3,15,2,258,128,0.4928851599008961,4,0.0,0.015503875968992248
front3,15,4,258,128,0.5116524422859999,6,0.5,0.023255813953488372
front3,15,5,258,128,0.4749635129403231,5,1.0,0.01937984496124031
front3,15,6,258,128,0.475875176252737,15,0.4666666666666667,0.05813953488372093
front3,15,7,258,128,0.44320857915237233,11,0.7272727272727273,0.04263565891472868
front3,15,10,258,128,0.40007144287352886,60,0.3333333333333333,0.23255813953488372
front3,15,11,258,128,0.40649348928052975,23,0.43478260869565216,0.08914728682170543
front3,15,13,258,128,0.256843002295429,10,0.2,0.03875968992248062
front3,16,1,65,128,0.4990899105983636,32,0.53125,0.49230769230769234
front3,16,2,65,128,0.476134488011667,1,0.0,0.015384615384615385
front3,16,3,65,128,0.48973076698755913,1,0.0,0.015384615384615385
front3,16,5,65,128,0.4588030481134764,6,0.5,0.09230769230769231
front3,16,6,65,128,0.4596251394855486,5,0.2,0.07692307692307693
front3,16,7,65,128,0.4393431635736621,3,1.0,0.046153846153846156
front3,16,10,65,128,0.4001604098861544,8,0.25,0.12307692307692308
front3,16,11,65,128,0.4058098277829488,6,0.3333333333333333,0.09230769230769231
front3,16,13,65,128,0.2562042618914793,3,0.6666666666666666,0.046153846153846156
front3,17,1,10,128,0.4962807661287304,6,0.6666666666666666,0.6
front3,17,5,10,128,0.485515909823181,1,0.0,0.1
front3,17,6,10,128,0.485515909823181,2,0.0,0.2
front3,17,11,10,128,0.4543897527882563,1,1.0,0.1
front3,0,1,138,129,0.5500646297605787,57,0.43859649122807015,0.41304347826086957
front3,0,2,138,129,0.5211419266692389,7,0.42857142857142855,0.050724637681159424
front3,0,4,138,129,0.5481202657267795,9,0.5555555555555556,0.06521739130434782
front3,0,5,138,129,0.5088550324412909,1,1.0,0.007246376811594203
front3,0,6,138,129,0.5058734579755351,7,0.14285714285714285,0.050724637681159424
front3,0,7,138,129,0.4702354807349319,15,0.2,0.10869565217391304
front3,0,10,138,129,0.4295943022792312,5,0.8,0.036231884057971016
front3,0,11,138,129,0.4360013264568683,25,0.4,0.18115942028985507
front3,0,13,138,129,0.289946620832325,12,0.4166666666666667,0.08695652173913043
front3,15,1,122,129,0.5259997596180447,40,0.725,0.32786885245901637
front3,15,2,122,129,0.5037992316225582,8,0.5,0.06557377049180328
front3,15,4,122,129,0.5250475832158482,11,0.7272727272727273,0.09016393442622951
front3,15,5,122,129,0.4828237915602148,3,1.0,0.02459016393442623
front3,15,6,122,129,0.4833061525206949,21,0.5714285714285714,0.1721311475409836
front3,15,7,122,129,0.44498338078197536,2,0.0,0.01639344262295082
front3,15,10,122,129,0.4084744647222664,5,0.6,0.040983606557377046
front3,15,11,122,129,0.41355412324026924,22,0.45454545454545453,0.18032786885245902
front3,15,13,122,129,0.28133962440012766,10,0.1,0.08196721311475409
front3,16,1,6,129,0.4965475973627648,3,0.0,0.5
front3,16,6,6,129,0.46311712571857483,1,0.0,0.16666666666666666
front3,16,11,6,129,0.3982143465822652,1,1.0,0.16666666666666666
front3,16,13,6,129,0.2750505369875909,1,0.0,0.16666666666666666
front3,17,11,1,129,0.4170621959156526,1,0.0,1.0
front3,15,1,33,130,0.6189048467405457,6,1.0,0.18181818181818182
front3,15,3,33,130,0.620250542591488,11,0.45454545454545453,0.3333333333333333
front3,15,5,33,130,0.5752655419621705,1,0.0,0.030303030303030304
front3,15,6,33,130,0.5752655419621705,10,0.5,0.30303030303030304
front3,15,9,33,130,0.5378837902240409,3,1.0,0.09090909090909091
front3,15,10,33,130,0.5188265607228981,2,0.0,0.06060606060606061
front3,0,1,24,131,0.5581836782828512,10,0.5,0.4166666666666667
front3,0,2,24,131,0.5282632321288099,6,0.8333333333333334,0.25
front3,0,5,24,131,0.5261236641405241,3,0.6666666666666666,0.125
front3,0,7,24,131,0.49666510683820336,2,1.0,0.08333333333333333
front3,0,10,24,131,0.4599369276432029,2,0.5,0.08333333333333333
front3,0,13,24,131,0.3053163912353445,1,1.0,0.041666666666666664
front3,15,1,167,132,0.538724509791481,44,0.4090909090909091,0.2634730538922156
front3,15,2,167,132,0.5189415608052764,25,0.32,0.1497005988023952
front3,15,4,167,132,0.5416765927730155,5,0.2,0.029940119760479042
front3,15,5,167,132,0.5008104237593116,11,0.36363636363636365,0.0658682634730539
front3,15,6,167,132,0.5023765891122673,22,0.4090909090909091,0.1317365269461078
front3,15,7,167,132,0.4730118264759647,1,0.0,0.005988023952095809
front3,15,8,167,132,0.4039845243069083,1,0.0,0.005988023952095809
front3,15,10,167,132,0.4419764905139989,19,0.5789473684210527,0.11377245508982035
front3,15,11,167,132,0.4408535411303986,4,0.5,0.023952095808383235
front3,15,12,167,132,0.460742210015515,8,0.5,0.04790419161676647
front3,15,13,167,132,0.3114223206059835,26,0.3076923076923077,0.15568862275449102
front3,15,14,167,132,0.24644992186456338,1,1.0,0.005988023952095809
front3,16,2,6,132,0.4219111454666671,3,0.0,0.5
front3,16,8,6,132,0.3401659358644675,1,0.0,0.16666666666666666
front3,16,10,6,132,0.38670539712757446,1,0.0,0.16666666666666666
front3,16,12,6,132,0.3865488238188382,1,0.0,0.16666666666666666
front3,17,1,19,132,0.5541813152259507,5,0.6,0.2631578947368421
front3,17,5,19,132,0.5413934511393874,1,1.0,0.05263157894736842
front3,17,6,19,132,0.5427588408719902,2,0.5,0.10526315789473684
front3,17,8,19,132,0.4521317546165181,2,1.0,0.10526315789473684
front3,17,10,19,132,0.4828940744197175,3,0.6666666666666666,0.15789473684210525
front3,17,11,19,132,0.48469947841394945,4,0.5,0.21052631578947367
front3,17,13,19,132,0.35484796954126824,2,0.5,0.10526315789473684
front3,0,1,165,133,0.5948374351127527,32,0.65625,0.19393939393939394
front3,0,2,165,133,0.5683933722905219,36,0.5555555555555556,0.21818181818181817
front3,0,3,165,133,0.5888406368622614,7,0.8571428571428571,0.04242424242424243
front3,0,4,165,133,0.5943940449594409,1,1.0,0.006060606060606061
front3,0,5,165,133,0.5564588226735705,18,0.6666666666666666,0.10909090909090909
front3,0,6,165,133,0.5538554644301622,19,0.6842105263157895,0.11515151515151516
front3,0,7,165,133,0.5241645528719118,1,0.0,0.006060606060606061
front3,0,10,165,133,0.48557830315708156,33,0.42424242424242425,0.2
front3,0,11,165,133,0.4883327296743849,2,0.5,0.012121212121212121
front3,0,12,165,133,0.5110074224159635,12,0.5,0.07272727272727272
front3,0,13,165,133,0.3374122467758806,4,0.25,0.024242424242424242
front3,15,1,12,134,0.5725301244465612,7,0.7142857142857143,0.5833333333333334
front3,15,3,12,134,0.5585447687568473,1,0.0,0.08333333333333333
front3,15,5,12,134,0.5316285822138933,2,0.5,0.16666666666666666
front3,15,10,12,134,0.4621379023166175,2,0.0,0.16666666666666666
front3,16,11,1,134,0.4503012109633268,1,0.0,1.0
front3,0,1,25,135,0.48215012115588574,12,0.5833333333333334,0.48
front3,0,2,25,135,0.45327851497813304,1,1.0,0.04
front3,0,4,25,135,0.4778590788890231,1,0.0,0.04
front3,0,6,25,135,0.43466629702768855,4,0.25,0.16
front3,0,7,25,135,0.3904984047731248,1,1.0,0.04
front3,0,10,25,135,0.3481599403003324,2,0.0,0.08
front3,0,11,25,135,0.3542372207789939,1,1.0,0.04
front3,0,13,25,135,0.22767430144463952,3,0.3333333333333333,0.12
front3,0,1,213,136,0.578730446204481,67,0.582089552238806,0.3145539906103286
front3,0,2,213,136,0.5500040172892965,60,0.4,0.28169014084507044
front3,0,5,213,136,0.5421648341756052,19,0.7368421052631579,0.0892018779342723
front3,0,6,213,136,0.539707514751383,9,0.5555555555555556,0.04225352112676056
front3,0,7,213,136,0.5097596156645954,4,1.0,0.018779342723004695
front3,0,8,213,136,0.4433024371741638,1,0.0,0.004694835680751174
front3,0,10,213,136,0.47424781483365613,30,0.3333333333333333,0.14084507042253522
front3,0,11,213,136,0.4759248375938351,2,0.5,0.009389671361502348
front3,0,12,213,136,0.4952761687056075,10,0.5,0.046948356807511735
front3,0,13,213,136,0.322287748559956,11,0.2727272727272727,0.051643192488262914
front3,15,1,336,136,0.5480091759412739,93,0.45161290322580644,0.2767857142857143
front3,15,2,336,136,0.5281130870064273,45,0.5777777777777777,0.13392857142857142
front3,15,3,336,136,0.5437254599735124,1,0.0,0.002976190476190476
front3,15,4,336,136,0.5499912788098708,2,0.5,0.005952380952380952
front3,15,5,336,136,0.508593462135562,18,0.3888888888888889,0.05357142857142857
front3,15,6,336,136,0.5095932738546111,41,0.43902439024390244,0.12202380952380952
front3,15,7,336,136,0.4804186566690045,8,0.625,0.023809523809523808
front3,15,8,336,136,0.4131575225741064,2,0.5,0.005952380952380952
front3,15,10,336,136,0.45043116151816903,57,0.47368421052631576,0.16964285714285715
front3,15,11,336,136,0.4534594496051476,7,0.5714285714285714,0.020833333333333332
front3,15,12,336,136,0.4760299957114603,25,0.4,0.0744047619047619
front3,15,13,336,136,0.32122712228841377,37,0.35135135135135137,0.11011904761904762
front3,16,1,265,136,0.5404855092112225,83,0.5180722891566265,0.3132075471698113
front3,16,2,265,136,0.5186904758652601,43,0.5116279069767442,0.16226415094339622
front3,16,3,265,136,0.5351166434620186,6,0.5,0.022641509433962263
front3,16,4,265,136,0.5432725253584452,3,0.3333333333333333,0.011320754716981131
front3,16,5,265,136,0.5027779835498734,19,0.6842105263157895,0.07169811320754717
front3,16,6,265,136,0.5040777527755762,35,0.3142857142857143,0.1320754716981132
front3,16,7,265,136,0.47568303261388356,6,0.8333333333333334,0.022641509433962263
front3,16,8,265,136,0.4035894155852894,2,0.0,0.007547169811320755
front3,16,9,265,136,0.46411956142428706,1,1.0,0.0037735849056603774
front3,16,10,265,136,0.4432555598991647,23,0.43478260869565216,0.08679245283018867
front3,16,11,265,136,0.4458311435297226,10,0.3,0.03773584905660377
front3,16,12,265,136,0.46780907196554344,1,0.0,0.0037735849056603774
front3,16,13,265,136,0.31464772529156154,33,0.36363636363636365,0.12452830188679245
front3,17,1,53,136,0.5450044835260762,19,0.42105263157894735,0.3584905660377358
front3,17,2,53,136,0.5251286811862632,6,0.5,0.11320754716981132
front3,17,3,53,136,0.539558772103327,4,0.0,0.07547169811320754
front3,17,4,53,136,0.5516638117045988,1,1.0,0.018867924528301886
front3,17,5,53,136,0.522097403756852,7,0.7142857142857143,0.1320754716981132
front3,17,6,53,136,0.5222945446631598,3,0.3333333333333333,0.05660377358490566
front3,17,7,53,136,0.492571995209196,1,1.0,0.018867924528301886
front3,17,8,53,136,0.4247870321150224,1,0.0,0.018867924528301886
front3,17,10,53,136,0.4596312167002686,6,0.3333333333333333,0.11320754716981132
front3,17,13,53,136,0.3382806180902837,5,0.4,0.09433962264150944
front3,18,6,11,136,0.5097922614148029,4,0.25,0.36363636363636365
front3,18,10,11,136,0.4782762058107215,2,1.0,0.18181818181818182
front3,18,12,11,136,0.5084281622212551,4,0.0,0.36363636363636365
front3,18,13,11,136,0.39476676303849983,1,1.0,0.09090909090909091
front3,0,1,14,137,0.4107051612282792,5,0.4,0.35714285714285715
front3,0,2,14,137,0.38882972330117954,3,0.6666666666666666,0.21428571428571427
front3,0,4,14,137,0.4140891586282617,3,0.0,0.21428571428571427
front3,0,10,14,137,0.3281804018088353,2,0.0,0.14285714285714285
front3,0,13,14,137,0.2107298570878951,1,0.0,0.07142857142857142
front3,15,1,30,137,0.5034308812647041,7,0.5714285714285714,0.23333333333333334
front3,15,2,30,137,0.47881386830570244,9,0.3333333333333333,0.3
front3,15,4,30,137,0.5045222144483935,1,1.0,0.03333333333333333
front3,15,5,30,137,0.47305527689992033,8,0.125,0.26666666666666666
front3,15,10,30,137,0.41714929780006216,1,0.0,0.03333333333333333
front3,15,11,30,137,0.41768966294064486,3,0.6666666666666666,0.1
front3,15,13,30,137,0.28419549371966063,1,0.0,0.03333333333333333
front3,16,2,3,137,0.15020984318324843,1,0.0,0.3333333333333333
front3,16,4,3,137,0.15956455732421684,1,1.0,0.3333333333333333
front3,16,5,3,137,0.14601567049575812,1,0.0,0.3333333333333333
front3,15,1,76,138,0.5655734141109123,29,0.7241379310344828,0.3815789473684211
front3,15,2,76,138,0.5457503404266406,3,0.0,0.039473684210526314
front3,15,4,76,138,0.5660633232457931,3,0.3333333333333333,0.039473684210526314
front3,15,7,76,138,0.48561687452393276,1,1.0,0.013157894736842105
front3,15,10,76,138,0.45047344696792146,12,0.5833333333333334,0.15789473684210525
front3,15,11,76,138,0.45745071077651245,5,0.4,0.06578947368421052
front3,15,13,76,138,0.33040046860558675,23,0.391304347826087,0.3026315789473684
front3,16,2,5,138,0.5332692956063225,5,0.2,1.0
front3,17,1,2,138,0.5352943732188076,2,0.5,1.0
front3,0,1,21,139,0.6798967965345684,12,0.5,0.5714285714285714
front3,0,3,21,139,0.6766226938117766,4,0.75,0.19047619047619047
front3,0,10,21,139,0.5638163708386129,3,0.6666666666666666,0.14285714285714285
front3,0,11,21,139,0.5660314725259188,2,0.5,0.09523809523809523
front3,15,1,13,139,0.6323021853844407,9,1.0,0.6923076923076923
front3,15,3,13,139,0.6286238728245412,2,0.5,0.15384615384615385
front3,15,5,13,139,0.6031703713031827,1,0.0,0.07692307692307693
front3,15,11,13,139,0.5523156900933354,1,1.0,0.07692307692307693
front3,16,1,11,139,0.6347995024997638,9,0.6666666666666666,0.8181818181818182
front3,16,6,11,139,0.6142669920181718,1,1.0,0.09090909090909091
front3,16,10,11,139,0.5690233642638788,1,1.0,0.09090909090909091
front3,15,1,51,140,0.543807748979677,14,0.5,0.27450980392156865
front3,15,3,51,140,0.5390686485375646,2,0.5,0.0392156862745098
front3,15,5,51,140,0.5003309351642256,4,0.5,0.0784313725490196
front3,15,6,51,140,0.5010623417891772,8,0.375,0.1568627450980392
front3,15,7,51,140,0.4708240382549557,4,0.5,0.0784313725490196
front3,15,8,51,140,0.4027178809890503,4,1.0,0.0784313725490196
front3,15,9,51,140,0.4569909205669465,2,1.0,0.0392156862745098
front3,15,10,51,140,0.4385700760771748,8,0.5,0.1568627450980392
front3,15,11,51,140,0.44288047825862076,2,0.5,0.0392156862745098
front3,15,13,51,140,0.30745228383842815,3,0.6666666666666666,0.058823529411764705
front3,16,1,31,140,0.5458536761237615,4,0.75,0.12903225806451613
front3,16,2,31,140,0.526811027840864,1,0.0,0.03225806451612903
front3,16,3,31,140,0.5435319498855854,4,0.5,0.12903225806451613
front3,16,5,31,140,0.5010380997796535,4,0.75,0.12903225806451613
front3,16,6,31,140,0.5022417830270209,3,0.6666666666666666,0.0967741935483871
front3,16,7,31,140,0.4741876014698032,1,0.0,0.03225806451612903
front3,16,8,31,140,0.4022249104101449,2,0.0,0.06451612903225806
front3,16,10,31,140,0.44139438797752917,6,0.3333333333333333,0.1935483870967742
front3,16,13,31,140,0.3241103898091799,6,0.16666666666666666,0.1935483870967742
front3,18,3,3,140,0.5433817769930531,2,0.5,0.6666666666666666
front3,18,9,3,140,0.49282142545398555,1,1.0,0.3333333333333333
front3,15,1,22,141,0.5103451906955945,1,0.0,0.045454545454545456
front3,15,5,22,141,0.48373583061191444,3,0.6666666666666666,0.13636363636363635
front3,15,9,22,141,0.4519323285042486,2,0.0,0.09090909090909091
front3,15,10,22,141,0.4380082962402667,11,0.5454545454545454,0.5
front3,15,12,22,141,0.4441224334123207,5,0.2,0.22727272727272727
front3,18,10,1,141,0.4586976136612831,1,0.0,1.0
front3,15,1,23,142,0.523372947961751,13,0.38461538461538464,0.5652173913043478
front3,15,3,23,142,0.5285975128903752,1,0.0,0.043478260869565216
front3,15,10,23,142,0.4466579933583012,5,0.8,0.21739130434782608
front3,15,13,23,142,0.29302771135771255,4,0.25,0.17391304347826086
front3,15,1,22,143,0.6383961076362683,8,0.75,0.36363636363636365
front3,15,6,22,143,0.5929707713977456,3,0.6666666666666666,0.13636363636363635
front3,15,9,22,143,0.5525376472842279,1,0.0,0.045454545454545456
front3,15,12,22,143,0.5493050564845642,9,0.3333333333333333,0.4090909090909091
front3,15,13,22,143,0.3897853042623531,1,0.0,0.045454545454545456
front3,16,1,3,143,0.5878384095390496,1,1.0,0.3333333333333333
front3,16,12,3,143,0.523100172346515,2,0.0,0.6666666666666666
front3,15,1,186,144,0.5275067598091442,49,0.30612244897959184,0.26344086021505375
front3,15,2,186,144,0.5069935686207377,3,0.3333333333333333,0.016129032258064516
front3,15,3,186,144,0.5218085012655607,1,0.0,0.005376344086021506
front3,15,4,186,144,0.5287217874198105,2,0.5,0.010752688172043012
front3,15,5,186,144,0.48843911804780615,5,0.6,0.026881720430107527
front3,15,6,186,144,0.4905080692511555,31,0.3548387096774194,0.16666666666666666
front3,15,7,186,144,0.4545672382873026,2,0.0,0.010752688172043012
front3,15,10,186,144,0.4181845186396664,44,0.45454545454545453,0.23655913978494625
front3,15,11,186,144,0.4203397487357123,16,0.625,0.08602150537634409
front3,15,12,186,144,0.4401291464625468,12,0.6666666666666666,0.06451612903225806
front3,15,13,186,144,0.29527358502605205,21,0.19047619047619047,0.11290322580645161
front3,16,1,61,144,0.49903033309860334,26,0.5384615384615384,0.4262295081967213
front3,16,2,61,144,0.4756016141057459,5,0.8,0.08196721311475409
front3,16,5,61,144,0.4686771711740744,13,0.38461538461538464,0.21311475409836064
front3,16,6,61,144,0.4698165393061558,6,0.3333333333333333,0.09836065573770492
front3,16,10,61,144,0.4050022911644763,2,0.5,0.03278688524590164
front3,16,11,61,144,0.41092952719593634,2,0.5,0.03278688524590164
front3,16,13,61,144,0.27012585922207744,7,0.2857142857142857,0.11475409836065574
front3,18,1,5,144,0.4301725678133638,2,0.5,0.4
front3,18,6,5,144,0.3975932121415005,1,0.0,0.2
front3,18,12,5,144,0.38660918888508977,1,1.0,0.2
front3,18,13,5,144,0.27992865031675024,1,1.0,0.2
front3,15,1,18,145,0.45947763080330717,1,0.0,0.05555555555555555
front3,15,3,18,145,0.457358258995534,4,0.5,0.2222222222222222
front3,15,5,18,145,0.4307372364286048,3,0.0,0.16666666666666666
front3,15,6,18,145,0.4310308800606013,2,0.5,0.1111111111111111
front3,15,10,18,145,0.38705806641943874,6,0.16666666666666666,0.3333333333333333
front3,15,12,18,145,0.4024134258822822,1,0.0,0.05555555555555555
front3,15,13,18,145,0.2564371855933392,1,0.0,0.05555555555555555
front3,15,3,24,146,0.593468320945206,5,0.4,0.20833333333333334
front3,15,8,24,146,0.4816092856441834,1,0.0,0.041666666666666664
front3,15,9,24,146,0.5296210621822817,2,0.0,0.08333333333333333
front3,15,10,24,146,0.5124951602706215,10,0.6,0.4166666666666667
front3,15,12,24,146,0.5263284302597429,6,0.5,0.25
front3,18,10,5,146,0.5308050016692403,4,0.75,0.8
front3,18,12,5,146,0.5382256085368179,1,1.0,0.2
front3,15,1,17,147,0.5998204753101788,12,0.5833333333333334,0.7058823529411765
front3,15,2,17,147,0.5741351213725117,2,0.5,0.11764705882352941
front3,15,5,17,147,0.5626593925585506,2,0.0,0.11764705882352941
front3,15,13,17,147,0.3523286919628093,1,1.0,0.058823529411764705
front3,15,1,55,148,0.49697087155480635,27,0.4444444444444444,0.4909090909090909
front3,15,2,55,148,0.4748119903895685,4,0.0,0.07272727272727272
front3,15,4,55,148,0.4997866111735323,3,0.6666666666666666,0.05454545454545454
front3,15,5,55,148,0.4597782287612939,3,0.6666666666666666,0.05454545454545454
front3,15,6,55,148,0.4612327709528042,4,0.25,0.07272727272727272
front3,15,7,55,148,0.43759328171961864,1,1.0,0.01818181818181818
front3,15,10,55,148,0.41130546927167905,8,0.375,0.14545454545454545
front3,15,13,55,148,0.28365078888650086,5,0.6,0.09090909090909091
front3,16,1,23,148,0.4592832702935269,15,0.4,0.6521739130434783
front3,16,6,23,148,0.4257137715610851,2,1.0,0.08695652173913043
front3,16,7,23,148,0.39891578403166333,1,1.0,0.043478260869565216
front3,16,10,23,148,0.3738780710547095,3,0.0,0.13043478260869565
front3,16,13,23,148,0.2499137896847543,2,0.0,0.08695652173913043
front3,18,2,1,148,0.4262115327459397,1,0.0,1.0
front3,15,1,35,149,0.42125842937209446,12,0.75,0.34285714285714286
front3,15,2,35,149,0.39969124006262857,5,0.2,0.14285714285714285
front3,15,3,35,149,0.41788283227962647,1,0.0,0.02857142857142857
front3,15,5,35,149,0.3856527115512865,6,0.16666666666666666,0.17142857142857143
front3,15,10,35,149,0.3367045934134805,3,0.0,0.08571428571428572
front3,15,11,35,149,0.33375382353775784,2,0.0,0.05714285714285714
front3,15,13,35,149,0.20397333134449316,6,0.0,0.17142857142857143
front3,15,1,58,150,0.5619384182438959,23,0.5652173913043478,0.39655172413793105
front3,15,2,58,150,0.5393167800870935,4,0.75,0.06896551724137931
front3,15,3,58,150,0.5533769206634185,1,1.0,0.017241379310344827
front3,15,4,58,150,0.5612704588212526,1,1.0,0.017241379310344827
front3,15,5,58,150,0.5206637872205538,2,0.5,0.034482758620689655
front3,15,6,58,150,0.5215797062434013,12,0.5,0.20689655172413793
front3,15,7,58,150,0.4834132533105246,1,1.0,0.017241379310344827
front3,15,10,58,150,0.444846562647277,5,0.2,0.08620689655172414
front3,15,11,58,150,0.450918584046077,4,0.75,0.06896551724137931
front3,15,13,58,150,0.3164494813301129,5,0.6,0.08620689655172414
front3,16,1,28,150,0.5650624798978345,9,0.4444444444444444,0.32142857142857145
front3,16,2,28,150,0.5456881874010999,1,0.0,0.03571428571428571
front3,16,3,28,150,0.5634781545551856,4,0.75,0.14285714285714285
front3,16,6,28,150,0.521491170357188,9,0.5555555555555556,0.32142857142857145
front3,16,13,28,150,0.33629702410298135,5,0.6,0.17857142857142858
front3,17,1,33,150,0.5735289129512459,13,0.5384615384615384,0.3939393939393939
front3,17,2,33,150,0.5521834093696179,1,1.0,0.030303030303030304
front3,17,4,33,150,0.5742002532608412,1,0.0,0.030303030303030304
front3,17,6,33,150,0.5388098858716346,10,0.3,0.30303030303030304
front3,17,7,33,150,0.5026506530250175,1,1.0,0.030303030303030304
front3,17,10,33,150,0.4561186531280808,3,0.6666666666666666,0.09090909090909091
front3,17,11,33,150,0.4627680973457612,1,1.0,0.030303030303030304
front3,17,13,33,150,0.34333878339279755,3,0.3333333333333333,0.09090909090909091
front3,18,1,7,150,0.5520169288680983,4,0.5,0.5714285714285714
front3,18,6,7,150,0.52488889067232,2,0.5,0.2857142857142857
front3,18,10,7,150,0.47328273189654435,1,0.0,0.14285714285714285
front3,15,1,26,151,0.5809554650922185,11,0.6363636363636364,0.4230769230769231
front3,15,6,26,151,0.5435065974734848,1,0.0,0.038461538461538464
front3,15,10,26,151,0.46117623326809853,8,0.5,0.3076923076923077
front3,15,11,26,151,0.47072164182564374,5,0.2,0.19230769230769232
front3,15,13,26,151,0.30539588008882157,1,0.0,0.038461538461538464
front3,16,10,1,151,0.4338244961623529,1,0.0,1.0
front3,15,1,42,152,0.5361453233627945,13,0.3076923076923077,0.30952380952380953
front3,15,3,42,152,0.5351377595474792,7,0.5714285714285714,0.16666666666666666
front3,15,5,42,152,0.4947415783773791,3,0.3333333333333333,0.07142857142857142
front3,15,6,42,152,0.495884387771246,5,1.0,0.11904761904761904
front3,15,8,42,152,0.40031256720435643,1,0.0,0.023809523809523808
front3,15,10,42,152,0.4372094177743013,11,0.5454545454545454,0.2619047619047619
front3,15,12,42,152,0.4604357227408472,1,1.0,0.023809523809523808
front3,15,13,42,152,0.3095453037955755,1,1.0,0.023809523809523808
front3,16,1,11,152,0.5199178191836332,7,0.5714285714285714,0.6363636363636364
front3,16,3,11,152,0.5189845800227192,1,1.0,0.09090909090909091
front3,16,10,11,152,0.42928274399275923,3,0.0,0.2727272727272727
front3,18,3,3,152,0.5445809811121273,2,0.5,0.6666666666666666
front3,18,10,3,152,0.4845380384036703,1,1.0,0.3333333333333333
front3,15,1,185,153,0.5091607970231935,77,0.4805194805194805,0.41621621621621624
front3,15,2,185,153,0.48515569948012854,19,0.5263157894736842,0.10270270270270271
front3,15,4,185,153,0.5055845727970769,1,0.0,0.005405405405405406
front3,15,6,185,153,0.46886560477908795,38,0.39473684210526316,0.20540540540540542
front3,15,7,185,153,0.4315784204948751,4,0.5,0.021621621621621623
front3,15,9,185,153,0.4129104749758488,6,0.3333333333333333,0.032432432432432434
front3,15,10,185,153,0.3911979957103136,15,0.6,0.08108108108108109
front3,15,11,185,153,0.3967317886948017,6,0.3333333333333333,0.032432432432432434
front3,15,12,185,153,0.4213205681604921,4,0.0,0.021621621621621623
front3,15,13,185,153,0.27523777604826266,15,0.26666666666666666,0.08108108108108109
front3,16,1,11,153,0.5198862340454208,6,0.3333333333333333,0.5454545454545454
front3,16,6,11,153,0.4794439072772892,3,0.6666666666666666,0.2727272727272727
front3,16,12,11,153,0.4311150443333617,1,0.0,0.09090909090909091
front3,16,13,11,153,0.2794786729454413,1,0.0,0.09090909090909091
front3,17,1,5,153,0.4969507521612567,2,0.5,0.4
front3,17,6,5,153,0.49529542026469964,2,0.5,0.4
front3,17,12,5,153,0.4307271734428941,1,0.0,0.2
front3,15,1,17,154,0.6124095965379038,10,0.5,0.5882352941176471
front3,15,10,17,154,0.49216920838735817,2,0.5,0.11764705882352941
front3,15,11,17,154,0.5014802415029429,4,0.75,0.23529411764705882
front3,15,13,17,154,0.33057876500257866,1,0.0,0.058823529411764705
front3,0,1,29,155,0.520547309516074,7,0.42857142857142855,0.2413793103448276
front3,0,3,29,155,0.5242663614298391,1,0.0,0.034482758620689655
front3,0,10,29,155,0.40399303434935296,20,0.35,0.6896551724137931
front3,0,11,29,155,0.4038933891634021,1,0.0,0.034482758620689655
front3,15,1,110,155,0.48719873491875804,30,0.5666666666666667,0.2727272727272727
front3,15,3,110,155,0.4857346304856354,17,0.7058823529411765,0.15454545454545454
front3,15,6,110,155,0.44892472383858306,1,0.0,0.00909090909090909
front3,15,7,110,155,0.4173236312226877,2,0.0,0.01818181818181818
front3,15,10,110,155,0.3851628159701282,50,0.46,0.45454545454545453
front3,15,11,110,155,0.38391538115147805,9,0.2222222222222222,0.08181818181818182
front3,15,13,110,155,0.25086997117937104,1,0.0,0.00909090909090909
front3,16,1,29,155,0.47846950275917405,9,0.6666666666666666,0.3103448275862069
front3,16,3,29,155,0.4797880239868841,4,0.25,0.13793103448275862
front3,16,5,29,155,0.4371585181795641,2,0.5,0.06896551724137931
front3,16,6,29,155,0.4373408890927824,1,1.0,0.034482758620689655
front3,16,7,29,155,0.4137082688564704,2,0.5,0.06896551724137931
front3,16,10,29,155,0.3857743174944927,9,0.5555555555555556,0.3103448275862069
front3,16,11,29,155,0.38279868728600236,2,0.5,0.06896551724137931
front3,17,1,23,155,0.4729241712976286,12,0.4166666666666667,0.5217391304347826
front3,17,3,23,155,0.4684335900692041,3,1.0,0.13043478260869565
front3,17,10,23,155,0.3870331369741839,6,0.16666666666666666,0.2608695652173913
front3,17,11,23,155,0.39099263109463,2,0.5,0.08695652173913043
front3,15,1,23,156,0.5261467104111255,22,0.5,0.9565217391304348
front3,15,5,23,156,0.5005925517368572,1,1.0,0.043478260869565216
front3,16,1,5,156,0.562781845256203,3,0.6666666666666666,0.6
front3,16,11,5,156,0.48734868855178226,2,0.0,0.4
front3,17,1,36,156,0.5324139273227244,22,0.45454545454545453,0.6111111111111112
front3,17,3,36,156,0.5286236274572005,5,0.6,0.1388888888888889
front3,17,6,36,156,0.5129206786447298,2,1.0,0.05555555555555555
front3,17,10,36,156,0.4486095662087378,3,0.3333333333333333,0.08333333333333333
front3,17,11,36,156,0.45188532791365976,4,0.25,0.1111111111111111
front3,0,1,69,157,0.5269892639656987,33,0.5151515151515151,0.4782608695652174
front3,0,2,69,157,0.4995471737963232,4,0.75,0.057971014492753624
front3,0,4,69,157,0.5251210034735456,3,0.0,0.043478260869565216
front3,0,5,69,157,0.475339259389433,2,1.0,0.028985507246376812
front3,0,6,69,157,0.4779811842651906,3,0.3333333333333333,0.043478260869565216
front3,0,7,69,157,0.4460835323792069,4,0.25,0.057971014492753624
front3,0,10,69,157,0.4049598592603178,5,0.0,0.07246376811594203
front3,0,11,69,157,0.4089632821570372,8,0.125,0.11594202898550725
front3,0,13,69,157,0.25213194215880735,7,0.8571428571428571,0.10144927536231885
front3,15,1,105,157,0.5065626584449646,48,0.5625,0.45714285714285713
front3,15,2,105,157,0.4841794667538093,5,0.4,0.047619047619047616
front3,15,4,105,157,0.5062500583593449,8,0.25,0.0761904761904762
front3,15,5,105,157,0.4681608277067849,4,0.5,0.0380952380952381
front3,15,6,105,157,0.4689251362863886,4,0.75,0.0380952380952381
front3,15,7,105,157,0.4367520244536635,3,0.3333333333333333,0.02857142857142857
front3,15,10,105,157,0.4075385568645163,11,0.6363636363636364,0.10476190476190476
front3,15,11,105,157,0.4096106235170455,13,0.6923076923076923,0.12380952380952381
front3,15,13,105,157,0.26500766717126395,9,0.1111111111111111,0.08571428571428572
front3,17,1,19,157,0.4766829274793301,7,0.2857142857142857,0.3684210526315789
front3,17,4,19,157,0.4920775370612301,1,0.0,0.05263157894736842
front3,17,10,19,157,0.4210858629180332,4,0.25,0.21052631578947367
front3,17,11,19,157,0.42588304217794165,4,0.5,0.21052631578947367
front3,17,13,19,157,0.2939986733611137,3,0.3333333333333333,0.15789473684210525
front3,0,1,33,158,0.6114803140153129,12,0.3333333333333333,0.36363636363636365
front3,0,2,33,158,0.5856700600699581,1,0.0,0.030303030303030304
front3,0,3,33,158,0.6059380402860794,1,1.0,0.030303030303030304
front3,0,5,33,158,0.5623430318991292,1,1.0,0.030303030303030304
front3,0,6,33,158,0.5592713754486343,7,0.7142857142857143,0.21212121212121213
front3,0,7,33,158,0.5167803016242402,1,0.0,0.030303030303030304
front3,0,10,33,158,0.47188830127129355,7,0.8571428571428571,0.21212121212121213
front3,0,11,33,158,0.47845951861378766,2,0.5,0.06060606060606061
front3,0,13,33,158,0.3389850822973849,1,0.0,0.030303030303030304
front3,15,1,25,158,0.5661173266977717,5,0.4,0.2
front3,15,2,25,158,0.5434351246040443,2,1.0,0.08
front3,15,5,25,158,0.5211185043101381,1,1.0,0.04
front3,15,6,25,158,0.5219641154872786,12,0.3333333333333333,0.48
front3,15,7,25,158,0.4820124931336015,3,0.0,0.12
front3,15,11,25,158,0.4427054148779881,1,0.0,0.04
front3,15,13,25,158,0.3302766427994326,1,0.0,0.04
front3,15,1,40,159,0.45843612824207514,28,0.25,0.7
front3,15,2,40,159,0.43789620514118593,4,0.5,0.1
front3,15,5,40,159,0.4256455457154841,1,0.0,0.025
front3,15,6,40,159,0.42577728347420507,3,0.6666666666666666,0.075
front3,15,8,40,159,0.3371017786560366,1,0.0,0.025
front3,15,10,40,159,0.380048973462453,1,0.0,0.025
front3,15,11,40,159,0.3812876730480859,2,0.0,0.05
front3,15,2,29,160,0.5647031226980987,1,0.0,0.034482758620689655
front3,15,3,29,160,0.577951129179647,4,0.25,0.13793103448275862
front3,15,5,29,160,0.5430095557009744,4,0.25,0.13793103448275862
front3,15,6,29,160,0.5442704043021072,6,0.5,0.20689655172413793
front3,15,9,29,160,0.503703608744716,2,0.5,0.06896551724137931
front3,15,10,29,160,0.48702688842338504,8,0.75,0.27586206896551724
front3,15,12,29,160,0.5062043415605999,4,0.75,0.13793103448275862
front3,16,1,8,160,0.6009762998046544,2,0.0,0.25
front3,16,3,8,160,0.5975220987179688,1,0.0,0.125
front3,16,5,8,160,0.5605668419574958,1,0.0,0.125
front3,16,6,8,160,0.561876742732036,3,0.6666666666666666,0.375
front3,16,10,8,160,0.49008968569097455,1,1.0,0.125
front3,18,10,4,160,0.5254386661601578,2,0.5,0.5
front3,18,12,4,160,0.5439789268991837,2,0.0,0.5
front3,15,1,20,161,0.6217782742186515,3,1.0,0.15
front3,15,2,20,161,0.6070016769501934,2,0.0,0.1
front3,15,6,20,161,0.5762934715133481,7,0.7142857142857143,0.35
front3,15,10,20,161,0.5060420483763665,1,0.0,0.05
front3,15,11,20,161,0.5107462465018752,4,1.0,0.2
front3,15,13,20,161,0.39748622317980065,3,0.3333333333333333,0.15
front3,16,11,1,161,0.5048757911445019,1,0.0,1.0
front3,17,1,7,161,0.6076690388953451,2,1.0,0.2857142857142857
front3,17,4,7,161,0.6295981534649925,1,1.0,0.14285714285714285
front3,17,6,7,161,0.5964674994851263,2,1.0,0.2857142857142857
front3,17,10,7,161,0.5121512784150775,1,0.0,0.14285714285714285
front3,17,13,7,161,0.42652454946420343,1,1.0,0.14285714285714285
front3,15,1,27,162,0.4854349182647423,5,0.4,0.18518518518518517
front3,15,2,27,162,0.4706744145356609,4,0.0,0.14814814814814814
front3,15,4,27,162,0.4885373588775217,2,0.5,0.07407407407407407
front3,15,6,27,162,0.4448481714912414,8,0.5,0.2962962962962963
front3,15,10,27,162,0.3920523368303816,3,0.6666666666666666,0.1111111111111111
front3,15,13,27,162,0.28450747182345343,5,0.2,0.18518518518518517
front3,15,1,30,163,0.5244857273093758,14,0.5714285714285714,0.4666666666666667
front3,15,2,30,163,0.4985703496658944,2,0.5,0.06666666666666667
front3,15,6,30,163,0.48830084427363596,1,0.0,0.03333333333333333
front3,15,10,30,163,0.4131385277492148,8,0.25,0.26666666666666666
front3,15,11,30,163,0.42078803846737933,3,0.3333333333333333,0.1
front3,15,13,30,163,0.27420168719128385,2,0.0,0.06666666666666667
front3,15,3,13,164,0.6465182407286364,1,1.0,0.07692307692307693
front3,15,5,13,164,0.6174163169976935,1,0.0,0.07692307692307693
front3,15,9,13,164,0.5743637847386905,1,1.0,0.07692307692307693
front3,15,10,13,164,0.5578669941076236,1,1.0,0.07692307692307693
front3,15,12,13,164,0.5671038089921274,9,0.6666666666666666,0.6923076923076923
front3,18,10,4,164,0.6170311212771332,1,1.0,0.25
front3,18,12,4,164,0.6236646117285571,3,0.6666666666666666,0.75
front3,15,9,2,165,0.5001798046727037,2,0.5,1.0
