phase,A1_actionId,C_actionId,n_context,B1_playerId,A1_spinId,C_spinId,EV,count,train_winrate,usage_rate
receive,1,6,1,0,1,3,0.5020157814107514,1,0.0,1.0
receive,4,1,8,0,4,1,0.5760751295388191,1,1.0,0.125
receive,4,2,8,0,4,1,0.5112673293051928,1,1.0,0.125
receive,4,5,8,0,4,1,0.4964615802622766,2,0.0,0.25
receive,4,6,8,0,4,3,0.5196104975640476,1,0.0,0.125
receive,4,13,8,0,4,3,0.3200833241312805,3,0.0,0.375
receive,7,5,1,0,1,1,0.4876814796818668,1,0.0,1.0
receive,10,2,2,0,2,1,0.4865507454003791,2,0.5,1.0
receive,11,1,7,0,2,1,0.5120249838763463,4,0.75,0.5714285714285714
receive,11,7,7,0,2,1,0.41505331456715405,2,0.0,0.2857142857142857
receive,11,13,7,0,2,3,0.2952132461815218,1,0.0,0.14285714285714285
receive,11,1,2,0,3,1,0.5494661931453135,1,1.0,0.5
receive,11,13,2,0,3,3,0.2516816295517481,1,0.0,0.5
receive,1,2,4,1,1,1,0.5116605118155553,2,0.5,0.5
receive,1,3,4,1,1,2,0.5665036171135135,1,1.0,0.25
receive,1,13,4,1,1,3,0.3769561671786243,1,0.0,0.25
receive,4,2,1,1,1,1,0.5077436786483088,1,1.0,1.0
receive,10,1,13,1,2,1,0.5880885692950694,5,0.4,0.38461538461538464
receive,10,2,13,1,2,1,0.5266546687058316,3,0.6666666666666666,0.23076923076923078
receive,10,10,13,1,2,2,0.48582417322559446,2,0.5,0.15384615384615385
receive,10,13,13,1,2,3,0.42787728364159544,3,1.0,0.23076923076923078
receive,6,10,1,2,2,2,0.4372440385535888,1,0.0,1.0
receive,6,3,4,2,3,3,0.5576745814535875,1,1.0,0.25
receive,6,10,4,2,3,2,0.4393554103523346,1,1.0,0.25
receive,6,13,4,2,3,3,0.2906082606884051,2,1.0,0.5
receive,7,10,1,2,3,2,0.45910195426236877,1,1.0,1.0
receive,10,3,18,2,2,3,0.5652614812520336,3,0.6666666666666666,0.16666666666666666
receive,10,5,18,2,2,1,0.4826248068481667,1,1.0,0.05555555555555555
receive,10,6,18,2,2,3,0.4966937447966821,1,1.0,0.05555555555555555
receive,10,10,18,2,2,2,0.45450375217428096,12,0.4166666666666667,0.6666666666666666
receive,10,13,18,2,2,0,0.016182634549626405,1,0.0,0.05555555555555555
receive,1,1,12,3,1,1,0.585469909183088,1,0.0,0.08333333333333333
receive,1,2,12,3,1,1,0.5275898933994975,1,1.0,0.08333333333333333
receive,1,3,12,3,1,2,0.5960111311239681,1,1.0,0.08333333333333333
receive,1,5,12,3,1,1,0.5229845347109896,1,0.0,0.08333333333333333
receive,1,6,12,3,1,3,0.540922141827017,5,0.4,0.4166666666666667
receive,1,13,12,3,1,3,0.38833610300666704,3,0.3333333333333333,0.25
receive,4,2,1,3,1,1,0.49113076659087085,1,0.0,1.0
receive,6,6,2,3,2,2,0.5481812215601273,1,0.0,0.5
receive,6,9,2,3,2,2,0.5157780106378188,1,0.0,0.5
receive,6,1,15,3,3,1,0.6103994659959364,2,0.5,0.13333333333333333
receive,6,2,15,3,3,1,0.5502484251581637,4,0.5,0.26666666666666666
receive,6,5,15,3,3,1,0.5279843381771288,1,1.0,0.06666666666666667
receive,6,6,15,3,3,3,0.5505310571594336,3,0.6666666666666666,0.2
receive,6,9,15,3,3,3,0.5077823490242481,1,1.0,0.06666666666666667
receive,6,13,15,3,3,3,0.3683128661519867,4,0.0,0.26666666666666666
receive,7,1,9,3,1,1,0.6135830246320556,1,1.0,0.1111111111111111
receive,7,2,9,3,1,1,0.5471014703266225,1,1.0,0.1111111111111111
receive,7,3,9,3,1,2,0.5601035430671311,1,0.0,0.1111111111111111
receive,7,6,9,3,1,2,0.5513008033464867,1,1.0,0.1111111111111111
receive,7,6,9,3,1,3,0.5519883986070272,2,0.5,0.2222222222222222
receive,7,9,9,3,1,2,0.5165522164530549,1,0.0,0.1111111111111111
receive,7,13,9,3,1,3,0.43210257733004614,2,1.0,0.2222222222222222
receive,7,2,9,3,3,1,0.5472470982592139,2,0.5,0.2222222222222222
receive,7,6,9,3,3,2,0.5481171455184081,3,0.3333333333333333,0.3333333333333333
receive,7,6,9,3,3,3,0.5488055685588547,3,0.0,0.3333333333333333
receive,7,13,9,3,3,3,0.39656127588938905,1,0.0,0.1111111111111111
receive,9,1,10,3,2,1,0.6138391860705673,1,1.0,0.1
receive,9,5,10,3,2,1,0.53347061138614,1,1.0,0.1
receive,9,7,10,3,2,1,0.49198255515518163,1,1.0,0.1
receive,9,7,10,3,2,3,0.49065984296882015,1,1.0,0.1
receive,9,10,10,3,2,3,0.4886853473575041,1,1.0,0.1
receive,9,13,10,3,2,3,0.45441594266859564,5,0.0,0.5
receive,9,13,1,3,3,3,0.41046031110655934,1,1.0,1.0
receive,10,1,25,3,2,1,0.6032521977001678,1,0.0,0.04
receive,10,2,25,3,2,1,0.5420730309879218,2,0.5,0.08
receive,10,3,25,3,2,2,0.6029715193979375,1,0.0,0.04
receive,10,5,25,3,2,1,0.5301093272641624,1,1.0,0.04
receive,10,6,25,3,2,2,0.5429804677589416,1,0.0,0.04
receive,10,6,25,3,2,3,0.5436033210344615,4,0.75,0.16
receive,10,7,25,3,2,1,0.489984630259958,1,0.0,0.04
receive,10,7,25,3,2,3,0.48032423967662097,1,0.0,0.04
receive,10,10,25,3,2,2,0.5005282914199336,1,0.0,0.04
receive,10,13,25,3,2,3,0.4456014916283902,12,0.5833333333333334,0.48
receive,10,1,5,3,3,1,0.5988261094815895,1,1.0,0.2
receive,10,6,5,3,3,3,0.5364263437144746,2,0.0,0.4
receive,10,13,5,3,3,3,0.40114989096031,2,0.0,0.4
receive,11,2,2,3,2,1,0.5575112103220166,1,1.0,0.5
receive,11,10,2,3,2,2,0.5089856001563784,1,1.0,0.5
receive,11,1,3,3,3,1,0.6063574703334554,1,1.0,0.3333333333333333
receive,11,2,3,3,3,1,0.5498829849301594,1,0.0,0.3333333333333333
receive,11,6,3,3,3,3,0.5539676602775622,1,1.0,0.3333333333333333
receive,8,1,3,4,3,1,0.6542015416088135,2,0.5,0.6666666666666666
receive,8,12,3,4,3,2,0.5516764950713843,1,1.0,0.3333333333333333
receive,10,1,1,4,2,1,0.6694826753467339,1,0.0,1.0
receive,12,1,9,4,2,1,0.6050015814711563,1,1.0,0.1111111111111111
receive,12,2,9,4,2,1,0.5530675469540107,1,1.0,0.1111111111111111
receive,12,12,9,4,2,2,0.5233188174476923,5,0.4,0.5555555555555556
receive,12,13,9,4,2,3,0.4206083448403621,2,0.5,0.2222222222222222
receive,12,1,4,4,3,1,0.6008366538707612,2,0.5,0.5
receive,12,12,4,4,3,2,0.5215515477719768,1,1.0,0.25
receive,12,13,4,4,3,3,0.36017926482725265,1,1.0,0.25
receive,1,1,2,5,1,1,0.5973110239055988,1,0.0,0.5
receive,1,10,2,5,1,2,0.5019416296666195,1,1.0,0.5
receive,4,1,1,5,1,1,0.5982525107405865,1,1.0,1.0
receive,6,1,2,5,3,1,0.6097029679448023,2,1.0,1.0
receive,10,1,11,5,2,1,0.6158958687367331,2,1.0,0.18181818181818182
receive,10,3,11,5,2,3,0.6304311779523071,1,0.0,0.09090909090909091
receive,10,5,11,5,2,1,0.5456278472674648,3,0.6666666666666666,0.2727272727272727
receive,10,6,11,5,2,3,0.5588532792070526,2,0.5,0.18181818181818182
receive,10,13,11,5,2,3,0.45915620049027345,3,0.0,0.2727272727272727
receive,1,6,1,6,1,3,0.5207576277434005,1,0.0,1.0
receive,6,13,1,6,2,3,0.3386152049266919,1,0.0,1.0
receive,6,13,1,6,3,0,0.018291296277445565,1,0.0,1.0
receive,7,13,2,6,3,0,0.0192456552407739,1,0.0,0.5
receive,7,13,2,6,3,3,0.3426844051960838,1,1.0,0.5
receive,10,12,7,6,2,2,0.47740722004172875,1,0.0,0.14285714285714285
receive,10,13,7,6,2,0,0.019107611699610994,1,0.0,0.14285714285714285
receive,10,13,7,6,2,3,0.38345377325787117,5,0.2,0.7142857142857143
receive,10,6,2,6,5,3,0.49754865321719066,1,1.0,0.5
receive,10,13,2,6,5,3,0.37770538735488407,1,0.0,0.5
receive,11,13,2,6,2,3,0.30395783664218595,2,0.0,1.0
receive,1,13,1,7,1,3,0.43479897841050186,1,1.0,1.0
receive,4,2,4,7,1,1,0.5360403249569693,3,0.6666666666666666,0.75
receive,4,14,4,7,1,1,0.2856152605647184,1,0.0,0.25
receive,10,1,10,7,2,1,0.6254877505790772,3,0.3333333333333333,0.3
receive,10,2,10,7,2,1,0.5621272184843538,3,0.6666666666666666,0.3
receive,10,11,10,7,2,2,0.5219674642430295,1,0.0,0.1
receive,10,13,10,7,2,0,0.02300607672455706,2,0.0,0.2
receive,10,13,10,7,2,3,0.453671576132581,1,1.0,0.1
receive,11,1,1,7,2,1,0.6005182499317451,1,1.0,1.0
receive,1,1,19,8,1,1,0.5698519456716606,5,0.6,0.2631578947368421
receive,1,2,19,8,1,1,0.5086577842309465,1,1.0,0.05263157894736842
receive,1,5,19,8,1,1,0.5031397512654753,7,0.5714285714285714,0.3684210526315789
receive,1,6,19,8,1,3,0.5229907888556821,4,0.0,0.21052631578947367
receive,1,13,19,8,1,3,0.3755190558715478,2,0.5,0.10526315789473684
receive,4,1,7,8,1,1,0.571822364853146,2,0.5,0.2857142857142857
receive,4,5,7,8,1,1,0.4862195595656412,3,0.6666666666666666,0.42857142857142855
receive,4,6,7,8,1,3,0.5061885133676737,1,0.0,0.14285714285714285
receive,4,13,7,8,1,3,0.3534022170037367,1,0.0,0.14285714285714285
receive,6,13,1,8,3,3,0.34569557761306685,1,0.0,1.0
receive,10,1,11,8,2,1,0.5875932299458536,2,0.5,0.18181818181818182
receive,10,2,11,8,2,1,0.5238033960576987,2,0.0,0.18181818181818182
receive,10,5,11,8,2,1,0.5105464866266085,2,1.0,0.18181818181818182
receive,10,6,11,8,2,3,0.524067124167801,1,1.0,0.09090909090909091
receive,10,13,11,8,2,3,0.4142417179234314,4,0.5,0.36363636363636365
receive,10,13,1,8,3,3,0.2914174829082339,1,1.0,1.0
receive,10,2,1,8,5,1,0.4839930054729333,1,0.0,1.0
receive,11,1,13,8,2,1,0.5569779431661483,6,0.3333333333333333,0.46153846153846156
receive,11,2,13,8,2,1,0.49852443268722585,2,0.5,0.15384615384615385
receive,11,5,13,8,2,1,0.49330285480275354,1,1.0,0.07692307692307693
receive,11,10,13,8,2,2,0.45722997098723234,4,0.75,0.3076923076923077
receive,1,3,1,9,4,3,0.5819010097889628,1,0.0,1.0
receive,1,2,1,10,1,1,0.48998212352070103,1,0.0,1.0
receive,4,1,3,10,4,1,0.6027960685268844,1,1.0,0.3333333333333333
receive,4,13,3,10,4,3,0.34718383772554057,2,0.0,0.6666666666666666
receive,7,1,10,10,1,1,0.5848077256390518,3,0.6666666666666666,0.3
receive,7,13,10,10,1,3,0.39716473285453274,7,0.5714285714285714,0.7
receive,10,1,2,10,2,1,0.5587368139903475,1,1.0,0.5
receive,10,13,2,10,2,3,0.3808061256284836,1,0.0,0.5
receive,10,1,5,10,3,1,0.5679131165495631,2,1.0,0.4
receive,10,13,5,10,3,0,0.019089756074295278,1,0.0,0.2
receive,10,13,5,10,3,3,0.29556898530779335,2,1.0,0.4
receive,11,1,4,10,2,1,0.5392870833501702,2,0.5,0.5
receive,11,7,4,10,2,1,0.4402442592830348,1,0.0,0.25
receive,11,13,4,10,2,3,0.31713323951169614,1,0.0,0.25
receive,11,1,2,10,3,1,0.5960789747491813,1,0.0,0.5
receive,11,13,2,10,3,3,0.28883583399374335,1,0.0,0.5
receive,1,1,20,11,1,1,0.49748668549456543,9,0.2222222222222222,0.45
receive,1,2,20,11,1,1,0.4425991910978178,1,0.0,0.05
receive,1,3,20,11,1,3,0.5236468710871055,1,1.0,0.05
receive,1,6,20,11,1,3,0.44557215418383167,1,1.0,0.05
receive,1,11,20,11,1,2,0.389358844234375,2,0.0,0.1
receive,1,13,20,11,1,3,0.2909992583751309,6,0.3333333333333333,0.3
receive,4,1,12,11,1,1,0.4976236403369399,5,0.4,0.4166666666666667
receive,4,3,12,11,1,3,0.4605646574633404,1,0.0,0.08333333333333333
receive,4,11,12,11,1,3,0.35766300979524907,2,0.5,0.16666666666666666
receive,4,13,12,11,1,3,0.2703396299839357,3,0.3333333333333333,0.25
receive,4,14,12,11,1,1,0.19016143779549233,1,0.0,0.08333333333333333
receive,6,13,1,11,3,0,0.010737477589513243,1,0.0,1.0
receive,7,13,1,11,3,3,0.23522678775432143,1,1.0,1.0
receive,10,1,55,11,2,0,0.011603970184554691,1,0.0,0.01818181818181818
receive,10,1,55,11,2,1,0.503597161907381,32,0.53125,0.5818181818181818
receive,10,2,55,11,2,1,0.44218357736109787,1,0.0,0.01818181818181818
receive,10,5,55,11,2,1,0.4294217987788815,1,1.0,0.01818181818181818
receive,10,7,55,11,2,1,0.39195421152918236,1,0.0,0.01818181818181818
receive,10,10,55,11,2,2,0.4010746875547736,5,0.2,0.09090909090909091
receive,10,10,55,11,2,3,0.37869324793884646,2,0.5,0.03636363636363636
receive,10,11,55,11,2,3,0.3782067894528877,1,1.0,0.01818181818181818
receive,10,13,55,11,2,3,0.31462520961106977,11,0.09090909090909091,0.2
receive,10,2,3,11,3,1,0.44524658243521326,1,1.0,0.3333333333333333
receive,10,13,3,11,3,3,0.24256414479391197,1,0.0,0.3333333333333333
receive,10,14,3,11,3,3,0.17853136866238087,1,0.0,0.3333333333333333
receive,11,1,9,11,2,1,0.4673850950061546,5,0.6,0.5555555555555556
receive,11,6,9,11,2,3,0.42351453978644105,1,0.0,0.1111111111111111
receive,11,7,9,11,2,1,0.3800490101200039,1,1.0,0.1111111111111111
receive,11,13,9,11,2,0,0.010347016275489044,1,0.0,0.1111111111111111
receive,11,13,9,11,2,3,0.2719049673584844,1,1.0,0.1111111111111111
receive,11,1,5,11,3,1,0.4629119841609316,1,1.0,0.2
receive,11,13,5,11,3,0,0.01053165718405793,1,0.0,0.2
receive,11,13,5,11,3,3,0.20809486129303972,2,0.0,0.4
receive,11,14,5,11,3,3,0.16441375376656592,1,1.0,0.2
receive,1,2,2,12,1,1,0.3759394295469569,1,0.0,0.5
receive,1,6,2,12,1,3,0.3865851468570599,1,1.0,0.5
receive,4,5,3,12,1,1,0.33343337951622826,1,0.0,0.3333333333333333
receive,4,6,3,12,1,3,0.362887819687088,1,0.0,0.3333333333333333
receive,4,13,3,12,1,0,0.007833517340329227,1,0.0,0.3333333333333333
receive,4,6,1,12,4,3,0.40299272544405446,1,0.0,1.0
receive,6,13,1,12,2,3,0.22931527082887435,1,0.0,1.0
receive,6,6,1,12,3,3,0.39854305380910515,1,0.0,1.0
receive,7,5,1,12,3,0,0.007835465950966743,1,0.0,1.0
receive,10,1,19,12,2,0,0.007931739066221783,1,0.0,0.05263157894736842
receive,10,1,19,12,2,1,0.44996634414393344,4,0.25,0.21052631578947367
receive,10,1,19,12,2,4,0.5011940819071314,1,1.0,0.05263157894736842
receive,10,2,19,12,2,1,0.38517066984353315,3,0.0,0.15789473684210525
receive,10,3,19,12,2,3,0.42211330401450087,1,1.0,0.05263157894736842
receive,10,5,19,12,2,1,0.37293563951008896,1,1.0,0.05263157894736842
receive,10,6,19,12,2,3,0.3849075177458316,4,0.5,0.21052631578947367
receive,10,13,19,12,2,3,0.27130818417537556,4,0.25,0.21052631578947367
receive,10,13,1,12,5,3,0.33626296410068335,1,0.0,1.0
receive,11,1,3,12,2,1,0.43325012494156806,2,0.5,0.6666666666666666
receive,11,6,3,12,2,3,0.38300423074900464,1,0.0,0.3333333333333333
receive,1,2,4,13,1,1,0.48103461066913766,1,0.0,0.25
receive,1,5,4,13,1,1,0.4625958883083606,2,0.5,0.5
receive,1,6,4,13,1,3,0.48727478189381535,1,0.0,0.25
receive,4,1,13,13,1,1,0.5410877576168507,1,1.0,0.07692307692307693
receive,4,2,13,13,1,1,0.47328848135760804,1,0.0,0.07692307692307693
receive,4,5,13,13,1,1,0.453562614196139,1,0.0,0.07692307692307693
receive,4,6,13,13,1,3,0.472940732529116,7,0.2857142857142857,0.5384615384615384
receive,4,13,13,13,1,3,0.3180647267783599,3,0.3333333333333333,0.23076923076923078
receive,7,1,1,13,1,1,0.5389881089289051,1,0.0,1.0
receive,10,2,6,13,2,1,0.48068050748320706,2,1.0,0.3333333333333333
receive,10,13,6,13,2,3,0.3415297162751078,4,0.25,0.6666666666666666
receive,11,1,14,13,2,1,0.5252571770075869,4,1.0,0.2857142857142857
receive,11,6,14,13,2,3,0.47422220362179796,2,0.0,0.14285714285714285
receive,11,10,14,13,2,2,0.42322577853500437,3,0.3333333333333333,0.21428571428571427
receive,11,10,14,13,2,3,0.39452214555716136,1,0.0,0.07142857142857142
receive,11,11,14,13,2,2,0.42901671333679253,2,0.0,0.14285714285714285
receive,11,13,14,13,2,3,0.31261547733471456,2,0.0,0.14285714285714285
receive,11,1,2,13,3,1,0.4926404908404235,2,0.5,1.0
receive,6,2,11,14,3,1,0.4734346139117115,3,0.3333333333333333,0.2727272727272727
receive,6,6,11,14,3,3,0.4772935389226472,6,0.3333333333333333,0.5454545454545454
receive,6,13,11,14,3,3,0.29979077124736137,2,0.5,0.18181818181818182
receive,7,2,9,14,3,1,0.4839066959470919,6,0.16666666666666666,0.6666666666666666
receive,7,13,9,14,3,3,0.3318045347741007,3,0.3333333333333333,0.3333333333333333
receive,10,6,5,14,2,3,0.44627724677292446,1,0.0,0.2
receive,10,7,5,14,2,3,0.37759173186778805,1,1.0,0.2
receive,10,10,5,14,2,2,0.39850152789221516,2,0.0,0.4
receive,10,13,5,14,2,3,0.3374465640301004,1,0.0,0.2
receive,10,2,5,14,3,1,0.4639775827913488,1,0.0,0.2
receive,10,10,5,14,3,2,0.41267353599719947,1,1.0,0.2
receive,10,13,5,14,3,3,0.321909423827315,3,0.0,0.6
receive,10,13,1,14,5,3,0.4537780982933664,1,1.0,1.0
receive,11,10,1,14,3,2,0.3946396019394629,1,0.0,1.0
receive,1,1,2,15,1,1,0.5792551082828139,1,1.0,0.5
receive,1,11,2,15,1,2,0.4867945358207673,1,1.0,0.5
receive,4,3,3,15,4,3,0.616411932850576,2,1.0,0.6666666666666666
receive,4,6,3,15,4,3,0.5829147740732471,1,1.0,0.3333333333333333
receive,6,1,1,15,2,1,0.5954089586608412,1,1.0,1.0
receive,6,1,2,15,3,1,0.6017917832813249,1,1.0,0.5
receive,6,6,2,15,3,0,0.021791878035656534,1,0.0,0.5
receive,10,3,4,15,2,3,0.5879678255844467,1,1.0,0.25
receive,10,6,4,15,2,3,0.5353002135564952,2,0.5,0.5
receive,10,13,4,15,2,3,0.4129136596053445,1,1.0,0.25
receive,11,1,2,15,2,1,0.6063505474759426,1,1.0,0.5
receive,11,13,2,15,2,3,0.3730622480768354,1,1.0,0.5
receive,12,1,1,15,2,1,0.5663817729459757,1,0.0,1.0
receive,4,2,2,16,4,1,0.576024298745388,1,1.0,0.5
receive,4,6,2,16,4,3,0.5837023305506195,1,1.0,0.5
receive,7,5,1,16,1,1,0.5499653568267271,1,1.0,1.0
receive,10,2,3,16,2,1,0.5610690972155968,1,0.0,0.3333333333333333
receive,10,13,3,16,2,3,0.44934714210796683,2,0.0,0.6666666666666666
receive,11,1,8,16,2,1,0.5709248432370266,2,1.0,0.25
receive,11,10,8,16,2,2,0.4794263596577788,1,0.0,0.125
receive,11,11,8,16,2,2,0.48502213066648164,3,0.6666666666666666,0.375
receive,11,13,8,16,2,3,0.3531012500130997,2,1.0,0.25
receive,11,1,4,16,3,1,0.5649800025987676,2,1.0,0.5
receive,11,5,4,16,3,1,0.49684270385697576,1,0.0,0.25
receive,11,13,4,16,3,3,0.27637975351127936,1,0.0,0.25
receive,1,1,2,17,1,1,0.4782941154297834,1,0.0,0.5
receive,1,2,2,17,1,1,0.41859054481115265,1,1.0,0.5
receive,6,2,5,17,3,1,0.4342672331730692,4,0.5,0.8
receive,6,13,5,17,3,3,0.2676880500280393,1,0.0,0.2
receive,7,1,6,17,1,1,0.4944350194618055,1,0.0,0.16666666666666666
receive,7,2,6,17,1,1,0.4369587649471794,3,1.0,0.5
receive,7,6,6,17,1,3,0.4415982385151562,1,1.0,0.16666666666666666
receive,7,13,6,17,1,3,0.31739318611393114,1,0.0,0.16666666666666666
receive,10,13,2,17,2,3,0.3503033128263334,2,1.0,1.0
receive,10,13,1,17,3,3,0.27905337926102336,1,0.0,1.0
receive,1,1,5,18,1,1,0.6366648163715118,1,0.0,0.2
receive,1,2,5,18,1,1,0.575812093999251,3,1.0,0.6
receive,1,13,5,18,1,3,0.4489274922254679,1,1.0,0.2
receive,4,2,2,18,1,1,0.5661262995444876,1,0.0,0.5
receive,4,13,2,18,1,3,0.4113645910220433,1,0.0,0.5
receive,7,13,1,18,1,3,0.483772449727282,1,1.0,1.0
receive,10,2,6,18,2,1,0.5761628182442433,4,0.75,0.6666666666666666
receive,10,4,6,18,2,1,0.6078450976013902,1,1.0,0.16666666666666666
receive,10,13,6,18,2,3,0.47482930558486025,1,0.0,0.16666666666666666
receive,1,1,5,19,1,1,0.45397865677538307,2,0.0,0.4
receive,1,2,5,19,1,1,0.3935544368426857,1,0.0,0.2
receive,1,6,5,19,1,3,0.40443555479058685,1,0.0,0.2
receive,1,10,5,19,1,3,0.348892076373572,1,1.0,0.2
receive,4,1,28,19,1,1,0.45661968561203464,3,0.0,0.10714285714285714
receive,4,2,28,19,1,1,0.39147133230065984,10,0.5,0.35714285714285715
receive,4,6,28,19,1,3,0.38797452278197936,7,0.2857142857142857,0.25
receive,4,13,28,19,1,3,0.24256460609874092,8,0.125,0.2857142857142857
receive,7,13,3,19,1,3,0.2920650200707755,3,0.3333333333333333,1.0
receive,10,1,12,19,2,1,0.4638054648675556,2,0.5,0.16666666666666666
receive,10,2,12,19,2,1,0.40285736901843744,1,0.0,0.08333333333333333
receive,10,6,12,19,2,3,0.4030985183254538,4,0.5,0.3333333333333333
receive,10,10,12,19,2,2,0.36792140764528874,1,1.0,0.08333333333333333
receive,10,11,12,19,2,2,0.3645054611713146,1,0.0,0.08333333333333333
receive,10,13,12,19,2,3,0.3048488561313301,3,0.0,0.25
receive,10,1,1,19,3,1,0.4620179987531678,1,1.0,1.0
receive,10,1,2,19,5,1,0.4401188807525179,1,1.0,0.5
receive,10,11,2,19,5,2,0.3941531551314099,1,1.0,0.5
receive,11,1,25,19,2,1,0.4421340702897386,5,0.4,0.2
receive,11,2,25,19,2,1,0.3839662032596691,4,0.5,0.16
receive,11,4,25,19,2,1,0.40008318367833084,1,0.0,0.04
receive,11,6,25,19,2,3,0.3924338513869323,1,0.0,0.04
receive,11,7,25,19,2,1,0.3459180272187169,2,0.5,0.08
receive,11,10,25,19,2,2,0.34682665222305276,3,0.6666666666666666,0.12
receive,11,11,25,19,2,2,0.352771290568324,4,0.25,0.16
receive,11,11,25,19,2,3,0.32564633749945654,1,0.0,0.04
receive,11,13,25,19,2,3,0.25215983352451293,4,0.25,0.16
receive,11,1,12,19,3,1,0.43489271109964117,4,0.5,0.3333333333333333
receive,11,2,12,19,3,1,0.37913917016074933,1,0.0,0.08333333333333333
receive,11,4,12,19,3,1,0.39261337459188783,1,1.0,0.08333333333333333
receive,11,5,12,19,3,1,0.36585079792126374,1,0.0,0.08333333333333333
receive,11,7,12,19,3,1,0.3370467738431735,1,0.0,0.08333333333333333
receive,11,10,12,19,3,2,0.3380080389628966,1,1.0,0.08333333333333333
receive,11,13,12,19,3,3,0.20151161190246192,3,0.0,0.25
receive,1,2,6,20,1,1,0.4845220603554101,3,0.6666666666666666,0.5
receive,1,5,6,20,1,1,0.467867232725739,1,0.0,0.16666666666666666
receive,1,13,6,20,1,3,0.3071577904869118,2,0.0,0.3333333333333333
receive,7,2,3,20,1,1,0.5159499916730298,1,0.0,0.3333333333333333
receive,7,5,3,20,1,1,0.4967382009144076,1,1.0,0.3333333333333333
receive,7,13,3,20,1,3,0.382862273859677,1,0.0,0.3333333333333333
receive,10,1,7,20,2,1,0.5745230924276975,2,0.5,0.2857142857142857
receive,10,2,7,20,2,1,0.5202010342652812,3,0.3333333333333333,0.42857142857142855
receive,10,5,7,20,2,1,0.4994474023483514,1,1.0,0.14285714285714285
receive,10,6,7,20,2,3,0.5105051284473753,1,0.0,0.14285714285714285
receive,11,1,12,20,2,1,0.5384709728680203,6,0.3333333333333333,0.5
receive,11,2,12,20,2,1,0.48375519435599196,1,0.0,0.08333333333333333
receive,11,10,12,20,2,2,0.446437502827006,1,1.0,0.08333333333333333
receive,11,11,12,20,2,2,0.4516298519618429,2,1.0,0.16666666666666666
receive,11,12,12,20,2,2,0.46385599409262745,1,0.0,0.08333333333333333
receive,11,14,12,20,2,1,0.22699703401922708,1,0.0,0.08333333333333333
receive,1,1,58,21,1,1,0.4762716268457916,14,0.5714285714285714,0.2413793103448276
receive,1,2,58,21,1,0,0.008833354872130666,1,0.0,0.017241379310344827
receive,1,2,58,21,1,1,0.41580043313678366,5,0.0,0.08620689655172414
receive,1,5,58,21,1,1,0.40658774341022186,15,0.4,0.25862068965517243
receive,1,6,58,21,1,3,0.42688075376784385,14,0.5714285714285714,0.2413793103448276
receive,1,13,58,21,1,0,0.009357308150369848,1,0.0,0.017241379310344827
receive,1,13,58,21,1,3,0.28204795408447514,8,0.375,0.13793103448275862
receive,4,1,14,21,1,1,0.47700361129776375,7,0.14285714285714285,0.5
receive,4,5,14,21,1,1,0.38862762045858645,3,1.0,0.21428571428571427
receive,4,6,14,21,1,3,0.4080983768844047,1,0.0,0.07142857142857142
receive,4,10,14,21,1,3,0.3432268586705822,1,0.0,0.07142857142857142
receive,4,13,14,21,1,0,0.009639091774601401,1,0.0,0.07142857142857142
receive,4,14,14,21,1,1,0.1810607335688064,1,0.0,0.07142857142857142
receive,6,6,3,21,2,3,0.42420092882903165,1,1.0,0.3333333333333333
receive,6,12,3,21,2,2,0.34812320833702287,1,0.0,0.3333333333333333
receive,6,12,3,21,2,3,0.35496617407207537,1,0.0,0.3333333333333333
receive,6,1,12,21,3,1,0.49211098282545246,5,0.4,0.4166666666666667
receive,6,5,12,21,3,1,0.4049247046706474,1,0.0,0.08333333333333333
receive,6,6,12,21,3,3,0.4308413691286513,1,0.0,0.08333333333333333
receive,6,13,12,21,3,3,0.24433620422151991,5,0.2,0.4166666666666667
receive,7,1,37,21,1,1,0.49289679169734624,8,0.5,0.21621621621621623
receive,7,2,37,21,1,1,0.43228402083092055,1,0.0,0.02702702702702703
receive,7,5,37,21,1,0,0.00970003939124204,1,0.0,0.02702702702702703
receive,7,5,37,21,1,1,0.41732451087223993,13,0.5384615384615384,0.35135135135135137
receive,7,6,37,21,1,3,0.43566100883269443,4,0.25,0.10810810810810811
receive,7,13,37,21,1,0,0.009696181450635416,1,0.0,0.02702702702702703
receive,7,13,37,21,1,3,0.3068835099510694,9,0.1111111111111111,0.24324324324324326
receive,7,13,2,21,3,3,0.21995220517419994,2,0.0,1.0
receive,8,10,3,21,2,2,0.37775075664007335,1,0.0,0.3333333333333333
receive,8,12,3,21,2,2,0.3815754142675636,2,0.0,0.6666666666666666
receive,8,12,1,21,3,2,0.37620389228430373,1,0.0,1.0
receive,9,9,2,21,2,2,0.43523107733303956,1,1.0,0.5
receive,9,10,2,21,2,2,0.4188974497603685,1,0.0,0.5
receive,10,1,118,21,2,1,0.48601004180220764,9,0.7777777777777778,0.07627118644067797
receive,10,2,118,21,2,1,0.4224422601260918,13,0.46153846153846156,0.11016949152542373
receive,10,3,118,21,2,3,0.47153046532140486,1,1.0,0.00847457627118644
receive,10,5,118,21,2,1,0.40994058687334883,22,0.45454545454545453,0.1864406779661017
receive,10,6,118,21,2,3,0.4232742825859616,8,0.5,0.06779661016949153
receive,10,7,118,21,2,3,0.3644718789931736,1,0.0,0.00847457627118644
receive,10,10,118,21,2,2,0.3814521295467945,9,0.4444444444444444,0.07627118644067797
receive,10,12,118,21,2,2,0.38646201803317337,8,0.375,0.06779661016949153
receive,10,12,118,21,2,3,0.39043677991356773,1,1.0,0.00847457627118644
receive,10,13,118,21,2,0,0.009673339677324215,2,0.0,0.01694915254237288
receive,10,13,118,21,2,3,0.3133191022734491,44,0.4090909090909091,0.3728813559322034
receive,10,2,16,21,3,1,0.4218223568825154,1,0.0,0.0625
receive,10,6,16,21,3,3,0.4174235441860109,1,0.0,0.0625
receive,10,12,16,21,3,2,0.368298678735137,2,0.0,0.125
receive,10,13,16,21,3,0,0.010327008365862351,1,0.0,0.0625
receive,10,13,16,21,3,3,0.22292335675067101,11,0.09090909090909091,0.6875
receive,10,2,3,21,5,1,0.39701815749299246,2,0.5,0.6666666666666666
receive,10,5,3,21,5,1,0.3816924970206903,1,0.0,0.3333333333333333
receive,11,1,41,21,2,1,0.47421061641887463,18,0.5,0.43902439024390244
receive,11,2,41,21,2,1,0.4152874080209068,3,1.0,0.07317073170731707
receive,11,5,41,21,2,1,0.4121855692478366,2,0.0,0.04878048780487805
receive,11,7,41,21,2,1,0.37553494210781374,1,0.0,0.024390243902439025
receive,11,10,41,21,2,2,0.3741115900127269,10,0.5,0.24390243902439024
receive,11,10,41,21,2,3,0.34569639687770637,1,0.0,0.024390243902439025
receive,11,11,41,21,2,2,0.3802778390785483,2,0.5,0.04878048780487805
receive,11,13,41,21,2,3,0.27649090595865855,4,0.0,0.0975609756097561
receive,11,13,3,21,3,0,0.009137481873478577,2,0.0,0.6666666666666666
receive,11,13,3,21,3,3,0.1994990866447981,1,0.0,0.3333333333333333
receive,11,1,1,21,5,1,0.49998908859696856,1,0.0,1.0
receive,12,5,13,21,2,0,0.009203293713683263,1,0.0,0.07692307692307693
receive,12,5,13,21,2,1,0.38296235563663783,1,0.0,0.07692307692307693
receive,12,10,13,21,2,2,0.3638413594748115,3,0.0,0.23076923076923078
receive,12,10,13,21,2,3,0.3456832101252395,1,1.0,0.07692307692307693
receive,12,12,13,21,2,2,0.3705024302065426,3,0.0,0.23076923076923078
receive,12,12,13,21,2,3,0.37396366010655213,1,0.0,0.07692307692307693
receive,12,12,13,21,2,5,0.38432357373192105,1,0.0,0.07692307692307693
receive,12,13,13,21,2,3,0.29085479465011305,2,0.5,0.15384615384615385
receive,12,12,1,21,5,2,0.5105616934867365,1,1.0,1.0
receive,1,2,4,22,1,1,0.39864428192400836,2,0.5,0.5
receive,1,6,4,22,1,3,0.40509543102958595,2,0.0,0.5
receive,6,2,1,22,3,1,0.40907840046512833,1,0.0,1.0
receive,7,2,1,22,1,1,0.4246144338037107,1,1.0,1.0
receive,10,1,9,22,2,1,0.4651302361883097,3,0.0,0.3333333333333333
receive,10,2,9,22,2,1,0.40196099225122245,1,1.0,0.1111111111111111
receive,10,7,9,22,2,1,0.34831160768971364,1,0.0,0.1111111111111111
receive,10,13,9,22,2,3,0.29783452486784323,4,0.0,0.4444444444444444
receive,10,1,4,22,3,1,0.4549665522678159,1,1.0,0.25
receive,10,13,4,22,3,3,0.247833606241519,3,0.0,0.75
receive,11,11,1,22,3,3,0.3329494872699156,1,1.0,1.0
receive,1,1,10,23,1,1,0.5583136579700673,2,0.5,0.2
receive,1,2,10,23,1,1,0.5031704299334695,4,0.75,0.4
receive,1,5,10,23,1,0,0.015223303949623585,1,0.0,0.1
receive,1,5,10,23,1,1,0.4865768052872773,1,1.0,0.1
receive,1,6,10,23,1,3,0.5026539375997819,1,1.0,0.1
receive,1,13,10,23,1,3,0.34689234342592196,1,1.0,0.1
receive,4,1,7,23,1,1,0.5571012389411355,1,0.0,0.14285714285714285
receive,4,5,7,23,1,0,0.015768733660934037,1,0.0,0.14285714285714285
receive,4,5,7,23,1,1,0.46575425348036414,3,1.0,0.42857142857142855
receive,4,6,7,23,1,3,0.4835864002292369,2,0.5,0.2857142857142857
receive,7,1,7,23,1,0,0.016290899484302544,1,0.0,0.14285714285714285
receive,7,2,7,23,1,1,0.5094502622467977,3,0.0,0.42857142857142855
receive,7,5,7,23,1,1,0.49290729748587564,2,0.5,0.2857142857142857
receive,7,6,7,23,1,3,0.5107465527659418,1,0.0,0.14285714285714285
receive,10,2,6,23,2,1,0.5146673382364974,2,0.5,0.3333333333333333
receive,10,5,6,23,2,1,0.49488152455350853,1,0.0,0.16666666666666666
receive,10,13,6,23,2,0,0.01561896651304452,1,0.0,0.16666666666666666
receive,10,13,6,23,2,3,0.4002186330315886,2,0.0,0.3333333333333333
receive,11,1,8,23,2,1,0.541793050169023,2,0.5,0.25
receive,11,2,8,23,2,1,0.48070682315730756,1,1.0,0.125
receive,11,3,8,23,2,2,0.5130081155239037,1,1.0,0.125
receive,11,10,8,23,2,2,0.44577218150587017,2,0.5,0.25
receive,11,11,8,23,2,0,0.014850655606164572,1,0.0,0.125
receive,11,13,8,23,2,3,0.35122438898012875,1,0.0,0.125
receive,1,1,3,24,1,1,0.6219027454249314,1,0.0,0.3333333333333333
receive,1,13,3,24,1,3,0.40439015338945034,2,0.5,0.6666666666666666
receive,4,2,1,24,4,1,0.5847281269413362,1,1.0,1.0
receive,7,13,1,24,1,3,0.459082811468036,1,0.0,1.0
receive,10,2,3,24,2,1,0.5711816510603505,1,1.0,0.3333333333333333
receive,10,6,3,24,2,3,0.5737120783637565,1,1.0,0.3333333333333333
receive,10,10,3,24,2,2,0.5307463904091767,1,1.0,0.3333333333333333
receive,1,1,3,25,1,1,0.5305057873256728,2,0.0,0.6666666666666666
receive,1,2,3,25,1,1,0.4707871122376523,1,0.0,0.3333333333333333
receive,4,1,2,25,4,1,0.575035371775031,1,0.0,0.5
receive,4,6,2,25,4,3,0.5132173735573622,1,1.0,0.5
receive,7,1,2,25,1,1,0.5443098664362607,1,0.0,0.5
receive,7,13,2,25,1,3,0.3445971049281218,1,0.0,0.5
receive,10,1,6,25,2,1,0.545012186797614,1,1.0,0.16666666666666666
receive,10,13,6,25,2,3,0.3659039716657264,5,0.6,0.8333333333333334
receive,10,13,3,25,3,3,0.28099654387218265,3,0.0,1.0
receive,11,1,5,25,2,1,0.498508812465686,4,0.25,0.8
receive,11,13,5,25,2,3,0.2782234304029956,1,0.0,0.2
receive,12,1,1,25,2,1,0.46911083630687844,1,0.0,1.0
receive,1,5,1,26,1,1,0.4621688703943562,1,1.0,1.0
receive,4,6,1,26,1,3,0.4551204594659282,1,0.0,1.0
receive,6,2,2,26,3,1,0.47976076766230114,1,1.0,0.5
receive,6,6,2,26,3,3,0.4829214329878697,1,1.0,0.5
receive,7,2,3,26,3,1,0.479616736659117,2,0.0,0.6666666666666666
receive,7,6,3,26,3,3,0.48118224928560555,1,0.0,0.3333333333333333
receive,10,2,6,26,2,1,0.4646731463367617,1,0.0,0.16666666666666666
receive,10,10,6,26,2,2,0.42270193799796535,2,0.5,0.3333333333333333
receive,10,13,6,26,2,3,0.36344398506187825,3,0.3333333333333333,0.5
receive,4,5,1,27,1,1,0.42596534747723813,1,0.0,1.0
receive,1,2,3,28,1,1,0.5193529690818219,1,0.0,0.3333333333333333
receive,1,6,3,28,1,3,0.5292277231850635,2,1.0,0.6666666666666666
receive,4,2,1,28,1,1,0.5228642824656512,1,0.0,1.0
receive,10,1,5,28,2,1,0.5834125190126229,1,1.0,0.2
receive,10,2,5,28,2,1,0.5185658168351389,2,0.5,0.4
receive,10,13,5,28,2,3,0.4068881531540982,2,0.5,0.4
receive,10,2,1,28,5,1,0.5295492904356944,1,0.0,1.0
receive,1,1,3,29,1,1,0.6017331010251438,2,0.5,0.6666666666666666
receive,1,13,3,29,1,3,0.396924878023949,1,0.0,0.3333333333333333
receive,4,13,1,29,1,3,0.39244659548427113,1,0.0,1.0
receive,10,5,4,29,2,1,0.5351527842371229,1,1.0,0.25
receive,10,13,4,29,2,3,0.4527827705250296,3,0.6666666666666666,0.75
receive,10,5,4,29,3,1,0.527258812554906,1,0.0,0.25
receive,10,13,4,29,3,3,0.353696933674385,3,0.3333333333333333,0.75
receive,10,13,1,29,5,3,0.5707802582262257,1,1.0,1.0
receive,11,1,5,29,2,1,0.6216012231255024,2,1.0,0.4
receive,11,10,5,29,2,2,0.5382350937530189,3,0.6666666666666666,0.6
receive,11,6,2,29,5,3,0.5555531730564008,1,1.0,0.5
receive,11,13,2,29,5,3,0.4412043612710657,1,0.0,0.5
receive,1,1,4,30,1,1,0.4229647136856333,1,1.0,0.25
receive,1,2,4,30,1,1,0.3692998280910004,1,0.0,0.25
receive,1,6,4,30,1,3,0.37600624591751775,1,0.0,0.25
receive,1,13,4,30,1,3,0.23563023490645463,1,0.0,0.25
receive,4,2,1,30,1,1,0.34812733930885614,1,0.0,1.0
receive,6,1,3,30,3,1,0.4651095777058925,1,0.0,0.3333333333333333
receive,6,2,3,30,3,1,0.41129992455919134,1,1.0,0.3333333333333333
receive,6,6,3,30,3,3,0.3899045162886934,1,0.0,0.3333333333333333
receive,7,2,1,30,1,1,0.37260118127847036,1,0.0,1.0
receive,10,1,4,30,2,1,0.4178991377289985,1,0.0,0.25
receive,10,2,4,30,2,1,0.35560748010036763,1,0.0,0.25
receive,10,13,4,30,2,3,0.26447901073049396,2,0.5,0.5
receive,10,2,3,30,3,1,0.3505616200707468,1,1.0,0.3333333333333333
receive,10,13,3,30,3,3,0.22748624050699198,2,0.5,0.6666666666666666
receive,11,1,7,30,3,1,0.4074317257069476,7,0.2857142857142857,1.0
receive,1,1,1,31,1,1,0.4592093464135098,1,0.0,1.0
receive,4,1,6,31,4,0,0.009468931477869612,1,0.0,0.16666666666666666
receive,4,1,6,31,4,1,0.5071192186717519,1,0.0,0.16666666666666666
receive,4,2,6,31,4,1,0.4419651430519999,1,1.0,0.16666666666666666
receive,4,6,6,31,4,3,0.45049032200108785,1,0.0,0.16666666666666666
receive,4,13,6,31,4,3,0.26183897220062835,2,0.0,0.3333333333333333
receive,10,2,5,31,2,1,0.4218637773009962,1,0.0,0.2
receive,10,5,5,31,2,1,0.4079513996728047,1,0.0,0.2
receive,10,13,5,31,2,3,0.2888394308248868,3,0.3333333333333333,0.6
receive,10,2,3,31,3,1,0.4168288786602266,1,0.0,0.3333333333333333
receive,10,13,3,31,3,3,0.21788902230704457,2,0.0,0.6666666666666666
receive,11,1,7,31,2,1,0.45292087563429545,2,0.0,0.2857142857142857
receive,11,2,7,31,2,1,0.39768640347849965,3,0.3333333333333333,0.42857142857142855
receive,11,13,7,31,2,3,0.2546567909764977,2,0.0,0.2857142857142857
receive,11,1,8,31,3,1,0.4550638188219013,4,0.75,0.5
receive,11,2,8,31,3,1,0.40096382358496035,1,0.0,0.125
receive,11,5,8,31,3,1,0.3888661319779758,1,1.0,0.125
receive,11,13,8,31,3,3,0.19338803014684186,2,0.0,0.25
receive,9,10,4,32,2,2,0.49005525036098485,1,1.0,0.25
receive,9,12,4,32,2,2,0.49282182169618916,2,0.5,0.5
receive,9,12,4,32,2,5,0.5986487474516764,1,0.0,0.25
receive,10,3,19,32,2,3,0.5270940405224186,2,0.0,0.10526315789473684
receive,10,10,19,32,2,2,0.4729575975487025,9,0.6666666666666666,0.47368421052631576
receive,10,10,19,32,2,3,0.45522797938321347,1,0.0,0.05263157894736842
receive,10,10,19,32,2,5,0.5713659351828594,1,1.0,0.05263157894736842
receive,10,12,19,32,2,2,0.480634490815517,6,0.8333333333333334,0.3157894736842105
receive,10,10,5,32,5,2,0.5121913066386721,2,1.0,0.4
receive,10,12,5,32,5,2,0.5184908560623065,3,0.6666666666666666,0.6
receive,11,10,2,32,2,2,0.4380262417417473,1,1.0,0.5
receive,11,11,2,32,2,2,0.44757397877092103,1,1.0,0.5
receive,12,10,12,32,2,2,0.46524449687840935,5,0.8,0.4166666666666667
receive,12,10,12,32,2,5,0.4682806681740141,2,0.0,0.16666666666666666
receive,12,12,12,32,2,2,0.4723409420143794,4,0.25,0.3333333333333333
receive,12,12,12,32,2,5,0.48360886193999764,1,1.0,0.08333333333333333
receive,12,13,1,32,3,3,0.26961260333675435,1,0.0,1.0
receive,12,10,2,32,5,2,0.4376412843254729,2,0.5,1.0
receive,1,2,3,33,1,1,0.5144576539878888,1,0.0,0.3333333333333333
receive,1,5,3,33,1,1,0.4945703198116506,1,0.0,0.3333333333333333
receive,1,6,3,33,1,3,0.5099705876641208,1,1.0,0.3333333333333333
receive,4,2,1,33,1,1,0.5090974735258845,1,1.0,1.0
receive,7,2,2,33,1,1,0.536031965203861,2,0.5,1.0
receive,10,2,3,33,2,1,0.5279161266272887,1,0.0,0.3333333333333333
receive,10,5,3,33,2,1,0.5042700394601941,1,0.0,0.3333333333333333
receive,10,6,3,33,2,0,0.017317946494996336,1,0.0,0.3333333333333333
receive,11,1,14,33,2,1,0.5722687163974435,4,0.75,0.2857142857142857
receive,11,2,14,33,2,1,0.5182510636208558,4,0.5,0.2857142857142857
receive,11,4,14,33,2,1,0.5399688527857377,1,1.0,0.07142857142857142
receive,11,5,14,33,2,1,0.5074919554838394,1,0.0,0.07142857142857142
receive,11,7,14,33,2,0,0.016784637144782726,1,0.0,0.07142857142857142
receive,11,10,14,33,2,2,0.48228238143789115,1,0.0,0.07142857142857142
receive,11,11,14,33,2,2,0.486275093876427,2,1.0,0.14285714285714285
receive,1,1,4,34,1,1,0.5284148199412035,1,1.0,0.25
receive,1,5,4,34,1,1,0.4641943571059578,1,0.0,0.25
receive,1,9,4,34,1,2,0.45582473599260304,2,0.0,0.5
receive,4,5,2,34,1,1,0.4351766107282804,1,0.0,0.5
receive,4,13,2,34,1,3,0.2969921700244618,1,1.0,0.5
receive,6,13,1,34,3,3,0.309183516992872,1,1.0,1.0
receive,7,5,2,34,3,1,0.5110900848652632,1,0.0,0.5
receive,7,13,2,34,3,3,0.37556355950028575,1,1.0,0.5
receive,8,13,1,34,2,3,0.2972416885090324,1,0.0,1.0
receive,9,9,7,34,2,2,0.45896697867235187,5,0.2,0.7142857142857143
receive,9,10,7,34,2,3,0.4238885534447699,1,1.0,0.14285714285714285
receive,9,13,7,34,2,3,0.3659598037077551,1,1.0,0.14285714285714285
receive,10,1,12,34,2,1,0.5424601149347286,2,0.0,0.16666666666666666
receive,10,5,12,34,2,1,0.4577604722231042,3,1.0,0.25
receive,10,6,12,34,2,3,0.4713689832486751,1,1.0,0.08333333333333333
receive,10,9,12,34,2,2,0.4441549555880912,2,0.0,0.16666666666666666
receive,10,13,12,34,2,3,0.32725338556031663,4,0.5,0.3333333333333333
receive,10,9,2,34,3,2,0.4556195214166743,2,0.5,1.0
receive,10,5,1,34,5,1,0.4279666192921646,1,0.0,1.0
receive,11,1,1,34,2,1,0.5092776608803713,1,0.0,1.0
receive,1,1,5,35,1,1,0.48640675499145464,1,0.0,0.2
receive,1,5,5,35,1,0,0.010973977102386644,1,0.0,0.2
receive,1,5,5,35,1,1,0.42019491122411184,2,0.5,0.4
receive,1,6,5,35,1,3,0.44135400086373144,1,0.0,0.2
receive,4,2,7,35,1,1,0.42460136883903576,3,1.0,0.42857142857142855
receive,4,6,7,35,1,3,0.4283917329895935,3,0.3333333333333333,0.42857142857142855
receive,4,13,7,35,1,3,0.2763364951607146,1,0.0,0.14285714285714285
receive,10,2,5,35,2,1,0.4386820106475719,1,0.0,0.2
receive,10,6,5,35,2,3,0.4397668108596127,1,0.0,0.2
receive,10,13,5,35,2,3,0.3513767101479889,3,0.6666666666666666,0.6
receive,11,1,35,35,2,1,0.4874300934435487,10,0.8,0.2857142857142857
receive,11,2,35,35,2,1,0.4272721743755991,7,0.2857142857142857,0.2
receive,11,6,35,35,2,3,0.43430488897510205,1,1.0,0.02857142857142857
receive,11,10,35,35,2,2,0.3832468284313224,1,0.0,0.02857142857142857
receive,11,11,35,35,2,2,0.39270316963842833,14,0.5714285714285714,0.4
receive,11,13,35,35,2,3,0.3024850850716098,2,0.0,0.05714285714285714
receive,11,1,3,35,3,1,0.45998557832388526,2,0.5,0.6666666666666666
receive,11,2,3,35,3,1,0.40421144862264563,1,0.0,0.3333333333333333
receive,1,1,8,36,1,1,0.46799952129736083,3,0.3333333333333333,0.375
receive,1,6,8,36,1,3,0.41983985860327766,4,0.25,0.5
receive,1,13,8,36,1,3,0.2868900387337741,1,0.0,0.125
receive,4,1,5,36,4,1,0.49384173892026945,1,1.0,0.2
receive,4,6,5,36,4,3,0.4370788460721486,2,0.5,0.4
receive,4,13,5,36,4,3,0.24953752685995267,2,0.0,0.4
receive,10,13,4,36,2,3,0.297398738619605,4,0.0,1.0
receive,11,1,7,36,2,1,0.43566015912672107,1,1.0,0.14285714285714285
receive,11,4,7,36,2,4,0.3938494607136481,2,0.0,0.2857142857142857
receive,11,6,7,36,2,3,0.384461323381209,1,0.0,0.14285714285714285
receive,11,10,7,36,2,2,0.3430395005718912,2,0.5,0.2857142857142857
receive,11,13,7,36,2,3,0.23184182872905149,1,0.0,0.14285714285714285
receive,1,1,17,37,1,1,0.5255406324407175,8,0.5,0.47058823529411764
receive,1,1,17,37,1,4,0.6164948143822238,1,1.0,0.058823529411764705
receive,1,3,17,37,1,3,0.5699658333008687,2,0.0,0.11764705882352941
receive,1,5,17,37,1,1,0.46470521242475293,3,0.3333333333333333,0.17647058823529413
receive,1,6,17,37,1,3,0.48293076679504193,2,1.0,0.11764705882352941
receive,1,11,17,37,1,2,0.4298562524792473,1,1.0,0.058823529411764705
receive,4,1,3,37,1,1,0.5355546526907053,1,0.0,0.3333333333333333
receive,4,6,3,37,1,3,0.4645492134508468,1,0.0,0.3333333333333333
receive,4,11,3,37,1,2,0.4148121981874117,1,0.0,0.3333333333333333
receive,4,1,14,37,4,0,0.013283461865901028,1,0.0,0.07142857142857142
receive,4,1,14,37,4,1,0.5788530282554724,4,0.75,0.2857142857142857
receive,4,1,14,37,4,4,0.6523490814267177,1,1.0,0.07142857142857142
receive,4,3,14,37,4,3,0.5831870954998687,1,0.0,0.07142857142857142
receive,4,6,14,37,4,3,0.5184796261464377,4,0.25,0.2857142857142857
receive,4,10,14,37,4,2,0.46220282855631123,1,0.0,0.07142857142857142
receive,4,11,14,37,4,2,0.4546606757453429,1,1.0,0.07142857142857142
receive,4,13,14,37,4,3,0.3183477842050995,1,1.0,0.07142857142857142
receive,6,13,2,37,2,0,0.013576427495168263,1,0.0,0.5
receive,6,13,2,37,2,3,0.29505927809360144,1,0.0,0.5
receive,6,1,6,37,3,1,0.5710694650933895,1,1.0,0.16666666666666666
receive,6,6,6,37,3,2,0.5064551060515025,1,1.0,0.16666666666666666
receive,6,6,6,37,3,3,0.5082478841080492,1,1.0,0.16666666666666666
receive,6,11,6,37,3,2,0.4530890363648195,1,1.0,0.16666666666666666
receive,6,13,6,37,3,3,0.3350581990909924,2,0.5,0.3333333333333333
receive,7,3,1,37,1,3,0.49878647475294086,1,1.0,1.0
receive,7,13,2,37,3,0,0.014279461880207334,1,0.0,0.5
receive,7,13,2,37,3,3,0.3559621612478312,1,0.0,0.5
receive,10,1,25,37,2,1,0.5387557585887209,8,0.625,0.32
receive,10,1,25,37,2,4,0.6056235601051019,1,1.0,0.04
receive,10,3,25,37,2,3,0.5455146529557171,1,1.0,0.04
receive,10,4,25,37,2,4,0.5708783330717709,5,0.4,0.2
receive,10,5,25,37,2,1,0.4639607154695937,2,0.0,0.08
receive,10,6,25,37,2,3,0.47757701313768935,2,0.0,0.08
receive,10,10,25,37,2,2,0.44072768806953005,1,0.0,0.04
receive,10,11,25,37,2,5,0.5197212372782269,1,1.0,0.04
receive,10,13,25,37,2,0,0.014180959283730032,2,0.0,0.08
receive,10,13,25,37,2,3,0.3634197266982543,2,0.5,0.08
receive,10,1,3,37,5,1,0.5191108451442906,2,0.5,0.6666666666666666
receive,10,2,3,37,5,1,0.46341643544111316,1,0.0,0.3333333333333333
receive,11,1,9,37,2,1,0.5160728877232238,4,0.5,0.4444444444444444
receive,11,6,9,37,2,3,0.46527375228237056,1,0.0,0.1111111111111111
receive,11,10,9,37,2,2,0.4197905539103771,1,1.0,0.1111111111111111
receive,11,11,9,37,2,2,0.42526322734084687,2,0.5,0.2222222222222222
receive,11,13,9,37,2,3,0.3105180727251038,1,1.0,0.1111111111111111
receive,11,1,2,37,3,1,0.5350609504728128,1,0.0,0.5
receive,11,13,2,37,3,0,0.01367396159624912,1,0.0,0.5
receive,1,1,10,38,1,1,0.5469138486349777,4,0.5,0.4
receive,1,5,10,38,1,1,0.4763071674247213,2,0.5,0.2
receive,1,6,10,38,1,3,0.4967275644734275,2,1.0,0.2
receive,1,13,10,38,1,3,0.3541806684320179,2,0.0,0.2
receive,1,1,1,38,4,1,0.555143355344486,1,0.0,1.0
receive,4,1,5,38,1,1,0.5414370866298139,1,0.0,0.2
receive,4,2,5,38,1,1,0.4722129284223192,1,1.0,0.2
receive,4,5,5,38,1,1,0.4552046571561433,1,0.0,0.2
receive,4,13,5,38,1,0,0.015323037648210181,1,0.0,0.2
receive,4,13,5,38,1,3,0.31744045118469283,1,1.0,0.2
receive,7,5,2,38,1,1,0.4844907420458858,1,1.0,0.5
receive,7,13,2,38,1,3,0.38173319709321873,1,0.0,0.5
receive,10,2,17,38,2,1,0.4906205674669142,2,0.0,0.11764705882352941
receive,10,5,17,38,2,1,0.4789434199388553,4,0.75,0.23529411764705882
receive,10,6,17,38,2,3,0.4925775179068278,3,0.3333333333333333,0.17647058823529413
receive,10,13,17,38,2,3,0.3985076639234596,8,0.25,0.47058823529411764
receive,10,13,1,38,3,3,0.35923444505046104,1,1.0,1.0
receive,10,2,2,38,5,1,0.48102858801334525,1,1.0,0.5
receive,10,13,2,38,5,3,0.4222373382031245,1,0.0,0.5
receive,11,1,4,38,2,1,0.5454904895633665,1,1.0,0.25
receive,11,4,4,38,2,1,0.49905444874618643,2,0.5,0.5
receive,11,10,4,38,2,2,0.4298780608408323,1,0.0,0.25
receive,1,1,6,39,1,1,0.5582792863771749,3,0.6666666666666666,0.5
receive,1,6,6,39,1,3,0.5128504952987164,1,0.0,0.16666666666666666
receive,1,13,6,39,1,3,0.3571372275451163,1,1.0,0.16666666666666666
receive,1,14,6,39,1,1,0.2805928743197457,1,0.0,0.16666666666666666
receive,4,1,7,39,1,1,0.5633118391536228,2,0.5,0.2857142857142857
receive,4,2,7,39,1,1,0.49573919479445505,2,0.0,0.2857142857142857
receive,4,13,7,39,1,3,0.341445158107216,3,0.3333333333333333,0.42857142857142855
receive,7,2,2,39,1,1,0.5205578948819581,2,1.0,1.0
receive,10,1,3,39,2,1,0.5717955240948484,1,0.0,0.3333333333333333
receive,10,2,3,39,2,1,0.5094355241792329,1,0.0,0.3333333333333333
receive,10,5,3,39,2,1,0.49776039594893184,1,1.0,0.3333333333333333
receive,10,1,6,39,3,1,0.5739694736322672,1,0.0,0.16666666666666666
receive,10,2,6,39,3,1,0.5152338281249018,4,1.0,0.6666666666666666
receive,10,13,6,39,3,3,0.37892529421771054,1,1.0,0.16666666666666666
receive,11,1,8,39,2,1,0.5632077447730462,1,1.0,0.125
receive,11,2,8,39,2,1,0.5031509806383934,4,0.25,0.5
receive,11,6,8,39,2,3,0.5120346879753949,1,0.0,0.125
receive,11,11,8,39,2,2,0.4782219295859021,1,0.0,0.125
receive,11,13,8,39,2,3,0.3869152620434966,1,1.0,0.125
receive,11,1,4,39,3,1,0.5672007271995418,1,1.0,0.25
receive,11,2,4,39,3,1,0.511861972922542,1,1.0,0.25
receive,11,13,4,39,3,3,0.3491689342668318,2,0.0,0.5
receive,1,3,5,40,1,3,0.578796725779221,1,1.0,0.2
receive,1,6,5,40,1,3,0.5047643446070914,3,1.0,0.6
receive,1,13,5,40,1,3,0.33173727040834,1,0.0,0.2
receive,10,13,2,40,2,3,0.42539335897192065,2,0.5,1.0
receive,11,1,2,40,2,1,0.5589104938608169,1,1.0,0.5
receive,11,10,2,40,2,2,0.4732505861958288,1,0.0,0.5
receive,4,6,8,41,1,3,0.4624885218792385,1,0.0,0.125
receive,4,12,8,41,1,2,0.41180399855872024,1,0.0,0.125
receive,4,13,8,41,1,3,0.31456777495859445,6,0.3333333333333333,0.75
receive,4,5,1,41,4,1,0.4819873658075777,1,1.0,1.0
receive,6,3,3,41,3,3,0.5229924835310927,1,0.0,0.3333333333333333
receive,6,5,3,41,3,1,0.4584237408797698,1,0.0,0.3333333333333333
receive,6,13,3,41,3,3,0.31428395914597856,1,1.0,0.3333333333333333
receive,7,3,1,41,3,3,0.5267109350797031,1,0.0,1.0
receive,10,3,6,41,2,3,0.5152170776360591,3,0.3333333333333333,0.5
receive,10,5,6,41,2,1,0.4535694308879581,1,0.0,0.16666666666666666
receive,10,13,6,41,2,3,0.35630819337976244,2,0.0,0.3333333333333333
receive,1,13,1,42,1,3,0.41329490605689445,1,0.0,1.0
receive,4,5,2,42,1,1,0.4965636238870928,1,1.0,0.5
receive,4,6,2,42,1,3,0.5166553541370602,1,1.0,0.5
receive,6,1,1,42,2,1,0.6015979794369776,1,1.0,1.0
receive,7,3,2,42,3,3,0.6316178741168262,1,1.0,0.5
receive,7,10,2,42,3,2,0.4896035747816149,1,0.0,0.5
receive,10,1,6,42,2,1,0.5881322681901474,4,0.5,0.6666666666666666
receive,10,13,6,42,2,3,0.3888051682710041,2,0.0,0.3333333333333333
receive,10,13,1,42,5,3,0.37217775734074116,1,0.0,1.0
receive,1,2,8,43,1,1,0.3937847524691101,1,0.0,0.125
receive,1,6,8,43,1,3,0.40594944719827225,5,0.6,0.625
receive,1,13,8,43,1,3,0.259992136988365,2,0.5,0.25
receive,4,1,13,43,1,1,0.4587780246229248,5,0.6,0.38461538461538464
receive,4,2,13,43,1,1,0.39206084779379125,1,1.0,0.07692307692307693
receive,4,6,13,43,1,3,0.39142473265003813,2,0.5,0.15384615384615385
receive,4,13,13,43,1,3,0.24671214895417395,5,0.4,0.38461538461538464
receive,7,1,1,43,1,1,0.4849779481498411,1,0.0,1.0
receive,10,1,10,43,2,1,0.4703629788929657,1,0.0,0.1
receive,10,2,10,43,2,1,0.40392253314905685,4,0.5,0.4
receive,10,6,10,43,2,3,0.4044392143793994,2,0.0,0.2
receive,10,13,10,43,2,3,0.3018880879667991,3,0.0,0.3
receive,10,2,2,43,3,1,0.39891469878299146,1,0.0,0.5
receive,10,13,2,43,3,3,0.24218894559039672,1,0.0,0.5
receive,10,2,2,43,5,1,0.39815960699117897,1,0.0,0.5
receive,10,13,2,43,5,3,0.33987242573060106,1,0.0,0.5
receive,11,1,13,43,2,1,0.4372348145527477,5,0.4,0.38461538461538464
receive,11,2,13,43,2,1,0.3793278291757768,1,1.0,0.07692307692307693
receive,11,4,13,43,2,1,0.39309305827636365,1,0.0,0.07692307692307693
receive,11,6,13,43,2,3,0.3862951695503393,2,0.5,0.15384615384615385
receive,11,7,13,43,2,1,0.34031061464076756,2,0.5,0.15384615384615385
receive,11,13,13,43,2,3,0.25667076370656816,2,0.0,0.15384615384615385
receive,11,1,3,43,3,1,0.4408134398015413,1,0.0,0.3333333333333333
receive,11,11,3,43,3,3,0.3131768522510314,1,0.0,0.3333333333333333
receive,11,13,3,43,3,3,0.2043616179686901,1,0.0,0.3333333333333333
receive,1,1,2,44,1,1,0.46503061791273353,1,0.0,0.5
receive,1,2,2,44,1,1,0.41111653084026684,1,1.0,0.5
receive,4,2,1,44,1,1,0.40749121290866636,1,0.0,1.0
receive,6,6,2,44,3,3,0.43408228938875,2,1.0,1.0
receive,7,2,1,44,1,1,0.4248211300841211,1,1.0,1.0
receive,10,5,10,44,2,1,0.40451642318600756,1,1.0,0.1
receive,10,13,10,44,2,3,0.3158206524969435,9,0.0,0.9
receive,10,13,2,44,3,3,0.28157719701207584,2,0.0,1.0
receive,11,1,1,44,3,1,0.4565410693803565,1,0.0,1.0
receive,1,1,4,45,1,1,0.5251342806864467,1,1.0,0.25
receive,1,6,4,45,1,3,0.4704668691996433,2,0.5,0.5
receive,1,13,4,45,1,3,0.3134570594065059,1,1.0,0.25
receive,4,1,11,45,1,1,0.5297624133210871,3,0.6666666666666666,0.2727272727272727
receive,4,2,11,45,1,1,0.46716986760455925,1,1.0,0.09090909090909091
receive,4,5,11,45,1,1,0.43716673768783737,1,1.0,0.09090909090909091
receive,4,6,11,45,1,3,0.4536943922144554,2,0.0,0.18181818181818182
receive,4,13,11,45,1,3,0.29518776492542453,4,0.25,0.36363636363636365
receive,10,1,18,45,2,1,0.5273791898205352,7,0.2857142857142857,0.3888888888888889
receive,10,2,18,45,2,1,0.4605272479210416,2,0.5,0.1111111111111111
receive,10,7,18,45,2,1,0.4098017235669169,2,1.0,0.1111111111111111
receive,10,10,18,45,2,2,0.42197972334202216,5,0.4,0.2777777777777778
receive,10,13,18,45,2,3,0.3323690850102844,2,0.5,0.1111111111111111
receive,1,1,3,46,1,1,0.5769371948345533,3,0.6666666666666666,1.0
receive,10,1,3,46,2,1,0.6034295133690311,1,1.0,0.3333333333333333
receive,10,6,3,46,2,3,0.5346493537889945,1,0.0,0.3333333333333333
receive,10,13,3,46,2,3,0.42155157847316443,1,0.0,0.3333333333333333
receive,10,6,2,46,3,3,0.5338848426392512,2,0.0,1.0
receive,11,1,3,46,2,1,0.543686676829919,2,1.0,0.6666666666666666
receive,11,10,3,46,2,2,0.442340842489007,1,0.0,0.3333333333333333
receive,11,1,11,46,3,1,0.5583820862730685,6,0.8333333333333334,0.5454545454545454
receive,11,13,11,46,3,0,0.018845593297767905,2,0.0,0.18181818181818182
receive,11,13,11,46,3,3,0.2705931540406052,3,0.0,0.2727272727272727
receive,1,2,12,47,1,1,0.4370047212151422,5,0.0,0.4166666666666667
receive,1,5,12,47,1,1,0.43046514207866043,3,0.3333333333333333,0.25
receive,1,6,12,47,1,3,0.44918110880344536,1,1.0,0.08333333333333333
receive,1,13,12,47,1,3,0.3062065025339383,3,0.3333333333333333,0.25
receive,4,2,3,47,1,1,0.4262333570074804,1,0.0,0.3333333333333333
receive,4,13,3,47,1,3,0.2842763406265964,2,0.0,0.6666666666666666
receive,7,2,1,47,3,1,0.460801911102766,1,1.0,1.0
receive,10,1,11,47,2,1,0.5009703820258884,2,0.0,0.18181818181818182
receive,10,2,11,47,2,1,0.4400996636075792,3,0.6666666666666666,0.2727272727272727
receive,10,6,11,47,2,3,0.44293300446303135,1,1.0,0.09090909090909091
receive,10,13,11,47,2,3,0.3456853298700063,5,0.4,0.45454545454545453
receive,11,5,1,47,2,1,0.4392135972333539,1,1.0,1.0
receive,8,12,1,48,2,2,0.391042086362182,1,0.0,1.0
receive,8,5,2,48,3,1,0.41096982871175103,1,0.0,0.5
receive,8,13,2,48,3,3,0.25576120936385943,1,0.0,0.5
receive,10,2,10,48,2,1,0.44487712061164986,1,1.0,0.1
receive,10,12,10,48,2,2,0.4122337758550085,7,0.42857142857142855,0.7
receive,10,12,10,48,2,5,0.5107823044303098,1,0.0,0.1
receive,10,13,10,48,2,3,0.33552407359616954,1,0.0,0.1
receive,11,10,3,48,2,2,0.3678108746131256,1,0.0,0.3333333333333333
receive,11,11,3,48,2,2,0.3735876271147651,1,1.0,0.3333333333333333
receive,11,12,3,48,2,2,0.36934142526142466,1,1.0,0.3333333333333333
receive,12,2,9,48,2,1,0.4202869026427287,1,0.0,0.1111111111111111
receive,12,3,9,48,2,3,0.453582896523073,2,0.5,0.2222222222222222
receive,12,12,9,48,2,2,0.4049978727569469,4,0.5,0.4444444444444444
receive,12,12,9,48,2,5,0.42053306721493416,2,0.0,0.2222222222222222
receive,12,12,2,48,5,2,0.40812043216866634,2,0.5,1.0
receive,1,1,13,49,1,1,0.4715805547474642,9,0.8888888888888888,0.6923076923076923
receive,1,2,13,49,1,1,0.41510804443849036,1,0.0,0.07692307692307693
receive,1,10,13,49,1,2,0.37708007106219643,1,1.0,0.07692307692307693
receive,1,11,13,49,1,3,0.3619548375408519,2,0.5,0.15384615384615385
receive,6,1,3,49,3,1,0.4990475928844595,2,0.5,0.6666666666666666
receive,6,10,3,49,3,2,0.3930898760080048,1,0.0,0.3333333333333333
receive,10,1,22,49,2,1,0.49286309481903834,5,0.6,0.22727272727272727
receive,10,5,22,49,2,1,0.41765364067508065,3,0.6666666666666666,0.13636363636363635
receive,10,10,22,49,2,2,0.38716201300125286,13,0.3076923076923077,0.5909090909090909
receive,10,13,22,49,2,3,0.3301107238594461,1,0.0,0.045454545454545456
receive,10,1,5,49,3,1,0.4902369991866342,2,0.5,0.4
receive,10,13,5,49,3,3,0.29275609476700054,3,0.0,0.6
receive,1,1,11,50,1,1,0.5145380571037356,2,0.0,0.18181818181818182
receive,1,2,11,50,1,1,0.4567305339491354,4,0.75,0.36363636363636365
receive,1,3,11,50,1,2,0.5346370246296817,1,0.0,0.09090909090909091
receive,1,5,11,50,1,1,0.4470715743735537,1,0.0,0.09090909090909091
receive,1,6,11,50,1,3,0.46926943776821056,1,0.0,0.09090909090909091
receive,1,9,11,50,1,2,0.43744575089183263,1,1.0,0.09090909090909091
receive,1,13,11,50,1,3,0.3033791889281799,1,0.0,0.09090909090909091
receive,3,3,1,50,2,2,0.5948267711085207,1,0.0,1.0
receive,6,6,1,50,2,2,0.4766046439796397,1,1.0,1.0
receive,6,5,1,50,3,1,0.4641203654664642,1,0.0,1.0
receive,7,2,3,50,1,1,0.48849793432208344,2,0.5,0.6666666666666666
receive,7,5,3,50,1,1,0.47313264538404215,1,1.0,0.3333333333333333
receive,8,1,1,50,2,1,0.5284511535310529,1,1.0,1.0
receive,8,1,8,50,3,1,0.5226660151997125,1,0.0,0.125
receive,8,3,8,50,3,2,0.4950026960816942,1,1.0,0.125
receive,8,5,8,50,3,1,0.44006801988884164,1,1.0,0.125
receive,8,8,8,50,3,3,0.3580744329045211,2,0.0,0.25
receive,8,9,8,50,3,2,0.4316746323664585,3,0.3333333333333333,0.375
receive,9,5,11,50,2,1,0.46865531166624,2,0.5,0.18181818181818182
receive,9,6,11,50,2,2,0.4844204388401511,5,1.0,0.45454545454545453
receive,9,8,11,50,2,3,0.38263463324307784,1,0.0,0.09090909090909091
receive,9,9,11,50,2,2,0.45876777280528275,2,1.0,0.18181818181818182
receive,9,13,11,50,2,3,0.36796573318700626,1,1.0,0.09090909090909091
receive,9,5,3,50,3,1,0.4591261254059189,1,1.0,0.3333333333333333
receive,9,9,3,50,3,2,0.4535424780232417,1,0.0,0.3333333333333333
receive,9,13,3,50,3,3,0.29454797648257275,1,0.0,0.3333333333333333
receive,10,2,20,50,2,1,0.4728859658673348,3,0.6666666666666666,0.15
receive,10,6,20,50,2,2,0.47330481807616165,1,0.0,0.05
receive,10,6,20,50,2,3,0.47392394390991965,5,0.4,0.25
receive,10,9,20,50,2,2,0.4494339862249951,2,0.5,0.1
receive,10,9,20,50,2,3,0.4351328037450549,1,1.0,0.05
receive,10,10,20,50,2,2,0.43226116035848283,6,0.5,0.3
receive,10,13,20,50,2,3,0.36636215600313127,2,0.5,0.1
receive,10,2,1,50,3,1,0.4810759097413056,1,0.0,1.0
receive,11,8,1,50,2,3,0.30585766232601,1,1.0,1.0
receive,1,1,1,51,1,1,0.3854240258134646,1,0.0,1.0
receive,4,11,1,51,1,2,0.28637390602403884,1,1.0,1.0
receive,6,1,1,51,2,1,0.4067108557148718,1,0.0,1.0
receive,6,1,1,51,3,1,0.4096569386455916,1,1.0,1.0
receive,10,1,15,51,2,1,0.4055587864021719,8,0.25,0.5333333333333333
receive,10,3,15,51,2,3,0.41806907425765444,3,0.3333333333333333,0.2
receive,10,6,15,51,2,3,0.3489353852225819,2,0.5,0.13333333333333333
receive,10,10,15,51,2,2,0.31488234296355766,2,0.0,0.13333333333333333
receive,10,12,1,51,5,2,0.3622103128967375,1,0.0,1.0
receive,11,1,4,51,2,1,0.3842560899632634,3,0.6666666666666666,0.75
receive,11,3,4,51,2,3,0.3878836619699012,1,1.0,0.25
receive,11,1,1,51,5,1,0.3834808753791859,1,0.0,1.0
receive,4,3,1,52,4,3,0.47190072404473665,1,1.0,1.0
receive,6,6,2,52,2,3,0.4177871335820631,1,0.0,0.5
receive,6,13,2,52,2,3,0.23952249936367773,1,0.0,0.5
receive,6,6,2,52,3,3,0.43781254954421056,1,1.0,0.5
receive,6,13,2,52,3,3,0.27102090665701883,1,1.0,0.5
receive,7,1,1,52,1,1,0.4713272440969095,1,0.0,1.0
receive,7,1,4,52,3,1,0.4741917482413286,3,0.3333333333333333,0.75
receive,7,13,4,52,3,3,0.21238483438081998,1,0.0,0.25
receive,10,1,7,52,2,1,0.47175820222015924,4,0.5,0.5714285714285714
receive,10,5,7,52,2,1,0.3998470326749903,1,0.0,0.14285714285714285
receive,10,6,7,52,2,3,0.4130936480518824,1,1.0,0.14285714285714285
receive,10,13,7,52,2,3,0.3033789758786691,1,0.0,0.14285714285714285
receive,10,5,5,52,5,0,0.009317244272862088,1,0.0,0.2
receive,10,6,5,52,5,3,0.4007392480105249,2,0.0,0.4
receive,10,13,5,52,5,0,0.009438177835895248,2,0.0,0.4
receive,11,1,1,52,2,1,0.41710752400402956,1,0.0,1.0
receive,1,1,9,53,1,1,0.49466014105455725,3,0.0,0.3333333333333333
receive,1,5,9,53,1,1,0.4205717439873624,1,1.0,0.1111111111111111
receive,1,6,9,53,1,2,0.4378053438902285,1,0.0,0.1111111111111111
receive,1,6,9,53,1,3,0.4441784357165393,2,0.5,0.2222222222222222
receive,1,10,9,53,1,2,0.39497771335819803,1,0.0,0.1111111111111111
receive,1,13,9,53,1,3,0.29290189516046355,1,1.0,0.1111111111111111
receive,1,5,1,53,4,1,0.46930301208641917,1,1.0,1.0
receive,4,5,1,53,1,1,0.4047681396207005,1,0.0,1.0
receive,4,1,1,53,4,1,0.527024601878442,1,0.0,1.0
receive,6,1,10,53,2,1,0.4998291037862524,2,1.0,0.2
receive,6,5,10,53,2,1,0.4196690674718104,3,0.0,0.3
receive,6,6,10,53,2,2,0.4400801444420991,2,0.5,0.2
receive,6,6,10,53,2,3,0.44070732938207585,1,1.0,0.1
receive,6,9,10,53,2,2,0.4096739995641917,1,1.0,0.1
receive,6,13,10,53,2,3,0.2893949697218904,1,1.0,0.1
receive,6,1,13,53,3,1,0.5022102139769289,5,0.6,0.38461538461538464
receive,6,5,13,53,3,1,0.41891022259651517,2,0.0,0.15384615384615385
receive,6,6,13,53,3,3,0.44332782339367516,3,0.6666666666666666,0.23076923076923078
receive,6,8,13,53,3,3,0.3347652852918173,1,0.0,0.07692307692307693
receive,6,13,13,53,3,3,0.26799633000296347,2,0.0,0.15384615384615385
receive,8,1,2,53,3,1,0.4867207816692306,1,1.0,0.5
receive,8,5,2,53,3,1,0.40423891856298233,1,1.0,0.5
receive,9,1,2,53,2,1,0.509744283720188,1,0.0,0.5
receive,9,5,2,53,2,1,0.42829261466746193,1,0.0,0.5
receive,10,1,18,53,2,1,0.5035450299730858,7,0.14285714285714285,0.3888888888888889
receive,10,3,18,53,2,3,0.4987047142543671,1,0.0,0.05555555555555555
receive,10,4,18,53,2,4,0.5288565731844636,1,1.0,0.05555555555555555
receive,10,5,18,53,2,1,0.42647709714634974,3,0.3333333333333333,0.16666666666666666
receive,10,6,18,53,2,3,0.43960007771193255,4,0.25,0.2222222222222222
receive,10,7,18,53,2,1,0.3874220861576101,1,0.0,0.05555555555555555
receive,10,13,18,53,2,3,0.3215144873150495,1,1.0,0.05555555555555555
receive,10,10,1,53,5,2,0.43175553577885406,1,1.0,1.0
receive,4,1,9,54,1,1,0.4954199006458517,3,0.6666666666666666,0.3333333333333333
receive,4,5,9,54,1,1,0.40476513028254896,2,1.0,0.2222222222222222
receive,4,6,9,54,1,3,0.4219462376718684,1,0.0,0.1111111111111111
receive,4,13,9,54,1,3,0.2658923575854996,3,0.0,0.3333333333333333
receive,7,1,7,54,1,1,0.4995452021907565,2,0.5,0.2857142857142857
receive,7,5,7,54,1,1,0.43100547669487455,1,0.0,0.14285714285714285
receive,7,6,7,54,1,3,0.4499442729938602,2,0.0,0.2857142857142857
receive,7,13,7,54,1,3,0.3131863325248591,2,0.0,0.2857142857142857
receive,10,1,11,54,2,1,0.49345715856916345,4,0.25,0.36363636363636365
receive,10,2,11,54,2,1,0.4333479772414697,1,0.0,0.09090909090909091
receive,10,5,11,54,2,1,0.42013879062794035,2,1.0,0.18181818181818182
receive,10,11,11,54,2,2,0.39144967076141146,1,1.0,0.09090909090909091
receive,10,13,11,54,2,3,0.32346987212416856,3,0.3333333333333333,0.2727272727272727
receive,11,1,14,54,2,1,0.47572422503071315,7,0.7142857142857143,0.5
receive,11,2,14,54,2,1,0.417786129936963,1,0.0,0.07142857142857142
receive,11,4,14,54,2,1,0.43479605367118934,1,0.0,0.07142857142857142
receive,11,11,14,54,2,2,0.38680428294878816,3,0.3333333333333333,0.21428571428571427
receive,11,13,14,54,2,3,0.29130011482493084,2,0.5,0.14285714285714285
receive,11,2,2,54,3,1,0.4325338835117871,1,1.0,0.5
receive,11,13,2,54,3,3,0.2748442994602882,1,0.0,0.5
receive,1,6,4,55,1,3,0.5875324293307236,4,0.5,1.0
receive,4,5,5,55,1,1,0.554837016975842,1,1.0,0.2
receive,4,6,5,55,1,3,0.5745449137449097,3,0.6666666666666666,0.6
receive,4,13,5,55,1,3,0.4166498401160954,1,1.0,0.2
receive,7,13,1,55,3,3,0.4474204888931778,1,1.0,1.0
receive,10,2,3,55,2,1,0.5888971912809549,2,0.5,0.6666666666666666
receive,10,6,3,55,2,3,0.5892359664971271,1,0.0,0.3333333333333333
receive,11,1,5,55,2,1,0.6309681310647837,4,0.5,0.8
receive,11,6,5,55,2,3,0.5854658808006323,1,1.0,0.2
receive,1,1,14,56,1,1,0.4866395166161901,8,0.625,0.5714285714285714
receive,1,3,14,56,1,3,0.5304548537213563,3,0.6666666666666666,0.21428571428571427
receive,1,10,14,56,1,2,0.39723092887693534,1,1.0,0.07142857142857142
receive,1,11,14,56,1,2,0.39587213408651467,2,0.0,0.14285714285714285
receive,3,1,2,56,3,1,0.4996385165965721,1,0.0,0.5
receive,3,11,2,56,3,2,0.4065939751961838,1,0.0,0.5
receive,6,3,1,56,3,3,0.49345760528718646,1,1.0,1.0
receive,7,1,3,56,3,1,0.503981011336622,3,0.0,1.0
receive,10,1,27,56,2,1,0.5114286895477282,15,0.6,0.5555555555555556
receive,10,3,27,56,2,3,0.5105620452033248,2,0.5,0.07407407407407407
receive,10,5,27,56,2,1,0.4364164241817291,1,1.0,0.037037037037037035
receive,10,6,27,56,2,3,0.4498514490988747,1,0.0,0.037037037037037035
receive,10,10,27,56,2,2,0.4097296475865196,6,0.5,0.2222222222222222
receive,10,13,27,56,2,3,0.34346510950880366,2,0.0,0.07407407407407407
receive,11,10,1,56,2,2,0.39610975921011077,1,1.0,1.0
receive,1,5,9,57,1,1,0.3803683631749556,6,0.6666666666666666,0.6666666666666666
receive,1,6,9,57,1,3,0.4020482281632121,1,1.0,0.1111111111111111
receive,1,13,9,57,1,3,0.26299729946674655,2,0.0,0.2222222222222222
receive,4,5,2,57,1,1,0.3829878256869396,1,0.0,0.5
receive,4,13,2,57,1,3,0.2571256404082194,1,0.0,0.5
receive,6,6,1,57,2,3,0.3955652537314674,1,1.0,1.0
receive,6,3,7,57,3,2,0.43713611778434736,1,0.0,0.14285714285714285
receive,6,5,7,57,3,1,0.3830170847260663,1,0.0,0.14285714285714285
receive,6,6,7,57,3,3,0.40579763610255143,3,1.0,0.42857142857142855
receive,6,12,7,57,3,2,0.3608974616638619,1,0.0,0.14285714285714285
receive,6,13,7,57,3,3,0.24244312381881908,1,0.0,0.14285714285714285
receive,7,5,11,57,1,1,0.39092201212944533,5,0.4,0.45454545454545453
receive,7,6,11,57,1,3,0.40959021661881595,4,0.75,0.36363636363636365
receive,7,13,11,57,1,3,0.27632396741420673,2,0.0,0.18181818181818182
receive,8,12,2,57,2,2,0.3471180667289365,1,0.0,0.5
receive,8,13,2,57,2,3,0.26833291429347494,1,0.0,0.5
receive,9,3,5,57,2,3,0.42157590425395475,1,1.0,0.2
receive,9,6,5,57,2,2,0.40813257260477886,2,0.5,0.4
receive,9,12,5,57,2,2,0.3713295830359254,2,1.0,0.4
receive,10,1,40,57,2,1,0.46200525352356225,1,1.0,0.025
receive,10,5,40,57,2,1,0.3906474860714934,2,0.0,0.05
receive,10,6,40,57,2,2,0.40264022962879914,2,0.0,0.05
receive,10,6,40,57,2,3,0.40319175379212624,1,0.0,0.025
receive,10,10,40,57,2,2,0.3591594832797826,1,0.0,0.025
receive,10,11,40,57,2,2,0.35951845142121164,2,0.0,0.05
receive,10,12,40,57,2,2,0.3636935188467215,15,0.13333333333333333,0.375
receive,10,13,40,57,2,3,0.2920338805637926,16,0.1875,0.4
receive,10,6,2,57,3,3,0.3869452766033534,1,1.0,0.5
receive,10,13,2,57,3,3,0.23389316485617156,1,0.0,0.5
receive,11,1,8,57,2,1,0.4347380267133508,3,0.0,0.375
receive,11,5,8,57,2,1,0.3704940222553447,1,1.0,0.125
receive,11,7,8,57,2,1,0.3367867593555922,1,1.0,0.125
receive,11,10,8,57,2,2,0.33818672110135295,1,1.0,0.125
receive,11,11,8,57,2,3,0.3185536921238654,1,0.0,0.125
receive,11,13,8,57,2,3,0.25606978759990623,1,0.0,0.125
receive,12,5,7,57,2,1,0.35739964151531906,1,0.0,0.14285714285714285
receive,12,6,7,57,2,3,0.3742200809463604,1,0.0,0.14285714285714285
receive,12,10,7,57,2,2,0.34353021282244967,1,0.0,0.14285714285714285
receive,12,12,7,57,2,2,0.3427624990673675,4,0.25,0.5714285714285714
receive,1,6,2,58,1,3,0.5452875149969176,2,0.0,1.0
receive,4,2,5,58,4,1,0.5557537846787721,1,1.0,0.2
receive,4,5,5,58,4,1,0.5411255875883855,1,1.0,0.2
receive,4,6,5,58,4,3,0.5639590325963459,3,0.3333333333333333,0.6
receive,10,5,1,58,2,1,0.5334572013874551,1,1.0,1.0
receive,10,2,2,58,3,1,0.5396293233865936,1,1.0,0.5
receive,10,13,2,58,3,3,0.32104823620496814,1,0.0,0.5
receive,11,1,2,58,2,1,0.6012989052038387,1,1.0,0.5
receive,11,10,2,58,2,2,0.48384196924841155,1,0.0,0.5
receive,1,2,8,59,1,1,0.39436310183289025,7,0.42857142857142855,0.875
receive,1,6,8,59,1,3,0.4093435142204981,1,1.0,0.125
receive,10,1,14,59,2,1,0.4688441538297757,1,0.0,0.07142857142857142
receive,10,2,14,59,2,1,0.4046704150119334,4,0.5,0.2857142857142857
receive,10,5,14,59,2,1,0.3926801526542792,1,0.0,0.07142857142857142
receive,10,6,14,59,2,3,0.4051474290580225,2,0.5,0.14285714285714285
receive,10,10,14,59,2,2,0.36510221005386573,2,0.5,0.14285714285714285
receive,10,13,14,59,2,3,0.30449540190148,4,0.0,0.2857142857142857
receive,10,2,3,59,3,1,0.38444559218488833,1,0.0,0.3333333333333333
receive,10,13,3,59,3,3,0.24065936739128535,2,0.5,0.6666666666666666
receive,1,1,6,61,1,1,0.6415593984080076,1,1.0,0.16666666666666666
receive,1,5,6,61,1,1,0.5757373021785582,2,1.0,0.3333333333333333
receive,1,6,6,61,1,3,0.593007903860209,2,0.5,0.3333333333333333
receive,1,13,6,61,1,3,0.4414398510982178,1,0.0,0.16666666666666666
receive,4,6,3,61,1,3,0.5771806270671967,3,0.6666666666666666,1.0
receive,10,2,4,61,2,1,0.5914695864873358,1,1.0,0.25
receive,10,13,4,61,2,3,0.49045771148438405,3,1.0,0.75
receive,10,13,1,61,3,3,0.35692607834628665,1,0.0,1.0
receive,11,11,2,61,2,2,0.5372641924676633,1,1.0,0.5
receive,11,13,2,61,2,3,0.4451274330753652,1,1.0,0.5
receive,11,5,1,61,3,1,0.5469253557961195,1,0.0,1.0
receive,1,1,4,62,1,1,0.546534375443491,2,0.5,0.5
receive,1,5,4,62,1,1,0.47806946876028805,1,1.0,0.25
receive,1,6,4,62,1,3,0.49658041088831184,1,0.0,0.25
receive,4,1,14,62,1,1,0.5506736510803582,10,0.6,0.7142857142857143
receive,4,6,14,62,1,3,0.4808978669602358,1,0.0,0.07142857142857142
receive,4,13,14,62,1,3,0.31533468030965384,3,0.3333333333333333,0.21428571428571427
receive,4,1,2,62,4,1,0.569326400545248,1,0.0,0.5
receive,4,10,2,62,4,2,0.44353209877629063,1,0.0,0.5
receive,10,2,4,62,2,0,0.016027292579280778,1,0.0,0.25
receive,10,2,4,62,2,1,0.49466342165089106,2,0.5,0.5
receive,10,13,4,62,2,3,0.3703344203440361,1,1.0,0.25
receive,11,1,19,62,2,1,0.5253912735229522,9,0.4444444444444444,0.47368421052631576
receive,11,2,19,62,2,1,0.46963919088520073,3,0.6666666666666666,0.15789473684210525
receive,11,7,19,62,2,1,0.43278687577823444,1,0.0,0.05263157894736842
receive,11,11,19,62,2,2,0.44028900199822507,1,1.0,0.05263157894736842
receive,11,11,19,62,2,3,0.4107726833133729,1,0.0,0.05263157894736842
receive,11,13,19,62,2,3,0.3319903639200148,4,0.25,0.21052631578947367
receive,11,13,1,62,3,3,0.32090152628887847,1,0.0,1.0
receive,4,1,2,63,4,1,0.5531158306081403,1,0.0,0.5
receive,4,5,2,63,4,1,0.47338787348717615,1,0.0,0.5
receive,7,1,1,63,3,1,0.5283599456883916,1,0.0,1.0
receive,10,1,7,63,2,1,0.5302787304771609,1,1.0,0.14285714285714285
receive,10,2,7,63,2,1,0.46544745854423347,2,1.0,0.2857142857142857
receive,10,5,7,63,2,1,0.45210622933790967,1,0.0,0.14285714285714285
receive,10,10,7,63,2,2,0.42522099147931985,1,0.0,0.14285714285714285
receive,10,13,7,63,2,3,0.33455642249247425,2,0.0,0.2857142857142857
receive,11,1,4,63,2,1,0.4942084754856702,1,0.0,0.25
receive,11,7,4,63,2,3,0.3997678301945966,1,0.0,0.25
receive,11,10,4,63,2,2,0.4142735418627112,1,0.0,0.25
receive,11,11,4,63,2,2,0.41324971841587205,1,0.0,0.25
receive,1,1,43,64,1,1,0.47013883684621105,3,0.3333333333333333,0.06976744186046512
receive,1,2,43,64,1,1,0.40789828386341925,4,0.25,0.09302325581395349
receive,1,3,43,64,1,3,0.4482056282304886,1,0.0,0.023255813953488372
receive,1,5,43,64,1,1,0.4022845717502797,8,0.5,0.18604651162790697
receive,1,6,43,64,1,3,0.4223152341158132,19,0.42105263157894735,0.4418604651162791
receive,1,13,43,64,1,0,0.00912321341971789,1,0.0,0.023255813953488372
receive,1,13,43,64,1,3,0.284540422867574,7,0.42857142857142855,0.16279069767441862
receive,4,1,30,64,1,1,0.4701157613584125,2,0.5,0.06666666666666667
receive,4,2,30,64,1,1,0.4017621938834537,2,0.0,0.06666666666666667
receive,4,5,30,64,1,1,0.38458152481677127,8,0.75,0.26666666666666666
receive,4,6,30,64,1,3,0.4042719127021694,7,0.5714285714285714,0.23333333333333334
receive,4,13,30,64,1,3,0.25873753239674346,11,0.2727272727272727,0.36666666666666664
receive,4,6,11,64,4,3,0.44098684330591237,9,0.4444444444444444,0.8181818181818182
receive,4,13,11,64,4,3,0.24906261894759665,2,0.5,0.18181818181818182
receive,6,12,1,64,2,2,0.3683972437150567,1,1.0,1.0
receive,6,2,16,64,3,1,0.43410738715929814,1,0.0,0.0625
receive,6,3,16,64,3,2,0.4963128081429067,4,0.5,0.25
receive,6,6,16,64,3,3,0.42857040401629687,6,0.5,0.375
receive,6,13,16,64,3,3,0.25825863244408864,5,0.0,0.3125
receive,7,1,10,64,1,1,0.48502595531333287,1,1.0,0.1
receive,7,5,10,64,1,1,0.4111933237143493,2,0.0,0.2
receive,7,6,10,64,1,3,0.43093546816871164,4,0.5,0.4
receive,7,13,10,64,1,3,0.3027781264709152,3,0.3333333333333333,0.3
receive,7,1,6,64,3,1,0.4842012457754677,1,0.0,0.16666666666666666
receive,7,2,6,64,3,1,0.43143588252690684,1,0.0,0.16666666666666666
receive,7,5,6,64,3,1,0.4111669345276126,1,0.0,0.16666666666666666
receive,7,6,6,64,3,3,0.43208088325411803,2,1.0,0.3333333333333333
receive,7,13,6,64,3,3,0.24124601177561114,1,0.0,0.16666666666666666
receive,9,3,6,64,2,3,0.4503294799955368,1,0.0,0.16666666666666666
receive,9,9,6,64,2,2,0.4090318292962832,1,0.0,0.16666666666666666
receive,9,12,6,64,2,2,0.3935981835109346,4,0.25,0.6666666666666666
receive,9,5,1,64,3,1,0.39438169325005507,1,1.0,1.0
receive,10,1,58,64,2,1,0.47813941884524225,8,0.625,0.13793103448275862
receive,10,2,58,64,2,1,0.41757009253777466,3,0.0,0.05172413793103448
receive,10,5,58,64,2,1,0.4060928802358729,3,0.3333333333333333,0.05172413793103448
receive,10,6,58,64,2,3,0.41920792627609343,4,0.5,0.06896551724137931
receive,10,7,58,64,2,3,0.35868370692077467,1,0.0,0.017241379310344827
receive,10,10,58,64,2,2,0.37836141849158456,2,0.0,0.034482758620689655
receive,10,10,58,64,2,5,0.4517705118396502,1,0.0,0.017241379310344827
receive,10,12,58,64,2,2,0.3840804984493236,12,0.3333333333333333,0.20689655172413793
receive,10,12,58,64,2,5,0.4699891065418083,2,0.5,0.034482758620689655
receive,10,13,58,64,2,3,0.3120377028474831,22,0.22727272727272727,0.3793103448275862
receive,10,3,13,64,3,2,0.49682048131980516,1,0.0,0.07692307692307693
receive,10,3,13,64,3,3,0.5035135822873558,1,0.0,0.07692307692307693
receive,10,13,13,64,3,0,0.009916724993456664,1,0.0,0.07692307692307693
receive,10,13,13,64,3,3,0.22119105732768454,10,0.3,0.7692307692307693
receive,10,2,9,64,5,1,0.3960199330951686,1,1.0,0.1111111111111111
receive,10,5,9,64,5,1,0.38093830975903853,2,0.5,0.2222222222222222
receive,10,7,9,64,5,3,0.3734508983712149,1,1.0,0.1111111111111111
receive,10,12,9,64,5,2,0.41496470607189717,3,0.6666666666666666,0.3333333333333333
receive,10,12,9,64,5,5,0.4967263673825814,1,1.0,0.1111111111111111
receive,10,13,9,64,5,3,0.3487948682401727,1,0.0,0.1111111111111111
receive,11,1,43,64,2,1,0.4508902272256106,18,0.6111111111111112,0.4186046511627907
receive,11,2,43,64,2,1,0.39328380914174854,1,0.0,0.023255813953488372
receive,11,4,43,64,2,1,0.4105914133950023,1,1.0,0.023255813953488372
receive,11,5,43,64,2,1,0.38762255704361354,2,1.0,0.046511627906976744
receive,11,6,43,64,2,3,0.40063548231519946,1,1.0,0.023255813953488372
receive,11,7,43,64,2,1,0.35012489465697394,2,1.0,0.046511627906976744
receive,11,10,43,64,2,2,0.3502005623601697,6,0.16666666666666666,0.13953488372093023
receive,11,11,43,64,2,2,0.3567484885566595,4,0.25,0.09302325581395349
receive,11,11,43,64,2,3,0.32717595587048715,1,1.0,0.023255813953488372
receive,11,12,43,64,2,2,0.3622299827596606,1,0.0,0.023255813953488372
receive,11,13,43,64,2,3,0.2564710042770482,6,0.6666666666666666,0.13953488372093023
receive,11,1,2,64,3,1,0.42806311171963446,1,0.0,0.5
receive,11,6,2,64,3,3,0.3770962530055374,1,1.0,0.5
receive,12,2,30,64,2,1,0.3915515728286004,3,0.3333333333333333,0.1
receive,12,3,30,64,2,3,0.4360905650587553,1,1.0,0.03333333333333333
receive,12,5,30,64,2,1,0.3885521412793897,1,0.0,0.03333333333333333
receive,12,12,30,64,2,0,0.00874626199903607,1,0.0,0.03333333333333333
receive,12,12,30,64,2,2,0.3773014465948958,18,0.3888888888888889,0.6
receive,12,12,30,64,2,5,0.3937530198139066,6,0.3333333333333333,0.2
receive,12,12,1,64,3,2,0.3489223563250677,1,1.0,1.0
receive,12,2,9,64,5,1,0.36980180324574313,1,0.0,0.1111111111111111
receive,12,5,9,64,5,1,0.3565209491787596,1,1.0,0.1111111111111111
receive,12,12,9,64,5,2,0.3927076193891967,7,0.2857142857142857,0.7777777777777778
receive,1,2,1,65,1,1,0.6289423445355067,1,1.0,1.0
receive,4,1,8,65,1,1,0.6939419965634797,3,0.3333333333333333,0.375
receive,4,5,8,65,1,1,0.6111113437184856,2,0.5,0.25
receive,4,13,8,65,1,0,0.03782002124541054,1,0.0,0.125
receive,4,13,8,65,1,3,0.45901080783889536,2,0.5,0.25
receive,6,1,1,65,3,1,0.7035580028836879,1,0.0,1.0
receive,10,1,8,65,2,1,0.6905606834268836,3,0.6666666666666666,0.375
receive,10,2,8,65,2,1,0.6310974633906844,1,1.0,0.125
receive,10,9,8,65,2,2,0.6061327426064249,1,1.0,0.125
receive,10,13,8,65,2,3,0.49808195284997175,3,0.6666666666666666,0.375
receive,10,1,1,65,5,1,0.6890901648969094,1,1.0,1.0
receive,1,1,14,66,1,1,0.4644240727642085,8,0.25,0.5714285714285714
receive,1,10,14,66,1,2,0.3763786055451587,1,0.0,0.07142857142857142
receive,1,11,14,66,1,3,0.35140364733551727,5,0.4,0.35714285714285715
receive,6,11,1,66,3,3,0.4127843257231867,1,0.0,1.0
receive,7,10,1,66,1,2,0.3496649212664959,1,1.0,1.0
receive,10,1,8,66,2,1,0.45669245779229756,4,0.25,0.5
receive,10,10,8,66,2,2,0.35856214909300654,1,0.0,0.125
receive,10,10,8,66,2,3,0.3376306928105592,3,0.3333333333333333,0.375
receive,10,1,5,66,3,1,0.4568583496309545,2,0.5,0.4
receive,10,10,5,66,3,2,0.35271943559401986,1,0.0,0.2
receive,10,10,5,66,3,3,0.3321268377237415,2,0.0,0.4
receive,11,1,3,66,3,1,0.5012358947924443,3,0.6666666666666666,1.0
receive,1,1,10,67,1,1,0.6320556406407145,1,1.0,0.1
receive,1,2,10,67,1,1,0.5802558128804435,3,0.6666666666666666,0.3
receive,1,3,10,67,1,2,0.6644283568438221,1,1.0,0.1
receive,1,5,10,67,1,1,0.5606371890174626,2,0.5,0.2
receive,1,6,10,67,1,3,0.5755563982240474,2,0.5,0.2
receive,1,13,10,67,1,0,0.025198830579930158,1,0.0,0.1
receive,4,5,1,67,1,1,0.5333318006877423,1,1.0,1.0
receive,7,2,5,67,1,1,0.5823656533413223,3,0.6666666666666666,0.6
receive,7,5,5,67,1,1,0.5645334105433127,2,1.0,0.4
receive,10,2,2,67,2,1,0.5707426235793838,1,1.0,0.5
receive,10,6,2,67,2,3,0.5719943243677006,1,0.0,0.5
receive,11,1,6,67,2,1,0.6369232369270457,5,0.6,0.8333333333333334
receive,11,10,6,67,2,2,0.5390037121597681,1,0.0,0.16666666666666666
receive,1,1,5,68,1,1,0.4242366018567953,4,0.25,0.8
receive,1,10,5,68,1,2,0.33691120224854915,1,1.0,0.2
receive,7,1,3,68,1,1,0.4479146851846952,1,1.0,0.3333333333333333
receive,7,3,3,68,1,3,0.4513562108289522,1,1.0,0.3333333333333333
receive,7,13,3,68,1,3,0.26742804740722825,1,0.0,0.3333333333333333
receive,7,1,1,68,3,1,0.45341162704860033,1,1.0,1.0
receive,10,1,4,68,2,1,0.43884535506731975,2,0.5,0.5
receive,10,13,4,68,2,3,0.2537509644710517,2,0.0,0.5
receive,10,13,4,68,3,3,0.19975620809354994,4,0.25,1.0
receive,10,2,1,68,5,1,0.3786273564085984,1,0.0,1.0
receive,1,1,21,69,1,1,0.54573136349209,1,1.0,0.047619047619047616
receive,1,2,21,69,1,1,0.48436050724975677,10,0.5,0.47619047619047616
receive,1,5,21,69,1,1,0.4769849558576188,3,0.3333333333333333,0.14285714285714285
receive,1,6,21,69,1,3,0.49711429762487686,3,0.6666666666666666,0.14285714285714285
receive,1,13,21,69,1,3,0.3435909499441569,4,0.25,0.19047619047619047
receive,4,1,6,69,1,1,0.5443487336457304,1,0.0,0.16666666666666666
receive,4,5,6,69,1,1,0.45813241828993306,1,1.0,0.16666666666666666
receive,4,13,6,69,1,3,0.31879944434264834,4,0.75,0.6666666666666666
receive,4,5,7,69,4,1,0.5125395156956322,1,0.0,0.14285714285714285
receive,4,6,7,69,4,3,0.5344618164931257,5,0.6,0.7142857142857143
receive,4,13,7,69,4,3,0.32026750498739176,1,0.0,0.14285714285714285
receive,6,2,12,69,3,1,0.49953596250499976,5,0.4,0.4166666666666667
receive,6,6,12,69,3,3,0.5008421735414111,3,1.0,0.25
receive,6,13,12,69,3,3,0.31767461899340693,4,0.0,0.3333333333333333
receive,7,2,5,69,1,1,0.5030894358677758,4,0.5,0.8
receive,7,5,5,69,1,1,0.4892455865107155,1,1.0,0.2
receive,7,6,1,69,3,3,0.5070089512803928,1,0.0,1.0
receive,10,1,57,69,2,1,0.5530101711755011,9,0.8888888888888888,0.15789473684210525
receive,10,2,57,69,2,1,0.48811299773069694,9,0.4444444444444444,0.15789473684210525
receive,10,5,57,69,2,1,0.47664852253129636,4,0.5,0.07017543859649122
receive,10,6,57,69,2,3,0.4891828353014371,7,0.7142857142857143,0.12280701754385964
receive,10,11,57,69,2,3,0.42430128689905827,1,1.0,0.017543859649122806
receive,10,13,57,69,2,3,0.3829907880448669,27,0.48148148148148145,0.47368421052631576
receive,10,1,4,69,3,0,0.016147776465596057,1,0.0,0.25
receive,10,2,4,69,3,1,0.4818311087900998,1,1.0,0.25
receive,10,13,4,69,3,3,0.333436870218651,2,0.0,0.5
receive,11,1,13,69,2,1,0.5320569667073946,8,0.75,0.6153846153846154
receive,11,5,13,69,2,1,0.46313008644170395,1,1.0,0.07692307692307693
receive,11,6,13,69,2,3,0.47483091715426506,1,1.0,0.07692307692307693
receive,11,10,13,69,2,2,0.4216540211716367,3,0.0,0.23076923076923078
receive,11,1,1,69,3,1,0.6065012921095738,1,0.0,1.0
receive,1,1,34,70,1,1,0.561661576827183,8,0.625,0.23529411764705882
receive,1,2,34,70,1,1,0.5023038780213805,5,0.4,0.14705882352941177
receive,1,5,34,70,1,1,0.49081985037866266,10,0.4,0.29411764705882354
receive,1,6,34,70,1,3,0.5108995458380179,6,0.6666666666666666,0.17647058823529413
receive,1,13,34,70,1,3,0.3471422392965805,5,0.4,0.14705882352941177
receive,3,2,2,70,2,1,0.47871805664309997,1,0.0,0.5
receive,3,13,2,70,2,3,0.3556012979942984,1,0.0,0.5
receive,4,1,59,70,1,0,0.016704845948054443,1,0.0,0.01694915254237288
receive,4,1,59,70,1,1,0.5663003947134984,3,0.0,0.05084745762711865
receive,4,2,59,70,1,1,0.5014959480264863,5,0.6,0.0847457627118644
receive,4,5,59,70,1,0,0.01686009837352886,2,0.0,0.03389830508474576
receive,4,5,59,70,1,1,0.4749506582257494,13,0.23076923076923078,0.22033898305084745
receive,4,6,59,70,1,0,0.016879050638420667,1,0.0,0.01694915254237288
receive,4,6,59,70,1,3,0.49346832651940215,21,0.38095238095238093,0.3559322033898305
receive,4,13,59,70,1,3,0.32538936111263717,13,0.46153846153846156,0.22033898305084745
receive,4,1,7,70,4,1,0.5937821938277477,1,0.0,0.14285714285714285
receive,4,5,7,70,4,1,0.5133501710556627,3,0.0,0.42857142857142855
receive,4,6,7,70,4,3,0.5356480195572775,2,0.5,0.2857142857142857
receive,4,13,7,70,4,3,0.33414015034111344,1,1.0,0.14285714285714285
receive,6,5,1,70,3,1,0.5102504765429159,1,1.0,1.0
receive,7,2,21,70,1,1,0.528286889830518,4,0.75,0.19047619047619047
receive,7,5,21,70,1,0,0.016904036508987197,1,0.0,0.047619047619047616
receive,7,5,21,70,1,1,0.5094212043781157,5,0.4,0.23809523809523808
receive,7,6,21,70,1,3,0.5265688120967587,4,0.5,0.19047619047619047
receive,7,13,21,70,1,0,0.017096234675192917,1,0.0,0.047619047619047616
receive,7,13,21,70,1,3,0.4007522972687041,5,0.0,0.23809523809523808
receive,7,14,21,70,1,1,0.2721351650910099,1,0.0,0.047619047619047616
receive,10,1,56,70,2,0,0.017183121215133174,1,0.0,0.017857142857142856
receive,10,1,56,70,2,1,0.5751180812929239,5,0.4,0.08928571428571429
receive,10,2,56,70,2,0,0.016934295733387655,2,0.0,0.03571428571428571
receive,10,2,56,70,2,1,0.5155737303909932,13,0.46153846153846156,0.23214285714285715
receive,10,4,56,70,2,1,0.5345514636604382,1,0.0,0.017857142857142856
receive,10,5,56,70,2,1,0.4971521725075395,4,0.5,0.07142857142857142
receive,10,6,56,70,2,3,0.5101508020470081,6,0.6666666666666666,0.10714285714285714
receive,10,13,56,70,2,0,0.01697047956359755,2,0.0,0.03571428571428571
receive,10,13,56,70,2,3,0.4068992306468838,22,0.4090909090909091,0.39285714285714285
receive,10,1,8,70,3,1,0.5672976010694885,1,1.0,0.125
receive,10,5,8,70,3,1,0.48265255719251987,3,0.3333333333333333,0.375
receive,10,13,8,70,3,3,0.3195677598957939,4,0.0,0.5
receive,10,1,2,70,5,1,0.5106518278600409,1,0.0,0.5
receive,10,2,2,70,5,1,0.461935998994229,1,1.0,0.5
receive,11,1,63,70,2,1,0.5596179662774056,30,0.6,0.47619047619047616
receive,11,2,63,70,2,1,0.49985527496449783,7,0.42857142857142855,0.1111111111111111
receive,11,4,63,70,2,1,0.5161828504460464,3,0.6666666666666666,0.047619047619047616
receive,11,4,63,70,2,4,0.5044776148052291,1,0.0,0.015873015873015872
receive,11,5,63,70,2,1,0.49325911739054074,4,0.5,0.06349206349206349
receive,11,6,63,70,2,3,0.5065025152880817,3,0.6666666666666666,0.047619047619047616
receive,11,10,63,70,2,2,0.458832696201244,2,0.5,0.031746031746031744
receive,11,11,63,70,2,2,0.46538640353298066,2,1.0,0.031746031746031744
receive,11,11,63,70,2,3,0.43815584148102077,1,0.0,0.015873015873015872
receive,11,12,63,70,2,2,0.4780305317853633,1,0.0,0.015873015873015872
receive,11,13,63,70,2,0,0.015714697708110875,1,0.0,0.015873015873015872
receive,11,13,63,70,2,3,0.37185497748255514,6,0.6666666666666666,0.09523809523809523
receive,11,14,63,70,2,1,0.246393672484032,2,0.0,0.031746031746031744
receive,11,1,23,70,3,1,0.5573665983752487,3,0.3333333333333333,0.13043478260869565
receive,11,2,23,70,3,1,0.5005235389369822,6,0.5,0.2608695652173913
receive,11,4,23,70,3,1,0.5164304365716432,1,1.0,0.043478260869565216
receive,11,6,23,70,3,3,0.5050734181264555,3,0.3333333333333333,0.13043478260869565
receive,11,13,23,70,3,0,0.01608715127351127,1,0.0,0.043478260869565216
receive,11,13,23,70,3,3,0.2921680508319913,9,0.2222222222222222,0.391304347826087
receive,11,1,2,70,5,1,0.5238759223678089,2,0.0,1.0
receive,1,5,15,71,1,1,0.4876806153577921,2,1.0,0.13333333333333333
receive,1,6,15,71,1,3,0.5071398183353796,10,0.8,0.6666666666666666
receive,1,13,15,71,1,3,0.35861766575481296,3,0.0,0.2
receive,4,6,10,71,1,3,0.4880909371887109,7,0.5714285714285714,0.7
receive,4,13,10,71,1,3,0.3301307207216742,3,0.0,0.3
receive,7,6,1,71,1,3,0.526007537695944,1,0.0,1.0
receive,10,2,4,71,2,1,0.5106535119591527,3,0.6666666666666666,0.75
receive,10,6,4,71,2,3,0.5113175052626457,1,0.0,0.25
receive,10,2,2,71,3,1,0.4992410796395198,2,0.5,1.0
receive,11,1,4,71,2,1,0.55032725906379,1,0.0,0.25
receive,11,2,4,71,2,1,0.4915485646717367,1,0.0,0.25
receive,11,10,4,71,2,2,0.4446378421389888,1,1.0,0.25
receive,11,11,4,71,2,2,0.4530536254727179,1,1.0,0.25
receive,1,1,42,72,1,1,0.5441027017483415,11,0.18181818181818182,0.2619047619047619
receive,1,2,42,72,1,1,0.48565136643985013,10,0.4,0.23809523809523808
receive,1,5,42,72,1,1,0.47489972105306794,4,0.25,0.09523809523809523
receive,1,6,42,72,1,3,0.4956705369922251,8,0.375,0.19047619047619047
receive,1,13,42,72,1,0,0.014992777580029324,1,0.0,0.023809523809523808
receive,1,13,42,72,1,3,0.3369937807124837,7,0.14285714285714285,0.16666666666666666
receive,1,14,42,72,1,1,0.2614734157979082,1,0.0,0.023809523809523808
receive,3,1,1,72,2,1,0.5194637676552467,1,0.0,1.0
receive,4,1,62,72,1,1,0.551008045886323,14,0.7857142857142857,0.22580645161290322
receive,4,2,62,72,1,0,0.015380608968786945,1,0.0,0.016129032258064516
receive,4,2,62,72,1,1,0.4841369710161298,12,0.5,0.1935483870967742
receive,4,3,62,72,1,3,0.517591261012268,1,1.0,0.016129032258064516
receive,4,5,62,72,1,1,0.45989047036047104,13,0.3076923076923077,0.20967741935483872
receive,4,6,62,72,1,3,0.479986395293203,7,0.0,0.11290322580645161
receive,4,13,62,72,1,0,0.015549980550079025,2,0.0,0.03225806451612903
receive,4,13,62,72,1,3,0.3149570200895086,11,0.36363636363636365,0.1774193548387097
receive,4,14,62,72,1,3,0.2706450692398953,1,1.0,0.016129032258064516
receive,4,1,2,72,4,1,0.5753128246020922,1,0.0,0.5
receive,4,2,2,72,4,1,0.5100574316067816,1,1.0,0.5
receive,7,1,9,72,1,1,0.563827028395199,2,0.5,0.2222222222222222
receive,7,2,9,72,1,1,0.5088582098833255,1,1.0,0.1111111111111111
receive,7,5,9,72,1,0,0.015630926718614872,1,0.0,0.1111111111111111
receive,7,6,9,72,1,3,0.5125662385677533,3,1.0,0.3333333333333333
receive,7,13,9,72,1,3,0.3863298217969145,2,0.0,0.2222222222222222
receive,7,13,2,72,3,0,0.015996110567657693,1,0.0,0.5
receive,7,13,2,72,3,3,0.3185997954313389,1,1.0,0.5
receive,10,1,70,72,2,1,0.5592424257453608,10,0.7,0.14285714285714285
receive,10,2,70,72,2,1,0.49899131070455005,14,0.5,0.2
receive,10,4,70,72,2,1,0.523721079296715,2,0.0,0.02857142857142857
receive,10,5,70,72,2,1,0.4854655042358536,13,0.38461538461538464,0.18571428571428572
receive,10,6,70,72,2,3,0.4990971115950371,5,0.2,0.07142857142857142
receive,10,7,70,72,2,1,0.4451673319295126,1,0.0,0.014285714285714285
receive,10,10,70,72,2,3,0.43398263559444966,1,0.0,0.014285714285714285
receive,10,11,70,72,2,2,0.4557523508138162,2,0.5,0.02857142857142857
receive,10,13,70,72,2,3,0.3865948775831052,20,0.35,0.2857142857142857
receive,10,14,70,72,2,1,0.24779551518408494,2,0.5,0.02857142857142857
receive,10,2,15,72,3,1,0.5009706418858036,3,0.6666666666666666,0.2
receive,10,6,15,72,3,3,0.4972101570830487,4,0.75,0.26666666666666666
receive,10,10,15,72,3,3,0.4271380875143256,2,0.5,0.13333333333333333
receive,10,13,15,72,3,3,0.34409124232723587,6,0.0,0.4
receive,10,2,3,72,5,1,0.4934265124643173,2,0.5,0.6666666666666666
receive,10,10,3,72,5,2,0.5164817520124353,1,1.0,0.3333333333333333
receive,11,1,77,72,2,1,0.5322070187483969,19,0.631578947368421,0.24675324675324675
receive,11,2,77,72,2,1,0.47414554583995244,8,0.75,0.1038961038961039
receive,11,4,77,72,2,1,0.49457778419420895,5,0.6,0.06493506493506493
receive,11,5,77,72,2,1,0.46984274067899223,4,0.5,0.05194805194805195
receive,11,6,77,72,2,3,0.4835484486080437,5,0.4,0.06493506493506493
receive,11,7,77,72,2,1,0.43417924978955363,1,1.0,0.012987012987012988
receive,11,10,77,72,2,2,0.43585762623072655,12,0.75,0.15584415584415584
receive,11,10,77,72,2,3,0.4057991402377014,1,0.0,0.012987012987012988
receive,11,11,77,72,2,2,0.4412949098564922,12,0.6666666666666666,0.15584415584415584
receive,11,11,77,72,2,3,0.41117006555067226,1,0.0,0.012987012987012988
receive,11,13,77,72,2,3,0.32826954020613647,9,0.2222222222222222,0.11688311688311688
receive,11,1,25,72,3,1,0.5422083224883562,3,0.6666666666666666,0.12
receive,11,2,25,72,3,0,0.015069198903498273,1,0.0,0.04
receive,11,2,25,72,3,1,0.48679816843026247,5,0.4,0.2
receive,11,5,25,72,3,1,0.4744919741712681,1,1.0,0.04
receive,11,11,25,72,3,2,0.44244305208347784,2,0.5,0.08
receive,11,11,25,72,3,3,0.41443873371213885,1,0.0,0.04
receive,11,13,25,72,3,0,0.014660377779490936,2,0.0,0.08
receive,11,13,25,72,3,3,0.28302936940234885,10,0.4,0.4
receive,11,1,1,72,5,1,0.5798281438048684,1,1.0,1.0
receive,1,5,3,73,1,1,0.5183201662378857,2,0.5,0.6666666666666666
receive,1,13,3,73,1,3,0.39684341892124725,1,0.0,0.3333333333333333
receive,4,5,4,73,1,0,0.019927806131712952,1,0.0,0.25
receive,4,5,4,73,1,1,0.49651076542058337,2,0.5,0.5
receive,4,13,4,73,1,3,0.35805381279345194,1,0.0,0.25
receive,6,13,1,73,3,3,0.3559403674279317,1,0.0,1.0
receive,7,1,10,73,1,1,0.606549997436793,1,0.0,0.1
receive,7,6,10,73,1,3,0.5448172130615314,6,0.3333333333333333,0.6
receive,7,13,10,73,1,3,0.42556388215120966,3,0.6666666666666666,0.3
receive,10,1,39,73,2,1,0.5988786219144776,8,0.875,0.20512820512820512
receive,10,2,39,73,2,1,0.5338046248755365,5,0.8,0.1282051282051282
receive,10,5,39,73,2,1,0.5211706882638683,6,0.5,0.15384615384615385
receive,10,6,39,73,2,3,0.5344601250788411,2,0.5,0.05128205128205128
receive,10,7,39,73,2,1,0.4818100381684724,1,0.0,0.02564102564102564
receive,10,13,39,73,2,3,0.42921270721901156,17,0.5294117647058824,0.4358974358974359
receive,11,1,14,73,2,1,0.5711139283472363,8,0.375,0.5714285714285714
receive,11,7,14,73,2,1,0.46367972462857326,3,0.6666666666666666,0.21428571428571427
receive,11,10,14,73,2,2,0.4650179922100173,1,1.0,0.07142857142857142
receive,11,11,14,73,2,2,0.4738134763712924,1,1.0,0.07142857142857142
receive,11,13,14,73,2,3,0.37925053415443033,1,1.0,0.07142857142857142
receive,1,6,3,74,1,0,0.010973733222375664,1,0.0,0.3333333333333333
receive,1,6,3,74,1,3,0.4441877092433062,1,0.0,0.3333333333333333
receive,1,13,3,74,1,3,0.27869292979948496,1,1.0,0.3333333333333333
receive,4,1,25,74,1,1,0.5168633141697512,3,1.0,0.12
receive,4,2,25,74,1,0,0.011611272273089966,1,0.0,0.04
receive,4,2,25,74,1,1,0.4541378379943966,5,0.0,0.2
receive,4,5,25,74,1,1,0.4240527860921749,1,1.0,0.04
receive,4,6,25,74,1,0,0.011622631201031144,1,0.0,0.04
receive,4,6,25,74,1,3,0.44094650115258616,9,0.4444444444444444,0.36
receive,4,7,25,74,1,1,0.37829138585365024,1,0.0,0.04
receive,4,13,25,74,1,0,0.01183055393888663,1,0.0,0.04
receive,4,13,25,74,1,3,0.2823591061013807,3,0.0,0.12
receive,6,13,1,74,3,3,0.23528787867055184,1,1.0,1.0
receive,10,1,15,74,2,1,0.5306870317154712,5,0.4,0.3333333333333333
receive,10,2,15,74,2,1,0.46691687451996305,5,0.2,0.3333333333333333
receive,10,4,15,74,2,1,0.487259474534366,1,1.0,0.06666666666666667
receive,10,10,15,74,2,2,0.4168319875956796,1,1.0,0.06666666666666667
receive,10,13,15,74,2,3,0.3403761134768859,3,0.3333333333333333,0.2
receive,10,2,2,74,3,1,0.441219492183717,1,0.0,0.5
receive,10,13,2,74,3,3,0.2983517799894874,1,0.0,0.5
receive,11,1,15,74,2,1,0.48663831092821935,6,0.0,0.4
receive,11,2,15,74,2,1,0.42824067599785404,1,0.0,0.06666666666666667
receive,11,4,15,74,2,1,0.4458428574764829,3,0.6666666666666666,0.2
receive,11,7,15,74,2,1,0.38869913692051067,1,1.0,0.06666666666666667
receive,11,10,15,74,2,2,0.39047183730432145,2,0.5,0.13333333333333333
receive,11,11,15,74,2,2,0.39515081729450274,1,1.0,0.06666666666666667
receive,11,13,15,74,2,3,0.2843432054492724,1,0.0,0.06666666666666667
receive,10,5,4,75,2,1,0.5283417007695654,1,1.0,0.25
receive,10,10,4,75,2,2,0.5004268505155113,3,0.6666666666666666,0.75
receive,12,3,9,75,2,3,0.5411965737932652,2,0.0,0.2222222222222222
receive,12,10,9,75,2,2,0.49000898853486496,5,0.8,0.5555555555555556
receive,12,12,9,75,2,2,0.4909998578614142,1,1.0,0.1111111111111111
receive,12,14,9,75,2,3,0.31357721532526683,1,0.0,0.1111111111111111
receive,12,5,1,75,3,1,0.49105996045975026,1,0.0,1.0
receive,1,1,12,76,1,1,0.49313035094727514,11,0.8181818181818182,0.9166666666666666
receive,1,5,12,76,1,1,0.43094333444110916,1,1.0,0.08333333333333333
receive,4,1,11,76,1,1,0.49704955970649395,5,0.0,0.45454545454545453
receive,4,5,11,76,1,1,0.411815638110594,2,1.0,0.18181818181818182
receive,4,13,11,76,1,3,0.2833221425944057,4,0.25,0.36363636363636365
receive,6,1,2,76,3,1,0.5133942659710384,1,0.0,0.5
receive,6,13,2,76,3,3,0.2811785832644747,1,0.0,0.5
receive,7,5,1,76,1,1,0.44295910103515035,1,1.0,1.0
receive,10,1,22,76,2,1,0.50979604678551,4,0.5,0.18181818181818182
receive,10,2,22,76,2,1,0.4472390242340037,1,0.0,0.045454545454545456
receive,10,4,22,76,2,1,0.4709675346194658,1,1.0,0.045454545454545456
receive,10,5,22,76,2,1,0.43539598325100803,4,0.5,0.18181818181818182
receive,10,6,22,76,2,3,0.4488944347122956,6,0.6666666666666666,0.2727272727272727
receive,10,10,22,76,2,2,0.4086508163554212,1,1.0,0.045454545454545456
receive,10,13,22,76,2,3,0.35127495594187613,5,0.2,0.22727272727272727
receive,10,1,4,76,5,1,0.47301354852432265,1,1.0,0.25
receive,10,3,4,76,5,2,0.4951413812106791,1,0.0,0.25
receive,10,5,4,76,5,1,0.4109948145232516,1,0.0,0.25
receive,10,13,4,76,5,3,0.4103396261734189,1,0.0,0.25
receive,11,1,9,76,2,1,0.5054158932511511,7,0.42857142857142855,0.7777777777777778
receive,11,5,9,76,2,1,0.43898838776824245,1,0.0,0.1111111111111111
receive,11,10,9,76,2,2,0.39384997274419636,1,0.0,0.1111111111111111
receive,10,2,1,77,2,1,0.4252888702067098,1,0.0,1.0
receive,12,1,12,77,2,1,0.4538048715824629,1,1.0,0.08333333333333333
receive,12,2,12,77,2,1,0.40172493019827665,1,0.0,0.08333333333333333
receive,12,12,12,77,2,2,0.38792365964591413,9,0.2222222222222222,0.75
receive,12,13,12,77,2,3,0.315552683595033,1,0.0,0.08333333333333333
receive,1,1,6,78,1,1,0.5521521073302772,3,0.3333333333333333,0.5
receive,1,3,6,78,1,2,0.5455192957003453,1,0.0,0.16666666666666666
receive,1,3,6,78,1,3,0.5519114359122929,1,1.0,0.16666666666666666
receive,1,11,6,78,1,2,0.45516953002113186,1,1.0,0.16666666666666666
receive,3,3,1,78,3,3,0.6038838874665278,1,1.0,1.0
receive,6,1,2,78,2,1,0.5673920820385971,1,0.0,0.5
receive,6,3,2,78,2,3,0.5187741568376433,1,0.0,0.5
receive,6,1,6,78,3,1,0.5852754273008581,2,0.5,0.3333333333333333
receive,6,3,6,78,3,3,0.5987622111923181,1,1.0,0.16666666666666666
receive,6,5,6,78,3,1,0.49896201148932867,1,0.0,0.16666666666666666
receive,6,10,6,78,3,2,0.4713576539645607,1,0.0,0.16666666666666666
receive,6,13,6,78,3,3,0.3327243523087456,1,0.0,0.16666666666666666
receive,7,10,1,78,3,2,0.458095393799095,1,1.0,1.0
receive,8,1,1,78,2,1,0.5628956855820242,1,0.0,1.0
receive,8,13,1,78,3,3,0.2701599113771152,1,0.0,1.0
receive,10,1,20,78,2,1,0.5671137526737029,8,0.625,0.4
receive,10,3,20,78,2,2,0.5452678186264418,1,1.0,0.05
receive,10,6,20,78,2,2,0.5010436093324203,3,0.6666666666666666,0.15
receive,10,6,20,78,2,3,0.5016649438723577,1,1.0,0.05
receive,10,7,20,78,2,3,0.44209123423915847,1,1.0,0.05
receive,10,10,20,78,2,2,0.4595890766066101,5,0.6,0.25
receive,10,13,20,78,2,3,0.38407061682586563,1,0.0,0.05
receive,10,13,1,78,5,3,0.3932027862450478,1,1.0,1.0
receive,4,9,1,79,1,2,0.5019234264266231,1,1.0,1.0
receive,9,13,1,79,2,3,0.41831654572838756,1,0.0,1.0
receive,10,3,7,79,2,3,0.6297000463215187,2,0.5,0.2857142857142857
receive,10,5,7,79,2,1,0.5486876708043302,2,0.0,0.2857142857142857
receive,10,10,7,79,2,2,0.5182745154710087,2,0.5,0.2857142857142857
receive,10,12,7,79,2,2,0.5266317938356802,1,0.0,0.14285714285714285
receive,12,12,3,79,2,2,0.4984912541994408,3,0.6666666666666666,1.0
receive,1,1,7,80,1,1,0.4657520568381202,4,0.5,0.5714285714285714
receive,1,5,7,80,1,1,0.4062680633735539,2,0.5,0.2857142857142857
receive,1,6,7,80,1,3,0.4231005781591682,1,1.0,0.14285714285714285
receive,4,6,2,80,1,3,0.40603370368602065,2,0.0,1.0
receive,7,6,2,80,1,3,0.45484144088603273,1,0.0,0.5
receive,7,13,2,80,1,3,0.33896993435648476,1,0.0,0.5
receive,7,13,1,80,3,3,0.29603467672302436,1,0.0,1.0
receive,10,6,2,80,2,3,0.4247192573178346,1,0.0,0.5
receive,10,13,2,80,2,3,0.3064243791776165,1,0.0,0.5
receive,10,13,1,80,3,0,0.010701794064893466,1,0.0,1.0
receive,11,1,5,80,2,1,0.4639184928658479,3,0.3333333333333333,0.6
receive,11,10,5,80,2,3,0.33942276785709197,1,0.0,0.2
receive,11,13,5,80,2,3,0.25269865072197545,1,0.0,0.2
receive,11,7,2,80,3,1,0.3433880294796948,2,0.5,1.0
receive,1,1,11,81,1,1,0.5232155240751802,3,0.6666666666666666,0.2727272727272727
receive,1,2,11,81,1,1,0.46382606980235663,5,0.6,0.45454545454545453
receive,1,13,11,81,1,3,0.3392438302514349,3,0.3333333333333333,0.2727272727272727
receive,3,2,1,81,2,1,0.4388648833473424,1,0.0,1.0
receive,4,1,8,81,1,1,0.528412604014115,2,1.0,0.25
receive,4,2,8,81,1,1,0.45915297280167666,3,0.3333333333333333,0.375
receive,4,5,8,81,1,1,0.4426526261806557,2,0.0,0.25
receive,4,6,8,81,1,3,0.46259599737635604,1,0.0,0.125
receive,6,2,2,81,3,1,0.48724788836865374,2,0.5,1.0
receive,7,2,4,81,1,1,0.48611132658836775,3,0.6666666666666666,0.75
receive,7,6,4,81,1,3,0.49202165527376995,1,1.0,0.25
receive,10,1,14,81,2,1,0.5378373562187183,1,1.0,0.07142857142857142
receive,10,2,14,81,2,1,0.474278966038227,5,0.2,0.35714285714285715
receive,10,7,14,81,2,1,0.4250797844983848,1,1.0,0.07142857142857142
receive,10,13,14,81,2,3,0.37212429808669345,7,0.14285714285714285,0.5
receive,10,5,1,81,3,1,0.45237365377550626,1,0.0,1.0
receive,10,2,3,81,5,1,0.4534976168427443,3,0.3333333333333333,1.0
receive,11,10,1,81,2,2,0.4418069771218043,1,0.0,1.0
receive,1,1,16,82,1,1,0.3616316028757609,2,0.5,0.125
receive,1,3,16,82,1,2,0.34496759675380506,1,1.0,0.0625
receive,1,5,16,82,1,1,0.3008523375470139,2,0.0,0.125
receive,1,10,16,82,1,2,0.27855610430760813,9,0.1111111111111111,0.5625
receive,1,11,16,82,1,2,0.2777983804020731,2,0.0,0.125
receive,1,1,1,82,4,1,0.37462847922124887,1,0.0,1.0
receive,3,10,1,82,2,3,0.2534454724743283,1,0.0,1.0
receive,3,6,1,82,3,3,0.31341559943922587,1,1.0,1.0
receive,4,6,3,82,1,2,0.3004530524044981,1,0.0,0.3333333333333333
receive,4,10,3,82,1,2,0.2559646829374736,2,0.0,0.6666666666666666
receive,6,1,3,82,2,1,0.37779781845046895,1,0.0,0.3333333333333333
receive,6,5,3,82,2,1,0.2999688552978342,1,1.0,0.3333333333333333
receive,6,10,3,82,2,2,0.2755521091797453,1,0.0,0.3333333333333333
receive,6,1,12,82,3,1,0.3767106819379488,2,1.0,0.16666666666666666
receive,6,5,12,82,3,1,0.2990296333725404,2,0.5,0.16666666666666666
receive,6,10,12,82,3,2,0.27384808652710024,6,0.5,0.5
receive,6,11,12,82,3,2,0.2742379730349404,1,0.0,0.08333333333333333
receive,6,13,12,82,3,3,0.17258639215686108,1,1.0,0.08333333333333333
receive,7,1,1,82,1,1,0.3686871372699088,1,1.0,1.0
receive,7,3,7,82,3,3,0.40863328918273517,1,1.0,0.14285714285714285
receive,7,8,7,82,3,3,0.19894560197343494,1,0.0,0.14285714285714285
receive,7,10,7,82,3,2,0.27212286445487516,2,0.5,0.2857142857142857
receive,7,12,7,82,3,2,0.26935544396928596,1,0.0,0.14285714285714285
receive,7,13,7,82,3,3,0.1420435779795309,2,0.5,0.2857142857142857
receive,10,1,63,82,2,0,0.004434574324340612,1,0.0,0.015873015873015872
receive,10,1,63,82,2,1,0.37903150939130786,13,0.23076923076923078,0.20634920634920634
receive,10,3,63,82,2,2,0.3457827048530985,1,1.0,0.015873015873015872
receive,10,3,63,82,2,3,0.34634754758564124,2,0.0,0.031746031746031744
receive,10,5,63,82,2,1,0.3053905895183374,3,0.3333333333333333,0.047619047619047616
receive,10,6,63,82,2,3,0.31721762696879513,1,0.0,0.015873015873015872
receive,10,10,63,82,2,2,0.2816302316528684,38,0.3157894736842105,0.6031746031746031
receive,10,11,63,82,2,2,0.28244622982412293,1,1.0,0.015873015873015872
receive,10,12,63,82,2,2,0.2878507884139641,1,0.0,0.015873015873015872
receive,10,14,63,82,2,3,0.1522059591968266,2,0.0,0.031746031746031744
receive,10,13,1,82,3,3,0.14677284459914303,1,1.0,1.0
receive,10,1,6,82,5,1,0.3492762073587777,1,1.0,0.16666666666666666
receive,10,3,6,82,5,3,0.361562507501757,2,1.0,0.3333333333333333
receive,10,10,6,82,5,2,0.31326854917071706,2,0.0,0.3333333333333333
receive,10,12,6,82,5,2,0.3180381695376004,1,1.0,0.16666666666666666
receive,11,10,1,82,2,2,0.28158194233471123,1,0.0,1.0
receive,12,1,15,82,2,1,0.33469388402369826,2,0.5,0.13333333333333333
receive,12,3,15,82,2,3,0.3413544222974695,1,0.0,0.06666666666666667
receive,12,5,15,82,2,1,0.2878786516621794,1,0.0,0.06666666666666667
receive,12,6,15,82,2,2,0.30306972821827866,1,0.0,0.06666666666666667
receive,12,10,15,82,2,2,0.2808774333147464,1,0.0,0.06666666666666667
receive,12,12,15,82,2,2,0.2789646657516058,9,0.3333333333333333,0.6
receive,1,2,2,83,1,1,0.5751881739991348,1,1.0,0.5
receive,1,8,2,83,1,3,0.4904520384048717,1,1.0,0.5
receive,4,5,2,83,1,1,0.5211828488394039,1,1.0,0.5
receive,4,6,2,83,1,3,0.5385854416773672,1,1.0,0.5
receive,4,1,2,83,4,1,0.6421030642670955,1,1.0,0.5
receive,4,13,2,83,4,3,0.3762342171501255,1,1.0,0.5
receive,10,2,5,83,2,1,0.5534641801642668,2,1.0,0.4
receive,10,8,5,83,2,3,0.4536926949185734,1,0.0,0.2
receive,10,13,5,83,2,0,0.02388773303124997,1,0.0,0.2
receive,10,13,5,83,2,3,0.4210205977031175,1,1.0,0.2
receive,11,8,3,83,2,3,0.42202440792167945,1,0.0,0.3333333333333333
receive,11,10,3,83,2,2,0.49568704202584274,2,0.5,0.6666666666666666
receive,4,1,2,84,4,1,0.5006104918380477,1,0.0,0.5
receive,4,5,2,84,4,1,0.42126285688372944,1,0.0,0.5
receive,6,1,1,84,2,1,0.4904644749361062,1,0.0,1.0
receive,6,3,2,84,3,3,0.5070782911971927,1,1.0,0.5
receive,6,5,2,84,3,1,0.40674919083351146,1,0.0,0.5
receive,10,12,3,84,2,2,0.3992294570139747,3,0.0,1.0
receive,10,12,2,84,5,2,0.41251973166512396,2,0.5,1.0
receive,12,12,2,84,2,2,0.3499008327988495,2,0.0,1.0
receive,12,12,2,84,5,2,0.3689986716149526,1,0.0,0.5
receive,12,13,2,84,5,3,0.2670570958672607,1,0.0,0.5
receive,1,1,4,85,1,1,0.4532892066499288,1,1.0,0.25
receive,1,2,4,85,1,1,0.3939224203165728,1,1.0,0.25
receive,1,5,4,85,1,1,0.38655212089849816,1,0.0,0.25
receive,1,6,4,85,1,3,0.40507831291947044,1,0.0,0.25
receive,4,2,1,85,1,1,0.3832220782146263,1,0.0,1.0
receive,7,2,3,85,1,1,0.43636195476347533,2,0.0,0.6666666666666666
receive,7,6,3,85,1,3,0.43755590647380443,1,1.0,0.3333333333333333
receive,10,1,18,85,2,1,0.44954168446227133,3,0.6666666666666666,0.16666666666666666
receive,10,2,18,85,2,1,0.3879419670693442,5,0.2,0.2777777777777778
receive,10,6,18,85,2,3,0.38980287886386855,4,0.5,0.2222222222222222
receive,10,7,18,85,2,1,0.3401427068733264,2,0.5,0.1111111111111111
receive,10,10,18,85,2,2,0.3480069317560697,2,0.5,0.1111111111111111
receive,10,13,18,85,2,3,0.2909048408281205,2,0.5,0.1111111111111111
receive,10,13,1,85,3,3,0.2780967169996076,1,1.0,1.0
receive,1,1,4,86,1,1,0.557880218707821,3,0.3333333333333333,0.75
receive,1,13,4,86,1,3,0.3678548580819284,1,0.0,0.25
receive,4,1,11,86,1,1,0.561023288401921,5,0.4,0.45454545454545453
receive,4,5,11,86,1,1,0.4756728543071996,4,0.25,0.36363636363636365
receive,4,13,11,86,1,3,0.3409431431097571,2,0.5,0.18181818181818182
receive,4,10,2,86,4,2,0.45784240094679907,1,1.0,0.5
receive,4,13,2,86,4,3,0.29815111807997063,1,1.0,0.5
receive,10,1,5,86,2,1,0.5754651540842126,2,0.5,0.4
receive,10,4,5,86,2,1,0.5117560704124253,1,1.0,0.2
receive,10,13,5,86,2,3,0.37679894349576426,2,0.5,0.4
receive,11,1,10,86,2,0,0.016700144548839224,1,0.0,0.1
receive,11,1,10,86,2,1,0.5562889141144534,3,1.0,0.3
receive,11,2,10,86,2,1,0.49221832260418424,1,0.0,0.1
receive,11,4,10,86,2,1,0.4987907362314819,3,0.6666666666666666,0.3
receive,11,5,10,86,2,1,0.4823878326805178,1,0.0,0.1
receive,11,11,10,86,2,2,0.43661044938172083,1,1.0,0.1
receive,1,1,2,87,1,1,0.5878684888593201,2,0.5,1.0
receive,7,2,1,87,1,1,0.54873315052618,1,1.0,1.0
receive,10,13,3,87,2,3,0.4538741733759557,3,1.0,1.0
receive,10,2,3,87,3,1,0.5457397868819504,1,1.0,0.3333333333333333
receive,10,6,3,87,3,3,0.5432018688410096,1,1.0,0.3333333333333333
receive,10,13,3,87,3,3,0.4111363403778912,1,1.0,0.3333333333333333
receive,11,1,2,87,2,1,0.554413474739448,2,0.5,1.0
receive,11,1,4,87,3,1,0.5513436221390999,1,1.0,0.25
receive,11,5,4,87,3,1,0.48406396464143286,1,1.0,0.25
receive,11,7,4,87,3,3,0.4426824816813291,1,1.0,0.25
receive,11,13,4,87,3,3,0.2695884476376304,1,0.0,0.25
receive,1,13,2,88,1,3,0.3161498973380379,2,0.0,1.0
receive,4,2,6,88,1,1,0.4694690443298602,2,0.0,0.3333333333333333
receive,4,5,6,88,1,1,0.43806393839855867,1,1.0,0.16666666666666666
receive,4,13,6,88,1,3,0.28567010313908,3,0.3333333333333333,0.5
receive,7,13,4,88,1,0,0.015353096198404505,1,0.0,0.25
receive,7,13,4,88,1,3,0.3058802739887331,3,0.3333333333333333,0.75
receive,10,2,11,88,2,1,0.48569576425874905,1,0.0,0.09090909090909091
receive,10,13,11,88,2,0,0.015373825438002076,2,0.0,0.18181818181818182
receive,10,13,11,88,2,3,0.3555092986683062,8,0.25,0.7272727272727273
receive,11,1,7,88,2,1,0.5062770989981635,2,1.0,0.2857142857142857
receive,11,7,7,88,2,1,0.40837965954025257,2,0.0,0.2857142857142857
receive,11,10,7,88,2,2,0.41080986787104473,1,0.0,0.14285714285714285
receive,11,13,7,88,2,0,0.01418036971499258,1,0.0,0.14285714285714285
receive,11,13,7,88,2,3,0.2905166858590798,1,0.0,0.14285714285714285
receive,1,1,2,89,1,1,0.5939849679911948,2,0.5,1.0
receive,7,6,2,89,1,3,0.5485597705022672,1,0.0,0.5
receive,7,13,2,89,1,3,0.42660967444154446,1,0.0,0.5
receive,10,1,11,89,2,1,0.6091949633943776,2,0.0,0.18181818181818182
receive,10,2,11,89,2,1,0.5415959573069317,1,0.0,0.09090909090909091
receive,10,5,11,89,2,1,0.5274158283002003,1,0.0,0.09090909090909091
receive,10,6,11,89,2,3,0.5408069911766247,5,0.4,0.45454545454545453
receive,10,13,11,89,2,3,0.44249495859213167,2,0.5,0.18181818181818182
receive,10,5,2,89,3,1,0.5195147514495582,2,1.0,1.0
receive,11,1,3,89,2,1,0.5633595779927107,2,1.0,0.6666666666666666
receive,11,2,3,89,2,1,0.5024454499696352,1,0.0,0.3333333333333333
receive,11,1,9,89,3,1,0.5753603652100061,8,0.5,0.8888888888888888
receive,11,13,9,89,3,3,0.278560131484739,1,1.0,0.1111111111111111
receive,1,2,8,90,1,1,0.56342774635163,2,0.0,0.25
receive,1,6,8,90,1,2,0.571988046993581,1,0.0,0.125
receive,1,6,8,90,1,3,0.5783343841951444,4,0.5,0.5
receive,1,13,8,90,1,0,0.02517663984549495,1,0.0,0.125
receive,1,6,1,90,4,3,0.6227528319106632,1,1.0,1.0
receive,4,1,3,90,4,1,0.6594074322950033,1,0.0,0.3333333333333333
receive,4,6,3,90,4,3,0.6052285664880562,1,1.0,0.3333333333333333
receive,4,13,3,90,4,3,0.39928695378243395,1,1.0,0.3333333333333333
receive,10,1,26,90,2,1,0.6356568063220107,7,0.7142857142857143,0.2692307692307692
receive,10,2,26,90,2,1,0.572272813813716,5,0.2,0.19230769230769232
receive,10,5,26,90,2,1,0.5605476225455782,1,0.0,0.038461538461538464
receive,10,6,26,90,2,3,0.5726085313339075,1,1.0,0.038461538461538464
receive,10,7,26,90,2,1,0.5169382312635229,1,0.0,0.038461538461538464
receive,10,10,26,90,2,2,0.5264663284427828,1,1.0,0.038461538461538464
receive,10,13,26,90,2,0,0.025523212372125233,1,0.0,0.038461538461538464
receive,10,13,26,90,2,3,0.46260103823580734,9,0.4444444444444444,0.34615384615384615
receive,10,7,1,90,3,1,0.4686310974178639,1,0.0,1.0
receive,10,2,3,90,5,1,0.5561924226023914,1,0.0,0.3333333333333333
receive,10,6,3,90,5,3,0.569534223907825,1,1.0,0.3333333333333333
receive,10,13,3,90,5,3,0.5238259911440756,1,0.0,0.3333333333333333
receive,11,1,15,90,2,1,0.6071298568648371,8,0.875,0.5333333333333333
receive,11,4,15,90,2,4,0.574508811535979,1,1.0,0.06666666666666667
receive,11,6,15,90,2,3,0.5574025767749574,1,1.0,0.06666666666666667
receive,11,10,15,90,2,2,0.5066165777146414,1,0.0,0.06666666666666667
receive,11,11,15,90,2,2,0.5109211063404008,1,1.0,0.06666666666666667
receive,11,13,15,90,2,0,0.02431949716666826,1,0.0,0.06666666666666667
receive,11,13,15,90,2,3,0.3789524650224309,1,0.0,0.06666666666666667
receive,11,14,15,90,2,1,0.2551719546490575,1,0.0,0.06666666666666667
receive,11,1,4,90,3,1,0.643418468572506,3,1.0,0.75
receive,11,2,4,90,3,1,0.5882775854745562,1,1.0,0.25
receive,11,1,1,90,5,1,0.5602437747798154,1,1.0,1.0
receive,1,1,7,91,1,1,0.5377853741180264,4,0.25,0.5714285714285714
receive,1,10,7,91,1,2,0.4418990556547068,2,0.5,0.2857142857142857
receive,1,11,7,91,1,2,0.4436605400087864,1,1.0,0.14285714285714285
receive,10,1,8,91,2,1,0.5557443431929003,3,0.0,0.375
receive,10,10,8,91,2,2,0.44782226151281224,1,1.0,0.125
receive,10,11,8,91,2,2,0.44777313087333415,1,1.0,0.125
receive,10,13,8,91,2,3,0.36167210212212897,3,0.3333333333333333,0.375
receive,1,1,19,92,1,1,0.6380817876773991,3,0.6666666666666666,0.15789473684210525
receive,1,2,19,92,1,1,0.5774222912370783,3,0.3333333333333333,0.15789473684210525
receive,1,5,19,92,1,1,0.5683944433911182,5,0.2,0.2631578947368421
receive,1,6,19,92,1,3,0.5879388262604425,4,1.0,0.21052631578947367
receive,1,13,19,92,1,3,0.4280850490093924,4,0.0,0.21052631578947367
receive,4,2,4,92,1,1,0.5790357841879467,1,1.0,0.25
receive,4,5,4,92,1,1,0.5577849334903953,2,0.5,0.5
receive,4,13,4,92,1,3,0.41362499091790406,1,0.0,0.25
receive,4,2,2,92,4,1,0.6027866285406539,1,0.0,0.5
receive,4,5,2,92,4,1,0.5883817620267593,1,0.0,0.5
receive,6,5,1,92,3,1,0.6603587695839164,1,1.0,1.0
receive,7,2,16,92,1,1,0.5920513357193244,5,0.8,0.3125
receive,7,5,16,92,1,1,0.5790950212765804,5,0.4,0.3125
receive,7,6,16,92,1,3,0.5981688164634038,5,0.6,0.3125
receive,7,13,16,92,1,3,0.4627184274246423,1,0.0,0.0625
receive,7,5,2,92,3,1,0.5961547616777055,1,1.0,0.5
receive,7,8,2,92,3,3,0.4771955199813951,1,0.0,0.5
receive,10,1,34,92,2,1,0.6411659101699689,4,0.75,0.11764705882352941
receive,10,2,34,92,2,1,0.5798035967883207,6,0.6666666666666666,0.17647058823529413
receive,10,3,34,92,2,2,0.6349879272620579,1,1.0,0.029411764705882353
receive,10,5,34,92,2,1,0.5679026305520364,1,1.0,0.029411764705882353
receive,10,6,34,92,2,3,0.5803617249045494,3,1.0,0.08823529411764706
receive,10,13,34,92,2,0,0.02675140931080487,1,0.0,0.029411764705882353
receive,10,13,34,92,2,3,0.4609927539865717,18,0.2777777777777778,0.5294117647058824
receive,10,5,6,92,3,1,0.5637678748499074,1,1.0,0.16666666666666666
receive,10,6,6,92,3,3,0.5808233080111584,2,0.5,0.3333333333333333
receive,10,13,6,92,3,3,0.3742770205088974,3,0.6666666666666666,0.5
receive,11,1,11,92,2,0,0.02576037343426687,1,0.0,0.09090909090909091
receive,11,1,11,92,2,1,0.6182164694037736,8,0.5,0.7272727272727273
receive,11,2,11,92,2,1,0.5594130959329187,1,1.0,0.09090909090909091
receive,11,7,11,92,2,1,0.5170022606165611,1,1.0,0.09090909090909091
receive,11,1,3,92,3,1,0.6089316801289685,2,0.5,0.6666666666666666
receive,11,13,3,92,3,3,0.326162387950651,1,0.0,0.3333333333333333
receive,10,1,13,93,2,1,0.5571787893245918,2,0.0,0.15384615384615385
receive,10,2,13,93,2,1,0.49648812513538804,1,1.0,0.07692307692307693
receive,10,6,13,93,2,3,0.49584204687769456,1,1.0,0.07692307692307693
receive,10,10,13,93,2,2,0.45329500113773774,3,0.3333333333333333,0.23076923076923078
receive,10,10,13,93,2,3,0.4302029497495269,1,0.0,0.07692307692307693
receive,10,12,13,93,2,3,0.46240368371814566,1,0.0,0.07692307692307693
receive,10,13,13,93,2,3,0.3927180943297929,4,0.25,0.3076923076923077
receive,10,8,11,94,2,3,0.41722368709353047,1,1.0,0.09090909090909091
receive,10,10,11,94,2,2,0.4921802147248549,3,0.6666666666666666,0.2727272727272727
receive,10,10,11,94,2,3,0.47068969621120277,3,0.6666666666666666,0.2727272727272727
receive,10,12,11,94,2,2,0.49464979531778225,3,0.6666666666666666,0.2727272727272727
receive,10,12,11,94,2,5,0.6030304153407476,1,1.0,0.09090909090909091
receive,12,10,9,94,2,2,0.4634014867191882,4,0.75,0.4444444444444444
receive,12,12,9,94,2,2,0.46735264612229366,5,0.4,0.5555555555555556
receive,12,10,2,94,3,2,0.45327716483497865,1,1.0,0.5
receive,12,12,2,94,3,2,0.44933483713660605,1,0.0,0.5
receive,12,10,4,94,5,2,0.48781726674991327,2,0.5,0.5
receive,12,12,4,94,5,2,0.4991204979611407,2,0.5,0.5
receive,8,3,1,95,3,3,0.5317271060482066,1,1.0,1.0
receive,9,1,10,95,2,1,0.5886010614245918,1,1.0,0.1
receive,9,5,10,95,2,1,0.5073590963414046,1,1.0,0.1
receive,9,9,10,95,2,2,0.49579780163232456,5,0.6,0.5
receive,9,9,10,95,2,3,0.48496677290247686,1,1.0,0.1
receive,9,13,10,95,2,3,0.41240581533801857,2,0.0,0.2
receive,10,5,2,95,2,1,0.5072878165122608,1,1.0,0.5
receive,10,9,2,95,2,2,0.49345995355937344,1,0.0,0.5
receive,10,3,3,95,3,3,0.5508197303821927,1,1.0,0.3333333333333333
receive,10,9,3,95,3,2,0.4822547382713546,1,0.0,0.3333333333333333
receive,10,13,3,95,3,3,0.3517164810480838,1,0.0,0.3333333333333333
receive,10,9,1,95,5,2,0.5052086654621776,1,0.0,1.0
receive,1,1,114,96,1,0,0.013884938681264248,2,0.0,0.017543859649122806
receive,1,1,114,96,1,1,0.5450632192413476,16,0.6875,0.14035087719298245
receive,1,2,114,96,1,0,0.014138089679672197,2,0.0,0.017543859649122806
receive,1,2,114,96,1,1,0.48530204016942197,19,0.5263157894736842,0.16666666666666666
receive,1,3,114,96,1,2,0.5423785469675931,2,0.5,0.017543859649122806
receive,1,3,114,96,1,3,0.5487321199799292,1,1.0,0.008771929824561403
receive,1,5,114,96,1,0,0.015097271955893178,2,0.0,0.017543859649122806
receive,1,5,114,96,1,1,0.4760314889587906,13,0.38461538461538464,0.11403508771929824
receive,1,6,114,96,1,0,0.015102218884450475,1,0.0,0.008771929824561403
receive,1,6,114,96,1,3,0.4958170593946994,13,0.46153846153846156,0.11403508771929824
receive,1,12,114,96,1,2,0.4458026715355792,4,0.0,0.03508771929824561
receive,1,13,114,96,1,0,0.014893826138521705,5,0.0,0.043859649122807015
receive,1,13,114,96,1,3,0.3392578923359421,31,0.22580645161290322,0.2719298245614035
receive,1,14,114,96,1,1,0.26433144184673574,1,1.0,0.008771929824561403
receive,1,14,114,96,1,3,0.2958166798621345,2,0.0,0.017543859649122806
receive,3,6,1,96,2,3,0.4945732359105072,1,0.0,1.0
receive,3,3,1,96,3,3,0.5909689597046165,1,0.0,1.0
receive,4,1,74,96,1,1,0.5504631780683336,14,0.6428571428571429,0.1891891891891892
receive,4,2,74,96,1,1,0.483335657458425,15,0.4666666666666667,0.20270270270270271
receive,4,5,74,96,1,0,0.015300062504605052,1,0.0,0.013513513513513514
receive,4,5,74,96,1,1,0.46167921991551286,4,0.0,0.05405405405405406
receive,4,6,74,96,1,0,0.01530664633854793,1,0.0,0.013513513513513514
receive,4,6,74,96,1,3,0.48075320787404824,12,0.5833333333333334,0.16216216216216217
receive,4,13,74,96,1,0,0.015380267161544253,3,0.0,0.04054054054054054
receive,4,13,74,96,1,3,0.3221459453947145,23,0.2608695652173913,0.3108108108108108
receive,4,14,74,96,1,1,0.23417411043779926,1,0.0,0.013513513513513514
receive,4,1,9,96,4,1,0.5803079385664119,1,0.0,0.1111111111111111
receive,4,5,9,96,4,1,0.4988373473266172,1,1.0,0.1111111111111111
receive,4,6,9,96,4,3,0.5205483602975616,2,1.0,0.2222222222222222
receive,4,13,9,96,4,0,0.015423721145123156,1,0.0,0.1111111111111111
receive,4,13,9,96,4,3,0.32241302582000625,4,0.0,0.4444444444444444
receive,6,12,1,96,2,2,0.42861566009341345,1,0.0,1.0
receive,6,1,8,96,3,1,0.5716143260791853,2,1.0,0.25
receive,6,2,8,96,3,0,0.015548789222282321,1,0.0,0.125
receive,6,5,8,96,3,1,0.4872077988070931,1,0.0,0.125
receive,6,13,8,96,3,3,0.32588448638301754,3,0.3333333333333333,0.375
receive,6,14,8,96,3,1,0.22131625447708608,1,0.0,0.125
receive,7,2,14,96,1,1,0.5037691509025153,2,0.5,0.14285714285714285
receive,7,5,14,96,1,1,0.4890048064539219,1,1.0,0.07142857142857142
receive,7,6,14,96,1,3,0.5076692536857093,4,0.75,0.2857142857142857
receive,7,13,14,96,1,0,0.015450764692191232,1,0.0,0.07142857142857142
receive,7,13,14,96,1,3,0.3688968673693688,6,0.5,0.42857142857142855
receive,7,2,5,96,3,1,0.5216695729753184,2,1.0,0.4
receive,7,4,5,96,3,1,0.5509810151328365,1,0.0,0.2
receive,7,6,5,96,3,3,0.526091642609027,1,0.0,0.2
receive,7,13,5,96,3,3,0.3383323308115792,1,0.0,0.2
receive,8,5,6,96,3,1,0.45508703998565675,2,0.0,0.3333333333333333
receive,8,10,6,96,3,2,0.42757025729928483,1,1.0,0.16666666666666666
receive,8,13,6,96,3,3,0.3235187446368683,2,1.0,0.3333333333333333
receive,8,14,6,96,3,3,0.2556813150145703,1,0.0,0.16666666666666666
receive,9,12,2,96,2,2,0.4759567984252184,2,0.5,1.0
receive,9,10,4,96,3,3,0.432376446125414,1,1.0,0.25
receive,9,13,4,96,3,3,0.2879049635043822,2,0.5,0.5
receive,9,14,4,96,3,1,0.1860019859174873,1,0.0,0.25
receive,10,1,208,96,2,0,0.015820791058419187,2,0.0,0.009615384615384616
receive,10,1,208,96,2,1,0.5554879999800226,16,0.5625,0.07692307692307693
receive,10,2,208,96,2,0,0.015617974162101537,5,0.0,0.02403846153846154
receive,10,2,208,96,2,1,0.4925320219638661,37,0.32432432432432434,0.1778846153846154
receive,10,4,208,96,2,1,0.5149204032971177,1,0.0,0.004807692307692308
receive,10,5,208,96,2,1,0.47984956951493724,10,0.3,0.04807692307692308
receive,10,6,208,96,2,3,0.49352975434183755,16,0.625,0.07692307692307693
receive,10,7,208,96,2,1,0.4412960936790834,1,1.0,0.004807692307692308
receive,10,7,208,96,2,3,0.4326045859385783,1,0.0,0.004807692307692308
receive,10,8,208,96,2,3,0.3695599304665379,1,1.0,0.004807692307692308
receive,10,9,208,96,2,3,0.4519283519791796,1,0.0,0.004807692307692308
receive,10,10,208,96,2,2,0.45205464550258206,5,0.6,0.02403846153846154
receive,10,12,208,96,2,2,0.45499431436925486,13,0.23076923076923078,0.0625
receive,10,12,208,96,2,5,0.5522597760819168,1,1.0,0.004807692307692308
receive,10,13,208,96,2,0,0.01532229057100261,5,0.0,0.02403846153846154
receive,10,13,208,96,2,3,0.37052007278162424,91,0.2857142857142857,0.4375
receive,10,14,208,96,2,1,0.23159330405642328,1,0.0,0.004807692307692308
receive,10,14,208,96,2,3,0.26907846252520706,1,1.0,0.004807692307692308
receive,10,1,33,96,3,1,0.5521870675531781,2,1.0,0.06060606060606061
receive,10,2,33,96,3,1,0.49120056480934843,10,0.4,0.30303030303030304
receive,10,5,33,96,3,1,0.46898113910416606,4,0.25,0.12121212121212122
receive,10,12,33,96,3,2,0.4386730749820803,1,0.0,0.030303030303030304
receive,10,12,33,96,3,3,0.4422895497461381,2,1.0,0.06060606060606061
receive,10,13,33,96,3,0,0.016069246929767498,2,0.0,0.06060606060606061
receive,10,13,33,96,3,3,0.2886756359529883,8,0.375,0.24242424242424243
receive,10,14,33,96,3,1,0.18556525503230817,2,0.5,0.06060606060606061
receive,10,14,33,96,3,3,0.2160760678681526,2,0.0,0.06060606060606061
receive,10,1,7,96,5,1,0.5297521695107387,1,1.0,0.14285714285714285
receive,10,3,7,96,5,3,0.5429408296860986,1,1.0,0.14285714285714285
receive,10,5,7,96,5,1,0.45763143701275544,2,0.0,0.2857142857142857
receive,10,12,7,96,5,2,0.49160908401851344,2,0.5,0.2857142857142857
receive,10,14,7,96,5,3,0.3174874202321823,1,0.0,0.14285714285714285
receive,11,1,166,96,2,1,0.5348725839654294,56,0.4642857142857143,0.3373493975903614
receive,11,2,166,96,2,1,0.47497185945159637,23,0.21739130434782608,0.13855421686746988
receive,11,4,166,96,2,1,0.49184299607852056,4,0.25,0.024096385542168676
receive,11,5,166,96,2,1,0.4704404949610656,6,0.3333333333333333,0.03614457831325301
receive,11,6,166,96,2,3,0.48367211128154314,13,0.38461538461538464,0.0783132530120482
receive,11,7,166,96,2,3,0.42325321588581233,1,0.0,0.006024096385542169
receive,11,10,166,96,2,2,0.43450831276068963,8,0.5,0.04819277108433735
receive,11,10,166,96,2,3,0.40522925222718387,1,0.0,0.006024096385542169
receive,11,11,166,96,2,2,0.44084693101209604,14,0.6428571428571429,0.08433734939759036
receive,11,11,166,96,2,3,0.4114929699960822,2,1.0,0.012048192771084338
receive,11,13,166,96,2,0,0.014168864170368793,4,0.0,0.024096385542168676
receive,11,13,166,96,2,3,0.3247552676980516,34,0.29411764705882354,0.20481927710843373
receive,11,1,51,96,3,1,0.5468681008830142,8,0.75,0.1568627450980392
receive,11,2,51,96,3,1,0.4895719977347609,5,0.0,0.09803921568627451
receive,11,5,51,96,3,1,0.4785639897681939,2,0.0,0.0392156862745098
receive,11,6,51,96,3,3,0.494235886898092,7,0.7142857142857143,0.13725490196078433
receive,11,10,51,96,3,2,0.4370816445171437,3,1.0,0.058823529411764705
receive,11,11,51,96,3,3,0.4127721990319684,1,0.0,0.0196078431372549
receive,11,13,51,96,3,0,0.014477766498904822,2,0.0,0.0392156862745098
receive,11,13,51,96,3,3,0.26373225546827817,23,0.2608695652173913,0.45098039215686275
receive,12,2,28,96,2,1,0.45931554792961676,3,0.3333333333333333,0.10714285714285714
receive,12,5,28,96,2,1,0.45708881608536117,6,0.5,0.21428571428571427
receive,12,10,28,96,2,3,0.4161767374493059,1,1.0,0.03571428571428571
receive,12,12,28,96,2,2,0.43982764484962483,12,0.4166666666666667,0.42857142857142855
receive,12,12,28,96,2,5,0.4568217063229169,1,1.0,0.03571428571428571
receive,12,13,28,96,2,3,0.35779189013329854,5,0.2,0.17857142857142858
receive,12,1,13,96,3,1,0.5067318015894212,1,1.0,0.07692307692307693
receive,12,2,13,96,3,1,0.4566046112817788,2,0.0,0.15384615384615385
receive,12,5,13,96,3,1,0.4464218252860567,1,1.0,0.07692307692307693
receive,12,12,13,96,3,3,0.42445104306868137,1,0.0,0.07692307692307693
receive,12,13,13,96,3,3,0.2676879832169552,6,0.5,0.46153846153846156
receive,12,14,13,96,3,1,0.1755159978496455,1,0.0,0.07692307692307693
receive,12,14,13,96,3,3,0.20612908761673326,1,0.0,0.07692307692307693
receive,12,12,7,96,5,2,0.46132232370920107,6,0.16666666666666666,0.8571428571428571
receive,12,14,7,96,5,3,0.2798394486332709,1,0.0,0.14285714285714285
receive,1,13,1,97,1,3,0.2867343084785986,1,0.0,1.0
receive,4,1,14,97,1,1,0.5232041141522614,4,0.75,0.2857142857142857
receive,4,2,14,97,1,1,0.45657886207156284,5,0.2,0.35714285714285715
receive,4,6,14,97,1,3,0.4534811709832703,1,1.0,0.07142857142857142
receive,4,13,14,97,1,3,0.29874068731455866,3,1.0,0.21428571428571427
receive,4,14,14,97,1,3,0.2550130256876421,1,0.0,0.07142857142857142
receive,6,13,1,97,3,3,0.30137502852431186,1,1.0,1.0
receive,10,2,3,97,2,1,0.4737039342746246,1,0.0,0.3333333333333333
receive,10,13,3,97,2,0,0.013937135989138765,1,0.0,0.3333333333333333
receive,10,13,3,97,2,3,0.3284682334366002,1,0.0,0.3333333333333333
receive,10,2,3,97,3,1,0.4729893925668753,2,1.0,0.6666666666666666
receive,10,13,3,97,3,3,0.3437878256709051,1,1.0,0.3333333333333333
receive,11,1,8,97,2,1,0.5064157028140583,3,0.0,0.375
receive,11,10,8,97,2,2,0.4157075667764487,1,0.0,0.125
receive,11,11,8,97,2,2,0.41961520250750045,1,0.0,0.125
receive,11,13,8,97,2,0,0.012504197825034305,1,0.0,0.125
receive,11,13,8,97,2,3,0.3168359388015849,2,0.5,0.25
receive,11,1,6,97,3,1,0.5125120372059865,2,0.5,0.3333333333333333
receive,11,13,6,97,3,3,0.2950692431469902,4,0.25,0.6666666666666666
receive,1,1,4,98,1,1,0.5488415554972326,1,1.0,0.25
receive,1,2,4,98,1,1,0.4857754496996912,1,0.0,0.25
receive,1,5,4,98,1,1,0.4726239967312894,1,1.0,0.25
receive,1,14,4,98,1,3,0.2921283503537302,1,1.0,0.25
receive,1,5,1,98,4,1,0.5175791623236816,1,1.0,1.0
receive,4,1,4,98,4,1,0.5800287105509553,3,0.6666666666666666,0.75
receive,4,5,4,98,4,1,0.49875442420046784,1,1.0,0.25
receive,10,2,5,98,5,1,0.47027623722594736,1,0.0,0.2
receive,10,5,5,98,5,1,0.4545027695685591,1,1.0,0.2
receive,10,13,5,98,5,3,0.4179011466711479,3,0.3333333333333333,0.6
receive,11,1,3,98,2,1,0.5429795426467324,2,1.0,0.6666666666666666
receive,11,13,3,98,2,3,0.3789556197669992,1,0.0,0.3333333333333333
receive,11,1,1,98,3,1,0.5342795890404383,1,1.0,1.0
receive,11,1,6,98,5,1,0.5233232025000758,4,0.5,0.6666666666666666
receive,11,10,6,98,5,2,0.48362318746696586,2,0.5,0.3333333333333333
receive,1,1,1,99,1,1,0.5529255273300334,1,0.0,1.0
receive,8,1,3,99,3,1,0.5868536351158317,2,0.5,0.6666666666666666
receive,8,2,3,99,3,1,0.5247968196684906,1,1.0,0.3333333333333333
receive,9,1,1,99,2,1,0.5853292412136548,1,0.0,1.0
receive,10,10,3,99,2,5,0.5722132506580611,1,1.0,0.3333333333333333
receive,10,12,3,99,2,2,0.4698804809183286,1,1.0,0.3333333333333333
receive,10,12,3,99,2,3,0.47423497435469475,1,1.0,0.3333333333333333
receive,10,12,1,99,3,2,0.4543605105501124,1,0.0,1.0
receive,12,9,4,99,2,2,0.469622096923775,1,1.0,0.25
receive,12,12,4,99,2,2,0.45599619297057375,1,1.0,0.25
receive,12,13,4,99,2,3,0.37129122205235254,2,0.0,0.5
receive,12,5,2,99,3,1,0.4615617353596138,1,0.0,0.5
receive,12,12,2,99,3,2,0.43395027772386463,1,0.0,0.5
receive,12,3,6,99,5,3,0.5673619066126471,1,1.0,0.16666666666666666
receive,12,8,6,99,5,3,0.4380279176730975,1,1.0,0.16666666666666666
receive,12,12,6,99,5,2,0.505801023185953,1,1.0,0.16666666666666666
receive,12,13,6,99,5,3,0.41120776909675816,2,0.5,0.3333333333333333
receive,12,14,6,99,5,3,0.32910382108943415,1,0.0,0.16666666666666666
receive,1,1,4,100,1,1,0.5196300870038049,4,1.0,1.0
receive,6,1,1,100,3,1,0.5265575471337576,1,1.0,1.0
receive,7,5,1,100,1,1,0.461069129945569,1,0.0,1.0
receive,10,1,36,100,2,1,0.528539270392832,15,0.4,0.4166666666666667
receive,10,5,36,100,2,1,0.4530553091884293,3,0.3333333333333333,0.08333333333333333
receive,10,6,36,100,2,3,0.4663811796603925,5,0.6,0.1388888888888889
receive,10,13,36,100,2,3,0.37532346923300536,13,0.38461538461538464,0.3611111111111111
receive,11,1,7,100,2,1,0.5241999691290604,4,0.25,0.5714285714285714
receive,11,10,7,100,2,2,0.42594576301406034,1,1.0,0.14285714285714285
receive,11,13,7,100,2,3,0.34275085054964716,2,0.0,0.2857142857142857
receive,1,1,28,101,1,1,0.4554628347246803,12,0.6666666666666666,0.42857142857142855
receive,1,2,28,101,1,1,0.3929102114550411,4,0.75,0.14285714285714285
receive,1,5,28,101,1,1,0.3812955145052669,3,0.0,0.10714285714285714
receive,1,6,28,101,1,3,0.40438265723702316,6,0.8333333333333334,0.21428571428571427
receive,1,13,28,101,1,3,0.2586223332553065,3,0.0,0.10714285714285714
receive,4,1,60,101,1,1,0.4597280670464293,11,0.45454545454545453,0.18333333333333332
receive,4,2,60,101,1,1,0.39342765141661684,4,0.75,0.06666666666666667
receive,4,5,60,101,1,1,0.3697609543575968,10,0.4,0.16666666666666666
receive,4,6,60,101,1,0,0.008426619354705714,1,0.0,0.016666666666666666
receive,4,6,60,101,1,3,0.3904884535365955,17,0.4117647058823529,0.2833333333333333
receive,4,10,60,101,1,2,0.3407401548089407,1,0.0,0.016666666666666666
receive,4,13,60,101,1,3,0.2386458409313897,16,0.3125,0.26666666666666666
receive,4,1,37,101,4,1,0.4953115119613731,4,1.0,0.10810810810810811
receive,4,2,37,101,4,1,0.43215741313490225,3,1.0,0.08108108108108109
receive,4,5,37,101,4,1,0.4132446663242185,9,0.5555555555555556,0.24324324324324326
receive,4,6,37,101,4,3,0.4347902494946592,12,0.75,0.32432432432432434
receive,4,13,37,101,4,3,0.2468792606543389,9,0.2222222222222222,0.24324324324324326
receive,6,6,2,101,3,3,0.40706371175977857,1,0.0,0.5
receive,6,13,2,101,3,3,0.21926654719563568,1,1.0,0.5
receive,7,2,4,101,3,1,0.41551757421792457,1,1.0,0.25
receive,7,6,4,101,3,3,0.4169864714825488,1,1.0,0.25
receive,7,13,4,101,3,3,0.2417333238054998,2,0.0,0.5
receive,10,1,40,101,2,1,0.4648808410394876,3,0.3333333333333333,0.075
receive,10,2,40,101,2,1,0.4015052536676598,6,0.6666666666666666,0.15
receive,10,3,40,101,2,3,0.4453464470839534,1,1.0,0.025
receive,10,5,40,101,2,1,0.38786966213508134,5,0.2,0.125
receive,10,6,40,101,2,3,0.4011234675081193,8,0.125,0.2
receive,10,10,40,101,2,3,0.3432048514667042,1,0.0,0.025
receive,10,10,40,101,2,5,0.4334151599800922,1,0.0,0.025
receive,10,11,40,101,2,2,0.3616724036949898,1,0.0,0.025
receive,10,13,40,101,2,3,0.28629596690300685,14,0.35714285714285715,0.35
receive,10,2,4,101,3,1,0.4020746504874769,1,0.0,0.25
receive,10,13,4,101,3,3,0.20572341677042927,3,0.0,0.75
receive,10,2,6,101,5,1,0.39425719980836127,1,0.0,0.16666666666666666
receive,10,6,6,101,5,3,0.404920369021411,2,0.0,0.3333333333333333
receive,10,13,6,101,5,3,0.36833486946004806,3,0.6666666666666666,0.5
receive,11,1,74,101,2,0,0.008015426617185949,1,0.0,0.013513513513513514
receive,11,1,74,101,2,1,0.4455030692967345,37,0.3783783783783784,0.5
receive,11,2,74,101,2,1,0.3873579181490653,3,0.0,0.04054054054054054
receive,11,4,74,101,2,1,0.4035536481336273,4,0.25,0.05405405405405406
receive,11,4,74,101,2,4,0.40401459283800295,1,1.0,0.013513513513513514
receive,11,5,74,101,2,1,0.38257227639004493,1,0.0,0.013513513513513514
receive,11,6,74,101,2,3,0.39541130497655047,2,0.0,0.02702702702702703
receive,11,7,74,101,2,1,0.3475093389691175,1,0.0,0.013513513513513514
receive,11,10,74,101,2,2,0.3478836385970829,4,0.25,0.05405405405405406
receive,11,11,74,101,2,2,0.35350880317641636,10,0.2,0.13513513513513514
receive,11,13,74,101,2,3,0.24708042706465494,9,0.3333333333333333,0.12162162162162163
receive,11,14,74,101,2,1,0.1473466086340974,1,0.0,0.013513513513513514
receive,11,1,6,101,3,1,0.4396261214847091,2,1.0,0.3333333333333333
receive,11,6,6,101,3,3,0.3830274595202616,1,0.0,0.16666666666666666
receive,11,11,6,101,3,3,0.3117019260224148,1,0.0,0.16666666666666666
receive,11,13,6,101,3,3,0.17273813598583834,2,0.0,0.3333333333333333
receive,11,1,5,101,5,1,0.421044454700238,2,0.0,0.4
receive,11,4,5,101,5,4,0.42284986307435257,1,0.0,0.2
receive,11,10,5,101,5,2,0.3927630610608058,2,0.5,0.4
receive,1,1,7,102,1,1,0.5556773686813724,1,0.0,0.14285714285714285
receive,1,3,7,102,1,3,0.6079793563196934,4,0.25,0.5714285714285714
receive,1,11,7,102,1,2,0.45938014953903117,2,1.0,0.2857142857142857
receive,3,11,1,102,3,2,0.4707679131819113,1,1.0,1.0
receive,6,1,2,102,2,1,0.5765957199268219,1,1.0,0.5
receive,6,13,2,102,2,0,0.017052018933230502,1,0.0,0.5
receive,6,11,1,102,3,2,0.45898543840112366,1,0.0,1.0
receive,7,3,2,102,3,3,0.6180746067154073,1,1.0,0.5
receive,7,6,2,102,3,3,0.5218632239290208,1,1.0,0.5
receive,10,1,7,102,2,1,0.5772697554423425,1,1.0,0.14285714285714285
receive,10,2,7,102,2,1,0.5154476629386491,1,1.0,0.14285714285714285
receive,10,6,7,102,2,3,0.5165943227379202,1,0.0,0.14285714285714285
receive,10,10,7,102,2,2,0.47593204809145206,2,0.5,0.2857142857142857
receive,10,11,7,102,2,2,0.47631404924733134,1,0.0,0.14285714285714285
receive,10,13,7,102,2,3,0.40093521973946133,1,1.0,0.14285714285714285
receive,11,1,3,102,2,1,0.5313774791447966,1,0.0,0.3333333333333333
receive,11,3,3,102,2,3,0.5285135488691716,2,1.0,0.6666666666666666
receive,4,1,4,103,4,1,0.6428976634362064,1,0.0,0.25
receive,4,13,4,103,4,3,0.37212630240309147,3,0.3333333333333333,0.75
receive,10,2,1,103,2,1,0.5562166913026391,1,0.0,1.0
receive,11,1,2,103,2,1,0.6002738563493281,1,0.0,0.5
receive,11,11,2,103,2,0,0.023718978328455233,1,0.0,0.5
receive,11,10,1,103,3,3,0.46924407623604036,1,1.0,1.0
receive,11,1,2,103,5,1,0.5752090980872255,1,1.0,0.5
receive,11,10,2,103,5,5,0.531726441573686,1,1.0,0.5
receive,1,1,6,104,1,1,0.5571760503413404,1,1.0,0.16666666666666666
receive,1,2,6,104,1,1,0.4999345438377805,1,1.0,0.16666666666666666
receive,1,5,6,104,1,1,0.4940975751639612,1,0.0,0.16666666666666666
receive,1,7,6,104,1,0,0.017200756178144795,1,0.0,0.16666666666666666
receive,1,8,6,104,1,3,0.4012274445704757,1,1.0,0.16666666666666666
receive,1,13,6,104,1,3,0.35597594154470896,1,0.0,0.16666666666666666
receive,4,1,8,104,1,1,0.560854967646983,2,0.0,0.25
receive,4,8,8,104,1,3,0.39339203250437177,3,0.0,0.375
receive,4,13,8,104,1,3,0.3302539306202233,3,0.6666666666666666,0.375
receive,4,1,1,104,4,1,0.6003395677320883,1,1.0,1.0
receive,10,6,3,104,2,3,0.5157400108454048,1,1.0,0.3333333333333333
receive,10,13,3,104,2,0,0.017994815189798116,1,0.0,0.3333333333333333
receive,10,13,3,104,2,3,0.40405811643712175,1,1.0,0.3333333333333333
receive,11,1,2,104,2,1,0.5409924232103935,2,0.5,1.0
receive,6,6,1,105,2,2,0.5008672815319541,1,1.0,1.0
receive,6,6,1,105,3,2,0.5178228165757027,1,0.0,1.0
receive,8,6,2,105,3,2,0.4806571964373311,1,0.0,0.5
receive,8,10,2,105,3,2,0.4281870145189236,1,0.0,0.5
receive,9,9,2,105,2,2,0.47248404430304225,1,0.0,0.5
receive,9,10,2,105,2,2,0.4575117280425525,1,0.0,0.5
receive,10,5,7,105,2,1,0.49257549534981837,1,0.0,0.14285714285714285
receive,10,6,7,105,2,2,0.5055498610950234,1,1.0,0.14285714285714285
receive,10,9,7,105,2,2,0.48256923591278633,3,0.3333333333333333,0.42857142857142855
receive,10,10,7,105,2,2,0.4661237317725062,1,1.0,0.14285714285714285
receive,10,10,7,105,2,3,0.44425268509717847,1,1.0,0.14285714285714285
receive,10,3,3,105,3,3,0.55233362579412,1,1.0,0.3333333333333333
receive,10,9,3,105,3,2,0.4667633106152007,2,0.0,0.6666666666666666
receive,10,1,2,105,5,1,0.5234938396093427,1,0.0,0.5
receive,10,9,2,105,5,2,0.47994917514761914,1,0.0,0.5
receive,12,3,19,105,2,3,0.48848432595974517,1,1.0,0.05263157894736842
receive,12,10,19,105,2,2,0.4372005014551748,16,0.625,0.8421052631578947
receive,12,10,19,105,2,5,0.4517641653371681,1,1.0,0.05263157894736842
receive,12,13,19,105,2,0,0.015026939782369374,1,0.0,0.05263157894736842
receive,1,1,24,106,1,1,0.5382808099470842,3,0.3333333333333333,0.125
receive,1,2,24,106,1,1,0.47587212814671487,4,0.5,0.16666666666666666
receive,1,5,24,106,1,0,0.014006109743799186,1,0.0,0.041666666666666664
receive,1,5,24,106,1,1,0.4658180349790304,7,0.42857142857142855,0.2916666666666667
receive,1,6,24,106,1,3,0.48658480195327475,3,0.3333333333333333,0.125
receive,1,13,24,106,1,3,0.3356233602752847,6,0.5,0.25
receive,4,1,51,106,1,1,0.5389845742750772,5,0.6,0.09803921568627451
receive,4,2,51,106,1,1,0.47220090970044515,6,0.3333333333333333,0.11764705882352941
receive,4,5,51,106,1,1,0.44916650179389833,11,0.5454545454545454,0.21568627450980393
receive,4,6,51,106,1,3,0.46837293432936417,13,0.5384615384615384,0.2549019607843137
receive,4,10,51,106,1,2,0.41734490273605884,1,1.0,0.0196078431372549
receive,4,13,51,106,1,0,0.014234028289050455,1,0.0,0.0196078431372549
receive,4,13,51,106,1,3,0.308711191703129,14,0.21428571428571427,0.27450980392156865
receive,4,2,16,106,4,1,0.5120439160227195,5,0.4,0.3125
receive,4,5,16,106,4,1,0.4934608976964783,1,0.0,0.0625
receive,4,6,16,106,4,3,0.5151800900316466,5,0.4,0.3125
receive,4,13,16,106,4,3,0.3168172793000779,5,0.4,0.3125
receive,7,1,1,106,1,1,0.5328411406695229,1,0.0,1.0
receive,10,1,12,106,2,1,0.5419424004845333,4,0.25,0.3333333333333333
receive,10,2,12,106,2,1,0.475403092191387,4,0.5,0.3333333333333333
receive,10,3,12,106,2,3,0.512789832555067,1,0.0,0.08333333333333333
receive,10,4,12,106,2,1,0.488826270133095,1,1.0,0.08333333333333333
receive,10,10,12,106,2,2,0.43322022359248274,1,0.0,0.08333333333333333
receive,10,13,12,106,2,3,0.3414236894476776,1,1.0,0.08333333333333333
receive,10,13,1,106,3,3,0.25835205401691225,1,0.0,1.0
receive,10,13,1,106,5,3,0.3670634492227043,1,1.0,1.0
receive,11,1,28,106,2,1,0.5118160928697522,22,0.45454545454545453,0.7857142857142857
receive,11,2,28,106,2,1,0.4495079493427735,2,0.0,0.07142857142857142
receive,11,4,28,106,2,4,0.45722249172756074,2,0.0,0.07142857142857142
receive,11,6,28,106,2,3,0.4567427786832967,1,1.0,0.03571428571428571
receive,11,13,28,106,2,3,0.2970645967700603,1,0.0,0.03571428571428571
receive,12,13,1,106,2,3,0.31769910709209137,1,0.0,1.0
receive,1,1,13,107,1,1,0.5747361477925016,6,0.6666666666666666,0.46153846153846156
receive,1,2,13,107,1,1,0.5196780979168938,1,0.0,0.07692307692307693
receive,1,5,13,107,1,1,0.5153219891075195,1,1.0,0.07692307692307693
receive,1,6,13,107,1,3,0.5321976642705889,2,0.0,0.15384615384615385
receive,1,13,13,107,1,3,0.37902239836763313,3,0.3333333333333333,0.23076923076923078
receive,4,13,1,107,1,3,0.3614926942120609,1,0.0,1.0
receive,6,2,3,107,3,1,0.53521857129501,3,0.0,1.0
receive,7,1,4,107,3,1,0.6244472304505694,1,0.0,0.25
receive,7,2,4,107,3,1,0.567583356767867,2,0.5,0.5
receive,7,13,4,107,3,3,0.40208037207427805,1,0.0,0.25
receive,10,1,33,107,2,1,0.5938668335741651,8,0.625,0.24242424242424243
receive,10,2,33,107,2,1,0.5314012201715034,4,0.75,0.12121212121212122
receive,10,5,33,107,2,0,0.020201170782747354,1,0.0,0.030303030303030304
receive,10,5,33,107,2,1,0.51892702071865,2,1.0,0.06060606060606061
receive,10,6,33,107,2,3,0.5327064260248003,2,0.0,0.06060606060606061
receive,10,10,33,107,2,2,0.4898293032591964,2,1.0,0.06060606060606061
receive,10,13,33,107,2,3,0.4097568646499484,14,0.35714285714285715,0.42424242424242425
receive,10,1,13,107,3,1,0.5893132229778539,2,1.0,0.15384615384615385
receive,10,2,13,107,3,0,0.02096447332066953,1,0.0,0.07692307692307693
receive,10,2,13,107,3,1,0.5308380203414612,5,0.6,0.38461538461538464
receive,10,5,13,107,3,1,0.5103223297509916,1,0.0,0.07692307692307693
receive,10,6,13,107,3,3,0.5273733150350286,2,0.5,0.15384615384615385
receive,10,13,13,107,3,3,0.38302883772857726,2,0.0,0.15384615384615385
receive,10,1,3,107,5,1,0.5764921634354994,2,1.0,0.6666666666666666
receive,10,13,3,107,5,3,0.41177407491520435,1,1.0,0.3333333333333333
receive,11,1,7,107,2,1,0.5522872209898287,2,0.0,0.2857142857142857
receive,11,2,7,107,2,1,0.4965853688315442,1,1.0,0.14285714285714285
receive,11,5,7,107,2,1,0.48891119564618774,1,1.0,0.14285714285714285
receive,11,6,7,107,2,3,0.5067935561305743,1,0.0,0.14285714285714285
receive,11,13,7,107,2,3,0.3413486791637834,2,0.5,0.2857142857142857
receive,11,1,12,107,3,1,0.5555245720086548,8,0.125,0.6666666666666666
receive,11,7,12,107,3,1,0.45287162118412355,1,0.0,0.08333333333333333
receive,11,13,12,107,3,3,0.28787687917240856,3,0.0,0.25
receive,1,2,5,108,1,1,0.6047624099217738,1,1.0,0.2
receive,1,5,5,108,1,1,0.5978399427090133,3,0.6666666666666666,0.6
receive,1,13,5,108,1,3,0.4731281059548021,1,1.0,0.2
receive,4,2,1,108,1,1,0.6046558280657,1,1.0,1.0
receive,7,5,1,108,1,1,0.6412519066430168,1,1.0,1.0
receive,10,2,2,108,2,1,0.6031376263797914,1,1.0,0.5
receive,10,13,2,108,2,3,0.5030468846682528,1,0.0,0.5
receive,1,1,4,109,1,1,0.5210226522310812,1,1.0,0.25
receive,1,6,4,109,1,3,0.4711584299802139,1,0.0,0.25
receive,1,13,4,109,1,3,0.3291300781401292,2,0.0,0.5
receive,4,5,3,109,1,1,0.42526751081224773,3,0.6666666666666666,1.0
receive,6,13,1,109,3,3,0.2918577332438351,1,1.0,1.0
receive,7,5,3,109,1,1,0.45357308255521106,1,0.0,0.3333333333333333
receive,7,13,3,109,1,3,0.35748841710076434,2,0.0,0.6666666666666666
receive,10,2,16,109,2,1,0.4578872707412453,3,1.0,0.1875
receive,10,5,16,109,2,1,0.4466164172736015,1,1.0,0.0625
receive,10,6,16,109,2,3,0.4604905663922342,1,0.0,0.0625
receive,10,13,16,109,2,3,0.3544253944217015,11,0.36363636363636365,0.6875
receive,10,13,1,109,5,3,0.4262523346959166,1,1.0,1.0
receive,11,4,8,109,2,1,0.4786239755441385,1,1.0,0.125
receive,11,5,8,109,2,1,0.4544549555767515,1,1.0,0.125
receive,11,10,8,109,2,2,0.4107325260806749,2,1.0,0.25
receive,11,11,8,109,2,2,0.41931640937748055,2,0.5,0.25
receive,11,13,8,109,2,0,0.011602454531687385,1,0.0,0.125
receive,11,13,8,109,2,3,0.32457369379960926,1,0.0,0.125
receive,11,10,1,109,3,2,0.38369754095340547,1,0.0,1.0
receive,1,6,4,110,1,3,0.5020022399700081,4,0.5,1.0
receive,4,6,1,110,1,3,0.4693459788794489,1,1.0,1.0
receive,4,2,2,110,4,1,0.5151856128302923,1,1.0,0.5
receive,4,6,2,110,4,3,0.5237004316831794,1,1.0,0.5
receive,6,5,4,110,3,1,0.4947700214384239,2,0.5,0.5
receive,6,6,4,110,3,3,0.5130489967111217,2,1.0,0.5
receive,7,5,5,110,1,1,0.4983480792903551,1,0.0,0.2
receive,7,6,5,110,1,3,0.5167310782866334,3,0.6666666666666666,0.6
receive,7,13,5,110,1,3,0.3946372512968064,1,0.0,0.2
receive,9,13,1,110,3,3,0.2938344047887003,1,0.0,1.0
receive,10,1,11,110,2,0,0.01662041190442806,1,0.0,0.09090909090909091
receive,10,1,11,110,2,1,0.5541859015740349,1,0.0,0.09090909090909091
receive,10,6,11,110,2,3,0.49336801795409413,1,1.0,0.09090909090909091
receive,10,13,11,110,2,0,0.016124302630538233,1,0.0,0.09090909090909091
receive,10,13,11,110,2,3,0.3610225096863883,6,0.16666666666666666,0.5454545454545454
receive,10,14,11,110,2,1,0.22942210636157714,1,0.0,0.09090909090909091
receive,10,13,2,110,3,3,0.27856219281150246,2,0.0,1.0
receive,10,3,1,110,5,2,0.5175793660423612,1,0.0,1.0
receive,11,1,11,110,2,1,0.5291639817604277,3,1.0,0.2727272727272727
receive,11,6,11,110,2,3,0.47298193934813104,2,1.0,0.18181818181818182
receive,11,7,11,110,2,1,0.42580417402505477,3,0.3333333333333333,0.2727272727272727
receive,11,10,11,110,2,2,0.4296633983994567,1,1.0,0.09090909090909091
receive,11,11,11,110,2,2,0.4353227409290079,1,0.0,0.09090909090909091
receive,11,13,11,110,2,3,0.30865662488915807,1,0.0,0.09090909090909091
receive,11,5,1,110,3,1,0.45157526976856327,1,1.0,1.0
receive,12,6,1,110,2,3,0.4697667641069519,1,1.0,1.0
receive,1,1,29,111,1,1,0.45258910200245533,8,0.5,0.27586206896551724
receive,1,5,29,111,1,1,0.3854646036552566,7,0.14285714285714285,0.2413793103448276
receive,1,6,29,111,1,2,0.3982607575792799,1,1.0,0.034482758620689655
receive,1,6,29,111,1,3,0.4044025498945977,4,0.0,0.13793103448275862
receive,1,13,29,111,1,3,0.26957872572182334,9,0.3333333333333333,0.3103448275862069
receive,4,1,30,111,1,1,0.45922973613470297,3,0.3333333333333333,0.1
receive,4,2,30,111,1,1,0.3943584239080382,1,0.0,0.03333333333333333
receive,4,5,30,111,1,1,0.3714361418903961,14,0.21428571428571427,0.4666666666666667
receive,4,6,30,111,1,3,0.3892504730802739,3,0.6666666666666666,0.1
receive,4,13,30,111,1,0,0.008197104224158735,1,0.0,0.03333333333333333
receive,4,13,30,111,1,3,0.24630858546233908,8,0.25,0.26666666666666666
receive,6,6,1,111,3,3,0.4123692547857913,1,0.0,1.0
receive,7,1,3,111,1,1,0.46566490290938906,1,1.0,0.3333333333333333
receive,7,5,3,111,1,1,0.3934905825412893,1,0.0,0.3333333333333333
receive,7,13,3,111,1,3,0.297611797141764,1,1.0,0.3333333333333333
receive,10,1,32,111,2,1,0.4636479903921088,2,0.0,0.0625
receive,10,2,32,111,2,1,0.3998685544071474,7,0.5714285714285714,0.21875
receive,10,4,32,111,2,1,0.41333022413485987,1,1.0,0.03125
receive,10,5,32,111,2,1,0.38573742000470346,6,0.16666666666666666,0.1875
receive,10,10,32,111,2,2,0.3632109644099518,5,0.8,0.15625
receive,10,12,32,111,2,2,0.3648264403428329,3,1.0,0.09375
receive,10,13,32,111,2,3,0.29916282492292284,8,0.375,0.25
receive,10,3,5,111,5,3,0.42692601861635315,2,0.0,0.4
receive,10,10,5,111,5,2,0.3940572074629,2,0.5,0.4
receive,10,12,5,111,5,2,0.40123586659537674,1,1.0,0.2
receive,11,1,44,111,2,1,0.42786065265884027,12,0.25,0.2727272727272727
receive,11,4,44,111,2,1,0.3910003482408403,3,0.0,0.06818181818181818
receive,11,5,44,111,2,1,0.36610372564572113,3,0.6666666666666666,0.06818181818181818
receive,11,7,44,111,2,1,0.3395100840758731,4,0.25,0.09090909090909091
receive,11,10,44,111,2,2,0.3438180591879305,2,0.5,0.045454545454545456
receive,11,10,44,111,2,5,0.3793407339358969,2,0.0,0.045454545454545456
receive,11,11,44,111,2,2,0.3459537018816557,3,0.3333333333333333,0.06818181818181818
receive,11,11,44,111,2,3,0.3208374353845471,1,0.0,0.022727272727272728
receive,11,13,44,111,2,3,0.23971352009103597,14,0.07142857142857142,0.3181818181818182
receive,12,2,10,111,2,1,0.36775378127602404,1,0.0,0.1
receive,12,12,10,111,2,2,0.35619569637314424,9,0.6666666666666666,0.9
receive,1,1,18,112,1,1,0.4411564854180382,4,0.25,0.2222222222222222
receive,1,2,18,112,1,1,0.3812327638797678,3,0.6666666666666666,0.16666666666666666
receive,1,3,18,112,1,2,0.42730813360174125,1,1.0,0.05555555555555555
receive,1,5,18,112,1,1,0.3757803212281719,2,0.5,0.1111111111111111
receive,1,6,18,112,1,3,0.39556527634716254,5,0.6,0.2777777777777778
receive,1,13,18,112,1,0,0.007528233819695839,2,0.0,0.1111111111111111
receive,1,13,18,112,1,3,0.25836278381002103,1,0.0,0.05555555555555555
receive,4,1,17,112,1,1,0.44044888732149495,3,0.6666666666666666,0.17647058823529413
receive,4,2,17,112,1,1,0.37286135843389984,4,0.25,0.23529411764705882
receive,4,5,17,112,1,1,0.3546071124210884,5,0.2,0.29411764705882354
receive,4,6,17,112,1,3,0.3759925084411816,3,1.0,0.17647058823529413
receive,4,13,17,112,1,3,0.232334722618802,2,0.0,0.11764705882352941
receive,4,3,4,112,4,2,0.4362116683204768,1,1.0,0.25
receive,4,5,4,112,4,1,0.3690467533251251,1,0.0,0.25
receive,4,6,4,112,4,3,0.4020205157737068,2,0.5,0.5
receive,6,2,3,112,3,1,0.4202731743435364,1,0.0,0.3333333333333333
receive,6,5,3,112,3,1,0.39460364553064564,1,1.0,0.3333333333333333
receive,6,13,3,112,3,3,0.24903137291106306,1,0.0,0.3333333333333333
receive,7,5,5,112,1,1,0.3959687061487719,1,0.0,0.2
receive,7,6,5,112,1,3,0.4142011289450916,1,1.0,0.2
receive,7,13,5,112,1,3,0.2957507083274458,3,0.6666666666666666,0.6
receive,8,5,1,112,2,1,0.4056586860704195,1,1.0,1.0
receive,10,1,34,112,2,1,0.4568177604003303,5,0.4,0.14705882352941177
receive,10,2,34,112,2,1,0.3923647450827199,5,0.4,0.14705882352941177
receive,10,5,34,112,2,1,0.3808579008845473,1,0.0,0.029411764705882353
receive,10,6,34,112,2,3,0.39246911138059953,5,0.0,0.14705882352941177
receive,10,13,34,112,2,0,0.007687875263361012,2,0.0,0.058823529411764705
receive,10,13,34,112,2,3,0.29172986764654474,16,0.375,0.47058823529411764
receive,10,5,2,112,3,1,0.36893811749364336,1,0.0,0.5
receive,10,13,2,112,3,3,0.25880844142860593,1,0.0,0.5
receive,10,5,3,112,5,1,0.35550112417299023,1,0.0,0.3333333333333333
receive,10,13,3,112,5,3,0.3461423243939792,2,0.5,0.6666666666666666
receive,11,1,6,112,2,1,0.4384021831204661,5,0.8,0.8333333333333334
receive,11,3,6,112,2,2,0.4299926630297966,1,0.0,0.16666666666666666
receive,1,2,4,113,1,1,0.41207870267291175,1,0.0,0.25
receive,1,5,4,113,1,1,0.4073019874472581,1,1.0,0.25
receive,1,6,4,113,1,3,0.426678933695426,1,1.0,0.25
receive,1,13,4,113,1,3,0.2931537003565371,1,0.0,0.25
receive,4,6,3,113,1,3,0.4076982454348159,2,0.5,0.6666666666666666
receive,4,13,3,113,1,3,0.26060888127929455,1,0.0,0.3333333333333333
receive,6,13,4,113,3,3,0.2564399028220971,4,0.25,1.0
receive,7,3,4,113,1,2,0.48577051737236643,1,0.0,0.25
receive,7,6,4,113,1,3,0.4389864084276805,1,1.0,0.25
receive,7,13,4,113,1,0,0.009744749297474594,1,0.0,0.25
receive,7,13,4,113,1,3,0.31895808399168635,1,1.0,0.25
receive,10,1,10,113,2,1,0.49240694036885246,1,0.0,0.1
receive,10,2,10,113,2,1,0.4250737173377005,1,0.0,0.1
receive,10,13,10,113,2,3,0.3321606044566915,8,0.25,0.8
receive,10,2,6,113,3,1,0.42692096826983755,1,1.0,0.16666666666666666
receive,10,5,6,113,3,0,0.01052351737227461,1,0.0,0.16666666666666666
receive,10,5,6,113,3,1,0.40341122635983756,1,0.0,0.16666666666666666
receive,10,13,6,113,3,3,0.2233709534471904,3,0.0,0.5
receive,11,1,12,113,2,1,0.47830506961536196,4,0.5,0.3333333333333333
receive,11,6,12,113,2,3,0.4286298095150299,4,0.5,0.3333333333333333
receive,11,11,12,113,2,2,0.38497517524277364,1,0.0,0.08333333333333333
receive,11,13,12,113,2,3,0.2962259637495322,3,0.0,0.25
receive,12,2,7,114,2,1,0.527452744712255,1,1.0,0.14285714285714285
receive,12,5,7,114,2,1,0.5258789621080829,1,0.0,0.14285714285714285
receive,12,10,7,114,2,2,0.5015224853312539,4,0.5,0.5714285714285714
receive,12,12,7,114,2,2,0.5113945481643491,1,1.0,0.14285714285714285
receive,12,10,3,114,3,2,0.4912879624358353,1,0.0,0.3333333333333333
receive,12,12,3,114,3,2,0.4922156445565224,1,1.0,0.3333333333333333
receive,12,13,3,114,3,3,0.332670018042251,1,0.0,0.3333333333333333
receive,12,10,7,114,5,2,0.5013535417095704,6,0.6666666666666666,0.8571428571428571
receive,12,10,7,114,5,3,0.4866639579346546,1,0.0,0.14285714285714285
receive,1,1,30,115,1,1,0.5953199727476731,5,0.2,0.16666666666666666
receive,1,2,30,115,1,1,0.5374721736277867,7,0.7142857142857143,0.23333333333333334
receive,1,3,30,115,1,2,0.601277176324602,1,0.0,0.03333333333333333
receive,1,5,30,115,1,1,0.529991695243981,8,0.75,0.26666666666666666
receive,1,6,30,115,1,3,0.5484904158377489,7,0.5714285714285714,0.23333333333333334
receive,1,13,30,115,1,3,0.38739511965649925,2,0.0,0.06666666666666667
receive,4,1,3,115,1,1,0.6128286055523958,1,1.0,0.3333333333333333
receive,4,5,3,115,1,1,0.5244351459249051,1,0.0,0.3333333333333333
receive,4,13,3,115,1,3,0.3867152126274962,1,0.0,0.3333333333333333
receive,4,1,1,115,4,1,0.6163969702070595,1,0.0,1.0
receive,6,12,1,115,2,2,0.49249443302470175,1,1.0,1.0
receive,6,1,2,115,3,1,0.6673718060145961,1,1.0,0.5
receive,6,6,2,115,3,3,0.5950419854821485,1,1.0,0.5
receive,7,1,13,115,1,1,0.6222344235553574,1,1.0,0.07692307692307693
receive,7,2,13,115,1,1,0.5622221793547585,4,0.75,0.3076923076923077
receive,7,5,13,115,1,1,0.5461124114309013,4,0.5,0.3076923076923077
receive,7,6,13,115,1,3,0.5640351678164887,3,0.3333333333333333,0.23076923076923078
receive,7,13,13,115,1,3,0.43383298911448187,1,0.0,0.07692307692307693
receive,7,5,3,115,3,1,0.5396079227216064,1,0.0,0.3333333333333333
receive,7,6,3,115,3,3,0.5623587141955684,1,0.0,0.3333333333333333
receive,7,13,3,115,3,3,0.4081692577419304,1,0.0,0.3333333333333333
receive,8,6,1,115,3,3,0.5282636488564016,1,1.0,1.0
receive,9,12,1,115,2,2,0.5520647056438874,1,0.0,1.0
receive,10,1,47,115,2,1,0.6076129753905246,3,1.0,0.06382978723404255
receive,10,2,47,115,2,1,0.5481172107796569,7,1.0,0.14893617021276595
receive,10,3,47,115,2,2,0.6198434990637781,1,1.0,0.02127659574468085
receive,10,5,47,115,2,1,0.535283040433086,10,0.8,0.2127659574468085
receive,10,6,47,115,2,3,0.5482639014083127,6,0.5,0.1276595744680851
receive,10,10,47,115,2,2,0.506748247843568,4,0.75,0.0851063829787234
receive,10,10,47,115,2,5,0.5729603024272115,1,1.0,0.02127659574468085
receive,10,12,47,115,2,2,0.5096779372027973,3,1.0,0.06382978723404255
receive,10,13,47,115,2,3,0.4321338196986888,12,0.4166666666666667,0.2553191489361702
receive,10,2,6,115,3,1,0.5320627690013553,1,1.0,0.16666666666666666
receive,10,10,6,115,3,2,0.4826297502325457,1,1.0,0.16666666666666666
receive,10,13,6,115,3,3,0.34590347990320885,4,0.75,0.6666666666666666
receive,10,6,1,115,5,3,0.5236320543369635,1,1.0,1.0
receive,11,1,37,115,2,1,0.5660289578758467,12,0.4166666666666667,0.32432432432432434
receive,11,5,37,115,2,1,0.5002617796159645,4,0.25,0.10810810810810811
receive,11,6,37,115,2,3,0.5143747921453371,1,0.0,0.02702702702702703
receive,11,7,37,115,2,1,0.4625455598361845,5,0.6,0.13513513513513514
receive,11,7,37,115,2,3,0.4494130785607036,4,0.25,0.10810810810810811
receive,11,10,37,115,2,2,0.4642757019412695,6,0.16666666666666666,0.16216216216216217
receive,11,11,37,115,2,2,0.47175283720493744,3,0.3333333333333333,0.08108108108108109
receive,11,13,37,115,2,0,0.019954006579238914,1,0.0,0.02702702702702703
receive,11,13,37,115,2,3,0.34264713668303803,1,0.0,0.02702702702702703
receive,11,1,5,115,3,1,0.5733489016968912,4,0.5,0.8
receive,11,5,5,115,3,1,0.5007159350294216,1,0.0,0.2
receive,12,10,13,115,2,5,0.501811057161649,1,1.0,0.07692307692307693
receive,12,12,13,115,2,2,0.5129191238342574,12,0.25,0.9230769230769231
receive,1,1,1,116,1,1,0.4822268229263735,1,0.0,1.0
receive,6,5,10,116,3,1,0.43081730413265606,3,0.6666666666666666,0.3
receive,6,6,10,116,3,3,0.4564653000034376,2,0.0,0.2
receive,6,13,10,116,3,3,0.2667469942795645,5,0.0,0.5
receive,10,10,5,116,2,2,0.39377439673578585,5,0.8,1.0
receive,10,10,2,116,5,2,0.45847108821034954,2,1.0,1.0
receive,1,1,4,117,1,1,0.5779826919083886,1,1.0,0.25
receive,1,6,4,117,1,3,0.5282783450598869,1,0.0,0.25
receive,1,13,4,117,1,3,0.3882787471280422,2,0.0,0.5
receive,4,6,6,117,4,3,0.547796991056427,5,0.6,0.8333333333333334
receive,4,13,6,117,4,3,0.3497187242134801,1,0.0,0.16666666666666666
receive,7,13,1,117,1,3,0.333911219728055,1,0.0,1.0
receive,10,13,6,117,2,3,0.38916281486894233,6,0.5,1.0
receive,10,2,2,117,3,1,0.5121331677919374,1,0.0,0.5
receive,10,13,2,117,3,3,0.2952880517792312,1,0.0,0.5
receive,11,10,3,117,2,2,0.4434838965030428,3,0.6666666666666666,1.0
receive,1,1,11,118,1,1,0.45904800493413406,5,0.0,0.45454545454545453
receive,1,6,11,118,1,3,0.4098469895360088,4,0.5,0.36363636363636365
receive,1,13,11,118,1,3,0.26759382637622636,2,1.0,0.18181818181818182
receive,4,1,5,118,1,1,0.45577700420197936,2,0.5,0.4
receive,4,6,5,118,1,3,0.38878107089465386,2,0.0,0.4
receive,4,13,5,118,1,3,0.2305586259988223,1,0.0,0.2
receive,6,6,1,118,3,3,0.3996990938141484,1,1.0,1.0
receive,7,2,2,118,1,1,0.40719136340647777,1,0.0,0.5
receive,7,6,2,118,1,0,0.00899187375259725,1,0.0,0.5
receive,10,1,16,118,2,1,0.4703054447532405,2,1.0,0.125
receive,10,2,16,118,2,1,0.41066944651039616,1,1.0,0.0625
receive,10,5,16,118,2,1,0.3993407173556355,2,0.0,0.125
receive,10,6,16,118,2,3,0.4127244923209767,7,0.14285714285714285,0.4375
receive,10,13,16,118,2,3,0.3143004213551665,4,0.0,0.25
receive,10,2,3,118,3,1,0.4062793635888183,1,0.0,0.3333333333333333
receive,10,6,3,118,3,3,0.4028831553961751,1,0.0,0.3333333333333333
receive,10,13,3,118,3,3,0.23401046551289648,1,0.0,0.3333333333333333
receive,11,1,11,118,2,1,0.4253361598536196,5,0.4,0.45454545454545453
receive,11,2,11,118,2,1,0.37035460748893373,1,0.0,0.09090909090909091
receive,11,5,11,118,2,1,0.3638085963717627,1,0.0,0.09090909090909091
receive,11,6,11,118,2,3,0.3789023252875639,1,0.0,0.09090909090909091
receive,11,7,11,118,2,1,0.33486721591564006,1,0.0,0.09090909090909091
receive,11,11,11,118,2,2,0.3431445156681296,1,1.0,0.09090909090909091
receive,11,13,11,118,2,3,0.24009002730328177,1,0.0,0.09090909090909091
receive,11,13,2,118,3,3,0.17278321913930503,2,0.0,1.0
receive,1,9,2,119,1,2,0.45321398086331477,1,0.0,0.5
receive,1,13,2,119,1,3,0.33314626481735954,1,0.0,0.5
receive,8,3,4,119,3,2,0.5028501534600369,1,1.0,0.25
receive,8,5,4,119,3,1,0.44204756615678303,1,1.0,0.25
receive,8,9,4,119,3,2,0.42144951004035214,2,0.5,0.5
receive,9,9,1,119,2,3,0.46209647747799815,1,0.0,1.0
receive,10,8,1,119,2,3,0.3453020388967718,1,0.0,1.0
receive,12,13,1,120,5,3,0.3765347309013158,1,0.0,1.0
receive,10,1,16,121,2,1,0.5804307121115599,1,1.0,0.0625
receive,10,9,16,121,2,2,0.4998652889589368,1,0.0,0.0625
receive,10,10,16,121,2,2,0.48231875846188543,1,1.0,0.0625
receive,10,12,16,121,2,2,0.48576443534535096,11,0.2727272727272727,0.6875
receive,10,13,16,121,2,3,0.4020504685291891,2,0.5,0.125
receive,12,1,5,121,2,1,0.5382218615428317,1,1.0,0.2
receive,12,12,5,121,2,2,0.4499972982339896,4,0.0,0.8
receive,12,12,1,121,5,2,0.49276553051289734,1,1.0,1.0
receive,1,1,15,122,1,1,0.5455174114806043,1,0.0,0.06666666666666667
receive,1,2,15,122,1,1,0.48269288150353246,2,0.5,0.13333333333333333
receive,1,5,15,122,1,1,0.4741069467213358,1,0.0,0.06666666666666667
receive,1,6,15,122,1,3,0.4960994416574159,7,0.7142857142857143,0.4666666666666667
receive,1,13,15,122,1,0,0.015020121202890598,1,0.0,0.06666666666666667
receive,1,13,15,122,1,3,0.3424544484502862,2,0.0,0.13333333333333333
receive,1,14,15,122,1,1,0.2687124153611928,1,0.0,0.06666666666666667
receive,4,1,49,122,1,1,0.546877556564352,13,0.46153846153846156,0.2653061224489796
receive,4,2,49,122,1,0,0.015204070667081728,1,0.0,0.02040816326530612
receive,4,5,49,122,1,1,0.45949605215325634,7,0.42857142857142855,0.14285714285714285
receive,4,6,49,122,1,3,0.47902814486946355,19,0.3157894736842105,0.3877551020408163
receive,4,13,49,122,1,3,0.32138483365130777,9,0.5555555555555556,0.1836734693877551
receive,4,2,8,122,4,1,0.5141705851726966,2,0.5,0.25
receive,4,5,8,122,4,1,0.4991544015903845,1,1.0,0.125
receive,4,6,8,122,4,0,0.014722526523413302,1,0.0,0.125
receive,4,6,8,122,4,3,0.5224099539629444,2,0.0,0.25
receive,4,13,8,122,4,0,0.01554179610411137,1,0.0,0.125
receive,4,13,8,122,4,3,0.3227169861625448,1,0.0,0.125
receive,6,2,5,122,3,1,0.49616849047514344,1,1.0,0.2
receive,6,6,5,122,3,3,0.4999118226380925,2,0.5,0.4
receive,6,13,5,122,3,3,0.32041589712645496,2,0.5,0.4
receive,7,1,19,122,1,1,0.5557535038477104,1,0.0,0.05263157894736842
receive,7,2,19,122,1,0,0.01559967490541359,1,0.0,0.05263157894736842
receive,7,2,19,122,1,1,0.49974384454585175,5,0.6,0.2631578947368421
receive,7,5,19,122,1,0,0.015466020803210788,1,0.0,0.05263157894736842
receive,7,6,19,122,1,3,0.5051620936767166,4,0.5,0.21052631578947367
receive,7,13,19,122,1,3,0.37076464953249616,7,0.14285714285714285,0.3684210526315789
receive,8,2,4,122,3,1,0.4802532322156233,2,0.0,0.5
receive,8,10,4,122,3,2,0.42918783879040584,1,0.0,0.25
receive,8,13,4,122,3,3,0.31753154545608536,1,0.0,0.25
receive,9,1,1,122,2,1,0.5632515179046896,1,1.0,1.0
receive,10,1,17,122,2,1,0.5487651649589583,1,1.0,0.058823529411764705
receive,10,2,17,122,2,1,0.4866940153554355,3,0.6666666666666666,0.17647058823529413
receive,10,5,17,122,2,1,0.47459528394069384,2,0.5,0.11764705882352941
receive,10,6,17,122,2,3,0.4891025295801352,2,0.5,0.11764705882352941
receive,10,12,17,122,2,3,0.4543471364980815,1,0.0,0.058823529411764705
receive,10,13,17,122,2,3,0.3617726637839705,8,0.25,0.47058823529411764
receive,10,8,4,122,3,3,0.38141674158955796,1,1.0,0.25
receive,10,12,4,122,3,2,0.44040661586861685,1,0.0,0.25
receive,10,13,4,122,3,3,0.2754169649457008,2,0.5,0.5
receive,11,1,61,122,2,1,0.5186474146474795,20,0.85,0.32786885245901637
receive,11,2,61,122,2,1,0.46021240778764116,12,0.4166666666666667,0.19672131147540983
receive,11,4,61,122,2,1,0.47870593146115203,2,1.0,0.03278688524590164
receive,11,4,61,122,2,4,0.4862499635648389,1,0.0,0.01639344262295082
receive,11,6,61,122,2,0,0.014485804801331461,1,0.0,0.01639344262295082
receive,11,6,61,122,2,3,0.4687582874669594,5,0.8,0.08196721311475409
receive,11,7,61,122,2,1,0.41878029955323826,6,0.6666666666666666,0.09836065573770492
receive,11,10,61,122,2,2,0.42043082275686533,2,0.5,0.03278688524590164
receive,11,11,61,122,2,2,0.427000080180584,4,0.75,0.06557377049180328
receive,11,13,61,122,2,3,0.3055282537907437,8,0.375,0.13114754098360656
receive,11,2,9,122,3,1,0.46630261576977794,1,0.0,0.1111111111111111
receive,11,6,9,122,3,3,0.47059480131423137,3,0.3333333333333333,0.3333333333333333
receive,11,13,9,122,3,0,0.014667383038243359,2,0.0,0.2222222222222222
receive,11,13,9,122,3,3,0.24126359102562786,3,0.0,0.3333333333333333
receive,12,8,13,122,2,3,0.36835586480387683,1,1.0,0.07692307692307693
receive,12,12,13,122,2,2,0.4163637565578314,8,0.25,0.6153846153846154
receive,12,12,13,122,2,3,0.42002428314269685,1,1.0,0.07692307692307693
receive,12,13,13,122,2,3,0.3193488914954404,3,0.3333333333333333,0.23076923076923078
receive,12,2,5,122,3,1,0.4531130065654273,2,0.5,0.4
receive,12,13,5,122,3,3,0.2707424403378079,2,0.0,0.4
receive,12,14,5,122,3,3,0.20660023410138498,1,0.0,0.2
receive,1,1,2,123,1,1,0.6301995972203585,1,0.0,0.5
receive,1,13,2,123,1,3,0.44176690010425246,1,1.0,0.5
receive,4,8,1,123,4,3,0.4754150520218178,1,1.0,1.0
receive,8,1,1,123,3,1,0.5964314760358495,1,0.0,1.0
receive,10,1,4,123,2,1,0.6150626647589953,1,1.0,0.25
receive,10,2,4,123,2,1,0.5512084264373256,1,1.0,0.25
receive,10,8,4,123,2,0,0.02312485492284469,1,0.0,0.25
receive,10,13,4,123,2,3,0.44554314780655624,1,0.0,0.25
receive,11,1,3,123,2,1,0.5836214329050092,2,1.0,0.6666666666666666
receive,11,10,3,123,2,0,0.02196989752111886,1,0.0,0.3333333333333333
receive,8,12,1,124,3,2,0.5063951166471863,1,0.0,1.0
receive,10,5,11,124,2,1,0.5719264907844315,1,1.0,0.09090909090909091
receive,10,10,11,124,2,2,0.5434489012851965,5,0.6,0.45454545454545453
receive,10,12,11,124,2,2,0.5523556759021264,4,0.5,0.36363636363636365
receive,10,13,11,124,2,3,0.49025906602350316,1,1.0,0.09090909090909091
receive,12,12,2,124,2,2,0.5190716229511863,2,0.5,1.0
receive,10,9,1,125,2,3,0.45185035972310705,1,0.0,1.0
receive,1,2,2,126,1,1,0.5738065825412859,1,1.0,0.5
receive,1,6,2,126,1,3,0.5852329759627983,1,1.0,0.5
receive,4,13,1,126,1,3,0.4253813124967886,1,0.0,1.0
receive,7,6,8,126,1,3,0.5977745553578687,7,0.42857142857142855,0.875
receive,7,13,8,126,1,3,0.4670278445349958,1,0.0,0.125
receive,10,1,6,126,2,1,0.642559025864315,3,1.0,0.5
receive,10,6,6,126,2,3,0.583841340604688,1,0.0,0.16666666666666666
receive,10,10,6,126,2,2,0.5481650989375271,1,0.0,0.16666666666666666
receive,10,13,6,126,2,3,0.48995842341766177,1,1.0,0.16666666666666666
receive,10,6,1,126,3,3,0.5738520900810897,1,1.0,1.0
receive,11,1,6,126,2,1,0.6440301096905199,2,1.0,0.3333333333333333
receive,11,10,6,126,2,2,0.5318719194779397,2,0.5,0.3333333333333333
receive,11,11,6,126,2,2,0.5416389408404254,2,1.0,0.3333333333333333
receive,11,1,6,126,3,1,0.6117909728232339,1,0.0,0.16666666666666666
receive,11,6,6,126,3,3,0.5540466104792572,4,0.25,0.6666666666666666
receive,11,13,6,126,3,0,0.02596044674047528,1,0.0,0.16666666666666666
receive,1,1,6,127,1,1,0.6027266216431909,3,0.3333333333333333,0.5
receive,1,10,6,127,1,2,0.502754808379641,1,0.0,0.16666666666666666
receive,1,11,6,127,1,2,0.5044490689038524,1,0.0,0.16666666666666666
receive,1,13,6,127,1,0,0.02202559614816865,1,0.0,0.16666666666666666
receive,10,1,4,127,2,1,0.6213710535177472,2,0.5,0.5
receive,10,13,4,127,2,3,0.42407019504018695,1,1.0,0.25
receive,10,14,4,127,2,3,0.32482295386445964,1,0.0,0.25
receive,10,13,1,127,3,3,0.3062180545308013,1,1.0,1.0
receive,0,10,1,128,0,2,0.3858385483491183,1,0.0,1.0
receive,1,1,23,128,1,1,0.5081587791411811,9,0.6666666666666666,0.391304347826087
receive,1,2,23,128,1,1,0.4482949457662044,3,0.0,0.13043478260869565
receive,1,3,23,128,1,2,0.502831661712995,1,0.0,0.043478260869565216
receive,1,6,23,128,1,3,0.4593014100098832,5,0.6,0.21739130434782608
receive,1,13,23,128,1,0,0.011964238624294077,1,0.0,0.043478260869565216
receive,1,13,23,128,1,3,0.3010852459449676,4,0.25,0.17391304347826086
receive,4,1,25,128,1,1,0.5126555573726518,7,0.42857142857142855,0.28
receive,4,5,25,128,1,1,0.42356499313351426,6,0.5,0.24
receive,4,6,25,128,1,3,0.44585493902590556,6,0.16666666666666666,0.24
receive,4,13,25,128,1,3,0.2838113231838567,6,0.3333333333333333,0.24
receive,6,2,6,128,3,1,0.4725031317168238,2,0.5,0.3333333333333333
receive,6,6,6,128,3,3,0.46789094456492,1,0.0,0.16666666666666666
receive,6,13,6,128,3,3,0.2883665429744049,3,0.3333333333333333,0.5
receive,7,1,18,128,1,1,0.5338702505908269,5,0.6,0.2777777777777778
receive,7,2,18,128,1,1,0.4711173691098865,2,0.5,0.1111111111111111
receive,7,5,18,128,1,1,0.4557248515300684,2,0.0,0.1111111111111111
receive,7,6,18,128,1,3,0.4741605465039812,6,0.3333333333333333,0.3333333333333333
receive,7,13,18,128,1,3,0.35241269772147893,3,0.3333333333333333,0.16666666666666666
receive,7,2,2,128,3,1,0.4717798911014932,1,1.0,0.5
receive,7,13,2,128,3,3,0.32682463291545527,1,0.0,0.5
receive,10,1,147,128,2,1,0.5235973643509177,13,0.46153846153846156,0.08843537414965986
receive,10,2,147,128,2,1,0.45847775070722185,26,0.5,0.17687074829931973
receive,10,3,147,128,2,3,0.5054689348709314,2,0.0,0.013605442176870748
receive,10,5,147,128,2,1,0.44587235661021113,18,0.5,0.12244897959183673
receive,10,6,147,128,2,3,0.45893853790639416,11,0.45454545454545453,0.07482993197278912
receive,10,10,147,128,2,2,0.41516691785855186,13,0.5384615384615384,0.08843537414965986
receive,10,12,147,128,2,2,0.42267596227982474,6,0.6666666666666666,0.04081632653061224
receive,10,12,147,128,2,3,0.42627024688913573,2,0.5,0.013605442176870748
receive,10,12,147,128,2,5,0.5105337468991374,1,1.0,0.006802721088435374
receive,10,13,147,128,2,0,0.012382300068710096,3,0.0,0.02040816326530612
receive,10,13,147,128,2,3,0.3515705000368472,52,0.3269230769230769,0.35374149659863946
receive,10,1,44,128,3,1,0.5218087828538075,1,1.0,0.022727272727272728
receive,10,2,44,128,3,1,0.4604396276727383,9,0.4444444444444444,0.20454545454545456
receive,10,3,44,128,3,2,0.5183453161711208,1,0.0,0.022727272727272728
receive,10,5,44,128,3,1,0.43914612731128494,3,0.6666666666666666,0.06818181818181818
receive,10,6,44,128,3,3,0.45645696505135563,6,0.0,0.13636363636363635
receive,10,12,44,128,3,2,0.417981740623949,1,0.0,0.022727272727272728
receive,10,13,44,128,3,3,0.3170916740412086,23,0.2608695652173913,0.5227272727272727
receive,10,12,1,128,5,2,0.44951076800373146,1,0.0,1.0
receive,11,1,82,128,2,1,0.4850054909421262,43,0.4418604651162791,0.524390243902439
receive,11,5,82,128,2,0,0.011590766180494604,1,0.0,0.012195121951219513
receive,11,5,82,128,2,1,0.4167473747355174,4,0.25,0.04878048780487805
receive,11,6,82,128,2,3,0.43213958829206534,2,0.0,0.024390243902439025
receive,11,7,82,128,2,1,0.38446640356410033,2,0.5,0.024390243902439025
receive,11,7,82,128,2,3,0.3751614673514688,1,1.0,0.012195121951219513
receive,11,10,82,128,2,2,0.3872888242213083,12,0.5,0.14634146341463414
receive,11,10,82,128,2,3,0.3584194267764055,3,0.6666666666666666,0.036585365853658534
receive,11,11,82,128,2,0,0.011565781429394406,1,0.0,0.012195121951219513
receive,11,11,82,128,2,2,0.3928965778154909,7,0.14285714285714285,0.08536585365853659
receive,11,11,82,128,2,3,0.36390163117998336,1,0.0,0.012195121951219513
receive,11,13,82,128,2,3,0.2689161363463819,5,1.0,0.06097560975609756
receive,11,1,28,128,3,1,0.4932939903493875,8,0.25,0.2857142857142857
receive,11,2,28,128,3,1,0.437701221432512,3,0.3333333333333333,0.10714285714285714
receive,11,3,28,128,3,2,0.49485633018323727,1,1.0,0.03571428571428571
receive,11,5,28,128,3,1,0.4239042041419657,3,0.0,0.10714285714285714
receive,11,6,28,128,3,3,0.4419970558938551,1,0.0,0.03571428571428571
receive,11,10,28,128,3,2,0.3929686745460249,1,0.0,0.03571428571428571
receive,11,13,28,128,3,0,0.011683040835090659,1,0.0,0.03571428571428571
receive,11,13,28,128,3,3,0.22896896604888153,10,0.1,0.35714285714285715
receive,12,12,18,128,2,2,0.41401619137224566,15,0.26666666666666666,0.8333333333333334
receive,12,12,18,128,2,3,0.41765494574023854,2,0.5,0.1111111111111111
receive,12,13,18,128,2,3,0.3375990809423172,1,0.0,0.05555555555555555
receive,12,12,1,128,5,5,0.44836513361058244,1,0.0,1.0
receive,1,1,9,129,1,1,0.5095670471062801,4,0.5,0.4444444444444444
receive,1,2,9,129,1,0,0.011060462411806518,1,0.0,0.1111111111111111
receive,1,5,9,129,1,1,0.4444124192236402,1,0.0,0.1111111111111111
receive,1,13,9,129,1,3,0.3235890493200659,3,0.6666666666666666,0.3333333333333333
receive,4,1,84,129,1,0,0.011922140374464365,1,0.0,0.011904761904761904
receive,4,1,84,129,1,1,0.5142848723070128,13,0.6923076923076923,0.15476190476190477
receive,4,2,84,129,1,1,0.4474963562805256,7,0.14285714285714285,0.08333333333333333
receive,4,3,84,129,1,2,0.48000809039505393,1,1.0,0.011904761904761904
receive,4,5,84,129,1,1,0.42589831502402287,6,0.16666666666666666,0.07142857142857142
receive,4,6,84,129,1,3,0.44455402549012557,18,0.4444444444444444,0.21428571428571427
receive,4,13,84,129,1,3,0.29339891784992506,38,0.13157894736842105,0.4523809523809524
receive,6,1,2,129,3,1,0.5278725015322395,1,0.0,0.5
receive,6,6,2,129,3,3,0.4648297999202955,1,1.0,0.5
receive,7,1,10,129,1,0,0.012192250867694215,1,0.0,0.1
receive,7,2,10,129,1,1,0.46926911972981633,2,1.0,0.2
receive,7,5,10,129,1,1,0.45201068251661375,1,0.0,0.1
receive,7,6,10,129,1,3,0.4694657181000805,4,0.25,0.4
receive,7,13,10,129,1,3,0.34811854912615925,2,1.0,0.2
receive,10,2,15,129,2,0,0.012403736754642385,1,0.0,0.06666666666666667
receive,10,2,15,129,2,1,0.45376501853834,3,0.0,0.2
receive,10,5,15,129,2,1,0.4412457429129152,1,1.0,0.06666666666666667
receive,10,6,15,129,2,3,0.45531724944407176,2,0.0,0.13333333333333333
receive,10,10,15,129,2,2,0.4144145049221217,1,0.0,0.06666666666666667
receive,10,13,15,129,2,3,0.34247856042162955,7,0.0,0.4666666666666667
receive,10,2,2,129,3,1,0.45168900272816004,1,1.0,0.5
receive,10,6,2,129,3,3,0.4485639115079977,1,0.0,0.5
receive,11,1,68,129,2,0,0.011643653916610828,1,0.0,0.014705882352941176
receive,11,1,68,129,2,1,0.497351183662055,24,0.5,0.35294117647058826
receive,11,2,68,129,2,1,0.43876384714582795,11,0.5454545454545454,0.16176470588235295
receive,11,4,68,129,2,1,0.45687518245098657,5,0.6,0.07352941176470588
receive,11,5,68,129,2,1,0.4333330880565786,3,0.3333333333333333,0.04411764705882353
receive,11,6,68,129,2,3,0.44702770493230537,1,1.0,0.014705882352941176
receive,11,7,68,129,2,1,0.3962885649485069,3,0.3333333333333333,0.04411764705882353
receive,11,10,68,129,2,3,0.3697425539433416,1,0.0,0.014705882352941176
receive,11,11,68,129,2,2,0.40310624831106584,6,0.3333333333333333,0.08823529411764706
receive,11,13,68,129,2,3,0.3027309396432439,13,0.38461538461538464,0.19117647058823528
receive,11,1,28,129,3,1,0.5134868418059203,6,0.6666666666666666,0.21428571428571427
receive,11,2,28,129,3,0,0.011765111488399396,1,0.0,0.03571428571428571
receive,11,2,28,129,3,1,0.4568523224698255,3,0.3333333333333333,0.10714285714285714
receive,11,5,28,129,3,1,0.4446532817250614,3,0.3333333333333333,0.10714285714285714
receive,11,6,28,129,3,3,0.46092221373643427,6,0.6666666666666666,0.21428571428571427
receive,11,7,28,129,3,1,0.40894372063594736,1,1.0,0.03571428571428571
receive,11,10,28,129,3,2,0.409604158823519,2,0.5,0.07142857142857142
receive,11,11,28,129,3,2,0.4146206655081441,1,0.0,0.03571428571428571
receive,11,13,28,129,3,3,0.2792595791211312,5,0.0,0.17857142857142858
receive,1,5,1,130,1,1,0.5507576567633347,1,0.0,1.0
receive,6,3,4,130,2,2,0.5946559431373204,1,1.0,0.25
receive,6,5,4,130,2,1,0.5664858865764838,1,1.0,0.25
receive,6,9,4,130,2,2,0.5532902547199752,1,1.0,0.25
receive,6,13,4,130,2,3,0.4234439830282234,1,0.0,0.25
receive,6,3,1,130,3,2,0.6152829991871782,1,1.0,1.0
receive,7,3,1,130,1,2,0.6592974838018557,1,1.0,1.0
receive,7,3,2,130,3,2,0.6666578768349714,1,1.0,0.5
receive,7,10,2,130,3,2,0.5330270389650471,1,1.0,0.5
receive,9,5,3,130,2,1,0.5428548137228747,1,0.0,0.3333333333333333
receive,9,10,3,130,2,2,0.5094705164728955,1,1.0,0.3333333333333333
receive,9,10,3,130,2,3,0.4913177915139006,1,0.0,0.3333333333333333
receive,10,3,5,130,2,2,0.6397898306143479,2,1.0,0.4
receive,10,9,5,130,2,2,0.5480436871354735,3,0.6666666666666666,0.6
receive,10,5,1,130,5,0,0.025893623708972788,1,0.0,1.0
receive,1,1,5,131,1,1,0.5406551030750932,2,0.5,0.4
receive,1,2,5,131,1,1,0.47919833605696527,2,0.5,0.4
receive,1,13,5,131,1,3,0.33919389815599915,1,1.0,0.2
receive,4,2,2,131,1,1,0.4560780410695717,2,0.0,1.0
receive,6,2,2,131,3,1,0.4722094706954286,2,0.5,1.0
receive,10,1,6,131,2,1,0.5510745988270392,1,0.0,0.16666666666666666
receive,10,2,6,131,2,1,0.48418347246159593,2,0.0,0.3333333333333333
receive,10,13,6,131,2,3,0.38855278175361746,3,0.3333333333333333,0.5
receive,11,1,3,131,3,1,0.5271148310512798,2,0.0,0.6666666666666666
receive,11,13,3,131,3,3,0.2918216950379687,1,0.0,0.3333333333333333
receive,1,1,24,132,1,1,0.5169136578033606,4,0.75,0.16666666666666666
receive,1,2,24,132,1,1,0.458155179937708,7,0.5714285714285714,0.2916666666666667
receive,1,5,24,132,1,1,0.44671198476640167,3,0.3333333333333333,0.125
receive,1,6,24,132,1,3,0.4690078155465532,1,0.0,0.041666666666666664
receive,1,8,24,132,1,3,0.3643001845068638,1,1.0,0.041666666666666664
receive,1,13,24,132,1,0,0.012902037347521704,1,0.0,0.041666666666666664
receive,1,13,24,132,1,3,0.31215578995046556,6,0.16666666666666666,0.25
receive,1,14,24,132,1,1,0.24052053763131565,1,1.0,0.041666666666666664
receive,4,2,6,132,1,1,0.4713923636488702,2,0.5,0.3333333333333333
receive,4,6,6,132,1,3,0.4634677817593779,2,0.5,0.3333333333333333
receive,4,8,6,132,1,3,0.36519737905086785,1,0.0,0.16666666666666666
receive,4,13,6,132,1,3,0.31042506839794265,1,0.0,0.16666666666666666
receive,4,1,6,132,4,1,0.5536846254457896,1,0.0,0.16666666666666666
receive,4,2,6,132,4,1,0.48819593657683874,1,1.0,0.16666666666666666
receive,4,13,6,132,4,3,0.30438173123616363,4,0.25,0.6666666666666666
receive,6,5,1,132,3,1,0.46113362615152914,1,1.0,1.0
receive,7,1,4,132,1,1,0.5413725010364512,2,0.5,0.5
receive,7,2,4,132,1,1,0.47597318101077046,1,1.0,0.25
receive,7,13,4,132,1,3,0.3296407558011818,1,0.0,0.25
receive,7,1,26,132,3,0,0.013740752397954536,1,0.0,0.038461538461538464
receive,7,1,26,132,3,1,0.5544219423168063,1,1.0,0.038461538461538464
receive,7,2,26,132,3,1,0.49624269830963275,3,0.6666666666666666,0.11538461538461539
receive,7,5,26,132,3,1,0.4745490012309539,3,0.6666666666666666,0.11538461538461539
receive,7,6,26,132,3,3,0.49599161387640467,4,0.5,0.15384615384615385
receive,7,8,26,132,3,3,0.3654646210599355,3,0.3333333333333333,0.11538461538461539
receive,7,13,26,132,3,3,0.324751439019952,11,0.2727272727272727,0.4230769230769231
receive,8,2,6,132,3,1,0.4595510446841238,3,0.0,0.5
receive,8,6,6,132,3,3,0.45953095889904755,1,1.0,0.16666666666666666
receive,8,8,6,132,3,3,0.35453800926100204,1,0.0,0.16666666666666666
receive,8,13,6,132,3,3,0.2823998462621674,1,1.0,0.16666666666666666
receive,10,1,55,132,2,1,0.5344218494698101,2,0.0,0.03636363636363636
receive,10,2,55,132,2,0,0.013779101234935429,1,0.0,0.01818181818181818
receive,10,2,55,132,2,1,0.4732128502168029,10,0.4,0.18181818181818182
receive,10,6,55,132,2,3,0.4744411063330662,7,0.8571428571428571,0.12727272727272726
receive,10,10,55,132,2,2,0.4311391015053198,1,0.0,0.01818181818181818
receive,10,10,55,132,2,3,0.4079277278373752,1,0.0,0.01818181818181818
receive,10,10,55,132,2,5,0.5046046686173038,1,1.0,0.01818181818181818
receive,10,12,55,132,2,2,0.4315823500923541,11,0.18181818181818182,0.2
receive,10,13,55,132,2,0,0.013576229796046406,3,0.0,0.05454545454545454
receive,10,13,55,132,2,3,0.3444678971021255,17,0.47058823529411764,0.3090909090909091
receive,10,14,55,132,2,3,0.25429020713132716,1,0.0,0.01818181818181818
receive,10,5,4,132,3,1,0.4469127201676889,2,0.5,0.5
receive,10,12,4,132,3,2,0.41490445174849544,1,1.0,0.25
receive,10,14,4,132,3,3,0.19575496680004964,1,0.0,0.25
receive,10,2,6,132,5,1,0.44287524634766245,5,0.2,0.8333333333333334
receive,10,13,6,132,5,3,0.3663045548574984,1,1.0,0.16666666666666666
receive,11,1,9,132,2,1,0.4994298610439978,4,0.5,0.4444444444444444
receive,11,2,9,132,2,1,0.44247865900982547,1,0.0,0.1111111111111111
receive,11,4,9,132,2,4,0.4735815343391635,1,1.0,0.1111111111111111
receive,11,6,9,132,2,3,0.4528363921681567,1,0.0,0.1111111111111111
receive,11,8,9,132,2,3,0.34302862848041327,1,0.0,0.1111111111111111
receive,11,10,9,132,2,2,0.4096623096441603,1,0.0,0.1111111111111111
receive,11,1,2,132,3,1,0.5175075039890924,1,1.0,0.5
receive,11,13,2,132,3,3,0.2287696079457604,1,0.0,0.5
receive,12,5,2,132,2,1,0.4068969674148087,1,0.0,0.5
receive,12,12,2,132,2,2,0.3855404184042863,1,0.0,0.5
receive,1,1,17,133,1,1,0.5508317124489541,2,0.5,0.11764705882352941
receive,1,2,17,133,1,1,0.48826657807034834,8,0.25,0.47058823529411764
receive,1,5,17,133,1,1,0.4820205973298075,1,0.0,0.058823529411764705
receive,1,6,17,133,1,3,0.5019849545625455,4,0.25,0.23529411764705882
receive,1,13,17,133,1,3,0.3476194749864119,2,0.5,0.11764705882352941
receive,4,1,10,133,1,1,0.5507495386319713,1,1.0,0.1
receive,4,2,10,133,1,1,0.48076305042457745,4,0.5,0.4
receive,4,6,10,133,1,3,0.48478981426144657,3,0.6666666666666666,0.3
receive,4,13,10,133,1,3,0.3271809348633923,2,0.5,0.2
receive,6,2,11,133,3,1,0.5075165163314602,4,0.5,0.36363636363636365
receive,6,6,11,133,3,3,0.5070938209252409,5,0.2,0.45454545454545453
receive,6,13,11,133,3,3,0.33063247852568467,2,0.5,0.18181818181818182
receive,7,2,12,133,3,1,0.5061857856093874,8,0.5,0.6666666666666666
receive,7,6,12,133,3,3,0.5076987113162089,2,0.0,0.16666666666666666
receive,7,13,12,133,3,3,0.3486360984113637,2,0.5,0.16666666666666666
receive,10,1,54,133,2,1,0.5493877127531079,6,0.5,0.1111111111111111
receive,10,2,54,133,2,1,0.4848536058564494,10,0.3,0.18518518518518517
receive,10,5,54,133,2,1,0.4740984597598771,2,0.5,0.037037037037037035
receive,10,6,54,133,2,3,0.4863732009084712,7,0.7142857142857143,0.12962962962962962
receive,10,7,54,133,2,3,0.42160321678824925,1,0.0,0.018518518518518517
receive,10,10,54,133,2,2,0.44094842153479313,10,0.2,0.18518518518518517
receive,10,10,54,133,2,3,0.4165870925670816,1,0.0,0.018518518518518517
receive,10,12,54,133,2,2,0.4521080925383298,9,0.7777777777777778,0.16666666666666666
receive,10,12,54,133,2,3,0.4553029629072553,1,1.0,0.018518518518518517
receive,10,13,54,133,2,3,0.3757070522413378,7,0.0,0.12962962962962962
receive,10,2,2,133,3,1,0.4718709157707832,1,1.0,0.5
receive,10,6,2,133,3,3,0.4688459213017324,1,1.0,0.5
receive,11,5,2,133,2,1,0.4966801251578056,1,1.0,0.5
receive,11,10,2,133,2,2,0.44497213968657817,1,0.0,0.5
receive,11,1,4,133,3,1,0.535383589875726,1,1.0,0.25
receive,11,6,4,133,3,3,0.4845226643777137,1,1.0,0.25
receive,11,10,4,133,3,3,0.40401170101646683,1,1.0,0.25
receive,11,13,4,133,3,3,0.30932577037687203,1,0.0,0.25
receive,12,10,13,133,2,2,0.4378100988529314,1,0.0,0.07692307692307693
receive,12,12,13,133,2,2,0.4496211391123351,9,0.7777777777777778,0.6923076923076923
receive,12,12,13,133,2,5,0.45401789977049994,2,0.5,0.15384615384615385
receive,12,13,13,133,2,3,0.375166925581295,1,0.0,0.07692307692307693
receive,1,1,2,134,1,1,0.5296130792071013,1,1.0,0.5
receive,1,5,2,134,1,1,0.46297448122027884,1,1.0,0.5
receive,4,1,2,134,1,1,0.541293714604147,1,1.0,0.5
receive,4,13,2,134,1,3,0.30358208662075375,1,0.0,0.5
receive,10,2,3,134,2,1,0.4873491505062104,1,1.0,0.3333333333333333
receive,10,13,3,134,2,3,0.34210782903538967,2,0.0,0.6666666666666666
receive,10,2,1,134,3,1,0.5028280300570294,1,0.0,1.0
receive,11,11,2,134,2,2,0.4405648591042471,1,1.0,0.5
receive,11,13,2,134,2,3,0.31411319006724336,1,0.0,0.5
receive,4,6,5,135,1,3,0.3643855096090513,3,0.0,0.6
receive,4,13,5,135,1,3,0.21789355466144786,2,0.5,0.4
receive,7,6,2,135,1,3,0.393869121003498,2,0.5,1.0
receive,10,6,2,135,3,3,0.3798191322423617,1,0.0,0.5
receive,10,13,2,135,3,3,0.2298642649853856,1,0.0,0.5
receive,11,1,2,135,2,1,0.44242186197713546,1,0.0,0.5
receive,11,2,2,135,2,1,0.38709831922074367,1,0.0,0.5
receive,11,10,4,135,3,3,0.2957571319396158,1,0.0,0.25
receive,11,11,4,135,3,3,0.3003597047698631,1,0.0,0.25
receive,11,13,4,135,3,3,0.1903222581809488,2,0.0,0.5
receive,1,1,98,136,1,1,0.5369295293289362,14,0.5714285714285714,0.14285714285714285
receive,1,2,98,136,1,1,0.4758864538439643,29,0.5517241379310345,0.29591836734693877
receive,1,5,98,136,1,1,0.4698151320683904,15,0.5333333333333333,0.15306122448979592
receive,1,6,98,136,1,3,0.48953707675998265,20,0.55,0.20408163265306123
receive,1,8,98,136,1,3,0.39122134352440846,2,0.5,0.02040816326530612
receive,1,13,98,136,1,3,0.3379981460853557,18,0.4444444444444444,0.1836734693877551
receive,4,1,73,136,1,1,0.5379552275075189,7,0.2857142857142857,0.0958904109589041
receive,4,2,73,136,1,1,0.4687985421370952,30,0.4666666666666667,0.410958904109589
receive,4,5,73,136,1,1,0.45029454606068875,10,0.4,0.136986301369863
receive,4,6,73,136,1,3,0.4713443813970673,18,0.6111111111111112,0.2465753424657534
receive,4,13,73,136,1,3,0.3116340771987309,8,0.25,0.1095890410958904
receive,4,1,16,136,4,1,0.5688261064272393,3,0.6666666666666666,0.1875
receive,4,2,16,136,4,1,0.5036756313774213,3,0.3333333333333333,0.1875
receive,4,5,16,136,4,1,0.4869503517073978,3,0.3333333333333333,0.1875
receive,4,6,16,136,4,3,0.5108859191428077,5,0.6,0.3125
receive,4,13,16,136,4,3,0.3102545122749561,2,0.5,0.125
receive,6,1,2,136,2,1,0.5487259676352031,1,0.0,0.5
receive,6,12,2,136,2,2,0.4384318147933578,1,1.0,0.5
receive,6,2,42,136,3,1,0.5012772284815367,10,0.4,0.23809523809523808
receive,6,5,42,136,3,1,0.47638266802296786,5,0.6,0.11904761904761904
receive,6,6,42,136,3,3,0.49803669001219136,16,0.0625,0.38095238095238093
receive,6,13,42,136,3,3,0.31832211713512637,11,0.45454545454545453,0.2619047619047619
receive,7,1,39,136,1,1,0.561266638505945,1,1.0,0.02564102564102564
receive,7,2,39,136,1,1,0.4993881330175081,13,0.46153846153846156,0.3333333333333333
receive,7,5,39,136,1,1,0.4850766438214026,3,0.3333333333333333,0.07692307692307693
receive,7,6,39,136,1,3,0.5039963013423312,8,0.5,0.20512820512820512
receive,7,13,39,136,1,0,0.014409203404267825,1,0.0,0.02564102564102564
receive,7,13,39,136,1,3,0.3738464239982826,13,0.38461538461538464,0.3333333333333333
receive,7,3,4,136,3,3,0.5758427330933681,1,1.0,0.25
receive,7,6,4,136,3,3,0.5017117046146821,1,1.0,0.25
receive,7,13,4,136,3,3,0.34848350407704753,2,0.5,0.5
receive,8,13,1,136,2,3,0.32181863505848485,1,1.0,1.0
receive,9,12,3,136,2,0,0.014042311003965887,1,0.0,0.3333333333333333
receive,9,12,3,136,2,2,0.44887563913772205,1,0.0,0.3333333333333333
receive,9,13,3,136,2,3,0.3591609406360568,1,1.0,0.3333333333333333
receive,10,1,331,136,2,0,0.014846623081414968,1,0.0,0.0030211480362537764
receive,10,1,331,136,2,1,0.5441836743813802,54,0.42592592592592593,0.16314199395770393
receive,10,2,331,136,2,1,0.4792089572162892,63,0.5079365079365079,0.1903323262839879
receive,10,2,331,136,2,4,0.551712106240401,1,0.0,0.0030211480362537764
receive,10,3,331,136,2,2,0.5331487814951384,1,1.0,0.0030211480362537764
receive,10,4,331,136,2,1,0.4997803440252916,2,0.0,0.006042296072507553
receive,10,5,331,136,2,0,0.014507487640506208,1,0.0,0.0030211480362537764
receive,10,5,331,136,2,1,0.4673054133905501,13,0.5384615384615384,0.03927492447129909
receive,10,6,331,136,2,3,0.4799241613453303,32,0.46875,0.09667673716012085
receive,10,7,331,136,2,1,0.42628403293033773,3,0.0,0.00906344410876133
receive,10,8,331,136,2,3,0.3569025350304413,2,0.0,0.006042296072507553
receive,10,9,331,136,2,2,0.45173995457965144,1,1.0,0.0030211480362537764
receive,10,10,331,136,2,2,0.43606673567111415,26,0.6538461538461539,0.07854984894259819
receive,10,10,331,136,2,3,0.4134483141698288,5,0.4,0.015105740181268883
receive,10,10,331,136,2,5,0.5224987079137133,4,0.75,0.012084592145015106
receive,10,11,331,136,2,3,0.41545814453554214,1,1.0,0.0030211480362537764
receive,10,12,331,136,2,2,0.44512948783028966,19,0.42105263157894735,0.05740181268882175
receive,10,12,331,136,2,3,0.4485890873354583,1,1.0,0.0030211480362537764
receive,10,12,331,136,2,5,0.5413772128757559,1,0.0,0.0030211480362537764
receive,10,13,331,136,2,3,0.37051053335237333,100,0.34,0.3021148036253776
receive,10,1,19,136,3,1,0.5432886260336742,1,0.0,0.05263157894736842
receive,10,2,19,136,3,1,0.48194945239681874,4,0.0,0.21052631578947367
receive,10,5,19,136,3,1,0.4613828412366264,1,1.0,0.05263157894736842
receive,10,6,19,136,3,3,0.4776375433102882,1,1.0,0.05263157894736842
receive,10,12,19,136,3,2,0.4359148394336968,1,1.0,0.05263157894736842
receive,10,13,19,136,3,3,0.31811038149261905,11,0.0,0.5789473684210527
receive,10,1,23,136,5,1,0.5113561537628631,2,0.0,0.08695652173913043
receive,10,2,23,136,5,1,0.4600036640138065,4,0.75,0.17391304347826086
receive,10,6,23,136,5,3,0.4730903404682479,3,0.0,0.13043478260869565
receive,10,12,23,136,5,2,0.49263924707336587,3,0.3333333333333333,0.13043478260869565
receive,10,13,23,136,5,3,0.4275623387224182,11,0.45454545454545453,0.4782608695652174
receive,11,1,34,136,2,0,0.013820592417085897,1,0.0,0.029411764705882353
receive,11,1,34,136,2,1,0.5082875978501931,15,0.6666666666666666,0.4411764705882353
receive,11,2,34,136,2,1,0.44888462952625013,1,0.0,0.029411764705882353
receive,11,3,34,136,2,3,0.4952541453370866,1,1.0,0.029411764705882353
receive,11,4,34,136,2,4,0.4734693053108972,2,1.0,0.058823529411764705
receive,11,5,34,136,2,1,0.4436922636354092,1,0.0,0.029411764705882353
receive,11,8,34,136,2,3,0.3384529659213958,1,0.0,0.029411764705882353
receive,11,10,34,136,2,2,0.40650174257107324,5,0.6,0.14705882352941177
receive,11,10,34,136,2,3,0.3730891247337539,1,1.0,0.029411764705882353
receive,11,11,34,136,2,2,0.4146452215356127,3,0.3333333333333333,0.08823529411764706
receive,11,13,34,136,2,3,0.28799447210117973,3,0.0,0.08823529411764706
receive,11,1,22,136,3,1,0.5360272940313761,7,0.2857142857142857,0.3181818181818182
receive,11,2,22,136,3,1,0.47948025099936836,3,0.3333333333333333,0.13636363636363635
receive,11,5,22,136,3,1,0.46862131713296673,1,1.0,0.045454545454545456
receive,11,6,22,136,3,3,0.4830767535730123,1,1.0,0.045454545454545456
receive,11,7,22,136,3,1,0.42749389558693274,2,0.0,0.09090909090909091
receive,11,10,22,136,3,2,0.42575913538919435,3,1.0,0.13636363636363635
receive,11,13,22,136,3,3,0.29334005676561326,5,0.4,0.22727272727272727
receive,12,1,34,136,2,1,0.5095679611128859,1,1.0,0.029411764705882353
receive,12,10,34,136,2,2,0.43032805726355766,3,0.3333333333333333,0.08823529411764706
receive,12,10,34,136,2,5,0.4355110656286783,2,0.0,0.058823529411764705
receive,12,12,34,136,2,2,0.438984190263144,23,0.34782608695652173,0.6764705882352942
receive,12,12,34,136,2,5,0.45208092628679664,3,0.6666666666666666,0.08823529411764706
receive,12,13,34,136,2,3,0.35943451248187896,2,0.0,0.058823529411764705
receive,12,12,1,136,3,2,0.41179227925419776,1,0.0,1.0
receive,12,5,7,136,5,1,0.5113068683354612,1,0.0,0.14285714285714285
receive,12,10,7,136,5,2,0.5085601995181265,1,0.0,0.14285714285714285
receive,12,12,7,136,5,2,0.5135900482608373,4,0.75,0.5714285714285714
receive,12,12,7,136,5,5,0.520272256625365,1,1.0,0.14285714285714285
receive,1,1,6,137,1,0,0.009444608389643156,1,0.0,0.16666666666666666
receive,1,5,6,137,1,1,0.40880094039442944,3,0.3333333333333333,0.5
receive,1,12,6,137,1,2,0.3852096800220306,1,1.0,0.16666666666666666
receive,1,13,6,137,1,0,0.009890121883516576,1,0.0,0.16666666666666666
receive,4,2,4,137,1,1,0.4273481180484512,2,1.0,0.5
receive,4,5,4,137,1,1,0.3927833427345873,2,0.0,0.5
receive,4,5,2,137,4,1,0.4377901238177265,2,0.5,1.0
receive,7,2,2,137,1,1,0.4356128903302784,1,0.0,0.5
receive,7,5,2,137,1,1,0.4240122885733999,1,0.0,0.5
receive,10,1,3,137,2,1,0.5006669691964424,1,0.0,0.3333333333333333
receive,10,2,3,137,2,1,0.4434515647392188,2,0.0,0.6666666666666666
receive,10,1,4,137,5,1,0.4560550587733091,1,0.0,0.25
receive,10,2,4,137,5,1,0.41106196227840774,1,0.0,0.25
receive,10,5,4,137,5,1,0.39635299077901703,1,1.0,0.25
receive,10,13,4,137,5,0,0.010926252692270436,1,0.0,0.25
receive,11,1,7,137,2,1,0.46461087149610186,2,0.5,0.2857142857142857
receive,11,2,7,137,2,1,0.40983729181541245,1,0.0,0.14285714285714285
receive,11,6,7,137,2,3,0.41908480930745434,1,0.0,0.14285714285714285
receive,11,11,7,137,2,2,0.3829262762207,2,0.5,0.2857142857142857
receive,11,13,7,137,2,3,0.2986452928167402,1,0.0,0.14285714285714285
receive,11,2,1,137,3,1,0.4884686339580203,1,1.0,1.0
receive,11,1,8,137,5,1,0.4436483025690412,5,0.8,0.625
receive,11,4,8,137,5,1,0.4247416662353173,1,0.0,0.125
receive,11,10,8,137,5,2,0.40972633650533336,1,1.0,0.125
receive,11,11,8,137,5,5,0.4181795274759668,1,0.0,0.125
receive,1,2,4,138,1,1,0.502572806435398,3,0.6666666666666666,0.75
receive,1,13,4,138,1,3,0.3716293554004161,1,0.0,0.25
receive,4,2,1,138,1,1,0.49597722205031525,1,0.0,1.0
receive,4,1,20,138,4,1,0.5941399428947693,3,1.0,0.15
receive,4,2,20,138,4,0,0.01680010287798504,1,0.0,0.05
receive,4,2,20,138,4,1,0.5291859501037316,1,1.0,0.05
receive,4,5,20,138,4,1,0.5125557571087898,3,0.6666666666666666,0.15
receive,4,6,20,138,4,0,0.016902217315169173,1,0.0,0.05
receive,4,6,20,138,4,3,0.5369486659153797,4,0.5,0.2
receive,4,10,20,138,4,2,0.47093049648897906,2,0.0,0.1
receive,4,13,20,138,4,3,0.3323840334650836,5,0.0,0.25
receive,7,2,5,138,1,1,0.518129041676235,2,1.0,0.4
receive,7,6,5,138,1,3,0.5253846596831419,1,1.0,0.2
receive,7,13,5,138,1,3,0.3793001310137008,2,0.0,0.4
receive,10,13,12,138,2,3,0.37421063791993286,12,0.16666666666666666,1.0
receive,10,13,1,138,3,0,0.01892088620760531,1,0.0,1.0
receive,11,1,9,138,2,0,0.016642067337312834,1,0.0,0.1111111111111111
receive,11,1,9,138,2,1,0.5496387358150095,5,0.4,0.5555555555555556
receive,11,2,9,138,2,1,0.48747188959661375,1,1.0,0.1111111111111111
receive,11,7,9,138,2,1,0.4442651115473419,1,1.0,0.1111111111111111
receive,11,13,9,138,2,3,0.3187800266475886,1,0.0,0.1111111111111111
receive,11,13,3,138,3,0,0.016342102124241985,2,0.0,0.6666666666666666
receive,11,13,3,138,3,3,0.26769982733004033,1,0.0,0.3333333333333333
receive,1,1,10,139,1,1,0.6279577217843385,8,0.625,0.8
receive,1,11,10,139,1,2,0.5341783427766338,2,0.5,0.2
receive,3,5,1,139,3,1,0.5726426620948669,1,1.0,1.0
receive,6,1,4,139,3,1,0.6418773976415878,3,1.0,0.75
receive,6,6,4,139,3,3,0.5790231713527236,1,1.0,0.25
receive,7,1,1,139,1,1,0.6469111314220626,1,1.0,1.0
receive,7,1,6,139,3,1,0.6374080492373776,4,0.75,0.6666666666666666
receive,7,6,6,139,3,2,0.5872332930927109,1,1.0,0.16666666666666666
receive,7,13,6,139,3,3,0.3637173217613701,1,0.0,0.16666666666666666
receive,10,1,15,139,2,1,0.641667164434016,9,0.5555555555555556,0.6
receive,10,2,15,139,2,1,0.5810226212730067,1,1.0,0.06666666666666667
receive,10,3,15,139,2,3,0.6356180179571639,2,1.0,0.13333333333333333
receive,10,6,15,139,2,3,0.5821317373153334,1,0.0,0.06666666666666667
receive,10,10,15,139,2,2,0.5402493870770445,1,0.0,0.06666666666666667
receive,10,13,15,139,2,3,0.45627496302416354,1,0.0,0.06666666666666667
receive,10,13,1,139,3,3,0.35779854764581187,1,0.0,1.0
receive,11,1,4,139,2,1,0.6175777455860921,3,0.6666666666666666,0.75
receive,11,10,4,139,2,2,0.5330742221383411,1,0.0,0.25
receive,1,1,11,140,1,1,0.5258352900144921,1,0.0,0.09090909090909091
receive,1,3,11,140,1,2,0.5204467730640459,1,0.0,0.09090909090909091
receive,1,5,11,140,1,1,0.4602147273551082,4,0.25,0.36363636363636365
receive,1,13,11,140,1,3,0.3332321624696285,5,0.2,0.45454545454545453
receive,3,6,3,140,2,2,0.45774923699254616,2,0.0,0.6666666666666666
receive,3,13,3,140,2,3,0.3399231897891443,1,1.0,0.3333333333333333
receive,4,1,3,140,1,1,0.5283832882790956,1,0.0,0.3333333333333333
receive,4,5,3,140,1,1,0.4423815824985437,1,0.0,0.3333333333333333
receive,4,6,3,140,1,3,0.46230078231690896,1,0.0,0.3333333333333333
receive,6,9,2,140,2,2,0.4655892950224493,2,0.5,1.0
receive,7,1,5,140,1,1,0.5535861171426607,1,1.0,0.2
receive,7,2,5,140,1,1,0.4859094811561243,1,0.0,0.2
receive,7,6,5,140,1,3,0.49075589100182615,1,0.0,0.2
receive,7,13,5,140,1,3,0.37168857963042923,2,1.0,0.4
receive,8,3,4,140,3,2,0.4934890671714393,1,1.0,0.25
receive,8,6,4,140,3,2,0.46009493170964644,1,0.0,0.25
receive,8,9,4,140,3,2,0.43079585144095817,2,0.0,0.5
receive,9,5,2,140,2,1,0.4771151359713507,1,1.0,0.5
receive,9,6,2,140,2,2,0.49281257575141957,1,0.0,0.5
receive,10,1,24,140,2,1,0.5353250667068138,2,1.0,0.08333333333333333
receive,10,2,24,140,2,1,0.4735544798469305,3,0.6666666666666666,0.125
receive,10,5,24,140,2,1,0.4625153215951525,3,0.0,0.125
receive,10,6,24,140,2,3,0.47603623781685944,8,0.375,0.3333333333333333
receive,10,9,24,140,2,2,0.4524073030910046,3,1.0,0.125
receive,10,13,24,140,2,3,0.36980667338954337,5,0.4,0.20833333333333334
receive,10,6,2,140,5,3,0.4862157783960668,1,1.0,0.5
receive,10,10,2,140,5,2,0.48574983384802756,1,0.0,0.5
receive,11,1,7,140,2,1,0.5153418885044627,3,0.3333333333333333,0.42857142857142855
receive,11,6,7,140,2,3,0.463935676458624,1,0.0,0.14285714285714285
receive,11,10,7,140,2,2,0.41424419826882897,2,0.0,0.2857142857142857
receive,11,13,7,140,2,3,0.32549114667889095,1,0.0,0.14285714285714285
receive,12,9,1,140,3,2,0.4285016505812953,1,1.0,1.0
receive,10,5,3,141,2,1,0.43317557770208026,2,0.5,0.6666666666666666
receive,10,12,3,141,2,5,0.47216910381729466,1,0.0,0.3333333333333333
receive,10,12,1,141,5,2,0.4414930726539806,1,1.0,1.0
receive,12,3,10,141,2,3,0.44481170805611897,1,0.0,0.1
receive,12,5,10,141,2,1,0.4084367705135395,3,0.3333333333333333,0.3
receive,12,9,10,141,2,2,0.4047335125074104,1,1.0,0.1
receive,12,10,10,141,2,2,0.38888841594942236,1,0.0,0.1
receive,12,12,10,141,2,2,0.39736311270657493,4,0.5,0.4
receive,12,3,1,141,5,3,0.4789916194305698,1,1.0,1.0
receive,1,6,3,142,1,3,0.4315423830634803,2,0.0,0.6666666666666666
receive,1,13,3,142,1,3,0.28467195413812457,1,0.0,0.3333333333333333
receive,10,3,7,142,2,3,0.4483640429217174,1,0.0,0.14285714285714285
receive,10,5,7,142,2,1,0.4156630037025035,2,0.5,0.2857142857142857
receive,10,10,7,142,2,2,0.3936844000204334,2,0.0,0.2857142857142857
receive,10,13,7,142,2,3,0.33904314389513635,2,0.0,0.2857142857142857
receive,11,1,2,142,2,1,0.48345593901003614,1,1.0,0.5
receive,11,3,2,142,2,2,0.4353361634645265,1,0.0,0.5
receive,1,1,5,143,1,1,0.6105564871621877,2,0.0,0.4
receive,1,12,5,143,1,2,0.4940221561335574,3,1.0,0.6
receive,10,1,7,143,2,1,0.6294823114106091,1,1.0,0.14285714285714285
receive,10,8,7,143,2,3,0.43418629101871836,1,1.0,0.14285714285714285
receive,10,12,7,143,2,2,0.5287027981510951,4,1.0,0.5714285714285714
receive,10,12,7,143,2,3,0.5331193460677531,1,1.0,0.14285714285714285
receive,10,12,3,143,3,2,0.5159446203636935,1,1.0,0.3333333333333333
receive,10,12,3,143,3,3,0.5203571582378611,2,1.0,0.6666666666666666
receive,11,12,1,143,2,3,0.5058647349659685,1,0.0,1.0
receive,12,10,5,143,3,3,0.4714425002388464,1,0.0,0.2
receive,12,12,5,143,3,2,0.48972593948659426,1,1.0,0.2
receive,12,12,5,143,3,3,0.49354463631517,2,0.0,0.4
receive,12,13,5,143,3,3,0.3348815148030176,1,0.0,0.2
receive,1,1,35,144,1,1,0.5131103252767387,4,0.0,0.11428571428571428
receive,1,2,35,144,1,1,0.4522049440302246,1,0.0,0.02857142857142857
receive,1,5,35,144,1,1,0.4436453526404587,13,0.38461538461538464,0.37142857142857144
receive,1,6,35,144,1,3,0.4628596029915221,12,0.5,0.34285714285714286
receive,1,13,35,144,1,3,0.3192370268175591,5,0.2,0.14285714285714285
receive,4,2,14,144,1,0,0.012029833802367856,1,0.0,0.07142857142857142
receive,4,2,14,144,1,1,0.43756951705468944,3,0.0,0.21428571428571427
receive,4,5,14,144,1,1,0.42013804481728023,5,1.0,0.35714285714285715
receive,4,6,14,144,1,3,0.4396827255491494,3,0.3333333333333333,0.21428571428571427
receive,4,13,14,144,1,3,0.2883174353657704,2,0.0,0.14285714285714285
receive,4,5,2,144,4,1,0.4556506540517173,1,0.0,0.5
receive,4,13,2,144,4,3,0.27639983291031245,1,0.0,0.5
receive,6,5,3,144,2,1,0.4415736749334637,1,1.0,0.3333333333333333
receive,6,12,3,144,2,2,0.4167172796636027,2,0.0,0.6666666666666666
receive,7,2,9,144,1,1,0.4622369264757011,1,1.0,0.1111111111111111
receive,7,5,9,144,1,0,0.012306193903147161,1,0.0,0.1111111111111111
receive,7,5,9,144,1,1,0.4497622711440416,4,0.25,0.4444444444444444
receive,7,6,9,144,1,3,0.4687532042225042,1,0.0,0.1111111111111111
receive,7,13,9,144,1,3,0.32938739497915187,2,0.5,0.2222222222222222
receive,7,13,1,144,3,3,0.3238022333741399,1,0.0,1.0
receive,9,12,1,144,2,2,0.44045292977906253,1,1.0,1.0
receive,9,3,1,144,3,3,0.5536968537655047,1,1.0,1.0
receive,10,1,77,144,2,1,0.5179142325889964,4,0.5,0.05194805194805195
receive,10,2,77,144,2,1,0.4575965459493991,4,0.5,0.05194805194805195
receive,10,3,77,144,2,2,0.5357796687859322,1,0.0,0.012987012987012988
receive,10,5,77,144,2,1,0.44549013717831787,3,0.6666666666666666,0.03896103896103896
receive,10,6,77,144,2,3,0.4590111214322574,4,0.75,0.05194805194805195
receive,10,9,77,144,2,2,0.43335038536461146,2,0.5,0.025974025974025976
receive,10,10,77,144,2,2,0.41672778828023316,5,0.6,0.06493506493506493
receive,10,10,77,144,2,3,0.39239167532899044,2,0.5,0.025974025974025976
receive,10,12,77,144,2,2,0.42378643138201477,16,0.375,0.2077922077922078
receive,10,12,77,144,2,5,0.5095981854962625,1,1.0,0.012987012987012988
receive,10,13,77,144,2,3,0.3533669905829234,35,0.4,0.45454545454545453
receive,10,5,5,144,3,1,0.4381298654178375,1,0.0,0.2
receive,10,10,5,144,3,3,0.38732062436453973,1,1.0,0.2
receive,10,13,5,144,3,0,0.012950971030233996,2,0.0,0.4
receive,10,13,5,144,3,3,0.2515555948171425,1,0.0,0.2
receive,10,10,3,144,5,5,0.5247440921237129,1,1.0,0.3333333333333333
receive,10,13,3,144,5,3,0.3608684206991167,2,0.5,0.6666666666666666
receive,11,1,49,144,2,1,0.4840868235537437,28,0.6071428571428571,0.5714285714285714
receive,11,5,49,144,2,1,0.4217010240007006,2,0.0,0.04081632653061224
receive,11,6,49,144,2,3,0.43462443525580763,2,0.0,0.04081632653061224
receive,11,7,49,144,2,1,0.38557209043583507,3,0.3333333333333333,0.061224489795918366
receive,11,10,49,144,2,2,0.38652093778762503,5,0.2,0.10204081632653061
receive,11,10,49,144,2,3,0.3543608880180095,2,0.5,0.04081632653061224
receive,11,11,49,144,2,2,0.39400959392061563,4,0.0,0.08163265306122448
receive,11,13,49,144,2,3,0.28118520322109714,3,0.6666666666666666,0.061224489795918366
receive,11,10,2,144,3,2,0.39795291206907235,1,0.0,0.5
receive,11,10,2,144,3,3,0.3648704887230804,1,0.0,0.5
receive,12,3,9,144,2,3,0.4514778296755385,1,0.0,0.1111111111111111
receive,12,10,9,144,2,2,0.39055638260120806,1,0.0,0.1111111111111111
receive,12,10,9,144,2,3,0.3706739546237499,1,1.0,0.1111111111111111
receive,12,12,9,144,2,2,0.3970848742682573,4,0.25,0.4444444444444444
receive,12,12,9,144,2,3,0.4006528325653542,1,0.0,0.1111111111111111
receive,12,13,9,144,2,3,0.32220395892008763,1,0.0,0.1111111111111111
receive,12,12,1,144,3,2,0.4085845624985055,1,1.0,1.0
receive,1,5,9,145,1,1,0.3880584606791027,2,0.0,0.2222222222222222
receive,1,6,9,145,1,3,0.4077882147570881,4,0.75,0.4444444444444444
receive,1,13,9,145,1,0,0.008519225490153014,1,0.0,0.1111111111111111
receive,1,13,9,145,1,3,0.279218773666246,2,0.0,0.2222222222222222
receive,6,5,3,145,3,1,0.39232264957954205,1,1.0,0.3333333333333333
receive,6,5,3,145,3,4,0.4568911479713907,1,1.0,0.3333333333333333
receive,6,13,3,145,3,3,0.2512698430165555,1,1.0,0.3333333333333333
receive,7,3,1,145,3,2,0.49534506756739244,1,1.0,1.0
receive,10,10,2,145,2,2,0.36629396671505066,2,0.0,1.0
receive,10,1,1,145,5,1,0.44040250104372536,1,0.0,1.0
receive,11,10,2,145,2,2,0.3225615959982896,2,0.0,1.0
receive,10,3,16,146,2,3,0.5919202572488576,1,1.0,0.0625
receive,10,9,16,146,2,2,0.4967555399714022,1,1.0,0.0625
receive,10,10,16,146,2,2,0.4803951394599231,14,0.5714285714285714,0.875
receive,10,12,1,146,5,3,0.542717303644307,1,0.0,1.0
receive,11,10,1,146,2,2,0.4256996702394118,1,0.0,1.0
receive,12,3,19,146,2,3,0.5109992245051241,2,1.0,0.10526315789473684
receive,12,5,19,146,2,1,0.4811597937177817,1,1.0,0.05263157894736842
receive,12,9,19,146,2,2,0.47641150607552735,1,0.0,0.05263157894736842
receive,12,10,19,146,2,2,0.4606079740723671,12,0.5833333333333334,0.631578947368421
receive,12,12,19,146,2,2,0.46365963226215356,3,0.6666666666666666,0.15789473684210525
receive,12,10,1,146,3,2,0.450553856717506,1,1.0,1.0
receive,12,13,1,146,5,3,0.4077952968268771,1,0.0,1.0
receive,1,8,1,147,1,3,0.4599670118012252,1,1.0,1.0
receive,4,1,1,147,4,1,0.6268773626917312,1,1.0,1.0
receive,10,1,8,147,2,1,0.6025391358351705,2,0.5,0.25
receive,10,2,8,147,2,0,0.021694912200486898,1,0.0,0.125
receive,10,2,8,147,2,1,0.5343790108650108,2,0.5,0.25
receive,10,8,8,147,2,3,0.4353227557147695,1,1.0,0.125
receive,10,13,8,147,2,3,0.39559656372889546,1,0.0,0.125
receive,10,14,8,147,2,3,0.28942648506358154,1,0.0,0.125
receive,11,1,2,147,2,1,0.5781988338496049,2,1.0,1.0
receive,1,2,3,148,1,1,0.4231471352173372,2,0.5,0.6666666666666666
receive,1,13,3,148,1,3,0.30392533848731373,1,0.0,0.3333333333333333
receive,4,2,7,148,1,1,0.4163616155913178,7,0.14285714285714285,1.0
receive,6,6,1,148,3,2,0.4464711768368232,1,1.0,1.0
receive,7,1,6,148,1,1,0.5080606376272347,1,0.0,0.16666666666666666
receive,7,3,6,148,1,2,0.46763267598886965,1,0.0,0.16666666666666666
receive,7,9,6,148,1,2,0.41210310941586986,3,0.3333333333333333,0.5
receive,7,13,6,148,1,3,0.3305497177843127,1,0.0,0.16666666666666666
receive,7,5,1,148,3,1,0.42919728593103806,1,0.0,1.0
receive,9,1,2,148,2,1,0.5094081401984698,2,0.5,1.0
receive,10,1,24,148,2,1,0.49163622932732304,3,0.3333333333333333,0.125
receive,10,7,24,148,2,1,0.3824635176700631,4,0.5,0.16666666666666666
receive,10,10,24,148,2,2,0.39177354703882933,4,0.25,0.16666666666666666
receive,10,13,24,148,2,3,0.3314608504971492,13,0.5384615384615384,0.5416666666666666
receive,10,2,2,148,5,1,0.42733198700398933,1,0.0,0.5
receive,10,13,2,148,5,3,0.4170769239076951,1,0.0,0.5
receive,11,1,14,148,2,1,0.47664293611306935,4,0.75,0.2857142857142857
receive,11,7,14,148,2,1,0.3767330879902827,5,0.4,0.35714285714285715
receive,11,10,14,148,2,2,0.3774714481541995,3,0.6666666666666666,0.21428571428571427
receive,11,10,14,148,2,3,0.3480699462747586,1,0.0,0.07142857142857142
receive,11,11,14,148,2,2,0.38575451604785543,1,1.0,0.07142857142857142
receive,1,5,3,149,1,1,0.3549946289601406,1,0.0,0.3333333333333333
receive,1,13,3,149,1,0,0.006853546491907676,1,0.0,0.3333333333333333
receive,1,13,3,149,1,3,0.23732389988094182,1,0.0,0.3333333333333333
receive,4,5,2,149,1,1,0.33660355415603904,1,0.0,0.5
receive,4,13,2,149,1,3,0.21992623631081715,1,0.0,0.5
receive,4,5,4,149,4,1,0.3709985372841133,2,1.0,0.5
receive,4,6,4,149,4,3,0.39330872205052286,1,0.0,0.25
receive,4,13,4,149,4,0,0.006947147993287263,1,0.0,0.25
receive,7,13,1,149,1,3,0.21456112032308697,1,0.0,1.0
receive,7,2,1,149,3,1,0.37471801874321503,1,0.0,1.0
receive,10,1,7,149,2,0,0.007091653869762597,1,0.0,0.14285714285714285
receive,10,1,7,149,2,1,0.42923777183102824,3,0.3333333333333333,0.42857142857142855
receive,10,13,7,149,2,3,0.25437301096762727,3,0.3333333333333333,0.42857142857142855
receive,10,1,2,149,5,1,0.3946518217948417,1,1.0,0.5
receive,10,10,2,149,5,2,0.3543032328456621,1,0.0,0.5
receive,11,7,2,149,3,3,0.3054206407953653,1,0.0,0.5
receive,11,13,2,149,3,3,0.15725074045702672,1,0.0,0.5
receive,1,3,12,150,1,2,0.5271424047525656,1,0.0,0.08333333333333333
receive,1,5,12,150,1,1,0.481548133265161,1,1.0,0.08333333333333333
receive,1,6,12,150,1,3,0.5008467989526492,7,0.8571428571428571,0.5833333333333334
receive,1,13,12,150,1,3,0.34968651727324856,3,0.0,0.25
receive,4,1,21,150,1,1,0.5485481379550192,2,1.0,0.09523809523809523
receive,4,5,21,150,1,1,0.461025584305323,1,0.0,0.047619047619047616
receive,4,6,21,150,1,3,0.4813958755857073,11,0.2727272727272727,0.5238095238095238
receive,4,13,21,150,1,3,0.320622729158947,7,0.42857142857142855,0.3333333333333333
receive,4,1,4,150,4,1,0.5790010097033267,1,0.0,0.25
receive,4,6,4,150,4,3,0.5220616698226853,2,0.5,0.5
receive,4,13,4,150,4,3,0.32065313420067126,1,1.0,0.25
receive,6,6,1,150,3,3,0.5451700063633947,1,1.0,1.0
receive,7,3,2,150,1,2,0.5522066147285648,1,1.0,0.5
receive,7,6,2,150,1,3,0.5032709626146756,1,1.0,0.5
receive,10,1,29,150,2,1,0.5583873712821312,1,1.0,0.034482758620689655
receive,10,2,29,150,2,1,0.4935061163241659,3,0.3333333333333333,0.10344827586206896
receive,10,5,29,150,2,1,0.4804395682011851,2,0.0,0.06896551724137931
receive,10,6,29,150,2,3,0.4942816379802404,5,0.4,0.1724137931034483
receive,10,10,29,150,2,2,0.45188926260500045,1,0.0,0.034482758620689655
receive,10,13,29,150,2,3,0.3886570014128126,17,0.5294117647058824,0.5862068965517241
receive,10,2,11,150,3,1,0.5020351676568484,1,0.0,0.09090909090909091
receive,10,5,11,150,3,1,0.4796769420710385,2,0.0,0.18181818181818182
receive,10,6,11,150,3,3,0.4974112578610658,5,0.2,0.45454545454545453
receive,10,13,11,150,3,3,0.34500319740626334,3,0.0,0.2727272727272727
receive,11,1,22,150,2,1,0.5547836027525209,16,0.8125,0.7272727272727273
receive,11,2,22,150,2,1,0.4944266536808621,1,0.0,0.045454545454545456
receive,11,6,22,150,2,3,0.5028431650363697,1,0.0,0.045454545454545456
receive,11,7,22,150,2,1,0.4490622043410171,2,0.5,0.09090909090909091
receive,11,13,22,150,2,3,0.3509027424355915,2,0.0,0.09090909090909091
receive,11,1,14,150,3,1,0.522052104565055,8,0.375,0.5714285714285714
receive,11,3,14,150,3,2,0.5177057263741254,1,1.0,0.07142857142857142
receive,11,7,14,150,3,1,0.4143952479591776,1,0.0,0.07142857142857142
receive,11,10,14,150,3,3,0.3819847378218252,1,0.0,0.07142857142857142
receive,11,13,14,150,3,3,0.2483692913480757,3,0.3333333333333333,0.21428571428571427
receive,4,6,1,151,1,3,0.4983148492202194,1,1.0,1.0
receive,10,2,3,151,2,1,0.524274730860558,2,0.5,0.6666666666666666
receive,10,6,3,151,2,3,0.523461418459233,1,1.0,0.3333333333333333
receive,10,1,2,151,3,1,0.5721194712829858,1,1.0,0.5
receive,10,13,2,151,3,3,0.33349931720239046,1,1.0,0.5
receive,11,5,1,151,2,1,0.48694069267660467,1,0.0,1.0
receive,11,1,10,151,3,1,0.5627270334967375,6,0.6666666666666666,0.6
receive,11,2,10,151,3,1,0.5021662252002472,1,0.0,0.1
receive,11,10,10,151,3,2,0.4481352145297791,1,1.0,0.1
receive,11,10,10,151,3,3,0.4191364824999921,1,0.0,0.1
receive,11,13,10,151,3,3,0.26372434920966714,1,0.0,0.1
receive,1,1,7,152,1,1,0.5033010983451506,3,0.3333333333333333,0.42857142857142855
receive,1,10,7,152,1,2,0.4161255842762155,4,0.25,0.5714285714285714
receive,3,3,2,152,2,2,0.5468332017658082,1,1.0,0.5
receive,3,10,2,152,2,2,0.4245442057777137,1,1.0,0.5
receive,6,3,5,152,3,2,0.5266719758667611,1,0.0,0.2
receive,6,10,5,152,3,2,0.42676684131152315,3,0.0,0.6
receive,6,13,5,152,3,3,0.30027216898983594,1,1.0,0.2
receive,7,1,2,152,3,1,0.5174245269166511,1,1.0,0.5
receive,7,12,2,152,3,2,0.41724004214802124,1,1.0,0.5
receive,10,1,21,152,2,1,0.5323152573030965,4,0.25,0.19047619047619047
receive,10,3,21,152,2,2,0.5156606446664359,5,0.6,0.23809523809523808
receive,10,5,21,152,2,1,0.454867496683109,2,0.5,0.09523809523809523
receive,10,6,21,152,2,3,0.46710825283837015,5,0.6,0.23809523809523808
receive,10,10,21,152,2,2,0.42369353152557626,4,0.5,0.19047619047619047
receive,10,13,21,152,2,3,0.36082922473789864,1,0.0,0.047619047619047616
receive,10,10,1,152,3,2,0.4062373311345576,1,0.0,1.0
receive,10,3,5,152,5,2,0.4749575963389627,2,0.0,0.4
receive,10,5,5,152,5,1,0.42739732385260665,3,0.3333333333333333,0.6
receive,12,5,1,152,5,1,0.4023129089724937,1,1.0,1.0
receive,1,1,33,153,1,1,0.48998434064121843,22,0.6363636363636364,0.6666666666666666
receive,1,6,33,153,1,3,0.4446038768247673,5,0.6,0.15151515151515152
receive,1,9,33,153,1,2,0.41371153826631835,1,0.0,0.030303030303030304
receive,1,13,33,153,1,3,0.3005919753668389,5,0.2,0.15151515151515152
receive,4,1,10,153,4,1,0.5312426644958851,6,0.16666666666666666,0.6
receive,4,2,10,153,4,1,0.4695225991437787,1,0.0,0.1
receive,4,6,10,153,4,3,0.467458787126837,1,0.0,0.1
receive,4,13,10,153,4,3,0.27091032403519266,2,0.0,0.2
receive,6,13,1,153,3,3,0.301215221364826,1,1.0,1.0
receive,7,1,10,153,1,1,0.5047907313694657,1,1.0,0.1
receive,7,2,10,153,1,1,0.4470894518262183,3,0.6666666666666666,0.3
receive,7,6,10,153,1,3,0.4541264488274268,1,0.0,0.1
receive,7,13,10,153,1,3,0.32511708797574335,5,0.0,0.5
receive,9,1,6,153,2,1,0.5134940012630418,2,1.0,0.3333333333333333
receive,9,2,6,153,2,1,0.44550350198106686,1,1.0,0.16666666666666666
receive,9,5,6,153,2,1,0.43072821819082524,1,0.0,0.16666666666666666
receive,9,13,6,153,2,3,0.31288294104526065,2,0.5,0.3333333333333333
receive,9,5,13,153,3,1,0.42431272918727575,4,0.5,0.3076923076923077
receive,9,9,13,153,3,2,0.4179761008428493,1,1.0,0.07692307692307693
receive,9,9,13,153,3,3,0.4073172563984718,1,1.0,0.07692307692307693
receive,9,13,13,153,3,3,0.26712614415531266,7,0.14285714285714285,0.5384615384615384
receive,10,1,22,153,2,1,0.5042165048146887,2,0.5,0.09090909090909091
receive,10,2,22,153,2,1,0.44142172461926704,6,0.3333333333333333,0.2727272727272727
receive,10,6,22,153,2,3,0.44256220515507877,1,0.0,0.045454545454545456
receive,10,13,22,153,2,3,0.31864425543233554,13,0.3076923076923077,0.5909090909090909
receive,10,2,11,153,3,0,0.011765491846582614,1,0.0,0.09090909090909091
receive,10,2,11,153,3,1,0.4362146740236271,1,0.0,0.09090909090909091
receive,10,12,11,153,3,2,0.3840580687168775,2,0.5,0.18181818181818182
receive,10,13,11,153,3,3,0.23322031985492472,7,0.14285714285714285,0.6363636363636364
receive,10,1,4,153,5,1,0.46765521706104074,1,0.0,0.25
receive,10,12,4,153,5,2,0.42162012980172814,3,0.3333333333333333,0.75
receive,11,1,40,153,2,0,0.010492297212411145,1,0.0,0.025
receive,11,1,40,153,2,1,0.45821435375260416,13,0.38461538461538464,0.325
receive,11,2,40,153,2,1,0.4027847440073537,7,0.42857142857142855,0.175
receive,11,4,40,153,2,4,0.43728698825230283,1,0.0,0.025
receive,11,6,40,153,2,3,0.41189632251182856,2,0.5,0.05
receive,11,7,40,153,2,1,0.36565033519563267,1,0.0,0.025
receive,11,9,40,153,2,3,0.3565368100186408,1,0.0,0.025
receive,11,10,40,153,2,2,0.3686746642089268,3,0.6666666666666666,0.075
receive,11,11,40,153,2,2,0.37226808058400185,1,1.0,0.025
receive,11,13,40,153,2,3,0.2540834631023847,10,0.1,0.25
receive,11,1,18,153,3,0,0.010709125692079451,1,0.0,0.05555555555555555
receive,11,1,18,153,3,1,0.4741428543072165,7,0.5714285714285714,0.3888888888888889
receive,11,2,18,153,3,0,0.010585520860450302,1,0.0,0.05555555555555555
receive,11,2,18,153,3,1,0.4196309262242178,3,0.3333333333333333,0.16666666666666666
receive,11,5,18,153,3,1,0.40784337887226574,1,0.0,0.05555555555555555
receive,11,9,18,153,3,3,0.36797245048318905,1,0.0,0.05555555555555555
receive,11,13,18,153,3,0,0.010354840290865763,1,0.0,0.05555555555555555
receive,11,13,18,153,3,3,0.20582942247901775,3,0.0,0.16666666666666666
receive,12,2,2,153,2,1,0.39128517448379996,1,0.0,0.5
receive,12,10,2,153,2,2,0.3666796104855761,1,1.0,0.5
receive,12,1,2,153,3,1,0.45129466954233866,1,1.0,0.5
receive,12,12,2,153,3,3,0.3795488059620866,1,1.0,0.5
receive,12,12,2,153,5,2,0.38632485346008455,2,0.0,1.0
receive,4,1,1,154,1,1,0.5907323303227698,1,0.0,1.0
receive,10,2,5,154,2,1,0.5437564870214834,1,1.0,0.2
receive,10,6,5,154,2,3,0.5451138037873406,3,0.6666666666666666,0.6
receive,10,13,5,154,2,3,0.4520920287257047,1,1.0,0.2
receive,10,1,2,154,3,1,0.6106582854105158,1,1.0,0.5
receive,10,13,2,154,3,3,0.41254637952750156,1,1.0,0.5
receive,11,1,2,154,2,1,0.5784350052598624,2,1.0,1.0
receive,11,1,3,154,3,0,0.02148325104424965,1,0.0,0.3333333333333333
receive,11,1,3,154,3,1,0.5563322386104251,2,0.5,0.6666666666666666
receive,1,1,17,155,1,1,0.46520060921155304,4,1.0,0.23529411764705882
receive,1,3,17,155,1,3,0.4625576758106247,2,0.5,0.11764705882352941
receive,1,10,17,155,1,2,0.3668778044145651,6,0.16666666666666666,0.35294117647058826
receive,1,11,17,155,1,2,0.36832400398909226,4,0.25,0.23529411764705882
receive,1,13,17,155,1,3,0.26906205262679433,1,1.0,0.058823529411764705
receive,3,3,2,155,3,3,0.5187376379845776,1,1.0,0.5
receive,3,5,2,155,3,0,0.008593928566573723,1,0.0,0.5
receive,4,1,5,155,1,1,0.4723257192763236,1,1.0,0.2
receive,4,10,5,155,1,2,0.35463822846413773,2,0.5,0.4
receive,4,11,5,155,1,2,0.3547954113116706,2,0.0,0.4
receive,6,1,13,155,2,1,0.4716628499487172,4,0.5,0.3076923076923077
receive,6,3,13,155,2,3,0.4736928630312646,1,1.0,0.07692307692307693
receive,6,5,13,155,2,1,0.3891580947805966,1,0.0,0.07692307692307693
receive,6,6,13,155,2,2,0.41431469110689534,1,1.0,0.07692307692307693
receive,6,10,13,155,2,2,0.3648023963243975,4,0.5,0.3076923076923077
receive,6,11,13,155,2,2,0.3645392134624123,2,0.0,0.15384615384615385
receive,6,6,4,155,3,3,0.42019563605560895,1,1.0,0.25
receive,6,10,4,155,3,2,0.3637088109162426,3,0.6666666666666666,0.75
receive,7,1,6,155,3,1,0.4707637379766619,5,0.6,0.8333333333333334
receive,7,10,6,155,3,2,0.3690219121148755,1,1.0,0.16666666666666666
receive,8,11,1,155,3,2,0.38482914908908045,1,1.0,1.0
receive,9,1,2,155,2,1,0.5089348733630826,1,1.0,0.5
receive,9,3,2,155,2,3,0.4686246311354464,1,1.0,0.5
receive,10,1,122,155,2,1,0.47004702607204574,37,0.5135135135135135,0.30327868852459017
receive,10,3,122,155,2,3,0.46140459446063725,8,0.375,0.06557377049180328
receive,10,5,122,155,2,0,0.008813937749581365,1,0.0,0.00819672131147541
receive,10,5,122,155,2,1,0.3944762585369889,4,0.5,0.03278688524590164
receive,10,6,122,155,2,2,0.4071719856362133,1,0.0,0.00819672131147541
receive,10,6,122,155,2,3,0.407771041297282,1,1.0,0.00819672131147541
receive,10,10,122,155,2,2,0.36933264233182944,58,0.4482758620689655,0.47540983606557374
receive,10,10,122,155,2,3,0.34851402452972274,4,0.25,0.03278688524590164
receive,10,11,122,155,2,2,0.3699956909319613,5,0.6,0.040983606557377046
receive,10,13,122,155,2,3,0.29884718460970555,3,0.6666666666666666,0.02459016393442623
receive,10,6,3,155,3,2,0.40329882336502515,1,1.0,0.3333333333333333
receive,10,6,3,155,3,3,0.40389076826505305,1,0.0,0.3333333333333333
receive,10,10,3,155,3,2,0.3604641234338098,1,0.0,0.3333333333333333
receive,10,1,1,155,5,1,0.4266600577647655,1,1.0,1.0
receive,11,1,2,155,2,1,0.48367388483298923,2,1.0,1.0
receive,1,3,4,156,1,3,0.5673067312753085,2,1.0,0.5
receive,1,10,4,156,1,2,0.41893099998333805,1,1.0,0.25
receive,1,13,4,156,1,3,0.3302533464046467,1,1.0,0.25
receive,6,5,2,156,2,1,0.438857825186024,2,0.5,1.0
receive,7,1,4,156,3,1,0.5311960041211787,3,0.3333333333333333,0.75
receive,7,6,4,156,3,3,0.48101731241060364,1,1.0,0.25
receive,10,1,18,156,2,1,0.5331612138311344,9,0.7777777777777778,0.5
receive,10,3,18,156,2,3,0.501760159556507,2,0.5,0.1111111111111111
receive,10,5,18,156,2,1,0.4533682642091401,3,0.3333333333333333,0.16666666666666666
receive,10,10,18,156,2,2,0.42462784408544096,2,1.0,0.1111111111111111
receive,10,13,18,156,2,3,0.34844615497887704,2,0.5,0.1111111111111111
receive,10,13,1,156,5,3,0.3409222315749212,1,0.0,1.0
receive,11,1,19,156,2,1,0.506266445188816,6,0.6666666666666666,0.3157894736842105
receive,11,3,19,156,2,2,0.4889388113225981,1,0.0,0.05263157894736842
receive,11,3,19,156,2,3,0.48939525617825197,3,0.0,0.15789473684210525
receive,11,4,19,156,2,4,0.46982333267263404,1,0.0,0.05263157894736842
receive,11,5,19,156,2,1,0.44271175200864027,3,0.3333333333333333,0.15789473684210525
receive,11,6,19,156,2,3,0.45652120339505736,1,1.0,0.05263157894736842
receive,11,10,19,156,2,2,0.407340682365771,1,1.0,0.05263157894736842
receive,11,11,19,156,2,2,0.4121075537611707,1,0.0,0.05263157894736842
receive,11,13,19,156,2,3,0.2888594998419115,2,1.0,0.10526315789473684
receive,1,1,16,157,1,1,0.4976381252910562,9,0.7777777777777778,0.5625
receive,1,2,16,157,1,1,0.43652972321874184,1,0.0,0.0625
receive,1,5,16,157,1,1,0.4237984088074929,2,0.0,0.125
receive,1,6,16,157,1,3,0.447106916045667,3,0.3333333333333333,0.1875
receive,1,10,16,157,1,0,0.011501095857366549,1,0.0,0.0625
receive,4,1,60,157,1,1,0.5005114337415136,28,0.6071428571428571,0.4666666666666667
receive,4,2,60,157,1,1,0.43208829524378095,7,0.14285714285714285,0.11666666666666667
receive,4,5,60,157,1,1,0.4094271542944538,4,0.25,0.06666666666666667
receive,4,6,60,157,1,3,0.4321313562388132,11,0.2727272727272727,0.18333333333333332
receive,4,10,60,157,1,5,0.4541298257509957,1,0.0,0.016666666666666666
receive,4,13,60,157,1,3,0.27288775910002105,9,0.3333333333333333,0.15
receive,4,1,2,157,4,1,0.5244417708861615,2,1.0,1.0
receive,6,2,2,157,3,1,0.44718340331150574,1,0.0,0.5
receive,6,13,2,157,3,3,0.25430589780974594,1,0.0,0.5
receive,7,1,4,157,1,0,0.012005344708573729,1,0.0,0.25
receive,7,2,4,157,1,1,0.44677831148744956,1,0.0,0.25
receive,7,6,4,157,1,3,0.4531489599826379,1,0.0,0.25
receive,7,13,4,157,1,3,0.2754918802821704,1,0.0,0.25
receive,10,1,16,157,2,1,0.5133985416198187,4,1.0,0.25
receive,10,2,16,157,2,1,0.4502002439296839,5,0.4,0.3125
receive,10,6,16,157,2,3,0.45019551482077336,3,0.3333333333333333,0.1875
receive,10,10,16,157,2,2,0.4089601761112448,1,0.0,0.0625
receive,10,13,16,157,2,3,0.33226375100987754,3,0.0,0.1875
receive,10,1,2,157,3,1,0.4995933652855378,1,1.0,0.5
receive,10,2,2,157,3,1,0.4440168393920364,1,0.0,0.5
receive,11,1,32,157,2,1,0.4885208149144173,13,0.38461538461538464,0.40625
receive,11,2,32,157,2,1,0.4300873311345542,4,0.75,0.125
receive,11,4,32,157,2,1,0.4486577114131307,1,0.0,0.03125
receive,11,6,32,157,2,3,0.4391856343032471,1,1.0,0.03125
receive,11,7,32,157,2,1,0.39054699885628574,3,0.6666666666666666,0.09375
receive,11,10,32,157,2,2,0.3914065574561157,3,0.6666666666666666,0.09375
receive,11,11,32,157,2,2,0.39713244658555896,2,0.0,0.0625
receive,11,13,32,157,2,3,0.2841765741243814,5,0.4,0.15625
receive,11,1,11,157,3,1,0.5283102388762466,7,0.7142857142857143,0.6363636363636364
receive,11,2,11,157,3,1,0.4679787533129348,1,0.0,0.09090909090909091
receive,11,5,11,157,3,1,0.45882302668837877,1,1.0,0.09090909090909091
receive,11,6,11,157,3,3,0.47105788854187414,1,0.0,0.09090909090909091
receive,11,13,11,157,3,3,0.27980694300607156,1,1.0,0.09090909090909091
receive,1,5,6,158,1,1,0.492440649354051,1,1.0,0.16666666666666666
receive,1,6,6,158,1,3,0.5123847730731809,3,0.3333333333333333,0.5
receive,1,13,6,158,1,0,0.01664693577256207,1,0.0,0.16666666666666666
receive,1,13,6,158,1,3,0.37011325355041097,1,1.0,0.16666666666666666
receive,4,1,7,158,1,1,0.557238210603044,1,1.0,0.14285714285714285
receive,4,6,7,158,1,3,0.48968781609340767,3,0.3333333333333333,0.42857142857142855
receive,4,13,7,158,1,0,0.01682320979180099,1,0.0,0.14285714285714285
receive,4,13,7,158,1,3,0.33102434400386793,2,0.0,0.2857142857142857
receive,6,6,2,158,3,3,0.5037656838769061,2,1.0,1.0
receive,7,2,1,158,1,1,0.5145795923803129,1,1.0,1.0
receive,10,1,22,158,2,1,0.568777411338592,2,1.0,0.09090909090909091
receive,10,2,22,158,2,1,0.5032132957424423,2,0.0,0.09090909090909091
receive,10,6,22,158,2,3,0.5037023321050742,2,1.0,0.09090909090909091
receive,10,13,22,158,2,3,0.3963724747666084,16,0.25,0.7272727272727273
receive,10,1,4,158,3,1,0.569922430533633,1,1.0,0.25
receive,10,6,4,158,3,3,0.5016558688966125,1,1.0,0.25
receive,10,13,4,158,3,3,0.3466066200014657,2,0.5,0.5
receive,11,7,4,158,3,1,0.44160787171092697,1,0.0,0.25
receive,11,10,4,158,3,2,0.435319904942549,1,1.0,0.25
receive,11,10,4,158,3,3,0.40207764777166227,1,1.0,0.25
receive,11,11,4,158,3,3,0.4097898170712459,1,0.0,0.25
receive,1,1,4,159,1,1,0.47238538745773617,2,1.0,0.5
receive,1,2,4,159,1,1,0.40817485878746645,1,1.0,0.25
receive,1,5,4,159,1,1,0.40205370533615525,1,1.0,0.25
receive,4,1,4,159,1,1,0.4755171176349563,1,0.0,0.25
receive,4,2,4,159,1,1,0.411652921215958,1,0.0,0.25
receive,4,8,4,159,1,3,0.3101708202749924,1,0.0,0.25
receive,4,13,4,159,1,0,0.009337174786848347,1,0.0,0.25
receive,4,1,9,159,4,1,0.5058987882054148,7,0.7142857142857143,0.7777777777777778
receive,4,2,9,159,4,1,0.44256143169726303,1,0.0,0.1111111111111111
receive,4,5,9,159,4,1,0.4248847680468142,1,0.0,0.1111111111111111
receive,7,1,1,159,1,1,0.486727616388434,1,1.0,1.0
receive,10,2,1,159,2,1,0.409237718330859,1,1.0,1.0
receive,11,1,3,159,2,1,0.4567425280861605,2,0.0,0.6666666666666666
receive,11,2,3,159,2,1,0.39600453020646625,1,1.0,0.3333333333333333
receive,1,5,1,160,1,1,0.5163342985542613,1,0.0,1.0
receive,8,5,1,160,3,1,0.49448280953618745,1,1.0,1.0
receive,10,1,9,160,2,1,0.6023065929679976,2,1.0,0.2222222222222222
receive,10,10,9,160,2,2,0.49569451663774217,6,0.6666666666666666,0.6666666666666666
receive,10,13,9,160,2,3,0.4286600478852966,1,0.0,0.1111111111111111
receive,12,3,12,160,2,3,0.5305942711038564,1,1.0,0.08333333333333333
receive,12,5,12,160,2,0,0.018644966845284206,1,0.0,0.08333333333333333
receive,12,5,12,160,2,1,0.4931318104065617,1,1.0,0.08333333333333333
receive,12,10,12,160,2,2,0.4714249443582701,6,0.3333333333333333,0.5
receive,12,12,12,160,2,2,0.4767873625960181,2,0.5,0.16666666666666666
receive,12,14,12,160,2,3,0.2783122986629031,1,1.0,0.08333333333333333
receive,12,12,1,160,3,2,0.44281541280966474,1,1.0,1.0
receive,12,2,2,160,5,1,0.48104411607266717,1,1.0,0.5
receive,12,10,2,160,5,2,0.48984244076866723,1,1.0,0.5
receive,1,2,2,161,1,1,0.5480654693734395,1,0.0,0.5
receive,1,5,2,161,1,1,0.5434757263974754,1,1.0,0.5
receive,7,6,2,161,1,3,0.5708657197873135,1,1.0,0.5
receive,7,13,2,161,1,3,0.44439714228459215,1,0.0,0.5
receive,10,2,1,161,2,1,0.5662109288105857,1,0.0,1.0
receive,10,2,3,161,3,1,0.5530831555288797,1,0.0,0.3333333333333333
receive,10,6,3,161,3,3,0.5485392462920099,1,1.0,0.3333333333333333
receive,10,13,3,161,3,3,0.3295444045228377,1,1.0,0.3333333333333333
receive,11,1,5,161,2,1,0.5799189450492807,2,0.0,0.4
receive,11,2,5,161,2,1,0.5222239510042203,1,0.0,0.2
receive,11,13,5,161,2,3,0.3639667222515582,2,0.5,0.4
receive,11,5,2,161,3,1,0.5019138542618552,1,0.0,0.5
receive,11,13,2,161,3,3,0.2844123534185795,1,0.0,0.5
receive,1,1,4,162,1,1,0.487398404526206,3,0.0,0.75
receive,1,13,4,162,1,3,0.290593024570157,1,0.0,0.25
receive,4,2,2,162,4,1,0.4643874978313175,1,0.0,0.5
receive,4,6,2,162,4,3,0.47231550241601405,1,0.0,0.5
receive,10,13,1,162,2,3,0.3613438172914635,1,0.0,1.0
receive,11,5,4,162,2,1,0.38748560673634924,1,1.0,0.25
receive,11,11,4,162,2,2,0.36459865330238905,1,1.0,0.25
receive,11,13,4,162,2,3,0.24174152461374046,2,0.5,0.5
receive,11,6,1,162,3,3,0.4132177772474263,1,1.0,1.0
receive,1,6,1,163,1,3,0.4707019745332468,1,1.0,1.0
receive,7,5,1,163,1,1,0.46479020794463843,1,0.0,1.0
receive,10,13,1,163,2,3,0.3544550530323963,1,0.0,1.0
receive,10,6,5,163,3,3,0.47138472875275,2,0.0,0.4
receive,10,13,5,163,3,3,0.3277255524792554,3,0.3333333333333333,0.6
receive,11,1,9,163,2,1,0.4908056350802315,5,0.6,0.5555555555555556
receive,11,6,9,163,2,3,0.4387259531590859,1,0.0,0.1111111111111111
receive,11,7,9,163,2,1,0.3919557444105208,1,1.0,0.1111111111111111
receive,11,11,9,163,2,2,0.4015445262747961,1,1.0,0.1111111111111111
receive,11,13,9,163,2,3,0.27585045184903195,1,1.0,0.1111111111111111
receive,11,1,11,163,3,0,0.013629250350528489,1,0.0,0.09090909090909091
receive,11,1,11,163,3,1,0.48705641175207454,4,0.5,0.36363636363636365
receive,11,6,11,163,3,3,0.4367232158433508,1,0.0,0.09090909090909091
receive,11,7,11,163,3,1,0.3878622428068743,1,1.0,0.09090909090909091
receive,11,13,11,163,3,3,0.21992661408179642,4,0.25,0.36363636363636365
receive,10,12,2,164,2,2,0.5382186749018306,2,1.0,1.0
receive,12,12,2,164,2,2,0.5165632173992181,2,1.0,1.0
receive,12,5,2,164,3,1,0.5244641595383039,1,1.0,0.5
receive,12,13,2,164,3,3,0.3706049700530949,1,0.0,0.5
receive,12,12,3,164,5,2,0.5696966943169582,3,0.3333333333333333,1.0
receive,9,3,1,165,2,0,0.017790898482111114,1,0.0,1.0
receive,9,3,2,165,3,3,0.5555776517497872,1,0.0,0.5
receive,9,9,2,165,3,3,0.4759351569136145,1,1.0,0.5
