phase,A1_actionId,C_actionId,EV,A1_playerId,A1_spinId,C_spinId,count,train_winrate,usage_rate
front3,15,1,0.5138213567041925,96,5,1,136,0.5661764705882353,0.4444444444444444
front3,15,1,0.544309964520569,136,2,1,95,0.47368421052631576,0.42035398230088494
front3,15,1,0.5074467404586585,136,5,1,91,0.4945054945054945,0.3807531380753138
front3,15,1,0.5337082359873045,144,5,1,63,0.5873015873015873,0.4315068493150685
front3,15,1,0.5496578677697218,128,2,1,59,0.5084745762711864,0.48360655737704916
front3,16,1,0.5284580630057277,21,5,1,59,0.4915254237288136,0.4645669291338583
front3,15,1,0.5064003705979597,128,5,1,54,0.46296296296296297,0.5684210526315789
front3,0,1,0.5459749232311564,96,5,1,53,0.6037735849056604,0.31736526946107785
front3,15,1,0.5349605618398658,132,4,1,51,0.6666666666666666,0.6623376623376623
front3,15,1,0.5187007666102709,132,5,1,50,0.46,0.49019607843137253
front3,15,1,0.5403474525686279,96,2,1,50,0.78,0.45045045045045046
front3,15,1,0.4637391626486547,72,5,1,49,0.4489795918367347,0.35
front3,0,1,0.5500505123475202,136,2,1,45,0.5333333333333333,0.36
front3,15,1,0.569221362292502,64,5,1,45,0.5777777777777777,0.34615384615384615
front3,15,1,0.5264691502237687,111,5,1,43,0.5581395348837209,0.4942528735632184
front3,16,6,0.5331630840982721,21,4,1,42,0.4523809523809524,0.40384615384615385
front3,0,1,0.5433415975825826,128,5,1,41,0.5609756097560976,0.5
front3,0,1,0.5329702266194644,70,2,1,38,0.47368421052631576,0.3392857142857143
front3,15,10,0.4363202187860147,136,2,2,37,0.43243243243243246,0.16371681415929204
front3,15,2,0.5012377913338981,96,5,1,37,0.43243243243243246,0.12091503267973856
front3,15,10,0.42409371735456386,136,5,2,36,0.5,0.1506276150627615
front3,15,10,0.460602742567086,155,5,2,33,0.42424242424242425,0.515625
front3,15,10,0.47378889908738075,155,2,2,33,0.45454545454545453,0.532258064516129
front3,15,10,0.5655157151168557,82,5,2,33,0.6666666666666666,0.5789473684210527
front3,15,1,0.5545161164907101,101,5,1,33,0.6666666666666666,0.3793103448275862
front3,15,1,0.5765940283231236,153,5,1,32,0.625,0.4155844155844156
front3,15,6,0.4867732079084679,96,5,1,32,0.3125,0.10457516339869281
front3,0,2,0.5320638179172897,96,5,1,32,0.59375,0.19161676646706588
front3,15,2,0.49441736896654337,136,5,1,31,0.5161290322580645,0.1297071129707113
front3,0,1,0.5693928474009479,96,2,1,31,0.6129032258064516,0.3263157894736842
front3,15,1,0.5275627172164735,128,4,1,31,0.6774193548387096,0.5740740740740741
front3,15,1,0.6305583743769493,153,3,1,31,0.7741935483870968,0.62
front3,15,1,0.5303228181210833,96,4,1,30,0.6666666666666666,0.2777777777777778
front3,15,10,0.4422626457805743,144,5,2,30,0.4,0.2054794520547945
front3,15,1,0.48717108397293063,72,4,1,29,0.41379310344827586,0.4084507042253521
front3,15,1,0.5632836113791484,128,3,1,29,0.7586206896551724,0.7631578947368421
front3,15,6,0.5731324452267321,64,4,1,29,0.7241379310344828,0.43283582089552236
front3,15,11,0.4714482570921702,128,2,2,29,0.4827586206896552,0.23770491803278687
front3,15,1,0.5070409470293947,70,2,1,27,0.5925925925925926,0.32926829268292684
front3,0,2,0.5296449478705579,96,4,1,27,0.3333333333333333,0.34615384615384615
front3,15,6,0.5060762066974613,96,4,1,26,0.38461538461538464,0.24074074074074073
front3,0,2,0.535379202536088,136,2,1,26,0.34615384615384615,0.208
front3,0,1,0.5400132489437098,133,2,1,25,0.48,0.36764705882352944
front3,15,1,0.5422739814595848,122,4,1,25,0.52,0.3968253968253968
front3,15,1,0.5571386226661204,96,3,1,24,0.4166666666666667,0.47058823529411764
front3,15,6,0.512210305672591,106,5,1,24,0.3333333333333333,0.34782608695652173
front3,15,6,0.5411910663750765,64,5,1,23,0.34782608695652173,0.17692307692307693
front3,0,12,0.5553603997270381,66,5,2,23,0.6086956521739131,0.7666666666666667
front3,15,1,0.5253624148576252,136,4,1,23,0.5652173913043478,0.2839506172839506
front3,0,1,0.5437642067165,136,5,1,22,0.6363636363636364,0.2619047619047619
front3,0,2,0.5215026734602533,133,5,1,22,0.5,0.2619047619047619
front3,15,11,0.4035303935147245,72,5,2,22,0.3181818181818182,0.15714285714285714
front3,16,3,0.5784390603630325,21,4,1,22,0.7272727272727273,0.21153846153846154
front3,15,2,0.5303878277755807,136,2,1,22,0.4090909090909091,0.09734513274336283
front3,16,1,0.48853142361579965,136,5,1,22,0.45454545454545453,0.4782608695652174
front3,15,10,0.45683154881347227,128,2,2,21,0.5714285714285714,0.1721311475409836
front3,15,10,0.4282258984138103,96,5,2,21,0.5238095238095238,0.06862745098039216
front3,0,10,0.4426585684042201,136,2,2,21,0.5238095238095238,0.168
front3,18,1,0.42675201872389895,3,5,1,21,0.3333333333333333,0.8076923076923077
front3,15,2,0.5170088994119492,96,4,1,21,0.5714285714285714,0.19444444444444445
front3,0,10,0.46114223142529687,136,5,2,21,0.6666666666666666,0.25
front3,0,1,0.5705364660090466,129,3,1,20,0.5,0.5882352941176471
front3,15,12,0.4316835794190761,37,5,2,20,0.45,0.31746031746031744
front3,0,1,0.528472517891195,70,3,1,20,0.55,0.425531914893617
front3,15,1,0.5445165880241734,150,2,1,19,0.631578947368421,0.31666666666666665
front3,15,1,0.5034852730134041,38,5,1,19,0.5263157894736842,0.5588235294117647
front3,15,1,0.4732920057088319,115,2,1,19,0.3684210526315789,0.3877551020408163
front3,15,4,0.5350814643534644,96,5,1,19,0.631578947368421,0.06209150326797386
front3,15,1,0.5161636464295376,140,5,1,19,0.5789473684210527,0.4318181818181818
front3,15,10,0.3800422106364224,146,2,2,19,0.42105263157894735,0.9047619047619048
front3,0,2,0.5299707055146557,136,5,1,19,0.47368421052631576,0.2261904761904762
front3,15,12,0.49143958431974877,155,5,2,19,0.42105263157894735,0.296875
front3,0,1,0.5428380758534849,96,4,1,19,0.6842105263157895,0.24358974358974358
front3,15,1,0.5626293788020659,150,3,1,19,0.631578947368421,0.475
front3,15,1,0.5931997195436718,64,4,1,18,0.5555555555555556,0.26865671641791045
front3,15,11,0.4688246458181638,111,5,2,18,0.7777777777777778,0.20689655172413793
front3,16,1,0.5686691571516252,21,2,1,18,0.5,0.391304347826087
front3,0,10,0.45408898323885305,133,5,2,18,0.4444444444444444,0.21428571428571427
front3,15,5,0.4747486849519157,136,5,1,18,0.4444444444444444,0.07531380753138076
front3,0,1,0.5420547902681745,129,4,1,18,0.5555555555555556,0.4864864864864865
front3,0,1,0.5062267314846476,72,5,1,18,0.5,0.24324324324324326
front3,0,6,0.4638187951539304,70,4,1,18,0.3888888888888889,0.3829787234042553
front3,17,1,0.54137834995278,101,5,1,18,0.4444444444444444,0.4090909090909091
front3,0,4,0.5555615982834657,96,5,1,17,0.5294117647058824,0.10179640718562874
front3,15,11,0.46720837833978235,144,5,2,17,0.6470588235294118,0.11643835616438356
front3,0,6,0.5550680810056527,43,5,1,17,0.35294117647058826,0.3090909090909091
front3,15,6,0.4577969588278157,72,4,1,17,0.5882352941176471,0.23943661971830985
front3,15,1,0.5507023373550914,136,3,1,17,0.35294117647058826,0.34
front3,15,1,0.5173361274417544,122,5,1,17,0.5882352941176471,0.4146341463414634
front3,15,10,0.47967088985015494,64,5,2,17,0.35294117647058826,0.13076923076923078
front3,15,2,0.5067862462046533,132,5,1,17,0.47058823529411764,0.16666666666666666
front3,0,10,0.456925091246534,96,2,2,17,0.5882352941176471,0.17894736842105263
front3,15,12,0.5157111559461172,11,5,2,17,0.5882352941176471,0.2833333333333333
front3,15,1,0.5616750992828012,144,4,1,17,0.5294117647058824,0.2786885245901639
front3,15,13,0.34047509550455923,153,5,3,17,0.35294117647058826,0.22077922077922077
front3,0,1,0.5026074124139293,72,4,1,16,0.4375,0.4
front3,0,1,0.5370833024652615,69,5,1,16,0.5625,0.41025641025641024
front3,17,1,0.4200215257400802,92,5,1,16,0.625,0.45714285714285713
front3,15,5,0.491639955532565,136,4,1,16,0.5625,0.19753086419753085
front3,15,1,0.5627247382754905,101,4,1,16,0.4375,0.41025641025641024
front3,16,6,0.5390797775086744,21,1,1,16,0.4375,0.6153846153846154
front3,15,1,0.5022241106053975,157,5,1,16,0.375,0.45714285714285713
front3,0,1,0.5581612635732575,129,2,1,16,0.625,0.6956521739130435
front3,16,1,0.5843539247877354,57,5,1,16,0.625,0.64
front3,15,12,0.5975063615835706,82,5,2,16,0.6875,0.2807017543859649
front3,0,1,0.5425085591990615,129,5,1,16,0.5625,0.41025641025641024
front3,0,1,0.5116963793300381,39,4,1,15,0.3333333333333333,0.6521739130434783
front3,15,1,0.6049210837835433,64,3,1,15,0.6666666666666666,0.7142857142857143
front3,15,10,0.4271167961549152,128,5,2,15,0.5333333333333333,0.15789473684210525
front3,15,2,0.49741145941543025,70,2,1,15,0.3333333333333333,0.18292682926829268
front3,15,11,0.5055393882153945,101,2,2,15,0.6666666666666666,0.21739130434782608
front3,0,10,0.46063296131864456,96,5,2,15,0.5333333333333333,0.08982035928143713
front3,15,1,0.590011398748215,101,2,1,15,0.5333333333333333,0.21739130434782608
front3,0,2,0.5543927600479149,19,5,1,15,0.3333333333333333,0.24193548387096775
front3,16,10,0.46075601520377923,21,5,2,15,0.4666666666666667,0.11811023622047244
front3,0,2,0.5234855704590875,69,5,1,15,0.5333333333333333,0.38461538461538464
front3,0,11,0.4812218295658208,96,5,2,15,0.4666666666666667,0.08982035928143713
front3,0,1,0.5537204356624962,128,4,1,15,0.4666666666666667,0.6818181818181818
front3,15,11,0.4567259956580572,96,5,2,15,0.3333333333333333,0.049019607843137254
front3,15,10,0.3850138232439524,2,5,2,15,0.5333333333333333,0.75
front3,0,10,0.45982771684032026,128,5,2,14,0.5,0.17073170731707318
front3,15,1,0.5750060132135663,112,5,1,14,0.7142857142857143,0.4
front3,15,1,0.5025908143342908,72,2,1,14,0.7142857142857143,0.3111111111111111
front3,15,6,0.5028941464565798,144,5,1,14,0.5714285714285714,0.0958904109589041
front3,0,2,0.5223725023763984,70,2,1,14,0.5714285714285714,0.125
front3,15,10,0.47261858493669845,101,5,2,14,0.6428571428571429,0.16091954022988506
front3,15,6,0.49715963934451357,128,4,1,14,0.5714285714285714,0.25925925925925924
front3,15,12,0.6091599251016262,82,2,2,14,0.7142857142857143,0.3111111111111111
front3,15,6,0.5392283828812164,144,4,1,14,0.5714285714285714,0.22950819672131148
front3,0,10,0.4355167083290743,70,2,2,14,0.2857142857142857,0.125
front3,18,1,0.5187932563228038,21,5,1,14,0.21428571428571427,0.5833333333333334
front3,0,2,0.5599563238672058,88,4,1,14,0.5,0.8235294117647058
front3,15,10,0.43966170220860434,150,2,2,14,0.14285714285714285,0.23333333333333334
front3,16,1,0.4984211298540205,109,5,1,14,0.5714285714285714,0.6363636363636364
front3,17,1,0.4691521803172053,48,5,1,14,0.42857142857142855,0.7
front3,15,11,0.39315950565050956,115,2,2,14,0.7857142857142857,0.2857142857142857
front3,17,1,0.5813440154460147,64,4,1,14,0.5,0.6363636363636364
front3,15,1,0.5448780808008493,111,4,1,14,0.6428571428571429,0.5833333333333334
front3,15,5,0.5311060916510346,144,4,1,13,0.46153846153846156,0.21311475409836064
front3,15,1,0.6409781680463406,12,2,1,13,0.6153846153846154,0.5416666666666666
front3,15,1,0.45910604361797563,110,5,1,13,0.6923076923076923,0.5
front3,17,1,0.485298117296174,157,5,1,13,0.38461538461538464,0.5652173913043478
front3,16,1,0.4866770430183035,69,5,1,13,0.07692307692307693,0.43333333333333335
front3,0,1,0.49244985089484344,70,4,1,13,0.7692307692307693,0.2765957446808511
front3,15,1,0.434020665007878,115,5,1,13,0.3076923076923077,0.3333333333333333
front3,15,12,0.5004355660189249,155,2,2,13,0.46153846153846156,0.20967741935483872
front3,15,1,0.6122310633810459,112,2,1,13,0.5384615384615384,0.41935483870967744
front3,16,1,0.5534770770820067,21,4,1,13,0.46153846153846156,0.125
front3,15,5,0.48181207280704175,70,2,1,13,0.38461538461538464,0.15853658536585366
front3,15,10,0.47563139765205825,101,2,2,13,0.7692307692307693,0.18840579710144928
front3,0,10,0.49835331534539684,111,5,2,13,0.38461538461538464,0.43333333333333335
front3,0,2,0.5485049588885139,19,4,1,13,0.46153846153846156,0.40625
front3,15,1,0.4857315586522462,81,5,1,13,0.46153846153846156,0.4642857142857143
front3,16,1,0.48491356592576745,100,5,1,13,0.46153846153846156,0.35135135135135137
front3,15,1,0.5716503618435929,144,2,1,13,0.46153846153846156,0.5
front3,15,1,0.5546982739866996,85,5,1,13,0.5384615384615384,0.5
front3,15,1,0.5651892724418951,122,3,1,13,0.6153846153846154,0.5416666666666666
front3,15,13,0.3194333924524985,101,3,3,13,0.46153846153846156,0.2653061224489796
front3,15,1,0.617362436994467,118,5,1,12,0.9166666666666666,0.5217391304347826
front3,0,2,0.5291684212531829,128,5,1,12,0.4166666666666667,0.14634146341463414
front3,0,10,0.4216880398771309,133,2,2,12,0.5833333333333334,0.17647058823529413
front3,0,6,0.5390787143761738,133,5,3,12,0.9166666666666666,0.14285714285714285
front3,16,1,0.5281510942428546,136,2,1,12,0.5,0.41379310344827586
front3,15,6,0.5152845973450212,136,5,3,12,0.75,0.0502092050209205
front3,0,10,0.45005465364702946,128,2,2,12,0.6666666666666666,0.375
front3,15,13,0.2845777221378423,96,5,3,12,0.25,0.0392156862745098
front3,15,5,0.5369759991814814,64,5,1,12,0.25,0.09230769230769231
front3,15,6,0.585632918518435,101,3,1,12,0.4166666666666667,0.24489795918367346
front3,15,13,0.32030192538620633,136,5,1,12,0.25,0.0502092050209205
front3,15,10,0.48473388641525145,153,5,2,12,0.5,0.15584415584415584
front3,15,2,0.5110560735920956,136,4,1,12,0.3333333333333333,0.14814814814814814
front3,15,1,0.4850490054932196,8,5,1,12,0.4166666666666667,0.27906976744186046
front3,15,1,0.5285034331813128,138,2,1,12,0.6666666666666666,0.4444444444444444
front3,0,6,0.4634719982072991,70,5,1,12,0.25,0.3333333333333333
front3,15,10,0.5914840682484012,82,2,2,12,0.5833333333333334,0.26666666666666666
front3,15,11,0.5097173668666893,64,5,2,12,0.6666666666666666,0.09230769230769231
front3,0,2,0.45618419561763074,115,5,1,11,0.36363636363636365,0.4583333333333333
front3,15,6,0.5725017768948298,101,2,1,11,0.36363636363636365,0.15942028985507245
front3,15,5,0.5107458517204647,136,2,1,11,0.2727272727272727,0.048672566371681415
front3,15,10,0.3926327738203791,70,2,2,11,0.2727272727272727,0.13414634146341464
front3,15,1,0.5757213940644438,31,5,1,11,0.6363636363636364,0.5
front3,15,4,0.5781345020456683,96,5,4,11,0.6363636363636364,0.03594771241830065
front3,15,1,0.4536788680449719,73,5,1,11,0.45454545454545453,0.44
front3,15,6,0.4687867760727704,71,4,1,11,0.18181818181818182,0.6470588235294118
front3,15,1,0.5109272932491973,129,5,1,11,0.6363636363636364,0.21568627450980393
front3,15,1,0.45375595704826466,3,5,1,11,0.18181818181818182,0.7857142857142857
front3,15,12,0.44186228797420696,91,2,2,11,0.45454545454545453,0.7857142857142857
front3,15,1,0.48871680565190684,93,5,1,11,0.36363636363636365,0.6111111111111112
front3,0,10,0.4808208022272408,74,5,2,11,0.5454545454545454,0.28205128205128205
front3,0,6,0.6207178766359921,14,5,3,11,0.8181818181818182,0.3142857142857143
front3,16,6,0.502615799387696,21,5,1,11,0.5454545454545454,0.08661417322834646
front3,15,1,0.41956119544094717,90,5,1,11,0.5454545454545454,0.44
front3,0,11,0.4783668432254384,35,2,2,11,0.45454545454545453,0.4583333333333333
front3,15,1,0.4339417219873553,86,5,1,11,0.45454545454545453,0.4583333333333333
front3,15,10,0.37925893181551695,156,2,2,11,0.36363636363636365,0.34375
front3,0,1,0.5347661776713932,133,5,1,11,0.36363636363636365,0.13095238095238096
front3,15,1,0.5067265848256945,163,4,1,11,0.5454545454545454,0.55
front3,0,2,0.5403228498652439,122,4,1,11,0.6363636363636364,0.5238095238095238
front3,15,10,0.38161112325409074,72,5,2,11,0.18181818181818182,0.07857142857142857
front3,0,2,0.6056767200912255,14,5,1,11,0.6363636363636364,0.3142857142857143
front3,15,6,0.4787687899012386,136,5,1,11,0.45454545454545453,0.04602510460251046
front3,15,11,0.4664941380304542,136,2,2,10,0.2,0.04424778761061947
front3,15,1,0.5307003757096911,89,2,1,10,0.4,0.7692307692307693
front3,0,1,0.5762414233523196,88,5,1,10,0.7,0.5555555555555556
front3,15,6,0.5003657372999065,157,4,1,10,0.7,0.5
front3,15,1,0.5257687898749104,140,4,1,10,0.8,0.625
front3,15,2,0.5872815181461567,101,3,1,10,0.7,0.20408163265306123
front3,0,6,0.5101895172194534,96,4,1,10,0.2,0.1282051282051282
front3,15,11,0.4631355419875144,96,2,2,10,0.5,0.09009009009009009
front3,16,1,0.5228699758471146,96,2,1,10,0.6,0.7142857142857143
front3,15,2,0.5300232734443798,150,2,1,10,0.6,0.16666666666666666
front3,15,1,0.5676345972993774,111,1,1,10,0.6,0.4
front3,0,1,0.5682484486348894,19,5,1,10,0.7,0.16129032258064516
front3,15,1,0.6187446645081639,153,2,1,10,0.7,0.4
front3,17,1,0.566704551981063,64,5,1,10,0.6,0.5
front3,15,1,0.5689092934353198,11,5,1,10,0.7,0.16666666666666666
front3,15,2,0.5275309910024495,122,4,1,10,0.6,0.15873015873015872
front3,0,1,0.5404699937294671,157,5,1,10,0.4,0.2777777777777778
front3,16,1,0.48982118646381584,129,5,1,10,0.7,0.8333333333333334
front3,15,4,0.4804818959505541,72,5,1,10,0.5,0.07142857142857142
front3,16,1,0.43244144995305334,73,5,1,10,0.4,0.3225806451612903
front3,0,11,0.4187001646354867,136,2,3,10,0.3,0.08
front3,15,13,0.29243225758397273,106,5,3,10,0.3,0.14492753623188406
front3,16,1,0.5076335831921479,96,5,1,10,0.3,0.625
front3,15,1,0.5467881680391583,138,3,1,10,0.6,0.5882352941176471
front3,0,1,0.5316119010870768,97,4,1,10,0.4,0.5555555555555556
front3,15,6,0.4542624918329719,138,5,1,10,0.3,0.5555555555555556
front3,15,2,0.5154313369037109,106,5,1,10,0.3,0.14492753623188406
front3,15,1,0.5129622214741169,77,5,1,10,0.6,0.8333333333333334
front3,15,6,0.45549039525827106,8,5,1,10,0.3,0.23255813953488372
front3,15,1,0.47568595685419623,121,5,1,10,0.5,0.8333333333333334
front3,0,10,0.5218912514337731,51,5,2,10,0.7,0.5555555555555556
front3,15,1,0.5687691858574878,129,3,1,10,0.7,0.47619047619047616
front3,15,10,0.37931942313299477,105,3,2,10,0.2,0.6666666666666666
front3,15,10,0.4077448121706596,37,5,2,10,0.2,0.15873015873015872
front3,15,2,0.44978254778339033,72,5,1,10,0.6,0.07142857142857142
front3,16,7,0.46202834516009195,76,5,1,10,0.2,0.30303030303030304
front3,0,2,0.48147396444664775,70,5,1,10,0.6,0.2777777777777778
front3,16,10,0.361362489534922,73,5,2,10,0.4,0.3225806451612903
front3,15,7,0.5076987711852261,136,2,1,10,0.7,0.04424778761061947
front3,15,12,0.4076566070773233,102,5,2,10,0.7,0.5882352941176471
front3,0,1,0.5812840106168351,128,3,1,10,0.6,0.45454545454545453
front3,0,13,0.3421454445793573,96,5,1,10,0.5,0.059880239520958084
front3,0,1,0.5548971923736834,128,2,1,9,0.3333333333333333,0.28125
front3,0,13,0.34209350741146327,43,5,3,9,0.2222222222222222,0.16363636363636364
front3,16,7,0.47287035768198066,100,5,3,9,0.6666666666666666,0.24324324324324326
front3,0,1,0.5661627700754308,111,5,1,9,0.5555555555555556,0.3
front3,16,2,0.45132400555412777,92,2,1,9,0.4444444444444444,0.6
front3,0,10,0.49328934026765037,49,5,2,9,0.5555555555555556,0.45
front3,0,1,0.5917679619608033,19,3,1,9,0.6666666666666666,0.6
front3,0,1,0.4869572656097154,115,2,1,9,0.5555555555555556,0.5294117647058824
front3,15,1,0.5584179723855257,122,2,1,9,0.7777777777777778,0.3
front3,15,6,0.43392380655528245,72,5,1,9,0.6666666666666666,0.06428571428571428
front3,15,6,0.5160821979043521,122,4,1,9,0.4444444444444444,0.14285714285714285
front3,0,6,0.4722895865506379,72,4,1,9,0.4444444444444444,0.225
front3,0,4,0.5191965750821984,72,5,1,9,0.5555555555555556,0.12162162162162163
front3,0,2,0.5204101850262175,69,4,1,9,0.4444444444444444,0.75
front3,15,13,0.35216177774001234,153,4,3,9,0.4444444444444444,0.47368421052631576
front3,15,1,0.49381512728992694,37,5,1,9,0.6666666666666666,0.14285714285714285
front3,16,1,0.566160274272336,64,4,1,9,0.4444444444444444,0.5625
front3,15,10,0.4416103831180311,96,2,2,9,0.5555555555555556,0.08108108108108109
front3,16,10,0.4795207353530161,21,2,2,9,0.3333333333333333,0.1956521739130435
front3,15,10,0.39551754081052587,20,2,2,9,0.5555555555555556,0.6
front3,18,10,0.5481818276576305,82,5,2,9,0.6666666666666666,0.5
front3,0,6,0.5294428574295978,19,5,1,9,0.4444444444444444,0.14516129032258066
front3,0,1,0.5145055372455177,39,5,1,9,0.7777777777777778,0.45
front3,15,2,0.49633795405313863,129,5,1,9,0.7777777777777778,0.17647058823529413
front3,15,1,0.5185324072876049,13,2,1,9,0.3333333333333333,0.2571428571428571
front3,15,11,0.4396691918758249,128,5,2,9,0.5555555555555556,0.09473684210526316
front3,15,1,0.6056894283528818,57,5,1,9,0.8888888888888888,0.5
front3,15,1,0.5137408115447026,70,3,1,9,0.7777777777777778,0.5294117647058824
front3,15,10,0.46934634449045165,106,2,2,9,0.6666666666666666,0.4090909090909091
front3,15,6,0.5433664300099544,21,4,1,9,0.3333333333333333,0.6428571428571429
front3,0,2,0.5247321544237246,133,2,1,9,0.4444444444444444,0.1323529411764706
front3,15,12,0.4691932228495334,11,2,3,9,0.3333333333333333,0.21951219512195122
front3,15,1,0.5805190802347046,11,4,1,9,0.5555555555555556,0.6
front3,15,12,0.5268179306375831,11,2,2,9,0.5555555555555556,0.21951219512195122
front3,15,13,0.3132865835415291,101,5,3,9,0.2222222222222222,0.10344827586206896
front3,15,6,0.5260515833329913,101,5,1,9,0.3333333333333333,0.10344827586206896
front3,15,11,0.49322503248386945,101,5,2,9,0.7777777777777778,0.10344827586206896
front3,16,1,0.5779128173369997,113,2,1,9,0.5555555555555556,0.6
front3,0,4,0.582227259041972,96,2,1,9,0.8888888888888888,0.09473684210526316
front3,15,5,0.4297660965831194,72,5,1,8,0.5,0.05714285714285714
front3,0,12,0.5322594155325555,49,5,2,8,0.375,0.4
front3,0,2,0.5660897933988167,131,5,1,8,0.5,0.36363636363636365
front3,0,1,0.47042478293253875,115,4,1,8,0.5,0.8
front3,18,2,0.4883464546189767,106,5,1,8,0.5,0.21621621621621623
front3,15,11,0.4101159210914999,136,2,3,8,0.375,0.035398230088495575
front3,15,6,0.4353706594980816,71,5,1,8,0.375,0.6153846153846154
front3,15,1,0.48599515784889075,99,4,1,8,0.625,0.5714285714285714
front3,15,1,0.4964543044990884,37,4,1,8,0.75,0.2857142857142857
front3,15,6,0.47302605571880735,128,5,1,8,0.25,0.08421052631578947
front3,15,10,0.3836857936208836,32,2,2,8,0.625,0.8888888888888888
front3,15,10,0.37037775615285573,32,5,2,8,0.375,0.7272727272727273
front3,15,12,0.46212609946811867,11,5,3,8,0.625,0.13333333333333333
front3,15,13,0.3342327156103116,101,2,3,8,0.125,0.11594202898550725
front3,0,13,0.29007005564182065,74,4,3,8,0.375,0.24242424242424243
front3,15,1,0.5997826833275233,153,4,1,8,0.5,0.42105263157894735
front3,0,1,0.5400929299041107,157,4,1,8,0.25,0.25806451612903225
front3,0,10,0.3520725283134124,94,4,2,8,0.5,0.7272727272727273
front3,15,10,0.49113062759078113,64,2,2,8,0.25,0.5333333333333333
front3,0,10,0.4655871426934788,122,5,2,8,0.25,0.3333333333333333
front3,15,1,0.4713577502167526,86,2,1,8,0.75,0.32
front3,0,10,0.4824476050974596,19,5,2,8,0.375,0.12903225806451613
front3,15,4,0.5577658757404459,96,2,1,8,0.875,0.07207207207207207
front3,15,13,0.2987621568201133,150,2,3,8,0.5,0.13333333333333333
front3,15,2,0.5265018177825426,96,2,1,8,0.25,0.07207207207207207
front3,17,10,0.4934128247835961,101,5,2,8,0.5,0.18181818181818182
front3,15,1,0.5946222905918029,148,2,1,8,0.375,0.42105263157894735
front3,15,5,0.47066803791473644,38,5,1,8,0.5,0.23529411764705882
front3,0,1,0.5133586604555228,158,2,1,8,0.5,0.47058823529411764
front3,0,7,0.5102947399073701,96,2,1,8,0.625,0.08421052631578947
front3,18,12,0.5763077629049547,82,5,2,8,0.625,0.4444444444444444
front3,16,1,0.5587668835669534,64,5,1,8,1.0,0.36363636363636365
front3,0,2,0.5143358593909169,70,3,1,8,0.625,0.1702127659574468
front3,15,10,0.3772334450646197,124,2,2,8,0.25,0.5714285714285714
front3,0,11,0.46802849689795867,70,2,2,8,0.625,0.07142857142857142
front3,15,1,0.5252128507952626,25,5,1,8,0.375,0.5
front3,17,10,0.5124383352725361,64,5,2,8,0.125,0.4
front3,0,6,0.4952017068910064,133,2,3,8,0.5,0.11764705882352941
front3,15,10,0.37655262692909375,89,3,3,8,0.375,0.7272727272727273
front3,15,13,0.25167735264091823,55,2,3,8,0.25,0.34782608695652173
front3,0,2,0.4781150547231792,70,4,1,8,0.0,0.1702127659574468
front3,15,1,0.5187416590375528,10,4,1,8,0.5,0.5333333333333333
front3,15,1,0.4872929821451371,3,1,1,8,0.5,0.6666666666666666
front3,16,7,0.4496424518161756,100,5,1,8,0.375,0.21621621621621623
front3,0,13,0.31619438658992066,97,5,1,8,0.125,0.26666666666666666
front3,15,1,0.5505490891268985,140,2,1,8,0.25,0.6153846153846154
front3,15,1,0.45084389132314334,115,4,1,8,0.625,0.3333333333333333
front3,15,10,0.3833591180976958,73,2,2,8,0.25,0.5
front3,0,1,0.5872415886510811,43,5,1,8,0.75,0.14545454545454545
front3,0,1,0.5943434371143627,59,5,1,8,0.625,0.6153846153846154
front3,0,12,0.4573841530968385,78,4,2,8,0.5,0.42105263157894735
front3,16,13,0.32190913905057494,76,5,1,8,0.25,0.24242424242424243
front3,15,2,0.5651333636662064,111,1,1,8,0.75,0.32
front3,17,1,0.5146846278435733,144,5,1,8,0.375,0.8888888888888888
front3,15,1,0.6096874959654361,41,2,1,8,0.75,0.6666666666666666
front3,0,10,0.4120709142922795,107,2,2,7,0.2857142857142857,0.35
front3,15,13,0.24349250337512288,72,5,3,7,0.2857142857142857,0.05
front3,15,1,0.5076113505209539,161,4,1,7,0.7142857142857143,0.875
front3,15,6,0.5237228116500157,136,2,3,7,0.7142857142857143,0.030973451327433628
front3,0,2,0.5638028640903923,74,5,1,7,0.42857142857142855,0.1794871794871795
front3,15,10,0.4254336070514379,56,5,2,7,0.14285714285714285,0.3888888888888889
front3,15,8,0.5364486597045277,37,5,4,7,0.5714285714285714,0.1111111111111111
front3,15,6,0.49141831431353905,132,5,1,7,0.5714285714285714,0.06862745098039216
front3,15,6,0.598469485130007,106,3,1,7,1.0,0.3684210526315789
front3,0,1,0.6394788577305931,30,5,1,7,0.42857142857142855,0.35
front3,16,5,0.5260143497371081,21,4,1,7,0.7142857142857143,0.0673076923076923
front3,0,6,0.5030762135258666,96,5,1,7,0.8571428571428571,0.041916167664670656
front3,15,10,0.3594436142986201,32,4,2,7,0.2857142857142857,0.7777777777777778
front3,15,11,0.44678321956788547,129,5,2,7,0.42857142857142855,0.13725490196078433
front3,15,12,0.5723626731751346,82,4,2,7,0.42857142857142855,0.2916666666666667
front3,15,7,0.4776266331688402,96,4,1,7,0.2857142857142857,0.06481481481481481
front3,15,10,0.48078260962069636,148,2,2,7,0.42857142857142855,0.3684210526315789
front3,16,1,0.48580685676685803,128,5,1,7,0.2857142857142857,0.6363636363636364
front3,0,2,0.49213868400882677,107,5,1,7,0.7142857142857143,0.3333333333333333
front3,15,13,0.3392351755209192,64,4,3,7,0.14285714285714285,0.1044776119402985
front3,0,2,0.5270733520286225,129,5,1,7,0.5714285714285714,0.1794871794871795
front3,15,10,0.40234586605179673,105,2,2,7,0.5714285714285714,0.5833333333333334
front3,15,1,0.6670970237247843,118,3,1,7,0.5714285714285714,0.7
front3,15,2,0.5566729250249703,11,5,1,7,0.5714285714285714,0.11666666666666667
front3,17,6,0.4440906013592999,92,4,1,7,0.14285714285714285,0.3181818181818182
front3,0,7,0.4994723448490023,70,2,1,7,0.5714285714285714,0.0625
front3,0,1,0.506139719897008,107,5,1,7,0.7142857142857143,0.3333333333333333
front3,16,1,0.5066816712693283,136,4,1,7,0.8571428571428571,0.4375
front3,15,1,0.5801942834318747,47,2,1,7,0.42857142857142855,0.5384615384615384
front3,15,13,0.3115413181239513,8,5,1,7,0.42857142857142855,0.16279069767441862
front3,0,11,0.4815325342948113,129,5,2,7,0.42857142857142855,0.1794871794871795
front3,15,4,0.55093044203794,96,4,1,7,0.5714285714285714,0.06481481481481481
front3,0,5,0.5350425026586962,128,5,1,7,0.42857142857142855,0.08536585365853659
front3,16,1,0.6244662196302823,57,2,1,7,0.5714285714285714,0.7
front3,18,6,0.4811969091841643,106,5,1,7,0.7142857142857143,0.1891891891891892
front3,17,10,0.3509246379310151,92,5,2,7,0.5714285714285714,0.2
front3,16,2,0.4778603152332611,136,5,1,7,0.2857142857142857,0.15217391304347827
front3,15,6,0.5141972972426052,122,4,3,7,0.7142857142857143,0.1111111111111111
front3,15,1,0.52951498072277,106,5,1,7,0.5714285714285714,0.10144927536231885
front3,15,13,0.2920851385609708,136,2,3,7,0.7142857142857143,0.030973451327433628
front3,16,1,0.5600039348710119,112,5,1,7,0.42857142857142855,0.4666666666666667
front3,15,10,0.37610204564428407,115,2,2,7,0.8571428571428571,0.14285714285714285
front3,15,11,0.4500250421467839,136,5,2,7,0.5714285714285714,0.029288702928870293
front3,0,2,0.4917341269195544,72,5,1,7,0.5714285714285714,0.0945945945945946
front3,0,6,0.4600172749020968,72,5,1,7,0.5714285714285714,0.0945945945945946
front3,15,1,0.5011564256733112,70,4,1,7,0.5714285714285714,0.4666666666666667
front3,0,5,0.5293194680232767,133,5,1,7,1.0,0.08333333333333333
front3,0,13,0.3069788473093022,133,5,3,7,0.2857142857142857,0.08333333333333333
front3,0,13,0.29428726147182865,45,4,3,7,0.14285714285714285,0.3684210526315789
front3,15,6,0.5714627116270532,31,4,1,7,0.42857142857142855,0.3888888888888889
front3,15,5,0.517986637983596,136,3,1,7,0.8571428571428571,0.14
front3,0,5,0.48733796024029624,3,5,1,7,0.42857142857142855,0.2916666666666667
front3,15,1,0.5391352289125919,69,2,1,7,0.2857142857142857,0.5
front3,0,1,0.6186261104986481,14,5,1,7,1.0,0.2
front3,0,1,0.5312769477492625,72,3,1,7,0.42857142857142855,0.4375
front3,0,11,0.4816022554369266,96,2,2,7,0.42857142857142855,0.07368421052631578
front3,17,1,0.46607254541699583,92,4,1,7,0.2857142857142857,0.3181818181818182
front3,15,3,0.4526888891865388,160,4,2,7,0.5714285714285714,0.4117647058823529
front3,0,1,0.4993170144116436,158,5,1,7,0.8571428571428571,0.2916666666666667
front3,0,10,0.3678594679348083,90,5,2,7,0.0,0.4375
front3,0,11,0.5083032889886647,19,5,2,7,0.5714285714285714,0.11290322580645161
front3,15,2,0.5038709910382315,13,2,1,7,0.5714285714285714,0.2
front3,15,13,0.2777187740398887,129,5,3,7,0.7142857142857143,0.13725490196078433
front3,0,6,0.5194068216484643,74,4,1,7,0.5714285714285714,0.21212121212121213
front3,17,5,0.5333401551986512,101,4,1,7,0.2857142857142857,0.3333333333333333
front3,15,1,0.4922142409316149,115,3,1,7,0.0,0.4666666666666667
front3,0,10,0.36250338404212873,94,2,2,7,0.14285714285714285,0.875
front3,0,1,0.613739081234895,44,5,1,7,1.0,0.30434782608695654
front3,0,2,0.48454562048911654,158,5,1,7,0.0,0.2916666666666667
front3,15,1,0.6075980204528627,80,3,1,6,0.6666666666666666,0.5454545454545454
front3,15,5,0.5482791869389767,149,4,1,6,0.3333333333333333,0.3333333333333333
front3,15,13,0.29023624946804116,144,5,3,6,0.3333333333333333,0.0410958904109589
front3,16,2,0.5414182885045679,148,4,1,6,0.6666666666666666,0.35294117647058826
front3,0,6,0.49195133272895675,157,5,1,6,0.5,0.16666666666666666
front3,0,12,0.43964657633236714,56,4,2,6,0.5,0.6666666666666666
front3,15,5,0.4218979358106239,73,5,1,6,0.5,0.24
front3,0,2,0.48788041798952186,72,4,1,6,0.16666666666666666,0.15
front3,15,12,0.4102668542209412,37,4,2,6,0.16666666666666666,0.21428571428571427
front3,15,1,0.5119377937623077,76,5,1,6,0.8333333333333334,0.35294117647058826
front3,15,10,0.468002072886243,85,5,2,6,0.5,0.23076923076923078
front3,15,11,0.4742366379612857,35,2,2,6,0.3333333333333333,0.5
front3,15,5,0.416607178549148,115,4,1,6,0.5,0.25
front3,16,2,0.5173448784361419,136,2,1,6,0.3333333333333333,0.20689655172413793
front3,15,1,0.4924530120817366,107,4,1,6,0.5,0.4
front3,15,10,0.3908685983295322,1,5,2,6,0.3333333333333333,0.4
front3,16,1,0.5054157544598604,107,3,1,6,0.6666666666666666,0.6666666666666666
front3,15,1,0.5367566221026709,129,4,1,6,0.5,0.35294117647058826
front3,15,12,0.40737900068649735,156,2,2,6,0.0,0.1875
front3,17,1,0.45516486736581346,107,5,1,6,0.6666666666666666,0.75
front3,0,2,0.524063976919461,157,4,1,6,0.6666666666666666,0.1935483870967742
front3,0,2,0.5251671725417199,157,5,1,6,0.8333333333333334,0.16666666666666666
front3,15,7,0.5090751396893791,136,3,1,6,0.8333333333333334,0.12
front3,15,6,0.49882317960199507,136,4,1,6,0.6666666666666666,0.07407407407407407
front3,0,6,0.5155040724503807,70,2,1,6,0.5,0.05357142857142857
front3,15,6,0.4798554298486334,138,4,1,6,0.5,0.5454545454545454
front3,17,6,0.5525526524487882,21,4,1,6,1.0,0.6
front3,0,6,0.592665111247355,135,5,1,6,0.6666666666666666,0.6
front3,18,10,0.46136513532795376,106,5,2,6,0.3333333333333333,0.16216216216216217
front3,0,1,0.5163365631874768,54,4,1,6,0.8333333333333334,0.6
front3,15,13,0.2963834012526583,150,3,3,6,0.3333333333333333,0.15
front3,16,5,0.4581846397320495,69,5,1,6,0.16666666666666666,0.2
front3,0,13,0.3245816767477465,129,4,1,6,0.3333333333333333,0.16216216216216217
front3,15,10,0.531122327579415,118,5,2,6,0.5,0.2608695652173913
front3,17,1,0.6125311922155264,64,3,1,6,0.6666666666666666,0.6
front3,15,5,0.5082280468520941,122,4,1,6,0.5,0.09523809523809523
front3,15,11,0.42394244668449327,72,2,2,6,0.5,0.13333333333333333
front3,15,10,0.4050031798772759,72,2,2,6,0.3333333333333333,0.13333333333333333
front3,15,1,0.4977672135233783,141,2,1,6,0.3333333333333333,0.5454545454545454
front3,15,3,0.6581735192818544,82,4,3,6,0.8333333333333334,0.25
front3,15,10,0.37207088521288956,75,3,2,6,0.3333333333333333,0.6
front3,15,9,0.6172647709600239,82,2,2,6,0.3333333333333333,0.13333333333333333
front3,15,13,0.3689412140827348,153,2,3,6,0.16666666666666666,0.24
front3,16,1,0.44614484423826306,158,5,1,6,0.5,0.5454545454545454
front3,15,13,0.2897974990229006,159,5,3,6,0.0,0.42857142857142855
front3,15,12,0.38241850902456226,139,5,2,6,0.3333333333333333,0.5454545454545454
front3,0,2,0.5450826575274025,74,4,1,6,1.0,0.18181818181818182
front3,16,5,0.6038314459029622,57,3,1,6,0.5,0.42857142857142855
front3,0,10,0.47535528394970183,45,5,2,6,0.8333333333333334,0.4
front3,15,5,0.5551334829082587,111,1,1,6,0.6666666666666666,0.24
front3,15,10,0.36983271404039453,98,5,2,6,0.3333333333333333,0.42857142857142855
front3,16,7,0.4992399867525131,21,5,1,6,0.6666666666666666,0.047244094488188976
front3,15,12,0.4532226862707122,56,5,2,6,0.3333333333333333,0.3333333333333333
front3,15,6,0.5545572901237021,36,5,1,6,0.6666666666666666,0.3333333333333333
front3,0,2,0.4784959944476705,3,5,1,6,0.3333333333333333,0.25
front3,15,1,0.4997709131692344,73,2,1,6,0.6666666666666666,0.375
front3,0,10,0.4489469453626975,78,5,2,6,0.3333333333333333,0.2608695652173913
front3,15,12,0.3443272514765253,164,5,2,6,0.0,0.75
front3,0,5,0.6077889251209754,44,5,1,6,0.6666666666666666,0.2608695652173913
front3,15,1,0.4772654973118547,124,2,1,6,0.5,0.42857142857142855
front3,0,12,0.5525261320483909,51,5,2,6,0.8333333333333334,0.3333333333333333
front3,15,10,0.34399581803526347,160,5,2,6,0.16666666666666666,0.46153846153846156
front3,0,11,0.5033346983509804,74,5,2,6,0.6666666666666666,0.15384615384615385
front3,15,1,0.5045585954602178,69,5,1,6,0.8333333333333334,0.42857142857142855
front3,0,6,0.5365459221525843,19,4,1,6,0.8333333333333334,0.1875
front3,0,10,0.41153349361833297,72,5,2,6,0.3333333333333333,0.08108108108108109
front3,15,7,0.4476014874064911,126,3,1,6,0.6666666666666666,0.35294117647058826
front3,15,13,0.31058443718046636,81,4,1,6,0.3333333333333333,0.375
front3,15,2,0.4725781676052157,81,5,1,6,0.6666666666666666,0.21428571428571427
front3,16,11,0.501092830730841,21,2,2,6,0.5,0.13043478260869565
front3,17,1,0.5247103232272625,157,4,1,6,0.6666666666666666,1.0
front3,15,10,0.441567720626869,132,5,2,6,0.6666666666666666,0.058823529411764705
front3,17,1,0.5350381797094957,62,2,1,6,0.5,0.42857142857142855
front3,15,10,0.47167163371065673,50,2,2,6,0.5,0.4
front3,16,1,0.6309201541468477,57,3,1,6,0.6666666666666666,0.42857142857142855
front3,0,4,0.5815279477321729,19,5,1,6,0.8333333333333334,0.0967741935483871
front3,0,1,0.4536336294201857,90,5,1,6,0.5,0.375
front3,16,13,0.3420459834918543,21,4,1,6,0.5,0.057692307692307696
front3,18,1,0.6163450685930716,21,2,1,6,0.5,0.75
front3,16,13,0.31257617322984454,21,5,3,6,0.16666666666666666,0.047244094488188976
front3,15,1,0.6016224497108317,31,4,1,6,0.6666666666666666,0.3333333333333333
front3,15,10,0.4516699422149659,111,5,2,6,0.5,0.06896551724137931
front3,15,13,0.29523254928686365,132,5,3,6,0.3333333333333333,0.058823529411764705
front3,0,7,0.47182383562964025,133,2,3,6,0.16666666666666666,0.08823529411764706
front3,15,11,0.502562948637401,21,2,2,6,0.5,0.46153846153846156
front3,16,5,0.5793410525087879,57,4,1,6,0.16666666666666666,0.6666666666666666
front3,0,1,0.60859667400941,59,2,1,6,0.3333333333333333,0.35294117647058826
front3,15,6,0.3656302064627711,108,4,1,6,0.16666666666666666,0.6
front3,0,2,0.5307811533143535,97,5,1,6,0.3333333333333333,0.2
front3,15,6,0.5526411135304555,53,4,2,6,0.3333333333333333,0.42857142857142855
front3,16,1,0.44155475941584155,92,4,1,6,1.0,0.46153846153846156
front3,0,2,0.5750663678818264,43,5,1,6,0.5,0.10909090909090909
front3,15,1,0.46770761949223205,4,3,1,6,0.5,0.42857142857142855
front3,15,10,0.3498541380051594,115,5,2,6,0.3333333333333333,0.15384615384615385
front3,0,1,0.49512088765605733,70,5,1,6,0.16666666666666666,0.16666666666666666
front3,0,13,0.29246114387839756,70,2,3,6,0.0,0.05357142857142857
front3,0,11,0.46580261091021047,97,5,2,6,0.6666666666666666,0.2
front3,0,13,0.3091520362048639,136,5,3,6,0.16666666666666666,0.07142857142857142
front3,15,13,0.3592114653962655,153,3,3,6,0.5,0.12
front3,0,11,0.421389264396571,72,2,2,6,0.5,0.23076923076923078
front3,15,1,0.5172923323412196,117,5,1,6,0.5,0.375
front3,15,10,0.42979302758997256,25,5,2,6,0.6666666666666666,0.375
front3,15,1,0.5535566274662859,10,3,1,5,0.4,0.625
front3,0,6,0.5247596361995088,136,2,1,5,0.8,0.04
front3,15,6,0.4899122493703672,117,5,1,5,0.2,0.3125
front3,15,1,0.5488186410034794,25,4,1,5,0.8,0.45454545454545453
front3,0,1,0.5775784714844517,136,3,1,5,0.4,0.3125
front3,0,13,0.2776855642358768,96,4,3,5,0.0,0.0641025641025641
front3,0,2,0.5557260796745069,96,2,1,5,0.4,0.05263157894736842
front3,15,11,0.42259720720038285,70,2,2,5,0.6,0.06097560975609756
front3,0,1,0.5237483234393822,72,2,1,5,0.4,0.19230769230769232
front3,18,6,0.5015242765331236,106,5,3,5,0.2,0.13513513513513514
front3,0,6,0.49096744828702366,97,5,1,5,0.4,0.16666666666666666
front3,15,1,0.4897107771839846,3,4,1,5,0.4,0.45454545454545453
front3,16,1,0.48442926602579534,38,5,1,5,0.4,0.7142857142857143
front3,0,13,0.3064777003082584,43,4,3,5,0.2,0.2777777777777778
front3,0,1,0.5759003269006381,43,4,1,5,1.0,0.2777777777777778
front3,0,10,0.5005761171960025,43,5,2,5,0.4,0.09090909090909091
front3,15,5,0.39976665118432986,115,5,1,5,0.4,0.1282051282051282
front3,15,2,0.4822319076718772,37,4,1,5,0.2,0.17857142857142858
front3,15,13,0.32343990116170207,136,2,1,5,0.6,0.022123893805309734
front3,15,13,0.28369394746011073,136,5,3,5,0.4,0.02092050209205021
front3,15,10,0.4321541226520242,136,3,2,5,0.4,0.1
front3,0,11,0.49467975526519886,88,5,2,5,0.6,0.2777777777777778
front3,15,1,0.4640490411380611,147,2,1,5,0.4,0.35714285714285715
front3,15,10,0.3885248341279844,5,2,1,5,0.2,0.5555555555555556
front3,15,1,0.5895910582323315,12,5,1,5,0.6,0.625
front3,0,1,0.46802341002664793,90,2,1,5,0.8,0.5555555555555556
front3,15,7,0.581873300339094,153,3,1,5,0.4,0.1
front3,15,11,0.4921985573671284,106,2,2,5,0.6,0.22727272727272727
front3,0,13,0.37213503519117014,7,2,1,5,0.4,0.22727272727272727
front3,0,1,0.5456493702699363,7,2,1,5,0.6,0.22727272727272727
front3,15,1,0.5767756274911768,50,2,1,5,0.6,0.3333333333333333
front3,16,6,0.5399758562782039,21,5,3,5,0.4,0.03937007874015748
front3,15,11,0.46036205601934416,54,5,2,5,0.6,0.38461538461538464
front3,17,1,0.5828861532967051,157,2,1,5,0.6,0.35714285714285715
front3,15,5,0.5107579575247184,111,4,1,5,0.4,0.20833333333333334
front3,15,11,0.46500883989326053,132,5,2,5,0.2,0.049019607843137254
front3,16,1,0.3750075955673198,154,5,1,5,0.0,0.8333333333333334
front3,0,1,0.5838991468221173,21,5,1,5,0.8,0.38461538461538464
front3,16,5,0.49883845756504586,21,5,1,5,0.6,0.03937007874015748
front3,0,10,0.4718401767558957,45,2,2,5,0.4,0.625
front3,15,5,0.497948514782508,144,5,1,5,0.6,0.03424657534246575
front3,15,1,0.5875800495117783,21,2,1,5,0.4,0.38461538461538464
front3,15,13,0.32523160940450285,136,4,1,5,0.4,0.06172839506172839
front3,16,1,0.5207456366632647,69,2,1,5,0.6,0.4166666666666667
front3,15,1,0.5373205352008288,6,2,1,5,1.0,0.3333333333333333
front3,15,2,0.5131507560234855,111,5,1,5,0.2,0.05747126436781609
front3,15,1,0.4677672539963561,98,4,1,5,0.2,0.625
front3,15,2,0.48800661268941514,81,4,1,5,0.6,0.3125
front3,0,1,0.4913415976509727,3,5,1,5,0.8,0.20833333333333334
front3,0,11,0.47781689526800947,122,5,2,5,0.2,0.20833333333333334
front3,0,10,0.563784793582496,30,5,2,5,0.4,0.25
front3,15,6,0.5100377403179264,104,5,3,5,0.4,0.3333333333333333
front3,15,5,0.47686319660063975,132,4,3,5,0.2,0.06493506493506493
front3,15,1,0.5018525437517106,104,5,1,5,0.2,0.3333333333333333
front3,15,13,0.3680459813984714,64,5,1,5,0.4,0.038461538461538464
front3,0,11,0.4366889186106485,72,5,2,5,0.4,0.06756756756756757
front3,0,7,0.4496142293339415,72,5,1,5,0.2,0.06756756756756757
front3,15,7,0.42248776188813286,72,5,1,5,0.6,0.03571428571428571
front3,15,1,0.5536703255423044,129,2,1,5,0.6,0.20833333333333334
front3,16,11,0.481396659785272,21,5,2,5,0.6,0.03937007874015748
front3,15,5,0.48286620905796745,96,5,1,5,0.4,0.016339869281045753
front3,0,1,0.5786169948110426,74,2,1,5,0.8,0.29411764705882354
front3,0,13,0.31879026595678817,74,4,1,5,0.0,0.15151515151515152
front3,0,1,0.6026219317356482,22,4,1,5,0.6,0.4166666666666667
front3,0,1,0.611998376636159,22,5,1,5,0.8,0.3125
front3,15,10,0.375604081990275,126,2,2,5,0.4,0.625
front3,0,12,0.4121939378760232,139,4,2,5,0.2,0.5555555555555556
front3,15,10,0.3758455455215842,96,5,3,5,0.0,0.016339869281045753
front3,0,12,0.4118483664620921,139,5,2,5,0.2,0.38461538461538464
front3,0,1,0.6469792168121395,57,5,1,5,0.4,0.45454545454545453
front3,16,1,0.5308814301471381,150,2,1,5,0.2,0.5
front3,17,2,0.5475568463400304,101,4,1,5,0.6,0.23809523809523808
front3,15,1,0.5635299868945662,132,3,1,5,0.4,0.625
front3,15,1,0.43485993196713624,83,5,1,5,0.6,0.5555555555555556
front3,15,8,0.39145711360603835,132,4,1,5,0.4,0.06493506493506493
front3,15,10,0.3871807355254445,96,2,3,5,0.0,0.04504504504504504
front3,15,4,0.533930392213795,13,2,1,5,0.6,0.14285714285714285
front3,15,2,0.5381637427110385,129,2,1,5,0.6,0.20833333333333334
front3,15,13,0.2907929287901543,96,2,3,5,0.2,0.04504504504504504
front3,15,12,0.5029304432711064,49,5,2,5,0.2,0.625
front3,0,2,0.56496053579339,74,2,1,5,0.6,0.29411764705882354
front3,0,13,0.29381650336678883,96,5,3,5,0.4,0.029940119760479042
front3,15,12,0.4679266995737123,155,4,2,5,0.6,0.45454545454545453
front3,16,13,0.3205727371206196,21,4,3,5,0.4,0.04807692307692308
front3,0,1,0.5543560345864882,35,2,1,5,0.6,0.20833333333333334
front3,15,11,0.5152578586473363,153,5,2,5,0.4,0.06493506493506493
front3,15,5,0.4000299964929599,86,5,1,5,0.6,0.20833333333333334
front3,15,10,0.4580116326163248,148,5,2,5,0.4,0.3333333333333333
front3,15,1,0.5525350619242516,148,5,1,5,0.6,0.3333333333333333
front3,0,10,0.4538700496667285,157,5,2,5,0.4,0.1388888888888889
front3,0,11,0.4686295201868353,157,5,2,5,0.4,0.1388888888888889
front3,0,2,0.5076980346691281,107,2,1,5,0.4,0.25
front3,15,1,0.45016393354457945,29,4,1,5,0.6,0.5
front3,16,1,0.552580073615967,148,4,1,5,0.8,0.29411764705882354
front3,15,1,0.4813580029153597,156,2,1,5,0.8,0.15625
front3,15,10,0.38787612830703183,156,5,2,5,0.6,0.4166666666666667
front3,15,1,0.521553758687805,46,3,1,5,0.4,0.5
front3,16,1,0.4490634570669165,107,5,1,5,0.4,0.8333333333333334
front3,15,10,0.394271771102661,107,5,2,5,0.2,0.45454545454545453
front3,15,1,0.5464217280761464,21,5,1,5,0.6,0.2777777777777778
front3,15,5,0.45088604871004623,72,4,1,5,0.4,0.07042253521126761
front3,15,6,0.5077925328225226,129,4,1,5,0.4,0.29411764705882354
front3,15,2,0.47127506215579706,72,4,1,5,0.4,0.07042253521126761
front3,15,4,0.5711642568069507,96,3,1,5,0.6,0.09803921568627451
front3,16,10,0.4855709106635956,64,5,2,5,0.8,0.22727272727272727
front3,15,10,0.37745721817211764,105,5,2,5,0.2,0.4166666666666667
front3,15,10,0.3644160294263126,146,3,2,5,0.4,1.0
front3,15,10,0.3592452910781564,146,5,2,5,0.4,0.625
front3,0,2,0.6704572443402235,23,5,1,5,0.6,0.5
front3,0,5,0.5332927502376695,70,2,1,5,0.6,0.044642857142857144
front3,15,2,0.5490236569335737,144,4,1,5,0.6,0.08196721311475409
front3,15,1,0.634341255029411,118,4,1,5,0.8,0.5
front3,15,6,0.47710261195078957,126,3,1,5,0.6,0.29411764705882354
front3,15,6,0.5277461631583019,138,3,1,5,0.6,0.29411764705882354
front3,15,2,0.48703456993218586,157,5,1,5,0.2,0.14285714285714285
front3,16,1,0.5100018055749308,96,4,1,5,0.6,0.45454545454545453
front3,15,8,0.44810178403910694,11,2,3,5,0.2,0.12195121951219512
front3,15,1,0.44959662718965987,143,3,1,5,0.0,1.0
front3,15,1,0.5533388817322781,68,5,1,5,0.8,0.4166666666666667
front3,16,6,0.41987319120765143,92,4,1,5,0.2,0.38461538461538464
front3,0,12,0.49715890649670974,155,4,2,5,0.2,0.38461538461538464
front3,15,13,0.32206617353790556,106,5,1,5,0.4,0.07246376811594203
front3,15,10,0.4394082679902871,106,5,2,5,0.6,0.07246376811594203
front3,15,6,0.520817936961004,106,4,1,5,0.4,0.2777777777777778
front3,15,10,0.4186547567107415,93,5,2,5,0.8,0.2777777777777778
front3,15,10,0.4249180746698366,122,5,2,5,0.0,0.12195121951219512
front3,15,6,0.4701890047697888,72,5,3,5,0.6,0.03571428571428571
front3,15,5,0.4534046708591913,81,5,1,5,0.0,0.17857142857142858
front3,0,1,0.578840766399103,131,5,1,5,0.6,0.22727272727272727
front3,0,2,0.5681504127755956,128,3,1,5,0.4,0.22727272727272727
front3,17,1,0.42923327957447016,28,5,1,5,0.4,0.5555555555555556
front3,15,4,0.5619808859106966,96,2,4,5,1.0,0.04504504504504504
front3,15,3,0.6079829841145789,116,3,3,5,0.8,0.38461538461538464
front3,15,10,0.486895194970092,116,5,2,5,0.2,0.8333333333333334
front3,15,10,0.4903873290022623,112,5,2,5,0.6,0.14285714285714285
front3,15,7,0.515201842812343,76,2,1,5,0.6,0.7142857142857143
front3,16,5,0.45923797913761255,136,5,1,5,0.4,0.10869565217391304
front3,15,2,0.4876130523271999,72,2,1,5,0.8,0.1111111111111111
front3,15,4,0.5185487311375516,72,2,1,5,0.4,0.1111111111111111
front3,0,1,0.4691661586490142,115,5,1,5,0.4,0.20833333333333334
front3,15,11,0.4532994819295573,122,5,2,5,0.0,0.12195121951219512
front3,0,1,0.4985522758377283,115,3,1,5,0.6,0.8333333333333334
front3,16,1,0.4507647110226368,95,4,1,5,0.6,0.7142857142857143
front3,15,6,0.4503941213418555,55,2,3,4,0.25,0.17391304347826086
front3,15,9,0.4503992554817565,152,4,2,4,0.75,0.5
front3,15,1,0.4696012532302469,55,2,1,4,0.25,0.17391304347826086
front3,0,10,0.39493129595091087,115,5,2,4,0.0,0.16666666666666666
front3,16,13,0.3413878306504994,64,5,3,4,0.75,0.18181818181818182
front3,0,10,0.3998108243760151,72,2,2,4,0.25,0.15384615384615385
front3,0,2,0.47354356825078636,115,2,1,4,0.25,0.23529411764705882
front3,15,11,0.49662526227977577,144,2,2,4,0.75,0.15384615384615385
front3,0,13,0.28724334019236364,72,4,1,4,0.0,0.1
front3,0,13,0.24262605504723173,70,4,3,4,0.5,0.0851063829787234
front3,15,13,0.33866295891938525,47,2,3,4,0.25,0.3076923076923077
front3,15,12,0.4792219980724382,155,3,2,4,0.25,0.6666666666666666
front3,15,10,0.3617214991640447,105,4,2,4,0.75,0.6666666666666666
front3,15,13,0.28916116899077504,138,2,3,4,0.0,0.14814814814814814
front3,16,1,0.49325699789100597,89,4,1,4,0.5,0.5714285714285714
front3,15,6,0.5387328502045801,35,2,1,4,0.5,0.3333333333333333
front3,17,1,0.49070353024491853,72,4,1,4,0.75,0.8
front3,15,10,0.4016180752065141,123,5,2,4,0.25,0.36363636363636365
front3,15,10,0.5454531519997823,12,2,2,4,0.5,0.16666666666666666
front3,15,1,0.6303294984653949,12,3,1,4,0.75,0.6666666666666666
front3,15,1,0.6158820625290072,41,3,1,4,0.25,1.0
front3,15,13,0.33209608490422043,136,3,1,4,0.5,0.08
front3,15,5,0.43838790725879667,86,2,1,4,0.25,0.16
front3,15,12,0.4228874756496576,127,5,2,4,0.5,0.5714285714285714
front3,15,1,0.5305285116752049,34,3,1,4,0.75,0.4444444444444444
front3,15,1,0.4646714673937076,1,5,1,4,0.5,0.26666666666666666
front3,16,6,0.4997481842839849,136,5,3,4,0.25,0.08695652173913043
front3,15,3,0.5651198766296949,136,3,3,4,0.75,0.08
front3,15,13,0.25363338909891875,2,4,3,4,0.0,0.5
front3,18,1,0.5368550643000436,106,4,1,4,0.5,0.2857142857142857
front3,15,1,0.47412168572061225,102,5,1,4,0.5,0.23529411764705882
front3,15,6,0.4625521419261856,107,4,1,4,0.75,0.26666666666666666
front3,15,1,0.5401959329291401,104,2,1,4,0.25,0.5
front3,16,6,0.47076191090603986,76,5,1,4,0.75,0.12121212121212122
front3,15,13,0.24433174432756852,18,5,1,4,0.0,0.4444444444444444
front3,0,5,0.5763452323667804,128,3,1,4,0.5,0.18181818181818182
front3,0,5,0.5533051231445051,128,4,1,4,0.75,0.18181818181818182
front3,16,10,0.4176510310533151,76,5,2,4,0.25,0.12121212121212122
front3,15,1,0.5097877275318503,159,5,1,4,0.25,0.2857142857142857
front3,15,6,0.5078817269645837,159,4,3,4,0.5,0.26666666666666666
front3,0,11,0.4737841597155454,43,5,3,4,0.5,0.07272727272727272
front3,0,13,0.3049105670519017,128,2,3,4,0.25,0.125
front3,15,5,0.4826740259038932,140,5,1,4,0.0,0.09090909090909091
front3,0,7,0.4801939577346579,157,4,1,4,0.25,0.12903225806451613
front3,15,11,0.48868728292556063,148,5,2,4,0.5,0.26666666666666666
front3,16,1,0.5848576976817543,148,3,1,4,0.75,0.6666666666666666
front3,15,7,0.515315051056443,129,3,1,4,0.75,0.19047619047619047
front3,16,10,0.48747665022756637,153,5,2,4,0.0,0.3076923076923077
front3,15,2,0.5145959381863169,138,2,1,4,0.25,0.14814814814814814
front3,15,4,0.6350430887149743,153,5,4,4,0.5,0.05194805194805195
front3,15,11,0.5159780038005969,148,2,2,4,0.25,0.21052631578947367
front3,0,13,0.2868961543617107,129,4,3,4,0.25,0.10810810810810811
front3,0,4,0.5654278378340981,35,2,1,4,0.75,0.16666666666666666
front3,16,5,0.4708013837163445,109,5,1,4,0.5,0.18181818181818182
front3,15,5,0.5306686414748129,101,4,1,4,0.0,0.10256410256410256
front3,15,9,0.44767414797975724,165,4,3,4,0.75,1.0
front3,0,1,0.5220666098076796,107,2,1,4,0.25,0.2
front3,0,10,0.4242535896739864,107,5,2,4,0.25,0.19047619047619047
front3,15,1,0.5259652779511388,107,3,1,4,0.75,0.5714285714285714
front3,0,1,0.5556779946824428,122,5,1,4,0.5,0.16666666666666666
front3,15,6,0.5298926943734686,136,2,1,4,0.75,0.017699115044247787
front3,15,7,0.4681038454106104,136,5,1,4,0.25,0.016736401673640166
front3,0,4,0.5604445629855332,122,2,1,4,0.0,0.23529411764705882
front3,15,12,0.5980863277250844,155,5,5,4,0.75,0.0625
front3,15,3,0.5484036871500879,136,2,3,4,0.5,0.017699115044247787
front3,16,1,0.579616233618914,64,2,1,4,0.25,0.5714285714285714
front3,15,12,0.41369952189292963,102,4,2,4,0.25,0.6666666666666666
front3,15,10,0.5163712712332583,112,2,2,4,0.25,0.12903225806451613
front3,16,5,0.6011344047517179,57,1,1,4,0.5,0.6666666666666666
front3,15,10,0.4544974511645648,21,5,2,4,0.5,0.2222222222222222
front3,16,1,0.5267188518500859,138,3,1,4,0.25,0.6666666666666666
front3,0,11,0.4863022450400065,129,2,2,4,0.25,0.17391304347826086
front3,0,7,0.5089758826612105,35,3,1,4,0.25,0.5
front3,16,13,0.3473777428035978,21,1,1,4,0.25,0.15384615384615385
front3,0,3,0.5900524397898672,96,2,1,4,1.0,0.042105263157894736
front3,0,1,0.5778516765769399,74,5,1,4,0.75,0.10256410256410256
front3,0,1,0.5603930556620423,74,4,1,4,0.25,0.12121212121212122
front3,0,6,0.5266774983699712,74,5,1,4,0.25,0.10256410256410256
front3,0,2,0.5752616994480475,19,2,1,4,0.5,0.19047619047619047
front3,17,1,0.55051359682076,84,5,1,4,0.75,0.8
front3,15,1,0.493061580775593,121,4,1,4,1.0,0.5714285714285714
front3,15,3,0.5763072314203036,52,5,2,4,0.25,0.2
front3,0,13,0.3536826902710458,39,5,1,4,0.5,0.2
front3,0,7,0.4965832439947238,96,5,1,4,0.5,0.023952095808383235
front3,15,2,0.5300896494438548,50,5,1,4,0.5,0.2222222222222222
front3,0,1,0.491446386392252,65,5,1,4,0.25,0.36363636363636365
front3,15,13,0.34339909232793703,111,5,1,4,0.25,0.04597701149425287
front3,15,7,0.48717354485476566,111,5,1,4,0.5,0.04597701149425287
front3,15,2,0.5499444315461078,101,4,1,4,0.5,0.10256410256410256
front3,15,1,0.5014128558814133,81,4,1,4,0.5,0.25
front3,15,13,0.2972033928505765,159,4,3,4,0.75,0.26666666666666666
front3,15,13,0.38276083903620056,112,2,1,4,0.0,0.12903225806451613
front3,15,6,0.5510097647273402,50,5,3,4,0.5,0.2222222222222222
front3,15,10,0.4082201240617252,46,3,2,4,0.25,0.4
front3,15,1,0.4806829772170312,46,4,1,4,1.0,0.6666666666666666
front3,15,1,0.47096088667678315,107,5,1,4,0.25,0.36363636363636365
front3,15,1,0.5315512357814579,54,5,1,4,0.25,0.3076923076923077
front3,15,6,0.5255277958676057,96,2,1,4,0.75,0.036036036036036036
front3,15,10,0.41788917577899487,138,2,2,4,0.75,0.14814814814814814
front3,15,10,0.40619700303148204,69,5,2,4,0.0,0.2857142857142857
front3,0,2,0.5893543992378355,22,4,1,4,0.25,0.3333333333333333
front3,0,1,0.5602852937961323,19,4,1,4,0.75,0.125
front3,15,11,0.4476971141892271,109,5,2,4,0.25,0.36363636363636365
front3,15,1,0.5138897557629547,109,5,1,4,0.25,0.36363636363636365
front3,15,13,0.39458521947818015,118,2,3,4,0.75,0.5
front3,15,13,0.2878227403116069,157,2,3,4,0.75,0.3333333333333333
front3,0,10,0.527362395977296,22,5,2,4,1.0,0.25
front3,15,1,0.5802147967043925,149,4,1,4,0.5,0.2222222222222222
front3,15,1,0.6126286310267186,149,3,1,4,0.75,0.8
front3,15,2,0.5294397579963575,106,4,1,4,0.25,0.2222222222222222
front3,18,1,0.49378965033649286,106,5,1,4,0.75,0.10810810810810811
front3,15,6,0.5668941962569363,50,2,2,4,1.0,0.26666666666666666
front3,16,1,0.5231578644605631,50,4,1,4,0.0,0.5714285714285714
front3,16,1,0.5200182434584258,142,5,1,4,0.5,0.6666666666666666
front3,0,13,0.30440410915307625,129,5,3,4,0.0,0.10256410256410256
front3,15,10,0.45581363165725397,11,2,3,4,0.75,0.0975609756097561
front3,15,10,0.4445647237356783,11,5,3,4,0.75,0.06666666666666667
front3,0,5,0.5217405681848448,70,3,1,4,0.75,0.0851063829787234
front3,15,1,0.42229533509914075,130,5,1,4,0.0,0.36363636363636365
front3,15,1,0.5556034392192979,52,5,1,4,1.0,0.2
front3,15,1,0.6036156781091486,101,3,1,4,0.75,0.08163265306122448
front3,15,6,0.3903901361841524,61,5,1,4,0.5,0.3333333333333333
front3,15,2,0.5966251967303663,11,2,1,4,0.75,0.0975609756097561
front3,15,1,0.5347381489251697,136,1,1,4,0.75,0.3076923076923077
front3,0,1,0.5657141603058852,45,5,1,4,0.75,0.26666666666666666
front3,0,2,0.49348596522535615,3,2,1,4,0.75,0.4444444444444444
front3,0,5,0.5310695585977975,133,2,1,4,0.5,0.058823529411764705
front3,0,6,0.495058431408528,3,5,3,4,0.5,0.16666666666666666
front3,16,1,0.4942552940136152,110,3,1,4,0.0,0.6666666666666666
front3,16,5,0.5325411727175196,21,1,1,4,0.75,0.15384615384615385
front3,15,13,0.35826766468687243,101,4,1,4,0.0,0.10256410256410256
front3,17,1,0.5563081358616946,101,4,1,4,0.5,0.19047619047619047
front3,15,1,0.512347801530949,29,5,1,4,0.0,0.6666666666666666
front3,15,1,0.553508414136947,140,3,1,4,1.0,0.6666666666666666
front3,15,10,0.42632092301308494,140,5,2,4,0.75,0.09090909090909091
front3,15,6,0.47033671422677037,157,5,1,4,0.0,0.11428571428571428
front3,16,1,0.5491044550613041,101,4,1,4,0.75,0.23529411764705882
front3,18,5,0.48794089412740366,106,4,3,4,0.5,0.2857142857142857
front3,18,10,0.36756815371733886,114,5,2,4,0.25,0.8
front3,15,3,0.6754756485259891,82,2,3,4,0.0,0.08888888888888889
front3,16,10,0.3422499725874385,146,4,2,4,0.25,1.0
front3,0,10,0.37926171258400704,94,5,2,4,0.5,0.5
front3,18,6,0.5401849201542273,21,4,1,4,0.5,0.6666666666666666
front3,15,1,0.4828576786436969,79,2,1,4,0.25,0.3333333333333333
front3,16,10,0.3434167836680566,114,4,2,4,1.0,0.8
front3,15,11,0.5217314243102318,36,5,2,4,1.0,0.2222222222222222
front3,15,2,0.4981661960132306,70,3,1,4,0.5,0.23529411764705882
front3,0,1,0.5598170677561858,26,2,1,4,0.25,0.4444444444444444
front3,15,5,0.48763287415507744,132,5,1,4,0.0,0.0392156862745098
front3,17,11,0.49715914294657054,101,5,2,4,0.75,0.09090909090909091
front3,17,1,0.499402926976315,13,4,1,4,0.5,0.8
front3,0,2,0.5355199767814729,7,2,1,4,0.5,0.18181818181818182
front3,0,10,0.45841187553742285,7,2,2,4,0.5,0.18181818181818182
front3,15,1,0.5430296158670203,50,5,1,4,0.0,0.2222222222222222
front3,0,13,0.26559608125655587,62,5,3,4,0.5,0.3333333333333333
front3,15,1,0.6211752544469593,11,3,1,4,0.75,0.5
front3,15,1,0.5956895184421148,113,2,1,4,0.5,0.6666666666666666
front3,15,10,0.5397104004340112,82,4,2,4,0.75,0.16666666666666666
front3,15,1,0.428852586910115,160,4,1,4,0.0,0.23529411764705882
front3,15,1,0.45100085375418214,143,2,1,4,0.0,0.5
front3,15,2,0.5559163458192158,64,5,1,4,0.25,0.03076923076923077
front3,15,1,0.5728767131087246,155,2,1,4,0.5,0.06451612903225806
front3,15,10,0.44681739774087037,155,4,2,4,0.25,0.36363636363636365
front3,15,10,0.38411329233126956,75,2,2,4,0.5,0.5
front3,0,6,0.5878393583487466,23,4,1,4,0.5,0.3076923076923077
front3,0,1,0.6169860023987925,23,2,1,4,0.5,0.4
front3,15,5,0.5656345503259733,64,4,1,4,0.75,0.05970149253731343
front3,15,3,0.6869675747331869,82,5,3,4,0.5,0.07017543859649122
front3,15,10,0.3317351465062396,160,4,2,4,0.75,0.23529411764705882
front3,15,10,0.35315577172468754,146,4,2,4,0.25,0.6666666666666666
front3,15,10,0.3845389397364902,79,2,2,4,0.25,0.3333333333333333
front3,15,1,0.5831427873898016,144,3,1,4,0.75,0.4444444444444444
front3,15,10,0.4700767460254674,31,4,2,4,0.25,0.2222222222222222
front3,15,5,0.460627249722017,37,5,1,4,0.25,0.06349206349206349
front3,15,10,0.39862981216336585,8,5,2,4,0.5,0.09302325581395349
front3,15,11,0.4277561269247024,8,5,2,4,0.5,0.09302325581395349
front3,16,1,0.43452533654901265,3,5,1,4,0.25,0.4444444444444444
front3,0,2,0.5988773348503845,70,1,1,4,1.0,0.36363636363636365
front3,15,5,0.6221419419841049,82,2,3,4,0.5,0.08888888888888889
front3,18,12,0.5043974207173797,49,5,2,4,0.0,0.6666666666666666
front3,16,1,0.5119526176628204,128,4,1,4,0.5,0.6666666666666666
front3,15,10,0.4650129943663319,106,3,2,4,0.75,0.21052631578947367
front3,15,13,0.2916440838155783,106,3,3,4,0.75,0.21052631578947367
front3,15,6,0.4801283729791653,129,5,1,4,0.5,0.0784313725490196
front3,15,10,0.4389845626681468,129,2,2,4,0.25,0.16666666666666666
front3,15,13,0.2419661743745099,13,3,3,4,0.25,0.23529411764705882
front3,0,10,0.4089253782587257,158,5,2,4,0.25,0.16666666666666666
front3,15,6,0.4476005072388276,58,5,1,4,0.75,0.6666666666666666
front3,15,6,0.4180608963845355,90,4,1,4,0.25,0.4
front3,15,7,0.5094953746734152,96,3,1,4,0.5,0.0784313725490196
front3,15,2,0.5165909954282055,13,3,1,4,0.5,0.23529411764705882
front3,15,13,0.3375554649182886,144,4,1,4,0.5,0.06557377049180328
front3,16,10,0.4175789563282804,21,5,3,4,0.5,0.031496062992125984
front3,15,11,0.3683292487480725,115,5,2,4,0.0,0.10256410256410256
front3,15,1,0.45766559065793977,16,5,1,4,0.5,0.4444444444444444
front3,15,1,0.4180427742624572,87,4,1,4,0.25,0.5714285714285714
front3,15,7,0.47068741015686005,70,2,1,4,0.75,0.04878048780487805
front3,16,6,0.5664040090624471,21,3,1,4,0.5,0.3076923076923077
front3,15,11,0.3929202812427021,110,5,2,4,0.5,0.15384615384615385
front3,15,2,0.5745118096705502,101,2,1,4,0.5,0.057971014492753624
front3,15,5,0.492987681646314,111,5,1,4,0.5,0.04597701149425287
front3,15,1,0.46860473653820417,62,5,1,4,0.25,0.3333333333333333
front3,15,2,0.5411927474402697,47,4,1,4,1.0,0.6666666666666666
front3,15,6,0.5459360152079457,112,5,1,4,0.0,0.11428571428571428
front3,15,2,0.541438313237834,101,5,1,4,0.5,0.04597701149425287
front3,15,6,0.521042771147174,25,4,1,4,0.5,0.36363636363636365
front3,0,2,0.5805631554830131,59,5,1,4,0.25,0.3076923076923077
front3,16,1,0.4124509242049342,115,5,1,4,0.5,0.2857142857142857
front3,0,10,0.3869263301231105,136,2,3,4,0.5,0.032
front3,0,10,0.44998423587467345,69,5,2,4,0.25,0.10256410256410256
front3,15,6,0.48667724271989843,140,5,1,4,0.75,0.09090909090909091
front3,15,13,0.25679519416819246,72,4,3,4,0.0,0.056338028169014086
front3,15,10,0.419510469315874,129,5,2,4,0.75,0.0784313725490196
front3,0,13,0.34696876756044664,131,5,3,4,0.5,0.18181818181818182
front3,16,10,0.4318438154840589,76,2,2,4,0.25,0.6666666666666666
front3,16,1,0.48102979663043305,73,2,1,4,0.0,0.6666666666666666
front3,15,1,0.6320117322128476,137,5,1,4,1.0,0.18181818181818182
front3,0,6,0.4944404030730576,72,5,3,4,0.25,0.05405405405405406
front3,17,5,0.437373703195154,92,4,1,4,0.75,0.18181818181818182
front3,0,5,0.5368749123986363,136,5,1,4,0.75,0.047619047619047616
front3,15,6,0.545589103482971,122,2,1,4,0.75,0.13333333333333333
front3,15,6,0.4860995960115671,122,5,1,4,0.5,0.0975609756097561
front3,0,13,0.3629733019334717,136,2,1,3,0.6666666666666666,0.024
front3,15,1,0.5313330336151676,117,4,1,3,1.0,0.42857142857142855
front3,0,5,0.5422762078629616,136,2,1,3,0.6666666666666666,0.024
front3,15,13,0.3051003388392746,122,3,3,3,0.6666666666666666,0.125
front3,15,10,0.5538150370771305,137,5,2,3,0.3333333333333333,0.13636363636363635
front3,15,5,0.6083014648548798,137,5,1,3,1.0,0.13636363636363635
front3,15,10,0.42701070197925756,152,2,2,3,0.3333333333333333,0.23076923076923078
front3,0,5,0.49333009288119967,72,5,1,3,0.6666666666666666,0.04054054054054054
front3,0,11,0.3644769231719071,72,2,3,3,0.0,0.11538461538461539
front3,0,2,0.5903790938076428,96,3,1,3,1.0,0.3
front3,0,6,0.5505620085001496,43,4,1,3,0.0,0.16666666666666666
front3,15,1,0.499099241606707,3,2,1,3,0.6666666666666666,0.6
front3,15,13,0.3145681845843808,144,5,1,3,0.6666666666666666,0.02054794520547945
front3,16,13,0.3261962660643804,76,4,1,3,0.3333333333333333,0.375
front3,15,10,0.42169115260105655,76,5,2,3,0.3333333333333333,0.17647058823529413
front3,16,1,0.49725068841810616,76,5,1,3,1.0,0.09090909090909091
front3,16,6,0.40850932656125066,73,5,1,3,1.0,0.0967741935483871
front3,15,6,0.4576505197381746,72,4,3,3,0.3333333333333333,0.04225352112676056
front3,15,13,0.2891393182009647,129,4,3,3,0.0,0.17647058823529413
front3,0,13,0.4055065485464719,30,5,3,3,0.6666666666666666,0.15
front3,0,13,0.3096227599872564,128,5,3,3,0.3333333333333333,0.036585365853658534
front3,17,11,0.48881284970950256,63,5,2,3,0.6666666666666666,0.3
front3,17,1,0.5273677448919448,63,5,1,3,0.3333333333333333,0.3
front3,15,7,0.46781073946349,100,5,3,3,0.3333333333333333,0.3333333333333333
front3,15,7,0.4415843334241772,115,3,1,3,0.6666666666666666,0.2
front3,15,11,0.4550058392901406,117,5,2,3,0.3333333333333333,0.1875
front3,15,2,0.5019867712648977,10,4,1,3,0.6666666666666666,0.2
front3,15,1,0.4935803930121216,10,5,1,3,0.3333333333333333,0.375
front3,17,1,0.5735139901586012,153,5,1,3,0.6666666666666666,1.0
front3,15,1,0.47283266420016906,123,5,1,3,0.3333333333333333,0.2727272727272727
front3,0,6,0.5187699534979301,96,2,3,3,0.3333333333333333,0.031578947368421054
front3,15,13,0.303689759728717,1,5,1,3,0.3333333333333333,0.2
front3,16,13,0.2894235304233296,1,4,1,3,0.0,1.0
front3,15,1,0.012184263846271061,136,5,0,3,0.0,0.012552301255230125
front3,16,12,0.480048175484646,155,5,2,3,0.6666666666666666,0.5
front3,15,7,0.4985888231838297,136,2,3,3,0.3333333333333333,0.01327433628318584
front3,15,2,0.5239839770167212,136,1,1,3,0.6666666666666666,0.23076923076923078
front3,15,11,0.39899786906939944,86,2,2,3,0.3333333333333333,0.12
front3,15,6,0.42534083747383034,73,5,1,3,0.6666666666666666,0.12
front3,15,6,0.48062531034320866,76,5,1,3,0.6666666666666666,0.17647058823529413
front3,16,1,0.46257778298487345,92,2,1,3,1.0,0.2
front3,0,3,0.6023217429781413,49,4,1,3,1.0,0.42857142857142855
front3,15,5,0.5336320346119349,116,3,3,3,0.6666666666666666,0.23076923076923078
front3,15,6,0.5790349051308353,116,3,3,3,0.6666666666666666,0.23076923076923078
front3,15,4,0.5805321528167647,96,3,4,3,0.6666666666666666,0.058823529411764705
front3,17,1,0.6439583480260945,64,2,1,3,1.0,0.75
front3,15,5,0.4943031286735105,140,4,1,3,0.0,0.1875
front3,15,1,0.5143210143679889,38,4,1,3,1.0,0.5
front3,0,11,0.4074154499818998,157,4,3,3,0.3333333333333333,0.0967741935483871
front3,16,6,0.534685842435163,21,4,3,3,0.6666666666666666,0.028846153846153848
front3,0,12,0.7099329200274168,66,5,5,3,1.0,0.1
front3,16,5,0.40567905589632286,73,5,1,3,0.0,0.0967741935483871
front3,15,6,0.5280998203230436,104,4,3,3,0.6666666666666666,0.75
front3,15,2,0.4897659534053599,104,5,1,3,0.3333333333333333,0.2
front3,15,7,0.5318217691883642,153,5,1,3,0.6666666666666666,0.03896103896103896
front3,15,2,0.5024485710564733,140,5,1,3,0.3333333333333333,0.06818181818181818
front3,15,10,0.4170568906915589,38,5,2,3,0.3333333333333333,0.08823529411764706
front3,15,5,0.542105962974784,112,5,1,3,0.6666666666666666,0.08571428571428572
front3,15,13,0.38090823988696404,112,4,1,3,0.3333333333333333,0.3333333333333333
front3,16,13,0.3739126530461418,112,5,1,3,0.6666666666666666,0.2
front3,15,4,0.5680187044381779,129,2,1,3,0.6666666666666666,0.125
front3,15,11,0.3533758417016596,72,5,3,3,0.3333333333333333,0.02142857142857143
front3,16,1,0.5435004089299298,150,3,1,3,0.0,0.375
front3,15,6,0.5427242379271718,31,5,1,3,0.6666666666666666,0.13636363636363635
front3,15,1,0.5407794645169688,161,3,1,3,0.3333333333333333,0.6
front3,0,1,0.60846663024191,33,2,1,3,1.0,0.25
front3,15,6,0.5032931729360623,13,2,1,3,0.6666666666666666,0.08571428571428572
front3,0,3,0.690394865724301,57,5,3,3,1.0,0.2727272727272727
front3,15,1,0.5212947573121057,37,2,1,3,0.3333333333333333,0.2727272727272727
front3,16,1,0.5237880349403788,96,3,1,3,1.0,0.5
front3,0,1,0.6462061708626996,57,4,1,3,0.6666666666666666,0.75
front3,0,3,0.6349489555680268,21,3,3,3,1.0,0.5
front3,0,3,0.5362831981897571,78,4,3,3,0.3333333333333333,0.15789473684210525
front3,15,2,0.49167847398927905,70,4,1,3,0.3333333333333333,0.2
front3,15,2,0.513582952497874,20,4,1,3,0.3333333333333333,0.42857142857142855
front3,15,11,0.4259479021734093,20,2,2,3,0.3333333333333333,0.2
front3,15,10,0.39390757822137634,144,5,3,3,0.0,0.02054794520547945
front3,15,13,0.20151707449271966,90,5,3,3,0.0,0.12
front3,0,5,0.6048120321062486,23,4,1,3,0.3333333333333333,0.23076923076923078
front3,15,1,0.5056780536486425,141,3,1,3,0.3333333333333333,0.3333333333333333
front3,15,4,0.5878685846458579,64,5,1,3,0.0,0.023076923076923078
front3,15,1,0.5087213506755507,8,4,1,3,0.6666666666666666,0.42857142857142855
front3,16,6,0.4494225014830166,8,5,1,3,0.0,0.25
front3,16,1,0.46792819161631766,8,5,1,3,0.3333333333333333,0.25
front3,16,1,0.45603778114024895,3,4,1,3,0.3333333333333333,1.0
front3,0,3,0.48269878843210834,139,4,3,3,0.3333333333333333,0.3333333333333333
front3,15,5,0.5565725383108641,112,4,1,3,0.6666666666666666,0.3333333333333333
front3,15,5,0.579958363367588,112,2,1,3,0.6666666666666666,0.0967741935483871
front3,15,10,0.46738360678479446,49,5,2,3,0.6666666666666666,0.375
front3,15,13,0.2995692474695059,106,4,3,3,0.3333333333333333,0.16666666666666666
front3,0,10,0.49959342238786525,155,5,2,3,0.6666666666666666,0.42857142857142855
front3,0,5,0.49180098269870953,67,4,1,3,0.3333333333333333,0.2727272727272727
front3,0,6,0.47455488949866215,67,4,1,3,0.0,0.2727272727272727
front3,0,6,0.5774139767067121,70,1,1,3,1.0,0.2727272727272727
front3,15,6,0.5551446025143166,113,4,1,3,0.3333333333333333,0.42857142857142855
front3,0,1,0.6498652547498923,135,3,1,3,1.0,0.6
front3,0,1,0.6150384179495562,135,4,1,3,0.6666666666666666,1.0
front3,16,13,0.3185338752401185,64,4,3,3,0.0,0.1875
front3,15,1,0.5045355139576894,150,5,1,3,0.6666666666666666,0.23076923076923078
front3,17,1,0.5698039921865462,21,4,1,3,1.0,0.3
front3,16,10,0.4680438263617677,50,2,2,3,0.6666666666666666,0.75
front3,16,1,0.51741812434304,50,5,1,3,0.3333333333333333,0.6
front3,15,12,0.44831640172904574,68,5,3,3,0.6666666666666666,0.25
front3,15,6,0.5237357534919401,68,5,1,3,0.6666666666666666,0.25
front3,15,13,0.21617059595885804,143,4,3,3,0.3333333333333333,0.75
front3,16,1,0.5323171784384243,96,1,1,3,0.6666666666666666,0.5
front3,15,13,0.3195472814475824,11,2,3,3,0.3333333333333333,0.07317073170731707
front3,17,1,0.5333926114127476,21,5,1,3,0.6666666666666666,0.75
front3,15,6,0.5279867507909125,113,5,1,3,0.6666666666666666,0.3
front3,16,1,0.5631093276271126,113,4,1,3,0.6666666666666666,0.42857142857142855
front3,15,10,0.38568278425620545,32,3,2,3,0.3333333333333333,0.5
front3,17,10,0.3643501506329124,32,5,2,3,0.3333333333333333,1.0
front3,15,3,0.5036049501363411,141,2,3,3,0.3333333333333333,0.2727272727272727
front3,15,1,0.476600062439705,75,2,1,3,0.0,0.375
front3,15,11,0.39158731747932374,75,3,2,3,0.3333333333333333,0.3
front3,15,3,0.435321102837148,160,5,2,3,0.0,0.23076923076923078
front3,15,6,0.5579961893640356,145,3,3,3,0.6666666666666666,0.5
front3,15,1,0.442422062850551,4,4,1,3,0.3333333333333333,0.75
front3,15,5,0.4265615275283594,79,2,2,3,0.6666666666666666,0.25
front3,15,1,0.49106494870605505,71,4,1,3,0.3333333333333333,0.17647058823529413
front3,16,1,0.5613910814456488,144,3,1,3,1.0,0.6
front3,15,1,0.46705363981470616,71,5,1,3,0.3333333333333333,0.23076923076923078
front3,0,7,0.481429007919209,70,3,1,3,0.6666666666666666,0.06382978723404255
front3,15,5,0.43674724699655904,37,4,3,3,0.3333333333333333,0.10714285714285714
front3,15,12,0.352268467199058,164,4,2,3,0.3333333333333333,0.42857142857142855
front3,0,10,0.48843712516179394,51,4,2,3,0.6666666666666666,0.6
front3,18,10,0.3727105196794207,114,4,2,3,0.0,0.5
front3,15,3,0.513783604207312,105,3,2,3,0.6666666666666666,0.2
front3,15,3,0.520381421850121,141,3,3,3,0.3333333333333333,0.3333333333333333
front3,16,5,0.493734714716883,101,4,3,3,0.6666666666666666,0.17647058823529413
front3,16,6,0.5266874517773521,101,4,3,3,0.3333333333333333,0.17647058823529413
front3,15,5,0.4842426120483143,106,4,3,3,0.6666666666666666,0.16666666666666666
front3,15,10,0.3626687086330815,4,3,2,3,0.3333333333333333,0.21428571428571427
front3,0,11,0.4383653436290598,62,5,2,3,0.6666666666666666,0.25
front3,15,2,0.5467393153122192,122,1,1,3,0.3333333333333333,1.0
front3,15,1,0.5391639056548749,0,2,1,3,0.6666666666666666,0.42857142857142855
front3,15,6,0.4438642017722234,158,5,1,3,0.3333333333333333,0.42857142857142855
front3,15,1,0.42468210727573313,154,4,1,3,0.3333333333333333,0.6
front3,15,1,0.4444450965835851,87,3,1,3,0.0,0.75
front3,0,12,0.4839696017811872,78,5,2,3,0.6666666666666666,0.13043478260869565
front3,0,10,0.5957022465705039,78,5,5,3,0.3333333333333333,0.13043478260869565
front3,0,1,0.4499915007281411,94,5,1,3,0.6666666666666666,0.375
front3,15,13,0.30794450113523264,162,5,3,3,0.6666666666666666,0.6
front3,15,13,0.30024074884123314,132,4,3,3,0.3333333333333333,0.03896103896103896
front3,15,2,0.521823699110804,159,4,1,3,0.3333333333333333,0.2
front3,0,7,0.012547993113952298,33,2,0,3,0.0,0.25
front3,0,11,0.5327521183950666,33,2,2,3,0.3333333333333333,0.25
front3,15,1,0.5846445913868139,36,5,1,3,1.0,0.16666666666666666
front3,15,13,0.3404528397389925,31,5,3,3,1.0,0.13636363636363635
front3,17,6,0.45258367842477976,0,5,1,3,0.6666666666666666,0.42857142857142855
front3,15,1,0.6284426439645174,112,3,1,3,0.6666666666666666,0.5
front3,0,6,0.5472715176837429,26,5,3,3,0.6666666666666666,0.42857142857142855
front3,0,5,0.5564799901620545,26,2,1,3,0.6666666666666666,0.3333333333333333
front3,15,5,0.5015420740106137,33,2,1,3,0.3333333333333333,0.25
front3,15,2,0.5223178473287662,132,4,1,3,0.0,0.03896103896103896
front3,17,10,0.5285688156748458,157,5,5,3,0.3333333333333333,0.13043478260869565
front3,15,7,0.46548161686600165,72,2,1,3,0.3333333333333333,0.06666666666666667
front3,15,4,0.5923558111784614,162,2,4,3,0.3333333333333333,0.375
front3,15,2,0.567763852675439,11,4,1,3,0.0,0.2
front3,15,13,0.29943285888002075,106,2,3,3,0.6666666666666666,0.13636363636363635
front3,18,5,0.4703744801476963,106,5,1,3,0.3333333333333333,0.08108108108108109
front3,15,5,0.5084881048023377,136,1,1,3,0.6666666666666666,0.23076923076923078
front3,15,5,0.5036782371137254,132,4,1,3,0.3333333333333333,0.03896103896103896
front3,15,2,0.5669323344282484,149,4,1,3,0.6666666666666666,0.16666666666666666
front3,17,13,0.34200882404528865,101,5,1,3,0.3333333333333333,0.06818181818181818
front3,15,6,0.5381007702604776,101,4,1,3,0.6666666666666666,0.07692307692307693
front3,0,5,0.5511225991147822,45,4,1,3,0.0,0.15789473684210525
front3,0,2,0.549103555953325,45,4,1,3,0.0,0.15789473684210525
front3,16,10,0.5177429727056314,57,5,2,3,1.0,0.12
front3,15,10,0.3645506640534556,139,5,2,3,1.0,0.2727272727272727
front3,15,1,0.6500648395368064,57,3,1,3,1.0,0.6
front3,15,12,0.4306141716726836,56,4,2,3,0.6666666666666666,1.0
front3,15,10,0.49671810207665457,11,5,2,3,0.3333333333333333,0.05
front3,15,13,0.33675585786400053,11,5,3,3,0.3333333333333333,0.05
front3,15,13,0.28565776577158053,157,4,3,3,0.3333333333333333,0.15
front3,15,10,0.3686606530834731,29,2,2,3,0.0,0.5
front3,17,5,0.5570839992909502,157,2,1,3,1.0,0.21428571428571427
front3,16,10,0.45199749805022327,148,4,2,3,0.6666666666666666,0.17647058823529413
front3,16,13,0.3667409316241649,148,4,1,3,0.6666666666666666,0.17647058823529413
front3,0,5,0.6134398722180168,14,5,1,3,0.6666666666666666,0.08571428571428572
front3,0,10,0.5002575536582421,14,2,2,3,0.3333333333333333,0.75
front3,0,11,0.42905458457037815,133,5,3,3,0.0,0.03571428571428571
front3,15,1,0.5978934850088805,80,2,1,3,1.0,0.42857142857142855
front3,0,10,0.4147811835987516,54,5,2,3,0.3333333333333333,0.25
front3,0,13,0.2675390762488401,97,2,1,3,0.0,0.375
front3,0,13,0.31806145611118947,96,4,1,3,0.0,0.038461538461538464
front3,15,6,0.523645631852279,140,5,3,3,1.0,0.06818181818181818
front3,16,3,0.5665639155761384,53,5,2,3,0.3333333333333333,0.3333333333333333
front3,18,3,0.5739642184598756,53,5,2,3,0.3333333333333333,0.25
front3,15,6,0.47342441728271384,150,5,1,3,0.6666666666666666,0.23076923076923078
front3,15,5,0.4926840348676292,157,4,1,3,0.0,0.15
front3,0,10,0.45767697591961,56,5,2,3,0.3333333333333333,0.2727272727272727
front3,0,10,0.4450044295715588,56,2,2,3,1.0,0.5
front3,15,5,0.4900597365646856,128,4,1,3,0.6666666666666666,0.05555555555555555
front3,0,13,0.3779418041816958,22,5,3,3,0.3333333333333333,0.1875
front3,0,13,0.3212469030256015,19,5,3,3,0.3333333333333333,0.04838709677419355
front3,0,13,0.3583729861220853,129,3,1,3,0.6666666666666666,0.08823529411764706
front3,0,13,0.2689266650761424,39,4,3,3,0.0,0.13043478260869565
front3,15,1,0.5297706092553206,77,4,1,3,0.6666666666666666,1.0
front3,15,12,0.42460454092555483,91,5,2,3,0.6666666666666666,1.0
front3,15,1,0.5041121020481636,134,3,1,3,0.6666666666666666,0.375
front3,15,13,0.2959182224597178,134,3,1,3,0.0,0.375
front3,0,10,0.5956893666010553,56,5,5,3,0.6666666666666666,0.2727272727272727
front3,0,12,0.4933357083146429,56,5,2,3,0.6666666666666666,0.2727272727272727
front3,0,12,0.47077893626445455,56,2,2,3,0.3333333333333333,0.5
front3,15,5,0.4661593327607884,157,5,1,3,0.0,0.08571428571428572
front3,17,6,0.5439333103195593,50,4,2,3,0.6666666666666666,0.75
front3,18,6,0.5144141401563409,53,5,2,3,0.3333333333333333,0.25
front3,15,13,0.42238774243407795,118,3,1,3,1.0,0.3
front3,16,1,0.445337586889208,130,2,1,3,0.3333333333333333,1.0
front3,0,6,0.5596768731976974,19,2,1,3,0.6666666666666666,0.14285714285714285
front3,0,10,0.40876367532221625,19,4,3,3,0.3333333333333333,0.09375
front3,15,10,0.4123792398377712,157,5,2,3,0.6666666666666666,0.08571428571428572
front3,15,11,0.5230080408472967,80,2,2,3,1.0,0.42857142857142855
front3,15,6,0.5428503556101514,150,3,1,3,1.0,0.075
front3,0,1,0.5082774906007058,54,5,1,3,0.6666666666666666,0.25
front3,15,8,0.4449800828863331,11,5,3,3,0.3333333333333333,0.05
front3,15,1,0.6105386319947104,11,2,1,3,0.0,0.07317073170731707
front3,15,12,0.4577064810203475,11,3,3,3,0.3333333333333333,0.375
front3,0,5,0.5804062126969481,23,3,1,3,0.6666666666666666,0.25
front3,16,1,0.41181570295600606,130,4,1,3,0.3333333333333333,1.0
front3,17,6,0.5154896917114327,50,5,2,3,0.3333333333333333,0.375
front3,0,13,0.3514562416670103,129,5,1,3,0.6666666666666666,0.07692307692307693
front3,0,13,0.3447296466611183,74,5,1,3,0.3333333333333333,0.07692307692307693
front3,0,1,0.5933773395515681,74,3,1,3,1.0,0.375
front3,0,10,0.47260368247932877,74,2,2,3,0.3333333333333333,0.17647058823529413
front3,16,13,0.3547061528043864,153,4,3,3,0.6666666666666666,0.375
front3,0,11,0.49774138295636955,19,2,2,3,1.0,0.14285714285714285
front3,0,7,0.5262101029478841,19,2,1,3,0.6666666666666666,0.14285714285714285
front3,0,10,0.3641853766030364,90,2,2,3,0.6666666666666666,0.3333333333333333
front3,15,5,0.5126577052983746,54,4,1,3,0.3333333333333333,0.42857142857142855
front3,17,10,0.5012899399850678,64,4,2,3,0.6666666666666666,0.13636363636363635
front3,15,1,0.5435119510266222,54,4,1,3,0.6666666666666666,0.42857142857142855
front3,15,6,0.5987101677772796,112,2,1,3,0.6666666666666666,0.0967741935483871
front3,17,10,0.47800114429731094,157,2,2,3,0.0,0.21428571428571427
front3,15,11,0.43406569759582275,157,5,2,3,0.6666666666666666,0.08571428571428572
front3,0,6,0.5074520606291801,96,4,3,3,0.0,0.038461538461538464
front3,17,1,0.4467449277117,98,4,1,3,0.3333333333333333,1.0
front3,15,1,0.47114985121846326,156,5,1,3,1.0,0.25
front3,15,13,0.3026544281729756,128,2,3,3,0.6666666666666666,0.02459016393442623
front3,15,6,0.47429346888222107,156,2,2,3,0.0,0.09375
front3,0,7,0.49936307812813907,96,2,3,3,0.0,0.031578947368421054
front3,0,5,0.5724632595958093,111,4,1,3,1.0,0.3
front3,15,1,0.5064973834371214,151,3,1,3,0.3333333333333333,0.3
front3,15,10,0.376250722584181,46,5,2,3,0.3333333333333333,0.6
front3,15,1,0.5210163313043437,54,2,1,3,0.3333333333333333,0.6
front3,15,13,0.290349535481653,72,4,1,3,0.6666666666666666,0.04225352112676056
front3,15,5,0.46940463875947885,128,5,1,3,0.3333333333333333,0.031578947368421054
front3,15,2,0.5114714458174148,128,4,1,3,0.6666666666666666,0.05555555555555555
front3,15,10,0.3388776317313515,90,5,2,3,0.0,0.12
front3,15,1,0.4549871838082137,90,2,1,3,0.6666666666666666,0.2727272727272727
front3,16,10,0.4109465939057267,69,5,2,3,0.6666666666666666,0.1
front3,15,11,0.4149216462137436,128,2,3,3,0.3333333333333333,0.02459016393442623
front3,15,4,0.514465146396714,163,4,1,3,1.0,0.15
front3,15,1,0.5085276003509417,107,2,1,3,0.0,0.42857142857142855
front3,15,10,0.40159661901463517,128,2,3,3,0.6666666666666666,0.02459016393442623
front3,0,11,0.47175340098149054,35,3,2,3,0.3333333333333333,0.375
front3,0,1,0.5449648476861394,35,5,1,3,0.3333333333333333,0.42857142857142855
front3,0,6,0.5105486188697567,129,4,1,3,0.3333333333333333,0.08108108108108109
front3,15,1,0.4517170607167491,15,2,1,3,0.0,0.5
front3,16,1,0.6088824887557013,153,3,1,3,0.3333333333333333,0.5
front3,16,1,0.5639239101078473,153,5,1,3,0.3333333333333333,0.23076923076923078
front3,0,7,0.5043150182757148,122,2,1,3,0.3333333333333333,0.17647058823529413
front3,0,6,0.512876684045577,122,4,1,3,0.0,0.14285714285714285
front3,0,6,0.5097016680227123,157,4,1,3,0.6666666666666666,0.0967741935483871
front3,15,4,0.5428104619472672,136,4,1,3,0.3333333333333333,0.037037037037037035
front3,17,11,0.42338894372530655,48,5,2,3,0.0,0.15
front3,17,3,0.5222357073472316,48,5,3,3,0.6666666666666666,0.15
front3,17,1,0.5138439384596876,48,4,1,3,0.6666666666666666,0.5
front3,16,1,0.5401945801368543,148,5,1,3,0.6666666666666666,0.42857142857142855
front3,15,1,0.5991989134635755,64,2,1,3,0.6666666666666666,0.2
front3,16,2,0.47115456574172954,17,2,1,3,0.0,0.75
front3,15,6,0.5821343549844735,112,5,3,3,0.3333333333333333,0.08571428571428572
front3,16,2,0.4378636017144004,17,5,1,3,1.0,0.3333333333333333
front3,16,2,0.45894720971838077,17,4,1,3,0.3333333333333333,0.75
front3,15,1,0.45379991417088056,17,5,1,3,0.0,0.6
front3,0,11,0.47427829142861233,122,2,2,3,0.3333333333333333,0.17647058823529413
front3,0,2,0.5508754722918126,122,2,1,3,0.6666666666666666,0.17647058823529413
front3,15,1,0.45338741153240597,24,3,1,3,0.0,0.6
front3,16,2,0.5534651696087141,153,5,1,3,0.3333333333333333,0.23076923076923078
front3,17,1,0.46862306123554015,34,5,1,3,0.3333333333333333,0.75
front3,16,13,0.3405216526453657,21,5,1,3,0.3333333333333333,0.023622047244094488
front3,16,10,0.4174070148656844,69,2,2,3,0.3333333333333333,0.25
front3,16,5,0.47626262408883413,136,4,1,3,0.6666666666666666,0.1875
front3,15,10,0.505038420741601,153,2,2,3,0.3333333333333333,0.12
front3,15,2,0.5626956160914479,153,5,1,3,0.3333333333333333,0.03896103896103896
front3,15,6,0.561144649975181,85,5,3,3,0.6666666666666666,0.11538461538461539
front3,0,1,0.5755827624920952,88,4,1,3,1.0,0.17647058823529413
front3,0,10,0.37632442013573414,70,2,3,3,0.6666666666666666,0.026785714285714284
front3,0,13,0.2949166475846798,72,5,1,3,0.3333333333333333,0.04054054054054054
front3,0,7,0.4633271208740586,72,3,1,3,0.6666666666666666,0.1875
front3,15,13,0.3323651181019081,64,5,3,3,0.6666666666666666,0.023076923076923078
front3,0,7,0.5035591582395702,136,5,1,3,0.6666666666666666,0.03571428571428571
front3,17,2,0.41069787303074623,92,5,1,3,0.3333333333333333,0.08571428571428572
front3,15,13,0.2298952534341913,115,4,3,3,0.3333333333333333,0.125
front3,15,13,0.24457091850539994,147,2,3,3,0.0,0.21428571428571427
front3,15,10,0.3749330735909086,147,2,2,3,0.3333333333333333,0.21428571428571427
front3,16,1,0.4681673720602005,89,5,1,3,0.6666666666666666,0.75
front3,15,8,0.381110999459422,152,2,3,3,0.6666666666666666,0.23076923076923078
front3,15,10,0.4383437474635204,89,2,2,3,0.3333333333333333,0.23076923076923078
front3,15,10,0.565077116560819,155,5,5,3,0.3333333333333333,0.046875
front3,16,2,0.5712899534934386,153,4,1,3,0.3333333333333333,0.375
front3,18,1,0.4650046596528704,152,5,1,3,0.6666666666666666,0.3333333333333333
front3,15,1,0.4619827304031934,95,4,1,3,0.3333333333333333,1.0
front3,16,1,0.5649138684186059,47,2,1,3,0.0,0.2727272727272727
front3,15,13,0.20736533449497507,115,5,3,3,0.0,0.07692307692307693
front3,16,13,0.20503905699939157,115,5,3,3,0.0,0.21428571428571427
front3,15,13,0.29950305185111864,70,2,1,3,0.3333333333333333,0.036585365853658534
front3,15,13,0.30588949778921304,122,2,3,3,0.3333333333333333,0.1
front3,16,5,0.40954981281029607,115,4,1,3,1.0,0.3333333333333333
front3,15,2,0.4579800301427056,86,2,1,3,0.0,0.12
front3,17,1,0.5544317265261932,34,2,1,3,0.3333333333333333,0.6
front3,15,10,0.40417316561101496,42,2,2,3,0.3333333333333333,0.5
front3,15,11,0.4825998506073371,122,2,2,3,0.6666666666666666,0.1
front3,15,4,0.5851624125441822,122,3,1,3,0.6666666666666666,0.125
front3,15,10,0.4485664911140356,144,4,2,3,0.0,0.04918032786885246
front3,15,11,0.4255773229001881,122,2,3,3,0.6666666666666666,0.1
front3,15,6,0.5515575591493458,122,3,1,3,0.6666666666666666,0.125
front3,0,6,0.5481695576754215,136,5,3,3,0.3333333333333333,0.03571428571428571
front3,0,2,0.600524395656705,44,5,1,3,0.3333333333333333,0.13043478260869565
front3,0,6,0.59645855236798,44,5,1,3,0.3333333333333333,0.13043478260869565
front3,15,5,0.49881453266106796,96,4,1,3,0.6666666666666666,0.027777777777777776
front3,15,5,0.4955065941397117,106,5,1,3,1.0,0.043478260869565216
front3,15,5,0.5664654893694566,101,3,1,3,0.3333333333333333,0.061224489795918366
front3,15,6,0.5404574943238452,96,3,1,3,0.0,0.058823529411764705
front3,15,6,0.5503135206686286,129,3,1,3,0.6666666666666666,0.14285714285714285
front3,15,1,0.5258616558689329,71,3,1,3,0.6666666666666666,0.2727272727272727
front3,16,1,0.4718007002258394,92,3,1,3,0.3333333333333333,0.6
front3,15,11,0.3878693230667767,16,5,2,3,0.6666666666666666,0.3333333333333333
front3,16,1,0.541162876363431,136,3,1,3,0.3333333333333333,0.42857142857142855
front3,15,5,0.4674102266655125,72,2,1,3,0.3333333333333333,0.06666666666666667
front3,15,1,0.49309721422111574,110,4,1,3,1.0,0.6
front3,15,13,0.2632764787141631,13,2,3,3,0.3333333333333333,0.08571428571428572
front3,15,10,0.4139386707261165,13,2,2,3,0.0,0.08571428571428572
front3,0,10,0.5006614516065061,59,2,2,3,0.6666666666666666,0.17647058823529413
front3,0,2,0.5946234888613096,59,2,1,3,0.6666666666666666,0.17647058823529413
front3,16,13,0.32780392473858017,21,2,3,3,0.6666666666666666,0.06521739130434782
front3,0,10,0.5136602360975688,21,5,2,3,0.3333333333333333,0.23076923076923078
front3,15,1,0.523011499744909,33,2,1,3,0.6666666666666666,0.25
front3,15,11,0.4113686948416679,33,2,2,3,0.0,0.25
front3,16,1,0.4629854561245488,110,4,1,3,1.0,0.3333333333333333
front3,15,7,0.4697801379622691,71,3,1,3,0.0,0.2727272727272727
front3,16,10,0.43165125475231053,136,2,2,3,0.3333333333333333,0.10344827586206896
front3,16,2,0.554724890761526,47,2,1,3,1.0,0.2727272727272727
front3,15,13,0.31053433551281767,144,2,3,3,0.0,0.11538461538461539
front3,15,2,0.5617613235248432,112,5,1,3,0.3333333333333333,0.08571428571428572
front3,17,6,0.5203439345518523,101,5,1,3,0.3333333333333333,0.06818181818181818
front3,15,4,0.5599086761834299,96,4,4,3,0.3333333333333333,0.027777777777777776
front3,17,1,0.560571324846781,144,4,1,3,0.6666666666666666,0.75
front3,0,13,0.32942899014717253,122,5,1,3,0.3333333333333333,0.125
front3,15,8,0.36730145760759625,152,5,1,2,0.0,0.14285714285714285
front3,15,13,0.30412716722985206,152,5,2,2,0.5,0.14285714285714285
front3,15,13,0.24213251396057064,72,2,3,2,0.5,0.044444444444444446
front3,0,13,0.2605826655163576,72,5,3,2,0.0,0.02702702702702703
front3,0,5,0.5326202456991788,96,4,1,2,0.5,0.02564102564102564
front3,0,10,0.362161438119296,72,5,3,2,0.5,0.02702702702702703
front3,15,3,0.48441806050053243,105,5,2,2,0.5,0.16666666666666666
front3,0,4,0.5394417720657045,72,3,1,2,0.5,0.125
front3,15,3,0.5220768382386548,105,2,2,2,0.5,0.16666666666666666
front3,0,11,0.42678793902580203,96,5,3,2,0.0,0.011976047904191617
front3,15,2,0.5032755797562394,117,5,1,2,1.0,0.125
front3,15,6,0.5071697596585503,117,4,1,2,1.0,0.2857142857142857
front3,0,2,0.5641700051804261,136,3,1,2,0.5,0.125
front3,0,10,0.38536065693656946,115,2,2,2,0.0,0.11764705882352941
front3,0,7,0.528406038988882,136,3,1,2,1.0,0.125
front3,0,2,0.5593525655531818,136,5,3,2,0.5,0.023809523809523808
front3,0,1,0.5434852206560695,69,2,1,2,0.0,0.5
front3,15,2,0.5529948272495316,122,3,1,2,0.5,0.08333333333333333
front3,15,1,0.566483809611814,35,3,1,2,1.0,0.3333333333333333
front3,15,1,0.5537118542330878,35,2,1,2,0.5,0.16666666666666666
front3,15,6,0.5467598942963058,35,3,1,2,0.5,0.3333333333333333
front3,15,10,0.4542892977846554,122,2,2,2,0.5,0.06666666666666667
front3,15,1,0.5180696386639809,72,3,1,2,1.0,0.4
front3,15,4,0.49984268260125975,72,4,1,2,0.5,0.028169014084507043
front3,15,5,0.4740343939787974,70,4,1,2,0.0,0.13333333333333333
front3,15,11,0.6731108942843123,137,5,5,2,0.5,0.09090909090909091
front3,15,13,0.3007199235280039,25,5,3,2,0.5,0.125
front3,0,5,0.5397597858672486,136,4,1,2,1.0,0.3333333333333333
front3,15,4,0.6509999108836593,153,3,4,2,1.0,0.04
front3,16,7,0.5625223729162981,153,3,1,2,0.5,0.3333333333333333
front3,15,9,0.4188868702343465,10,4,2,2,0.0,0.13333333333333333
front3,15,9,0.37510851068126005,10,5,3,2,0.5,0.25
front3,15,2,0.5003456837986384,123,4,1,2,0.0,0.4
front3,15,2,0.4616942010196306,123,5,1,2,0.0,0.18181818181818182
front3,17,10,0.5282256981993974,63,2,2,2,1.0,0.4
front3,15,2,0.5435755616976626,132,2,1,2,0.5,0.25
front3,15,2,0.4715755962638703,138,5,1,2,0.5,0.1111111111111111
front3,17,1,0.6211732271621108,63,2,1,2,1.0,0.4
front3,15,10,0.5000811155889087,153,3,2,2,0.5,0.04
front3,0,12,0.5650557518836699,66,4,2,2,0.5,0.5
front3,0,10,0.5194068618434916,66,5,2,2,0.5,0.06666666666666667
front3,15,10,0.40261375825107465,100,5,2,2,0.5,0.2222222222222222
front3,15,6,0.4707798277847694,3,1,1,2,0.5,0.16666666666666666
front3,0,11,0.530560590802301,43,5,2,2,0.5,0.03636363636363636
front3,0,1,0.6041805877400072,43,2,1,2,0.5,0.6666666666666666
front3,0,13,0.3201898027802125,96,2,1,2,0.0,0.021052631578947368
front3,0,7,0.5540507035118154,43,3,1,2,0.5,1.0
front3,0,7,0.5298782302214762,43,4,1,2,1.0,0.1111111111111111
front3,15,2,0.6232808560952704,137,5,1,2,0.5,0.09090909090909091
front3,0,10,0.5115725676344011,137,5,2,2,0.5,0.18181818181818182
front3,0,1,0.5974698845137076,137,4,1,2,1.0,0.6666666666666666
front3,0,4,0.010785950144890807,70,2,0,2,0.0,0.017857142857142856
front3,0,1,0.5938193888624288,137,5,1,2,1.0,0.18181818181818182
front3,15,1,0.013948916175036054,122,4,0,2,0.0,0.031746031746031744
front3,15,5,0.45573917819618326,115,3,1,2,0.5,0.13333333333333333
front3,15,6,0.5228716693749175,122,5,3,2,0.0,0.04878048780487805
front3,15,10,0.3272610381658256,3,1,2,2,0.0,0.16666666666666666
front3,16,6,0.49676266003238945,100,5,3,2,1.0,0.05405405405405406
front3,15,10,0.38890230333522136,3,4,2,2,0.0,0.18181818181818182
front3,16,10,0.4065439741136127,100,5,2,2,0.5,0.05405405405405406
front3,16,13,0.2732064869710719,73,5,1,2,0.5,0.06451612903225806
front3,15,1,0.5448105363621718,38,2,1,2,0.5,0.5
front3,16,6,0.47789213615814363,73,3,1,2,1.0,0.4
front3,15,7,0.4732345959937257,140,5,1,2,0.0,0.045454545454545456
front3,15,5,0.45211154669762776,8,5,1,2,0.5,0.046511627906976744
front3,15,10,0.36747503100995726,73,5,2,2,0.5,0.08
front3,15,13,0.3359383241614413,76,5,1,2,0.5,0.11764705882352941
front3,16,11,0.44871665015157036,76,5,2,2,1.0,0.06060606060606061
front3,16,6,0.4906830839655072,76,4,1,2,0.0,0.25
front3,16,4,0.45335692397324395,73,5,1,2,0.0,0.06451612903225806
front3,16,5,0.46733880967670777,76,5,1,2,0.0,0.06060606060606061
front3,0,1,0.589506318759402,131,2,1,2,0.5,0.6666666666666666
front3,0,10,0.5024622878026271,131,5,2,2,1.0,0.09090909090909091
front3,0,7,0.5078542992436581,128,2,1,2,1.0,0.0625
front3,0,5,0.5726575063625645,131,5,1,2,0.5,0.09090909090909091
front3,0,10,0.40828561637398453,128,5,3,2,0.0,0.024390243902439025
front3,0,5,0.5416634332486385,128,2,1,2,1.0,0.0625
front3,0,3,0.5814558150331129,128,4,1,2,0.5,0.09090909090909091
front3,15,7,0.4472122748444521,81,5,1,2,0.5,0.07142857142857142
front3,15,6,0.5312660946617982,136,3,3,2,1.0,0.04
front3,15,11,0.3974853242549741,72,4,2,2,0.5,0.028169014084507043
front3,17,1,0.48971340381198514,92,3,1,2,0.0,0.5
front3,16,11,0.3624344555886244,115,5,2,2,0.5,0.14285714285714285
front3,15,13,0.326229181236941,140,5,1,2,1.0,0.045454545454545456
front3,16,13,0.3059981118453748,38,5,1,2,0.5,0.2857142857142857
front3,0,1,0.4595169020268838,90,4,1,2,0.0,0.2857142857142857
front3,0,10,0.3606800057463414,90,3,2,2,0.0,0.5
front3,15,4,0.533268249488863,140,5,1,2,0.5,0.045454545454545456
front3,0,2,0.4436293458770692,90,4,1,2,0.5,0.2857142857142857
front3,0,13,0.36590308929342436,30,4,3,2,0.5,0.5
front3,0,11,0.4190941271001967,128,2,3,2,0.5,0.0625
front3,0,7,0.6048432013553973,30,5,1,2,0.5,0.1
front3,15,13,0.31803169904596,38,4,1,2,0.0,0.3333333333333333
front3,0,2,0.6270782088149567,30,5,1,2,1.0,0.1
front3,0,2,0.6302841717461235,30,2,1,2,1.0,0.6666666666666666
front3,16,1,0.611510864533102,112,3,1,2,1.0,0.5
front3,16,1,0.5349434990631825,100,3,1,2,0.5,0.6666666666666666
front3,16,10,0.46232396862490177,148,5,2,2,1.0,0.2857142857142857
front3,15,1,0.6043881113749696,148,3,1,2,0.5,0.5
front3,16,10,0.483326138785716,112,5,2,2,0.0,0.13333333333333333
front3,16,13,0.3171101466563007,100,4,1,2,0.0,1.0
front3,15,11,0.4551461647706064,69,2,2,2,1.0,0.14285714285714285
front3,15,7,0.45405555867634184,69,5,1,2,0.0,0.14285714285714285
front3,15,8,0.4031921733060127,132,5,1,2,0.0,0.0196078431372549
front3,15,2,0.5760937701255641,112,4,1,2,1.0,0.2222222222222222
front3,15,10,0.44133180607057326,104,2,2,2,0.5,0.25
front3,15,13,0.2709880383655722,86,1,1,2,0.5,0.2857142857142857
front3,15,5,0.4388885239524563,86,1,1,2,0.0,0.2857142857142857
front3,15,13,0.22324610909252116,86,5,3,2,0.0,0.08333333333333333
front3,15,7,0.4387607938924862,86,2,1,2,0.5,0.08
front3,15,5,0.4816580483310456,122,5,1,2,0.5,0.04878048780487805
front3,15,2,0.5455495191381832,122,2,1,2,0.0,0.06666666666666667
front3,15,4,0.5261261910423602,129,5,1,2,1.0,0.0392156862745098
front3,15,7,0.4643745782027822,129,5,1,2,0.5,0.0392156862745098
front3,15,11,0.47303487935861344,129,2,2,2,0.5,0.08333333333333333
front3,15,10,0.3851935715733735,86,2,2,2,0.0,0.08
front3,15,4,0.5310435354387159,122,5,1,2,0.5,0.04878048780487805
front3,15,5,0.5264146023215261,122,2,1,2,0.5,0.06666666666666667
front3,15,10,0.3703154668131837,129,5,3,2,0.0,0.0392156862745098
front3,15,5,0.4728530000484436,3,4,1,2,0.5,0.18181818181818182
front3,0,13,0.23508978424626661,72,2,3,2,0.0,0.07692307692307693
front3,0,7,0.4463071823348591,72,2,1,2,0.0,0.07692307692307693
front3,0,11,0.4537302510527274,19,5,3,2,0.5,0.03225806451612903
front3,0,2,0.43934765092914196,90,5,1,2,1.0,0.125
front3,0,2,0.5077759405571683,72,2,1,2,0.0,0.07692307692307693
front3,15,1,0.41608514309835315,24,4,1,2,0.5,0.2857142857142857
front3,15,6,0.36658135050371693,24,5,1,2,0.0,0.6666666666666666
front3,15,2,0.40576253019005193,24,4,1,2,0.5,0.2857142857142857
front3,16,13,0.35675791993360445,153,5,3,2,0.5,0.15384615384615385
front3,15,13,0.19924109187306535,24,4,3,2,0.5,0.2857142857142857
front3,15,6,0.6366786955976144,12,2,3,2,1.0,0.08333333333333333
front3,15,2,0.45729725411963545,127,5,1,2,0.5,0.2857142857142857
front3,15,10,0.4582535603257075,132,2,2,2,1.0,0.25
front3,15,1,0.5082603847530786,127,2,1,2,0.5,0.2857142857142857
front3,15,1,0.48157379028854025,34,5,1,2,0.5,0.2857142857142857
front3,15,12,0.39989584467759015,127,4,2,2,0.5,1.0
front3,15,2,0.49631433354993254,127,2,1,2,0.0,0.2857142857142857
front3,15,12,0.4350550677078416,127,2,2,2,0.5,0.2857142857142857
front3,15,1,0.4912757171688084,5,2,1,2,1.0,0.2222222222222222
front3,15,6,0.488489831779163,34,5,3,2,1.0,0.2857142857142857
front3,17,1,0.5348138531304886,34,3,1,2,0.5,0.4
front3,16,13,0.3324584930882386,69,1,1,2,1.0,0.5
front3,16,1,0.5306004980512747,69,3,1,2,0.5,0.4
front3,15,13,0.34445502428749286,136,1,1,2,0.0,0.15384615384615385
front3,16,5,0.5469477472514094,21,3,1,2,0.5,0.15384615384615385
front3,0,11,0.4810777794583232,129,3,2,2,0.5,0.058823529411764705
front3,0,7,0.521962470514989,129,3,1,2,0.5,0.058823529411764705
front3,0,7,0.5073846866646513,157,3,1,2,0.5,1.0
front3,0,7,0.47554219551897803,97,4,1,2,0.0,0.1111111111111111
front3,15,7,0.4652074421456975,136,4,3,2,1.0,0.024691358024691357
front3,15,8,0.3654291840015448,136,4,1,2,0.0,0.024691358024691357
front3,16,3,0.5792555207893446,21,4,3,2,0.5,0.019230769230769232
front3,18,6,0.519507809777856,21,5,3,2,0.0,0.08333333333333333
front3,15,7,0.5043397953122541,96,2,1,2,0.5,0.018018018018018018
front3,15,13,0.25468428610282096,86,1,3,2,0.0,0.2857142857142857
front3,15,11,0.37486849168831055,86,5,2,2,0.0,0.08333333333333333
front3,15,4,0.48896023617991063,86,2,1,2,0.5,0.08
front3,15,5,0.4493826244218731,9,4,3,2,0.5,0.5
front3,17,9,0.4174690196058717,5,5,2,2,0.0,0.4
front3,15,10,0.499174639744957,12,5,2,2,1.0,0.25
front3,15,5,0.5781696805340011,12,2,3,2,0.5,0.08333333333333333
front3,15,1,0.5914663566477043,41,4,1,2,1.0,1.0
front3,15,7,0.49146921696905793,6,2,3,2,1.0,0.13333333333333333
front3,15,1,0.49647818225972024,6,5,1,2,0.5,0.4
front3,15,3,0.5417031632104542,6,2,3,2,0.5,0.13333333333333333
front3,15,1,0.5465561926380571,6,3,1,2,1.0,0.4
front3,0,13,0.2500590006946565,72,4,3,2,0.5,0.05
front3,0,13,0.2971309903676687,19,4,3,2,0.5,0.0625
front3,0,2,0.5979892766865009,22,5,1,2,1.0,0.125
front3,15,11,0.35777216454877064,90,5,2,2,0.0,0.08
front3,15,7,0.4215952181637688,90,2,1,2,0.0,0.18181818181818182
front3,15,7,0.49883693813261115,21,5,1,2,1.0,0.1111111111111111
front3,15,1,0.5703654047291692,21,4,1,2,0.5,0.14285714285714285
front3,16,2,0.5733809406471917,57,5,1,2,0.5,0.08
front3,15,10,0.5190012583085472,57,5,2,2,0.5,0.1111111111111111
front3,15,1,0.6271735242666464,57,4,1,2,0.5,1.0
front3,16,2,0.5431801402801415,21,4,1,2,0.5,0.019230769230769232
front3,15,5,0.5718434395103157,57,5,1,2,1.0,0.1111111111111111
front3,16,1,0.6084637328063072,57,4,1,2,0.5,0.2222222222222222
front3,16,5,0.46957851523715066,69,4,1,2,0.0,0.25
front3,15,13,0.38159207307682663,21,1,1,2,0.0,1.0
front3,16,5,0.4869988809305646,109,4,1,2,0.0,1.0
front3,16,7,0.4672361064508072,109,5,1,2,0.0,0.09090909090909091
front3,15,3,0.5611751006835549,6,3,3,2,0.5,0.4
front3,17,1,0.6769170026403256,153,2,1,2,1.0,1.0
front3,15,1,0.5091541965165524,138,4,1,2,0.0,0.18181818181818182
front3,16,6,0.5123533960154526,138,3,1,2,0.5,0.3333333333333333
front3,0,1,0.5892716202914103,19,2,1,2,0.0,0.09523809523809523
front3,0,11,0.42697538191788986,19,3,3,2,0.5,0.13333333333333333
front3,15,13,0.27576580392519934,138,4,3,2,0.0,0.18181818181818182
front3,0,13,0.3098162124528494,74,2,3,2,0.5,0.11764705882352941
front3,0,4,0.6201218439570142,96,3,1,2,0.0,0.2
front3,0,7,0.5345777328206067,96,3,1,2,0.5,0.2
front3,0,2,0.6707414190680394,74,1,1,2,0.0,1.0
front3,15,9,0.3871466660994809,156,3,2,2,0.5,0.5
front3,15,13,0.27869336423727203,37,5,2,2,0.5,0.031746031746031744
front3,16,6,0.4771118615002463,69,4,3,2,0.0,0.25
front3,17,6,0.5628561380043979,64,4,3,2,0.0,0.09090909090909091
front3,15,10,0.4233496074484699,69,2,2,2,0.0,0.14285714285714285
front3,15,6,0.5766985207048465,64,5,3,2,1.0,0.015384615384615385
front3,15,6,0.5873710214305939,64,3,3,2,0.5,0.09523809523809523
front3,16,6,0.4996346300042485,69,5,3,2,0.5,0.06666666666666667
front3,16,11,0.3608732348788551,90,5,2,2,0.5,0.5
front3,0,10,0.39402305631691187,129,3,3,2,0.0,0.058823529411764705
front3,15,10,0.36856585278905923,90,2,2,2,0.5,0.18181818181818182
front3,0,11,0.47574840387292083,35,5,2,2,0.0,0.2857142857142857
front3,0,2,0.5263860424567032,129,4,1,2,1.0,0.05405405405405406
front3,0,7,0.50260060028388,35,2,1,2,0.0,0.08333333333333333
front3,17,11,0.45549532410574073,35,5,2,2,0.5,0.4
front3,17,6,0.6020599104368735,64,3,3,2,0.5,0.2
front3,15,1,0.5974595502360979,84,3,1,2,1.0,0.6666666666666666
front3,15,1,0.5246560709470379,121,2,1,2,1.0,0.6666666666666666
front3,15,1,0.5531237072848315,84,5,1,2,0.0,0.6666666666666666
front3,15,3,0.5930787191730319,52,4,2,2,0.0,0.25
front3,15,6,0.5614407750631021,52,5,3,2,1.0,0.1
front3,15,10,0.34310547660432456,130,5,2,2,0.5,0.18181818181818182
front3,0,4,0.5977232625105001,19,2,1,2,1.0,0.09523809523809523
front3,16,1,0.40343544879641813,130,5,1,2,0.0,1.0
front3,15,6,0.4327149753029135,130,5,3,2,0.5,0.18181818181818182
front3,15,6,0.579433717147112,52,5,5,2,0.0,0.1
front3,15,6,0.5490546468746615,52,4,2,2,0.5,0.25
front3,15,6,0.5755465869343854,53,4,5,2,0.0,0.14285714285714285
front3,18,10,0.48867677314332175,53,5,2,2,1.0,0.16666666666666666
front3,15,6,0.5352121423353517,52,5,2,2,0.5,0.1
front3,18,6,0.5325814131617007,53,4,3,2,0.5,0.18181818181818182
front3,15,9,0.507629849626561,53,5,2,2,0.5,0.13333333333333333
front3,16,9,0.6220929754451319,53,5,5,2,0.0,0.2222222222222222
front3,18,9,0.64760154681437,53,4,5,2,0.0,0.18181818181818182
front3,18,6,0.5418970398836742,53,4,2,2,0.5,0.18181818181818182
front3,17,6,0.5418205239787006,50,5,3,2,1.0,0.25
front3,15,6,0.5255197905034154,50,5,2,2,0.5,0.1111111111111111
front3,16,3,0.5973439124580371,53,4,2,2,1.0,0.5
front3,0,2,0.49336483545218096,54,5,1,2,0.5,0.16666666666666666
front3,15,10,0.44376621788682785,140,2,2,2,0.0,0.15384615384615385
front3,15,8,0.46143869995047704,53,5,1,2,1.0,0.13333333333333333
front3,0,4,0.5485311164037072,97,5,1,2,0.5,0.06666666666666667
front3,0,6,0.4976577545825244,97,2,1,2,0.0,0.25
front3,0,6,0.4642173968687001,54,4,1,2,1.0,0.2
front3,16,1,0.5166499590216915,140,4,1,2,0.5,0.6666666666666666
front3,0,2,0.012601904994502157,96,4,0,2,0.0,0.02564102564102564
front3,0,1,0.5625715821038538,97,2,1,2,1.0,0.25
front3,0,13,0.3214591663635535,97,4,1,2,0.5,0.1111111111111111
front3,15,1,0.4966631542372924,126,3,1,2,1.0,0.11764705882352941
front3,15,13,0.3710039616656075,118,5,3,2,1.0,0.08695652173913043
front3,16,6,0.42442528510018834,126,4,1,2,0.0,1.0
front3,15,7,0.4504137316619172,70,5,1,2,0.0,0.5
front3,16,10,0.40168541389964535,70,5,2,2,1.0,0.2222222222222222
front3,15,1,0.48914860762760953,70,1,1,2,0.5,0.6666666666666666
front3,15,9,0.5166217231862353,53,4,2,2,1.0,0.14285714285714285
front3,15,5,0.5197044008797862,53,4,2,2,0.5,0.14285714285714285
front3,15,10,0.4713771762765039,53,5,2,2,0.5,0.13333333333333333
front3,15,3,0.5766782726382298,53,5,2,2,0.5,0.13333333333333333
front3,15,9,0.6424313394494876,53,5,5,2,1.0,0.13333333333333333
front3,16,2,0.5116276850605929,101,5,1,2,0.5,0.4
front3,15,8,0.44564657977990213,53,5,3,2,1.0,0.13333333333333333
front3,15,1,0.5429444371722696,106,4,1,2,0.0,0.1111111111111111
front3,16,2,0.5371175098321719,101,4,1,2,0.5,0.11764705882352941
front3,18,10,0.4576569284536444,106,4,2,2,1.0,0.14285714285714285
front3,16,3,0.5699512826254206,101,4,3,2,1.0,0.11764705882352941
front3,16,10,0.4503324141883562,101,5,2,2,0.5,0.4
front3,0,1,0.5144374760177208,62,4,1,2,1.0,0.6666666666666666
front3,15,1,0.009302555433377449,4,3,0,2,0.0,0.14285714285714285
front3,0,10,0.4053772018601882,62,5,2,2,0.5,0.16666666666666666
front3,0,11,0.4988803284953359,135,3,3,2,1.0,0.4
front3,0,1,0.6260806904487077,135,5,1,2,0.5,0.2
front3,0,4,0.5466095679066276,70,3,1,2,0.0,0.0425531914893617
front3,15,11,0.40510832829397386,126,2,2,2,0.0,0.25
front3,0,13,0.29629282471548296,39,5,3,2,0.5,0.1
front3,0,13,0.3134209128225929,39,4,1,2,0.5,0.08695652173913043
front3,0,6,0.48956765820253645,39,4,1,2,0.0,0.08695652173913043
front3,0,6,0.4680271152249837,54,5,1,2,0.5,0.16666666666666666
front3,0,10,0.4109309222699437,70,5,2,2,0.0,0.05555555555555555
front3,15,13,0.22535048254350887,143,5,3,2,0.0,0.2857142857142857
front3,15,12,0.43598647509507743,68,4,3,2,0.0,0.3333333333333333
front3,15,1,0.42615919797996815,143,5,1,2,0.5,0.2857142857142857
front3,15,10,0.35305082155964984,143,2,2,2,0.0,0.25
front3,15,12,0.4868230134468197,68,4,2,2,0.0,0.3333333333333333
front3,16,13,0.3112210875163498,96,1,3,2,0.5,0.3333333333333333
front3,16,12,0.47870465740243057,68,5,2,2,0.0,0.6666666666666666
front3,15,1,0.5988212649252563,68,3,1,2,0.5,0.5
front3,15,8,0.4467996380169164,11,5,1,2,0.5,0.03333333333333333
front3,16,2,0.5005810528044374,96,4,1,2,1.0,0.18181818181818182
front3,15,8,0.47205230170648055,11,2,1,2,0.5,0.04878048780487805
front3,15,3,0.5020046408823265,37,4,3,2,1.0,0.07142857142857142
front3,0,2,0.5917356245368827,23,4,1,2,0.5,0.15384615384615385
front3,0,5,0.6058741255932237,70,1,1,2,0.0,0.18181818181818182
front3,0,11,0.5011811026324985,23,3,2,2,0.0,0.16666666666666666
front3,0,10,0.4708319950208027,19,2,2,2,0.0,0.09523809523809523
front3,0,11,0.5486123656000792,23,2,2,2,1.0,0.2
front3,0,13,0.3829084551982719,23,4,1,2,0.5,0.15384615384615385
front3,0,1,0.675566402334637,23,5,1,2,0.5,0.2
front3,0,6,0.5523707312252655,19,3,1,2,0.5,0.13333333333333333
front3,0,4,0.5692630792010787,70,2,1,2,0.0,0.017857142857142856
front3,15,10,0.41703487804563205,37,2,2,2,0.0,0.18181818181818182
front3,15,11,0.40324109399642377,99,4,2,2,0.0,0.14285714285714285
front3,15,3,0.5345250823462996,37,5,3,2,1.0,0.031746031746031744
front3,16,1,0.49751994233063707,99,3,1,2,0.5,0.3333333333333333
front3,16,6,0.48813981383163774,96,4,3,2,0.5,0.18181818181818182
front3,15,2,0.4803107579405545,37,5,1,2,0.5,0.031746031746031744
front3,16,4,0.579681438809914,96,5,4,2,0.5,0.125
front3,15,1,0.5122611885312274,91,2,1,2,0.5,0.14285714285714285
front3,15,13,0.28594019513913266,134,4,1,2,0.0,0.6666666666666666
front3,15,10,0.4089020241794409,134,2,2,2,0.0,0.4
front3,15,1,0.4932460664654624,134,2,1,2,1.0,0.4
front3,16,10,0.4473151606566054,142,5,2,2,1.0,0.3333333333333333
front3,15,13,0.22872535677277464,93,4,3,2,0.0,0.4
front3,15,1,0.5517227152199933,142,4,1,2,1.0,1.0
front3,15,1,0.4790446213046905,93,4,1,2,0.5,0.4
front3,18,1,0.48047499478833355,142,5,1,2,0.5,0.6666666666666666
front3,15,1,0.4378543385797529,146,5,1,2,0.5,0.25
front3,15,11,0.3774017495740868,160,2,2,2,0.5,0.5
front3,15,10,0.340124955782338,160,3,2,2,0.5,0.4
front3,15,10,0.36420951075747543,79,5,2,2,0.5,0.6666666666666666
front3,15,10,0.40464090828982485,141,2,2,2,0.5,0.18181818181818182
front3,15,10,0.3877511038968768,124,5,2,2,0.5,1.0
front3,15,3,0.4842192791856666,146,2,3,2,0.0,0.09523809523809523
front3,0,5,0.5059976604645378,67,3,1,2,0.0,0.25
front3,0,6,0.4908128306245061,67,3,1,2,0.0,0.25
front3,0,2,0.4788602959520714,67,4,1,2,0.5,0.18181818181818182
front3,0,2,0.010345803777079993,70,3,0,2,0.0,0.0425531914893617
front3,15,1,0.5511668121310597,23,2,1,2,1.0,0.2857142857142857
front3,15,13,0.31920658862154055,23,2,3,2,0.5,0.2857142857142857
front3,16,5,0.44302630063504456,70,5,1,2,0.5,0.2222222222222222
front3,16,6,0.45143111379466394,70,4,3,2,0.0,0.4
front3,0,2,0.5719609142223806,23,3,1,2,1.0,0.16666666666666666
front3,15,9,0.5858413490512321,82,4,2,2,0.5,0.08333333333333333
front3,15,10,0.390068031777761,141,3,2,2,0.5,0.2222222222222222
front3,15,3,0.5754991627262392,145,2,3,2,0.5,0.5
front3,15,5,0.5157815739738949,145,3,3,2,0.0,0.3333333333333333
front3,15,6,0.5365677450545344,145,5,3,2,0.5,0.3333333333333333
front3,15,10,0.4700730558630119,145,2,2,2,1.0,0.5
front3,15,10,0.44165504968380936,145,5,2,2,1.0,0.3333333333333333
front3,15,13,0.3413175190676267,80,3,3,2,0.5,0.18181818181818182
front3,15,1,0.575423770844505,80,4,1,2,0.5,0.6666666666666666
front3,15,2,0.4908235386848289,128,5,1,2,1.0,0.021052631578947368
front3,15,1,0.4343696259313531,61,4,1,2,0.5,0.5
front3,0,10,0.42025054370455667,56,4,2,2,0.5,0.2222222222222222
front3,0,3,0.4908602066141133,115,2,3,2,0.0,0.11764705882352941
front3,15,13,0.2748831201764137,157,3,3,2,0.0,0.4
front3,15,6,0.5296449418646881,157,2,1,2,1.0,0.16666666666666666
front3,15,1,0.5454224172230665,157,2,1,2,0.5,0.16666666666666666
front3,15,13,0.2864754358825521,96,4,3,2,0.0,0.018518518518518517
front3,15,10,0.4340897191971134,77,5,2,2,0.5,0.16666666666666666
front3,15,10,0.4283985236239423,157,2,2,2,0.5,0.16666666666666666
front3,15,6,0.4032107717809204,164,5,2,2,0.0,0.25
front3,15,9,0.5772722253392877,82,3,2,2,0.5,0.4
front3,15,5,0.3943034823990747,160,5,3,2,0.0,0.15384615384615385
front3,0,2,0.4988728870232425,158,2,1,2,1.0,0.11764705882352941
front3,0,2,0.5077870798034829,67,2,1,2,1.0,0.3333333333333333
front3,0,6,0.5127005318324683,136,5,1,2,0.5,0.023809523809523808
front3,0,10,0.5344687575130856,44,5,2,2,0.5,0.08695652173913043
front3,0,13,0.3802631917960989,44,5,3,2,0.5,0.08695652173913043
front3,0,5,0.49118523821477994,158,5,1,2,0.5,0.08333333333333333
front3,0,11,0.4602130781305076,67,2,2,2,0.5,0.3333333333333333
front3,0,1,0.5104296758385649,67,3,1,2,1.0,0.25
front3,0,10,0.4303693407509476,67,2,2,2,0.5,0.3333333333333333
front3,15,6,0.41323224648506646,164,4,2,2,0.5,0.2857142857142857
front3,0,11,0.5350906229315371,67,5,2,2,0.5,0.5
front3,15,1,0.4626092893702148,83,2,1,2,0.0,0.5
front3,17,2,0.4552949986700155,92,4,1,2,1.0,0.09090909090909091
front3,16,10,0.3453250133246579,92,5,2,2,0.5,0.18181818181818182
front3,15,13,0.2886498741882212,150,4,3,2,0.5,0.25
front3,15,2,0.5461494193907778,150,3,1,2,0.5,0.05
front3,15,10,0.36453003767199216,92,2,2,2,0.0,0.5
front3,15,10,0.46573907605946896,101,3,2,2,0.0,0.04081632653061224
front3,15,1,0.41015128793430056,61,5,1,2,0.0,0.16666666666666666
front3,15,5,0.5249569077823207,150,3,1,2,0.0,0.05
front3,15,13,0.28921011985601397,136,4,3,2,0.0,0.024691358024691357
front3,16,1,0.4160632966067949,61,4,1,2,0.5,0.6666666666666666
front3,15,2,0.39697416210077163,61,5,1,2,0.0,0.16666666666666666
front3,15,5,0.3774946993576278,61,5,1,2,0.0,0.16666666666666666
front3,15,7,0.4619209118882545,16,3,1,2,0.5,0.6666666666666666
front3,16,5,0.5094663177520652,136,3,1,2,0.5,0.2857142857142857
front3,15,1,0.5114724814696793,58,3,1,2,0.0,1.0
front3,15,6,0.457911261609221,58,4,1,2,0.0,0.4
front3,16,6,0.4409947669323326,58,4,1,2,0.5,0.6666666666666666
front3,15,6,0.4750116505874683,110,4,1,2,0.5,0.4
front3,16,6,0.4412541044960367,110,4,1,2,0.5,0.2222222222222222
front3,15,1,0.44184047506509805,90,4,1,2,0.0,0.2
front3,16,2,0.5313947275692028,150,3,1,2,0.0,0.25
front3,16,10,0.4276167811058439,150,2,2,2,0.5,0.2
front3,16,6,0.5293306433127586,150,3,1,2,0.5,0.25
front3,15,13,0.348311092330566,36,5,3,2,0.5,0.1111111111111111
front3,0,6,0.47806927679540495,158,2,3,2,0.5,0.11764705882352941
front3,0,10,0.4052277065548961,158,2,2,2,0.0,0.11764705882352941
front3,17,1,0.5683005047095608,36,5,1,2,1.0,0.2857142857142857
front3,0,13,0.3109748829505639,136,2,3,2,0.0,0.016
front3,0,6,0.5190425599179403,136,2,3,2,0.0,0.016
front3,16,1,0.4582735789154697,161,5,1,2,0.5,1.0
front3,17,6,0.5475754977476649,36,5,1,2,1.0,0.2857142857142857
front3,15,2,0.5708945136250425,36,5,1,2,0.0,0.1111111111111111
front3,15,6,0.4482253885592309,161,5,1,2,0.0,0.4
front3,15,1,0.6284727503062091,31,3,1,2,1.0,1.0
front3,15,10,0.4750472993080781,31,5,2,2,0.5,0.09090909090909091
front3,15,4,0.5766870455539775,122,5,4,2,0.5,0.04878048780487805
front3,15,2,0.48847946345816595,0,5,1,2,1.0,0.25
front3,15,1,0.5601740766939297,113,5,1,2,0.5,0.2
front3,15,10,0.4929494460566784,113,2,2,2,1.0,0.3333333333333333
front3,15,10,0.4132685210734932,113,5,3,2,0.0,0.2
front3,15,10,0.43158277206920903,150,3,2,2,0.0,0.05
front3,15,6,0.509281962960987,150,5,3,2,0.5,0.15384615384615385
front3,15,2,0.49052446193315985,150,5,1,2,0.0,0.15384615384615385
front3,15,1,0.5029738432029612,0,5,1,2,0.0,0.25
front3,15,6,0.5209105558501547,0,2,1,2,0.0,0.2857142857142857
front3,17,11,0.4297796058625262,0,5,2,2,0.5,0.2857142857142857
front3,15,6,0.48612471235197335,0,4,1,2,0.0,0.6666666666666666
front3,15,13,0.34592892557999433,101,5,1,2,0.5,0.022988505747126436
front3,17,13,0.3067669048094243,157,5,1,2,0.0,0.08695652173913043
front3,17,10,0.438278494384136,157,5,2,2,0.5,0.08695652173913043
front3,15,11,0.42984707657481186,13,3,2,2,1.0,0.11764705882352941
front3,17,5,0.5156198951332686,101,5,1,2,0.5,0.045454545454545456
front3,17,2,0.5327154430730294,101,5,1,2,0.5,0.045454545454545456
front3,17,1,0.4544972584208198,13,5,1,2,0.0,0.4
front3,17,6,0.4321520314784163,13,5,1,2,0.0,0.4
front3,15,7,0.5130527288948885,101,5,1,2,1.0,0.022988505747126436
front3,15,6,0.5435552173463625,132,2,1,2,0.5,0.25
front3,15,2,0.5205438775137696,162,5,1,2,0.0,0.4
front3,15,6,0.5110520474266005,132,4,1,2,0.5,0.025974025974025976
front3,15,4,0.5681924574899555,132,4,4,2,0.5,0.025974025974025976
front3,15,10,0.42527209629693813,159,5,2,2,1.0,0.14285714285714285
front3,15,6,0.5109154291348637,159,4,1,2,0.0,0.13333333333333333
front3,0,13,0.28198079085839445,133,2,3,2,1.0,0.029411764705882353
front3,15,5,0.5931412682804709,112,3,1,2,1.0,0.3333333333333333
front3,15,6,0.5819067362119983,21,3,1,2,0.0,0.6666666666666666
front3,15,6,0.49156039053553086,70,2,1,2,0.0,0.024390243902439025
front3,0,10,0.4585549559325047,26,5,2,2,0.5,0.2857142857142857
front3,15,6,0.5791513367594783,112,1,1,2,0.0,0.5
front3,15,5,0.4736982889496099,33,4,1,2,0.5,1.0
front3,15,10,0.4674760363790722,149,5,2,2,1.0,0.5
front3,0,12,0.5243421912502311,155,2,2,2,1.0,0.3333333333333333
front3,0,10,0.6197649783174308,155,4,5,2,1.0,0.15384615384615385
front3,0,13,0.30241648535057486,78,4,2,2,0.5,0.10526315789473684
front3,0,10,0.4895884551154161,155,2,2,2,1.0,0.3333333333333333
front3,0,10,0.572476521922904,155,4,4,2,0.0,0.15384615384615385
front3,0,12,0.5169918537109203,155,3,2,2,0.5,0.6666666666666666
front3,15,11,0.4798237756096134,21,5,2,2,0.5,0.1111111111111111
front3,0,10,0.47487417569349827,155,4,2,2,0.5,0.15384615384615385
front3,0,1,0.44571668963688005,94,4,1,2,0.0,0.18181818181818182
front3,18,3,0.5454400640633644,21,5,1,2,0.5,0.08333333333333333
front3,16,2,0.5224039030716937,149,4,1,2,0.0,1.0
front3,0,10,0.3613959637264094,3,5,3,2,0.5,0.08333333333333333
front3,0,11,0.40014711903493033,133,2,3,2,1.0,0.029411764705882353
front3,0,1,0.5069556836181005,3,2,1,2,0.5,0.2222222222222222
front3,0,2,0.6229768492107673,14,3,1,2,0.0,0.6666666666666666
front3,15,1,0.4473433445484775,98,5,1,2,1.0,0.14285714285714285
front3,0,1,0.5462413819401802,26,5,1,2,1.0,0.2857142857142857
front3,0,7,0.5159510036063826,133,5,3,2,0.5,0.023809523809523808
front3,15,6,0.42066055556661824,98,5,1,2,0.0,0.14285714285714285
front3,15,2,0.4353282635395557,98,5,1,2,0.0,0.14285714285714285
front3,15,13,0.3209724192734318,101,4,3,2,0.0,0.05128205128205128
front3,16,10,0.3942308349228625,81,5,2,2,0.0,0.25
front3,16,1,0.5312480037758109,81,4,1,2,0.5,0.5
front3,16,2,0.49093595323763517,81,1,1,2,0.0,1.0
front3,15,10,0.402520805494996,81,5,2,2,0.5,0.07142857142857142
front3,15,4,0.4847394488952988,29,4,1,2,0.5,0.2
front3,17,13,0.3485459914870058,101,4,1,2,0.0,0.09523809523809523
front3,15,1,0.46359038395901164,29,2,1,2,0.0,0.3333333333333333
front3,16,1,0.46926570665268125,81,5,1,2,1.0,0.25
front3,15,1,0.5399979404363158,29,3,1,2,0.5,1.0
front3,15,5,0.504350887926713,101,4,3,2,0.0,0.05128205128205128
front3,15,1,0.4507864124750997,32,5,1,2,1.0,0.18181818181818182
front3,18,12,0.5372297980971055,155,2,2,2,1.0,1.0
front3,16,10,0.36663715085167614,32,3,2,2,0.0,1.0
front3,17,11,0.4012269164140964,32,4,2,2,0.5,0.6666666666666666
front3,17,10,0.42014472256956287,32,2,2,2,0.0,1.0
front3,0,3,0.5599011065404069,136,4,3,2,1.0,0.3333333333333333
front3,15,10,0.3796879251152342,150,3,3,2,0.5,0.05
front3,18,10,0.4706919440717716,21,5,2,2,0.5,0.08333333333333333
front3,16,11,0.5132149442000826,64,5,2,2,0.5,0.09090909090909091
front3,15,2,0.5821805905062181,64,4,1,2,1.0,0.029850746268656716
front3,0,10,0.4287353236903991,157,4,2,2,0.5,0.06451612903225806
front3,0,13,0.2835571024420434,107,5,3,2,0.0,0.09523809523809523
front3,15,2,0.44202029352069727,29,4,1,2,0.5,0.2
front3,0,10,0.45981702337400293,122,2,2,2,0.0,0.11764705882352941
front3,0,13,0.31796858254592514,157,4,1,2,0.5,0.06451612903225806
front3,0,5,0.5261026540990519,157,4,1,2,1.0,0.06451612903225806
front3,0,13,0.33994100755964846,122,2,1,2,1.0,0.11764705882352941
front3,0,7,0.4949660651084667,122,5,1,2,1.0,0.08333333333333333
front3,16,1,0.45927926266152447,1,5,1,2,0.0,0.6666666666666666
front3,17,4,0.44025512817568085,92,5,1,2,0.5,0.05714285714285714
front3,15,13,0.23379633385095178,18,4,1,2,0.5,0.5
front3,17,13,0.2454096211693569,18,5,1,2,0.5,0.5
front3,17,13,0.25123805202407495,18,4,1,2,0.5,0.6666666666666666
front3,0,12,0.5323757819131022,49,2,2,2,1.0,0.5
front3,0,10,0.4902085619625937,49,2,2,2,0.5,0.5
front3,16,1,0.4154725950145952,92,5,1,2,0.0,0.18181818181818182
front3,16,11,0.3490323996227405,92,2,3,2,0.0,0.13333333333333333
front3,0,13,0.2758296140112213,107,2,3,2,0.5,0.1
front3,0,3,0.5996344022262721,49,4,3,2,1.0,0.2857142857142857
front3,15,7,0.36363776725642827,18,5,1,2,0.5,0.2222222222222222
front3,0,10,0.38996673549977257,139,5,2,2,0.0,0.15384615384615385
front3,15,13,0.21267609445672994,115,2,3,2,0.5,0.04081632653061224
front3,15,6,0.40479931746473424,115,5,1,2,0.0,0.05128205128205128
front3,16,6,0.41780077518091124,115,4,1,2,0.5,0.2222222222222222
front3,15,13,0.3082202836407229,144,4,3,2,0.5,0.03278688524590164
front3,18,1,0.45525892375467486,3,4,1,2,1.0,0.4
front3,15,3,0.5776152494153838,155,2,3,2,0.5,0.03225806451612903
front3,15,13,0.30733227489030834,116,4,3,2,0.0,0.2857142857142857
front3,15,5,0.4431515046486017,2,5,3,2,0.0,0.1
front3,15,13,0.31800129930625864,116,3,3,2,0.5,0.15384615384615385
front3,15,10,0.4539860390333227,116,4,2,2,0.0,0.2857142857142857
front3,15,6,0.45022025858347725,2,4,3,2,0.0,0.25
front3,15,10,0.370899508462027,2,4,2,2,0.0,0.25
front3,15,10,0.40862819542800793,2,2,2,2,0.5,1.0
front3,15,11,0.47518219360596065,106,3,2,2,1.0,0.10526315789473684
front3,18,2,0.5296383271113774,106,4,1,2,0.0,0.14285714285714285
front3,15,11,0.40069811215820594,96,3,3,2,0.0,0.0392156862745098
front3,0,5,0.6017238251438793,59,2,1,2,1.0,0.11764705882352941
front3,15,10,0.5547193933462563,155,2,5,2,0.0,0.03225806451612903
front3,16,2,0.4057683270593931,92,5,1,2,0.0,0.18181818181818182
front3,16,7,0.4978053144620785,136,2,1,2,1.0,0.06896551724137931
front3,15,10,0.42799007219981344,96,3,2,2,0.0,0.0392156862745098
front3,16,3,0.6009780193622023,21,3,3,2,0.5,0.15384615384615385
front3,15,3,0.5448378812922079,96,2,3,2,0.5,0.018018018018018018
front3,15,2,0.37757266447862864,108,4,1,2,0.0,0.2
front3,15,1,0.3752722672597684,108,5,1,2,0.0,0.6666666666666666
front3,16,10,0.4686321528751604,47,2,2,2,0.5,0.18181818181818182
front3,15,1,0.5147705923776186,136,5,2,2,0.0,0.008368200836820083
front3,16,7,0.5407642562949116,21,2,1,2,1.0,0.043478260869565216
front3,15,13,0.361163767585101,47,4,1,2,1.0,0.3333333333333333
front3,16,2,0.49525004289245145,136,4,1,2,0.0,0.125
front3,0,2,0.6803816273985034,88,1,1,2,1.0,0.6666666666666666
front3,0,13,0.32220786109744504,122,4,1,2,0.5,0.09523809523809523
front3,15,13,0.27150814481242075,8,4,3,2,0.0,0.2857142857142857
front3,15,13,0.2706080001679049,8,5,3,2,1.0,0.046511627906976744
front3,0,1,0.614562933331773,51,4,1,2,0.0,0.4
front3,15,13,0.36325880553510664,64,1,3,2,0.5,1.0
front3,15,2,0.5850106399998583,64,2,1,2,1.0,0.13333333333333333
front3,15,6,0.522836100244195,150,2,3,2,0.0,0.03333333333333333
front3,16,13,0.30990677985252646,150,2,3,2,0.5,0.2
front3,15,10,0.3715130696174523,55,2,2,2,0.0,0.08695652173913043
front3,16,7,0.5418141687030053,113,2,3,2,1.0,0.13333333333333333
front3,15,2,0.45722829267127474,55,2,1,2,0.5,0.08695652173913043
front3,15,11,0.3982499467613903,55,2,2,2,1.0,0.08695652173913043
front3,15,1,0.47324441686240426,40,2,1,2,0.5,0.2222222222222222
front3,15,2,0.460774495888392,40,2,1,2,0.5,0.2222222222222222
front3,15,10,0.37010711447610206,40,2,2,2,0.5,0.2222222222222222
front3,15,5,0.47589761911494977,129,5,1,2,0.0,0.0392156862745098
front3,16,11,0.46523466530755764,129,2,2,2,0.5,0.4
front3,15,4,0.5454999006388078,111,5,1,2,1.0,0.022988505747126436
front3,15,2,0.5307357851539353,111,4,1,2,0.5,0.08333333333333333
front3,17,10,0.5609386287249972,62,2,5,2,0.5,0.14285714285714285
front3,15,5,0.4374697331285075,62,5,1,2,0.0,0.16666666666666666
front3,15,5,0.44941030699447104,62,4,1,2,0.5,1.0
front3,15,4,0.4913845999044885,62,5,1,2,0.0,0.16666666666666666
front3,15,11,0.43319653703039807,62,2,2,2,0.0,0.3333333333333333
front3,15,5,0.5094180193026989,62,1,1,2,0.0,1.0
front3,16,11,0.42769020397862195,62,2,2,2,1.0,0.6666666666666666
front3,17,5,0.5091518355562733,62,2,1,2,0.0,0.14285714285714285
front3,15,1,0.5423849923667354,155,5,1,2,0.5,0.03125
front3,15,2,0.48780015405641103,17,2,1,2,0.5,1.0
front3,16,2,0.5491193142996899,112,5,1,2,1.0,0.13333333333333333
front3,15,13,0.35079895572922903,112,5,3,2,0.5,0.05714285714285714
front3,15,10,0.40859333565429057,136,4,2,2,0.5,0.024691358024691357
front3,16,6,0.45873319942542756,17,5,3,2,0.5,0.2222222222222222
front3,16,13,0.25494369625543034,17,5,3,2,0.5,0.2222222222222222
front3,15,2,0.44002250744142124,17,5,1,2,0.0,0.4
front3,15,12,0.5845769752205164,155,2,5,2,0.5,0.03225806451612903
front3,16,6,0.5119174582644911,136,2,3,2,0.0,0.06896551724137931
front3,15,2,0.5403560191072023,85,5,1,2,1.0,0.07692307692307693
front3,15,1,0.5479177100596457,20,3,1,2,0.5,0.4
front3,15,5,0.4996963433666534,20,4,1,2,0.5,0.2857142857142857
front3,16,10,0.43635045511812365,144,5,2,2,0.5,0.5
front3,16,2,0.4598706164610477,8,5,1,2,0.0,0.16666666666666666
front3,15,2,0.4715354175955379,8,5,1,2,0.5,0.046511627906976744
front3,15,3,0.5409765507604848,136,4,3,2,0.5,0.024691358024691357
front3,15,3,0.557963519403213,136,5,3,2,1.0,0.008368200836820083
front3,15,1,0.5117938973650247,103,3,1,2,0.0,0.4
front3,15,12,0.4348187964544352,102,2,2,2,0.0,0.6666666666666666
front3,15,11,0.40582797278740435,102,5,2,2,0.0,0.11764705882352941
front3,15,7,0.437446731136432,107,4,1,2,1.0,0.13333333333333333
front3,0,11,0.524208044889802,111,5,2,2,0.5,0.06666666666666667
front3,15,1,0.47379122986214767,151,4,1,2,0.5,0.3333333333333333
front3,0,2,0.5584227464534111,111,4,1,2,0.5,0.2
front3,0,5,0.5618879325533557,111,5,1,2,1.0,0.06666666666666667
front3,17,10,0.35787499583810944,28,5,2,2,0.0,0.2222222222222222
front3,15,11,0.3345419263562384,151,4,3,2,0.0,0.3333333333333333
front3,15,1,0.45076016709936423,151,5,1,2,0.0,0.6666666666666666
front3,15,6,0.5929864788228807,112,2,3,2,0.0,0.06451612903225806
front3,15,2,0.5992799369217193,112,2,1,2,0.5,0.06451612903225806
front3,15,11,0.34784321220876374,151,3,3,2,1.0,0.2
front3,15,1,0.49805961074282346,151,2,1,2,1.0,1.0
front3,15,10,0.340995946890083,151,3,3,2,0.0,0.2
front3,15,7,0.5100440873300338,150,3,1,2,1.0,0.05
front3,15,1,0.46096829503109554,46,5,1,2,0.5,0.4
front3,16,1,0.4678508924423516,46,4,1,2,1.0,0.5
front3,15,10,0.3359976473287354,46,4,3,2,0.0,0.3333333333333333
front3,0,10,0.5537620479653161,57,5,2,2,1.0,0.18181818181818182
front3,0,1,0.6658254644611348,57,2,1,2,0.5,1.0
front3,0,1,0.6687664151683684,57,3,1,2,0.5,0.5
front3,0,13,0.25892990277750383,78,4,3,2,0.0,0.10526315789473684
front3,0,12,0.4265880001987891,78,5,3,2,1.0,0.08695652173913043
front3,0,8,0.4160160150499063,78,5,1,2,0.5,0.08695652173913043
front3,16,13,0.26790790870210224,107,3,3,2,1.0,0.2222222222222222
front3,15,13,0.2657609686573851,128,5,3,2,0.0,0.021052631578947368
front3,15,13,0.2693226966884167,107,3,3,2,0.0,0.2857142857142857
front3,15,10,0.42016304406320865,107,2,2,2,0.5,0.2857142857142857
front3,15,10,0.4009624446941561,163,4,2,2,0.5,0.1
front3,15,11,0.3648262487928738,163,4,3,2,0.0,0.1
front3,15,10,0.40041150700614053,163,5,2,2,1.0,0.25
front3,15,4,0.48738396504977005,163,5,1,2,0.0,0.25
front3,15,1,0.4802040164391015,163,5,1,2,0.5,0.25
front3,15,12,0.37854116859692133,156,4,2,2,0.0,0.6666666666666666
front3,15,12,0.41451174593705115,156,5,2,2,0.0,0.16666666666666666
front3,16,1,0.45924254132715053,48,4,1,2,0.5,0.6666666666666666
front3,16,1,0.4200350610987323,156,5,1,2,0.5,0.6666666666666666
front3,17,10,0.36956252272572154,156,5,2,2,0.5,0.6666666666666666
front3,15,10,0.47596500459654195,156,2,5,2,0.5,0.0625
front3,17,6,0.49275869407790557,48,4,3,2,1.0,0.3333333333333333
front3,17,7,0.5867414233053303,157,2,1,2,1.0,0.14285714285714285
front3,15,9,0.40560617139146576,156,2,2,2,0.5,0.0625
front3,0,1,0.488973146439001,65,4,1,2,1.0,0.2857142857142857
front3,0,2,0.4751130431360001,65,4,1,2,0.5,0.2857142857142857
front3,0,13,0.3082065940932663,65,5,1,2,0.5,0.18181818181818182
front3,0,1,0.49983099085981036,65,2,1,2,0.5,0.5
front3,16,2,0.5581769796014119,21,2,1,2,1.0,0.043478260869565216
front3,0,13,0.24046290637974418,65,4,3,2,0.5,0.2857142857142857
front3,16,1,0.5466626201932662,111,2,1,2,0.5,1.0
front3,15,4,0.526438011025535,70,3,1,2,0.5,0.11764705882352941
front3,15,2,0.6053520163725056,137,2,1,2,0.0,0.3333333333333333
front3,16,13,0.29408818946793935,96,5,3,2,0.0,0.125
front3,15,11,0.5328575406265709,137,2,2,2,0.5,0.3333333333333333
front3,15,6,0.5383615050366745,129,2,1,2,0.5,0.08333333333333333
front3,15,13,0.2804809292690435,129,2,3,2,0.0,0.08333333333333333
front3,15,13,0.28707682244065386,96,3,3,2,0.0,0.0392156862745098
front3,15,11,0.4014536693919012,96,5,3,2,0.0,0.006535947712418301
front3,15,2,0.46664590268178624,13,5,1,2,0.0,0.5
front3,15,11,0.3775015150982461,13,3,3,2,0.5,0.11764705882352941
front3,15,11,0.4381635278665232,13,2,2,2,0.5,0.05714285714285714
front3,15,1,0.5159693610620114,54,1,1,2,0.5,0.6666666666666666
front3,15,7,0.48454708760589943,54,5,1,2,0.5,0.15384615384615385
front3,16,1,0.54178987017167,111,1,1,2,0.5,0.6666666666666666
front3,15,12,0.39917447814473994,139,2,2,2,0.5,0.5
front3,15,3,0.6680811893154542,57,3,3,2,0.5,0.4
front3,15,10,0.4245639345151829,56,2,2,2,0.5,0.5
front3,15,12,0.5379025480617506,56,5,5,2,0.5,0.1111111111111111
front3,15,1,0.5604303115839029,111,2,1,2,0.0,0.6666666666666666
front3,0,13,0.01420088204087812,7,2,0,2,0.0,0.09090909090909091
front3,0,1,0.5333859876801943,7,5,1,2,0.0,1.0
front3,0,6,0.5247576944512939,96,2,1,2,1.0,0.021052631578947368
front3,15,13,0.3184129031732179,50,5,3,2,0.5,0.1111111111111111
front3,15,1,0.5513570578844297,50,4,1,2,0.5,0.3333333333333333
front3,16,6,0.5282600308103219,50,5,3,2,0.0,0.4
front3,16,13,0.29565851648778924,96,3,3,2,0.0,0.3333333333333333
front3,15,6,0.5218677280261582,96,5,3,2,1.0,0.006535947712418301
front3,15,1,0.5049307240489005,56,5,1,2,0.5,0.1111111111111111
front3,15,12,0.44869511228215136,56,2,2,2,1.0,0.5
front3,15,6,0.5928215375472538,106,2,1,2,0.5,0.09090909090909091
front3,15,3,0.5474276029203919,96,4,3,2,0.5,0.018518518518518517
front3,15,3,0.5886278505217225,11,4,3,2,0.5,0.13333333333333333
front3,15,6,0.5022717251257057,96,4,3,2,0.0,0.018518518518518517
front3,16,1,0.5724436628636445,21,3,1,2,0.5,0.15384615384615385
front3,15,5,0.42427025869852275,110,5,1,2,0.0,0.07692307692307693
front3,15,13,0.24642433218702584,110,5,1,2,0.0,0.07692307692307693
front3,16,1,0.5333885030055072,129,3,1,2,0.5,0.4
front3,15,7,0.4734263065181251,96,5,1,2,0.0,0.006535947712418301
front3,15,11,0.49654592105413653,101,3,2,2,1.0,0.04081632653061224
front3,15,5,0.5544874485157074,101,2,1,2,0.0,0.028985507246376812
front3,15,10,0.3736599820253498,110,5,2,2,0.5,0.07692307692307693
front3,16,6,0.5585607073404932,21,2,1,2,1.0,0.043478260869565216
front3,0,10,0.45954381042552744,45,4,2,2,0.5,0.10526315789473684
front3,0,13,0.35679919513493424,45,5,1,2,0.5,0.13333333333333333
front3,15,6,0.5177691099678534,21,5,1,2,0.0,0.1111111111111111
front3,0,1,0.5629815719550553,45,4,1,2,0.5,0.10526315789473684
front3,15,12,0.3694585888745294,139,4,2,2,0.5,0.3333333333333333
front3,15,11,0.5424084558358587,57,5,2,2,1.0,0.1111111111111111
front3,15,10,0.3597929966320467,139,4,2,2,0.0,0.3333333333333333
front3,15,13,0.3336484963632001,21,5,1,2,0.5,0.1111111111111111
front3,16,9,0.47984699395990554,21,5,1,2,0.5,0.015748031496062992
front3,15,13,0.22932063538054331,115,2,1,2,0.0,0.04081632653061224
front3,15,10,0.4677498212847553,144,2,2,2,0.5,0.07692307692307693
front3,15,13,0.2273623891522727,115,5,1,2,0.5,0.05128205128205128
front3,15,13,0.26299517475360384,115,4,1,2,1.0,0.08333333333333333
front3,16,6,0.4201805577692255,158,5,1,2,0.5,0.18181818181818182
front3,15,4,0.4878692496871582,115,2,1,2,1.0,0.04081632653061224
front3,15,11,0.3206712976593452,115,5,3,2,0.0,0.05128205128205128
front3,15,6,0.5055696861080926,71,3,1,2,0.0,0.18181818181818182
front3,15,6,0.4921647130791139,71,2,1,2,1.0,0.4
front3,15,1,0.3920632824923713,87,5,1,2,0.0,0.5
front3,0,1,0.5201622603971002,78,5,1,2,0.5,0.08695652173913043
front3,0,10,0.3944924288529636,78,5,3,2,0.0,0.08695652173913043
front3,15,7,0.5179570780709478,128,3,1,2,0.5,0.05263157894736842
front3,0,10,0.5102888395029509,21,3,2,2,0.5,0.3333333333333333
front3,15,6,0.462593013544091,105,5,3,2,1.0,0.16666666666666666
front3,15,1,0.4891341838571079,152,5,1,2,1.0,0.14285714285714285
front3,15,10,0.41126789915350265,152,5,2,2,0.5,0.14285714285714285
front3,15,9,0.44466745106398786,152,5,2,2,0.0,0.14285714285714285
front3,0,13,0.31131413205175856,115,5,1,2,0.0,0.08333333333333333
front3,0,13,0.34383099793083016,136,3,1,2,0.0,0.125
front3,0,7,0.5065165327001774,136,2,1,2,0.5,0.016
front3,18,9,0.4908395928021778,152,4,2,2,1.0,0.5
front3,15,8,0.4117979911842223,152,2,1,2,0.5,0.15384615384615385
front3,0,6,0.503161307501952,70,3,1,2,0.5,0.0425531914893617
front3,0,11,0.441503888892849,70,5,2,2,0.0,0.05555555555555555
front3,15,1,0.45492752937546826,105,5,1,2,0.0,0.16666666666666666
front3,18,8,0.33538072975087413,152,5,1,2,0.0,0.2222222222222222
front3,15,1,0.5360962458490478,152,2,1,2,0.5,0.15384615384615385
front3,15,1,0.5148704315704441,119,5,1,2,0.0,0.6666666666666666
front3,16,10,0.3475839576712919,95,4,2,2,0.0,0.2857142857142857
front3,15,2,0.4907338136480368,13,4,1,1,1.0,0.5
front3,0,5,0.5388685329724682,69,2,1,1,0.0,0.25
front3,0,13,0.35079168680345535,69,5,1,1,0.0,0.02564102564102564
front3,0,13,0.36403549723390877,136,5,1,1,0.0,0.011904761904761904
front3,0,1,0.5328706217865774,69,4,1,1,0.0,0.08333333333333333
front3,0,7,0.48499980541550197,69,4,1,1,1.0,0.08333333333333333
front3,0,7,0.5109880241618318,69,5,3,1,1.0,0.02564102564102564
front3,0,5,0.5311317943632574,69,5,1,1,1.0,0.02564102564102564
front3,0,10,0.4469563844302698,69,2,2,1,0.0,0.25
front3,17,6,0.46621145129931507,35,5,1,1,0.0,0.2
front3,16,2,0.4805062894400699,122,5,1,1,0.0,1.0
front3,15,4,0.5595683620671847,122,4,1,1,1.0,0.015873015873015872
front3,15,4,0.5769063318631292,122,2,1,1,0.0,0.03333333333333333
front3,16,6,0.49855975369927813,35,4,1,1,0.0,1.0
front3,0,5,0.4590887225733377,115,4,1,1,1.0,0.1
front3,0,10,0.34447423317173315,115,5,3,1,0.0,0.041666666666666664
front3,0,10,0.39823899730036366,69,5,3,1,0.0,0.02564102564102564
front3,16,13,0.2801162237562395,122,4,3,1,1.0,0.25
front3,15,12,0.4048217569349374,78,4,2,1,1.0,1.0
front3,15,10,0.38492947444996095,78,5,2,1,0.0,1.0
front3,15,2,0.5502726743076302,35,3,1,1,1.0,0.16666666666666666
front3,16,6,0.49860884673185674,122,4,1,1,0.0,0.25
front3,17,2,0.4779442964829418,35,5,1,1,1.0,0.2
front3,15,7,0.5141035007213357,35,3,1,1,0.0,0.16666666666666666
front3,17,1,0.48616751309957984,35,5,1,1,0.0,0.2
front3,16,5,0.009365156555891088,70,5,0,1,0.0,0.1111111111111111
front3,15,11,0.6755555227361727,137,5,4,1,1.0,0.045454545454545456
front3,15,5,0.010891718614391758,70,3,0,1,0.0,0.058823529411764705
front3,15,11,0.4048283253492605,122,4,3,1,0.0,0.015873015873015872
front3,17,6,0.5066371793198918,122,4,1,1,1.0,0.5
front3,15,4,0.5334711413534247,72,3,1,1,0.0,0.2
front3,16,2,0.5085910377308742,122,4,1,1,1.0,0.25
front3,15,5,0.4816370116268204,72,3,1,1,0.0,0.2
front3,0,13,0.01657093868498736,74,3,0,1,0.0,0.125
front3,0,1,0.013711907562866494,74,4,0,1,0.0,0.030303030303030304
front3,0,2,0.5773909280561309,74,3,1,1,1.0,0.125
front3,0,8,0.4293751470863985,96,5,1,1,1.0,0.005988023952095809
front3,0,5,0.5469957855651203,74,4,1,1,1.0,0.030303030303030304
front3,0,8,0.47624538195501237,21,5,2,1,0.0,0.07692307692307693
front3,15,13,0.33539460623479855,80,5,3,1,0.0,0.2
front3,15,7,0.5679531006599408,80,3,1,1,1.0,0.09090909090909091
front3,0,6,0.01255262867309681,157,4,0,1,0.0,0.03225806451612903
front3,0,7,0.012679379843164326,157,5,0,1,0.0,0.027777777777777776
front3,0,7,0.0139461750283932,96,2,0,1,0.0,0.010526315789473684
front3,0,13,0.33002983249180273,157,5,1,1,0.0,0.027777777777777776
front3,0,1,0.012906497178004333,96,2,0,1,0.0,0.010526315789473684
front3,0,13,0.015926414006012204,74,4,0,1,0.0,0.030303030303030304
front3,0,3,0.014450494195618547,74,5,0,1,0.0,0.02564102564102564
front3,0,14,0.013619748143650497,96,4,0,1,0.0,0.01282051282051282
front3,0,6,0.5464817908091744,136,3,1,1,1.0,0.0625
front3,16,9,0.4673619345249777,152,2,2,1,0.0,1.0
front3,18,10,0.4292785969585846,152,5,2,1,1.0,0.1111111111111111
front3,15,6,0.47556261348242795,105,3,3,1,1.0,0.06666666666666667
front3,15,5,0.43332036478226177,105,3,3,1,0.0,0.06666666666666667
front3,18,3,0.47796002849507274,105,5,2,1,1.0,0.5
front3,15,8,0.37046614030589586,152,5,2,1,0.0,0.07142857142857142
front3,15,6,0.5657686502173286,49,2,3,1,1.0,1.0
front3,15,13,0.3171830591277897,152,4,2,1,0.0,0.125
front3,18,10,0.46740826236130234,152,2,1,1,1.0,0.3333333333333333
front3,15,5,0.4670186532007153,105,2,1,1,1.0,0.08333333333333333
front3,15,1,0.47056741153578013,105,4,1,1,0.0,0.16666666666666666
front3,18,8,0.5274162041493545,152,5,5,1,1.0,0.1111111111111111
front3,18,10,0.4081801523632567,105,4,2,1,1.0,0.5
front3,0,6,0.4848029139100446,72,3,3,1,0.0,0.0625
front3,0,10,0.394587000148352,115,5,1,1,1.0,0.041666666666666664
front3,16,7,0.3647642408994778,154,4,1,1,1.0,0.3333333333333333
front3,16,6,0.3767665495992752,154,4,1,1,0.0,0.3333333333333333
front3,15,7,0.3691722784939689,154,4,1,1,0.0,0.2
front3,15,1,0.4947628196500377,158,4,1,1,0.0,0.3333333333333333
front3,15,13,0.00992160355355579,71,2,0,1,0.0,0.2
front3,15,6,0.46451984156473825,158,4,1,1,0.0,0.3333333333333333
front3,15,2,0.49412806645907087,71,2,1,1,1.0,0.2
front3,16,2,0.4622611822995261,158,4,1,1,1.0,0.5
front3,15,6,0.3804035441823737,154,5,1,1,0.0,0.5
front3,15,1,0.006616978186943685,154,4,0,1,0.0,0.2
front3,15,10,0.3352086556477126,154,5,2,1,0.0,0.5
front3,15,10,0.2984715498301711,154,3,3,1,0.0,0.3333333333333333
front3,15,11,0.4041991789828733,128,3,3,1,1.0,0.02631578947368421
front3,15,10,0.34792230901865645,154,3,2,1,1.0,0.3333333333333333
front3,16,10,0.3305498297359512,154,5,2,1,0.0,0.16666666666666666
front3,15,6,0.4349840544019279,154,3,1,1,1.0,0.3333333333333333
front3,15,10,0.3486177940283199,87,2,2,1,0.0,1.0
front3,16,2,0.3975797494053704,87,5,1,1,0.0,1.0
front3,16,1,0.40050793678287244,87,4,1,1,0.0,1.0
front3,15,2,0.4294232001164565,87,3,1,1,0.0,0.25
front3,15,11,0.32755216225668565,87,4,2,1,0.0,0.14285714285714285
front3,15,10,0.3163928024677989,87,5,2,1,1.0,0.25
front3,15,13,0.2832945651952804,128,4,3,1,0.0,0.018518518518518517
front3,16,10,0.29241270817756604,154,4,3,1,1.0,0.3333333333333333
front3,15,6,0.5854965066624294,118,5,1,1,0.0,0.043478260869565216
front3,15,11,0.5814568653718459,118,2,2,1,1.0,0.125
front3,15,4,0.5726421768124365,128,3,1,1,0.0,0.02631578947368421
front3,15,6,0.6086737545440392,118,4,3,1,0.0,0.1
front3,15,7,0.5121101594336644,128,2,1,1,0.0,0.00819672131147541
front3,15,5,0.3805398369538599,87,4,1,1,1.0,0.14285714285714285
front3,15,10,0.27752907598936905,87,4,3,1,0.0,0.14285714285714285
front3,15,13,0.186195171432405,87,5,3,1,0.0,0.25
front3,15,10,0.014879263155025958,144,5,0,1,0.0,0.00684931506849315
front3,16,5,0.4295892641051743,115,3,1,1,0.0,1.0
front3,15,11,0.47562528447549834,144,4,2,1,1.0,0.01639344262295082
front3,16,13,0.257609069503953,110,4,1,1,0.0,0.1111111111111111
front3,16,10,0.39040470734580274,110,5,2,1,0.0,0.5
front3,16,1,0.43547895772398443,110,5,1,1,0.0,0.5
front3,16,9,0.6119310850720339,21,5,4,1,1.0,0.007874015748031496
front3,15,5,0.40073359657225943,139,4,2,1,0.0,0.16666666666666666
front3,16,10,0.3505566588021423,115,5,2,1,0.0,0.07142857142857142
front3,15,6,0.45777942473742517,115,2,1,1,0.0,0.02040816326530612
front3,15,5,0.43771991813921984,115,2,1,1,0.0,0.02040816326530612
front3,16,9,0.6066870297806789,21,5,5,1,1.0,0.007874015748031496
front3,16,3,0.590087897901531,21,1,1,1,0.0,0.038461538461538464
front3,15,5,0.5585759656809178,144,1,1,1,1.0,1.0
front3,15,13,0.015247911150376096,144,5,0,1,0.0,0.00684931506849315
front3,16,1,0.45415660392332136,115,1,1,1,1.0,1.0
front3,15,5,0.4321574682381125,71,5,1,1,1.0,0.07692307692307693
front3,15,11,0.41366950985002393,158,5,2,1,0.0,0.14285714285714285
front3,16,2,0.4348470816049316,158,5,1,1,1.0,0.09090909090909091
front3,15,2,0.46022148394012324,158,5,1,1,0.0,0.14285714285714285
front3,15,11,0.41714805680472894,71,3,2,1,0.0,0.09090909090909091
front3,15,10,0.32376457342898873,115,2,3,1,0.0,0.02040816326530612
front3,15,13,0.007803842986544161,115,4,0,1,0.0,0.041666666666666664
front3,15,2,0.4201898308100921,115,5,1,1,0.0,0.02564102564102564
front3,16,2,0.009720599536489337,158,5,0,1,0.0,0.09090909090909091
front3,15,13,0.24875063948357914,158,4,3,1,0.0,0.3333333333333333
front3,15,6,0.49998850654360594,71,1,1,1,1.0,1.0
front3,15,10,0.38577463270736523,158,5,2,1,0.0,0.14285714285714285
front3,16,1,0.47509013649743986,158,4,1,1,0.0,0.5
front3,16,11,0.39234734697186197,158,5,2,1,0.0,0.09090909090909091
front3,15,2,0.5093968759981146,71,3,1,1,1.0,0.09090909090909091
front3,15,1,0.4729258243463979,158,5,1,1,0.0,0.14285714285714285
front3,15,2,0.014057489593204114,106,5,0,1,0.0,0.014492753623188406
front3,15,2,0.5643193844238216,106,3,1,1,1.0,0.05263157894736842
front3,16,11,0.46215773426862644,96,5,2,1,1.0,0.0625
front3,15,2,0.548142460151554,129,1,1,1,1.0,1.0
front3,16,10,0.40608785196734126,129,5,2,1,1.0,0.08333333333333333
front3,16,6,0.490666199370288,96,4,1,1,0.0,0.09090909090909091
front3,16,2,0.4783893640098147,129,5,1,1,1.0,0.08333333333333333
front3,16,5,0.015180869961253835,129,3,0,1,0.0,0.2
front3,15,7,0.5445287602187749,21,2,1,1,0.0,0.07692307692307693
front3,16,10,0.3655778483600491,110,3,3,1,0.0,0.16666666666666666
front3,16,11,0.4120435053248215,110,2,2,1,0.0,1.0
front3,16,14,0.32787327249063786,21,5,1,1,0.0,0.007874015748031496
front3,16,7,0.5327573900381078,21,2,3,1,0.0,0.021739130434782608
front3,16,5,0.4610617214259427,110,3,1,1,0.0,0.16666666666666666
front3,18,2,0.014376952339333476,106,5,0,1,0.0,0.02702702702702703
front3,18,13,0.31344009365183284,106,5,3,1,0.0,0.02702702702702703
front3,0,13,0.3036953740627321,45,2,3,1,0.0,0.125
front3,0,1,0.5779912469908799,45,2,1,1,0.0,0.125
front3,0,10,0.4422574091453976,96,4,2,1,1.0,0.01282051282051282
front3,0,13,0.3320896384297688,45,4,1,1,1.0,0.05263157894736842
front3,0,6,0.527810458517877,45,4,1,1,1.0,0.05263157894736842
front3,0,6,0.53476875272751,45,2,3,1,0.0,0.125
front3,16,6,0.42570466162029164,110,1,1,1,0.0,1.0
front3,16,5,0.4335587832095506,110,4,1,1,0.0,0.1111111111111111
front3,15,1,0.4357403945559991,139,5,1,1,0.0,0.09090909090909091
front3,16,6,0.6240373655849399,57,3,3,1,1.0,0.07142857142857142
front3,15,12,0.010398183775990779,139,3,0,1,0.0,0.5
front3,15,10,0.4561653638405511,139,5,5,1,0.0,0.09090909090909091
front3,15,10,0.3839584774465419,139,3,2,1,1.0,0.5
front3,15,5,0.5782421924720157,57,5,3,1,0.0,0.05555555555555555
front3,0,2,0.5514107568636412,45,5,1,1,1.0,0.06666666666666667
front3,0,11,0.49924527509611977,45,5,2,1,0.0,0.06666666666666667
front3,16,11,0.5612190948651579,57,2,2,1,1.0,0.1
front3,16,13,0.3678241564226686,57,3,1,1,1.0,0.07142857142857142
front3,16,13,0.3654090208882647,57,2,1,1,0.0,0.1
front3,16,1,0.5356082797593295,144,4,1,1,0.0,0.3333333333333333
front3,16,5,0.4990573374545849,136,2,1,1,0.0,0.034482758620689655
front3,16,1,0.015041751265341921,136,2,0,1,0.0,0.034482758620689655
front3,15,6,0.013915577953527502,106,5,0,1,0.0,0.014492753623188406
front3,15,2,0.5600911674194061,106,2,1,1,1.0,0.045454545454545456
front3,18,10,0.4776253687255963,49,5,2,1,1.0,0.16666666666666666
front3,18,6,0.5376193982919429,49,5,3,1,1.0,0.16666666666666666
front3,16,11,0.3885618881239862,110,4,2,1,1.0,0.1111111111111111
front3,16,12,0.5804147753906399,21,3,5,1,1.0,0.07692307692307693
front3,15,1,0.5013067691176218,110,2,1,1,1.0,1.0
front3,15,7,0.4137378137878607,110,5,1,1,0.0,0.038461538461538464
front3,16,13,0.3630857398658964,57,5,1,1,1.0,0.04
front3,16,10,0.5572058183952832,57,2,2,1,1.0,0.1
front3,16,6,0.5398992686091327,80,4,1,1,0.0,0.3333333333333333
front3,15,6,0.5261049066382443,80,5,1,1,0.0,0.2
front3,16,11,0.4860150220888035,80,4,2,1,1.0,0.3333333333333333
front3,15,10,0.508962684668853,80,2,2,1,0.0,0.14285714285714285
front3,0,14,0.2612289195625047,96,4,3,1,1.0,0.01282051282051282
front3,0,13,0.31705939943475037,45,5,3,1,0.0,0.06666666666666667
front3,0,1,0.6041276268480607,96,3,1,1,0.0,0.1
front3,15,10,0.3828415079332106,136,2,3,1,0.0,0.004424778761061947
front3,15,11,0.4066678975884848,96,2,3,1,0.0,0.009009009009009009
front3,15,2,0.5205428297644646,129,4,1,1,0.0,0.058823529411764705
front3,15,1,0.55308667689035,80,5,1,1,1.0,0.2
front3,16,11,0.4360898653804071,128,5,2,1,0.0,0.09090909090909091
front3,15,10,0.48161476950180815,80,5,2,1,0.0,0.2
front3,15,11,0.45576591780122383,80,3,3,1,0.0,0.09090909090909091
front3,15,6,0.5436187868056667,128,3,1,1,1.0,0.02631578947368421
front3,16,1,0.5670226506709474,80,4,1,1,1.0,0.3333333333333333
front3,16,1,0.49316024819288523,54,1,1,1,1.0,1.0
front3,15,6,0.5174338378177232,13,3,1,1,0.0,0.058823529411764705
front3,15,5,0.49548818106117426,13,3,1,1,1.0,0.058823529411764705
front3,15,5,0.48411997228215475,13,2,1,1,0.0,0.02857142857142857
front3,15,13,0.010778532613447783,13,3,0,1,0.0,0.058823529411764705
front3,15,13,0.24577986532909063,13,4,3,1,0.0,0.5
front3,15,13,0.3259180046322904,96,5,2,1,1.0,0.0032679738562091504
front3,15,10,0.3807712946940824,129,3,3,1,1.0,0.047619047619047616
front3,15,3,0.4697694148569975,139,2,3,1,0.0,0.25
front3,15,1,0.4533394698986746,139,4,1,1,1.0,0.16666666666666666
front3,15,10,0.5076704599897669,56,5,5,1,0.0,0.05555555555555555
front3,15,7,0.49068426836755746,54,1,1,1,1.0,0.3333333333333333
front3,15,10,0.44662280443835134,111,4,2,1,0.0,0.041666666666666664
front3,16,5,0.5134109041341537,111,1,1,1,1.0,0.3333333333333333
front3,15,5,0.503878255443399,54,5,1,1,0.0,0.07692307692307693
front3,15,11,0.4215903255791919,54,2,2,1,0.0,0.2
front3,16,6,0.5211246565940452,50,4,3,1,0.0,0.14285714285714285
front3,0,2,0.601005975792264,7,4,1,1,1.0,0.5
front3,0,13,0.012891777259585553,7,4,0,1,0.0,0.5
front3,0,10,0.01236898759246784,96,5,0,1,0.0,0.005988023952095809
front3,0,11,0.4890584672468872,7,2,2,1,1.0,0.045454545454545456
front3,0,1,0.6648061755793973,96,1,1,1,1.0,1.0
front3,0,5,0.5473285818621032,7,2,1,1,0.0,0.045454545454545456
front3,15,6,0.4572206020172448,139,2,3,1,1.0,0.25
front3,15,5,0.4761247997707716,96,2,3,1,0.0,0.009009009009009009
front3,17,1,0.5591714387381039,96,3,1,1,1.0,1.0
front3,15,8,0.6315538244413872,11,5,4,1,1.0,0.016666666666666666
front3,17,3,0.5475397894292772,96,5,3,1,1.0,0.5
front3,15,12,0.6180370959649394,11,5,5,1,1.0,0.016666666666666666
front3,16,1,0.5927350500177748,64,5,3,1,1.0,0.045454545454545456
front3,17,14,0.3472855879600365,64,5,3,1,1.0,0.05
front3,15,2,0.5375568497319573,50,4,1,1,1.0,0.16666666666666666
front3,0,13,0.32349837392811953,65,1,3,1,1.0,1.0
front3,0,10,0.4117178131497209,65,5,2,1,0.0,0.09090909090909091
front3,0,13,0.01381607206325426,96,5,0,1,0.0,0.005988023952095809
front3,0,6,0.48896269555722466,65,5,3,1,1.0,0.09090909090909091
front3,0,2,0.013813251625218143,96,3,0,1,0.0,0.1
front3,0,11,0.00961684730553469,65,5,0,1,0.0,0.09090909090909091
front3,0,2,0.4781721093806501,65,5,1,1,0.0,0.09090909090909091
front3,0,11,0.37172205919168494,65,2,3,1,1.0,0.25
front3,16,1,0.5544784388372158,111,3,1,1,0.0,0.5
front3,15,1,0.5231163425067703,54,3,1,1,0.0,1.0
front3,15,10,0.3896753313512695,54,2,2,1,1.0,0.2
front3,15,2,0.555800784677615,21,4,1,1,1.0,0.07142857142857142
front3,0,1,0.5962671768352376,21,2,1,1,1.0,0.3333333333333333
front3,16,5,0.5399662967235471,21,2,1,1,0.0,0.021739130434782608
front3,16,6,0.5534789474696749,21,2,3,1,1.0,0.021739130434782608
front3,0,7,0.4679650843590586,65,5,3,1,0.0,0.09090909090909091
front3,15,5,0.5715527796287123,137,3,1,1,1.0,0.5
front3,15,4,0.6226767598369942,137,3,1,1,0.0,0.5
front3,15,2,0.5798526168158898,137,4,1,1,0.0,0.3333333333333333
front3,15,1,0.6129238906247177,137,2,1,1,1.0,0.16666666666666666
front3,15,10,0.36404029135865096,96,4,3,1,0.0,0.009259259259259259
front3,15,13,0.016370834331570952,101,3,0,1,0.0,0.02040816326530612
front3,16,1,0.4953477027238039,54,2,1,1,0.0,0.5
front3,16,10,0.41621779251395136,54,2,2,1,0.0,0.5
front3,15,13,0.2948556210077623,129,3,3,1,1.0,0.047619047619047616
front3,15,2,0.5524453497344751,129,3,1,1,1.0,0.047619047619047616
front3,16,2,0.5070886342983959,129,4,1,1,0.0,0.25
front3,15,2,0.47215147331161134,70,5,1,1,1.0,0.25
front3,15,5,0.5932427652520487,137,2,1,1,1.0,0.16666666666666666
front3,15,9,0.590892454163711,137,5,2,1,0.0,0.045454545454545456
front3,15,11,0.5806815223850985,137,5,2,1,1.0,0.045454545454545456
front3,15,4,0.6680702586737755,137,5,1,1,1.0,0.045454545454545456
front3,15,1,0.5276234309029382,48,2,1,1,1.0,1.0
front3,16,11,0.43512063337725776,48,4,2,1,0.0,0.3333333333333333
front3,15,1,0.48274180000665673,48,5,1,1,0.0,1.0
front3,17,10,0.4452955975656729,48,2,2,1,1.0,1.0
front3,17,11,0.4142266959112814,48,3,3,1,1.0,0.5
front3,15,1,0.539114017598022,163,3,1,1,1.0,1.0
front3,15,13,0.29054552916076554,163,1,3,1,0.0,1.0
front3,15,11,0.3608154049844877,163,5,3,1,0.0,0.125
front3,15,5,0.39672891257336934,156,4,3,1,0.0,0.3333333333333333
front3,16,11,0.45843179963221464,48,3,2,1,0.0,1.0
front3,16,10,0.44328507692374025,156,5,5,1,1.0,0.3333333333333333
front3,15,3,0.48587173538108086,156,2,3,1,0.0,0.03125
front3,17,3,0.5368772482125622,48,4,3,1,1.0,0.16666666666666666
front3,16,8,0.46997945885177284,156,3,4,1,0.0,0.5
front3,17,1,0.5334359706128505,48,3,1,1,1.0,0.5
front3,15,1,0.49356090770279765,156,3,1,1,1.0,0.25
front3,15,1,0.5409617966422019,157,1,1,1,1.0,0.25
front3,15,13,0.2967484367815161,157,5,1,1,0.0,0.02857142857142857
front3,17,13,0.37537647687226083,157,1,1,1,0.0,1.0
front3,15,11,0.4887916424183554,111,2,2,1,1.0,0.3333333333333333
front3,17,13,0.3717577416522709,157,2,1,1,0.0,0.07142857142857142
front3,16,9,0.3835757366893694,156,3,2,1,1.0,0.5
front3,15,10,0.38166283902459336,156,3,2,1,0.0,0.25
front3,17,1,0.4237689023303242,156,5,1,1,0.0,0.3333333333333333
front3,0,5,0.5301262087667774,96,5,1,1,1.0,0.005988023952095809
front3,0,5,0.4766894464540691,65,4,1,1,0.0,0.14285714285714285
front3,0,14,0.30025199643732964,96,4,1,1,1.0,0.01282051282051282
front3,0,7,0.46296227541699186,65,2,1,1,0.0,0.25
front3,15,2,0.5306319819116635,54,4,1,1,1.0,0.14285714285714285
front3,15,13,0.31834703707116757,54,5,1,1,1.0,0.07692307692307693
front3,16,2,0.543109900189908,111,3,1,1,0.0,0.5
front3,15,5,0.5232705085982722,157,1,1,1,1.0,0.25
front3,0,7,0.5517757421788109,21,5,1,1,0.0,0.07692307692307693
front3,0,1,0.5818922507304998,21,4,1,1,1.0,1.0
front3,0,5,0.48694454376167384,78,4,3,1,0.0,0.05263157894736842
front3,0,11,0.538325011865316,21,5,2,1,1.0,0.07692307692307693
front3,0,6,0.6000038217896541,21,3,2,1,1.0,0.16666666666666666
front3,0,12,0.456962207493365,78,4,1,1,1.0,0.05263157894736842
front3,0,5,0.010368039677218948,78,4,0,1,0.0,0.05263157894736842
front3,0,7,0.5656154188848097,21,2,1,1,1.0,0.3333333333333333
front3,15,5,0.43563486479018726,107,5,1,1,1.0,0.09090909090909091
front3,16,1,0.4936653372252136,107,2,1,1,1.0,0.3333333333333333
front3,16,7,0.46743063710561855,107,2,3,1,1.0,0.3333333333333333
front3,16,10,0.42577979404174404,107,2,2,1,0.0,0.3333333333333333
front3,16,11,0.3987725384855442,46,5,2,1,0.0,0.3333333333333333
front3,15,2,0.5317689754239161,20,3,1,1,1.0,0.2
front3,0,1,0.5797457799511405,21,5,2,1,1.0,0.07692307692307693
front3,0,8,0.4027456359736361,78,5,3,1,1.0,0.043478260869565216
front3,15,11,0.411697984547683,163,5,2,1,0.0,0.125
front3,16,10,0.42754933183302685,163,2,2,1,0.0,0.3333333333333333
front3,15,2,0.49477261186472743,107,2,1,1,0.0,0.14285714285714285
front3,15,7,0.46641248389283846,107,3,3,1,1.0,0.14285714285714285
front3,15,13,0.26431507892341993,107,2,3,1,0.0,0.14285714285714285
front3,17,5,0.42967184458433805,107,5,1,1,0.0,0.125
front3,15,6,0.46266664787050155,107,4,3,1,1.0,0.06666666666666667
front3,16,7,0.4516333905036798,107,5,3,1,1.0,0.16666666666666666
front3,16,1,0.5036504611053038,163,2,1,1,1.0,0.3333333333333333
front3,15,2,0.5339768220758924,128,2,1,1,0.0,0.00819672131147541
front3,15,1,0.011596830648442993,163,4,0,1,0.0,0.05
front3,16,10,0.37025220793026803,163,3,3,1,0.0,1.0
front3,15,10,0.4505243819088852,128,3,2,1,0.0,0.02631578947368421
front3,16,11,0.4255202357061292,163,2,2,1,0.0,0.3333333333333333
front3,15,10,0.014925184060501518,128,2,0,1,0.0,0.00819672131147541
front3,15,7,0.4480735747086967,163,4,1,1,1.0,0.05
front3,15,1,0.5306532278452885,150,4,1,1,1.0,0.125
front3,15,11,0.4443406135137057,150,5,2,1,1.0,0.07692307692307693
front3,15,11,0.39180158467935544,150,4,3,1,1.0,0.125
front3,15,10,0.4220167431277818,150,4,2,1,1.0,0.125
front3,15,10,0.3926746711510929,151,3,2,1,0.0,0.1
front3,15,11,0.4007242119855534,151,3,2,1,1.0,0.1
front3,16,10,0.39401206133437466,128,4,3,1,0.0,0.16666666666666666
front3,15,10,0.36974173370594277,151,4,2,1,0.0,0.16666666666666666
front3,15,2,0.54720119159662,128,3,1,1,0.0,0.02631578947368421
front3,16,5,0.41520854250589695,46,5,1,1,0.0,0.3333333333333333
front3,16,2,0.47469015743760345,128,5,1,1,1.0,0.09090909090909091
front3,16,6,0.4427568526167398,46,4,1,1,0.0,0.25
front3,16,13,0.28008491972406024,46,5,1,1,0.0,0.3333333333333333
front3,15,10,0.35587143537225463,46,3,3,1,0.0,0.1
front3,15,3,0.5406114015653999,128,4,1,1,1.0,0.018518518518518517
front3,15,11,0.44082933413166825,150,4,2,1,1.0,0.125
front3,15,2,0.5978459233748786,20,5,1,1,1.0,0.25
front3,15,13,0.2988551921766768,20,4,1,1,1.0,0.14285714285714285
front3,15,2,0.5294660384948835,20,2,1,1,1.0,0.06666666666666667
front3,15,5,0.5144675507816212,20,2,1,1,0.0,0.06666666666666667
front3,15,1,0.5328869650198498,13,3,1,1,1.0,0.058823529411764705
front3,15,6,0.01234980915428183,13,3,0,1,0.0,0.058823529411764705
front3,15,6,0.012667186660388394,13,2,0,1,0.0,0.02857142857142857
front3,16,5,0.43633529075586536,46,4,1,1,1.0,0.25
front3,0,11,0.5300487047498725,21,2,2,1,1.0,0.3333333333333333
front3,0,6,0.5136632220900654,78,4,2,1,1.0,0.05263157894736842
front3,0,3,0.6347659742083214,21,5,3,1,0.0,0.07692307692307693
front3,0,12,0.3598918969963213,139,5,3,1,0.0,0.07692307692307693
front3,0,10,0.3403107865317954,139,5,3,1,0.0,0.07692307692307693
front3,0,3,0.5190812664362363,139,5,3,1,1.0,0.07692307692307693
front3,0,3,0.6869230239465298,57,3,3,1,0.0,0.25
front3,0,11,0.526136602034235,57,3,3,1,0.0,0.25
front3,15,6,0.4440899628583674,107,5,1,1,0.0,0.09090909090909091
front3,16,11,0.4059858786826224,128,3,3,1,1.0,0.3333333333333333
front3,16,1,0.5400022809111076,128,3,1,1,0.0,0.3333333333333333
front3,15,10,0.39598802184546195,128,3,3,1,1.0,0.02631578947368421
front3,17,6,0.43253448603465183,107,5,1,1,0.0,0.125
front3,17,11,0.38873252187465196,107,4,3,1,1.0,1.0
front3,16,10,0.4171191491605646,107,3,2,1,1.0,0.1111111111111111
front3,16,13,0.2655311178819306,128,3,3,1,1.0,0.3333333333333333
front3,0,11,0.46636064443887637,111,5,3,1,0.0,0.03333333333333333
front3,0,6,0.5468570195896751,111,4,3,1,0.0,0.1
front3,0,2,0.5544413623886114,111,5,1,1,0.0,0.03333333333333333
front3,15,10,0.37204976945111007,151,5,2,1,0.0,0.3333333333333333
front3,15,10,0.37887612267327714,128,4,3,1,0.0,0.018518518518518517
front3,15,6,0.4861757018472453,151,3,1,1,0.0,0.1
front3,15,2,0.4763703042183311,107,4,1,1,0.0,0.06666666666666667
front3,15,13,0.2524799349583479,107,4,3,1,0.0,0.06666666666666667
front3,15,7,0.4486712091768923,28,2,1,1,0.0,0.2
front3,15,4,0.5018079216448906,28,2,1,1,1.0,0.2
front3,15,2,0.47426681185007585,28,2,1,1,1.0,0.2
front3,0,2,0.46996061250135757,28,2,1,1,0.0,0.5
front3,15,6,0.4661161266673689,28,2,3,1,1.0,0.2
front3,15,10,0.37667983919531123,28,2,2,1,0.0,0.2
front3,0,7,0.4383658806223719,28,2,1,1,1.0,0.5
front3,0,4,0.59498040303002,111,2,1,1,0.0,1.0
front3,15,2,0.4577007080068865,151,4,1,1,0.0,0.16666666666666666
front3,16,10,0.49671467508891076,112,2,2,1,1.0,0.5
front3,16,13,0.381142328763353,112,2,3,1,0.0,0.5
front3,0,1,0.5974013153398501,112,5,1,1,1.0,1.0
front3,17,2,0.419826247456714,28,5,1,1,0.0,0.1111111111111111
front3,17,6,0.43552000277710107,28,4,3,1,0.0,1.0
front3,17,6,0.4413788100102388,28,5,3,1,0.0,0.1111111111111111
front3,16,11,0.39675025399745306,136,5,3,1,0.0,0.021739130434782608
front3,15,3,0.5898787861302887,155,5,3,1,0.0,0.015625
front3,15,10,0.4783289166859176,64,4,2,1,0.0,0.014925373134328358
front3,16,11,0.40652835974300217,8,4,2,1,1.0,0.25
front3,16,6,0.5441239579691745,64,4,1,1,1.0,0.0625
front3,16,11,0.3695102475638637,8,4,3,1,0.0,0.25
front3,15,6,0.4889794078901804,8,4,1,1,1.0,0.14285714285714285
front3,17,6,0.4882873237377679,8,4,1,1,1.0,1.0
front3,18,1,0.4946398483979783,8,4,1,1,0.0,1.0
front3,15,4,0.48776780570268524,103,2,1,1,0.0,0.3333333333333333
front3,15,11,0.42860127195785863,103,5,5,1,0.0,0.3333333333333333
front3,15,5,0.48100209381452963,103,3,1,1,1.0,0.2
front3,15,13,0.30805249507674354,70,4,1,1,1.0,0.06666666666666667
front3,15,11,0.3971251597380154,103,2,2,1,1.0,0.3333333333333333
front3,15,6,0.4986788734069975,103,3,1,1,1.0,0.2
front3,15,11,0.3660900012030118,103,1,2,1,0.0,1.0
front3,16,5,0.4436740866713869,70,4,1,1,1.0,0.2
front3,15,10,0.38805215365091383,102,5,2,1,0.0,0.058823529411764705
front3,15,5,0.4385424030328858,103,2,1,1,0.0,0.3333333333333333
front3,15,11,0.4341532554975646,103,5,4,1,0.0,0.3333333333333333
front3,15,10,0.4737338690324387,70,4,4,1,1.0,0.06666666666666667
front3,15,5,0.4197534344705962,103,4,1,1,1.0,0.5
front3,15,10,0.3377563405636068,103,3,3,1,1.0,0.2
front3,15,1,0.45533043922510663,103,4,1,1,1.0,0.5
front3,15,1,0.4351406654443217,103,5,1,1,1.0,0.3333333333333333
front3,15,5,0.4520042720662694,102,2,3,1,0.0,0.3333333333333333
front3,17,3,0.6551125149090267,64,2,3,1,1.0,0.25
front3,15,3,0.5038198956801102,102,4,3,1,0.0,0.16666666666666666
front3,16,14,0.3099079964742865,64,2,2,1,0.0,0.14285714285714285
front3,16,10,0.494743880837832,64,2,2,1,1.0,0.14285714285714285
front3,16,3,0.6089901255196295,64,3,3,1,0.0,1.0
front3,15,9,0.4236837899144927,102,4,2,1,0.0,0.16666666666666666
front3,17,10,0.5227622913547304,64,3,2,1,1.0,0.1
front3,15,10,0.41928713633027104,85,5,3,1,0.0,0.038461538461538464
front3,16,13,0.36143207766377805,85,2,3,1,1.0,0.5
front3,15,10,0.374592922649151,136,5,3,1,0.0,0.0041841004184100415
front3,16,7,0.41403390519241984,17,5,1,1,1.0,0.1111111111111111
front3,16,6,0.4470510274813583,17,4,3,1,0.0,0.25
front3,16,6,0.46469237385507445,17,2,3,1,0.0,0.25
front3,16,1,0.4483366508965348,17,5,1,1,0.0,0.1111111111111111
front3,16,3,0.5813854881859652,112,5,1,1,0.0,0.06666666666666667
front3,16,3,0.7155199798038587,20,4,1,1,1.0,1.0
front3,15,7,0.5015640258080297,20,3,1,1,1.0,0.2
front3,15,1,0.5393555799523228,20,2,1,1,0.0,0.06666666666666667
front3,15,5,0.584293243572473,20,5,1,1,0.0,0.25
front3,15,13,0.31264066403263263,155,4,3,1,1.0,0.09090909090909091
front3,16,13,0.3209575258111004,155,3,3,1,0.0,0.3333333333333333
front3,16,9,0.48979188102213356,155,5,2,1,1.0,0.16666666666666666
front3,15,8,0.42550786169348886,155,5,3,1,1.0,0.015625
front3,15,13,0.33309052093336344,64,2,3,1,1.0,0.06666666666666667
front3,15,6,0.5669894437808756,144,3,1,1,1.0,0.1111111111111111
front3,16,1,0.5178251459219118,20,3,1,1,1.0,1.0
front3,15,6,0.5083834881321391,20,4,1,1,1.0,0.14285714285714285
front3,16,13,0.21029498179261497,20,5,1,1,0.0,1.0
front3,15,11,0.5454116483304482,20,5,2,1,0.0,0.25
front3,15,13,0.2488451189837652,20,3,1,1,0.0,0.2
front3,15,1,0.6028592950306395,20,5,1,1,1.0,0.25
front3,16,10,0.45081601166520147,64,4,2,1,1.0,0.0625
front3,16,2,0.4767588685710922,8,4,1,1,1.0,0.25
front3,15,11,0.45582169864933114,64,4,3,1,0.0,0.014925373134328358
front3,16,13,0.2694970221561838,8,5,3,1,1.0,0.08333333333333333
front3,16,11,0.4353694120833372,8,5,2,1,0.0,0.08333333333333333
front3,16,13,0.25330926368117745,8,4,3,1,0.0,0.25
front3,15,11,0.45578792286201203,64,5,3,1,1.0,0.007692307692307693
front3,15,6,0.5952727214118378,64,3,1,1,0.0,0.047619047619047616
front3,17,13,0.30856214355674233,62,5,1,1,1.0,1.0
front3,15,14,0.27561380736344776,62,5,1,1,0.0,0.08333333333333333
front3,15,6,0.4414443818145515,62,5,1,1,0.0,0.08333333333333333
front3,15,10,0.49704526696477913,62,5,5,1,1.0,0.08333333333333333
front3,15,2,0.4567018584768687,62,5,1,1,1.0,0.08333333333333333
front3,17,2,0.5257277025770991,62,2,1,1,1.0,0.07142857142857142
front3,17,10,0.4625331092887502,62,2,2,1,1.0,0.07142857142857142
front3,15,1,0.503397631113864,62,2,1,1,0.0,0.16666666666666666
front3,15,1,0.5395405555540566,89,3,1,1,0.0,0.09090909090909091
front3,16,10,0.4111097014050479,89,5,2,1,0.0,0.25
front3,17,4,0.5594621921555714,62,2,1,1,1.0,0.07142857142857142
front3,15,10,0.41680330492583856,62,2,2,1,1.0,0.16666666666666666
front3,15,4,0.5239868107439224,62,2,1,1,0.0,0.16666666666666666
front3,17,7,0.5514800734127865,62,2,1,1,1.0,0.07142857142857142
front3,16,5,0.4635215937410267,62,2,1,1,0.0,0.3333333333333333
front3,15,13,0.3174114804684594,62,2,1,1,0.0,0.16666666666666666
front3,15,1,0.014589232680114635,128,3,0,1,0.0,0.02631578947368421
front3,16,3,0.5108537321290159,89,4,1,1,0.0,0.14285714285714285
front3,16,5,0.4606148803748838,89,4,1,1,1.0,0.14285714285714285
front3,16,6,0.4670931194742812,89,4,1,1,0.0,0.14285714285714285
front3,15,10,0.4116205239494796,89,5,2,1,1.0,0.5
front3,16,6,0.4873223663980431,128,4,1,1,0.0,0.16666666666666666
front3,16,1,0.5234065699156498,89,3,1,1,0.0,1.0
front3,15,1,0.48453539538015106,89,5,1,1,1.0,0.5
front3,15,11,0.4387334783326298,136,4,2,1,0.0,0.012345679012345678
front3,15,10,0.5058835938352744,136,4,5,1,1.0,0.012345679012345678
front3,15,13,0.33209608490422043,136,3,2,1,0.0,0.02
front3,15,12,0.5895656310004728,155,2,4,1,1.0,0.016129032258064516
front3,15,12,0.6029822064484331,155,5,4,1,0.0,0.015625
front3,15,12,0.441836638679644,155,2,3,1,1.0,0.016129032258064516
front3,15,7,0.4957170226264591,89,3,1,1,1.0,0.09090909090909091
front3,15,6,0.5202305105867012,89,3,1,1,0.0,0.09090909090909091
front3,16,4,0.6012901551847113,113,2,1,1,1.0,0.06666666666666667
front3,15,6,0.5480155838548659,113,4,3,1,1.0,0.14285714285714285
front3,15,6,0.42438385541475904,55,4,3,1,0.0,1.0
front3,15,4,0.4900966704124361,55,2,1,1,0.0,0.043478260869565216
front3,16,6,0.5409463844607758,113,4,3,1,1.0,0.14285714285714285
front3,15,5,0.5101788940599778,150,2,1,1,1.0,0.016666666666666666
front3,15,6,0.5793245601219291,64,2,3,1,0.0,0.06666666666666667
front3,15,4,0.5596375221201401,150,2,1,1,1.0,0.016666666666666666
front3,15,6,0.46649819549632787,40,2,3,1,0.0,0.1111111111111111
front3,15,2,0.4184176153114925,40,2,3,1,0.0,0.1111111111111111
front3,15,13,0.24419565102760585,40,2,3,1,0.0,0.1111111111111111
front3,16,10,0.4834177242060368,113,2,2,1,1.0,0.06666666666666667
front3,16,2,0.5678662148981813,113,2,1,1,1.0,0.06666666666666667
front3,16,6,0.5752274929718768,113,3,3,1,1.0,0.5
front3,16,5,0.507721317225662,113,4,3,1,0.0,0.14285714285714285
front3,16,11,0.513286119300753,113,2,2,1,1.0,0.06666666666666667
front3,15,13,0.27567886988837703,72,5,1,1,0.0,0.007142857142857143
front3,15,6,0.5619642803164718,111,1,1,1,1.0,0.04
front3,15,6,0.4963263988744329,111,5,1,1,1.0,0.011494252873563218
front3,15,10,0.36017186404707596,126,5,2,1,0.0,1.0
front3,15,6,0.4341025812302623,40,5,3,1,0.0,1.0
front3,18,5,0.39895348886450593,40,5,3,1,1.0,0.5
front3,18,13,0.2483255143655421,40,5,3,1,0.0,0.5
front3,16,5,0.5104374992651712,21,2,3,1,1.0,0.021739130434782608
front3,15,13,0.3436271362789116,111,4,1,1,1.0,0.041666666666666664
front3,16,7,0.5126668850544397,129,2,1,1,1.0,0.2
front3,16,2,0.5153476739535356,129,2,1,1,1.0,0.2
front3,16,13,0.34514282850257316,129,2,1,1,0.0,0.2
front3,16,4,0.5614620036177156,129,3,1,1,1.0,0.2
front3,16,2,0.5235491372421277,129,3,1,1,0.0,0.2
front3,15,7,0.4964196117690374,111,4,1,1,1.0,0.041666666666666664
front3,17,10,0.460546261023944,72,2,2,1,0.0,1.0
front3,0,10,0.49837495441918345,111,3,2,1,0.0,0.25
front3,0,3,0.6217783971882618,111,3,3,1,1.0,0.25
front3,0,3,0.6198739737317972,111,5,3,1,1.0,0.03333333333333333
front3,0,6,0.5743764753327704,111,3,3,1,0.0,0.25
front3,0,10,0.6628510789413086,51,5,5,1,1.0,0.05555555555555555
front3,0,3,0.6297353210380947,111,3,1,1,0.0,0.25
front3,0,12,0.6175430647265858,51,1,2,1,0.0,1.0
front3,0,10,0.4790462027640111,111,4,2,1,0.0,0.1
front3,15,1,0.6040835068965452,47,3,1,1,0.0,0.5
front3,0,10,0.4568378115253886,122,4,2,1,1.0,0.047619047619047616
front3,0,12,0.4532199266890544,139,2,2,1,0.0,1.0
front3,0,9,0.4033675810486797,139,5,2,1,0.0,0.07692307692307693
front3,0,10,0.5048233328813633,51,2,2,1,0.0,0.5
front3,0,10,0.4785639702428644,111,4,1,1,1.0,0.1
front3,0,1,0.6094567970102546,51,5,1,1,1.0,0.05555555555555555
front3,0,1,0.5869986825369651,111,5,3,1,0.0,0.03333333333333333
front3,16,6,0.552187663852299,64,1,3,1,1.0,1.0
front3,16,3,0.5860699643910541,64,4,3,1,1.0,0.0625
front3,15,11,0.44968217452651094,47,2,3,1,0.0,0.07692307692307693
front3,15,7,0.5383094660554144,144,2,1,1,1.0,0.038461538461538464
front3,15,6,0.5392359679724327,144,5,3,1,1.0,0.00684931506849315
front3,15,13,0.30961962813486704,144,3,3,1,0.0,0.1111111111111111
front3,15,2,0.518706574788606,144,5,1,1,0.0,0.00684931506849315
front3,15,5,0.5426224642344648,47,5,3,1,1.0,0.25
front3,16,2,0.548381989362964,64,5,1,1,0.0,0.045454545454545456
front3,16,6,0.5646210108762546,64,2,3,1,1.0,0.14285714285714285
front3,15,5,0.5451353731980404,64,3,3,1,1.0,0.047619047619047616
front3,17,13,0.3984593069854679,64,1,3,1,1.0,1.0
front3,17,2,0.5717155467053009,64,4,1,1,1.0,0.045454545454545456
front3,15,5,0.4797863001748359,150,2,3,1,0.0,0.016666666666666666
front3,17,13,0.3526400534502702,64,4,3,1,0.0,0.045454545454545456
front3,15,7,0.4979464324098898,150,2,3,1,1.0,0.016666666666666666
front3,15,1,0.5465823808661047,85,2,3,1,0.0,0.3333333333333333
front3,17,2,0.4789999864433354,136,5,1,1,0.0,0.5
front3,16,4,0.5102399620901796,136,5,1,1,1.0,0.021739130434782608
front3,16,2,0.5232072300350341,85,5,1,1,0.0,1.0
front3,16,10,0.37783158018203755,136,5,3,1,1.0,0.021739130434782608
front3,17,1,0.48750226755657416,136,5,1,1,1.0,0.5
front3,17,6,0.5103131966004936,136,4,3,1,1.0,1.0
front3,16,10,0.47927456801969764,85,2,2,1,0.0,0.5
front3,0,14,0.2596334101899035,122,4,3,1,0.0,0.047619047619047616
front3,0,2,0.013815795309087421,122,4,0,1,0.0,0.047619047619047616
front3,0,7,0.495054353914533,122,4,1,1,1.0,0.047619047619047616
front3,0,10,0.48301098692599687,88,5,2,1,0.0,0.05555555555555555
front3,0,2,0.5601881324037499,88,5,1,1,0.0,0.05555555555555555
front3,0,2,0.5406691253146991,122,5,1,1,0.0,0.041666666666666664
front3,0,13,0.28339143908824216,122,5,3,1,1.0,0.041666666666666664
front3,0,13,0.29740396615655335,122,3,3,1,0.0,0.3333333333333333
front3,16,2,0.5231272540063262,144,4,1,1,0.0,0.3333333333333333
front3,16,11,0.41829293958554353,144,5,3,1,1.0,0.25
front3,16,2,0.4236996454037071,3,5,1,1,1.0,0.1111111111111111
front3,16,6,0.47513187512387467,3,3,1,1,0.0,0.5
front3,16,10,0.32224352574045223,3,3,3,1,0.0,0.5
front3,16,11,0.3879849090336005,3,5,2,1,0.0,0.1111111111111111
front3,15,10,0.3814872385399229,3,2,2,1,1.0,0.2
front3,0,1,0.5560241452247224,122,4,1,1,1.0,0.047619047619047616
front3,0,12,0.5308907215799157,51,2,2,1,0.0,0.5
front3,0,3,0.5948501891288355,111,4,3,1,1.0,0.1
front3,0,1,0.5667855081483973,111,4,1,1,0.0,0.1
front3,0,10,0.6585373946576877,155,5,5,1,1.0,0.14285714285714285
front3,15,6,0.48012775735432617,3,4,1,1,1.0,0.09090909090909091
front3,18,1,0.009036535803105539,3,5,0,1,0.0,0.038461538461538464
front3,15,11,0.4130295798600687,3,2,2,1,0.0,0.2
front3,16,6,0.40793916021379645,3,5,1,1,0.0,0.1111111111111111
front3,16,10,0.4541059660629745,21,4,2,1,0.0,0.009615384615384616
front3,15,1,0.5916093539668729,21,3,1,1,1.0,0.3333333333333333
front3,16,3,0.5810003669849918,21,5,3,1,0.0,0.007874015748031496
front3,16,10,0.44666930787872083,155,4,2,1,0.0,0.5
front3,15,3,0.5869754359443509,21,2,3,1,0.0,0.07692307692307693
front3,16,10,0.5678296312026739,155,5,4,1,1.0,0.16666666666666666
front3,16,10,0.5768994855448828,21,3,4,1,1.0,0.07692307692307693
front3,16,6,0.5598094903264229,155,3,2,1,1.0,0.3333333333333333
front3,15,13,0.012398667492747855,136,5,0,1,0.0,0.0041841004184100415
front3,15,6,0.37503156968547324,108,1,1,1,0.0,1.0
front3,15,1,0.3905248165285577,108,4,1,1,0.0,0.1
front3,15,1,0.4892791842397088,136,4,2,1,0.0,0.012345679012345678
front3,15,7,0.33625869585256357,108,5,1,1,1.0,0.3333333333333333
front3,15,13,0.21713319898242492,108,4,1,1,0.0,0.1
front3,16,12,0.4799718629919011,155,4,2,1,0.0,0.5
front3,16,5,0.47246394777686634,155,5,2,1,0.0,0.16666666666666666
front3,16,13,0.3467575782959635,47,2,3,1,0.0,0.09090909090909091
front3,15,13,0.336466018723332,47,3,3,1,1.0,0.5
front3,15,10,0.4942173001269049,47,5,2,1,1.0,0.25
front3,16,13,0.3772776175710889,47,5,1,1,0.0,0.5
front3,15,2,0.5539018364770195,47,5,1,1,1.0,0.25
front3,16,2,0.5276585792071036,47,5,1,1,0.0,0.5
front3,16,7,0.5368381191872413,47,2,1,1,1.0,0.09090909090909091
front3,15,10,0.4363202187860147,136,2,1,1,0.0,0.004424778761061947
front3,15,13,0.3216523951194477,85,5,3,1,0.0,0.038461538461538464
front3,15,2,0.5858855639953416,85,2,1,1,1.0,0.3333333333333333
front3,15,10,0.48398423349702274,85,2,2,1,0.0,0.3333333333333333
front3,15,6,0.5617287671913623,47,2,3,1,1.0,0.07692307692307693
front3,16,2,0.5135126665805031,47,2,3,1,1.0,0.09090909090909091
front3,15,6,0.5637885860606997,144,3,3,1,1.0,0.1111111111111111
front3,15,2,0.5582414245114037,144,2,1,1,1.0,0.038461538461538464
front3,15,13,0.3376610285271773,47,5,3,1,0.0,0.25
front3,0,6,0.6016039364967072,59,5,3,1,1.0,0.07692307692307693
front3,0,5,0.5726274602933202,59,4,1,1,1.0,1.0
front3,0,2,0.01769297118058364,88,1,0,1,0.0,0.3333333333333333
front3,0,4,0.569924107731295,88,5,1,1,1.0,0.05555555555555555
front3,17,3,0.568191199474804,144,5,3,1,1.0,0.1111111111111111
front3,15,3,0.5781865857197177,144,2,3,1,1.0,0.038461538461538464
front3,15,10,0.45450934535816145,144,3,2,1,0.0,0.1111111111111111
front3,16,1,0.5518639105786936,144,2,1,1,0.0,1.0
front3,16,13,0.2974394038861874,136,2,3,1,0.0,0.034482758620689655
front3,17,3,0.44154432846651903,92,5,1,1,0.0,0.02857142857142857
front3,16,6,0.42998087732522466,92,5,3,1,0.0,0.09090909090909091
front3,15,1,0.48159531365727554,92,2,1,1,1.0,0.25
front3,0,10,0.4442619158362512,59,2,3,1,1.0,0.058823529411764705
front3,0,2,0.4782519576301811,136,2,3,1,1.0,0.008
front3,0,6,0.5763277932739499,59,2,3,1,1.0,0.058823529411764705
front3,0,13,0.3618751299031396,59,2,3,1,0.0,0.058823529411764705
front3,15,10,0.417311719950885,155,2,3,1,1.0,0.016129032258064516
front3,16,7,0.5044743115271733,144,5,3,1,0.0,0.25
front3,16,7,0.4974528935092697,144,4,2,1,1.0,0.3333333333333333
front3,15,10,0.5597802921938804,155,2,4,1,0.0,0.016129032258064516
front3,18,12,0.4745623480661832,155,5,2,1,1.0,0.5
front3,15,11,0.4798041559209405,144,3,2,1,1.0,0.1111111111111111
front3,15,7,0.5151627390056945,144,4,2,1,0.0,0.01639344262295082
front3,16,4,0.48073455171757107,92,2,1,1,0.0,0.06666666666666667
front3,16,5,0.507492094357843,21,5,3,1,0.0,0.007874015748031496
front3,16,5,0.5058056638740405,155,3,3,1,0.0,0.3333333333333333
front3,15,2,0.5152848282211397,37,3,1,1,0.0,0.5
front3,15,3,0.5661613343610997,96,5,3,1,1.0,0.0032679738562091504
front3,15,3,0.56729603746554,96,3,3,1,1.0,0.0196078431372549
front3,15,6,0.5365441214188211,96,3,3,1,0.0,0.0196078431372549
front3,15,5,0.4686894769249874,37,5,3,1,0.0,0.015873015873015872
front3,16,3,0.5800455813388743,144,3,3,1,0.0,0.2
front3,16,11,0.494796083637926,32,5,2,1,1.0,1.0
front3,15,1,0.4840133764626125,32,2,1,1,0.0,0.1111111111111111
front3,15,11,0.4047178689654733,32,3,2,1,0.0,0.16666666666666666
front3,15,3,0.4773252698881647,32,4,3,1,1.0,0.1111111111111111
front3,17,10,0.3437985575661539,32,1,2,1,0.0,0.5
front3,17,1,0.4756306809802961,32,4,1,1,0.0,0.3333333333333333
front3,15,1,0.5001221961491601,32,3,1,1,1.0,0.16666666666666666
front3,15,9,0.4912583718551284,155,2,2,1,1.0,0.016129032258064516
front3,15,1,0.4669759882384731,2,5,1,1,1.0,0.05
front3,15,6,0.4882363838285089,2,3,3,1,0.0,1.0
front3,15,6,0.5346050854302095,116,4,3,1,1.0,0.14285714285714285
front3,15,11,0.41021602173672944,2,5,2,1,1.0,0.05
front3,15,6,0.5542719404375558,116,2,3,1,1.0,1.0
front3,15,5,0.4923434340919337,155,4,3,1,0.0,0.09090909090909091
front3,16,11,0.3762379854444587,32,4,2,1,0.0,1.0
front3,15,3,0.5919466063276352,155,3,3,1,1.0,0.16666666666666666
front3,15,7,0.48581173102223213,106,5,1,1,0.0,0.014492753623188406
front3,18,13,0.014508375370432435,106,5,0,1,0.0,0.02702702702702703
front3,15,6,0.016483920217421098,106,2,0,1,0.0,0.045454545454545456
front3,15,6,0.016442270212843457,106,3,0,1,0.0,0.05263157894736842
front3,15,1,0.5534482239519748,116,4,1,1,0.0,0.14285714285714285
front3,15,13,0.32769669211752217,116,5,3,1,1.0,0.16666666666666666
front3,15,5,0.4363311476342641,2,5,1,1,1.0,0.05
front3,15,10,0.013394316898517384,116,4,0,1,0.0,0.14285714285714285
front3,17,3,0.5812646789055441,144,4,3,1,1.0,0.25
front3,15,3,0.5798804880241412,144,5,3,1,1.0,0.00684931506849315
front3,16,10,0.44838306096796376,144,3,2,1,1.0,0.2
front3,15,10,0.4573814329713172,155,3,2,1,0.0,0.16666666666666666
front3,15,2,0.5450531083602438,96,5,3,1,0.0,0.0032679738562091504
front3,15,4,0.624793949736967,101,3,4,1,1.0,0.02040816326530612
front3,15,11,0.4555995352877879,96,3,2,1,1.0,0.0196078431372549
front3,18,6,0.5191131483950965,106,4,1,1,1.0,0.07142857142857142
front3,0,10,0.40245073651976154,133,5,3,1,0.0,0.011904761904761904
front3,0,10,0.4917039134590705,49,4,2,1,0.0,0.14285714285714285
front3,0,3,0.5817608062283977,49,5,1,1,1.0,0.05
front3,0,12,0.5272134152910611,49,4,2,1,0.0,0.14285714285714285
front3,0,10,0.4417350230004244,49,5,3,1,0.0,0.05
front3,0,3,0.5546767864045388,133,5,1,1,1.0,0.011904761904761904
front3,0,12,0.68327829855308,49,5,5,1,1.0,0.05
front3,16,13,0.22573855412780192,92,5,3,1,0.0,0.09090909090909091
front3,17,3,0.4839344742720904,18,2,1,1,0.0,1.0
front3,15,7,0.4727229596387409,136,4,1,1,0.0,0.012345679012345678
front3,15,2,0.3946194716278093,18,4,1,1,1.0,0.25
front3,17,1,0.38237929638425583,18,5,1,1,0.0,0.25
front3,17,3,0.40671733056412057,18,5,1,1,0.0,0.25
front3,0,4,0.5405990471428359,107,2,1,1,1.0,0.05
front3,0,5,0.5156532778547852,107,2,1,1,1.0,0.05
front3,0,7,0.4874467885465692,107,5,3,1,0.0,0.047619047619047616
front3,0,11,0.581202880803882,57,5,2,1,1.0,0.09090909090909091
front3,0,1,0.47762389208454464,139,4,1,1,1.0,0.1111111111111111
front3,0,10,0.5533750080986504,57,4,2,1,0.0,0.25
front3,0,1,0.484191174138336,139,5,1,1,0.0,0.07692307692307693
front3,0,5,0.4634880397798293,139,3,3,1,0.0,1.0
front3,0,8,0.3631644642995106,139,5,2,1,1.0,0.07692307692307693
front3,15,7,0.39488996734674237,18,2,1,1,1.0,1.0
front3,15,2,0.38506009559409415,18,5,1,1,0.0,0.1111111111111111
front3,15,11,0.38946103442309704,32,5,2,1,0.0,0.09090909090909091
front3,15,3,0.5166147073986865,32,3,3,1,1.0,0.16666666666666666
front3,15,6,0.4234766749831014,115,4,1,1,0.0,0.041666666666666664
front3,16,6,0.3871737072375924,115,5,1,1,0.0,0.07142857142857142
front3,15,10,0.36496901862045744,115,3,2,1,0.0,0.06666666666666667
front3,15,11,0.33345967647415925,115,3,3,1,1.0,0.06666666666666667
front3,18,6,0.44269490768639275,3,4,1,1,0.0,0.2
front3,18,13,0.2654346762318736,3,5,3,1,1.0,0.038461538461538464
front3,15,9,0.4660373354398267,125,5,2,1,1.0,0.5
front3,15,9,0.4272368019024436,125,5,3,1,0.0,0.5
front3,0,10,0.4587569416065419,136,3,2,1,1.0,0.0625
front3,0,10,0.45855126946065505,136,3,1,1,0.0,0.0625
front3,0,1,0.5389165529714025,136,4,1,1,1.0,0.16666666666666666
front3,15,1,0.01746160209963549,64,5,0,1,0.0,0.007692307692307693
front3,16,2,0.5535735641574216,64,4,1,1,0.0,0.0625
front3,17,6,0.5097085788158296,21,5,1,1,0.0,0.25
front3,0,5,0.6644853389155881,122,1,1,1,1.0,1.0
front3,0,13,0.31956033409156653,157,5,2,1,0.0,0.027777777777777776
front3,0,4,0.539337290523982,157,5,1,1,0.0,0.027777777777777776
front3,0,13,0.35124852936285267,122,3,1,1,1.0,0.3333333333333333
front3,0,1,0.5808507012634102,122,3,1,1,0.0,0.3333333333333333
front3,0,1,0.5335435498594191,107,3,1,1,0.0,1.0
front3,16,10,0.012236414192890944,136,5,0,1,0.0,0.021739130434782608
front3,16,2,0.5291930016945955,148,5,1,1,1.0,0.14285714285714285
front3,15,13,0.2940350690699089,1,4,1,1,0.0,1.0
front3,15,2,0.45455210730149226,1,5,1,1,1.0,0.06666666666666667
front3,15,13,0.30499990723451303,1,5,2,1,0.0,0.06666666666666667
front3,16,10,0.3910500262160233,1,2,2,1,1.0,1.0
front3,16,13,0.30307191622624713,1,5,1,1,0.0,0.3333333333333333
front3,15,7,0.5395051006828315,136,5,5,1,1.0,0.0041841004184100415
front3,15,2,0.5524613751541951,148,4,1,1,1.0,1.0
front3,15,13,0.35595956926928335,148,5,1,1,0.0,0.06666666666666667
front3,15,1,0.40814458608070286,18,4,1,1,0.0,0.25
front3,17,3,0.4419691334620141,18,4,1,1,0.0,0.3333333333333333
front3,15,1,0.3960785569526009,18,5,1,1,0.0,0.1111111111111111
front3,15,10,0.3230600906664392,18,5,2,1,0.0,0.1111111111111111
front3,17,13,0.27284037216629314,18,1,1,1,0.0,1.0
front3,15,10,0.3969959405477505,1,2,2,1,1.0,0.3333333333333333
front3,15,2,0.012420344818664475,1,2,0,1,0.0,0.3333333333333333
front3,15,1,0.49890667028990343,1,2,1,1,0.0,0.3333333333333333
front3,15,13,0.2289496945866613,29,4,3,1,1.0,0.1
front3,16,11,0.3603013978939722,29,5,2,1,0.0,1.0
front3,16,2,0.4972238050705574,81,2,1,1,0.0,0.5
front3,16,13,0.33766748014538017,81,4,1,1,0.0,0.25
front3,16,2,0.4587784479944007,81,5,1,1,0.0,0.125
front3,16,4,0.49109757242382623,81,5,1,1,1.0,0.125
front3,15,3,0.5432586669661242,136,4,1,1,1.0,0.012345679012345678
front3,16,3,0.5322611047787695,81,2,1,1,1.0,0.5
front3,15,4,0.6029073368842605,101,5,3,1,1.0,0.011494252873563218
front3,15,6,0.5361806150429397,101,4,3,1,1.0,0.02564102564102564
front3,15,1,0.5583721081838098,29,5,3,1,1.0,0.16666666666666666
front3,16,1,0.44537732943228436,29,3,1,1,1.0,1.0
front3,15,11,0.4652414515336371,29,5,2,1,1.0,0.16666666666666666
front3,15,4,0.5833884998907438,101,4,1,1,1.0,0.02564102564102564
front3,17,4,0.6723903521028967,101,2,1,1,1.0,1.0
front3,15,11,0.3975320807476985,29,2,2,1,0.0,0.16666666666666666
front3,15,13,0.25887806793482626,71,4,3,1,0.0,0.058823529411764705
front3,15,1,0.01156577577575284,71,3,0,1,0.0,0.09090909090909091
front3,15,10,0.37976334910983145,71,4,2,1,1.0,0.058823529411764705
front3,15,2,0.47896686376199293,71,4,1,1,1.0,0.058823529411764705
front3,15,11,0.3760546087303928,32,4,2,1,0.0,0.1111111111111111
front3,15,13,0.31676405524296847,155,2,3,1,0.0,0.016129032258064516
front3,17,3,0.5792681253013094,32,1,3,1,1.0,0.5
front3,18,3,0.5641915600744879,155,5,3,1,1.0,0.5
front3,15,10,0.4056938801830714,21,5,3,1,0.0,0.05555555555555555
front3,15,10,0.42832248875906376,64,5,3,1,0.0,0.007692307692307693
front3,15,13,0.017763894937839933,64,4,0,1,0.0,0.014925373134328358
front3,18,13,0.34658165285891557,21,4,3,1,0.0,0.16666666666666666
front3,15,11,0.4271393031598693,71,2,2,1,0.0,0.2
front3,16,2,0.46539062684433363,71,4,1,1,1.0,0.5
front3,16,6,0.45291285391489455,71,4,1,1,0.0,0.5
front3,15,13,0.25269094674173415,71,5,3,1,0.0,0.07692307692307693
front3,15,10,0.4709276645557373,149,4,2,1,0.0,0.05555555555555555
front3,15,1,0.5594917199494142,149,5,1,1,1.0,0.25
front3,15,2,0.5900266226161035,149,2,1,1,1.0,0.25
front3,15,7,0.5102874766785177,113,5,1,1,1.0,0.1
front3,15,2,0.5657234539816767,113,4,1,1,1.0,0.14285714285714285
front3,15,13,0.35462695484305173,113,3,3,1,0.0,0.5
front3,18,1,0.5570612669441602,21,4,1,1,1.0,0.16666666666666666
front3,15,5,0.49658635949305985,150,4,1,1,0.0,0.125
front3,0,5,0.63152659579078,14,3,1,1,1.0,0.3333333333333333
front3,0,3,0.6648370617651926,14,5,3,1,0.0,0.02857142857142857
front3,17,10,0.43621388210900064,98,5,2,1,1.0,0.3333333333333333
front3,17,5,0.4804919487744943,98,5,1,1,0.0,0.3333333333333333
front3,17,1,0.5019756561860615,98,5,1,1,0.0,0.3333333333333333
front3,17,5,0.5119446842335641,101,4,3,1,1.0,0.047619047619047616
front3,15,13,0.2425989464914048,98,4,3,1,0.0,0.125
front3,15,10,0.5078503978062623,149,2,2,1,1.0,0.25
front3,0,10,0.405811138940486,3,2,2,1,1.0,0.1111111111111111
front3,0,5,0.5025697109829498,3,2,1,1,1.0,0.1111111111111111
front3,0,5,0.5109203738868366,3,3,1,1,1.0,1.0
front3,0,11,0.38135472359031125,3,2,3,1,0.0,0.1111111111111111
front3,0,5,0.6221852002621476,14,5,3,1,1.0,0.02857142857142857
front3,0,10,0.4857577454926812,14,5,3,1,1.0,0.02857142857142857
front3,0,11,0.47857545368042853,14,2,3,1,1.0,0.25
front3,0,6,0.52069364570441,133,3,3,1,0.0,0.5
front3,15,2,0.48891449296839395,81,1,1,1,0.0,1.0
front3,15,1,0.5878537788120565,101,5,3,1,1.0,0.011494252873563218
front3,15,10,0.4913233169605415,98,5,5,1,0.0,0.07142857142857142
front3,15,7,0.42768232238836834,98,4,1,1,0.0,0.125
front3,15,13,0.24636614059564596,98,5,3,1,0.0,0.07142857142857142
front3,15,4,0.4972055085815415,98,2,1,1,1.0,1.0
front3,15,6,0.4499468124498737,98,4,1,1,1.0,0.125
front3,15,11,0.5752151093862844,101,4,5,1,0.0,0.02564102564102564
front3,15,2,0.5439432434399631,149,5,1,1,1.0,0.25
front3,16,10,0.49306710013793636,21,3,2,1,1.0,0.07692307692307693
front3,18,10,0.5483865991983582,21,2,2,1,0.0,0.125
front3,18,5,0.4956298108345158,21,5,1,1,0.0,0.041666666666666664
front3,15,2,0.5132024608653308,33,5,1,1,0.0,0.5
front3,15,10,0.3828197027050182,33,2,2,1,0.0,0.08333333333333333
front3,15,5,0.5195520488520636,33,1,1,1,0.0,1.0
front3,15,10,0.4211762889312672,33,5,2,1,1.0,0.5
front3,0,3,0.5918140703073986,136,3,3,1,0.0,0.0625
front3,15,11,0.409128575954259,132,5,3,1,0.0,0.00980392156862745
front3,15,13,0.3330924011995315,149,4,3,1,0.0,0.05555555555555555
front3,15,13,0.013746469858572223,132,5,0,1,0.0,0.00980392156862745
front3,15,13,0.335989841934361,149,2,3,1,1.0,0.25
front3,15,2,0.5493673300233536,132,3,1,1,0.0,0.125
front3,15,6,0.5537103792495827,149,4,3,1,0.0,0.05555555555555555
front3,15,11,0.49671997580626126,149,4,2,1,1.0,0.05555555555555555
front3,0,10,0.4894037169500102,155,2,1,1,1.0,0.16666666666666666
front3,0,12,0.5982255967239707,155,4,4,1,1.0,0.07692307692307693
front3,0,12,0.6443636274010595,155,4,5,1,0.0,0.07692307692307693
front3,0,1,0.46209816250224,94,2,1,1,1.0,0.125
front3,0,10,0.49943846060857033,155,5,1,1,0.0,0.14285714285714285
front3,0,10,0.6673836875105263,155,2,5,1,1.0,0.16666666666666666
front3,0,3,0.4648523621843266,94,4,3,1,0.0,0.09090909090909091
front3,0,8,0.41962188725412175,78,5,2,1,0.0,0.043478260869565216
front3,15,10,0.41848644240023,150,5,2,1,0.0,0.07692307692307693
front3,15,1,0.015086548058723432,150,2,0,1,0.0,0.016666666666666666
front3,0,10,0.6149538649085315,155,5,4,1,1.0,0.14285714285714285
front3,0,1,0.4789490032749322,94,3,1,1,0.0,0.5
front3,0,12,0.5214830374429236,155,5,2,1,1.0,0.14285714285714285
front3,0,11,0.40741502575029076,94,5,2,1,0.0,0.125
front3,0,10,0.3683568581441147,94,3,2,1,0.0,0.5
front3,0,10,0.4930579894056009,155,3,2,1,0.0,0.3333333333333333
front3,15,1,0.013595937957600675,132,5,0,1,0.0,0.00980392156862745
front3,15,13,0.31447829311491543,162,4,3,1,0.0,0.5
front3,15,3,0.5482464828809293,120,4,3,1,0.0,1.0
front3,18,3,0.6163568289358234,120,2,2,1,1.0,1.0
front3,17,6,0.5414846634748145,101,4,1,1,1.0,0.047619047619047616
front3,17,10,0.4905335812811192,101,5,1,1,1.0,0.022727272727272728
front3,17,10,0.42933735467474204,13,4,2,1,1.0,0.2
front3,17,10,0.418794850888473,13,5,2,1,0.0,0.2
front3,15,2,0.5548773950003933,162,2,1,1,1.0,0.125
front3,15,13,0.290719689832339,162,2,3,1,0.0,0.125
front3,17,13,0.3296598347223814,162,5,3,1,1.0,1.0
front3,15,11,0.4873062110551737,162,2,2,1,0.0,0.125
front3,17,6,0.5269086848378868,162,4,1,1,1.0,0.5
front3,17,13,0.3384656443546783,162,4,3,1,0.0,0.5
front3,15,4,0.6106494555204496,162,3,4,1,0.0,1.0
front3,15,1,0.5564927281015739,162,4,1,1,1.0,0.5
front3,18,6,0.4990233250959634,21,5,1,1,0.0,0.041666666666666664
front3,18,10,0.5031605903746832,21,2,3,1,0.0,0.125
front3,15,6,0.4797841407481939,159,5,1,1,0.0,0.07142857142857142
front3,15,4,0.5761846010194235,159,2,4,1,0.0,0.3333333333333333
front3,15,2,0.5377567804521332,159,2,1,1,0.0,0.3333333333333333
front3,15,6,0.5550248435609176,162,2,1,1,1.0,0.125
front3,15,1,0.5703318722975798,162,2,1,1,1.0,0.125
front3,15,6,0.013412260075133213,132,5,0,1,0.0,0.00980392156862745
front3,15,4,0.5781427870814945,33,2,1,1,0.0,0.08333333333333333
front3,15,7,0.4693093630708613,33,2,1,1,1.0,0.08333333333333333
front3,0,6,0.5349051583994426,26,2,3,1,0.0,0.1111111111111111
front3,0,2,0.5468866083037853,26,2,1,1,1.0,0.1111111111111111
front3,0,5,0.5402414288561913,133,3,1,1,0.0,0.5
front3,15,1,0.6014757245680649,112,1,1,1,1.0,0.25
front3,18,10,0.5308723729664695,21,3,2,1,1.0,1.0
front3,18,13,0.31883094006750484,21,1,1,1,0.0,1.0
front3,15,6,0.43552785016388146,92,4,1,1,1.0,0.5
front3,15,13,0.2804170370166099,150,5,3,1,0.0,0.07692307692307693
front3,15,6,0.5033978639376268,150,4,1,1,0.0,0.125
front3,15,11,0.46716882703522067,150,2,2,1,1.0,0.016666666666666666
front3,15,11,0.37942876984661966,92,5,2,1,0.0,0.3333333333333333
front3,15,11,0.4111848723383673,150,2,3,1,0.0,0.016666666666666666
front3,17,6,0.39811932835097497,92,5,1,1,0.0,0.02857142857142857
front3,15,11,0.4560573935650522,150,3,2,1,1.0,0.025
front3,15,11,0.3884339008888096,0,5,3,1,1.0,0.125
front3,15,11,0.4410760181302121,0,5,2,1,0.0,0.125
front3,15,13,0.27302240556648677,0,5,3,1,0.0,0.125
front3,15,6,0.5287055663657411,0,3,1,1,1.0,0.3333333333333333
front3,17,6,0.49999660376234356,0,4,1,1,1.0,1.0
front3,17,1,0.47738542678059553,0,5,1,1,1.0,0.14285714285714285
front3,17,7,0.4451279510311084,92,4,1,1,1.0,0.045454545454545456
front3,17,11,0.37544955666564467,92,5,2,1,1.0,0.02857142857142857
front3,15,4,0.5739237050925716,101,5,1,1,0.0,0.011494252873563218
front3,15,13,0.3197861892098045,157,4,1,1,1.0,0.05
front3,15,4,0.6003840125893436,101,2,1,1,0.0,0.014492753623188406
front3,17,2,0.47634972617118587,157,5,1,1,0.0,0.043478260869565216
front3,16,2,0.451620673474275,72,4,1,1,1.0,1.0
front3,16,10,0.37797108471431184,72,5,2,1,0.0,1.0
front3,15,7,0.4846040783204863,0,3,1,1,1.0,0.3333333333333333
front3,15,1,0.5162902763549805,0,4,1,1,0.0,0.3333333333333333
front3,16,7,0.5515918896464849,101,2,1,1,0.0,1.0
front3,15,7,0.47906409706690617,13,2,1,1,1.0,0.02857142857142857
front3,17,11,0.45213666895492916,101,5,3,1,0.0,0.022727272727272728
front3,15,1,0.5241488836037077,157,4,1,1,0.0,0.05
front3,15,11,0.4791493143006173,101,4,2,1,1.0,0.02564102564102564
front3,17,11,0.4385447437441974,157,5,2,1,1.0,0.043478260869565216
front3,17,4,0.5670703265654208,101,5,1,1,0.0,0.022727272727272728
front3,17,5,0.45805193883873196,157,5,1,1,1.0,0.043478260869565216
front3,15,6,0.4602748356059702,70,5,1,1,0.0,0.25
front3,16,13,0.27297727930653465,70,5,3,1,0.0,0.1111111111111111
front3,17,13,0.35899775226034897,31,5,3,1,0.0,0.3333333333333333
front3,16,6,0.4458813502521745,70,5,1,1,0.0,0.1111111111111111
front3,15,13,0.2663002885234184,70,4,3,1,0.0,0.06666666666666667
front3,15,6,0.5703156631547658,36,4,1,1,1.0,0.5
front3,15,10,0.49084146427403536,36,5,2,1,0.0,0.05555555555555555
front3,17,4,0.6300059696228165,36,5,4,1,1.0,0.14285714285714285
front3,15,7,0.4574922766949642,0,5,1,1,1.0,0.125
front3,15,2,0.5229949092246449,0,2,1,1,1.0,0.14285714285714285
front3,17,13,0.28718210877520584,0,5,3,1,0.0,0.14285714285714285
front3,15,11,0.37837015986859224,0,3,3,1,0.0,0.3333333333333333
front3,15,10,0.4210484606762181,0,2,2,1,0.0,0.14285714285714285
front3,15,1,0.01944566958338508,31,5,0,1,0.0,0.045454545454545456
front3,15,4,0.5498833401769335,70,2,4,1,1.0,0.012195121951219513
front3,15,6,0.4954981259349601,70,3,1,1,1.0,0.058823529411764705
front3,15,10,0.46185181353215876,113,5,2,1,0.0,0.1
front3,15,1,0.5751418171723308,113,4,1,1,1.0,0.14285714285714285
front3,17,3,0.5938245322969042,21,4,1,1,0.0,0.1
front3,16,6,0.5405104977464957,113,4,1,1,0.0,0.14285714285714285
front3,16,2,0.5509437699065066,113,4,1,1,0.0,0.14285714285714285
front3,15,2,0.5448926980365518,113,5,1,1,1.0,0.1
front3,18,13,0.6870093959860423,21,5,5,1,1.0,0.041666666666666664
front3,15,10,0.4170672032472336,113,4,3,1,0.0,0.14285714285714285
front3,15,1,0.43689748082241725,92,5,1,1,0.0,0.3333333333333333
front3,17,13,0.25871964765294514,92,4,3,1,0.0,0.045454545454545456
front3,15,4,0.5062455064240963,92,3,1,1,1.0,0.5
front3,15,1,0.6167998050448087,113,3,1,1,1.0,0.5
front3,16,6,0.5115782724634901,113,5,1,1,0.0,1.0
front3,16,1,0.5884336723850813,113,3,1,1,1.0,0.5
front3,18,13,0.3390638955287765,21,5,3,1,0.0,0.041666666666666664
front3,17,1,0.5833327867729038,113,4,1,1,1.0,1.0
front3,16,11,0.5086419710852603,36,5,2,1,0.0,1.0
front3,15,2,0.46486279560172356,161,5,1,1,0.0,0.2
front3,15,11,0.44670031463850446,161,2,2,1,1.0,1.0
front3,15,6,0.4796924914889956,161,4,1,1,0.0,0.125
front3,17,10,0.4957484119762178,36,5,2,1,0.0,0.14285714285714285
front3,15,4,0.5587873803135543,161,3,4,1,1.0,0.2
front3,16,1,0.49140691574691897,161,4,1,1,0.0,1.0
front3,15,13,0.2973623071754331,161,1,3,1,0.0,1.0
front3,0,2,0.51590085795937,33,4,1,1,1.0,1.0
front3,0,1,0.009665896952571846,70,3,0,1,0.0,0.02127659574468085
front3,0,7,0.010834861594153361,70,2,0,1,0.0,0.008928571428571428
front3,0,5,0.5324343113201718,33,3,1,1,0.0,0.5
front3,0,10,0.408424105142564,70,3,2,1,1.0,0.02127659574468085
front3,0,5,0.6121859598112318,33,1,1,1,1.0,0.5
front3,17,13,0.3397671462376021,36,5,3,1,1.0,0.14285714285714285
front3,15,1,0.48037127155227966,161,5,1,1,1.0,0.2
front3,0,2,0.6039049137284176,33,1,1,1,1.0,0.5
front3,0,11,0.013656944200878712,33,2,0,1,0.0,0.08333333333333333
front3,0,13,0.28602721430627465,33,3,1,1,0.0,0.5
front3,0,1,0.010746272946476345,33,2,0,1,0.0,0.08333333333333333
front3,0,5,0.010373310575793443,70,3,0,1,0.0,0.02127659574468085
front3,0,10,0.5009803485809335,33,2,2,1,0.0,0.08333333333333333
front3,0,11,0.6033318581424547,33,5,2,1,1.0,1.0
front3,0,1,0.009701910937570727,70,2,0,1,0.0,0.008928571428571428
front3,15,13,0.3623802508853937,36,4,3,1,0.0,0.5
front3,0,11,0.389023474940228,158,5,3,1,1.0,0.041666666666666664
front3,0,6,0.4837886201164912,158,2,1,1,1.0,0.058823529411764705
front3,0,11,0.3794209234864699,158,3,3,1,0.0,0.5
front3,0,3,0.5971761145132262,136,3,1,1,1.0,0.0625
front3,0,5,0.5168635805751388,158,3,1,1,1.0,0.5
front3,0,13,0.2744746583781325,158,2,3,1,0.0,0.058823529411764705
front3,0,7,0.49496512111752067,136,2,3,1,0.0,0.008
front3,15,13,0.22169482436108798,90,4,3,1,0.0,0.1
front3,15,11,0.31014472296723844,90,5,3,1,0.0,0.04
front3,15,13,0.007203344079922511,90,4,0,1,0.0,0.1
front3,15,2,0.4058121293681826,90,5,1,1,0.0,0.04
front3,15,6,0.3905038779330954,90,5,1,1,0.0,0.04
front3,15,4,0.5977472169074787,144,2,4,1,0.0,0.038461538461538464
front3,15,10,0.3850444728578128,58,5,2,1,0.0,0.16666666666666666
front3,15,13,0.2570854663660028,58,4,3,1,0.0,0.2
front3,17,1,0.5767308333479146,122,3,1,1,1.0,1.0
front3,16,1,0.5546155588396348,122,3,1,1,1.0,0.25
front3,16,6,0.45961829199994825,150,5,1,1,0.0,1.0
front3,16,6,0.5185824547611192,150,2,1,1,1.0,0.1
front3,16,10,0.4212306831019297,150,3,2,1,1.0,0.125
front3,15,13,0.22100569572669074,90,2,3,1,1.0,0.09090909090909091
front3,15,13,0.007202523565881244,90,5,0,1,0.0,0.04
front3,15,10,0.3996187251427139,144,4,3,1,0.0,0.01639344262295082
front3,16,10,0.4517281101477894,122,2,2,1,0.0,0.5
front3,15,11,0.5070355557181986,31,5,2,1,0.0,0.045454545454545456
front3,15,5,0.5396617865187797,31,5,1,1,0.0,0.045454545454545456
front3,17,1,0.6045826592128976,31,4,1,1,1.0,1.0
front3,15,6,0.01373772472375035,122,4,0,1,0.0,0.015873015873015872
front3,15,7,0.47162639532423956,122,5,1,1,1.0,0.024390243902439025
front3,17,13,0.020049521558897405,31,5,0,1,0.0,0.3333333333333333
front3,15,13,0.29489746590185617,122,4,3,1,1.0,0.015873015873015872
front3,15,7,0.4878408939411198,161,3,1,1,1.0,0.2
front3,15,10,0.3792657536710372,161,5,2,1,1.0,0.2
front3,16,7,0.5136582803412411,122,3,1,1,1.0,0.25
front3,15,1,0.6218997383391657,31,2,1,1,1.0,0.5
front3,15,7,0.5384463869992201,31,4,1,1,1.0,0.05555555555555555
front3,16,6,0.5407338127314284,122,3,1,1,0.0,0.25
front3,15,6,0.6281345968059326,31,2,1,1,0.0,0.5
front3,17,10,0.49608001010354386,31,5,2,1,1.0,0.3333333333333333
front3,15,11,0.35460961945898184,61,5,2,1,0.0,0.08333333333333333
front3,15,5,0.4178839812284334,61,3,1,1,0.0,0.3333333333333333
front3,15,6,0.40439156136596643,61,4,1,1,0.0,0.25
front3,16,6,0.46313605324783996,136,5,1,1,1.0,0.021739130434782608
front3,15,10,0.3421101885166325,61,2,2,1,0.0,0.5
front3,15,13,0.22051543555347428,61,3,3,1,0.0,0.3333333333333333
front3,15,5,0.410594259970984,61,2,1,1,0.0,0.5
front3,16,6,0.39188218826195304,61,4,1,1,0.0,0.3333333333333333
front3,15,6,0.5153862986544318,136,1,1,1,0.0,0.07692307692307693
front3,15,1,0.48240828276630326,16,4,1,1,0.0,0.5
front3,16,1,0.43335650008162446,16,5,1,1,1.0,1.0
front3,16,11,0.4030665353251166,16,3,2,1,0.0,0.3333333333333333
front3,16,2,0.5290575089270522,136,3,1,1,1.0,0.14285714285714285
front3,16,13,0.2905272401464169,136,3,3,1,1.0,0.14285714285714285
front3,16,1,0.4654661734741157,16,4,1,1,1.0,0.5
front3,15,13,0.21694877210266775,61,4,3,1,0.0,0.25
front3,15,1,0.5276821395347961,27,4,1,1,1.0,1.0
front3,15,5,0.5215679524865473,101,5,1,1,0.0,0.011494252873563218
front3,15,6,0.48135726731182005,72,2,3,1,1.0,0.022222222222222223
front3,15,6,0.5619732866828876,101,5,3,1,1.0,0.011494252873563218
front3,17,13,0.3238104207827885,101,5,3,1,1.0,0.022727272727272728
front3,17,6,0.5444501198184792,101,4,3,1,0.0,0.047619047619047616
front3,16,13,0.012503795805569692,136,4,0,1,0.0,0.0625
front3,15,10,0.42601461043855715,64,4,3,1,1.0,0.014925373134328358
front3,15,1,0.4887322306100249,58,4,1,1,1.0,0.2
front3,16,2,0.4537253167493959,58,4,1,1,0.0,0.3333333333333333
front3,16,10,0.3771373714649751,110,4,2,1,1.0,0.1111111111111111
front3,16,6,0.47576430582963203,58,2,1,1,0.0,1.0
front3,15,1,0.009397103971493723,110,5,0,1,0.0,0.038461538461538464
front3,15,6,0.42943604620076853,110,5,1,1,0.0,0.038461538461538464
front3,15,2,0.47199175696448725,58,4,1,1,0.0,0.2
front3,15,11,0.4154899391216818,58,5,2,1,1.0,0.16666666666666666
front3,15,5,0.40589194960942926,83,5,1,1,0.0,0.1111111111111111
front3,15,10,0.44709863295552044,132,3,2,1,1.0,0.125
front3,16,1,0.013565571622819132,132,5,0,1,0.0,0.5
front3,15,11,0.388806161365949,83,2,2,1,0.0,0.25
front3,15,6,0.4084199240744004,83,4,3,1,0.0,1.0
front3,16,10,0.47135160085255845,132,2,2,1,1.0,1.0
front3,16,8,0.3238318408268047,83,4,3,1,0.0,1.0
front3,15,2,0.42360321130625433,83,5,1,1,0.0,0.1111111111111111
front3,16,6,0.47930687118348964,16,3,1,1,0.0,0.3333333333333333
front3,15,10,0.35184255057336006,16,4,2,1,0.0,0.5
front3,16,6,0.4394847083584519,16,4,1,1,0.0,0.5
front3,15,4,0.532845422225959,16,3,4,1,0.0,0.3333333333333333
front3,16,1,0.007820200236254278,92,5,0,1,0.0,0.09090909090909091
front3,15,1,0.4950266489537382,92,3,1,1,0.0,0.5
front3,16,11,0.3735973244594422,92,5,2,1,0.0,0.09090909090909091
front3,16,6,0.4586963517368421,92,3,1,1,1.0,0.2
front3,15,13,0.012715474652430375,157,4,0,1,0.0,0.05
front3,15,6,0.545049088113214,157,3,1,1,1.0,0.2
front3,15,11,0.40170890059104386,150,3,3,1,0.0,0.025
front3,15,10,0.3150333237815092,92,2,3,1,0.0,0.25
front3,15,1,0.46753060840163463,92,4,1,1,0.0,0.5
front3,16,10,0.3729879915293526,16,3,2,1,0.0,0.3333333333333333
front3,15,10,0.3557487725235742,16,5,2,1,0.0,0.1111111111111111
front3,15,6,0.4431428644005646,16,5,1,1,0.0,0.1111111111111111
front3,15,13,0.21265399996212553,61,5,3,1,0.0,0.08333333333333333
front3,0,3,0.5912279540330662,136,5,3,1,1.0,0.011904761904761904
front3,0,10,0.44005789092107017,136,4,2,1,0.0,0.16666666666666666
front3,0,12,0.6296667601761263,78,5,5,1,0.0,0.043478260869565216
front3,15,11,0.4420928924946499,101,3,3,1,1.0,0.02040816326530612
front3,15,10,0.011848732115227845,96,5,0,1,0.0,0.0032679738562091504
front3,16,10,0.45338057304782675,96,2,2,1,0.0,0.07142857142857142
front3,15,11,0.39227911963496487,96,4,3,1,0.0,0.009259259259259259
front3,16,5,0.48244987571863995,145,4,3,1,0.0,0.5
front3,15,5,0.014788892692766441,145,5,0,1,0.0,0.16666666666666666
front3,15,12,0.3721424454298405,160,5,2,1,0.0,0.07692307692307693
front3,15,5,0.39885871880933965,160,3,3,1,0.0,0.2
front3,16,1,0.5035015921525479,77,5,1,1,1.0,1.0
front3,15,1,0.48598549871753005,91,4,1,1,1.0,1.0
front3,15,5,0.542191713347684,80,4,1,1,1.0,0.3333333333333333
front3,15,2,0.5449797131365449,157,3,1,1,0.0,0.2
front3,0,7,0.4520934761552531,158,5,1,1,1.0,0.041666666666666664
front3,0,13,0.2709556509139577,158,5,3,1,1.0,0.041666666666666664
front3,0,5,0.5062352914760458,158,2,1,1,1.0,0.058823529411764705
front3,15,10,0.32207643456106816,164,4,2,1,0.0,0.14285714285714285
front3,18,10,0.6221033557165621,82,2,2,1,1.0,1.0
front3,15,9,0.37314608771823826,164,4,2,1,1.0,0.14285714285714285
front3,15,3,0.6735565530431077,82,3,3,1,1.0,0.2
front3,15,5,0.6127568750619563,82,3,3,1,0.0,0.2
front3,0,3,0.6760278684780036,67,1,1,1,1.0,1.0
front3,0,13,0.00905396255706509,67,3,0,1,0.0,0.125
front3,0,14,0.271350338905374,67,4,1,1,0.0,0.09090909090909091
front3,0,13,0.30561681230610704,67,3,1,1,0.0,0.125
front3,0,13,0.2886963668768872,67,4,1,1,0.0,0.09090909090909091
front3,0,2,0.5960381509419335,44,4,1,1,1.0,0.5
front3,0,5,0.6070503138808868,44,4,1,1,1.0,0.5
front3,0,6,0.46190408919798975,158,5,1,1,0.0,0.041666666666666664
front3,15,8,0.3212998442880729,83,5,3,1,0.0,0.1111111111111111
front3,15,6,0.5086254144673544,132,4,3,1,0.0,0.012987012987012988
front3,15,13,0.2089208437324045,83,2,3,1,0.0,0.25
front3,15,1,0.008898346038013287,83,3,0,1,0.0,1.0
front3,15,10,0.36317392573816903,83,5,2,1,1.0,0.1111111111111111
front3,15,8,0.3798997608567699,132,4,3,1,0.0,0.012987012987012988
front3,15,10,0.536264338026142,82,2,3,1,1.0,0.022222222222222223
front3,0,1,0.48334624104868057,67,4,1,1,1.0,0.09090909090909091
front3,16,1,0.5472972582209381,145,2,1,1,0.0,0.5
front3,15,6,0.5172701525724205,145,4,3,1,0.0,1.0
front3,15,6,0.44321582489637457,160,3,3,1,0.0,0.2
front3,15,13,0.22150979143396793,160,3,3,1,0.0,0.2
front3,16,6,0.5558430475865762,145,5,3,1,0.0,1.0
front3,16,6,0.5131530259840843,145,4,3,1,1.0,0.5
front3,15,10,0.4300108160580239,60,5,2,1,0.0,1.0
front3,18,10,0.6311160479615552,82,5,5,1,1.0,0.05555555555555555
front3,16,10,0.48347193637478597,145,2,2,1,1.0,0.5
front3,15,5,0.5036431775591557,145,5,3,1,1.0,0.16666666666666666
front3,16,1,0.5616877441824845,145,3,1,1,0.0,0.3333333333333333
front3,16,6,0.5482362604092492,145,3,3,1,1.0,0.3333333333333333
front3,15,6,0.43220643529484265,160,5,3,1,1.0,0.07692307692307693
front3,15,2,0.5638356650968884,145,3,1,1,0.0,0.16666666666666666
front3,15,10,0.3579892397280427,160,2,2,1,0.0,0.25
front3,16,3,0.5800739706464026,145,3,3,1,0.0,0.3333333333333333
front3,0,10,0.3704184346603719,115,4,2,1,1.0,0.1
front3,0,1,0.5476771665918538,56,5,1,1,0.0,0.09090909090909091
front3,15,5,0.521772365292176,80,5,1,1,1.0,0.2
front3,15,13,0.3828812558162703,80,3,1,1,1.0,0.09090909090909091
front3,16,1,0.5847534701915253,80,2,1,1,1.0,1.0
front3,16,5,0.5575805688394143,80,3,1,1,0.0,1.0
front3,17,6,0.5578585497192299,80,5,1,1,0.0,1.0
front3,15,6,0.43568605839786856,61,3,1,1,1.0,0.3333333333333333
front3,15,1,0.5611460009324314,157,3,1,1,0.0,0.2
front3,15,13,0.31760531032995604,157,1,3,1,1.0,0.25
front3,15,1,0.014192301968904437,96,3,0,1,0.0,0.0196078431372549
front3,15,11,0.4621982033478694,157,2,2,1,1.0,0.08333333333333333
front3,15,2,0.5303092937501955,157,2,1,1,0.0,0.08333333333333333
front3,15,2,0.536411446317325,157,1,1,1,0.0,0.25
front3,15,10,0.36706328842993724,157,4,3,1,0.0,0.05
front3,0,12,0.45551326383777024,56,3,2,1,0.0,1.0
front3,15,10,0.37800088519992964,141,5,2,1,1.0,1.0
front3,15,5,0.5863798554210694,82,4,3,1,1.0,0.041666666666666664
front3,15,5,0.6178805640637403,82,5,3,1,1.0,0.017543859649122806
front3,15,5,0.5986870708807815,82,4,2,1,1.0,0.041666666666666664
front3,15,3,0.49003385046381176,146,5,3,1,0.0,0.125
front3,15,11,0.4224923503001017,105,2,2,1,0.0,0.08333333333333333
front3,15,13,0.3923017921229876,82,4,3,1,0.0,0.041666666666666664
front3,18,10,0.4110893663773752,105,5,2,1,0.0,0.5
front3,0,1,0.01429622098259808,23,3,0,1,0.0,0.08333333333333333
front3,0,11,0.5289661876249613,70,1,2,1,1.0,0.09090909090909091
front3,15,6,0.5314533046710609,23,2,3,1,0.0,0.14285714285714285
front3,15,4,0.5697330669343662,23,2,1,1,1.0,0.14285714285714285
front3,15,4,0.5491469556651974,70,2,1,1,1.0,0.012195121951219513
front3,15,5,0.5193180359484845,23,2,1,1,0.0,0.14285714285714285
front3,0,6,0.5523087247332095,67,5,1,1,0.0,0.25
front3,0,1,0.5661517020210742,67,5,1,1,0.0,0.25
front3,0,4,0.015369334164296812,23,3,0,1,0.0,0.08333333333333333
front3,0,13,0.015281058428711738,23,4,0,1,0.0,0.07692307692307693
front3,0,1,0.5843934752316512,23,3,1,1,1.0,0.08333333333333333
front3,0,5,0.014899435582658844,23,5,0,1,0.0,0.1
front3,0,5,0.6832447497740319,23,5,1,1,0.0,0.1
front3,0,5,0.4857836842473555,70,4,1,1,1.0,0.02127659574468085
front3,0,6,0.5935711565578554,23,2,1,1,0.0,0.1
front3,0,1,0.01420261444746002,23,2,0,1,0.0,0.1
front3,15,6,0.6730285608448011,82,2,3,1,1.0,0.022222222222222223
front3,15,5,0.4152064744553793,75,2,3,1,1.0,0.125
front3,15,1,0.479733057187789,75,3,1,1,0.0,0.1
front3,15,11,0.40821624153188263,141,3,2,1,0.0,0.1111111111111111
front3,15,5,0.6301240337777364,82,2,2,1,1.0,0.022222222222222223
front3,15,1,0.6383116485682147,82,5,1,1,0.0,0.017543859649122806
front3,15,3,0.4936261517667914,141,4,3,1,0.0,1.0
front3,0,12,0.47484491865221595,70,2,2,1,1.0,0.008928571428571428
front3,15,11,0.3788318799923555,146,4,2,1,0.0,0.16666666666666666
front3,16,2,0.5304985366551096,142,4,1,1,1.0,0.5
front3,16,13,0.352878197277575,142,3,1,1,0.0,1.0
front3,15,13,0.31540943005738087,93,5,1,1,1.0,0.05555555555555555
front3,18,10,0.4898018753839077,142,5,2,1,1.0,0.3333333333333333
front3,15,3,0.5186985740487625,93,4,1,1,0.0,0.2
front3,15,13,0.2734719569002261,93,5,3,1,0.0,0.05555555555555555
front3,15,10,0.44397921524360306,142,5,2,1,0.0,0.5
front3,16,10,0.3599307908986392,79,5,2,1,1.0,1.0
front3,15,12,0.694887281435697,82,2,5,1,1.0,0.022222222222222223
front3,15,3,0.4955041642530958,79,3,3,1,0.0,0.5
front3,15,4,0.49740121632234696,79,2,1,1,1.0,0.08333333333333333
front3,15,5,0.4023799416703978,79,4,3,1,0.0,1.0
front3,15,8,0.667969427271046,82,5,4,1,0.0,0.017543859649122806
front3,15,1,0.4605540502255016,146,4,1,1,1.0,0.16666666666666666
front3,15,12,0.5718733622977499,82,3,2,1,0.0,0.2
front3,15,10,0.3750588772648533,114,5,2,1,1.0,0.5
front3,15,10,0.37522842637950615,114,4,2,1,0.0,1.0
front3,16,3,0.4691326628609813,114,4,2,1,1.0,0.2
front3,18,3,0.48773071519753003,114,4,2,1,0.0,0.16666666666666666
front3,18,1,0.45707713677364387,114,4,1,1,0.0,0.16666666666666666
front3,15,1,0.4799255671485772,79,3,1,1,0.0,0.5
front3,15,12,0.02625755336112992,82,4,0,1,0.0,0.041666666666666664
front3,15,10,0.3628072961405371,79,5,1,1,0.0,0.3333333333333333
front3,15,12,0.025464612651443022,82,5,0,1,0.0,0.017543859649122806
front3,15,1,0.49682077218698795,105,2,1,1,0.0,0.08333333333333333
front3,15,5,0.6509852464161348,82,2,1,1,1.0,0.022222222222222223
front3,18,1,0.41098565456766084,114,5,1,1,0.0,0.2
front3,15,1,0.4418607362080315,114,5,1,1,0.0,0.5
front3,15,10,0.38516800292857406,114,2,2,1,0.0,1.0
front3,15,8,0.4463836251189058,82,4,2,1,1.0,0.041666666666666664
front3,18,3,0.4829301759366806,114,4,3,1,1.0,0.16666666666666666
front3,16,11,0.4247033306171368,99,2,2,1,0.0,1.0
front3,15,1,0.548906191234263,99,5,1,1,0.0,1.0
front3,15,1,0.010544826123273546,99,4,0,1,0.0,0.07142857142857142
front3,15,8,0.49533869068227393,37,4,4,1,0.0,0.03571428571428571
front3,16,7,0.4543374083937038,99,3,3,1,1.0,0.16666666666666666
front3,15,1,0.5232986167911106,37,3,1,1,1.0,0.5
front3,16,1,0.4778487915625535,99,4,1,1,0.0,1.0
front3,16,13,0.010208790811151731,99,3,0,1,0.0,0.16666666666666666
front3,15,12,0.3594256792165515,160,4,2,1,0.0,0.058823529411764705
front3,15,3,0.4447536353476569,160,4,3,1,0.0,0.058823529411764705
front3,15,10,0.3584074280226867,160,1,2,1,1.0,1.0
front3,15,1,0.449269448278029,160,2,1,1,0.0,0.25
front3,15,10,0.3599110285729737,37,5,3,1,1.0,0.015873015873015872
front3,15,6,0.523559741112084,37,5,3,1,1.0,0.015873015873015872
front3,15,5,0.47060259910684826,96,4,3,1,1.0,0.009259259259259259
front3,15,5,0.0110121589000429,37,4,0,1,0.0,0.03571428571428571
front3,16,11,0.5066939478221174,149,3,1,1,0.0,1.0
front3,15,3,0.49664717591880087,134,4,1,1,0.0,0.3333333333333333
front3,15,5,0.5608757903245533,149,1,1,1,1.0,1.0
front3,15,11,0.42240069732463825,134,2,2,1,0.0,0.2
front3,15,5,0.47009700114978736,134,3,1,1,1.0,0.125
front3,15,13,0.32283383149347367,91,2,2,1,0.0,0.07142857142857142
front3,17,1,0.4471592764708584,91,4,3,1,0.0,1.0
front3,15,1,0.5604826436455422,77,2,1,1,0.0,1.0
front3,16,13,0.7221054772107169,142,2,4,1,1.0,1.0
front3,15,1,0.5353536226594884,142,5,1,1,1.0,0.5
front3,16,6,0.517719615875338,142,4,1,1,1.0,0.5
front3,15,6,0.5675332702096089,142,2,1,1,0.0,0.5
front3,15,10,0.4709276645557373,149,4,1,1,0.0,0.05555555555555555
front3,15,3,0.6274949749664689,149,3,1,1,0.0,0.2
front3,15,10,0.39929177896774587,134,3,1,1,0.0,0.125
front3,15,10,0.5078503978062623,149,2,1,1,0.0,0.25
front3,16,3,0.5350557747027203,96,4,3,1,1.0,0.09090909090909091
front3,16,2,0.5263249339479773,96,1,1,1,1.0,0.16666666666666666
front3,15,10,0.4518653154298512,11,3,3,1,0.0,0.125
front3,16,13,0.2959036501654561,96,2,3,1,0.0,0.07142857142857142
front3,15,10,0.4122697778724544,96,4,2,1,0.0,0.009259259259259259
front3,15,10,0.512322131800944,11,2,2,1,1.0,0.024390243902439025
front3,15,3,0.4820608347752577,143,5,3,1,1.0,0.14285714285714285
front3,15,1,0.4372876271927473,143,4,1,1,1.0,0.25
front3,0,6,0.014711361613288468,23,5,0,1,0.0,0.1
front3,0,6,0.010799858006997938,70,2,0,1,0.0,0.008928571428571428
front3,0,4,0.6079229485643151,23,3,1,1,0.0,0.08333333333333333
front3,16,5,0.44066128192318343,99,3,3,1,0.0,0.16666666666666666
front3,16,5,0.4228811873350027,99,5,3,1,1.0,1.0
front3,15,11,0.42848048829374624,37,5,2,1,0.0,0.015873015873015872
front3,15,3,0.5049934070597536,99,4,3,1,1.0,0.07142857142857142
front3,15,5,0.42933883294768227,99,4,3,1,0.0,0.07142857142857142
front3,0,11,0.40556026013397817,70,2,3,1,0.0,0.008928571428571428
front3,0,6,0.6283405671209757,23,1,1,1,1.0,1.0
front3,0,4,0.6584082285411685,23,2,1,1,1.0,0.1
front3,0,10,0.38506048337937004,70,4,1,1,1.0,0.02127659574468085
front3,0,6,0.558934904492367,23,3,1,1,1.0,0.08333333333333333
front3,0,6,0.014381890355957085,23,4,0,1,0.0,0.07692307692307693
front3,0,5,0.010859124243204395,70,2,0,1,0.0,0.008928571428571428
front3,0,2,0.015777385103007503,23,2,0,1,0.0,0.1
front3,15,13,0.2572647675081983,99,4,3,1,1.0,0.07142857142857142
front3,16,13,0.26020167289120383,99,3,3,1,0.0,0.16666666666666666
front3,15,12,0.5301326643782098,37,5,5,1,0.0,0.015873015873015872
front3,0,7,0.5213982320894274,19,5,1,1,0.0,0.016129032258064516
front3,0,10,0.45343725369305854,19,3,2,1,0.0,0.06666666666666667
front3,0,10,0.3541919375175594,70,3,3,1,0.0,0.02127659574468085
front3,0,13,0.30491342584014314,19,2,3,1,1.0,0.047619047619047616
front3,0,10,0.3990258389389351,19,3,3,1,1.0,0.06666666666666667
front3,0,7,0.5011318547000864,39,3,1,1,0.0,0.3333333333333333
front3,0,2,0.5015209643423122,39,5,1,1,0.0,0.05
front3,0,5,0.5108324672017819,39,5,1,1,1.0,0.05
front3,0,13,0.015066241422621222,129,3,0,1,0.0,0.029411764705882353
front3,0,11,0.4141229927151936,39,5,3,1,0.0,0.05
front3,0,11,0.45877956371523343,39,2,2,1,1.0,0.5
front3,0,10,0.44878432441101485,129,5,2,1,1.0,0.02564102564102564
front3,0,1,0.5390077218240031,39,3,1,1,1.0,0.3333333333333333
front3,0,11,0.3852170312952185,70,5,3,1,0.0,0.027777777777777776
front3,0,5,0.5032875577434659,54,4,1,1,0.0,0.1
front3,15,1,0.48343199608684984,126,2,1,1,0.0,0.125
front3,16,6,0.4377836431999742,126,1,1,1,0.0,0.5
front3,0,10,0.5377088913074087,56,5,4,1,0.0,0.09090909090909091
front3,0,10,0.4993398090912204,56,4,4,1,1.0,0.1111111111111111
front3,0,2,0.49765923485780844,39,4,1,1,1.0,0.043478260869565216
front3,0,10,0.4393971394728597,39,5,2,1,1.0,0.05
front3,15,13,0.2302899778622186,143,2,3,1,1.0,0.125
front3,15,12,0.44638500193483294,68,3,3,1,0.0,0.25
front3,15,11,0.37778311942536164,143,2,2,1,1.0,0.125
front3,15,14,0.3091421894402932,11,2,1,1,1.0,0.024390243902439025
front3,15,1,0.53255751507485,96,1,1,1,1.0,1.0
front3,18,2,0.5684440836140344,11,5,1,1,1.0,1.0
front3,18,1,0.6000068631928439,11,3,1,1,1.0,1.0
front3,0,11,0.44781784840875555,54,5,2,1,0.0,0.08333333333333333
front3,15,1,0.5663508345177801,68,4,1,1,1.0,0.16666666666666666
front3,15,9,0.512867546371557,68,4,2,1,0.0,0.16666666666666666
front3,16,1,0.5293571217937211,68,5,1,1,1.0,0.3333333333333333
front3,16,13,0.21767328361898375,143,5,3,1,0.0,1.0
front3,15,10,0.3077733970549536,143,5,3,1,1.0,0.14285714285714285
front3,15,13,0.3317011412599398,68,5,3,1,0.0,0.08333333333333333
front3,15,10,0.35657001427900736,143,5,2,1,0.0,0.14285714285714285
front3,15,12,0.5017779114686698,68,3,2,1,1.0,0.25
front3,0,13,0.2788023699427071,62,3,3,1,1.0,1.0
front3,0,1,0.009562738377282847,62,5,0,1,0.0,0.08333333333333333
front3,0,11,0.4419692286963275,62,2,2,1,0.0,1.0
front3,0,1,0.5051093695977283,62,5,1,1,1.0,0.08333333333333333
front3,15,1,0.018789442116915616,11,4,0,1,0.0,0.06666666666666667
front3,15,10,0.3524897623955558,4,5,2,1,0.0,0.5
front3,15,10,0.30920444025929633,4,3,3,1,0.0,0.07142857142857142
front3,15,10,0.3845219729954246,4,2,2,1,1.0,1.0
front3,0,11,0.573660566339521,135,5,2,1,1.0,0.1
front3,0,13,0.2672932747386481,70,3,3,1,0.0,0.02127659574468085
front3,0,13,0.2635471180333686,70,5,3,1,1.0,0.027777777777777776
front3,0,2,0.6132149930800563,135,5,1,1,1.0,0.1
front3,0,13,0.2994942839716,62,5,1,1,1.0,0.08333333333333333
front3,0,11,0.3669276959403244,70,4,3,1,0.0,0.02127659574468085
front3,0,11,0.4177687758303737,70,4,2,1,1.0,0.02127659574468085
front3,0,6,0.4632737390715141,62,4,1,1,1.0,0.3333333333333333
front3,17,1,0.4889811601579272,126,3,1,1,0.0,1.0
front3,15,2,0.48059273682377335,126,3,1,1,1.0,0.058823529411764705
front3,15,1,0.6569139000723672,118,2,1,1,1.0,0.125
front3,17,2,0.5314528202488149,126,1,1,1,0.0,1.0
front3,15,13,0.2913837726837517,126,1,1,1,0.0,0.5
front3,15,1,0.5738045923624822,142,2,1,1,1.0,0.5
front3,0,11,0.3812302013553916,54,2,3,1,0.0,1.0
front3,0,11,0.5407874384040952,135,2,2,1,0.0,1.0
front3,0,1,0.5253134366318423,39,2,1,1,0.0,0.5
front3,0,10,0.3846455431384398,129,4,3,1,1.0,0.02702702702702703
front3,0,2,0.5552618500308174,129,3,1,1,0.0,0.029411764705882353
front3,15,10,0.5534069925253965,118,2,2,1,0.0,0.125
front3,16,1,0.5977449511554304,118,5,1,1,1.0,0.5
front3,15,3,0.6292725952702732,118,5,1,1,1.0,0.043478260869565216
front3,15,6,0.6248416728072992,118,1,1,1,0.0,1.0
front3,15,2,0.6237296081319174,118,4,1,1,1.0,0.1
front3,16,1,0.541323923174622,53,5,1,1,1.0,0.1111111111111111
front3,15,13,0.33562327543090237,53,4,3,1,1.0,0.07142857142857142
front3,16,5,0.4934963268712911,53,5,2,1,1.0,0.1111111111111111
front3,15,6,0.5007923922196862,140,4,3,1,0.0,0.0625
front3,16,10,0.008942801819903458,90,2,0,1,0.0,0.25
front3,16,11,0.3703334635679378,90,2,2,1,0.0,0.25
front3,16,1,0.5256661582348052,128,2,1,1,0.0,1.0
front3,16,5,0.38047750134256986,90,5,1,1,1.0,0.25
front3,16,4,0.5707540297907976,101,4,1,1,1.0,0.058823529411764705
front3,15,5,0.4872978650293597,140,2,3,1,0.0,0.07692307692307693
front3,16,5,0.5142581195688314,53,4,3,1,1.0,0.25
front3,18,9,0.5499682479647976,53,4,2,1,1.0,0.09090909090909091
front3,15,6,0.5371478176843801,53,5,2,1,1.0,0.06666666666666667
front3,15,10,0.42154817466352035,53,5,3,1,0.0,0.06666666666666667
front3,15,13,0.30064583580242527,140,3,3,1,0.0,0.16666666666666666
front3,16,8,0.4362617658856396,53,5,3,1,0.0,0.1111111111111111
front3,16,10,0.4405468501098736,122,3,2,1,1.0,0.25
front3,15,5,0.5032635195287953,106,5,3,1,1.0,0.014492753623188406
front3,18,13,0.3330406825968812,106,4,3,1,0.0,0.07142857142857142
front3,16,6,0.5346438308986127,101,5,3,1,1.0,0.2
front3,16,10,0.44516887138575073,101,4,2,1,0.0,0.058823529411764705
front3,15,6,0.5485715072177926,106,5,3,1,1.0,0.014492753623188406
front3,15,5,0.5102544966043082,106,4,1,1,0.0,0.05555555555555555
front3,16,8,0.40943754777548436,101,4,3,1,1.0,0.058823529411764705
front3,15,3,0.46550239439121044,4,4,3,1,0.0,0.25
front3,15,13,0.22742369413572353,4,3,3,1,1.0,0.07142857142857142
front3,15,14,0.20362633821132917,4,3,3,1,0.0,0.07142857142857142
front3,15,1,0.4219276911343746,4,5,1,1,0.0,0.5
front3,15,1,0.4651305482097898,4,1,1,1,0.0,1.0
front3,15,2,0.01798650752346773,11,5,0,1,0.0,0.016666666666666666
front3,16,1,0.5368510679423988,122,2,1,1,1.0,0.5
front3,16,10,0.4168784213023098,122,4,2,1,0.0,0.25
front3,0,1,0.5699013383881268,97,3,1,1,1.0,0.3333333333333333
front3,0,10,0.3825542701240974,97,2,3,1,0.0,0.125
front3,0,13,0.3030750626831197,97,3,1,1,0.0,0.3333333333333333
front3,0,13,0.013640072579581244,97,4,0,1,0.0,0.05555555555555555
front3,0,2,0.5152052079518015,97,4,1,1,0.0,0.05555555555555555
front3,0,1,0.5454738180256863,97,5,1,1,1.0,0.03333333333333333
front3,0,1,0.5418767672379128,54,3,1,1,0.0,0.5
front3,0,5,0.49889028879136443,54,5,1,1,0.0,0.08333333333333333
front3,16,6,0.6025001006705752,118,4,1,1,1.0,0.5
front3,15,13,0.2648029737848243,126,1,3,1,0.0,0.5
front3,15,13,0.3888221035517684,118,4,3,1,1.0,0.1
front3,16,2,0.44830173828639963,126,1,1,1,1.0,0.5
front3,16,13,0.39924673116041276,118,4,3,1,0.0,0.5
front3,15,2,0.6023733552867406,118,5,1,1,0.0,0.043478260869565216
front3,15,10,0.5090388471579926,53,2,1,1,1.0,1.0
front3,0,7,0.4815038590451349,97,5,1,1,1.0,0.03333333333333333
front3,15,2,0.5024555472205638,72,3,1,1,0.0,0.2
front3,15,11,0.3954891841971905,126,3,2,1,0.0,0.058823529411764705
front3,15,10,0.3718078179301069,126,3,2,1,0.0,0.058823529411764705
front3,15,6,0.6132922976150214,118,4,1,1,0.0,0.1
front3,15,5,0.4595941197431132,126,3,1,1,1.0,0.058823529411764705
front3,15,6,0.6430753611746828,118,2,1,1,1.0,0.125
front3,16,11,0.5460663665365657,118,5,2,1,0.0,0.5
front3,15,5,0.6058797049359296,118,4,1,1,0.0,0.1
front3,15,4,0.4712854985380334,90,2,1,1,0.0,0.09090909090909091
front3,16,13,0.2842531308978259,70,4,1,1,0.0,0.2
front3,17,2,0.5086574260310118,72,5,1,1,1.0,0.3333333333333333
front3,15,2,0.4776266745687869,70,1,1,1,0.0,0.3333333333333333
front3,17,13,0.23676750658506324,72,4,1,1,0.0,0.2
front3,16,1,0.4631777732334136,70,4,1,1,0.0,0.2
front3,17,1,0.5315980336216292,72,5,2,1,1.0,0.3333333333333333
front3,15,5,0.46529211732910636,72,1,1,1,1.0,1.0
front3,18,8,0.4396196553068749,53,4,3,1,0.0,0.09090909090909091
front3,15,6,0.5255376226390905,50,4,3,1,0.0,0.16666666666666666
front3,16,6,0.5250815044238086,53,5,2,1,1.0,0.1111111111111111
front3,18,8,0.44137511046369465,53,5,2,1,1.0,0.08333333333333333
front3,15,13,0.31935954764561053,50,4,3,1,1.0,0.16666666666666666
front3,18,6,0.5522058266967982,53,4,5,1,0.0,0.09090909090909091
front3,16,8,0.452010353417654,50,2,1,1,0.0,0.25
front3,15,9,0.6422173118373192,53,4,5,1,1.0,0.07142857142857142
front3,18,3,0.6036608266021286,53,4,2,1,1.0,0.09090909090909091
front3,16,6,0.5340023542435586,50,4,2,1,1.0,0.14285714285714285
front3,17,3,0.5798294894623804,50,4,3,1,0.0,0.25
front3,15,1,0.5503703846502689,50,5,2,1,1.0,0.05555555555555555
front3,17,5,0.4831866582618838,50,5,2,1,0.0,0.125
front3,16,3,0.5725478845514269,50,4,3,1,1.0,0.14285714285714285
front3,18,6,0.5410277174100725,53,5,3,1,0.0,0.08333333333333333
front3,15,5,0.5311283931294967,53,5,3,1,0.0,0.06666666666666667
front3,18,5,0.5293143382675731,53,4,2,1,1.0,0.09090909090909091
front3,18,9,0.6524991959821552,53,5,5,1,1.0,0.08333333333333333
front3,15,8,0.41915299465221584,50,5,1,1,0.0,0.05555555555555555
front3,16,6,0.5541942466920778,53,4,2,1,0.0,0.25
front3,17,1,0.5288077648809183,50,5,1,1,1.0,0.125
front3,18,5,0.5011042917887804,53,5,2,1,1.0,0.08333333333333333
front3,17,10,0.4627226046222359,50,5,2,1,0.0,0.125
front3,15,8,0.3999176683827531,53,3,3,1,0.0,1.0
front3,0,5,0.5288760208760711,54,3,1,1,0.0,0.5
front3,0,11,0.43767563996935727,70,3,2,1,0.0,0.02127659574468085
front3,0,4,0.5286945799435372,54,4,1,1,1.0,0.1
front3,17,1,0.5059650866491952,140,5,1,1,1.0,1.0
front3,15,4,0.5767436903890332,140,2,4,1,0.0,0.07692307692307693
front3,16,8,0.495589756996545,53,2,1,1,0.0,1.0
front3,15,5,0.49942906180525365,50,4,2,1,0.0,0.16666666666666666
front3,17,8,0.47069287008885546,50,2,3,1,0.0,1.0
front3,15,5,0.019492936588507447,52,4,0,1,0.0,0.125
front3,15,6,0.5926514422466072,52,3,3,1,0.0,0.2
front3,16,3,0.4786221148038464,130,3,3,1,0.0,0.5
front3,15,3,0.45996989858910503,130,5,3,1,1.0,0.09090909090909091
front3,15,3,0.6020956022006991,52,5,3,1,0.0,0.05
front3,15,9,0.6184601885732137,52,5,5,1,1.0,0.05
front3,15,6,0.5559712176325267,84,4,2,1,1.0,0.5
front3,15,11,0.4211649260192684,121,5,2,1,0.0,0.08333333333333333
front3,15,1,0.7689708639547383,52,5,5,1,1.0,0.05
front3,15,10,0.47151385001479307,52,5,2,1,0.0,0.05
front3,15,9,0.5459718739892969,52,3,2,1,1.0,0.2
front3,15,10,0.5893134823415114,52,4,4,1,0.0,0.125
front3,15,6,0.5731553577882207,52,4,5,1,1.0,0.125
front3,16,1,0.4278011928855389,130,3,1,1,0.0,0.5
front3,15,3,0.7700669993974293,52,5,5,1,1.0,0.05
front3,15,13,0.22560242252525953,130,5,3,1,0.0,0.09090909090909091
front3,0,7,0.49891969430730654,96,5,2,1,0.0,0.005988023952095809
front3,0,7,0.4917789424857942,96,4,1,1,1.0,0.01282051282051282
front3,15,14,0.3098203030190587,96,5,1,1,0.0,0.0032679738562091504
front3,18,13,0.3420045084621869,106,5,1,1,0.0,0.02702702702702703
front3,15,13,0.3231015596126358,96,5,1,1,0.0,0.0032679738562091504
front3,15,13,0.3238609122313939,106,2,1,1,0.0,0.045454545454545456
front3,15,2,0.011979624505764468,96,5,0,1,0.0,0.0032679738562091504
front3,15,3,0.7635462242860982,52,3,5,1,1.0,0.2
front3,15,9,0.49599556719984916,52,5,2,1,1.0,0.05
front3,15,3,0.7587378330899167,52,4,5,1,1.0,0.125
front3,15,1,0.608716594975781,52,3,1,1,1.0,0.2
front3,17,1,0.40769647023524996,130,5,1,1,1.0,1.0
front3,15,3,0.6353808831754223,52,3,2,1,1.0,0.2
front3,15,13,0.23976921291152578,130,3,3,1,0.0,1.0
front3,15,4,0.47435979604456424,130,5,4,1,1.0,0.09090909090909091
front3,0,4,0.5588545039967013,96,4,1,1,1.0,0.01282051282051282
front3,0,13,0.3615573537687501,129,2,1,1,0.0,0.043478260869565216
front3,0,6,0.5189703630577089,39,3,1,1,0.0,0.3333333333333333
front3,0,3,0.5574128438767914,129,4,1,1,1.0,0.02702702702702703
front3,0,1,0.012536499011820485,35,4,0,1,0.0,1.0
front3,0,2,0.5288767025927119,35,5,1,1,0.0,0.14285714285714285
front3,0,2,0.5384994153275983,35,2,1,1,1.0,0.041666666666666664
front3,0,13,0.309376646602193,35,2,3,1,1.0,0.041666666666666664
front3,0,7,0.49211865405300614,129,5,1,1,0.0,0.02564102564102564
front3,15,6,0.567320907589768,64,4,3,1,0.0,0.014925373134328358
front3,17,5,0.5882327763394191,64,3,1,1,0.0,0.1
front3,16,11,0.44063579063956393,69,5,2,1,1.0,0.03333333333333333
front3,16,6,0.5141942695130898,69,3,3,1,0.0,0.2
front3,17,3,0.5452710985414986,69,5,3,1,1.0,1.0
front3,16,5,0.493920969077314,128,1,1,1,0.0,1.0
front3,15,11,0.009279665648020585,90,2,0,1,0.0,0.09090909090909091
front3,0,4,0.5346688153480359,39,5,1,1,0.0,0.05
front3,15,3,0.5119410354910516,121,2,3,1,0.0,0.3333333333333333
front3,17,1,0.5998179979559269,84,3,1,1,1.0,0.5
front3,17,13,0.35878823776759744,84,5,3,1,1.0,0.2
front3,15,12,0.506583605763011,84,3,2,1,1.0,0.3333333333333333
front3,17,12,0.5364659001987929,84,3,2,1,1.0,0.5
front3,15,6,0.476763775305003,121,4,3,1,1.0,0.14285714285714285
front3,15,10,0.4835335270989904,121,5,5,1,0.0,0.08333333333333333
front3,17,1,0.46732280943685667,121,5,1,1,0.0,1.0
front3,15,14,0.2992283816543238,84,4,3,1,0.0,0.5
front3,15,5,0.43447096611604596,121,4,3,1,1.0,0.14285714285714285
front3,15,1,0.5872759897301743,84,2,1,1,1.0,0.5
front3,15,12,0.6295774504176213,84,2,5,1,1.0,0.5
front3,15,1,0.5233760669146919,121,3,1,1,1.0,1.0
front3,17,6,0.5650571524319556,84,4,2,1,1.0,1.0
front3,15,10,0.4796790296215467,84,5,2,1,1.0,0.3333333333333333
front3,15,10,0.3861363473762244,121,4,2,1,0.0,0.14285714285714285
front3,15,5,0.544114594840069,64,5,3,1,0.0,0.007692307692307693
front3,15,4,0.5615692380511857,69,2,4,1,1.0,0.07142857142857142
front3,17,6,0.5857915054446623,64,5,3,1,0.0,0.05
front3,15,6,0.5344687076756498,69,3,3,1,1.0,0.5
front3,15,5,0.46215145051551926,37,4,1,1,0.0,0.03571428571428571
front3,15,7,0.4997493794350589,96,3,3,1,0.0,0.0196078431372549
front3,15,13,0.276333294304853,37,2,1,1,1.0,0.09090909090909091
front3,15,5,0.456220808730288,37,2,3,1,1.0,0.09090909090909091
front3,17,1,0.7300307449634316,69,2,4,1,0.0,1.0
front3,15,6,0.5172877266498028,69,2,3,1,1.0,0.07142857142857142
front3,16,4,0.5371789971806735,69,4,4,1,1.0,0.125
front3,16,5,0.44564665384999735,69,4,3,1,0.0,0.125
front3,16,7,0.4587449670137487,69,5,2,1,0.0,0.03333333333333333
front3,16,7,0.4773536455393641,69,5,3,1,0.0,0.03333333333333333
front3,15,3,0.6238314755213331,64,3,3,1,0.0,0.047619047619047616
front3,15,5,0.5356135458078201,64,4,3,1,0.0,0.014925373134328358
front3,16,6,0.4594815123730083,128,5,1,1,0.0,0.09090909090909091
front3,16,6,0.3846178226207814,90,5,1,1,1.0,0.25
front3,16,1,0.43688214470782194,90,2,1,1,1.0,0.25
front3,16,7,0.4657389472963816,128,5,1,1,1.0,0.09090909090909091
front3,16,5,0.40791757304021564,90,2,1,1,0.0,0.25
front3,15,12,0.4695960993071782,128,2,2,1,1.0,0.00819672131147541
front3,16,13,0.01203584766258691,69,5,0,1,0.0,0.03333333333333333
front3,16,6,0.5716398153424437,64,5,3,1,1.0,0.045454545454545456
front3,0,11,0.46625156632792997,129,4,2,1,1.0,0.02702702702702703
front3,0,7,0.4877956088226318,129,4,1,1,0.0,0.02702702702702703
front3,0,4,0.5582486697461304,35,5,1,1,1.0,0.14285714285714285
front3,0,1,0.5700228015384806,35,3,1,1,1.0,0.125
front3,0,2,0.543621580565115,129,2,1,1,0.0,0.043478260869565216
front3,15,8,0.38843906593657324,136,3,1,1,0.0,0.02
front3,15,11,0.3819485467266365,90,2,2,1,0.0,0.09090909090909091
front3,15,11,0.0072752213023762734,90,5,0,1,0.0,0.04
front3,15,10,0.3861327222060547,37,4,2,1,1.0,0.03571428571428571
front3,15,10,0.5019066772177639,37,5,5,1,1.0,0.015873015873015872
front3,15,5,0.4865987073497251,37,2,1,1,0.0,0.09090909090909091
front3,15,6,0.5117982183154972,96,4,2,1,0.0,0.009259259259259259
front3,15,12,0.4386939786648316,37,2,2,1,1.0,0.09090909090909091
front3,15,11,0.4375360839613792,37,2,2,1,1.0,0.09090909090909091
front3,15,8,0.5485166771349188,37,2,4,1,1.0,0.09090909090909091
front3,16,3,0.5461681815966912,96,2,1,1,0.0,0.07142857142857142
front3,0,10,0.454357914420509,74,3,2,1,1.0,0.125
front3,0,13,0.3019175297584235,96,3,3,1,1.0,0.1
front3,0,10,0.43119809914803836,74,5,3,1,0.0,0.02564102564102564
front3,0,6,0.5440509868824881,74,3,1,1,1.0,0.125
front3,0,3,0.5640899809920396,96,5,1,1,0.0,0.005988023952095809
front3,15,10,0.5181752069717662,138,2,5,1,1.0,0.037037037037037035
front3,16,6,0.4732420380074718,138,4,1,1,1.0,1.0
front3,16,1,0.5160669326931583,138,2,1,1,1.0,1.0
front3,15,9,0.5279382242358756,156,5,5,1,0.0,0.08333333333333333
front3,15,13,0.019603056787100046,153,3,0,1,0.0,0.02
front3,15,1,0.48557170699939156,138,5,1,1,1.0,0.05555555555555555
front3,0,13,0.3283902752019376,72,1,3,1,1.0,0.5
front3,0,11,0.43614339557771714,74,2,3,1,0.0,0.058823529411764705
front3,0,3,0.5241233685632494,72,5,1,1,1.0,0.013513513513513514
front3,0,11,0.49527615914452416,74,2,2,1,0.0,0.058823529411764705
front3,0,14,0.33000744250679254,96,5,1,1,0.0,0.005988023952095809
front3,15,13,0.25485243402521446,37,5,3,1,0.0,0.015873015873015872
front3,17,1,0.49188802595388786,96,5,1,1,1.0,0.5
front3,15,5,0.5214376336399721,96,3,1,1,0.0,0.0196078431372549
front3,17,3,0.6048110500138361,64,4,3,1,0.0,0.045454545454545456
front3,15,12,0.5072041837320135,156,2,5,1,0.0,0.03125
front3,15,9,0.5269573895748199,156,2,5,1,1.0,0.03125
front3,15,5,0.5773379711284667,64,3,1,1,1.0,0.047619047619047616
front3,15,2,0.45796170644657624,156,5,1,1,0.0,0.08333333333333333
front3,16,1,0.5369825538156282,109,2,1,1,1.0,1.0
front3,16,4,0.5466090429900611,69,2,2,1,0.0,0.08333333333333333
front3,16,13,0.3144004696825179,136,4,1,1,0.0,0.0625
front3,16,2,0.5123275681329995,69,1,1,1,1.0,0.25
front3,16,13,0.30209035614589996,69,4,1,1,0.0,0.125
front3,16,2,0.48886456490719266,69,4,1,1,0.0,0.125
front3,15,6,0.6141749986575329,57,1,1,1,0.0,1.0
front3,15,1,0.023632042134974968,57,5,0,1,0.0,0.05555555555555555
front3,17,10,0.5322128426080377,153,3,2,1,1.0,1.0
front3,15,12,0.42610930088087645,15,4,5,1,0.0,0.25
front3,17,12,0.34166585013030715,15,5,2,1,0.0,0.3333333333333333
front3,15,12,0.3480213041019699,15,4,2,1,0.0,0.25
front3,15,13,0.3780999337701517,64,4,1,1,0.0,0.014925373134328358
front3,15,10,0.4157106533988488,109,5,2,1,0.0,0.09090909090909091
front3,15,1,0.5623181105373144,109,2,1,1,0.0,1.0
front3,16,13,0.3206097402499028,109,5,1,1,0.0,0.045454545454545456
front3,16,4,0.6243407052388985,153,2,4,1,0.0,0.25
front3,15,7,0.40621322926256065,15,2,3,1,0.0,0.16666666666666666
front3,16,3,0.6037916654169492,153,4,3,1,0.0,0.125
front3,17,6,0.40142371753745354,15,5,3,1,0.0,0.3333333333333333
front3,15,7,0.37272863714100285,15,4,3,1,1.0,0.25
front3,17,6,0.4205582500868696,15,4,2,1,1.0,1.0
front3,17,5,0.5714694443739262,153,4,1,1,0.0,1.0
front3,17,1,0.39048588728234646,15,5,1,1,0.0,0.3333333333333333
front3,16,5,0.47509780349575004,96,3,3,1,1.0,0.16666666666666666
front3,15,12,0.008394638674706259,15,3,0,1,0.0,1.0
front3,16,1,0.5808295898013058,153,4,1,1,1.0,0.125
front3,17,1,0.4729343552986326,15,2,1,1,1.0,1.0
front3,15,1,0.42467474981438247,15,4,1,1,0.0,0.25
front3,15,6,0.4540695840160674,15,2,1,1,0.0,0.16666666666666666
front3,15,12,0.37534768706499083,15,2,2,1,0.0,0.16666666666666666
front3,16,12,0.3661011399709109,15,3,2,1,0.0,1.0
front3,0,7,0.4487560429464469,72,4,1,1,0.0,0.025
front3,0,13,0.3194399360317582,74,3,1,1,0.0,0.125
front3,0,10,0.014327693560924466,74,5,0,1,0.0,0.02564102564102564
front3,0,7,0.5170377175079549,74,5,1,1,0.0,0.02564102564102564
front3,15,10,0.43122135126318084,6,2,2,1,0.0,0.06666666666666667
front3,15,13,0.31886887104865946,6,2,1,1,1.0,0.06666666666666667
front3,15,5,0.545667988142438,41,2,3,1,1.0,0.08333333333333333
front3,16,1,0.6056673819199438,41,3,1,1,0.0,0.5
front3,0,10,0.5034594371030071,22,4,2,1,0.0,0.08333333333333333
front3,0,3,0.6184263633402716,22,4,3,1,1.0,0.08333333333333333
front3,0,11,0.5054787803111078,22,5,3,1,0.0,0.0625
front3,0,3,0.6211151314553732,22,4,1,1,1.0,0.08333333333333333
front3,0,7,0.5022691973159368,128,5,1,1,1.0,0.012195121951219513
front3,0,13,0.4299074533025767,22,5,1,1,1.0,0.0625
front3,0,1,0.6277968282008758,22,3,1,1,0.0,1.0
front3,0,4,0.5262708262073912,72,2,1,1,1.0,0.038461538461538464
front3,15,5,0.3858069496089335,90,5,1,1,1.0,0.04
front3,15,10,0.33554938127618394,90,4,2,1,0.0,0.1
front3,15,13,0.3016382963471041,128,5,1,1,0.0,0.010526315789473684
front3,15,7,0.4618822727690885,128,5,1,1,1.0,0.010526315789473684
front3,15,1,0.007620299541952075,90,4,0,1,0.0,0.1
front3,15,5,0.4712617324933756,6,5,3,1,0.0,0.2
front3,15,1,0.5683518430309784,41,5,1,1,1.0,1.0
front3,0,10,0.4623982846100023,19,4,2,1,0.0,0.03125
front3,16,1,0.023690698662211362,57,5,0,1,0.0,0.04
front3,15,13,0.35214585374611407,21,4,1,1,0.0,0.07142857142857142
front3,16,13,0.02368825077182742,57,1,0,1,0.0,0.16666666666666666
front3,16,11,0.5316231498827859,57,5,2,1,0.0,0.04
front3,16,13,0.4188121792522449,57,4,1,1,1.0,0.1111111111111111
front3,16,5,0.5538859114130581,57,5,1,1,0.0,0.04
front3,16,13,0.4259470444336717,57,1,1,1,1.0,0.16666666666666666
front3,15,11,0.4911149369790364,57,5,3,1,0.0,0.05555555555555555
front3,15,3,0.4979538844879976,42,2,3,1,0.0,0.16666666666666666
front3,15,3,0.4956421527757098,42,4,3,1,1.0,0.25
front3,15,12,0.43072164104192434,42,2,2,1,0.0,0.16666666666666666
front3,15,5,0.4217780856188845,42,4,3,1,0.0,0.25
front3,15,1,0.5062415357634615,9,4,1,1,0.0,0.25
front3,15,10,0.4161715038778314,6,5,2,1,1.0,0.2
front3,15,6,0.48059705248364987,9,4,3,1,0.0,0.25
front3,15,1,0.014965114216548565,6,2,0,1,0.0,0.06666666666666667
front3,15,12,0.403652978037115,42,5,2,1,1.0,0.2
front3,16,1,0.6095283070559689,12,2,1,1,0.0,1.0
front3,15,1,0.46045578231629253,42,5,1,1,1.0,0.2
front3,15,13,0.21599508639435333,42,3,3,1,0.0,1.0
front3,15,13,0.2515718395858432,42,2,3,1,0.0,0.16666666666666666
front3,15,3,0.5044907580540571,42,5,3,1,1.0,0.2
front3,15,13,0.36952427850969466,12,3,3,1,1.0,0.16666666666666666
front3,15,10,0.3841068638154745,42,5,2,1,1.0,0.2
front3,15,5,0.47352127226727736,6,2,3,1,0.0,0.06666666666666667
front3,15,13,0.28039719162781174,6,3,3,1,0.0,0.2
front3,17,1,0.7291184961825821,6,2,4,1,1.0,1.0
front3,15,6,0.45267634702841236,42,4,3,1,0.0,0.25
front3,16,1,0.4547679357373286,42,5,1,1,1.0,1.0
front3,15,13,0.25710952288457245,42,4,3,1,0.0,0.25
front3,15,13,0.24590290711244722,42,5,3,1,0.0,0.2
front3,15,11,0.5618270551140704,12,2,2,1,1.0,0.041666666666666664
front3,16,1,0.589923764211773,41,2,1,1,1.0,1.0
front3,16,3,0.6244880149384371,41,3,3,1,1.0,0.5
front3,15,5,0.5754832922341183,41,2,1,1,0.0,0.08333333333333333
front3,15,6,0.5869981239182588,41,2,3,1,1.0,0.08333333333333333
front3,15,10,0.5157980761383056,41,2,2,1,1.0,0.08333333333333333
front3,15,3,0.5459583466049868,6,5,3,1,0.0,0.2
front3,15,14,0.26292875453972864,6,2,3,1,0.0,0.06666666666666667
front3,15,5,0.5037528948997675,6,2,1,1,0.0,0.06666666666666667
front3,17,13,0.27637636657395853,34,4,3,1,0.0,0.5
front3,17,12,0.403166827124926,5,5,2,1,0.0,0.2
front3,17,5,0.49795793187128723,34,2,3,1,1.0,0.2
front3,17,3,0.5537998845564382,34,3,3,1,0.0,0.2
front3,15,1,0.5034199165424519,34,4,1,1,0.0,0.14285714285714285
front3,15,9,0.4236861468843032,5,3,2,1,0.0,1.0
front3,17,13,0.2939367886430245,5,5,2,1,1.0,0.2
front3,15,9,0.35598666034898907,5,5,2,1,0.0,0.2
front3,16,5,0.5004819034353286,69,1,1,1,1.0,0.25
front3,17,1,0.4432481525462154,5,5,1,1,0.0,0.2
front3,15,1,0.6613133780681114,34,4,4,1,1.0,0.14285714285714285
front3,15,8,0.4633715776667848,5,2,4,1,1.0,0.1111111111111111
front3,15,9,0.3805919662578046,5,2,2,1,0.0,0.1111111111111111
front3,15,6,0.5162057461998868,34,2,2,1,1.0,1.0
front3,15,1,0.48581574008790596,34,3,3,1,1.0,0.1111111111111111
front3,17,6,0.5236417423086056,34,3,3,1,1.0,0.2
front3,16,5,0.503202088108967,21,4,3,1,1.0,0.009615384615384616
front3,0,6,0.5433931994893193,129,3,1,1,0.0,0.029411764705882353
front3,0,13,0.7282442749769004,129,3,5,1,1.0,0.029411764705882353
front3,0,11,0.47419589774448306,157,2,2,1,0.0,1.0
front3,16,1,0.4806571082362276,69,2,2,1,0.0,0.08333333333333333
front3,16,7,0.48883223288516947,69,2,1,1,1.0,0.08333333333333333
front3,15,1,0.5033442853077128,136,2,2,1,1.0,0.004424778761061947
front3,16,1,0.47060534075478877,136,4,2,1,0.0,0.0625
front3,15,1,0.01318908911529344,34,3,0,1,0.0,0.1111111111111111
front3,15,2,0.42027058524082417,86,5,1,1,0.0,0.041666666666666664
front3,15,1,0.4690556659977375,86,1,1,1,0.0,0.14285714285714285
front3,15,4,0.44928419124638425,86,5,1,1,1.0,0.041666666666666664
front3,15,2,0.5379595844611473,136,3,1,1,1.0,0.02
front3,16,8,0.3089050409580097,21,1,1,1,0.0,0.038461538461538464
front3,16,13,0.28731410806381835,136,4,3,1,0.0,0.0625
front3,16,11,0.436089657525325,21,5,3,1,1.0,0.007874015748031496
front3,15,5,0.5003509208146212,34,3,1,1,0.0,0.1111111111111111
front3,15,10,0.3964423300752494,34,5,2,1,1.0,0.14285714285714285
front3,15,6,0.48309569939076835,34,4,3,1,1.0,0.14285714285714285
front3,15,2,0.4678756614711251,34,5,1,1,0.0,0.14285714285714285
front3,15,4,0.6490396546184426,12,2,4,1,1.0,0.041666666666666664
front3,15,5,0.4673706858661239,34,4,1,1,0.0,0.14285714285714285
front3,15,7,0.40340471485792007,24,3,1,1,0.0,0.2
front3,15,1,0.0071249882615556015,24,2,0,1,0.0,1.0
front3,17,1,0.5070527036103467,34,4,1,1,0.0,0.5
front3,15,5,0.6075459432150759,12,2,1,1,0.0,0.041666666666666664
front3,15,5,0.44331671238327164,34,4,3,1,1.0,0.14285714285714285
front3,17,5,0.5074941512930764,34,3,1,1,0.0,0.2
front3,17,5,0.4486784113067177,34,5,3,1,0.0,0.25
front3,15,10,0.5302425577109774,12,3,2,1,0.0,0.16666666666666666
front3,17,10,0.46607081731827116,34,2,2,1,1.0,0.2
front3,15,5,0.4709522861387747,34,3,3,1,1.0,0.1111111111111111
front3,15,10,0.4065941337664099,127,2,2,1,0.0,0.14285714285714285
front3,15,2,0.49553037652859727,127,3,1,1,0.0,0.5
front3,15,1,0.5075827178258949,127,3,1,1,0.0,0.5
front3,16,12,0.013713296957396785,127,2,0,1,0.0,1.0
front3,16,1,0.49715683213385153,132,5,1,1,1.0,0.5
front3,15,5,0.5563883556193685,12,5,1,1,1.0,0.125
front3,15,2,0.488131124674143,34,4,1,1,0.0,0.14285714285714285
front3,15,1,0.011068110062314339,34,5,0,1,0.0,0.14285714285714285
front3,15,1,0.445104030395073,5,5,1,1,1.0,0.2
front3,15,10,0.4236479839875977,5,5,4,1,0.0,0.2
front3,15,3,0.5450916909263861,34,3,3,1,0.0,0.1111111111111111
front3,15,8,0.4638532859604134,5,5,4,1,1.0,0.2
front3,18,10,0.36200178810012595,5,5,3,1,0.0,1.0
front3,15,10,0.35396504673187346,5,5,1,1,0.0,0.2
front3,15,10,0.38649830822783215,34,4,2,1,0.0,0.14285714285714285
front3,15,10,0.39970910418662203,127,5,2,1,1.0,0.14285714285714285
front3,16,13,0.17720736376309026,24,3,3,1,0.0,0.5
front3,16,10,0.4945423446199089,153,2,2,1,1.0,0.25
front3,18,5,0.40581756029186283,3,5,1,1,1.0,0.038461538461538464
front3,16,6,0.49410645374074763,129,4,1,1,0.0,0.25
front3,15,7,0.4763189680960951,129,4,1,1,0.0,0.058823529411764705
front3,15,11,0.4165300899544449,129,2,3,1,1.0,0.041666666666666664
front3,15,7,0.42984718884458556,72,4,1,1,0.0,0.014084507042253521
front3,16,4,0.534913246000331,129,4,1,1,0.0,0.25
front3,0,7,0.5345833135324577,72,1,1,1,1.0,0.5
front3,0,3,0.6036695788910952,19,2,1,1,0.0,0.047619047619047616
front3,0,11,0.4907230469744023,19,4,2,1,0.0,0.03125
front3,0,4,0.5827372502794238,19,4,1,1,1.0,0.03125
front3,0,13,0.34528393870451846,19,4,1,1,0.0,0.03125
front3,15,10,0.3237451492114269,24,3,2,1,0.0,0.2
front3,15,6,0.6015723376081001,153,2,1,1,1.0,0.04
front3,15,1,0.3939943866806311,24,5,1,1,0.0,0.3333333333333333
front3,0,7,0.4303222076605394,90,3,1,1,0.0,0.25
front3,0,10,0.3059182528991147,90,4,3,1,1.0,0.14285714285714285
front3,0,10,0.32031959657847286,90,5,3,1,1.0,0.0625
front3,0,10,0.3498010498280058,90,4,2,1,0.0,0.14285714285714285
front3,0,13,0.36846556066834285,19,5,1,1,0.0,0.016129032258064516
front3,0,6,0.46638357875285114,72,2,1,1,1.0,0.038461538461538464
front3,0,2,0.6627309138141974,19,1,1,1,0.0,1.0
front3,0,11,0.43608397569301244,72,5,1,1,0.0,0.013513513513513514
front3,15,1,0.019023330781265307,153,5,0,1,0.0,0.012987012987012988
front3,16,1,0.4313573990945142,24,3,1,1,0.0,0.5
front3,15,6,0.3948924288382876,24,4,1,1,0.0,0.14285714285714285
front3,16,1,0.019337672076964275,153,5,0,1,0.0,0.07692307692307693
front3,0,6,0.6356650079186131,128,1,3,1,0.0,1.0
front3,0,2,0.5581972102158741,128,5,3,1,1.0,0.012195121951219513
front3,0,5,0.4401344642782761,90,4,1,1,1.0,0.14285714285714285
front3,0,10,0.4645251984274164,128,3,2,1,1.0,0.045454545454545456
front3,15,1,0.546859972464854,104,4,1,1,0.0,0.25
front3,15,11,0.46799560454021094,104,2,2,1,1.0,0.125
front3,15,6,0.5250513832215526,104,3,3,1,1.0,0.5
front3,15,1,0.5556664392289481,132,2,1,1,0.0,0.125
front3,15,13,0.6428627511156148,159,4,4,1,0.0,0.06666666666666667
front3,15,1,0.552769716446066,159,2,1,1,0.0,0.3333333333333333
front3,15,1,0.5349186426745557,159,4,1,1,1.0,0.06666666666666667
front3,15,6,0.5155944289334852,159,5,3,1,1.0,0.07142857142857142
front3,15,3,0.586994751116893,21,4,1,1,1.0,0.07142857142857142
front3,16,13,0.27544800509198697,3,5,1,1,0.0,0.1111111111111111
front3,15,5,0.4225609728615772,3,5,1,1,0.0,0.07142857142857142
front3,18,10,0.37745283427444787,3,5,2,1,1.0,0.038461538461538464
front3,15,5,0.4700955411707888,104,5,1,1,1.0,0.06666666666666667
front3,15,1,0.5437136145333069,104,3,1,1,1.0,0.5
front3,15,13,0.28926223081897107,104,5,3,1,1.0,0.06666666666666667
front3,15,6,0.5217026769164483,104,2,3,1,0.0,0.125
front3,15,11,0.44349599665867223,129,4,2,1,1.0,0.058823529411764705
front3,15,10,0.4820936425741526,86,2,5,1,0.0,0.04
front3,15,13,0.2606892305784338,86,5,1,1,0.0,0.041666666666666664
front3,16,7,0.479365078723592,96,5,1,1,1.0,0.0625
front3,16,11,0.45646766476335304,96,2,2,1,1.0,0.07142857142857142
front3,15,7,0.41601301065240853,86,5,3,1,0.0,0.041666666666666664
front3,18,5,0.43624756858458824,3,4,1,1,1.0,0.2
front3,18,13,0.2923010035058752,3,4,1,1,0.0,0.2
front3,15,11,0.39490220291363026,129,5,3,1,0.0,0.0196078431372549
front3,0,4,0.5691088586458384,97,3,1,1,1.0,0.3333333333333333
front3,0,4,0.5400785534018928,97,4,1,1,0.0,0.05555555555555555
front3,0,11,0.42745040924227146,129,2,3,1,1.0,0.043478260869565216
front3,0,10,0.44930131680316804,97,5,2,1,1.0,0.03333333333333333
front3,0,6,0.5003905575660438,97,4,1,1,0.0,0.05555555555555555
front3,0,11,0.4228815649357192,129,3,3,1,0.0,0.029411764705882353
front3,17,5,0.4942950703912115,72,5,1,1,0.0,0.3333333333333333
front3,15,11,0.44643771410747357,38,5,2,1,0.0,0.029411764705882353
front3,15,5,0.4808096139388518,38,4,1,1,0.0,0.16666666666666666
front3,15,6,0.4744171427688753,38,5,1,1,1.0,0.029411764705882353
front3,15,13,0.33271374182329116,140,4,1,1,1.0,0.0625
front3,16,5,0.4969107585515539,38,1,1,1,1.0,1.0
front3,0,10,0.48851746338612223,30,2,3,1,1.0,0.3333333333333333
front3,0,7,0.5925740087873691,30,3,1,1,1.0,1.0
front3,0,2,0.6193452261757673,30,4,1,1,0.0,0.25
front3,15,6,0.6121015532037056,112,3,1,1,1.0,0.16666666666666666
front3,16,13,0.383979475271138,148,3,1,1,1.0,0.16666666666666666
front3,15,4,0.593116486806776,112,5,1,1,1.0,0.02857142857142857
front3,15,10,0.4772638332040047,148,3,2,1,0.0,0.25
front3,15,11,0.5064016244829599,148,3,2,1,1.0,0.25
front3,16,7,0.5693256390287934,112,3,1,1,1.0,0.25
front3,16,6,0.6213896030285322,112,3,4,1,1.0,0.25
front3,16,5,0.4862140567924986,140,4,1,1,0.0,0.3333333333333333
front3,15,13,0.30360196919717203,69,5,1,1,1.0,0.07142857142857142
front3,16,6,0.5224616543476681,100,3,1,1,1.0,0.3333333333333333
front3,16,10,0.4715163374213775,148,3,2,1,1.0,0.16666666666666666
front3,18,2,0.4723452167913852,100,5,1,1,0.0,0.5
front3,16,10,0.4121512522604155,148,1,2,1,0.0,0.5
front3,15,7,0.49293517362164585,100,2,1,1,1.0,0.5
front3,16,6,0.5138741785422973,148,5,1,1,0.0,0.14285714285714285
front3,16,1,0.5738388893971689,148,1,1,1,0.0,0.5
front3,15,1,0.5901317618154249,112,4,1,1,1.0,0.1111111111111111
front3,16,10,0.41986132143797883,136,5,2,1,0.0,0.021739130434782608
front3,16,5,0.547409890141242,112,4,1,1,1.0,0.5
front3,16,13,0.38941871731348876,112,4,1,1,0.0,0.5
front3,15,5,0.5723873465914054,112,1,1,1,1.0,0.25
front3,16,5,0.4926209483304665,69,2,1,1,1.0,0.08333333333333333
front3,16,13,0.30425568520917434,69,5,1,1,0.0,0.03333333333333333
front3,16,10,0.41696115841187575,69,3,2,1,0.0,0.2
front3,16,3,0.4586848107352147,115,4,3,1,0.0,0.1111111111111111
front3,15,4,0.5262195033294584,136,5,1,1,0.0,0.0041841004184100415
front3,16,7,0.3870437882394721,115,5,1,1,0.0,0.07142857142857142
front3,15,6,0.4227778822867973,115,4,3,1,1.0,0.041666666666666664
front3,15,13,0.5588704490247168,115,4,4,1,1.0,0.041666666666666664
front3,15,2,0.4366459789939654,115,4,1,1,1.0,0.041666666666666664
front3,16,11,0.460311096836401,136,2,2,1,0.0,0.034482758620689655
front3,16,13,0.2779757128950972,136,5,3,1,0.0,0.021739130434782608
front3,15,11,0.46581771142058737,38,2,2,1,1.0,0.25
front3,16,1,0.5369248408490056,38,3,1,1,0.0,1.0
front3,15,1,0.5600763915817414,38,3,1,1,0.0,1.0
front3,16,1,0.011767355695378373,69,5,0,1,0.0,0.03333333333333333
front3,16,6,0.5166257016587863,69,3,1,1,1.0,0.2
front3,15,5,0.4966863107335143,81,3,1,1,1.0,1.0
front3,15,1,0.5320919037717312,81,2,1,1,0.0,1.0
front3,16,1,0.44127081780520694,115,4,1,1,0.0,0.1111111111111111
front3,0,7,0.5444754904883097,43,5,2,1,1.0,0.01818181818181818
front3,0,10,0.394170931002953,72,4,2,1,1.0,0.025
front3,0,6,0.4879900974865802,72,3,1,1,0.0,0.0625
front3,0,10,0.44617979023799625,43,5,3,1,1.0,0.01818181818181818
front3,0,7,0.4228671983961029,90,2,1,1,0.0,0.1111111111111111
front3,0,13,0.31468533856020203,128,3,3,1,0.0,0.045454545454545456
front3,0,1,0.4848138404053043,90,3,1,1,1.0,0.25
front3,15,7,0.46286470985842554,38,5,1,1,0.0,0.029411764705882353
front3,0,10,0.3935220083704025,128,2,3,1,0.0,0.03125
front3,0,7,0.558176642735925,43,5,3,1,1.0,0.01818181818181818
front3,0,11,0.42552068061431897,72,4,2,1,1.0,0.025
front3,0,10,0.39753524126358314,72,3,2,1,0.0,0.0625
front3,0,13,0.38043940868703596,43,5,1,1,0.0,0.01818181818181818
front3,0,1,0.5233745377697426,72,5,3,1,1.0,0.013513513513513514
front3,0,11,0.3701364373647478,72,3,3,1,1.0,0.0625
front3,0,10,0.4787917894401546,43,4,2,1,0.0,0.05555555555555555
front3,16,6,0.4433817387709921,81,5,1,1,1.0,0.125
front3,15,5,0.4331974216181037,73,4,1,1,1.0,1.0
front3,16,7,0.4692921480931963,76,4,1,1,1.0,0.125
front3,15,13,0.6584977664081973,76,5,4,1,1.0,0.058823529411764705
front3,15,7,0.468067439928309,76,5,1,1,1.0,0.058823529411764705
front3,0,10,0.6771690695703713,66,5,5,1,1.0,0.03333333333333333
front3,0,11,0.4347156969137331,128,5,3,1,0.0,0.012195121951219513
front3,0,10,0.49396469058885517,66,2,2,1,1.0,1.0
front3,15,5,0.4033211524035327,92,5,1,1,0.0,0.3333333333333333
front3,15,11,0.46211898911590327,129,3,2,1,1.0,0.047619047619047616
front3,16,11,0.43940881204458204,129,4,2,1,1.0,0.25
front3,16,5,0.440506414480947,81,5,1,1,1.0,0.125
front3,15,5,0.47002962290012457,69,5,1,1,0.0,0.07142857142857142
front3,15,6,0.4764517715292673,81,4,1,1,1.0,0.0625
front3,15,1,0.5558160617567682,69,3,1,1,1.0,0.5
front3,15,2,0.5242637178266686,69,2,1,1,1.0,0.07142857142857142
front3,17,5,0.4357307060583428,92,3,3,1,1.0,0.25
front3,17,8,0.32632889602025483,92,5,3,1,0.0,0.02857142857142857
front3,16,5,0.44026251001016925,92,3,1,1,1.0,0.2
front3,15,6,0.49779636713279957,136,4,3,1,0.0,0.012345679012345678
front3,17,7,0.4282072003180677,92,5,3,1,1.0,0.02857142857142857
front3,17,5,0.393398626897695,92,5,1,1,0.0,0.02857142857142857
front3,16,5,0.41262306516007186,92,4,1,1,0.0,0.07692307692307693
front3,16,5,0.3889568830029695,92,5,1,1,1.0,0.09090909090909091
front3,15,7,0.4906086825066069,136,5,3,1,1.0,0.0041841004184100415
front3,16,7,0.48258728382186844,136,5,3,1,1.0,0.021739130434782608
front3,15,8,0.3087856023623383,115,5,1,1,0.0,0.02564102564102564
front3,16,2,0.4304806754797069,92,4,1,1,1.0,0.07692307692307693
front3,17,6,0.4336901847104365,92,5,3,1,1.0,0.02857142857142857
front3,17,5,0.46232757499123395,92,3,1,1,1.0,0.25
front3,15,1,0.014634109279588295,136,3,0,1,0.0,0.02
front3,15,11,0.4541338443373428,136,3,2,1,0.0,0.02
front3,15,1,0.5584005928138963,76,3,1,1,0.0,1.0
front3,16,5,0.4841671524325971,76,4,1,1,0.0,0.125
front3,16,1,0.5507002398331087,76,3,1,1,1.0,0.25
front3,16,7,0.5062154834954868,76,3,1,1,0.0,0.25
front3,16,6,0.5366901690333984,76,3,1,1,0.0,0.25
front3,16,10,0.4298017021398089,76,3,2,1,0.0,0.25
front3,16,4,0.5117307634148578,140,5,1,1,0.0,1.0
front3,15,10,0.4420712448654884,76,2,2,1,1.0,0.14285714285714285
front3,15,1,0.5283021043633751,109,4,1,1,1.0,0.5
front3,15,2,0.498763658571197,109,5,1,1,1.0,0.09090909090909091
front3,16,5,0.4456024840119457,8,5,1,1,0.0,0.08333333333333333
front3,15,5,0.494693405203654,109,4,1,1,1.0,0.5
front3,15,5,0.4780947617402951,109,5,1,1,1.0,0.09090909090909091
front3,15,13,0.6100768105016795,8,4,4,1,0.0,0.14285714285714285
front3,16,10,0.4247618353083686,109,5,2,1,1.0,0.045454545454545456
front3,16,1,0.5424479391531903,109,3,1,1,1.0,1.0
front3,15,7,0.45614809726413985,73,2,1,1,1.0,0.0625
front3,15,13,0.33134914842854896,76,4,1,1,0.0,0.3333333333333333
front3,16,13,0.35395636883517034,76,2,1,1,0.0,0.16666666666666666
front3,15,5,0.4772683741218823,76,5,1,1,0.0,0.058823529411764705
front3,15,1,0.5167641725378636,73,3,1,1,0.0,1.0
front3,16,10,0.40780081958117426,8,5,2,1,1.0,0.08333333333333333
front3,18,13,0.3215967204043578,8,5,1,1,1.0,0.5
front3,18,6,0.43643101933398787,8,5,1,1,0.0,0.5
front3,0,10,0.4482353739657143,131,5,3,1,1.0,0.045454545454545456
front3,0,7,0.538628829771395,128,3,1,1,1.0,0.045454545454545456
front3,0,7,0.5383985338854881,131,2,1,1,1.0,0.3333333333333333
front3,0,10,0.48537108468150847,30,4,3,1,1.0,0.25
front3,0,2,0.5425264301439318,128,4,1,1,1.0,0.045454545454545456
front3,0,11,0.5381331856551324,30,5,3,1,0.0,0.05
front3,15,13,0.2780148939093633,73,5,1,1,0.0,0.04
front3,15,5,0.4907105121164603,76,4,1,1,0.0,0.3333333333333333
front3,15,1,0.4943226220443705,3,3,1,1,1.0,1.0
front3,15,10,0.3720022689677455,3,5,2,1,1.0,0.07142857142857142
front3,16,3,0.5071523370541321,100,5,1,1,1.0,0.02702702702702703
front3,15,13,0.2988581111271819,3,4,1,1,1.0,0.09090909090909091
front3,16,2,0.401489594731823,115,5,1,1,1.0,0.07142857142857142
front3,15,6,0.4703011315013498,115,3,3,1,1.0,0.06666666666666667
front3,16,11,0.3611736887521163,115,4,2,1,1.0,0.1111111111111111
front3,16,8,0.3253512687227955,115,5,1,1,0.0,0.07142857142857142
front3,15,11,0.3960017183556478,73,5,2,1,0.0,0.04
front3,16,7,0.44478074353392383,73,3,1,1,0.0,0.2
front3,16,10,0.4594624420738605,73,5,4,1,1.0,0.03225806451612903
front3,16,11,0.4103885128802756,73,2,2,1,0.0,0.16666666666666666
front3,16,5,0.5050965433546583,81,4,1,1,0.0,0.25
front3,16,3,0.538347675183426,100,5,3,1,1.0,0.02702702702702703
front3,18,6,0.4586835577414189,100,5,1,1,1.0,0.5
front3,15,7,0.4471094413066192,100,5,1,1,0.0,0.1111111111111111
front3,15,2,0.44127540717130165,73,5,1,1,0.0,0.04
front3,15,13,0.32372098288583323,38,5,1,1,0.0,0.029411764705882353
front3,15,4,0.557948171854692,38,2,1,1,1.0,0.25
front3,15,11,0.41765582618361063,73,2,2,1,0.0,0.0625
front3,16,6,0.4345310319254861,73,4,1,1,1.0,1.0
front3,16,5,0.45937979945044705,73,3,1,1,0.0,0.2
front3,16,10,0.3764256112608005,73,2,2,1,1.0,0.16666666666666666
front3,16,3,0.5094718465136652,73,3,1,1,0.0,0.2
front3,16,2,0.5032594188686019,76,4,1,1,0.0,0.125
front3,16,1,0.5373653915708392,76,2,1,1,1.0,0.16666666666666666
front3,15,2,0.5130542824507588,140,4,1,1,1.0,0.0625
front3,15,7,0.5131886106628906,140,3,1,1,1.0,0.16666666666666666
front3,15,11,0.4561857568965457,140,5,2,1,1.0,0.022727272727272728
front3,15,6,0.49799714472599543,76,4,1,1,0.0,0.3333333333333333
front3,15,7,0.5171104072340831,140,2,1,1,1.0,0.07692307692307693
front3,15,1,0.5564047744217269,76,2,1,1,0.0,0.14285714285714285
front3,15,1,0.5025029543857489,100,5,1,1,0.0,0.1111111111111111
front3,15,6,0.5065812530294677,100,5,3,1,0.0,0.1111111111111111
front3,0,3,0.5999417310573462,43,4,3,1,1.0,0.05555555555555555
front3,0,13,0.2917951427742436,96,2,3,1,0.0,0.010526315789473684
front3,0,13,0.36542320963786645,43,2,3,1,0.0,0.3333333333333333
front3,0,13,0.3514350917350926,43,4,1,1,0.0,0.05555555555555555
front3,0,12,0.6249569648413643,66,4,4,1,0.0,0.25
front3,0,10,0.4672430733558742,66,5,3,1,0.0,0.03333333333333333
front3,16,2,0.009365156555891088,70,5,0,1,0.0,0.1111111111111111
front3,15,13,0.7295349949509958,137,5,4,1,1.0,0.045454545454545456
front3,15,11,0.018692515047838577,137,5,0,1,0.0,0.045454545454545456
front3,16,7,0.3957848648924561,115,4,1,1,1.0,0.1111111111111111
front3,15,13,0.2700007898553921,100,5,3,1,0.0,0.1111111111111111
front3,15,6,0.4905313538885553,100,4,2,1,0.0,1.0
front3,15,13,0.28052842741875994,3,5,1,1,0.0,0.07142857142857142
front3,15,10,0.4204796388595676,100,2,2,1,1.0,0.5
front3,0,1,0.008657758773059807,70,5,0,1,0.0,0.027777777777777776
front3,0,11,0.5399685171634548,137,5,1,1,0.0,0.09090909090909091
front3,0,2,0.5839229363574995,137,4,1,1,0.0,0.3333333333333333
front3,0,1,0.01734424951912323,137,5,0,1,0.0,0.09090909090909091
front3,0,11,0.6930067173759035,137,5,5,1,1.0,0.09090909090909091
front3,0,10,0.4613830895068132,70,1,2,1,0.0,0.09090909090909091
front3,0,2,0.5800750590863667,137,5,1,1,1.0,0.09090909090909091
front3,15,10,0.01800334712371821,137,5,0,1,0.0,0.045454545454545456
front3,17,6,0.5161148160404256,122,4,3,1,0.0,0.5
front3,15,11,0.4027963737420605,122,5,3,1,0.0,0.024390243902439025
front3,15,6,0.5391650711730719,122,2,3,1,1.0,0.03333333333333333
front3,0,10,0.018392386873885582,137,5,0,1,0.0,0.09090909090909091
front3,0,2,0.01863315027652203,137,5,0,1,0.0,0.09090909090909091
front3,0,2,0.6851802741997052,137,1,1,1,0.0,1.0
front3,0,11,0.6395680500149347,137,5,4,1,0.0,0.09090909090909091
front3,0,13,0.3461580756801779,70,2,1,1,0.0,0.008928571428571428
front3,15,6,0.4447150053948545,147,2,3,1,0.0,0.07142857142857142
front3,15,7,0.4252863020168288,147,2,3,1,0.0,0.07142857142857142
front3,15,5,0.40022199153665833,147,5,3,1,0.0,0.5
front3,15,5,0.40308901786941487,147,2,3,1,0.0,0.07142857142857142
front3,15,1,0.4245485833510181,147,5,1,1,1.0,0.5
front3,15,14,0.2447677705442838,123,4,3,1,1.0,0.2
front3,16,2,0.4362661703836189,123,5,1,1,0.0,1.0
front3,15,5,0.450300576114342,123,5,3,1,0.0,0.09090909090909091
front3,15,7,0.5127330911774552,132,2,3,1,1.0,0.125
front3,15,1,0.5776573672831822,63,2,1,1,0.0,1.0
front3,17,10,0.48261837899875903,63,5,2,1,0.0,0.1
front3,17,8,0.48270376645211754,63,5,1,1,1.0,0.1
front3,17,8,0.5415208596153485,63,3,1,1,1.0,1.0
front3,15,1,0.4717394442505138,147,3,1,1,1.0,1.0
front3,15,13,0.2232731271830507,147,4,3,1,0.0,1.0
front3,16,10,0.37100548812081696,147,5,2,1,0.0,1.0
front3,15,4,0.551973578501456,138,2,4,1,0.0,0.037037037037037035
front3,15,1,0.01102419422532123,138,5,0,1,0.0,0.05555555555555555
front3,15,13,0.2680674964143005,138,5,3,1,0.0,0.05555555555555555
front3,17,6,0.5403950921614167,63,5,3,1,0.0,0.1
front3,15,5,0.49297666701260695,132,5,3,1,1.0,0.00980392156862745
front3,17,5,0.5003489230890035,63,5,1,1,1.0,0.1
front3,15,10,0.46318823264047704,63,5,2,1,1.0,1.0
front3,17,11,0.5399194182779741,63,2,2,1,0.0,0.2
front3,0,10,0.5326428990408907,66,4,2,1,1.0,0.25
front3,16,11,0.45605546016701637,100,2,2,1,0.0,1.0
front3,16,5,0.40510687125155553,3,5,1,1,1.0,0.1111111111111111
front3,16,13,0.2789851254182398,100,5,3,1,0.0,0.02702702702702703
front3,18,2,0.4216547093357711,3,5,1,1,1.0,0.038461538461538464
front3,15,11,0.42570182366847864,138,5,2,1,0.0,0.05555555555555555
front3,15,7,0.4960165761071638,138,3,1,1,1.0,0.058823529411764705
front3,15,1,0.02231652193223418,153,3,0,1,0.0,0.02
front3,15,10,0.45485360757682,25,2,2,1,0.0,1.0
front3,16,1,0.5972991503030279,153,2,1,1,1.0,0.25
front3,15,11,0.5381505354173681,153,2,2,1,1.0,0.04
front3,16,2,0.5972597042297961,153,3,1,1,1.0,0.16666666666666666
front3,15,13,0.28587746903620237,117,4,3,1,0.0,0.14285714285714285
front3,0,5,0.49201173757582645,115,3,1,1,0.0,0.16666666666666666
front3,16,4,0.49775446650352606,70,5,1,1,1.0,0.1111111111111111
front3,15,5,0.01817875505840886,137,4,0,1,0.0,0.3333333333333333
front3,15,10,0.41803305842909166,10,3,2,1,1.0,0.125
front3,15,10,0.4029483094629709,10,5,2,1,0.0,0.125
front3,15,9,0.4302921449269702,10,3,1,1,0.0,0.125
front3,15,1,0.02252122839416006,153,2,0,1,0.0,0.04
front3,15,2,0.5341791472184333,25,4,1,1,1.0,0.09090909090909091
front3,16,11,0.5208564866056286,153,2,2,1,0.0,0.25
front3,15,13,0.30954185768333436,25,4,3,1,1.0,0.09090909090909091
front3,15,7,0.5759369285383666,153,2,1,1,1.0,0.04
front3,15,6,0.5336258141156889,10,3,1,1,1.0,0.125
front3,15,6,0.4885367308515077,10,4,1,1,0.0,0.06666666666666667
front3,15,9,0.4160527578923449,10,5,2,1,1.0,0.125
front3,15,2,0.4792245639499198,10,5,1,1,0.0,0.125
front3,15,2,0.5191683270972415,10,2,1,1,0.0,0.5
front3,15,1,0.5336845303627398,10,2,1,1,1.0,0.5
front3,15,1,0.5294710619290144,10,1,1,1,0.0,1.0
front3,15,10,0.45099054987703097,153,2,3,1,1.0,0.04
front3,15,13,0.26361688474405587,123,5,3,1,1.0,0.09090909090909091
front3,15,13,0.29834428116283407,132,3,3,1,0.0,0.125
front3,15,13,0.26128441525909507,123,4,3,1,0.0,0.2
front3,15,5,0.014349887134788925,132,4,0,1,0.0,0.012987012987012988
front3,15,1,0.4991871545102218,123,2,1,1,1.0,1.0
front3,15,5,0.45340463856878765,123,4,3,1,1.0,0.2
front3,15,10,0.42914657799693817,153,4,3,1,0.0,0.05263157894736842
front3,15,13,0.2810135042131356,10,4,3,1,0.0,0.06666666666666667
front3,16,1,0.4811053577892386,95,3,1,1,1.0,1.0
front3,0,5,0.5545328892553306,96,2,1,1,1.0,0.010526315789473684
front3,15,12,0.4321491747326456,152,4,2,1,0.0,0.125
front3,16,3,0.4853951701029511,95,5,3,1,1.0,0.3333333333333333
front3,15,9,0.4062136496998724,152,5,3,1,0.0,0.07142857142857142
front3,15,1,0.4781311107970354,13,5,1,1,1.0,0.25
front3,15,4,0.49765631090632195,13,5,1,1,1.0,0.25
front3,18,1,0.49730078893497554,152,4,1,1,0.0,0.25
front3,15,9,0.47191181343546784,152,3,2,1,1.0,0.3333333333333333
front3,15,10,0.5199522424841311,152,5,4,1,1.0,0.07142857142857142
front3,15,10,0.47092100237335055,105,4,4,1,1.0,0.16666666666666666
front3,15,6,0.5262289067912891,152,3,2,1,1.0,0.3333333333333333
front3,15,12,0.520167060101968,105,5,5,1,1.0,0.08333333333333333
front3,15,7,0.49535897560248165,96,2,3,1,1.0,0.009009009009009009
front3,0,10,0.3578004120926246,70,5,3,1,1.0,0.027777777777777776
front3,0,11,0.41344091550544276,96,4,3,1,0.0,0.01282051282051282
front3,15,11,0.3749313629685271,138,5,3,1,0.0,0.05555555555555555
front3,15,13,0.6128578693598747,138,5,5,1,1.0,0.05555555555555555
front3,15,11,0.4491963544989413,138,2,2,1,1.0,0.037037037037037035
front3,15,8,0.3666521821930512,152,5,3,1,0.0,0.07142857142857142
front3,15,14,0.25892674005431837,152,3,3,1,0.0,0.3333333333333333
front3,18,6,0.45201178130582736,152,5,2,1,1.0,0.1111111111111111
front3,15,6,0.5216773454785473,152,2,2,1,0.0,0.07692307692307693
front3,16,6,0.5126667186789575,152,3,2,1,1.0,0.5
front3,0,5,0.527616502372585,69,4,1,1,1.0,0.08333333333333333
front3,15,11,0.48177365876705663,153,2,3,1,1.0,0.04
front3,15,2,0.5186698779590422,117,4,1,1,1.0,0.14285714285714285
front3,15,6,0.6129169082271474,153,3,1,1,1.0,0.02
front3,15,6,0.5720007742380273,153,4,1,1,1.0,0.05263157894736842
front3,15,2,0.6152395430934369,153,3,1,1,0.0,0.02
front3,15,2,0.49329602218946084,138,4,1,1,0.0,0.09090909090909091
front3,15,2,0.5303188068384339,138,3,1,1,1.0,0.058823529411764705
front3,15,6,0.522815164863616,119,5,3,1,1.0,0.3333333333333333
front3,18,9,0.5615253122470586,152,2,2,1,1.0,0.3333333333333333
front3,15,4,0.6207803367949523,137,4,4,1,0.0,0.3333333333333333
front3,15,10,0.6513607876389265,137,5,5,1,1.0,0.045454545454545456
front3,15,10,0.5286518646257904,152,2,4,1,0.0,0.07692307692307693
front3,15,3,0.5291411371163788,152,4,3,1,0.0,0.125
front3,18,3,0.5106685139887567,105,4,2,1,0.0,0.5
front3,18,9,0.46903821756850506,152,5,2,1,0.0,0.1111111111111111
front3,15,10,0.3926651921085805,119,2,3,1,0.0,0.5
front3,15,5,0.4780194634066011,152,4,1,1,0.0,0.125
front3,15,1,0.5460232988351442,119,1,1,1,0.0,0.5
front3,15,1,0.5323238284230699,119,4,1,1,1.0,1.0
front3,18,8,0.4909675405582634,152,2,3,1,0.0,0.3333333333333333
front3,15,6,0.5225201332500681,119,1,1,1,1.0,0.5
front3,15,13,0.35907658214953697,119,3,1,1,1.0,1.0
front3,15,10,0.44571515777672405,119,2,2,1,1.0,0.5
front3,15,1,0.44320756710929765,95,5,1,1,0.0,0.5
front3,16,10,0.37600472050247163,95,5,2,1,0.0,0.3333333333333333
front3,16,9,0.45173445421431796,152,3,2,1,1.0,0.5
front3,15,1,0.48618843040737414,95,2,1,1,1.0,0.5
front3,15,5,0.4495112369289794,95,2,1,1,0.0,0.5
front3,16,9,0.44819687935063546,152,4,2,1,1.0,0.3333333333333333
front3,15,8,0.3190851548723837,95,5,3,1,0.0,0.5
front3,16,1,0.4943388770499601,152,4,1,1,1.0,0.3333333333333333
front3,15,3,0.6898289099198799,95,3,4,1,1.0,0.5
front3,15,9,0.45508888502292844,152,2,2,1,0.0,0.07692307692307693
front3,16,1,0.430709510729915,95,5,1,1,0.0,0.3333333333333333
front3,15,1,0.4884904756596467,95,3,1,1,1.0,0.5
front3,18,6,0.4661556361438071,152,4,2,1,0.0,0.25
front3,16,13,0.28201785931501117,152,4,3,1,0.0,0.3333333333333333
front3,16,6,0.4634012190837125,152,5,2,1,1.0,0.5
front3,16,8,0.5132886157381866,152,5,4,1,1.0,0.5
