phase,A1_actionId,C_actionId,n_context,A1_playerId,EV,count,train_winrate,usage_rate
late,1,2,4,0,0.5098712678087366,2,0.5,0.5
late,1,5,4,0,0.4915699435311031,1,0.0,0.25
late,1,13,4,0,0.2674793750583763,1,0.0,0.25
late,2,1,3,0,0.5249723431939964,1,1.0,0.3333333333333333
late,2,2,3,0,0.5092593550113026,2,0.5,0.6666666666666666
late,4,6,1,0,0.009338519337881048,1,0.0,1.0
late,5,5,1,0,0.4758413848953306,1,0.0,1.0
late,6,2,6,0,0.41094592258347423,4,0.75,0.6666666666666666
late,6,5,6,0,0.3923093293010393,1,0.0,0.16666666666666666
late,6,13,6,0,0.17774137233409645,1,0.0,0.16666666666666666
late,7,5,4,0,0.38518935223790857,1,0.0,0.25
late,7,6,4,0,0.37896442290165844,1,0.0,0.25
late,7,13,4,0,0.20734634422659243,2,0.0,0.5
late,10,2,1,0,0.4818455719553725,1,0.0,1.0
late,11,1,3,0,0.5234117127303399,1,1.0,0.3333333333333333
late,11,2,3,0,0.5027433106622191,1,0.0,0.3333333333333333
late,11,13,3,0,0.20602576693990793,1,0.0,0.3333333333333333
late,13,1,3,0,0.3300174542792303,1,0.0,0.3333333333333333
late,13,2,3,0,0.3088930992465851,1,0.0,0.3333333333333333
late,13,5,3,0,0.3001220874508259,1,0.0,0.3333333333333333
late,15,1,8,0,0.904724909376688,2,1.0,0.25
late,15,2,8,0,0.8793268006206683,2,1.0,0.25
late,15,6,8,0,0.8775617505685737,1,1.0,0.125
late,15,7,8,0,0.859652762703516,2,1.0,0.25
late,15,11,8,0,0.7852332757864334,1,1.0,0.125
late,17,1,4,0,0.9155055019404666,1,1.0,0.25
late,17,6,4,0,0.8931938655719682,2,1.0,0.5
late,17,11,4,0,0.8001328776765676,1,1.0,0.25
late,1,2,3,1,0.5195255794099669,1,1.0,0.3333333333333333
late,1,13,3,1,0.2578334114444776,2,0.0,0.6666666666666666
late,2,2,6,1,0.48809465989602324,3,1.0,0.5
late,2,13,6,1,0.23353985984905834,3,0.0,0.5
late,4,2,2,1,0.46812586311940296,2,0.5,1.0
late,10,1,8,1,0.5235117464333564,1,0.0,0.125
late,10,2,8,1,0.5008150040590005,3,0.6666666666666666,0.375
late,10,10,8,1,0.42751816824423455,1,0.0,0.125
late,10,13,8,1,0.27319486250845654,3,0.0,0.375
late,13,2,8,1,0.43468930404413764,2,1.0,0.25
late,13,13,8,1,0.1841651944480287,6,0.16666666666666666,0.75
late,15,2,3,1,0.8698739919486825,1,1.0,0.3333333333333333
late,15,10,3,1,0.7663367895440594,1,1.0,0.3333333333333333
late,15,13,3,1,0.6320949594353791,1,0.0,0.3333333333333333
late,1,1,2,2,0.5160085989369461,2,0.5,1.0
late,5,6,4,2,0.47895331395479407,2,0.0,0.5
late,5,13,4,2,0.23193615719979277,2,0.0,0.5
late,6,1,13,2,0.5354088694453746,1,0.0,0.07692307692307693
late,6,3,13,2,0.5044092261478783,1,1.0,0.07692307692307693
late,6,5,13,2,0.47595407232327636,4,0.75,0.3076923076923077
late,6,6,13,2,0.47160490805154814,2,0.0,0.15384615384615385
late,6,13,13,2,0.2057734050747276,5,0.0,0.38461538461538464
late,10,1,16,2,0.494390310242881,1,1.0,0.0625
late,10,10,16,2,0.40970551034747216,10,0.6,0.625
late,10,11,16,2,0.42009652993507995,2,0.5,0.125
late,10,12,16,2,0.42737961615307024,1,1.0,0.0625
late,10,13,16,2,0.248782481634085,2,0.0,0.125
late,11,10,1,2,0.455955919297311,1,1.0,1.0
late,13,13,1,2,0.16563801293192268,1,0.0,1.0
late,15,5,5,2,0.880567229977086,1,1.0,0.2
late,15,6,5,2,0.8818879202625972,1,0.0,0.2
late,15,10,5,2,0.7817516575972386,2,0.5,0.4
late,15,11,5,2,0.7938391014890964,1,1.0,0.2
late,0,1,5,3,0.8360127890584644,2,1.0,0.4
late,0,2,5,3,0.8205611119406745,1,1.0,0.2
late,0,5,5,3,0.8414178201837824,2,1.0,0.4
late,1,1,59,3,0.503010855848944,27,0.5925925925925926,0.4576271186440678
late,1,2,59,3,0.4812381774602345,5,0.0,0.0847457627118644
late,1,5,59,3,0.455539886257069,8,0.25,0.13559322033898305
late,1,6,59,3,0.4552895730402025,10,0.3,0.1694915254237288
late,1,10,59,3,0.3850062075592666,3,0.0,0.05084745762711865
late,1,13,59,3,0.23417724612747243,6,0.0,0.1016949152542373
late,2,2,8,3,0.4950674325062104,2,0.0,0.25
late,2,3,8,3,0.49744296718644015,1,1.0,0.125
late,2,6,8,3,0.4359624559243054,2,0.5,0.25
late,2,13,8,3,0.20944282047643406,3,0.3333333333333333,0.375
late,3,3,1,3,0.5606150403610752,1,0.0,1.0
late,4,13,2,3,0.20000088438794278,2,0.5,1.0
late,5,1,18,3,0.4938217309855484,8,0.625,0.4444444444444444
late,5,2,18,3,0.4720984588927987,2,0.0,0.1111111111111111
late,5,5,18,3,0.44686867761904087,3,0.6666666666666666,0.16666666666666666
late,5,6,18,3,0.43913999420864813,3,0.3333333333333333,0.16666666666666666
late,5,13,18,3,0.21583276063281462,2,0.0,0.1111111111111111
late,6,1,18,3,0.5032541876033337,1,1.0,0.05555555555555555
late,6,2,18,3,0.4804525575831783,3,0.3333333333333333,0.16666666666666666
late,6,6,18,3,0.43701374291546297,8,0.5,0.4444444444444444
late,6,13,18,3,0.18576676039980658,6,0.16666666666666666,0.3333333333333333
late,7,2,6,3,0.4801143086607175,2,0.5,0.3333333333333333
late,7,6,6,3,0.44674772880656843,1,0.0,0.16666666666666666
late,7,13,6,3,0.20981218829782552,3,0.6666666666666666,0.5
late,10,1,38,3,0.49473249128318963,15,0.5333333333333333,0.39473684210526316
late,10,2,38,3,0.47233883487491246,3,0.0,0.07894736842105263
late,10,5,38,3,0.44446710779883053,1,1.0,0.02631578947368421
late,10,6,38,3,0.4452503888444952,6,0.8333333333333334,0.15789473684210525
late,10,10,38,3,0.39705876789336597,3,0.3333333333333333,0.07894736842105263
late,10,13,38,3,0.24260186773266865,10,0.2,0.2631578947368421
late,11,1,12,3,0.5219437577583801,7,0.42857142857142855,0.5833333333333334
late,11,6,12,3,0.47126820037617095,2,0.5,0.16666666666666666
late,11,13,12,3,0.23925810284641025,3,0.0,0.25
late,13,2,12,3,0.42180865980324395,4,0.25,0.3333333333333333
late,13,3,12,3,0.42029838318824303,1,0.0,0.08333333333333333
late,13,6,12,3,0.3885340632464929,2,0.5,0.16666666666666666
late,13,13,12,3,0.1679848682837086,4,0.0,0.3333333333333333
late,13,14,12,3,0.13796433003561523,1,0.0,0.08333333333333333
late,14,2,3,3,0.40031616111337476,2,0.5,0.6666666666666666
late,14,14,3,3,0.1715018691760528,1,0.0,0.3333333333333333
late,15,1,12,3,0.8795076279929304,8,0.875,0.6666666666666666
late,15,5,12,3,0.8426019607221645,1,1.0,0.08333333333333333
late,15,6,12,3,0.8449943143914956,1,1.0,0.08333333333333333
late,15,13,12,3,0.6025968338333677,2,0.5,0.16666666666666666
late,16,1,2,3,0.8652152757399134,1,1.0,0.5
late,16,2,2,3,0.8408080515759327,1,1.0,0.5
late,18,1,5,3,0.882898085146395,1,1.0,0.2
late,18,2,5,3,0.8608233503549844,1,1.0,0.2
late,18,5,5,3,0.8581760042855289,1,1.0,0.2
late,18,10,5,3,0.7811195738337771,1,1.0,0.2
late,18,13,5,3,0.7278253286823417,1,1.0,0.2
late,1,1,10,4,0.4517883811559275,3,0.3333333333333333,0.3
late,1,2,10,4,0.4335034444226138,3,0.0,0.3
late,1,10,10,4,0.3200725126282783,3,0.3333333333333333,0.3
late,1,11,10,4,0.32443465920262177,1,0.0,0.1
late,2,3,1,4,0.5174696497530643,1,1.0,1.0
late,3,3,3,4,0.5327046779677772,1,1.0,0.3333333333333333
late,3,11,3,4,0.3271691933179351,1,1.0,0.3333333333333333
late,3,14,3,4,0.16113146700800343,1,0.0,0.3333333333333333
late,10,1,13,4,0.4116688649189161,6,0.3333333333333333,0.46153846153846156
late,10,10,13,4,0.3353548153008494,3,0.3333333333333333,0.23076923076923078
late,10,13,13,4,0.16266315927538308,4,0.0,0.3076923076923077
late,11,1,1,4,0.4202603817445116,1,0.0,1.0
late,13,13,2,4,0.12004384973678178,1,0.0,0.5
late,13,14,2,4,0.09654929862308873,1,0.0,0.5
late,14,14,1,4,0.11132213638229892,1,0.0,1.0
late,15,1,5,4,0.8674194928505582,2,1.0,0.4
late,15,10,5,4,0.6951589337733649,2,1.0,0.4
late,15,14,5,4,0.4041411942183125,1,0.0,0.2
late,1,6,2,5,0.4247531214742092,1,1.0,0.5
late,1,9,2,5,0.4028720340518969,1,0.0,0.5
late,8,13,1,5,0.20452012897366456,1,0.0,1.0
late,9,1,21,5,0.49929628526100683,2,0.5,0.09523809523809523
late,9,3,21,5,0.459208144974584,1,0.0,0.047619047619047616
late,9,9,21,5,0.42910583942653335,13,0.3076923076923077,0.6190476190476191
late,9,10,21,5,0.4007109768657332,1,0.0,0.047619047619047616
late,9,13,21,5,0.24792353423223462,4,0.5,0.19047619047619047
late,10,1,3,5,0.47802783286350997,1,0.0,0.3333333333333333
late,10,5,3,5,0.42761886413596306,1,1.0,0.3333333333333333
late,10,9,3,5,0.40245742859864325,1,1.0,0.3333333333333333
late,12,9,2,5,0.39219313183643345,1,0.0,0.5
late,12,13,2,5,0.18372868375078505,1,0.0,0.5
late,13,3,2,5,0.4725561025526186,2,0.0,1.0
late,15,1,2,5,0.8937837292391151,1,1.0,0.5
late,15,8,2,5,0.7778802725455465,1,1.0,0.5
late,1,3,4,6,0.5367298885445679,4,0.25,1.0
late,3,3,9,6,0.578676628851695,7,0.8571428571428571,0.7777777777777778
late,3,5,9,6,0.5109777031089634,1,0.0,0.1111111111111111
late,3,13,9,6,0.2178373664018706,1,0.0,0.1111111111111111
late,4,5,4,6,0.45774571966085753,1,1.0,0.25
late,4,13,4,6,0.21135561163862715,3,0.0,0.75
late,5,5,1,6,0.46216198721236473,1,0.0,1.0
late,6,3,3,6,0.48642516843643197,1,0.0,0.3333333333333333
late,6,5,3,6,0.4719324094088185,1,0.0,0.3333333333333333
late,6,13,3,6,0.2156483969364906,1,0.0,0.3333333333333333
late,10,3,3,6,0.517283192802553,1,0.0,0.3333333333333333
late,10,5,3,6,0.48047610812903074,1,0.0,0.3333333333333333
late,10,13,3,6,0.26585259371823383,1,0.0,0.3333333333333333
late,13,1,4,6,0.5165073198681382,1,1.0,0.25
late,13,3,4,6,0.4931935724251205,1,0.0,0.25
late,13,13,4,6,0.18105872405236997,2,0.5,0.5
late,14,3,1,6,0.4730704762081295,1,1.0,1.0
late,15,1,6,6,0.9051046993591338,3,1.0,0.5
late,15,3,6,6,0.8892195253720713,2,1.0,0.3333333333333333
late,15,7,6,6,0.8586855960017292,1,1.0,0.16666666666666666
late,17,1,1,6,0.9385999044405525,1,1.0,1.0
late,0,1,5,7,0.857895681478068,3,1.0,0.6
late,0,2,5,7,0.8463985932914921,1,1.0,0.2
late,0,10,5,7,0.7164930850764799,1,1.0,0.2
late,1,2,6,7,0.3804608149541484,2,0.0,0.3333333333333333
late,1,13,6,7,0.16753320860605694,4,0.0,0.6666666666666666
late,2,1,5,7,0.43564135379475466,1,1.0,0.2
late,2,2,5,7,0.42872691130837426,2,0.5,0.4
late,2,13,5,7,0.19306075467643852,2,0.0,0.4
late,4,1,3,7,0.514839666685151,1,0.0,0.3333333333333333
late,4,2,3,7,0.49932230443450526,2,0.5,0.6666666666666666
late,6,14,1,7,0.15355350231892467,1,0.0,1.0
late,7,2,1,7,0.5823533266545294,1,1.0,1.0
late,9,2,1,7,0.4655004199866858,1,0.0,1.0
late,10,1,6,7,0.37146708907307513,1,0.0,0.16666666666666666
late,10,2,6,7,0.35946657887185673,2,0.5,0.3333333333333333
late,10,13,6,7,0.18920604733494129,3,0.0,0.5
late,11,11,2,7,0.45209611124441224,2,1.0,1.0
late,13,1,4,7,0.5330363726099118,1,1.0,0.25
late,13,13,4,7,0.22131956063883637,3,0.3333333333333333,0.75
late,14,14,2,7,0.22562981770182317,2,0.0,1.0
late,1,1,15,8,0.5567672703617484,2,0.5,0.13333333333333333
late,1,2,15,8,0.5360454682482291,2,0.5,0.13333333333333333
late,1,5,15,8,0.49970575988004456,2,0.5,0.13333333333333333
late,1,6,15,8,0.49784596119857444,3,0.3333333333333333,0.2
late,1,13,15,8,0.2633227737091925,6,0.5,0.4
late,2,1,2,8,0.5494359530292949,1,1.0,0.5
late,2,13,2,8,0.2418138755905338,1,0.0,0.5
late,3,3,1,8,0.616853544542238,1,0.0,1.0
late,5,5,4,8,0.49015986755536994,1,0.0,0.25
late,5,13,4,8,0.24375621463035396,3,0.0,0.75
late,6,1,17,8,0.5367525940875654,2,0.0,0.11764705882352941
late,6,2,17,8,0.513793152750914,2,0.0,0.11764705882352941
late,6,5,17,8,0.4789288161447959,3,0.6666666666666666,0.17647058823529413
late,6,6,17,8,0.4745601471151609,5,0.4,0.29411764705882354
late,6,13,17,8,0.21180684691592896,5,0.4,0.29411764705882354
late,7,13,2,8,0.2717641618625501,2,0.0,1.0
late,10,1,19,8,0.5204792849562878,1,1.0,0.05263157894736842
late,10,2,19,8,0.5015578496057219,2,0.0,0.10526315789473684
late,10,5,19,8,0.45960073710228583,1,1.0,0.05263157894736842
late,10,6,19,8,0.4603561703041982,4,0.25,0.21052631578947367
late,10,13,19,8,0.2592158833936764,11,0.45454545454545453,0.5789473684210527
late,11,1,2,8,0.5416294217086345,1,0.0,0.5
late,11,6,2,8,0.4847428028499382,1,1.0,0.5
late,12,2,1,8,0.43798958092519036,1,0.0,1.0
late,13,1,36,8,0.5116549778757595,3,0.3333333333333333,0.08333333333333333
late,13,2,36,8,0.4860270818254892,2,0.0,0.05555555555555555
late,13,5,36,8,0.4531381529806278,3,0.3333333333333333,0.08333333333333333
late,13,6,36,8,0.4548046104635156,15,0.4,0.4166666666666667
late,13,13,36,8,0.21239533940322594,13,0.3076923076923077,0.3611111111111111
late,14,14,1,8,0.2144366823301853,1,0.0,1.0
late,15,1,8,8,0.9085012836360762,3,1.0,0.375
late,15,5,8,8,0.8769688042859785,1,1.0,0.125
late,15,6,8,8,0.8783683459451046,1,1.0,0.125
late,15,11,8,8,0.7852249665424965,2,1.0,0.25
late,15,13,8,8,0.7288457161452928,1,1.0,0.125
late,16,1,3,8,0.8855759211721458,2,0.5,0.6666666666666666
late,16,2,3,8,0.8629167638021169,1,1.0,0.3333333333333333
late,10,6,1,9,0.48041463885165514,1,1.0,1.0
late,15,5,1,9,0.8638533114514002,1,1.0,1.0
late,1,1,9,10,0.5672880327039448,6,0.5,0.6666666666666666
late,1,2,9,10,0.5514011565222126,1,0.0,0.1111111111111111
late,1,9,9,10,0.49624631958842574,1,0.0,0.1111111111111111
late,1,13,9,10,0.2805443947049675,1,0.0,0.1111111111111111
late,2,1,2,10,0.5682926979225484,1,1.0,0.5
late,2,9,2,10,0.4705720343152025,1,1.0,0.5
late,5,2,1,10,0.4982378460011886,1,0.0,1.0
late,6,9,2,10,0.46510552656708704,2,0.5,1.0
late,9,1,21,10,0.5432575897552004,2,1.0,0.09523809523809523
late,9,2,21,10,0.5202033363791156,2,0.0,0.09523809523809523
late,9,5,21,10,0.49260887204170345,6,0.5,0.2857142857142857
late,9,9,21,10,0.4656195848261717,1,1.0,0.047619047619047616
late,9,13,21,10,0.24130662696834113,10,0.3,0.47619047619047616
late,10,13,2,10,0.27157596693794944,2,0.5,1.0
late,11,1,3,10,0.5363588560036633,2,0.5,0.6666666666666666
late,11,9,3,10,0.42295728670716065,1,0.0,0.3333333333333333
late,13,1,7,10,0.3979977717528591,1,1.0,0.14285714285714285
late,13,2,7,10,0.3786905503523616,1,0.0,0.14285714285714285
late,13,13,7,10,0.17203139790671435,5,0.2,0.7142857142857143
late,15,1,6,10,0.9143697211665277,2,1.0,0.3333333333333333
late,15,2,6,10,0.8897892958397579,2,1.0,0.3333333333333333
late,15,9,6,10,0.8332493774589613,2,1.0,0.3333333333333333
late,1,1,18,11,0.6435332059842689,6,0.8333333333333334,0.3333333333333333
late,1,2,18,11,0.6290713201262597,2,0.5,0.1111111111111111
late,1,3,18,11,0.6409856065497468,4,1.0,0.2222222222222222
late,1,12,18,11,0.5128395457283643,2,0.5,0.1111111111111111
late,1,13,18,11,0.30044870499334314,3,0.3333333333333333,0.16666666666666666
late,1,14,18,11,0.2668688154951577,1,0.0,0.05555555555555555
late,2,1,15,11,0.634991581273609,4,0.75,0.26666666666666666
late,2,2,15,11,0.6240058005900097,3,0.0,0.2
late,2,3,15,11,0.6365856720758857,1,1.0,0.06666666666666667
late,2,5,15,11,0.5701095859147098,2,1.0,0.13333333333333333
late,2,12,15,11,0.5051535340117136,4,0.25,0.26666666666666666
late,2,14,15,11,0.2969934860068732,1,0.0,0.06666666666666667
late,3,3,1,11,0.6876382592862854,1,1.0,1.0
late,5,2,4,11,0.426906141423486,2,0.5,0.5
late,5,12,4,11,0.36352594962379836,2,0.5,0.5
late,6,1,1,11,0.6484030965788156,1,1.0,1.0
late,8,1,10,11,0.5395792152700971,1,1.0,0.1
late,8,2,10,11,0.5144691483223196,6,0.16666666666666666,0.6
late,8,5,10,11,0.4956540501480681,1,1.0,0.1
late,8,12,10,11,0.44026674829545415,2,1.0,0.2
late,9,10,1,11,0.476751567191488,1,1.0,1.0
late,10,1,13,11,0.617235929184355,2,0.5,0.15384615384615385
late,10,2,13,11,0.596541313403454,3,1.0,0.23076923076923078
late,10,3,13,11,0.5940094073302198,1,1.0,0.07692307692307693
late,10,12,13,11,0.5183865939782889,3,0.6666666666666666,0.23076923076923078
late,10,13,13,11,0.30084127786948733,4,0.25,0.3076923076923077
late,11,1,2,11,0.6022875609381668,2,1.0,1.0
late,12,1,92,11,0.5726342505356505,12,0.5833333333333334,0.13043478260869565
late,12,2,92,11,0.5513718527148932,13,0.38461538461538464,0.14130434782608695
late,12,5,92,11,0.5182423445667134,3,1.0,0.03260869565217391
late,12,8,92,11,0.42525415679054746,1,1.0,0.010869565217391304
late,12,10,92,11,0.48466388746625827,2,0.5,0.021739130434782608
late,12,12,92,11,0.48957026605041204,32,0.46875,0.34782608695652173
late,12,13,92,11,0.2781933315086504,17,0.23529411764705882,0.18478260869565216
late,12,14,92,11,0.22788482939118201,12,0.16666666666666666,0.13043478260869565
late,13,1,24,11,0.557031909904876,4,0.5,0.16666666666666666
late,13,2,24,11,0.5321884186589412,8,0.5,0.3333333333333333
late,13,3,24,11,0.5474460491777614,1,1.0,0.041666666666666664
late,13,12,24,11,0.4378254775328594,6,0.16666666666666666,0.25
late,13,13,24,11,0.22542754579851532,1,1.0,0.041666666666666664
late,13,14,24,11,0.18619152451004736,4,0.25,0.16666666666666666
late,14,2,11,11,0.4530917019814996,3,0.3333333333333333,0.2727272727272727
late,14,12,11,11,0.3753439590594514,4,0.25,0.36363636363636365
late,14,14,11,11,0.18243667445095302,4,0.0,0.36363636363636365
late,15,1,24,11,0.9333891728089142,7,0.8571428571428571,0.2916666666666667
late,15,2,24,11,0.915068317601237,5,0.8,0.20833333333333334
late,15,3,24,11,0.9135623521843272,1,1.0,0.041666666666666664
late,15,8,24,11,0.8500984311586426,2,1.0,0.08333333333333333
late,15,10,24,11,0.8415327424331306,2,1.0,0.08333333333333333
late,15,12,24,11,0.8478414351173859,7,1.0,0.2916666666666667
late,18,1,2,11,0.9268700019526959,1,1.0,0.5
late,18,2,2,11,0.910198259759283,1,1.0,0.5
late,1,1,13,12,0.5990454285794847,2,0.5,0.15384615384615385
late,1,5,13,12,0.5547290466044521,5,0.4,0.38461538461538464
late,1,13,13,12,0.3249512638819131,6,0.16666666666666666,0.46153846153846156
late,3,3,1,12,0.6814282811230273,1,1.0,1.0
late,4,5,2,12,0.5846149608784359,1,1.0,0.5
late,4,6,2,12,0.5742746660917007,1,1.0,0.5
late,5,1,6,12,0.5303794582492487,1,0.0,0.16666666666666666
late,5,5,6,12,0.4775686479156654,2,1.0,0.3333333333333333
late,5,13,6,12,0.2594741302934868,2,0.5,0.3333333333333333
late,5,14,6,12,0.2094246561855756,1,1.0,0.16666666666666666
late,6,1,1,12,0.6018429744395667,1,1.0,1.0
late,7,3,3,12,0.6902339587371458,1,1.0,0.3333333333333333
late,7,10,3,12,0.5377900201999273,1,0.0,0.3333333333333333
late,7,13,3,12,0.36092244195412354,1,1.0,0.3333333333333333
late,10,1,12,12,0.6342979295597979,3,0.3333333333333333,0.25
late,10,5,12,12,0.5918120005604006,3,0.6666666666666666,0.25
late,10,6,12,12,0.5927791987407902,1,1.0,0.08333333333333333
late,10,13,12,12,0.35087036010389555,5,0.2,0.4166666666666667
late,11,1,2,12,0.6599378707270129,1,0.0,0.5
late,11,6,2,12,0.6028735709014927,1,1.0,0.5
late,12,14,1,12,0.24217753544148105,1,0.0,1.0
late,13,5,2,12,0.546426807509713,2,1.0,1.0
late,14,14,2,12,0.2684956953910939,2,0.0,1.0
late,15,1,16,12,0.9369970093717882,13,1.0,0.8125
late,15,5,16,12,0.9172770239247472,1,1.0,0.0625
late,15,6,16,12,0.9183352597678666,1,1.0,0.0625
late,15,10,16,12,0.8522578910802169,1,1.0,0.0625
late,1,1,15,13,0.5269910323329668,9,0.4444444444444444,0.6
late,1,2,15,13,0.5081613597987874,1,0.0,0.06666666666666667
late,1,5,15,13,0.47643675237739147,1,0.0,0.06666666666666667
late,1,6,15,13,0.4774382222520536,2,0.5,0.13333333333333333
late,1,13,15,13,0.24538575786023295,2,0.5,0.13333333333333333
late,2,1,13,13,0.512686530558735,6,0.6666666666666666,0.46153846153846156
late,2,2,13,13,0.49315634825527277,6,0.3333333333333333,0.46153846153846156
late,2,13,13,13,0.22923872481390142,1,0.0,0.07692307692307693
late,5,1,3,13,0.49846000783030964,1,0.0,0.3333333333333333
late,5,2,3,13,0.47081051863492746,2,0.0,0.6666666666666666
late,6,1,3,13,0.4820826615014464,2,0.5,0.6666666666666666
late,6,2,3,13,0.4528735257015044,1,1.0,0.3333333333333333
late,7,6,1,13,0.5064711227429669,1,1.0,1.0
late,10,1,12,13,0.5283555507706693,2,0.5,0.16666666666666666
late,10,2,12,13,0.5075570685310767,3,0.3333333333333333,0.25
late,10,6,12,13,0.4627283437943999,2,0.0,0.16666666666666666
late,10,13,12,13,0.245403942234631,5,0.4,0.4166666666666667
late,11,1,15,13,0.5489907783550999,6,0.8333333333333334,0.4
late,11,4,15,13,0.5384050095422406,1,1.0,0.06666666666666667
late,11,5,15,13,0.49543402786072904,2,0.0,0.13333333333333333
late,11,7,15,13,0.46056132461190186,1,1.0,0.06666666666666667
late,11,10,15,13,0.4384798172158486,1,1.0,0.06666666666666667
late,11,13,15,13,0.22839456365157984,4,0.25,0.26666666666666666
late,13,1,8,13,0.5010043376675019,1,0.0,0.125
late,13,2,8,13,0.4733796160761691,2,0.0,0.25
late,13,5,8,13,0.4458247021921787,1,1.0,0.125
late,13,13,8,13,0.20011439885210222,4,0.0,0.5
late,14,6,3,13,0.38290420247560064,1,0.0,0.3333333333333333
late,14,14,3,13,0.15350157856153232,2,0.0,0.6666666666666666
late,15,1,15,13,0.8924293838467702,2,1.0,0.13333333333333333
late,15,2,15,13,0.8634712399868874,5,1.0,0.3333333333333333
late,15,4,15,13,0.8777331419013094,4,1.0,0.26666666666666666
late,15,5,15,13,0.8635780839028924,1,1.0,0.06666666666666667
late,15,6,15,13,0.8651434763978121,1,1.0,0.06666666666666667
late,15,7,15,13,0.8560428078628688,1,1.0,0.06666666666666667
late,15,10,15,13,0.7705135455053893,1,0.0,0.06666666666666667
late,0,1,10,14,0.9037725582586777,4,1.0,0.4
late,0,2,10,14,0.8931635026744991,3,1.0,0.3
late,0,5,10,14,0.9033909937561815,1,1.0,0.1
late,0,6,10,14,0.9019379893451867,2,1.0,0.2
late,1,1,8,14,0.6071775698773635,2,0.5,0.25
late,1,2,8,14,0.5829098681858431,3,0.3333333333333333,0.375
late,1,6,8,14,0.561260086414457,1,1.0,0.125
late,1,13,8,14,0.3216130826736636,2,0.5,0.25
late,2,2,14,14,0.5875471014635832,6,0.5,0.42857142857142855
late,2,5,14,14,0.5452890210121487,4,0.5,0.2857142857142857
late,2,6,14,14,0.5336149894345078,2,0.5,0.14285714285714285
late,2,13,14,14,0.29596968080059594,2,0.5,0.14285714285714285
late,4,2,1,14,0.5399645154625494,1,0.0,1.0
late,5,2,6,14,0.6379242747358136,2,1.0,0.3333333333333333
late,5,6,6,14,0.5802463003714113,3,0.6666666666666666,0.5
late,5,13,6,14,0.31251066286504625,1,0.0,0.16666666666666666
late,6,2,12,14,0.5791582863123181,7,0.7142857142857143,0.5833333333333334
late,6,5,12,14,0.5558371661073555,2,1.0,0.16666666666666666
late,6,6,12,14,0.551579906773468,2,0.5,0.16666666666666666
late,6,13,12,14,0.2817812710355109,1,0.0,0.08333333333333333
late,7,2,4,14,0.592185905403105,3,0.6666666666666666,0.75
late,7,6,4,14,0.5577154953176713,1,0.0,0.25
late,10,1,10,14,0.6311953788851306,3,0.6666666666666666,0.3
late,10,2,10,14,0.6100487357274672,1,0.0,0.1
late,10,6,10,14,0.5787430298076799,1,0.0,0.1
late,10,10,10,14,0.5072825152455003,1,0.0,0.1
late,10,13,10,14,0.34432627749084715,4,0.0,0.4
late,1,1,3,15,0.5273604085572815,1,1.0,0.3333333333333333
late,1,3,3,15,0.5232232629429752,1,1.0,0.3333333333333333
late,1,13,3,15,0.22516117915436942,1,0.0,0.3333333333333333
late,2,12,1,15,0.3635581500909527,1,0.0,1.0
late,3,13,1,15,0.18537284381232386,1,0.0,1.0
late,5,12,2,15,0.37134515260397416,1,0.0,0.5
late,5,13,2,15,0.2018103867021412,1,0.0,0.5
late,6,1,3,15,0.3243374609843828,1,0.0,0.3333333333333333
late,6,2,3,15,0.30634366003092833,1,0.0,0.3333333333333333
late,6,13,3,15,0.12259284569664632,1,1.0,0.3333333333333333
late,7,1,1,15,0.44344620316188077,1,0.0,1.0
late,10,10,3,15,0.41511897032145967,1,0.0,0.3333333333333333
late,10,12,3,15,0.4270119395833502,2,0.0,0.6666666666666666
late,12,1,8,15,0.37596601478350566,2,1.0,0.25
late,12,12,8,15,0.3072914922827714,5,0.2,0.625
late,12,14,8,15,0.12239009859332582,1,0.0,0.125
late,13,1,1,15,0.4402406218406629,1,1.0,1.0
late,14,1,2,15,0.2754836501827968,1,0.0,0.5
late,14,12,2,15,0.17545285974137426,1,1.0,0.5
late,15,1,2,15,0.8592628123979457,1,0.0,0.5
late,15,12,2,15,0.7409073835591049,1,0.0,0.5
late,17,6,1,15,0.8681667646218756,1,1.0,1.0
late,1,1,8,16,0.5126735428438578,3,1.0,0.375
late,1,2,8,16,0.49200140528416453,1,1.0,0.125
late,1,5,8,16,0.454645431581429,1,1.0,0.125
late,1,6,8,16,0.4540414123697306,2,0.5,0.25
late,1,13,8,16,0.22182064524402728,1,0.0,0.125
late,2,2,2,16,0.4760861493601763,2,0.0,1.0
late,4,6,1,16,0.4909138375430935,1,1.0,1.0
late,6,2,7,16,0.48684303263802287,2,0.0,0.2857142857142857
late,6,13,7,16,0.19146909078621585,5,0.0,0.7142857142857143
late,7,2,4,16,0.507396987927715,1,1.0,0.25
late,7,5,4,16,0.47360624545880486,1,0.0,0.25
late,7,13,4,16,0.25247036726891126,2,0.0,0.5
late,10,2,5,16,0.47065665730064843,2,0.5,0.4
late,10,5,5,16,0.43580932409924494,1,0.0,0.2
late,10,13,5,16,0.2100638676700563,2,0.0,0.4
late,11,1,5,16,0.41661612700772654,3,0.3333333333333333,0.6
late,11,10,5,16,0.3352570107613293,1,1.0,0.2
late,11,13,5,16,0.15855295644789702,1,1.0,0.2
late,13,6,4,16,0.454360633270529,2,0.0,0.5
late,13,13,4,16,0.2033107744885575,2,0.0,0.5
late,15,1,3,16,0.8937262000797608,1,1.0,0.3333333333333333
late,15,7,3,16,0.8445775993560228,1,1.0,0.3333333333333333
late,15,11,3,16,0.7651512153420911,1,1.0,0.3333333333333333
late,1,2,1,17,0.49868782908097964,1,0.0,1.0
late,2,1,6,17,0.5181524532322095,2,1.0,0.3333333333333333
late,2,2,6,17,0.4933479718443401,2,0.0,0.3333333333333333
late,2,13,6,17,0.22707930874986446,2,0.5,0.3333333333333333
late,6,2,2,17,0.45898773800227843,2,0.0,1.0
late,7,1,2,17,0.5855875525644082,1,1.0,0.5
late,7,2,2,17,0.5757014343088773,1,1.0,0.5
late,10,2,9,17,0.5283057610951879,3,1.0,0.3333333333333333
late,10,6,9,17,0.49531784173322724,1,0.0,0.1111111111111111
late,10,7,9,17,0.46129522973927184,1,0.0,0.1111111111111111
late,10,13,9,17,0.2801014080017932,4,0.5,0.4444444444444444
late,11,6,2,17,0.5067185558475797,1,1.0,0.5
late,11,13,2,17,0.23985029805767738,1,0.0,0.5
late,13,2,3,17,0.45024102268825755,3,0.6666666666666666,1.0
late,15,1,2,17,0.8856381861012855,1,0.0,0.5
late,15,2,2,17,0.8575447297188863,1,0.0,0.5
late,16,2,4,17,0.8685509535858676,3,0.3333333333333333,0.75
late,16,13,4,17,0.7550666443879733,1,1.0,0.25
late,2,5,2,18,0.34425281427194304,1,0.0,0.5
late,2,13,2,18,0.15210838311543526,1,1.0,0.5
late,4,1,2,18,0.3532313963453201,2,0.0,1.0
late,7,3,1,18,0.3921817760723769,1,1.0,1.0
late,10,1,4,18,0.3939556175862249,1,0.0,0.25
late,10,13,4,18,0.1844039251824612,3,0.0,0.75
late,13,3,11,18,0.3472738137491629,2,0.5,0.18181818181818182
late,13,13,11,18,0.1279839092416089,9,0.1111111111111111,0.8181818181818182
late,15,7,3,18,0.7734592094360021,1,0.0,0.3333333333333333
late,15,10,3,18,0.6795310539483963,1,0.0,0.3333333333333333
late,15,13,3,18,0.5931674547588125,1,0.0,0.3333333333333333
late,17,3,2,18,0.8269080351182506,1,0.0,0.5
late,17,13,2,18,0.5439875301409149,1,1.0,0.5
late,0,1,21,19,0.8944090590169448,4,1.0,0.19047619047619047
late,0,2,21,19,0.8849049837243014,6,1.0,0.2857142857142857
late,0,4,21,19,0.8895279162832155,3,1.0,0.14285714285714285
late,0,6,21,19,0.887629316990296,5,1.0,0.23809523809523808
late,0,7,21,19,0.8540370909219402,2,1.0,0.09523809523809523
late,0,10,21,19,0.7606011093184106,1,1.0,0.047619047619047616
late,1,1,31,19,0.5896605541585407,16,0.6875,0.5161290322580645
late,1,2,31,19,0.5727902074022603,11,0.5454545454545454,0.3548387096774194
late,1,6,31,19,0.542558719924604,2,0.0,0.06451612903225806
late,1,13,31,19,0.29663060245018086,1,0.0,0.03225806451612903
late,1,14,31,19,0.25486713045973863,1,1.0,0.03225806451612903
late,2,1,17,19,0.5867302170573637,6,0.8333333333333334,0.35294117647058826
late,2,2,17,19,0.5716993049746392,7,0.5714285714285714,0.4117647058823529
late,2,13,17,19,0.2791332706176026,3,0.3333333333333333,0.17647058823529413
late,2,14,17,19,0.2693292356521892,1,0.0,0.058823529411764705
late,4,1,13,19,0.5738773410447999,2,0.5,0.15384615384615385
late,4,2,13,19,0.5529315470095593,2,0.0,0.15384615384615385
late,4,3,13,19,0.5415545182595305,1,1.0,0.07692307692307693
late,4,6,13,19,0.5181358657412711,5,0.6,0.38461538461538464
late,4,13,13,19,0.27530491588075884,3,0.3333333333333333,0.23076923076923078
late,6,1,15,19,0.5859745722289579,3,0.3333333333333333,0.2
late,6,2,15,19,0.5650724880638139,6,0.6666666666666666,0.4
late,6,6,15,19,0.5293843729818982,4,0.75,0.26666666666666666
late,6,14,15,19,0.21114797108631142,2,0.0,0.13333333333333333
late,10,1,17,19,0.5957282905729426,2,1.0,0.11764705882352941
late,10,2,17,19,0.5750490130107924,5,0.4,0.29411764705882354
late,10,4,17,19,0.5773136406220513,1,0.0,0.058823529411764705
late,10,6,17,19,0.5413267705020449,4,0.5,0.23529411764705882
late,10,10,17,19,0.4888033668865011,1,1.0,0.058823529411764705
late,10,13,17,19,0.31131563000612766,4,0.0,0.23529411764705882
late,11,1,45,19,0.5921295040791479,10,0.6,0.2222222222222222
late,11,2,45,19,0.5707916900643455,13,0.3076923076923077,0.28888888888888886
late,11,4,45,19,0.5729185540452024,3,0.3333333333333333,0.06666666666666667
late,11,5,45,19,0.5394762775243495,1,1.0,0.022222222222222223
late,11,6,45,19,0.5414464110671804,4,0.75,0.08888888888888889
late,11,10,45,19,0.47963583933406784,2,0.5,0.044444444444444446
late,11,11,45,19,0.4879341009632383,5,1.0,0.1111111111111111
late,11,13,45,19,0.2640292394773531,7,0.14285714285714285,0.15555555555555556
late,13,1,15,19,0.557354630620028,1,0.0,0.06666666666666667
late,13,2,15,19,0.5296280470638653,3,0.6666666666666666,0.2
late,13,5,15,19,0.5012712510262833,2,0.5,0.13333333333333333
late,13,6,15,19,0.5032010289964967,4,0.5,0.26666666666666666
late,13,10,15,19,0.41788756704524194,1,0.0,0.06666666666666667
late,13,13,15,19,0.24088050172531808,2,0.0,0.13333333333333333
late,13,14,15,19,0.20092361787274238,2,0.0,0.13333333333333333
late,14,2,7,19,0.4648008859243413,3,0.6666666666666666,0.42857142857142855
late,14,14,7,19,0.1949721433009835,4,0.0,0.5714285714285714
late,1,13,2,20,0.2614816502987555,2,0.0,1.0
late,2,1,7,20,0.5364785324458652,1,0.0,0.14285714285714285
late,2,2,7,20,0.5267280081962804,5,0.6,0.7142857142857143
late,2,5,7,20,0.48504631891330596,1,0.0,0.14285714285714285
late,3,2,1,20,0.5446098899657044,1,0.0,1.0
late,5,2,8,20,0.5450539466652843,5,0.4,0.625
late,5,5,8,20,0.5045376816670704,1,0.0,0.125
late,5,13,8,20,0.2442310321985342,1,0.0,0.125
late,5,14,8,20,0.21176529873588773,1,0.0,0.125
late,6,2,1,20,0.5487263567689367,1,0.0,1.0
late,7,1,1,20,0.47505734369819974,1,1.0,1.0
late,10,2,10,20,0.5582900497498267,7,0.2857142857142857,0.7
late,10,6,10,20,0.5128412416876068,1,1.0,0.1
late,10,13,10,20,0.29554740798641727,2,0.0,0.2
late,11,1,7,20,0.5419547919332063,4,0.5,0.5714285714285714
late,11,5,7,20,0.4984832767152873,2,1.0,0.2857142857142857
late,11,13,7,20,0.2732534273346214,1,0.0,0.14285714285714285
late,13,13,2,20,0.2465560849755648,2,0.5,1.0
late,15,1,9,20,0.9108312817363758,1,1.0,0.1111111111111111
late,15,2,9,20,0.8909546611229077,3,1.0,0.3333333333333333
late,15,5,9,20,0.8774886710805871,1,1.0,0.1111111111111111
late,15,10,9,20,0.7892543163940995,4,1.0,0.4444444444444444
late,16,1,2,20,0.9195040215574335,1,1.0,0.5
late,16,3,2,20,0.9087642469063124,1,1.0,0.5
late,0,1,5,21,0.8922431446231485,2,1.0,0.4
late,0,3,5,21,0.8892516871942272,2,1.0,0.4
late,0,10,5,21,0.749735679896431,1,1.0,0.2
late,1,1,100,21,0.6104879701705987,13,0.6923076923076923,0.13
late,1,2,100,21,0.5940324002310033,4,0.75,0.04
late,1,3,100,21,0.592877295656035,21,0.5714285714285714,0.21
late,1,5,100,21,0.5526790743557337,13,0.5384615384615384,0.13
late,1,6,100,21,0.5525903327543678,25,0.4,0.25
late,1,8,100,21,0.4739073778980437,1,0.0,0.01
late,1,11,100,21,0.48448284473439895,1,1.0,0.01
late,1,13,100,21,0.30316471956318264,22,0.22727272727272727,0.22
late,2,2,6,21,0.5636168097000264,3,0.6666666666666666,0.5
late,2,5,6,21,0.5253244263171523,1,1.0,0.16666666666666666
late,2,6,6,21,0.5157413552951187,1,1.0,0.16666666666666666
late,2,13,6,21,0.2885539757729723,1,0.0,0.16666666666666666
late,3,3,15,21,0.667546035027198,11,0.9090909090909091,0.7333333333333333
late,3,6,15,21,0.5773337686836836,3,0.3333333333333333,0.2
late,3,13,15,21,0.29790152519652735,1,1.0,0.06666666666666667
late,4,1,15,21,0.5897686420470802,4,0.75,0.26666666666666666
late,4,5,15,21,0.5287313730858962,2,0.0,0.13333333333333333
late,4,6,15,21,0.5212994559046652,7,0.7142857142857143,0.4666666666666667
late,4,13,15,21,0.2526218987646345,2,0.0,0.13333333333333333
late,5,1,29,21,0.6343015590014268,1,0.0,0.034482758620689655
late,5,2,29,21,0.617941924862955,1,1.0,0.034482758620689655
late,5,3,29,21,0.6257407361720367,3,1.0,0.10344827586206896
late,5,5,29,21,0.5744534061787403,8,0.5,0.27586206896551724
late,5,6,29,21,0.5671348533895776,5,1.0,0.1724137931034483
late,5,13,29,21,0.3093733627581564,10,0.4,0.3448275862068966
late,5,14,29,21,0.2624937340490668,1,0.0,0.034482758620689655
late,6,1,136,21,0.6304589227240398,5,0.6,0.03676470588235294
late,6,2,136,21,0.6142841782323911,3,0.3333333333333333,0.022058823529411766
late,6,3,136,21,0.6065184751702767,26,0.5,0.19117647058823528
late,6,5,136,21,0.5642780361842418,13,0.5384615384615384,0.09558823529411764
late,6,6,136,21,0.5604345351997857,51,0.43137254901960786,0.375
late,6,8,136,21,0.4114235787460926,2,0.5,0.014705882352941176
late,6,10,136,21,0.4619787346714541,1,0.0,0.007352941176470588
late,6,13,136,21,0.27610291752250243,33,0.2727272727272727,0.2426470588235294
late,6,14,136,21,0.23472742110968065,2,0.0,0.014705882352941176
late,7,2,23,21,0.5957935154586803,1,1.0,0.043478260869565216
late,7,3,23,21,0.5849887632265816,4,0.5,0.17391304347826086
late,7,6,23,21,0.5556934078929796,8,0.875,0.34782608695652173
late,7,10,23,21,0.49688990141258454,1,1.0,0.043478260869565216
late,7,13,23,21,0.3201491534334216,9,0.4444444444444444,0.391304347826087
late,8,1,5,21,0.608998774458574,1,0.0,0.2
late,8,6,5,21,0.5420716035814697,1,1.0,0.2
late,8,13,5,21,0.26947510845832034,3,0.0,0.6
late,9,1,5,21,0.6147881116930386,1,1.0,0.2
late,9,3,5,21,0.5766320994863282,1,1.0,0.2
late,9,6,5,21,0.5698332580718468,1,1.0,0.2
late,9,13,5,21,0.33088393299563884,2,0.5,0.4
late,10,1,83,21,0.5771808261781338,10,0.7,0.12048192771084337
late,10,2,83,21,0.5584948451943811,6,0.3333333333333333,0.07228915662650602
late,10,3,83,21,0.5541219893511501,15,0.5333333333333333,0.18072289156626506
late,10,5,83,21,0.5269219571531226,6,0.3333333333333333,0.07228915662650602
late,10,6,83,21,0.5278686323591636,13,0.5384615384615384,0.1566265060240964
late,10,7,83,21,0.4980875597116066,4,0.5,0.04819277108433735
late,10,11,83,21,0.48897591464369894,1,0.0,0.012048192771084338
late,10,13,83,21,0.30491040967438376,28,0.35714285714285715,0.3373493975903614
late,11,1,54,21,0.6111882750487644,29,0.6896551724137931,0.5370370370370371
late,11,3,54,21,0.5892764301088361,2,1.0,0.037037037037037035
late,11,5,54,21,0.5687429019651469,3,0.6666666666666666,0.05555555555555555
late,11,6,54,21,0.5702751167535345,8,0.75,0.14814814814814814
late,11,7,54,21,0.537322261068834,6,0.6666666666666666,0.1111111111111111
late,11,10,54,21,0.5172868082641388,2,1.0,0.037037037037037035
late,11,11,54,21,0.5269467236902767,1,0.0,0.018518518518518517
late,11,13,54,21,0.30473381602080224,3,0.3333333333333333,0.05555555555555555
late,12,3,2,21,0.5219141657882741,1,0.0,0.5
late,12,13,2,21,0.26586935748506335,1,0.0,0.5
late,13,1,59,21,0.5362092490605557,2,0.5,0.03389830508474576
late,13,2,59,21,0.5149746180473401,4,0.75,0.06779661016949153
late,13,3,59,21,0.5082425150824064,4,0.75,0.06779661016949153
late,13,5,59,21,0.4794997207511833,4,0.25,0.06779661016949153
late,13,6,59,21,0.48123339286864547,18,0.4444444444444444,0.3050847457627119
late,13,10,59,21,0.3982279559037308,1,0.0,0.01694915254237288
late,13,13,59,21,0.2381688017386196,25,0.24,0.423728813559322
late,13,14,59,21,0.2025143413661585,1,1.0,0.01694915254237288
late,14,14,3,21,0.23073926667824582,3,0.3333333333333333,1.0
late,15,1,7,21,0.9296166567702049,4,1.0,0.5714285714285714
late,15,7,7,21,0.896258221822201,2,1.0,0.2857142857142857
late,15,11,7,21,0.8296697644402807,1,0.0,0.14285714285714285
late,16,1,86,21,0.9333584508111097,30,0.8666666666666667,0.3488372093023256
late,16,3,86,21,0.9248668737240334,11,1.0,0.12790697674418605
late,16,5,86,21,0.9110304597047075,8,1.0,0.09302325581395349
late,16,6,86,21,0.9130879045417172,19,1.0,0.22093023255813954
late,16,7,86,21,0.9010269008010592,1,1.0,0.011627906976744186
late,16,9,86,21,0.8758741743005259,2,1.0,0.023255813953488372
late,16,10,86,21,0.8257086059197122,5,0.8,0.05813953488372093
late,16,11,86,21,0.8313428275216118,3,0.3333333333333333,0.03488372093023256
late,16,12,86,21,0.8362652489437209,1,1.0,0.011627906976744186
late,16,13,86,21,0.7744441032443699,6,0.8333333333333334,0.06976744186046512
late,17,1,5,21,0.9471656052914955,1,1.0,0.2
late,17,6,5,21,0.9326286261514085,4,1.0,0.8
late,18,1,8,21,0.9402754821251218,3,1.0,0.375
late,18,3,8,21,0.9318525117074785,1,1.0,0.125
late,18,6,8,21,0.9249481625645648,1,1.0,0.125
late,18,10,8,21,0.8635271788909612,2,1.0,0.25
late,18,13,8,21,0.807903724383391,1,1.0,0.125
late,0,1,10,22,0.912301582500356,4,1.0,0.4
late,0,2,10,22,0.9031463055703386,2,1.0,0.2
late,0,3,10,22,0.9107612183073565,1,1.0,0.1
late,0,10,10,22,0.801361436359654,3,1.0,0.3
late,1,1,7,22,0.6860351600522041,2,1.0,0.2857142857142857
late,1,3,7,22,0.6819204739771063,1,1.0,0.14285714285714285
late,1,6,7,22,0.6127781059515801,1,1.0,0.14285714285714285
late,1,13,7,22,0.34024769671248867,3,0.3333333333333333,0.42857142857142855
late,2,2,1,22,0.6497929967041128,1,0.0,1.0
late,10,1,12,22,0.6610262496393319,1,1.0,0.08333333333333333
late,10,2,12,22,0.6409965980246882,4,0.25,0.3333333333333333
late,10,13,12,22,0.3750513121183076,7,0.2857142857142857,0.5833333333333334
late,11,10,1,22,0.514271671472216,1,0.0,1.0
late,13,2,12,22,0.6088929732520755,5,0.8,0.4166666666666667
late,13,3,12,22,0.6047976889681953,1,1.0,0.08333333333333333
late,13,13,12,22,0.3068294358520683,6,0.3333333333333333,0.5
late,0,1,11,23,0.8691936265939496,3,1.0,0.2727272727272727
late,0,2,11,23,0.8616236713565023,4,0.5,0.36363636363636365
late,0,5,11,23,0.8638106606897331,1,1.0,0.09090909090909091
late,0,6,11,23,0.8640302126376757,2,0.5,0.18181818181818182
late,0,11,11,23,0.7352637050342388,1,1.0,0.09090909090909091
late,1,1,11,23,0.4957100298364479,4,0.75,0.36363636363636365
late,1,2,11,23,0.48304056161856024,2,0.5,0.18181818181818182
late,1,5,11,23,0.4502573225683859,1,0.0,0.09090909090909091
late,1,6,11,23,0.448265636537121,1,0.0,0.09090909090909091
late,1,13,11,23,0.2400174236856527,3,0.0,0.2727272727272727
late,2,1,10,23,0.40647123638970467,1,0.0,0.1
late,2,2,10,23,0.3982052732850669,9,0.4444444444444444,0.9
late,4,1,10,23,0.4114350589355792,2,0.5,0.2
late,4,5,10,23,0.37338104703969605,6,0.16666666666666666,0.6
late,4,6,10,23,0.3661450033465091,2,0.0,0.2
late,5,2,8,23,0.3039667441685179,2,0.5,0.25
late,5,5,8,23,0.27811222455342943,2,0.0,0.25
late,5,6,8,23,0.27436515835071296,2,0.0,0.25
late,5,13,8,23,0.14087953295139466,2,0.0,0.25
late,6,2,8,23,0.5112079690732753,2,1.0,0.25
late,6,5,8,23,0.47588190021721277,2,1.0,0.25
late,6,6,8,23,0.47226434160097214,3,0.6666666666666666,0.375
late,6,13,8,23,0.2246302168597344,1,0.0,0.125
late,10,1,7,23,0.5132221931388926,2,0.5,0.2857142857142857
late,10,2,7,23,0.5026560969754933,3,0.6666666666666666,0.42857142857142855
late,10,13,7,23,0.2794946082373345,2,1.0,0.2857142857142857
late,11,1,3,23,0.38068123384475233,1,1.0,0.3333333333333333
late,11,2,3,23,0.3645590936143275,1,1.0,0.3333333333333333
late,11,13,3,23,0.21382264594112668,1,0.0,0.3333333333333333
late,13,2,4,23,0.5492554565908545,2,0.5,0.5
late,13,5,4,23,0.5150856633483832,1,0.0,0.25
late,13,13,4,23,0.25772643926662553,1,1.0,0.25
late,15,1,1,23,0.9009914855005792,1,1.0,1.0
late,1,5,3,24,0.38970529782574764,1,0.0,0.3333333333333333
late,1,6,3,24,0.38869641934326077,1,1.0,0.3333333333333333
late,1,13,3,24,0.18375628642201938,1,0.0,0.3333333333333333
late,2,1,1,24,0.43399333159430475,1,0.0,1.0
late,6,5,3,24,0.36944405623591187,1,0.0,0.3333333333333333
late,6,6,3,24,0.36525346975633216,1,0.0,0.3333333333333333
late,6,13,3,24,0.14099522443807222,1,0.0,0.3333333333333333
late,10,1,4,24,0.42503341029657193,1,1.0,0.25
late,10,2,4,24,0.40431945204512426,1,1.0,0.25
late,10,13,4,24,0.1608043866160934,2,0.0,0.5
late,11,1,3,24,0.4043219686871226,3,0.0,1.0
late,13,1,5,24,0.4234677472303078,1,1.0,0.2
late,13,6,5,24,0.3706756225568427,3,0.0,0.6
late,13,13,5,24,0.1517173233625903,1,0.0,0.2
late,15,1,2,24,0.8296313114987299,1,1.0,0.5
late,15,2,2,24,0.7932109661900711,1,1.0,0.5
late,1,1,13,25,0.5263557680540084,10,0.7,0.7692307692307693
late,1,6,13,25,0.48208033556354835,1,1.0,0.07692307692307693
late,1,13,13,25,0.267926668068685,2,0.0,0.15384615384615385
late,2,1,4,25,0.5577299910432443,3,0.3333333333333333,0.75
late,2,2,4,25,0.5434597923326591,1,1.0,0.25
late,6,6,4,25,0.5108520481379862,2,0.5,0.5
late,6,13,4,25,0.24150000176951536,2,0.5,0.5
late,7,1,5,25,0.571391770202706,1,1.0,0.2
late,7,2,5,25,0.5475653470262952,2,1.0,0.4
late,7,13,5,25,0.2823166838774725,2,0.0,0.4
late,10,2,4,25,0.4207297372861779,2,0.0,0.5
late,10,13,4,25,0.20854174059614586,2,0.0,0.5
late,11,1,4,25,0.4102619659044757,1,0.0,0.25
late,11,2,4,25,0.3949657259288187,2,0.5,0.5
late,11,13,4,25,0.18721834315958458,1,0.0,0.25
late,13,1,10,25,0.545231846522354,1,0.0,0.1
late,13,2,10,25,0.5170870905301427,4,0.5,0.4
late,13,3,10,25,0.5164577215590491,1,1.0,0.1
late,13,13,10,25,0.24311888792665365,4,0.25,0.4
late,15,1,6,25,0.9237003843328808,3,0.6666666666666666,0.5
late,15,6,6,25,0.898490707750709,1,1.0,0.16666666666666666
late,15,10,6,25,0.7893345642947379,1,1.0,0.16666666666666666
late,15,13,6,25,0.7612057994877715,1,1.0,0.16666666666666666
late,0,1,3,26,0.8758833262573407,2,1.0,0.6666666666666666
late,0,6,3,26,0.8713291871937331,1,1.0,0.3333333333333333
late,1,1,4,26,0.5931043405918613,1,1.0,0.25
late,1,2,4,26,0.5808796316600402,1,0.0,0.25
late,1,6,4,26,0.5299080814380545,1,1.0,0.25
late,1,13,4,26,0.2788660395405419,1,1.0,0.25
late,2,2,2,26,0.5600882345799296,1,1.0,0.5
late,2,13,2,26,0.26713889067536206,1,0.0,0.5
late,5,5,1,26,0.5436880003975163,1,1.0,1.0
late,6,2,7,26,0.5569567948677218,2,1.0,0.2857142857142857
late,6,6,7,26,0.5139669027007835,3,0.3333333333333333,0.42857142857142855
late,6,13,7,26,0.24380584406984984,2,0.0,0.2857142857142857
late,10,1,8,26,0.5602800559827018,1,1.0,0.125
late,10,2,8,26,0.5378189090245613,3,0.3333333333333333,0.375
late,10,5,8,26,0.5181476960156504,1,1.0,0.125
late,10,10,8,26,0.4690350135184077,1,0.0,0.125
late,10,13,8,26,0.30665075624938243,2,0.0,0.25
late,13,13,1,26,0.24803407479992193,1,0.0,1.0
late,14,2,1,26,0.46542626334006226,1,0.0,1.0
late,15,1,1,27,0.9058887865996881,1,1.0,1.0
late,1,1,3,28,0.48108970042313537,2,1.0,0.6666666666666666
late,1,13,3,28,0.2067383039325803,1,0.0,0.3333333333333333
late,2,2,5,28,0.44864050973267444,5,0.2,1.0
late,4,2,3,28,0.44161372138288524,2,0.0,0.6666666666666666
late,4,6,3,28,0.41265232962368587,1,1.0,0.3333333333333333
late,6,1,3,28,0.48101306185012715,1,1.0,0.3333333333333333
late,6,2,3,28,0.45625260504779974,2,0.0,0.6666666666666666
late,10,1,4,28,0.5136562408058587,1,1.0,0.25
late,10,2,4,28,0.4922806967851647,1,0.0,0.25
late,10,6,4,28,0.4680147037887829,1,0.0,0.25
late,10,13,4,28,0.2480367309121335,1,0.0,0.25
late,11,7,1,28,0.38451684248231244,1,0.0,1.0
late,13,2,4,28,0.46728994782642225,1,0.0,0.25
late,13,6,4,28,0.4324916658732142,2,1.0,0.5
late,13,13,4,28,0.19451652571775283,1,0.0,0.25
late,15,2,2,28,0.8371727972275516,1,1.0,0.5
late,15,4,2,28,0.8546340686444815,1,1.0,0.5
late,1,2,12,29,0.4698918157024499,2,0.0,0.16666666666666666
late,1,3,12,29,0.4634304588955176,1,0.0,0.08333333333333333
late,1,6,12,29,0.42749281110749293,4,0.5,0.3333333333333333
late,1,13,12,29,0.20126195250650014,4,0.25,0.3333333333333333
late,1,14,12,29,0.169789205669911,1,0.0,0.08333333333333333
late,2,5,1,29,0.41679351163946166,1,1.0,1.0
late,6,5,3,29,0.3996040304158985,1,0.0,0.3333333333333333
late,6,6,3,29,0.39511447711882247,2,0.0,0.6666666666666666
late,7,13,2,29,0.15807806805077312,2,0.0,1.0
late,8,13,1,29,0.18269522583792702,1,0.0,1.0
late,10,6,5,29,0.4191922373991555,1,0.0,0.2
late,10,13,5,29,0.2188651023602739,4,0.25,0.8
late,11,1,5,29,0.48486368696618165,4,0.25,0.8
late,11,13,5,29,0.23853895237735082,1,0.0,0.2
late,12,6,1,29,0.45097748039227553,1,1.0,1.0
late,13,2,2,29,0.4011352725350838,1,1.0,0.5
late,13,3,2,29,0.4194174362720182,1,0.0,0.5
late,14,14,1,29,0.10904943963052666,1,0.0,1.0
late,15,1,7,29,0.859989834063453,4,0.75,0.5714285714285714
late,15,2,7,29,0.8302994904207754,1,1.0,0.14285714285714285
late,15,4,7,29,0.8401285381641135,1,1.0,0.14285714285714285
late,15,13,7,29,0.5976828400788297,1,1.0,0.14285714285714285
late,16,1,1,29,0.8514555195336513,1,1.0,1.0
late,0,1,7,30,0.9233498041762261,1,1.0,0.14285714285714285
late,0,2,7,30,0.916653566621038,3,1.0,0.42857142857142855
late,0,10,7,30,0.8168574229139954,2,0.5,0.2857142857142857
late,0,13,7,30,0.7232024248372565,1,1.0,0.14285714285714285
late,1,1,1,30,0.7205923602075543,1,1.0,1.0
late,2,2,4,30,0.6689303521893806,2,1.0,0.5
late,2,3,4,30,0.6682369257916208,1,1.0,0.25
late,2,13,4,30,0.37333014880764276,1,1.0,0.25
late,3,6,1,30,0.6578352511878629,1,0.0,1.0
late,6,2,4,30,0.6917369491824257,1,1.0,0.25
late,6,3,4,30,0.6867207497593213,1,0.0,0.25
late,6,6,4,30,0.6472028984711172,1,1.0,0.25
late,6,13,4,30,0.3424448637568534,1,0.0,0.25
late,7,2,3,30,0.6828665994350346,1,1.0,0.3333333333333333
late,7,13,3,30,0.40896761156223477,2,0.5,0.6666666666666666
late,10,1,11,30,0.6715419516166924,2,0.5,0.18181818181818182
late,10,2,11,30,0.6504229388192055,3,0.3333333333333333,0.2727272727272727
late,10,5,11,30,0.6319078441523062,1,1.0,0.09090909090909091
late,10,13,11,30,0.41426286296601766,5,0.6,0.45454545454545453
late,13,1,15,30,0.6712745190371566,1,1.0,0.06666666666666667
late,13,2,15,30,0.6471535264705301,4,0.75,0.26666666666666666
late,13,6,15,30,0.6199215201317673,1,0.0,0.06666666666666667
late,13,13,15,30,0.35015177992731467,9,0.5555555555555556,0.6
late,1,1,7,31,0.6468875258445229,3,0.6666666666666666,0.42857142857142855
late,1,6,7,31,0.5982535998404259,1,0.0,0.14285714285714285
late,1,13,7,31,0.34759331074920696,3,0.3333333333333333,0.42857142857142855
late,2,1,10,31,0.6307392352433996,3,0.6666666666666666,0.3
late,2,2,10,31,0.6143657676955898,4,0.5,0.4
late,2,13,10,31,0.31505004029206496,3,0.6666666666666666,0.3
late,4,2,5,31,0.49699719595071307,1,1.0,0.2
late,4,5,5,31,0.47406199775656094,1,0.0,0.2
late,4,6,5,31,0.46704752739861444,1,0.0,0.2
late,4,13,5,31,0.24574657342667802,2,0.0,0.4
late,5,5,2,31,0.5668079018175758,1,1.0,0.5
late,5,13,2,31,0.3168288671307671,1,1.0,0.5
late,6,2,4,31,0.5717492403026222,2,1.0,0.5
late,6,5,4,31,0.5533094567533346,1,0.0,0.25
late,6,13,4,31,0.27965754277485144,1,0.0,0.25
late,7,13,1,31,0.3520248114221095,1,0.0,1.0
late,10,2,9,31,0.549107100303044,1,0.0,0.1111111111111111
late,10,5,9,31,0.5064643078736742,2,0.5,0.2222222222222222
late,10,6,9,31,0.5073526087002622,1,1.0,0.1111111111111111
late,10,13,9,31,0.28066655421233355,5,0.4,0.5555555555555556
late,11,1,6,31,0.5275158130063231,3,1.0,0.5
late,11,6,6,31,0.4826339076933819,1,0.0,0.16666666666666666
late,11,13,6,31,0.24239191454212772,2,0.0,0.3333333333333333
late,13,2,3,31,0.5879644660672757,1,1.0,0.3333333333333333
late,13,13,3,31,0.2977526527401724,2,0.0,0.6666666666666666
late,15,1,13,31,0.9404309217125952,9,1.0,0.6923076923076923
late,15,6,13,31,0.9209841849642337,2,1.0,0.15384615384615385
late,15,13,13,31,0.7928879732087769,2,1.0,0.15384615384615385
late,17,1,1,31,0.9311297737884038,1,1.0,1.0
late,1,1,22,32,0.5597213440460721,4,0.75,0.18181818181818182
late,1,3,22,32,0.5510641373624454,11,0.8181818181818182,0.5
late,1,6,22,32,0.4856047899369386,3,0.3333333333333333,0.13636363636363635
late,1,11,22,32,0.39924244242988655,4,0.5,0.18181818181818182
late,2,3,2,32,0.4526295275273504,1,1.0,0.5
late,2,6,2,32,0.44117383223079304,1,0.0,0.5
late,3,3,8,32,0.5624146148679414,6,0.5,0.75
late,3,13,8,32,0.19249099347798249,2,0.0,0.25
late,5,3,2,32,0.45437764369956873,1,0.0,0.5
late,5,6,2,32,0.45019695539548066,1,1.0,0.5
late,6,3,6,32,0.5042252937081689,1,0.0,0.16666666666666666
late,6,6,6,32,0.467483186196598,4,0.25,0.6666666666666666
late,6,11,6,32,0.36902719672789447,1,0.0,0.16666666666666666
late,10,1,36,32,0.5119965667471558,11,0.5454545454545454,0.3055555555555556
late,10,3,36,32,0.49049634225671945,1,0.0,0.027777777777777776
late,10,6,36,32,0.4627233394852712,7,0.2857142857142857,0.19444444444444445
late,10,10,36,32,0.4179833856197577,11,0.36363636363636365,0.3055555555555556
late,10,13,36,32,0.24185651852492407,6,0.16666666666666666,0.16666666666666666
late,11,1,10,32,0.5052669229478177,5,0.0,0.5
late,11,5,10,32,0.45838922114766734,1,1.0,0.1
late,11,10,10,32,0.4175878884508187,2,0.5,0.2
late,11,11,10,32,0.42430738995010475,1,0.0,0.1
late,11,13,10,32,0.22471475399883561,1,0.0,0.1
late,13,13,1,32,0.20193481882089395,1,0.0,1.0
late,15,10,1,32,0.7925202026212554,1,1.0,1.0
late,16,11,1,32,0.7744926150895497,1,1.0,1.0
late,0,1,3,33,0.8729260623070657,1,1.0,0.3333333333333333
late,0,10,3,33,0.7076445172532354,1,0.0,0.3333333333333333
late,0,11,3,33,0.7245360130843007,1,1.0,0.3333333333333333
late,1,2,9,33,0.5468432595279398,4,0.5,0.4444444444444444
late,1,5,9,33,0.5018950085878651,2,0.5,0.2222222222222222
late,1,12,9,33,0.44465089731971624,1,1.0,0.1111111111111111
late,1,13,9,33,0.2485990533039645,1,0.0,0.1111111111111111
late,1,14,9,33,0.22622535561301704,1,0.0,0.1111111111111111
late,2,2,5,33,0.31338884962904495,5,0.2,1.0
late,5,2,9,33,0.5248647581426273,4,0.5,0.4444444444444444
late,5,5,9,33,0.48740019114306243,5,0.8,0.5555555555555556
late,7,2,6,33,0.3619878010031297,3,0.6666666666666666,0.5
late,7,5,6,33,0.34284987203489176,2,0.0,0.3333333333333333
late,7,13,6,33,0.18755254625553394,1,0.0,0.16666666666666666
late,10,1,4,33,0.2719826802792676,1,1.0,0.25
late,10,2,4,33,0.26352403020384374,2,0.0,0.5
late,10,5,4,33,0.2510901415125775,1,1.0,0.25
late,11,1,6,33,0.37046266400048394,1,0.0,0.16666666666666666
late,11,2,6,33,0.35617534352491004,1,0.0,0.16666666666666666
late,11,5,6,33,0.333012607976437,1,0.0,0.16666666666666666
late,11,11,6,33,0.30229755585257817,1,0.0,0.16666666666666666
late,11,13,6,33,0.18601634200435127,2,0.5,0.3333333333333333
late,13,2,5,33,0.39748343853428614,1,1.0,0.2
late,13,5,5,33,0.36815546188533643,1,0.0,0.2
late,13,6,5,33,0.3694571074750518,1,0.0,0.2
late,13,13,5,33,0.1741619364002016,2,0.0,0.4
late,14,2,2,33,0.42049603178909606,1,0.0,0.5
late,14,14,2,33,0.181371400848623,1,0.0,0.5
late,15,1,4,33,0.8982558476591567,1,1.0,0.25
late,15,5,4,33,0.8639979129216621,1,1.0,0.25
late,15,7,4,33,0.8509356977703935,1,1.0,0.25
late,15,11,4,33,0.7837032287152134,1,0.0,0.25
late,1,1,20,34,0.5435793212253823,11,0.6363636363636364,0.55
late,1,2,20,34,0.5222010565219797,1,0.0,0.05
late,1,3,20,34,0.5252686799654709,1,1.0,0.05
late,1,6,20,34,0.4914210336129511,4,0.5,0.2
late,1,10,20,34,0.42356879008493503,2,0.5,0.1
late,1,12,20,34,0.4530225421830232,1,1.0,0.05
late,2,6,1,34,0.47061222613364234,1,1.0,1.0
late,3,3,4,34,0.6099601292636234,3,1.0,0.75
late,3,13,4,34,0.21865093268399088,1,0.0,0.25
late,4,5,3,34,0.2692373471030502,1,0.0,0.3333333333333333
late,4,6,3,34,0.26644236258672066,1,0.0,0.3333333333333333
late,4,13,3,34,0.11039445598575277,1,0.0,0.3333333333333333
late,5,1,9,34,0.4537760631386688,4,0.75,0.4444444444444444
late,5,3,9,34,0.4336309812822636,1,0.0,0.1111111111111111
late,5,5,9,34,0.4155906096187961,4,0.0,0.4444444444444444
late,6,1,7,34,0.5220556400856929,4,0.75,0.5714285714285714
late,6,3,7,34,0.493045678134942,1,1.0,0.14285714285714285
late,6,5,7,34,0.46890483706644964,1,0.0,0.14285714285714285
late,6,6,7,34,0.46499587120886854,1,0.0,0.14285714285714285
late,7,5,1,34,0.011850447007414442,1,0.0,1.0
late,10,1,7,34,0.5670092356272082,1,1.0,0.14285714285714285
late,10,2,7,34,0.5465873703589897,1,0.0,0.14285714285714285
late,10,3,7,34,0.5478402886996255,1,0.0,0.14285714285714285
late,10,5,7,34,0.5071933871850486,1,0.0,0.14285714285714285
late,10,13,7,34,0.2837924874747547,3,0.0,0.42857142857142855
late,11,6,1,34,0.48728377364430925,1,0.0,1.0
late,13,13,1,34,0.17464372731606734,1,0.0,1.0
late,14,14,1,34,0.16317851383113097,1,0.0,1.0
late,15,1,8,34,0.9156756901769416,4,0.75,0.5
late,15,6,8,34,0.8818210976138542,3,1.0,0.375
late,15,10,8,34,0.7700536707153891,1,1.0,0.125
late,17,1,3,34,0.9164162276004125,1,1.0,0.3333333333333333
late,17,3,3,34,0.9045628231206552,1,0.0,0.3333333333333333
late,17,10,3,34,0.8254850304880277,1,1.0,0.3333333333333333
late,0,1,10,35,0.9036511752768661,5,0.6,0.5
late,0,2,10,35,0.8925548013028471,1,1.0,0.1
late,0,4,10,35,0.9022345922330602,2,0.5,0.2
late,0,11,10,35,0.799590561245212,1,1.0,0.1
late,0,13,10,35,0.6932014756876062,1,1.0,0.1
late,1,1,18,35,0.4702981140876558,5,1.0,0.2777777777777778
late,1,2,18,35,0.45638751738976985,3,0.3333333333333333,0.16666666666666666
late,1,5,18,35,0.4302933681626261,4,0.25,0.2222222222222222
late,1,6,18,35,0.4292147998632633,4,0.0,0.2222222222222222
late,1,13,18,35,0.23420505809352132,2,0.0,0.1111111111111111
late,2,2,5,35,0.590611348166053,4,0.25,0.8
late,2,13,5,35,0.30022519097922695,1,0.0,0.2
late,4,1,10,35,0.5274586449759556,1,1.0,0.1
late,4,2,10,35,0.508977614073373,2,0.0,0.2
late,4,3,10,35,0.5003494610273692,1,1.0,0.1
late,4,5,10,35,0.4809486550416665,1,1.0,0.1
late,4,6,10,35,0.47253961444874426,4,0.75,0.4
late,4,13,10,35,0.2519803770950675,1,0.0,0.1
late,5,1,2,35,0.5950984171192286,1,1.0,0.5
late,5,13,2,35,0.28974794374481255,1,0.0,0.5
late,6,2,11,35,0.5948029914896209,3,0.6666666666666666,0.2727272727272727
late,6,6,11,35,0.5494760123631233,4,0.5,0.36363636363636365
late,6,13,11,35,0.2680375294892761,4,0.0,0.36363636363636365
late,7,2,3,35,0.6234623357194383,1,1.0,0.3333333333333333
late,7,13,3,35,0.338815409373278,2,0.0,0.6666666666666666
late,10,2,5,35,0.5794231271546308,3,0.3333333333333333,0.6
late,10,13,5,35,0.32634388466067876,2,0.0,0.4
late,11,1,27,35,0.6152423750293678,4,1.0,0.14814814814814814
late,11,2,27,35,0.5948560859751909,5,0.4,0.18518518518518517
late,11,4,27,35,0.6071096777939404,2,0.5,0.07407407407407407
late,11,6,27,35,0.5589563202278669,8,1.0,0.2962962962962963
late,11,7,27,35,0.5172742820092433,2,1.0,0.07407407407407407
late,11,11,27,35,0.5038852097107596,1,0.0,0.037037037037037035
late,11,13,27,35,0.30522404232633166,5,0.0,0.18518518518518517
late,13,2,11,35,0.4401185924032619,4,0.5,0.36363636363636365
late,13,5,11,35,0.41896182360521544,1,1.0,0.09090909090909091
late,13,6,11,35,0.4204477076469161,3,0.6666666666666666,0.2727272727272727
late,13,13,11,35,0.20799804695859805,1,1.0,0.09090909090909091
late,13,14,11,35,0.1740035807768534,2,0.0,0.18181818181818182
late,14,14,1,35,0.27780638276013675,1,1.0,1.0
late,15,1,3,35,0.926377342408015,1,1.0,0.3333333333333333
late,15,2,3,35,0.9038125865429486,1,1.0,0.3333333333333333
late,15,6,3,35,0.9019122774228393,1,1.0,0.3333333333333333
late,17,2,1,35,0.8755968981132789,1,1.0,1.0
late,1,1,7,36,0.6393928289855996,2,1.0,0.2857142857142857
late,1,2,7,36,0.6219464644403692,4,0.5,0.5714285714285714
late,1,13,7,36,0.33210528216072005,1,0.0,0.14285714285714285
late,2,2,5,36,0.6121524708494815,4,0.75,0.8
late,2,13,5,36,0.3189507351790707,1,0.0,0.2
late,5,13,1,36,0.31941217375061204,1,1.0,1.0
late,6,1,9,36,0.615706094516058,1,1.0,0.1111111111111111
late,6,2,9,36,0.5892898826875655,3,0.6666666666666666,0.3333333333333333
late,6,6,9,36,0.5602050254092217,5,0.8,0.5555555555555556
late,7,13,1,36,0.35874156479023406,1,0.0,1.0
late,10,2,2,36,0.5951185139590303,1,0.0,0.5
late,10,6,2,36,0.5566009160689698,1,0.0,0.5
late,11,1,6,36,0.6167176574411544,2,0.5,0.3333333333333333
late,11,2,6,36,0.5961971604948901,1,0.0,0.16666666666666666
late,11,5,6,36,0.5621218375482998,1,0.0,0.16666666666666666
late,11,6,6,36,0.5641721052866884,1,1.0,0.16666666666666666
late,11,13,6,36,0.2783668333972542,1,0.0,0.16666666666666666
late,13,1,4,36,0.6185501061076115,1,1.0,0.25
late,13,6,4,36,0.5638980842348245,2,0.5,0.5
late,13,13,4,36,0.29560275752986,1,0.0,0.25
late,15,1,2,36,0.9426185073418523,1,1.0,0.5
late,15,6,2,36,0.920827859779586,1,1.0,0.5
late,17,1,2,36,0.9471412494227602,1,1.0,0.5
late,17,4,2,36,0.9367388078026823,1,1.0,0.5
late,1,1,21,37,0.4159270387447461,3,0.6666666666666666,0.14285714285714285
late,1,2,21,37,0.40720908058824434,2,0.0,0.09523809523809523
late,1,5,21,37,0.3607087886386305,2,0.5,0.09523809523809523
late,1,6,21,37,0.35964406806958127,1,0.0,0.047619047619047616
late,1,9,21,37,0.34420829261482566,1,0.0,0.047619047619047616
late,1,12,21,37,0.3210488945534012,6,0.3333333333333333,0.2857142857142857
late,1,13,21,37,0.1781218221666915,5,0.0,0.23809523809523808
late,1,14,21,37,0.1573419967192896,1,0.0,0.047619047619047616
late,2,1,9,37,0.4991878621356752,2,0.5,0.2222222222222222
late,2,2,9,37,0.4844325201032799,2,0.5,0.2222222222222222
late,2,5,9,37,0.43866485627195734,1,1.0,0.1111111111111111
late,2,9,9,37,0.412680666431215,1,1.0,0.1111111111111111
late,2,12,9,37,0.38473398407633935,3,0.3333333333333333,0.3333333333333333
late,3,3,1,37,0.61171976400376,1,0.0,1.0
late,5,1,14,37,0.5373320831253086,1,0.0,0.07142857142857142
late,5,2,14,37,0.513497873140739,3,0.3333333333333333,0.21428571428571427
late,5,5,14,37,0.47363680538126834,2,0.5,0.14285714285714285
late,5,12,14,37,0.4199638098977413,5,0.2,0.35714285714285715
late,5,13,14,37,0.23332682896157314,3,0.0,0.21428571428571427
late,6,1,2,37,0.5279095513564904,1,1.0,0.5
late,6,12,2,37,0.4013838267353974,1,1.0,0.5
late,7,13,1,37,0.24988071829743344,1,0.0,1.0
late,8,1,5,37,0.5075369482869692,2,1.0,0.4
late,8,2,5,37,0.4786063648031007,1,1.0,0.2
late,8,5,5,37,0.46027017605019693,2,0.5,0.4
late,10,1,17,37,0.5437871075773734,1,1.0,0.058823529411764705
late,10,2,17,37,0.5246665597592955,3,0.6666666666666666,0.17647058823529413
late,10,3,17,37,0.5185508405703028,1,0.0,0.058823529411764705
late,10,5,17,37,0.49301523529294355,3,0.0,0.17647058823529413
late,10,8,17,37,0.41625508600111816,1,1.0,0.058823529411764705
late,10,10,17,37,0.4604737864868604,1,1.0,0.058823529411764705
late,10,12,17,37,0.47105679786415505,4,0.75,0.23529411764705882
late,10,13,17,37,0.2636944964429108,3,0.0,0.17647058823529413
late,11,10,1,37,0.4744950783518207,1,1.0,1.0
late,12,1,65,37,0.5309366858269129,14,0.2857142857142857,0.2153846153846154
late,12,2,65,37,0.5109353346858866,2,0.5,0.03076923076923077
late,12,3,65,37,0.5020497066625021,3,0.6666666666666666,0.046153846153846156
late,12,5,65,37,0.48488578667516125,13,0.38461538461538464,0.2
late,12,6,65,37,0.4973885278023947,1,0.0,0.015384615384615385
late,12,9,65,37,0.471577717666479,1,1.0,0.015384615384615385
late,12,12,65,37,0.4600901384406784,22,0.45454545454545453,0.3384615384615385
late,12,13,65,37,0.27729285327019637,6,0.3333333333333333,0.09230769230769231
late,12,14,65,37,0.21833861463896048,3,0.0,0.046153846153846156
late,13,2,4,37,0.517451304376471,1,0.0,0.25
late,13,12,4,37,0.3935277208562,3,0.6666666666666666,0.75
late,14,14,5,37,0.20229153534455194,5,0.0,1.0
late,15,1,24,37,0.9073268487268598,11,0.8181818181818182,0.4583333333333333
late,15,3,24,37,0.8813586415648801,4,1.0,0.16666666666666666
late,15,5,24,37,0.8800579728994489,3,1.0,0.125
late,15,8,24,37,0.8060338444376942,1,1.0,0.041666666666666664
late,15,10,24,37,0.7846688547349777,1,1.0,0.041666666666666664
late,15,12,24,37,0.7974700336879902,4,0.75,0.16666666666666666
late,1,1,18,38,0.5499363882904663,7,0.42857142857142855,0.3888888888888889
late,1,3,18,38,0.5340876634386605,1,1.0,0.05555555555555555
late,1,5,18,38,0.5033670156228818,5,0.4,0.2777777777777778
late,1,13,18,38,0.27707826609785374,4,0.0,0.2222222222222222
late,1,14,18,38,0.2253037773216888,1,0.0,0.05555555555555555
late,2,1,3,38,0.518411151405879,2,0.5,0.6666666666666666
late,2,2,3,38,0.49099636729692175,1,1.0,0.3333333333333333
late,4,1,6,38,0.4383716289721427,2,0.5,0.3333333333333333
late,4,5,6,38,0.40163669806978114,3,0.3333333333333333,0.5
late,4,13,6,38,0.20856928132165276,1,0.0,0.16666666666666666
late,5,1,12,38,0.5442408721304157,1,1.0,0.08333333333333333
late,5,5,12,38,0.4967031194713043,3,0.3333333333333333,0.25
late,5,13,12,38,0.25033072165183207,8,0.0,0.6666666666666666
late,6,1,2,38,0.5144799670882749,1,1.0,0.5
late,6,5,2,38,0.47090478942886027,1,1.0,0.5
late,7,1,2,38,0.5505649281747869,1,1.0,0.5
late,7,13,2,38,0.2883452240046224,1,1.0,0.5
late,10,1,16,38,0.5532995268849044,5,0.8,0.3125
late,10,2,16,38,0.5322176336327762,2,0.5,0.125
late,10,5,16,38,0.5123986536554576,4,0.5,0.25
late,10,6,16,38,0.5128864977695715,1,1.0,0.0625
late,10,13,16,38,0.29972813622163447,4,0.25,0.25
late,11,1,5,38,0.5501137978548639,2,0.5,0.4
late,11,5,5,38,0.5142593634018393,1,1.0,0.2
late,11,10,5,38,0.44967910249710286,1,1.0,0.2
late,11,13,5,38,0.2908311256322816,1,0.0,0.2
late,13,5,4,38,0.4799824082528834,1,1.0,0.25
late,13,13,4,38,0.23229354345594863,2,0.0,0.5
late,13,14,4,38,0.19250845446118717,1,0.0,0.25
late,15,1,10,38,0.9010018442559513,7,0.8571428571428571,0.7
late,15,5,10,38,0.8745731000166332,2,1.0,0.2
late,15,13,10,38,0.7285695685048086,1,0.0,0.1
late,16,5,1,38,0.8778738150692197,1,1.0,1.0
late,0,1,9,39,0.8533349631216792,7,1.0,0.7777777777777778
late,0,11,9,39,0.7161602571796831,1,0.0,0.1111111111111111
late,0,13,9,39,0.5961824217663197,1,1.0,0.1111111111111111
late,1,1,19,39,0.5275328892714956,6,0.6666666666666666,0.3157894736842105
late,1,2,19,39,0.5134034819618641,4,0.25,0.21052631578947367
late,1,3,19,39,0.524440052876403,1,1.0,0.05263157894736842
late,1,13,19,39,0.24686624875315893,8,0.25,0.42105263157894735
late,2,1,8,39,0.5448514352934543,2,0.5,0.25
late,2,2,8,39,0.5351314462522596,5,0.2,0.625
late,2,13,8,39,0.23699367429256085,1,1.0,0.125
late,4,1,14,39,0.5187467462797246,5,1.0,0.35714285714285715
late,4,2,14,39,0.49750494835455067,3,0.0,0.21428571428571427
late,4,6,14,39,0.46005529746764223,2,0.5,0.14285714285714285
late,4,13,14,39,0.23180836544865777,4,0.0,0.2857142857142857
late,5,2,1,39,0.01113821863954558,1,0.0,1.0
late,7,1,3,39,0.3368627104864592,1,0.0,0.3333333333333333
late,7,2,3,39,0.31954390798080673,1,0.0,0.3333333333333333
late,7,5,3,39,0.3083184033537971,1,1.0,0.3333333333333333
late,10,2,4,39,0.39186243000501,2,0.5,0.5
late,10,13,4,39,0.21034142645622378,2,0.0,0.5
late,11,1,3,39,0.5228643521867471,1,0.0,0.3333333333333333
late,11,5,3,39,0.47819446321056974,1,1.0,0.3333333333333333
late,11,13,3,39,0.25893699652504526,1,0.0,0.3333333333333333
late,12,1,3,39,0.5019629497826222,1,0.0,0.3333333333333333
late,12,3,3,39,0.48494239756555907,1,1.0,0.3333333333333333
late,12,13,3,39,0.24662388534806345,1,0.0,0.3333333333333333
late,13,5,4,39,0.4665232736619401,1,1.0,0.25
late,13,13,4,39,0.21752145013165383,3,0.3333333333333333,0.75
late,14,1,2,39,0.4798658971894366,1,0.0,0.5
late,14,2,2,39,0.40472981267284625,1,0.0,0.5
late,1,6,2,40,0.4612038117358841,2,0.5,1.0
late,2,5,1,40,0.4313552245737632,1,1.0,1.0
late,5,5,2,40,0.45988067123606446,1,0.0,0.5
late,5,13,2,40,0.21247330375205248,1,0.0,0.5
late,6,1,2,40,0.516931125790756,1,1.0,0.5
late,6,13,2,40,0.1717039699092267,1,0.0,0.5
late,10,1,7,40,0.4746456480723738,1,1.0,0.14285714285714285
late,10,2,7,40,0.4536421549408288,1,0.0,0.14285714285714285
late,10,13,7,40,0.2297571652806209,5,0.0,0.7142857142857143
late,11,1,2,40,0.4813524324583648,1,1.0,0.5
late,11,13,2,40,0.22352460071358105,1,0.0,0.5
late,15,2,3,40,0.8328330559451121,1,1.0,0.3333333333333333
late,15,6,3,40,0.8142575907134657,1,0.0,0.3333333333333333
late,15,13,3,40,0.5290115193983369,1,0.0,0.3333333333333333
late,18,13,1,40,0.5624945038802884,1,0.0,1.0
late,1,1,6,41,0.5931735522926597,2,0.5,0.3333333333333333
late,1,5,6,41,0.5246079151773148,2,1.0,0.3333333333333333
late,1,13,6,41,0.27565838094653095,1,0.0,0.16666666666666666
late,1,14,6,41,0.2287197082576432,1,1.0,0.16666666666666666
late,2,5,1,41,0.5243587552323584,1,1.0,1.0
late,5,1,3,41,0.374916954669835,1,1.0,0.3333333333333333
late,5,5,3,41,0.34208857407335574,1,1.0,0.3333333333333333
late,5,13,3,41,0.18005308140527812,1,0.0,0.3333333333333333
late,6,13,1,41,0.01671704512819729,1,0.0,1.0
late,7,13,2,41,0.16026592971564724,2,0.5,1.0
late,10,13,4,41,0.23788705693076778,4,0.25,1.0
late,11,13,2,41,0.2783889677540643,2,0.0,1.0
late,12,14,1,41,0.2369489891795787,1,0.0,1.0
late,13,13,1,41,0.28251656248923657,1,0.0,1.0
late,14,14,6,41,0.23329284964873367,6,0.0,1.0
late,15,1,6,41,0.9217237441192023,5,1.0,0.8333333333333334
late,15,10,6,41,0.828453850975667,1,1.0,0.16666666666666666
late,16,1,1,41,0.9073301867240796,1,1.0,1.0
late,1,5,1,42,0.4448592086051228,1,0.0,1.0
late,3,13,1,42,0.1827372971743272,1,0.0,1.0
late,5,13,1,42,0.2124766205805858,1,0.0,1.0
late,6,6,2,42,0.4225091544957198,1,0.0,0.5
late,6,13,2,42,0.18782731291263505,1,0.0,0.5
late,10,1,14,42,0.46234175418892265,4,0.25,0.2857142857142857
late,10,2,14,42,0.4439472267360208,2,0.0,0.14285714285714285
late,10,3,14,42,0.44025859568572967,2,0.5,0.14285714285714285
late,10,6,14,42,0.4152286205357213,3,0.6666666666666666,0.21428571428571427
late,10,13,14,42,0.211991524050295,3,0.3333333333333333,0.21428571428571427
late,11,1,1,42,0.5139267335736751,1,0.0,1.0
late,12,5,1,42,0.36121904324813947,1,0.0,1.0
late,15,1,6,42,0.8918634618982332,1,1.0,0.16666666666666666
late,15,3,6,42,0.8653121098539983,2,1.0,0.3333333333333333
late,15,10,6,42,0.7500093919491274,1,1.0,0.16666666666666666
late,15,12,6,42,0.7617981476406531,1,1.0,0.16666666666666666
late,15,13,6,42,0.6980988403828855,1,0.0,0.16666666666666666
late,16,1,1,42,0.8619492323091068,1,1.0,1.0
late,0,1,23,43,0.8901944544221313,10,1.0,0.43478260869565216
late,0,2,23,43,0.88169842891903,3,1.0,0.13043478260869565
late,0,3,23,43,0.8881528194994969,1,1.0,0.043478260869565216
late,0,6,23,43,0.8815874316739393,3,1.0,0.13043478260869565
late,0,7,23,43,0.8485729059694814,4,1.0,0.17391304347826086
late,0,10,23,43,0.763632754834,1,1.0,0.043478260869565216
late,0,13,23,43,0.6442940454232017,1,0.0,0.043478260869565216
late,1,1,11,43,0.6333731132239548,4,0.75,0.36363636363636365
late,1,2,11,43,0.6182859153519666,2,0.5,0.18181818181818182
late,1,6,11,43,0.5747592411749867,1,1.0,0.09090909090909091
late,1,13,11,43,0.3173948072864017,4,0.0,0.36363636363636365
late,2,2,5,43,0.6112870211352772,2,1.0,0.4
late,2,6,5,43,0.5473228514506716,1,0.0,0.2
late,2,13,5,43,0.30363126959896886,2,0.0,0.4
late,6,1,11,43,0.6102723489731274,2,0.5,0.18181818181818182
late,6,2,11,43,0.5876632718395164,4,0.5,0.36363636363636365
late,6,6,11,43,0.5504620269445808,1,0.0,0.09090909090909091
late,6,13,11,43,0.26951629034801833,3,0.3333333333333333,0.2727272727272727
late,6,14,11,43,0.2230967130298027,1,0.0,0.09090909090909091
late,7,13,1,43,0.3427868575964356,1,0.0,1.0
late,9,13,1,43,0.2383103049040585,1,0.0,1.0
late,10,1,14,43,0.6243152146752943,2,0.5,0.14285714285714285
late,10,2,14,43,0.605606022595242,3,1.0,0.21428571428571427
late,10,6,14,43,0.5649336018188369,1,1.0,0.07142857142857142
late,10,10,14,43,0.5062248103518859,1,0.0,0.07142857142857142
late,10,13,14,43,0.32062534542181415,7,0.42857142857142855,0.5
late,11,1,14,43,0.6474026053769745,2,0.0,0.14285714285714285
late,11,2,14,43,0.6285913465042672,1,1.0,0.07142857142857142
late,11,6,14,43,0.5819525781313056,2,1.0,0.14285714285714285
late,11,10,14,43,0.5008938166695065,2,1.0,0.14285714285714285
late,11,11,14,43,0.5120273648530459,3,0.6666666666666666,0.21428571428571427
late,11,13,14,43,0.2977614603492144,4,0.25,0.2857142857142857
late,13,1,23,43,0.5786920026252842,3,0.6666666666666666,0.13043478260869565
late,13,2,23,43,0.5523284968916464,8,0.25,0.34782608695652173
late,13,6,23,43,0.5241166003468788,1,1.0,0.043478260869565216
late,13,13,23,43,0.2498606140799578,9,0.5555555555555556,0.391304347826087
late,13,14,23,43,0.20953014603135045,2,0.0,0.08695652173913043
late,14,13,2,43,0.23527595928271103,1,0.0,0.5
late,14,14,2,43,0.2121587009685417,1,0.0,0.5
late,0,1,4,44,0.9148811261580718,2,1.0,0.5
late,0,5,4,44,0.9174037722730826,2,1.0,0.5
late,1,1,8,44,0.6594854626916354,4,0.75,0.5
late,1,2,8,44,0.6447749317235977,2,0.5,0.25
late,1,13,8,44,0.3416875584338218,2,0.5,0.25
late,2,1,6,44,0.634395937675758,1,0.0,0.16666666666666666
late,2,2,6,44,0.6156262426613301,3,1.0,0.5
late,2,5,6,44,0.5811062174827345,1,1.0,0.16666666666666666
late,2,13,6,44,0.330934831068098,1,0.0,0.16666666666666666
late,5,1,3,44,0.65643820130527,2,1.0,0.6666666666666666
late,5,13,3,44,0.34601940547962395,1,0.0,0.3333333333333333
late,6,1,8,44,0.6406568972066746,1,0.0,0.125
late,6,2,8,44,0.6188204291040128,1,0.0,0.125
late,6,5,8,44,0.5866073646404876,1,1.0,0.125
late,6,6,8,44,0.5825657889588325,3,0.3333333333333333,0.375
late,6,13,8,44,0.30768866097999775,2,1.0,0.25
late,10,1,9,44,0.6254990055173744,3,0.6666666666666666,0.3333333333333333
late,10,2,9,44,0.6039318520232922,3,0.3333333333333333,0.3333333333333333
late,10,13,9,44,0.37030899565456704,3,0.3333333333333333,0.3333333333333333
late,11,2,1,44,0.5643503667651469,1,0.0,1.0
late,13,2,5,44,0.6142102312071606,1,0.0,0.2
late,13,13,5,44,0.3073516815667142,3,1.0,0.6
late,13,14,5,44,0.26001021868408686,1,1.0,0.2
late,0,1,7,45,0.8919185852003031,1,1.0,0.14285714285714285
late,0,2,7,45,0.8831511924573779,2,0.5,0.2857142857142857
late,0,6,7,45,0.8742880601077594,1,1.0,0.14285714285714285
late,0,10,7,45,0.7479883037432656,1,1.0,0.14285714285714285
late,0,13,7,45,0.624658493032231,2,1.0,0.2857142857142857
late,1,1,17,45,0.5933302548395109,5,0.4,0.29411764705882354
late,1,2,17,45,0.5858526331247828,4,0.5,0.23529411764705882
late,1,6,17,45,0.5368050413171981,2,0.5,0.11764705882352941
late,1,13,17,45,0.2822677869696287,6,0.0,0.35294117647058826
late,2,1,5,45,0.5926166311666325,1,1.0,0.2
late,2,2,5,45,0.5825928859956582,4,1.0,0.8
late,4,1,2,45,0.5908538933980119,1,1.0,0.5
late,4,13,2,45,0.2944249510434304,1,0.0,0.5
late,5,13,1,45,0.27622860339286853,1,0.0,1.0
late,6,2,4,45,0.5529955563746621,1,1.0,0.25
late,6,6,4,45,0.5135222800796091,3,0.3333333333333333,0.75
late,7,13,1,45,0.32289886081136526,1,1.0,1.0
late,10,1,21,45,0.5420258004088836,5,0.8,0.23809523809523808
late,10,2,21,45,0.5248501025327366,5,0.2,0.23809523809523808
late,10,4,21,45,0.5324200673732503,1,0.0,0.047619047619047616
late,10,6,21,45,0.4928347048178675,1,1.0,0.047619047619047616
late,10,10,21,45,0.45889072779292694,1,1.0,0.047619047619047616
late,10,13,21,45,0.2806115750727517,8,0.375,0.38095238095238093
late,11,1,1,45,0.6306732649741299,1,1.0,1.0
late,13,1,12,45,0.5210909857182445,3,0.6666666666666666,0.25
late,13,2,12,45,0.4952501062102545,2,1.0,0.16666666666666666
late,13,5,12,45,0.4720593406148272,1,0.0,0.08333333333333333
late,13,13,12,45,0.24283070522241837,6,0.16666666666666666,0.5
late,1,1,7,46,0.5281492064356935,2,1.0,0.2857142857142857
late,1,6,7,46,0.4695288494399431,3,1.0,0.42857142857142855
late,1,13,7,46,0.23793802813906578,2,0.5,0.2857142857142857
late,5,6,3,46,0.44127553435634354,3,0.0,1.0
late,6,1,8,46,0.5129633542224388,1,0.0,0.125
late,6,5,8,46,0.45274485997808267,1,0.0,0.125
late,6,6,8,46,0.44860055310556485,5,0.2,0.625
late,6,13,8,46,0.18817782479902315,1,0.0,0.125
late,10,1,9,46,0.4987467336191518,3,0.6666666666666666,0.3333333333333333
late,10,5,9,46,0.44451192444895216,1,0.0,0.1111111111111111
late,10,6,9,46,0.4454976469310433,1,1.0,0.1111111111111111
late,10,13,9,46,0.23105335602242005,4,0.0,0.4444444444444444
late,11,1,5,46,0.515000221573424,1,0.0,0.2
late,11,3,5,46,0.5024304707606404,1,1.0,0.2
late,11,6,5,46,0.45079327012740594,1,0.0,0.2
late,11,10,5,46,0.39945785070156475,1,1.0,0.2
late,11,13,5,46,0.18954943084214565,1,0.0,0.2
late,13,13,5,46,0.1423952274304625,4,0.0,0.8
late,13,14,5,46,0.11952359880261736,1,0.0,0.2
late,15,1,4,46,0.8777706020061619,4,1.0,1.0
late,16,1,3,46,0.8681480772831537,2,1.0,0.6666666666666666
late,16,5,3,46,0.8460926856230593,1,1.0,0.3333333333333333
late,1,1,7,47,0.5984064419803208,2,0.5,0.2857142857142857
late,1,2,7,47,0.5754697522118875,3,0.3333333333333333,0.42857142857142855
late,1,5,7,47,0.5591098658721033,2,0.5,0.2857142857142857
late,2,2,9,47,0.5703251121949032,6,0.6666666666666666,0.6666666666666666
late,2,6,9,47,0.5320739899455984,1,1.0,0.1111111111111111
late,2,13,9,47,0.30309598946559296,2,0.0,0.2222222222222222
late,4,2,1,47,0.5533893676274951,1,1.0,1.0
late,5,3,2,47,0.6560039570758118,1,0.0,0.5
late,5,6,2,47,0.5821307604532622,1,0.0,0.5
late,6,5,3,47,0.5755808671359434,2,0.5,0.6666666666666666
late,6,13,3,47,0.28106975566998843,1,1.0,0.3333333333333333
late,7,13,1,47,0.30493970828834777,1,0.0,1.0
late,10,1,8,47,0.6327387311081925,1,0.0,0.125
late,10,2,8,47,0.6138661866236834,1,1.0,0.125
late,10,13,8,47,0.35291013340892374,6,0.5,0.75
late,11,10,3,47,0.4976974890291224,1,1.0,0.3333333333333333
late,11,11,3,47,0.5164456647229796,1,0.0,0.3333333333333333
late,11,13,3,47,0.33047523012052543,1,0.0,0.3333333333333333
late,13,2,11,47,0.5576131871197384,5,1.0,0.45454545454545453
late,13,5,11,47,0.5346148295620677,1,0.0,0.09090909090909091
late,13,6,11,47,0.5362048817647186,1,1.0,0.09090909090909091
late,13,13,11,47,0.2794591773014053,4,0.25,0.36363636363636365
late,15,1,9,47,0.9257433988303644,4,0.5,0.4444444444444444
late,15,2,9,47,0.9036575007623099,3,1.0,0.3333333333333333
late,15,6,9,47,0.903319323274235,1,1.0,0.1111111111111111
late,15,10,9,47,0.8246177024740138,1,1.0,0.1111111111111111
late,16,1,4,47,0.9198404612830409,1,0.0,0.25
late,16,2,4,47,0.901604715930677,2,1.0,0.5
late,16,10,4,47,0.825199970759066,1,1.0,0.25
late,1,1,9,48,0.5943149630336065,2,1.0,0.2222222222222222
late,1,3,9,48,0.5899417508270417,5,0.6,0.5555555555555556
late,1,5,9,48,0.5297194704311983,1,0.0,0.1111111111111111
late,1,11,9,48,0.4330067763963459,1,1.0,0.1111111111111111
late,2,1,1,48,0.5107907012692348,1,1.0,1.0
late,3,1,10,48,0.5733351064753242,3,0.3333333333333333,0.3
late,3,3,10,48,0.5751807362754845,4,0.5,0.4
late,3,5,10,48,0.5111823996592929,2,0.0,0.2
late,3,11,10,48,0.39800261185175906,1,1.0,0.1
late,5,3,2,48,0.5265928490051304,1,0.0,0.5
late,5,13,2,48,0.24429251229445897,1,1.0,0.5
late,7,6,1,48,0.48559489594833233,1,1.0,1.0
late,10,1,3,48,0.5279250769804403,3,0.6666666666666666,1.0
late,11,1,16,48,0.5379410871869625,8,0.375,0.5
late,11,3,16,48,0.5266768509588027,2,0.0,0.125
late,11,5,16,48,0.4896898879245416,2,0.0,0.125
late,11,6,16,48,0.49146636031161317,2,0.5,0.125
late,11,13,16,48,0.23619085275212123,2,0.5,0.125
late,13,3,2,48,0.5211887963766964,1,1.0,0.5
late,13,10,2,48,0.38231366008915385,1,0.0,0.5
late,15,1,1,48,0.9008821974808342,1,1.0,1.0
late,16,11,1,48,0.7234687887903007,1,0.0,1.0
late,17,1,7,48,0.9179732218379747,3,1.0,0.42857142857142855
late,17,3,7,48,0.9067870131954907,1,1.0,0.14285714285714285
late,17,6,7,48,0.8982997932792782,2,1.0,0.2857142857142857
late,17,11,7,48,0.8031897811429758,1,1.0,0.14285714285714285
late,0,3,6,49,0.9048953261927609,4,1.0,0.6666666666666666
late,0,10,6,49,0.7987098088855471,2,1.0,0.3333333333333333
late,3,13,1,49,0.31092338826180715,1,1.0,1.0
late,10,12,9,49,0.5517771713255836,6,0.5,0.6666666666666666
late,10,13,9,49,0.36186016121166337,3,0.3333333333333333,0.3333333333333333
late,12,1,61,49,0.6197049002669172,1,0.0,0.01639344262295082
late,12,2,61,49,0.5990645023251502,4,0.25,0.06557377049180328
late,12,3,61,49,0.5900910542236746,2,0.5,0.03278688524590164
late,12,6,61,49,0.5721066735636502,3,1.0,0.04918032786885246
late,12,10,61,49,0.5053374455929551,5,0.8,0.08196721311475409
late,12,12,61,49,0.524369772832442,31,0.5161290322580645,0.5081967213114754
late,12,13,61,49,0.339831416429355,11,0.18181818181818182,0.18032786885245902
late,12,14,61,49,0.2725189416185065,4,0.5,0.06557377049180328
late,13,12,5,49,0.48852774068073657,1,1.0,0.2
late,13,13,5,49,0.30411426875956005,4,0.25,0.8
late,14,14,1,49,0.27165738976997883,1,1.0,1.0
late,1,1,16,50,0.6086020137478934,6,0.3333333333333333,0.375
late,1,2,16,50,0.5860645031869004,1,1.0,0.0625
late,1,5,16,50,0.5452935161700823,2,0.0,0.125
late,1,6,16,50,0.5447075342023784,1,1.0,0.0625
late,1,13,16,50,0.3001044567435847,4,0.0,0.25
late,1,14,16,50,0.25059679068956703,2,0.0,0.125
late,2,1,25,50,0.5973488631208799,1,0.0,0.04
late,2,2,25,50,0.570600469178074,13,0.5384615384615384,0.52
late,2,6,25,50,0.5278459485911755,3,0.6666666666666666,0.12
late,2,13,25,50,0.29537520709903686,8,0.25,0.32
late,3,5,1,50,0.5590412100626281,1,1.0,1.0
late,5,1,16,50,0.5383172714337814,3,0.3333333333333333,0.1875
late,5,3,16,50,0.5068202730544568,2,1.0,0.125
late,5,5,16,50,0.49362054256827914,6,0.5,0.375
late,5,7,16,50,0.4636088975944505,1,1.0,0.0625
late,5,8,16,50,0.3927235017075748,1,0.0,0.0625
late,5,10,16,50,0.427131984132321,1,1.0,0.0625
late,5,13,16,50,0.2553829482965204,2,0.0,0.125
late,6,1,27,50,0.6134460697294707,1,1.0,0.037037037037037035
late,6,2,27,50,0.5919255594995049,4,0.75,0.14814814814814814
late,6,3,27,50,0.5822985965729998,1,1.0,0.037037037037037035
late,6,5,27,50,0.5556819749997578,2,0.0,0.07407407407407407
late,6,6,27,50,0.5524489830922205,9,0.6666666666666666,0.3333333333333333
late,6,10,27,50,0.4601200575802414,2,0.5,0.07407407407407407
late,6,13,27,50,0.28377580057921614,8,0.125,0.2962962962962963
late,7,2,6,50,0.6035113791294943,1,1.0,0.16666666666666666
late,7,5,6,50,0.5699222033836868,1,0.0,0.16666666666666666
late,7,6,6,50,0.5628279068532305,1,1.0,0.16666666666666666
late,7,13,6,50,0.3246482993239909,3,0.3333333333333333,0.5
late,8,5,2,50,0.5197622365810712,1,1.0,0.5
late,8,13,2,50,0.2205415844103053,1,0.0,0.5
late,9,1,2,50,0.5975188401309741,1,1.0,0.5
late,9,5,2,50,0.5579231011535177,1,0.0,0.5
late,10,1,14,50,0.6284293124372241,1,1.0,0.07142857142857142
late,10,3,14,50,0.6044276744316063,1,0.0,0.07142857142857142
late,10,5,14,50,0.5740946694770296,1,1.0,0.07142857142857142
late,10,6,14,50,0.574782306905926,3,1.0,0.21428571428571427
late,10,10,14,50,0.5200780603182285,2,0.5,0.14285714285714285
late,10,13,14,50,0.33697073529692156,6,0.6666666666666666,0.42857142857142855
late,13,3,6,50,0.5487335034792398,1,1.0,0.16666666666666666
late,13,5,6,50,0.5231901228675403,3,0.6666666666666666,0.5
late,13,6,6,50,0.5258971473016739,1,1.0,0.16666666666666666
late,13,14,6,50,0.1993661640605938,1,0.0,0.16666666666666666
late,15,1,8,50,0.9427531742810528,1,0.0,0.125
late,15,6,8,50,0.9160829189648384,4,1.0,0.5
late,15,10,8,50,0.8273094921078911,1,0.0,0.125
late,15,13,8,50,0.7945355284081043,2,0.5,0.25
late,16,1,3,50,0.9294972849186744,1,1.0,0.3333333333333333
late,16,3,3,50,0.9195859744294091,1,1.0,0.3333333333333333
late,16,6,3,50,0.901770618019765,1,1.0,0.3333333333333333
late,17,1,3,50,0.9389853013479952,1,1.0,0.3333333333333333
late,17,6,3,50,0.9215383794166189,2,1.0,0.6666666666666666
late,0,1,5,51,0.9323251341830929,1,1.0,0.2
late,0,10,5,51,0.840438776880668,3,1.0,0.6
late,0,12,5,51,0.8817556746652329,1,1.0,0.2
late,1,6,1,51,0.6388934698693214,1,1.0,1.0
late,2,9,1,51,0.5906345977869049,1,1.0,1.0
late,5,2,2,51,0.6586092020943037,1,1.0,0.5
late,5,12,2,51,0.5295943049565353,1,1.0,0.5
late,10,1,14,51,0.5970343423630349,2,0.5,0.14285714285714285
late,10,3,14,51,0.5729011566421081,5,0.6,0.35714285714285715
late,10,5,14,51,0.5527390380847196,1,0.0,0.07142857142857142
late,10,10,14,51,0.5199595163325764,1,1.0,0.07142857142857142
late,10,12,14,51,0.5323332638580041,3,0.3333333333333333,0.21428571428571427
late,10,13,14,51,0.34996440552630015,2,0.0,0.14285714285714285
late,12,1,26,51,0.6520948545130344,1,1.0,0.038461538461538464
late,12,2,26,51,0.6359752968222373,2,0.0,0.07692307692307693
late,12,3,26,51,0.6287992604529772,2,1.0,0.07692307692307693
late,12,5,26,51,0.603219877704303,3,0.3333333333333333,0.11538461538461539
late,12,10,26,51,0.5627232370072381,2,0.5,0.07692307692307693
late,12,12,26,51,0.5795325702150996,14,0.5714285714285714,0.5384615384615384
late,12,13,26,51,0.38490449459369636,2,1.0,0.07692307692307693
late,14,2,1,51,0.5528486522983711,1,1.0,1.0
late,1,1,2,52,0.6395467562182531,1,1.0,0.5
late,1,5,2,52,0.6026542412923884,1,0.0,0.5
late,3,3,5,52,0.5620805892446992,2,1.0,0.4
late,3,5,5,52,0.5104390878677163,1,1.0,0.2
late,3,6,5,52,0.49953847116292777,1,0.0,0.2
late,3,13,5,52,0.2955306796885521,1,0.0,0.2
late,5,5,1,52,0.02447909435319979,1,0.0,1.0
late,6,3,7,52,0.5215434838270266,5,0.6,0.7142857142857143
late,6,13,7,52,0.28990710984248685,2,0.0,0.2857142857142857
late,7,3,3,52,0.6673822560298296,2,1.0,0.6666666666666666
late,7,10,3,52,0.5266047964548516,1,1.0,0.3333333333333333
late,9,3,5,52,0.49992751186068113,2,1.0,0.4
late,9,5,5,52,0.5013999126381881,1,0.0,0.2
late,9,10,5,52,0.4561137521805029,1,1.0,0.2
late,9,13,5,52,0.3086797818395313,1,0.0,0.2
late,10,3,5,52,0.5393243220901824,2,0.5,0.4
late,10,5,5,52,0.49921785873984986,1,0.0,0.2
late,10,9,5,52,0.4771237089926319,2,1.0,0.4
late,13,3,1,52,0.6121518953319541,1,1.0,1.0
late,15,1,12,52,0.9501774019189936,6,1.0,0.5
late,15,3,12,52,0.9408105030477413,2,1.0,0.16666666666666666
late,15,6,12,52,0.9291271810230096,3,0.6666666666666666,0.25
late,15,9,12,52,0.9026613158244438,1,1.0,0.08333333333333333
late,1,1,8,53,0.6268689560619417,1,0.0,0.125
late,1,3,8,53,0.6184291574560385,3,0.3333333333333333,0.375
late,1,5,8,53,0.5408298375090042,2,0.0,0.25
late,1,6,8,53,0.5379186403478207,1,1.0,0.125
late,1,13,8,53,0.28030674162579605,1,0.0,0.125
late,3,3,13,53,0.6657406249085581,6,0.3333333333333333,0.46153846153846156
late,3,6,13,53,0.5820926502879601,4,0.5,0.3076923076923077
late,3,13,13,53,0.32965025904821693,3,0.6666666666666666,0.23076923076923078
late,5,1,9,53,0.6188367823532934,1,0.0,0.1111111111111111
late,5,3,9,53,0.596504100835411,1,1.0,0.1111111111111111
late,5,6,9,53,0.5449263114652261,4,0.5,0.4444444444444444
late,5,9,9,53,0.5224421479471043,3,0.6666666666666666,0.3333333333333333
late,6,1,33,53,0.5900299244368395,2,1.0,0.06060606060606061
late,6,3,33,53,0.5526068170667892,9,0.5555555555555556,0.2727272727272727
late,6,5,33,53,0.5464043838521899,6,0.16666666666666666,0.18181818181818182
late,6,6,33,53,0.5441421960562244,13,0.6153846153846154,0.3939393939393939
late,6,9,33,53,0.5183843148155127,3,1.0,0.09090909090909091
late,8,3,9,53,0.5167759995491328,1,1.0,0.1111111111111111
late,8,5,9,53,0.5052215111303762,3,0.3333333333333333,0.3333333333333333
late,8,6,9,53,0.5026956192759527,2,0.5,0.2222222222222222
late,8,8,9,53,0.38291998980943187,1,0.0,0.1111111111111111
late,8,9,9,53,0.4715838283442922,1,1.0,0.1111111111111111
late,8,13,9,53,0.2739734484196781,1,0.0,0.1111111111111111
late,9,1,23,53,0.6257938872681075,1,1.0,0.043478260869565216
late,9,3,23,53,0.5879040278074827,11,0.7272727272727273,0.4782608695652174
late,9,5,23,53,0.5854137006954329,2,0.5,0.08695652173913043
late,9,6,23,53,0.5842464043643345,4,0.5,0.17391304347826086
late,9,8,23,53,0.4813525499132119,1,0.0,0.043478260869565216
late,9,9,23,53,0.5524475908621084,1,1.0,0.043478260869565216
late,9,13,23,53,0.34224722835512383,3,0.3333333333333333,0.13043478260869565
late,10,1,7,53,0.6345467376547002,1,0.0,0.14285714285714285
late,10,5,7,53,0.5725060483749624,1,1.0,0.14285714285714285
late,10,9,7,53,0.5575625675517775,3,0.6666666666666666,0.42857142857142855
late,10,13,7,53,0.32057494404196885,2,0.5,0.2857142857142857
late,13,5,5,53,0.4428282339155413,2,0.0,0.4
late,13,13,5,53,0.2289959988962333,3,0.3333333333333333,0.6
late,15,5,5,53,0.91464417821265,1,1.0,0.2
late,15,9,5,53,0.8799962889777664,2,1.0,0.4
late,15,10,5,53,0.833411088395464,2,1.0,0.4
late,16,3,2,53,0.9396021671086066,2,1.0,1.0
late,18,8,2,53,0.8656563377940742,1,1.0,0.5
late,18,9,2,53,0.9040753534439165,1,1.0,0.5
late,0,1,6,54,0.8946051904417197,4,1.0,0.6666666666666666
late,0,2,6,54,0.8818828528233231,1,1.0,0.16666666666666666
late,0,10,6,54,0.7454945644509778,1,0.0,0.16666666666666666
late,1,1,19,54,0.5506498389302533,13,0.46153846153846156,0.6842105263157895
late,1,2,19,54,0.5366800178766326,1,1.0,0.05263157894736842
late,1,5,19,54,0.5052033364469865,2,0.0,0.10526315789473684
late,1,6,19,54,0.5046812033773985,1,1.0,0.05263157894736842
late,1,13,19,54,0.26265731375020895,2,0.5,0.10526315789473684
late,2,1,3,54,0.5410355792971848,1,1.0,0.3333333333333333
late,2,2,3,54,0.5310270057472571,2,0.5,0.6666666666666666
late,3,13,1,54,0.2414690145622536,1,0.0,1.0
late,4,1,13,54,0.5305041877605132,1,1.0,0.07692307692307693
late,4,2,13,54,0.5145689722321792,2,0.5,0.15384615384615385
late,4,5,13,54,0.4730971946178971,2,0.5,0.15384615384615385
late,4,6,13,54,0.46360902224320344,6,0.3333333333333333,0.46153846153846156
late,4,13,13,54,0.22473207879380538,2,0.0,0.15384615384615385
late,5,1,5,54,0.5439534048242114,3,0.0,0.6
late,5,13,5,54,0.2383451164163079,2,0.0,0.4
late,6,2,5,54,0.5204816488404023,2,1.0,0.4
late,6,6,5,54,0.47155529826579895,2,0.5,0.4
late,6,13,5,54,0.1969937031048464,1,0.0,0.2
late,7,13,1,54,0.2724562480876396,1,1.0,1.0
late,10,5,3,54,0.49806488410654604,1,1.0,0.3333333333333333
late,10,10,3,54,0.4437184509054261,1,1.0,0.3333333333333333
late,10,13,3,54,0.28413699224835454,1,0.0,0.3333333333333333
late,11,1,12,54,0.4919491707684435,3,0.3333333333333333,0.25
late,11,2,12,54,0.4720293853288657,2,0.0,0.16666666666666666
late,11,4,12,54,0.48667890880223136,1,1.0,0.08333333333333333
late,11,5,12,54,0.4424008510137756,1,0.0,0.08333333333333333
late,11,11,12,54,0.40148367539628277,1,1.0,0.08333333333333333
late,11,13,12,54,0.2247253836221115,4,0.0,0.3333333333333333
late,13,1,8,54,0.5152597615753104,5,0.4,0.625
late,13,13,8,54,0.20898525294105172,3,0.3333333333333333,0.375
late,15,1,7,54,0.9135053774771725,3,1.0,0.42857142857142855
late,15,2,7,54,0.8916066804831677,1,1.0,0.14285714285714285
late,15,7,7,54,0.8787594562295339,1,1.0,0.14285714285714285
late,15,10,7,54,0.7991479513698928,1,1.0,0.14285714285714285
late,15,11,7,54,0.8120551052877053,1,1.0,0.14285714285714285
late,16,1,1,54,0.8870076406581007,1,1.0,1.0
late,1,13,1,55,0.2456594308433279,1,0.0,1.0
late,2,13,1,55,0.19207867614924765,1,0.0,1.0
late,5,13,1,55,0.1922661375753397,1,0.0,1.0
late,6,5,9,55,0.4311935415524467,1,1.0,0.1111111111111111
late,6,6,9,55,0.4265282531170515,1,0.0,0.1111111111111111
late,6,13,9,55,0.1650425374968892,7,0.0,0.7777777777777778
late,10,2,9,55,0.46385910654762835,1,0.0,0.1111111111111111
late,10,13,9,55,0.2305332470740142,8,0.25,0.8888888888888888
late,11,2,4,55,0.4666577534694652,1,1.0,0.25
late,11,6,4,55,0.43162724579542805,1,1.0,0.25
late,11,11,4,55,0.38024303354805145,1,0.0,0.25
late,11,13,4,55,0.221863099766564,1,0.0,0.25
late,13,5,9,55,0.4286208086139421,1,0.0,0.1111111111111111
late,13,6,9,55,0.4303025887095826,2,1.0,0.2222222222222222
late,13,13,9,55,0.1824097941850547,6,0.16666666666666666,0.6666666666666666
late,15,1,4,55,0.8670298425556502,2,0.5,0.5
late,15,6,4,55,0.8273407881364038,1,1.0,0.25
late,15,11,4,55,0.7312160488973387,1,1.0,0.25
late,0,10,3,56,0.8034629548501124,1,1.0,0.3333333333333333
late,0,12,3,56,0.8637095381912786,2,1.0,0.6666666666666666
late,2,5,1,56,0.39649053253223937,1,0.0,1.0
late,3,3,2,56,0.6192288095789122,1,0.0,0.5
late,3,13,2,56,0.22780281318241746,1,0.0,0.5
late,5,12,1,56,0.44081724881959433,1,0.0,1.0
late,8,12,1,56,0.4295158315532532,1,0.0,1.0
late,9,12,1,56,0.44334094155547377,1,1.0,1.0
late,10,2,13,56,0.5521900558322076,1,1.0,0.07692307692307693
late,10,3,13,56,0.5445829729879225,2,0.5,0.15384615384615385
late,10,10,13,56,0.4651582682501307,2,0.0,0.15384615384615385
late,10,12,13,56,0.4778889426743351,7,0.7142857142857143,0.5384615384615384
late,10,13,13,56,0.26789274773611843,1,0.0,0.07692307692307693
late,12,1,64,56,0.5269269788967202,1,1.0,0.015625
late,12,2,64,56,0.5084364208814565,6,0.5,0.09375
late,12,5,64,56,0.47134562572048844,1,0.0,0.015625
late,12,6,64,56,0.48432862139435273,2,1.0,0.03125
late,12,10,64,56,0.4340165438050189,2,1.0,0.03125
late,12,12,64,56,0.4447894049099988,50,0.38,0.78125
late,12,13,64,56,0.26197234194800223,2,0.0,0.03125
late,13,12,1,56,0.3788888833997819,1,0.0,1.0
late,15,10,2,56,0.7943287701756359,2,0.5,1.0
late,0,1,3,57,0.9141263215881573,1,1.0,0.3333333333333333
late,0,3,3,57,0.910584031535735,1,1.0,0.3333333333333333
late,0,11,3,57,0.7888527243461815,1,0.0,0.3333333333333333
late,1,1,71,57,0.6239063060088539,24,0.6666666666666666,0.3380281690140845
late,1,3,71,57,0.6160732592549211,17,0.7647058823529411,0.23943661971830985
late,1,5,71,57,0.574004566009112,15,0.7333333333333333,0.2112676056338028
late,1,6,71,57,0.5731681111299884,5,0.8,0.07042253521126761
late,1,10,71,57,0.5073929347515234,1,0.0,0.014084507042253521
late,1,11,71,57,0.5180749574220651,2,1.0,0.028169014084507043
late,1,13,71,57,0.34484288472163627,7,0.14285714285714285,0.09859154929577464
late,2,1,1,57,0.6372028251359075,1,1.0,1.0
late,3,1,9,57,0.6416933790606053,1,1.0,0.1111111111111111
late,3,3,9,57,0.6381501549693495,7,0.7142857142857143,0.7777777777777778
late,3,13,9,57,0.28899443338679476,1,0.0,0.1111111111111111
late,4,5,1,57,0.5928334617123951,1,1.0,1.0
late,5,1,27,57,0.6590419609253677,1,0.0,0.037037037037037035
late,5,3,27,57,0.6400142057674425,1,1.0,0.037037037037037035
late,5,5,27,57,0.6138119850192615,18,0.5555555555555556,0.6666666666666666
late,5,6,27,57,0.6070778137696586,3,0.6666666666666666,0.1111111111111111
late,5,13,27,57,0.3532539467689514,4,0.0,0.14814814814814814
late,6,1,11,57,0.5750724634994226,5,0.6,0.45454545454545453
late,6,2,11,57,0.5509238511683615,1,0.0,0.09090909090909091
late,6,3,11,57,0.5448618332629487,1,1.0,0.09090909090909091
late,6,5,11,57,0.5273622020104671,2,0.0,0.18181818181818182
late,6,6,11,57,0.5244348447213247,2,0.5,0.18181818181818182
late,7,1,6,57,0.6664485482630206,1,1.0,0.16666666666666666
late,7,5,6,57,0.6061328291249558,2,0.5,0.3333333333333333
late,7,6,6,57,0.6009586601479229,1,1.0,0.16666666666666666
late,7,13,6,57,0.33803443335015676,2,0.0,0.3333333333333333
late,10,1,12,57,0.5515536614337044,1,1.0,0.08333333333333333
late,10,2,12,57,0.5350734457271057,1,1.0,0.08333333333333333
late,10,3,12,57,0.5340293109680024,1,1.0,0.08333333333333333
late,10,5,12,57,0.5102313632759232,1,1.0,0.08333333333333333
late,10,10,12,57,0.476067597430259,1,0.0,0.08333333333333333
late,10,11,12,57,0.4810389010497298,1,1.0,0.08333333333333333
late,10,13,12,57,0.3086264908594918,6,0.3333333333333333,0.5
late,11,1,17,57,0.6753162250123887,7,0.7142857142857143,0.4117647058823529
late,11,3,17,57,0.6707697468250138,2,0.5,0.11764705882352941
late,11,5,17,57,0.6184123141785195,1,0.0,0.058823529411764705
late,11,7,17,57,0.5892559253730439,1,1.0,0.058823529411764705
late,11,10,17,57,0.5679829698357806,2,0.0,0.11764705882352941
late,11,13,17,57,0.3511790929041019,4,0.0,0.23529411764705882
late,13,1,13,57,0.6043622645227456,2,1.0,0.15384615384615385
late,13,3,13,57,0.582091991737303,1,1.0,0.07692307692307693
late,13,5,13,57,0.5482365430196661,2,1.0,0.15384615384615385
late,13,6,13,57,0.5497457014444669,1,1.0,0.07692307692307693
late,13,12,13,57,0.4779443541758904,1,0.0,0.07692307692307693
late,13,13,13,57,0.29165972108035004,5,0.2,0.38461538461538464
late,13,16,13,57,0.2509274820756747,1,0.0,0.07692307692307693
late,15,1,5,57,0.9477629679161342,3,1.0,0.6
late,15,3,5,57,0.9394475887989884,1,1.0,0.2
late,15,11,5,57,0.8708051733659972,1,1.0,0.2
late,16,1,18,57,0.9412926992375825,8,1.0,0.4444444444444444
late,16,2,18,57,0.9272214096679203,1,1.0,0.05555555555555555
late,16,5,18,57,0.9270267825813726,6,0.8333333333333334,0.3333333333333333
late,16,10,18,57,0.8650107773005139,2,1.0,0.1111111111111111
late,16,13,18,57,0.8013970549684291,1,1.0,0.05555555555555555
late,1,5,4,58,0.462036206535673,1,0.0,0.25
late,1,6,4,58,0.4617781002937686,2,0.5,0.5
late,1,13,4,58,0.23387876569894145,1,0.0,0.25
late,2,1,4,58,0.478362304646223,1,0.0,0.25
late,2,2,4,58,0.4600623541009079,2,0.5,0.5
late,2,5,4,58,0.4326661945375649,1,0.0,0.25
late,4,2,1,58,0.46199674270581587,1,1.0,1.0
late,5,2,2,58,0.5032564522771414,1,0.0,0.5
late,5,13,2,58,0.21263387571911005,1,0.0,0.5
late,6,5,9,58,0.3425956261359818,3,0.3333333333333333,0.3333333333333333
late,6,6,9,58,0.3390406390328711,6,0.8333333333333334,0.6666666666666666
late,7,6,1,58,0.4513182229338991,1,0.0,1.0
late,10,1,6,58,0.3357955340184992,2,0.0,0.3333333333333333
late,10,13,6,58,0.12222785109140723,4,0.0,0.6666666666666666
late,13,5,1,58,0.4083649221507831,1,0.0,1.0
late,15,6,1,58,0.8722911186748139,1,1.0,1.0
late,0,1,8,59,0.9070342551595177,3,1.0,0.375
late,0,2,8,59,0.89642765653495,3,0.6666666666666666,0.375
late,0,5,8,59,0.9108959356350599,2,1.0,0.25
late,1,1,2,59,0.638183290451845,1,1.0,0.5
late,1,13,2,59,0.300135082460133,1,0.0,0.5
late,2,2,19,59,0.5817164182709226,16,0.5625,0.8421052631578947
late,2,6,19,59,0.5461386024992475,1,1.0,0.05263157894736842
late,2,13,19,59,0.3192146659626461,2,0.0,0.10526315789473684
late,4,2,1,59,0.5693510317560787,1,1.0,1.0
late,6,2,8,59,0.5738101322644265,7,0.7142857142857143,0.875
late,6,13,8,59,0.27914658639938683,1,1.0,0.125
late,7,13,2,59,0.35543599229797124,2,0.5,1.0
late,10,1,11,59,0.6362791059475026,2,0.5,0.18181818181818182
late,10,2,11,59,0.6165780925091622,2,0.5,0.18181818181818182
late,10,6,11,59,0.5926893599291727,1,1.0,0.09090909090909091
late,10,10,11,59,0.532532741123334,2,1.0,0.18181818181818182
late,10,13,11,59,0.36517157778058923,4,0.25,0.36363636363636365
late,11,2,1,59,0.5628941528503754,1,0.0,1.0
late,13,2,7,59,0.5985950715156262,2,0.5,0.2857142857142857
late,13,13,7,59,0.2964444944500581,5,0.2,0.7142857142857143
late,1,1,9,61,0.36193824036515776,2,1.0,0.2222222222222222
late,1,5,9,61,0.32623565415844935,2,0.0,0.2222222222222222
late,1,6,9,61,0.32739139205116735,2,0.0,0.2222222222222222
late,1,13,9,61,0.1644420629449553,3,0.0,0.3333333333333333
late,2,1,1,61,0.4554141319922252,1,0.0,1.0
late,5,5,3,61,0.26746635695640897,1,0.0,0.3333333333333333
late,5,13,3,61,0.12431287938615226,2,0.0,0.6666666666666666
late,6,5,5,61,0.3137579274898725,3,0.0,0.6
late,6,6,5,61,0.31001139753984897,2,0.5,0.4
late,10,6,2,61,0.3995034492611431,1,1.0,0.5
late,10,13,2,61,0.1982126619112095,1,1.0,0.5
late,13,5,3,61,0.12719986393159258,1,0.0,0.3333333333333333
late,13,13,3,61,0.059308202972059305,2,0.0,0.6666666666666666
late,15,1,3,61,0.881962205024159,1,1.0,0.3333333333333333
late,15,6,3,61,0.8409207159042372,2,1.0,0.6666666666666666
late,0,1,8,62,0.8786468308496426,3,1.0,0.375
late,0,6,8,62,0.8662440161285753,1,1.0,0.125
late,0,10,8,62,0.7140624288722374,1,1.0,0.125
late,0,11,8,62,0.7359895863724475,1,1.0,0.125
late,0,13,8,62,0.6181315383511535,2,1.0,0.25
late,1,1,22,62,0.5526970699524351,11,0.18181818181818182,0.5
late,1,2,22,62,0.5396862248248884,1,1.0,0.045454545454545456
late,1,5,22,62,0.5023124200900774,2,0.5,0.09090909090909091
late,1,13,22,62,0.2526166075636591,4,0.5,0.18181818181818182
late,1,14,22,62,0.22447779858122063,4,0.0,0.18181818181818182
late,2,1,5,62,0.5238603276440721,2,0.0,0.4
late,2,2,5,62,0.5104257755036481,2,1.0,0.4
late,2,5,5,62,0.47503319333930316,1,0.0,0.2
late,4,1,8,62,0.4565702704783741,3,0.0,0.375
late,4,2,8,62,0.4408354671310101,1,1.0,0.125
late,4,5,8,62,0.41431368963970383,1,0.0,0.125
late,4,6,8,62,0.4057876758432603,1,0.0,0.125
late,4,13,8,62,0.207371482564973,2,0.0,0.25
late,5,1,6,62,0.5484138954362928,4,0.0,0.6666666666666666
late,5,5,6,62,0.4964887604943022,1,1.0,0.16666666666666666
late,5,13,6,62,0.2468095460717322,1,0.0,0.16666666666666666
late,6,1,3,62,0.5380730469666928,1,1.0,0.3333333333333333
late,6,2,3,62,0.5204592963814002,1,0.0,0.3333333333333333
late,6,13,3,62,0.20115775017978318,1,0.0,0.3333333333333333
late,10,2,8,62,0.4951562081248634,3,0.3333333333333333,0.375
late,10,5,8,62,0.4662720826382243,1,0.0,0.125
late,10,6,8,62,0.4669874175623248,1,1.0,0.125
late,10,13,8,62,0.2605186720385922,3,0.3333333333333333,0.375
late,11,1,14,62,0.5037631173800328,4,0.5,0.2857142857142857
late,11,2,14,62,0.48388887799629543,2,0.5,0.14285714285714285
late,11,4,14,62,0.4928647145480864,1,1.0,0.07142857142857142
late,11,5,14,62,0.45305965838119994,1,1.0,0.07142857142857142
late,11,6,14,62,0.45418247968225717,2,1.0,0.14285714285714285
late,11,10,14,62,0.3972613300900295,1,0.0,0.07142857142857142
late,11,13,14,62,0.22892710141375958,3,0.0,0.21428571428571427
late,13,1,7,62,0.5287688717789659,1,0.0,0.14285714285714285
late,13,6,7,62,0.4677202607900672,4,0.75,0.5714285714285714
late,13,13,7,62,0.21901600931575982,1,0.0,0.14285714285714285
late,13,14,7,62,0.1832671914446755,1,1.0,0.14285714285714285
late,14,1,3,62,0.5080348268547191,1,1.0,0.3333333333333333
late,14,2,3,62,0.4315839667060259,1,0.0,0.3333333333333333
late,14,14,3,62,0.1960815764036954,1,0.0,0.3333333333333333
late,15,2,2,62,0.8813553216213008,1,1.0,0.5
late,15,10,2,62,0.7914280238929781,1,1.0,0.5
late,17,1,6,62,0.9042679686658937,1,1.0,0.16666666666666666
late,17,2,6,62,0.8841904659874271,1,1.0,0.16666666666666666
late,17,7,6,62,0.8918395099230607,1,1.0,0.16666666666666666
late,17,10,6,62,0.8257464121313728,2,1.0,0.3333333333333333
late,17,13,6,62,0.7497847802727234,1,1.0,0.16666666666666666
late,1,2,5,63,0.48254228049414866,2,0.5,0.4
late,1,5,5,63,0.430575315863591,1,1.0,0.2
late,1,13,5,63,0.2104605062267352,2,0.0,0.4
late,2,1,5,63,0.6144636080753278,1,0.0,0.2
late,2,6,5,63,0.5244298819788038,2,0.0,0.4
late,2,14,5,63,0.27430747514161496,2,1.0,0.4
late,5,1,1,63,0.5525962432533184,1,1.0,1.0
late,6,2,2,63,0.5640367858135795,1,0.0,0.5
late,6,14,2,63,0.20697620389152566,1,0.0,0.5
late,7,1,2,63,0.5471058358112997,2,0.5,1.0
late,8,5,2,63,0.5040864437633712,1,1.0,0.5
late,8,8,2,63,0.3659000272263735,1,0.0,0.5
late,10,1,3,63,0.5771611092306906,1,1.0,0.3333333333333333
late,10,2,3,63,0.5551621348945863,1,0.0,0.3333333333333333
late,10,13,3,63,0.30471954720196676,1,1.0,0.3333333333333333
late,11,4,2,63,0.6011125291143717,1,1.0,0.5
late,11,10,2,63,0.48497360627883535,1,1.0,0.5
late,13,6,1,63,0.5237706021088875,1,0.0,1.0
late,14,14,1,63,0.014697692892700297,1,0.0,1.0
late,17,1,4,63,0.9220653287487983,2,1.0,0.5
late,17,10,4,63,0.8531321085920958,2,1.0,0.5
late,1,1,124,64,0.6487100394917449,44,0.6136363636363636,0.3548387096774194
late,1,2,124,64,0.6314761722997375,3,0.6666666666666666,0.024193548387096774
late,1,3,124,64,0.6365018298097682,21,0.8095238095238095,0.1693548387096774
late,1,5,124,64,0.5957543423867757,16,0.6875,0.12903225806451613
late,1,6,124,64,0.5947793304682724,18,0.4444444444444444,0.14516129032258066
late,1,7,124,64,0.5657475026073694,1,1.0,0.008064516129032258
late,1,10,124,64,0.5211381888724741,4,0.0,0.03225806451612903
late,1,11,124,64,0.5280961652132546,4,0.75,0.03225806451612903
late,1,13,124,64,0.3433970275604563,12,0.3333333333333333,0.0967741935483871
late,1,14,124,64,0.29948487502357113,1,0.0,0.008064516129032258
late,2,1,22,64,0.6222504858473953,4,0.75,0.18181818181818182
late,2,2,22,64,0.6099560117893362,3,0.6666666666666666,0.13636363636363635
late,2,3,22,64,0.61853493869718,1,1.0,0.045454545454545456
late,2,5,22,64,0.5581971900622914,2,0.0,0.09090909090909091
late,2,6,22,64,0.5471532845018416,7,0.42857142857142855,0.3181818181818182
late,2,12,22,64,0.49457458105365826,1,0.0,0.045454545454545456
late,2,13,22,64,0.3049929793734534,4,0.5,0.18181818181818182
late,3,1,24,64,0.6902045661397795,2,0.5,0.08333333333333333
late,3,2,24,64,0.6826388899486117,1,1.0,0.041666666666666664
late,3,3,24,64,0.6861614239642893,15,0.7333333333333333,0.625
late,3,5,24,64,0.6192408739717323,1,0.0,0.041666666666666664
late,3,11,24,64,0.49613734079668975,3,0.3333333333333333,0.125
late,3,13,24,64,0.29817660724179645,2,0.5,0.08333333333333333
late,4,1,14,64,0.5875272784501363,2,0.0,0.14285714285714285
late,4,2,14,64,0.5663181681207995,3,0.0,0.21428571428571427
late,4,5,14,64,0.5408566163091365,2,0.5,0.14285714285714285
late,4,6,14,64,0.5328310508750616,4,0.5,0.2857142857142857
late,4,13,14,64,0.29077317949835363,3,0.0,0.21428571428571427
late,5,1,46,64,0.598216576471403,8,0.875,0.17391304347826086
late,5,2,46,64,0.5762344326722738,5,0.8,0.10869565217391304
late,5,3,46,64,0.5775693331085033,1,1.0,0.021739130434782608
late,5,5,46,64,0.5523128505405965,18,0.5,0.391304347826087
late,5,6,46,64,0.5456307245216091,9,0.6666666666666666,0.1956521739130435
late,5,13,46,64,0.3076930562678899,5,0.4,0.10869565217391304
late,6,1,114,64,0.6190795244339143,12,0.75,0.10526315789473684
late,6,2,114,64,0.5986417532987507,6,0.6666666666666666,0.05263157894736842
late,6,3,114,64,0.5902500303375254,3,0.6666666666666666,0.02631578947368421
late,6,5,114,64,0.5619400562496905,21,0.6666666666666666,0.18421052631578946
late,6,6,114,64,0.5580034432185588,57,0.5964912280701754,0.5
late,6,13,114,64,0.28015386114818097,15,0.3333333333333333,0.13157894736842105
late,7,1,3,64,0.6258420021415394,1,1.0,0.3333333333333333
late,7,2,3,64,0.6026383257638658,1,1.0,0.3333333333333333
late,7,6,3,64,0.5657075449207883,1,0.0,0.3333333333333333
late,10,1,86,64,0.6289653345898737,18,0.6666666666666666,0.20930232558139536
late,10,2,86,64,0.6088056540824165,16,0.5625,0.18604651162790697
late,10,3,86,64,0.606810034195226,6,0.3333333333333333,0.06976744186046512
late,10,5,86,64,0.5801306059496077,4,0.25,0.046511627906976744
late,10,6,86,64,0.5809195353921922,8,0.5,0.09302325581395349
late,10,10,86,64,0.5371734292222846,4,0.25,0.046511627906976744
late,10,13,86,64,0.34383893165562357,30,0.2,0.3488372093023256
late,11,1,36,64,0.6043730990921218,21,0.6190476190476191,0.5833333333333334
late,11,2,36,64,0.5845788556845002,2,0.0,0.05555555555555555
late,11,3,36,64,0.5933461029444281,3,0.6666666666666666,0.08333333333333333
late,11,4,36,64,0.5912908392556381,1,0.0,0.027777777777777776
late,11,5,36,64,0.5603202437907447,1,0.0,0.027777777777777776
late,11,10,36,64,0.5122451254682313,2,1.0,0.05555555555555555
late,11,11,36,64,0.5222139602446633,1,1.0,0.027777777777777776
late,11,13,36,64,0.31247280576976677,5,0.2,0.1388888888888889
late,12,14,1,64,0.24822010867399988,1,1.0,1.0
late,13,1,52,64,0.6096765913392271,6,0.5,0.11538461538461539
late,13,2,52,64,0.5840127579319856,7,0.2857142857142857,0.1346153846153846
late,13,3,52,64,0.5764506183450875,1,0.0,0.019230769230769232
late,13,5,52,64,0.5547659182300041,9,0.5555555555555556,0.17307692307692307
late,13,6,52,64,0.5562144833340308,7,0.7142857142857143,0.1346153846153846
late,13,10,52,64,0.4654082948871277,1,1.0,0.019230769230769232
late,13,13,52,64,0.2962666153832057,21,0.3333333333333333,0.40384615384615385
late,14,13,3,64,0.1811802280515521,2,0.0,0.6666666666666666
late,14,14,3,64,0.16260298743192383,1,1.0,0.3333333333333333
late,15,1,42,64,0.9421164824543504,18,0.9444444444444444,0.42857142857142855
late,15,2,42,64,0.9251761563167884,3,1.0,0.07142857142857142
late,15,5,42,64,0.918335045116877,4,1.0,0.09523809523809523
late,15,6,42,64,0.919816408107771,12,1.0,0.2857142857142857
late,15,10,42,64,0.8375956434941733,3,0.6666666666666666,0.07142857142857142
late,15,13,42,64,0.7543770851033733,2,1.0,0.047619047619047616
late,16,1,12,64,0.94465433341054,4,1.0,0.3333333333333333
late,16,3,12,64,0.9366047114624032,1,1.0,0.08333333333333333
late,16,6,12,64,0.9258182355693588,3,1.0,0.25
late,16,10,12,64,0.8419872851568447,2,1.0,0.16666666666666666
late,16,11,12,64,0.8533937563678246,1,1.0,0.08333333333333333
late,16,13,12,64,0.8218670767503783,1,1.0,0.08333333333333333
late,17,1,12,64,0.9376909581282481,8,0.75,0.6666666666666666
late,17,2,12,64,0.9225093507025733,1,1.0,0.08333333333333333
late,17,3,12,64,0.9307993053983821,2,0.5,0.16666666666666666
late,17,13,12,64,0.7885309519467795,1,1.0,0.08333333333333333
late,0,1,6,65,0.8236983323147594,3,0.6666666666666666,0.5
late,0,2,6,65,0.8095034993771087,1,1.0,0.16666666666666666
late,0,7,6,65,0.777096141821101,2,0.0,0.3333333333333333
late,1,1,4,65,0.38089168742212004,2,0.5,0.5
late,1,13,4,65,0.1634454703293014,2,0.0,0.5
late,2,1,7,65,0.43981726385021347,3,0.0,0.42857142857142855
late,2,2,7,65,0.4317766402924974,3,0.6666666666666666,0.42857142857142855
late,2,13,7,65,0.1915708357261127,1,1.0,0.14285714285714285
late,3,3,1,65,0.5580651800070031,1,0.0,1.0
late,4,1,2,65,0.46651837755748615,1,0.0,0.5
late,4,13,2,65,0.20394612376266313,1,0.0,0.5
late,5,2,2,65,0.44458900758543174,1,0.0,0.5
late,5,13,2,65,0.20527322976201146,1,0.0,0.5
late,6,6,2,65,0.2566212158716222,1,0.0,0.5
late,6,13,2,65,0.12009785207612932,1,0.0,0.5
late,10,13,2,65,0.00911938776865796,2,0.0,1.0
late,13,2,7,65,0.4638238451161861,1,1.0,0.14285714285714285
late,13,5,7,65,0.42660205728377526,1,1.0,0.14285714285714285
late,13,6,7,65,0.4287356357068021,2,0.5,0.2857142857142857
late,13,13,7,65,0.18713088913752166,3,0.3333333333333333,0.42857142857142855
late,14,14,1,65,0.12515803208031367,1,0.0,1.0
late,0,12,3,66,0.8511703149806747,3,1.0,1.0
late,6,5,1,66,0.6241114189751978,1,0.0,1.0
late,9,12,1,66,0.5306466461588106,1,1.0,1.0
late,10,2,10,66,0.5974617932215913,3,0.3333333333333333,0.3
late,10,10,10,66,0.4858422727189572,1,1.0,0.1
late,10,12,10,66,0.5088022221667827,3,0.6666666666666666,0.3
late,10,13,10,66,0.3190829155525131,3,0.0,0.3
late,12,2,49,66,0.5677640342955743,3,0.6666666666666666,0.061224489795918366
late,12,3,49,66,0.558992927325418,3,0.6666666666666666,0.061224489795918366
late,12,10,49,66,0.4825566684112737,4,0.75,0.08163265306122448
late,12,12,49,66,0.4977150490922049,38,0.5526315789473685,0.7755102040816326
late,12,14,49,66,0.24569033201673152,1,0.0,0.02040816326530612
late,13,12,4,66,0.454671935787902,2,0.0,0.5
late,13,13,4,66,0.2746689175978312,2,0.0,0.5
late,0,2,7,67,0.8018743991566817,2,1.0,0.2857142857142857
late,0,5,7,67,0.8086236440789986,2,0.5,0.2857142857142857
late,0,10,7,67,0.6616075080540954,1,0.0,0.14285714285714285
late,0,11,7,67,0.6649546016043203,1,0.0,0.14285714285714285
late,0,14,7,67,0.46988920881859586,1,0.0,0.14285714285714285
late,1,5,6,67,0.3889669704113727,2,1.0,0.3333333333333333
late,1,6,6,67,0.39142027136936725,3,0.3333333333333333,0.5
late,1,13,6,67,0.18569403318263997,1,1.0,0.16666666666666666
late,2,2,13,67,0.2957909786825982,12,0.4166666666666667,0.9230769230769231
late,2,13,13,67,0.12371769097401149,1,0.0,0.07692307692307693
late,6,2,8,67,0.4225398745995385,4,0.25,0.5
late,6,6,8,67,0.3783287154554875,2,0.5,0.25
late,6,13,8,67,0.15097297358408412,2,0.0,0.25
late,7,5,4,67,0.4450125389977536,1,1.0,0.25
late,7,6,4,67,0.4364466750220022,2,0.5,0.5
late,7,13,4,67,0.2304028995398451,1,0.0,0.25
late,10,1,3,67,0.3373300001672,1,0.0,0.3333333333333333
late,10,13,3,67,0.16581151186577525,2,0.0,0.6666666666666666
late,11,1,5,67,0.49457907384844485,1,0.0,0.2
late,11,5,5,67,0.4390919925026311,1,0.0,0.2
late,11,6,5,67,0.4400698058730638,2,0.5,0.4
late,11,13,5,67,0.2249562299685059,1,1.0,0.2
late,12,1,1,67,0.46849193268814504,1,0.0,1.0
late,13,1,5,67,0.37249361464315617,1,1.0,0.2
late,13,2,5,67,0.35451852747945434,3,0.0,0.6
late,13,14,5,67,0.12636982859140036,1,0.0,0.2
late,14,14,2,67,0.18606577276275818,2,0.0,1.0
late,1,1,5,68,0.678508603376481,3,0.6666666666666666,0.6
late,1,12,5,68,0.5632138348303061,2,1.0,0.4
late,2,14,1,68,0.3146403569867955,1,1.0,1.0
late,8,13,1,68,0.333429356619062,1,1.0,1.0
late,10,1,5,68,0.638872092824141,1,1.0,0.2
late,10,12,5,68,0.5221039328339361,3,1.0,0.6
late,10,13,5,68,0.28168108287551324,1,0.0,0.2
late,12,1,17,68,0.5942577880859384,1,1.0,0.058823529411764705
late,12,2,17,68,0.5729829761011386,2,0.0,0.11764705882352941
late,12,10,17,68,0.4897749165304862,2,0.0,0.11764705882352941
late,12,12,17,68,0.4927708485778781,9,0.5555555555555556,0.5294117647058824
late,12,13,17,68,0.2731618976059524,1,0.0,0.058823529411764705
late,12,14,17,68,0.22589276497169772,2,0.5,0.11764705882352941
late,14,14,1,68,0.22576087680743898,1,0.0,1.0
late,15,1,9,68,0.9421821603037434,5,1.0,0.5555555555555556
late,15,6,9,68,0.9220610242583381,1,1.0,0.1111111111111111
late,15,12,9,68,0.8598311643257674,3,0.6666666666666666,0.3333333333333333
late,0,1,11,69,0.8745447609575645,4,0.75,0.36363636363636365
late,0,2,11,69,0.8619225485870153,3,1.0,0.2727272727272727
late,0,5,11,69,0.8752619630317953,2,1.0,0.18181818181818182
late,0,7,11,69,0.8380723523732335,1,1.0,0.09090909090909091
late,0,10,11,69,0.7427836204971182,1,1.0,0.09090909090909091
late,1,1,46,69,0.5733349573017729,15,0.5333333333333333,0.32608695652173914
late,1,2,46,69,0.5534462131931261,2,0.0,0.043478260869565216
late,1,5,46,69,0.5193987660409242,12,0.9166666666666666,0.2608695652173913
late,1,6,46,69,0.5191514132686426,7,0.7142857142857143,0.15217391304347827
late,1,13,46,69,0.2826819916177308,10,0.3,0.21739130434782608
late,2,1,35,69,0.5697570720050629,2,0.5,0.05714285714285714
late,2,2,35,69,0.5473963772473048,26,0.4230769230769231,0.7428571428571429
late,2,5,35,69,0.5143138726591475,1,0.0,0.02857142857142857
late,2,6,35,69,0.5043451001423463,2,0.0,0.05714285714285714
late,2,13,35,69,0.27638428792799047,4,0.5,0.11428571428571428
late,3,5,2,69,0.5343491193987656,1,1.0,0.5
late,3,6,2,69,0.522202131010691,1,0.0,0.5
late,4,1,13,69,0.5579446891366502,1,1.0,0.07692307692307693
late,4,2,13,69,0.5329636473857277,4,0.5,0.3076923076923077
late,4,5,13,69,0.508472217206949,3,0.6666666666666666,0.23076923076923078
late,4,6,13,69,0.4989744242393848,4,0.5,0.3076923076923077
late,4,13,13,69,0.2612803569197721,1,0.0,0.07692307692307693
late,5,1,29,69,0.5416342199787774,4,0.25,0.13793103448275862
late,5,2,29,69,0.5167929828003442,5,0.0,0.1724137931034483
late,5,5,29,69,0.49950678615731153,9,0.3333333333333333,0.3103448275862069
late,5,6,29,69,0.49242804174915145,1,0.0,0.034482758620689655
late,5,13,29,69,0.2642503768699019,10,0.3,0.3448275862068966
late,6,1,22,69,0.5136521956530837,1,1.0,0.045454545454545456
late,6,2,22,69,0.496882501577068,1,1.0,0.045454545454545456
late,6,3,22,69,0.4892919205066331,1,1.0,0.045454545454545456
late,6,5,22,69,0.4575016256388421,4,0.0,0.18181818181818182
late,6,6,22,69,0.45386543258721246,8,0.25,0.36363636363636365
late,6,13,22,69,0.21113700315756165,7,0.14285714285714285,0.3181818181818182
late,7,2,9,69,0.4493236573191824,1,1.0,0.1111111111111111
late,7,5,9,69,0.41899853948192783,1,0.0,0.1111111111111111
late,7,6,9,69,0.4148111931795008,2,0.5,0.2222222222222222
late,7,13,9,69,0.2147449642832534,5,0.4,0.5555555555555556
late,10,1,43,69,0.5774519346831662,6,0.8333333333333334,0.13953488372093023
late,10,2,43,69,0.5565704168008615,9,0.2222222222222222,0.20930232558139536
late,10,5,43,69,0.5252333232226338,3,0.3333333333333333,0.06976744186046512
late,10,6,43,69,0.5260041253792447,2,0.5,0.046511627906976744
late,10,7,43,69,0.4938328639275354,4,0.75,0.09302325581395349
late,10,10,43,69,0.47274152299126054,2,0.0,0.046511627906976744
late,10,13,43,69,0.3135538328208756,17,0.47058823529411764,0.3953488372093023
late,11,1,11,69,0.5802697659233058,7,1.0,0.6363636363636364
late,11,5,11,69,0.5399377945318917,1,1.0,0.09090909090909091
late,11,7,11,69,0.499075116444164,1,1.0,0.09090909090909091
late,11,10,11,69,0.47452896779164355,1,0.0,0.09090909090909091
late,11,13,11,69,0.30532817543230184,1,0.0,0.09090909090909091
late,13,1,30,69,0.5246490210684456,3,0.3333333333333333,0.1
late,13,2,30,69,0.4986501322827259,4,0.5,0.13333333333333333
late,13,5,30,69,0.47156097069572606,5,0.8,0.16666666666666666
late,13,6,30,69,0.4730330191634501,2,0.5,0.06666666666666667
late,13,13,30,69,0.23692775707674898,16,0.3125,0.5333333333333333
late,15,1,5,69,0.9228568591101949,2,1.0,0.4
late,15,2,5,69,0.9009385747681499,1,1.0,0.2
late,15,4,5,69,0.9076411141794122,1,1.0,0.2
late,15,6,5,69,0.8951501043431129,1,1.0,0.2
late,16,1,8,69,0.9177870081440291,2,1.0,0.25
late,16,4,8,69,0.9069140087194625,1,1.0,0.125
late,16,5,8,69,0.893741457727069,2,1.0,0.25
late,16,6,8,69,0.8959106803511753,1,1.0,0.125
late,16,7,8,69,0.8851348549687037,1,1.0,0.125
late,16,13,8,69,0.7422387549877538,1,1.0,0.125
late,17,3,1,69,0.9231201830668847,1,1.0,1.0
late,0,1,65,70,0.8460324666870613,19,0.8421052631578947,0.2923076923076923
late,0,2,65,70,0.8346481566896087,16,0.875,0.24615384615384617
late,0,5,65,70,0.8408216314852847,5,0.8,0.07692307692307693
late,0,6,65,70,0.8401226346691799,11,0.9090909090909091,0.16923076923076924
late,0,7,65,70,0.7985086060630906,5,0.6,0.07692307692307693
late,0,10,65,70,0.690398623343051,5,0.4,0.07692307692307693
late,0,11,65,70,0.7012810382384402,1,1.0,0.015384615384615385
late,0,12,65,70,0.7569983432225494,1,1.0,0.015384615384615385
late,0,13,65,70,0.5749439979282694,2,1.0,0.03076923076923077
late,1,1,104,70,0.47783207322831256,35,0.5714285714285714,0.33653846153846156
late,1,2,104,70,0.4660973952119853,24,0.5,0.23076923076923078
late,1,3,104,70,0.4751748817887704,6,0.8333333333333334,0.057692307692307696
late,1,5,104,70,0.4296340835027852,11,0.2727272727272727,0.10576923076923077
late,1,6,104,70,0.4297098899138042,9,0.1111111111111111,0.08653846153846154
late,1,10,104,70,0.37526836869459407,1,1.0,0.009615384615384616
late,1,12,104,70,0.3823182120082097,1,1.0,0.009615384615384616
late,1,13,104,70,0.20977626135109992,15,0.26666666666666666,0.14423076923076922
late,1,14,104,70,0.18321386954520985,2,0.0,0.019230769230769232
late,2,1,75,70,0.4697194537652166,11,0.36363636363636365,0.14666666666666667
late,2,2,75,70,0.4570903225367101,53,0.4716981132075472,0.7066666666666667
late,2,5,75,70,0.42187028253895603,3,0.6666666666666666,0.04
late,2,10,75,70,0.36212411159954966,1,1.0,0.013333333333333334
late,2,12,75,70,0.3696747644336535,1,0.0,0.013333333333333334
late,2,13,75,70,0.202732078751074,4,0.5,0.05333333333333334
late,2,14,75,70,0.19653313905143,2,0.0,0.02666666666666667
late,3,1,2,70,0.5722859478253304,1,0.0,0.5
late,3,3,2,70,0.5726525471488413,1,1.0,0.5
late,4,1,33,70,0.45586361779101875,7,0.2857142857142857,0.21212121212121213
late,4,2,33,70,0.43742722790560545,5,0.8,0.15151515151515152
late,4,5,33,70,0.409314096021373,8,0.375,0.24242424242424243
late,4,6,33,70,0.40109355199221636,6,0.3333333333333333,0.18181818181818182
late,4,13,33,70,0.18659981867982717,7,0.0,0.21212121212121213
late,5,1,37,70,0.474496717616878,1,1.0,0.02702702702702703
late,5,2,37,70,0.46002446044999623,14,0.5714285714285714,0.3783783783783784
late,5,5,37,70,0.4275992028175834,15,0.5333333333333333,0.40540540540540543
late,5,6,37,70,0.42084291900194243,2,0.5,0.05405405405405406
late,5,13,37,70,0.2015492144621011,5,0.2,0.13513513513513514
late,6,1,33,70,0.4934798727201914,1,1.0,0.030303030303030304
late,6,2,33,70,0.4711714607170441,12,0.4166666666666667,0.36363636363636365
late,6,3,33,70,0.46686445028159296,1,1.0,0.030303030303030304
late,6,5,33,70,0.4396653317734546,5,0.2,0.15151515151515152
late,6,6,33,70,0.435457667606084,8,0.375,0.24242424242424243
late,6,13,33,70,0.1879179850338524,6,0.0,0.18181818181818182
late,7,1,17,70,0.5043471723168684,1,0.0,0.058823529411764705
late,7,2,17,70,0.485558966113008,6,0.3333333333333333,0.35294117647058826
late,7,5,17,70,0.45520630789099276,5,0.4,0.29411764705882354
late,7,6,17,70,0.44766025959109834,2,0.0,0.11764705882352941
late,7,13,17,70,0.24386940269834523,3,0.0,0.17647058823529413
late,10,1,53,70,0.4789398659863196,6,0.6666666666666666,0.11320754716981132
late,10,2,53,70,0.4642942292483763,20,0.3,0.37735849056603776
late,10,5,53,70,0.4328849050650389,5,0.0,0.09433962264150944
late,10,6,53,70,0.43359143734927524,3,0.0,0.05660377358490566
late,10,13,53,70,0.23834018970337928,18,0.1111111111111111,0.33962264150943394
late,10,14,53,70,0.1931575756062553,1,1.0,0.018867924528301886
late,11,1,80,70,0.49979800314893075,29,0.7586206896551724,0.3625
late,11,2,80,70,0.4795492791881353,19,0.47368421052631576,0.2375
late,11,3,80,70,0.49415755355975033,1,1.0,0.0125
late,11,5,80,70,0.4528043426572451,2,0.0,0.025
late,11,6,80,70,0.4541325614583995,2,0.0,0.025
late,11,7,80,70,0.41869913846888673,6,0.16666666666666666,0.075
late,11,10,80,70,0.39685923726640115,3,1.0,0.0375
late,11,11,80,70,0.41127388210068244,6,0.6666666666666666,0.075
late,11,13,80,70,0.23281983878785914,11,0.18181818181818182,0.1375
late,11,14,80,70,0.16025490463770825,1,0.0,0.0125
late,12,2,2,70,0.4548246576714241,2,0.0,1.0
late,13,1,29,70,0.4708904491490782,1,0.0,0.034482758620689655
late,13,2,29,70,0.44582313133400386,10,0.3,0.3448275862068966
late,13,5,29,70,0.4155629738119892,4,0.5,0.13793103448275862
late,13,6,29,70,0.4175615169275892,5,0.6,0.1724137931034483
late,13,13,29,70,0.17955436024738725,8,0.125,0.27586206896551724
late,13,14,29,70,0.14822888357489686,1,0.0,0.034482758620689655
late,14,2,8,70,0.31394740086986817,5,0.0,0.625
late,14,14,8,70,0.1374226495783541,3,0.3333333333333333,0.375
late,15,1,31,70,0.8911093133143202,15,0.9333333333333333,0.4838709677419355
late,15,2,31,70,0.864973748061253,7,0.7142857142857143,0.22580645161290322
late,15,5,31,70,0.8580384518072754,1,1.0,0.03225806451612903
late,15,6,31,70,0.8595297615824009,1,1.0,0.03225806451612903
late,15,7,31,70,0.8487464376328581,2,0.5,0.06451612903225806
late,15,10,31,70,0.760889606377407,2,0.5,0.06451612903225806
late,15,11,31,70,0.7704353416097399,2,1.0,0.06451612903225806
late,15,13,31,70,0.701449787639605,1,1.0,0.03225806451612903
late,16,4,3,70,0.8748847348154282,1,1.0,0.3333333333333333
late,16,5,3,70,0.8575768817112509,1,1.0,0.3333333333333333
late,16,10,3,70,0.76927715770641,1,1.0,0.3333333333333333
late,1,1,10,71,0.38716806716106783,1,1.0,0.1
late,1,5,10,71,0.35277780037758844,3,0.6666666666666666,0.3
late,1,6,10,71,0.3532137241203209,3,0.6666666666666666,0.3
late,1,13,10,71,0.18168528548101895,3,0.3333333333333333,0.3
late,2,2,4,71,0.4171285581571392,1,0.0,0.25
late,2,6,4,71,0.3563938176011373,1,0.0,0.25
late,2,13,4,71,0.1787673100011167,2,0.0,0.5
late,4,1,4,71,0.3887544821396828,1,1.0,0.25
late,4,6,4,71,0.34437059536607273,1,1.0,0.25
late,4,13,4,71,0.1700532199710203,2,0.0,0.5
late,5,2,2,71,0.5645259679983934,1,0.0,0.5
late,5,6,2,71,0.5078523429618605,1,0.0,0.5
late,6,5,15,71,0.44581757335168243,2,0.0,0.13333333333333333
late,6,6,15,71,0.4417536167429732,11,0.5454545454545454,0.7333333333333333
late,6,13,15,71,0.19559536605688635,2,0.0,0.13333333333333333
late,7,2,3,71,0.5113480530989669,2,1.0,0.6666666666666666
late,7,13,3,71,0.2636301361388163,1,0.0,0.3333333333333333
late,10,2,13,71,0.4760705031124459,1,0.0,0.07692307692307693
late,10,3,13,71,0.47704656532741374,2,0.5,0.15384615384615385
late,10,5,13,71,0.43346054713823035,1,0.0,0.07692307692307693
late,10,13,13,71,0.22170817961118036,9,0.2222222222222222,0.6923076923076923
late,11,1,3,71,0.559073955718051,1,0.0,0.3333333333333333
late,11,10,3,71,0.43252013705322945,2,0.0,0.6666666666666666
late,13,2,7,71,0.47746494572008846,2,1.0,0.2857142857142857
late,13,5,7,71,0.4496513184903353,1,0.0,0.14285714285714285
late,13,6,7,71,0.4512496917598191,1,1.0,0.14285714285714285
late,13,13,7,71,0.20575125846561712,3,0.0,0.42857142857142855
late,14,14,1,71,0.15526338478182228,1,0.0,1.0
late,15,1,8,71,0.9042433899403994,2,1.0,0.25
late,15,2,8,71,0.8804952744012746,1,1.0,0.125
late,15,6,8,71,0.8677385913281584,5,0.8,0.625
late,16,2,1,71,0.8627300149937878,1,1.0,1.0
late,0,1,33,72,0.8601623482242946,15,0.8666666666666667,0.45454545454545453
late,0,2,33,72,0.8473090600168659,2,0.5,0.06060606060606061
late,0,3,33,72,0.8568823104472337,1,1.0,0.030303030303030304
late,0,4,33,72,0.8555460559321459,1,1.0,0.030303030303030304
late,0,6,33,72,0.8488941124072238,8,0.875,0.24242424242424243
late,0,7,33,72,0.807880327468216,1,1.0,0.030303030303030304
late,0,10,33,72,0.6988672659005467,1,1.0,0.030303030303030304
late,0,13,33,72,0.5857150183438314,4,0.75,0.12121212121212122
late,1,1,97,72,0.5326204106150542,28,0.5714285714285714,0.28865979381443296
late,1,2,97,72,0.5167612717826843,9,0.3333333333333333,0.09278350515463918
late,1,3,97,72,0.5190767132209809,2,1.0,0.020618556701030927
late,1,5,97,72,0.4729547542832951,7,0.14285714285714285,0.07216494845360824
late,1,6,97,72,0.4729387565287839,26,0.6538461538461539,0.26804123711340205
late,1,13,97,72,0.23267162417087842,24,0.08333333333333333,0.24742268041237114
late,1,14,97,72,0.20008816197300794,1,0.0,0.010309278350515464
late,2,1,40,72,0.5143297675352783,7,0.5714285714285714,0.175
late,2,2,40,72,0.4988903348404863,13,0.38461538461538464,0.325
late,2,5,40,72,0.45606991429721705,3,0.6666666666666666,0.075
late,2,6,40,72,0.4445476253765568,8,0.5,0.2
late,2,13,40,72,0.22161449824826604,8,0.25,0.2
late,2,14,40,72,0.21400468714830648,1,0.0,0.025
late,3,3,2,72,0.5923146197687598,1,1.0,0.5
late,3,6,2,72,0.49861899923388175,1,1.0,0.5
late,4,1,57,72,0.5123694364729933,14,0.7142857142857143,0.24561403508771928
late,4,2,57,72,0.49329462190088025,4,0.25,0.07017543859649122
late,4,5,57,72,0.4603549006328217,7,0.42857142857142855,0.12280701754385964
late,4,6,57,72,0.4511576427497062,13,0.38461538461538464,0.22807017543859648
late,4,13,57,72,0.21832267486614915,19,0.21052631578947367,0.3333333333333333
late,5,1,27,72,0.5279194266907589,2,0.5,0.07407407407407407
late,5,2,27,72,0.5094783173808792,5,0.6,0.18518518518518517
late,5,5,27,72,0.47661066145863973,7,0.5714285714285714,0.25925925925925924
late,5,6,27,72,0.4690484524186208,6,0.16666666666666666,0.2222222222222222
late,5,13,27,72,0.2307468106377758,7,0.14285714285714285,0.25925925925925924
late,6,1,73,72,0.5421361766867413,8,0.75,0.1095890410958904
late,6,2,73,72,0.5237698777739177,11,0.45454545454545453,0.1506849315068493
late,6,3,73,72,0.5195675446030876,4,0.5,0.0547945205479452
late,6,5,73,72,0.47865964594021204,6,0.16666666666666666,0.0821917808219178
late,6,6,73,72,0.4744639175981587,33,0.42424242424242425,0.4520547945205479
late,6,13,73,72,0.20506693196428702,11,0.6363636363636364,0.1506849315068493
late,7,1,9,72,0.5608756703383921,3,1.0,0.3333333333333333
late,7,2,9,72,0.5465736968424459,1,0.0,0.1111111111111111
late,7,5,9,72,0.5004474830883328,1,1.0,0.1111111111111111
late,7,13,9,72,0.2657989316001835,4,0.25,0.4444444444444444
late,10,1,56,72,0.491660876826632,4,0.75,0.07142857142857142
late,10,2,56,72,0.4721546004453464,15,0.3333333333333333,0.26785714285714285
late,10,4,56,72,0.47371794013402313,2,1.0,0.03571428571428571
late,10,5,56,72,0.44032403402430675,4,0.5,0.07142857142857142
late,10,6,56,72,0.4412734930264515,4,0.0,0.07142857142857142
late,10,7,56,72,0.4173111084457979,1,0.0,0.017857142857142856
late,10,10,56,72,0.40411237130189065,1,1.0,0.017857142857142856
late,10,11,56,72,0.40878749121818664,1,0.0,0.017857142857142856
late,10,13,56,72,0.23137157372162953,24,0.125,0.42857142857142855
late,11,1,69,72,0.5013668389525806,29,0.4482758620689655,0.42028985507246375
late,11,2,69,72,0.4799470903786127,7,0.42857142857142855,0.10144927536231885
late,11,4,69,72,0.49167735986326044,3,0.6666666666666666,0.043478260869565216
late,11,5,69,72,0.4540371336525466,2,0.0,0.028985507246376812
late,11,6,69,72,0.4555950281434782,4,0.75,0.057971014492753624
late,11,7,69,72,0.41860139668009744,8,0.375,0.11594202898550725
late,11,10,69,72,0.39823502626383295,3,0.6666666666666666,0.043478260869565216
late,11,11,69,72,0.41041239019695763,1,1.0,0.014492753623188406
late,11,13,69,72,0.22049950802957408,12,0.0,0.17391304347826086
late,12,5,2,72,0.4239818506068342,1,0.0,0.5
late,12,13,2,72,0.20638009031392007,1,0.0,0.5
late,13,1,80,72,0.47389388090929374,1,1.0,0.0125
late,13,2,80,72,0.45199224027879553,7,0.7142857142857143,0.0875
late,13,3,80,72,0.44808430321065973,1,0.0,0.0125
late,13,5,80,72,0.41169047791152485,6,0.6666666666666666,0.075
late,13,6,80,72,0.41365663234824634,21,0.47619047619047616,0.2625
late,13,13,80,72,0.1813460565413397,42,0.023809523809523808,0.525
late,13,14,80,72,0.15070874520898866,2,0.0,0.025
late,14,2,1,72,0.4343192723274236,1,0.0,1.0
late,15,1,65,72,0.8961662050567786,28,0.8214285714285714,0.4307692307692308
late,15,2,65,72,0.8691848692602775,9,0.8888888888888888,0.13846153846153847
late,15,4,65,72,0.8816279421950056,4,1.0,0.06153846153846154
late,15,5,65,72,0.8655125567944829,6,0.8333333333333334,0.09230769230769231
late,15,6,65,72,0.8678785114236123,10,1.0,0.15384615384615385
late,15,7,65,72,0.8576110676355779,1,1.0,0.015384615384615385
late,15,10,65,72,0.7679446150447935,1,1.0,0.015384615384615385
late,15,11,65,72,0.7781110548465056,4,1.0,0.06153846153846154
late,15,13,65,72,0.7186418243862155,2,1.0,0.03076923076923077
late,17,1,4,72,0.8983301430943051,4,1.0,1.0
late,1,1,39,73,0.5176193758319718,21,0.5714285714285714,0.5384615384615384
late,1,2,39,73,0.4953648949412908,1,0.0,0.02564102564102564
late,1,5,39,73,0.4736111136728745,6,0.6666666666666666,0.15384615384615385
late,1,6,39,73,0.4744840191560874,4,0.5,0.10256410256410256
late,1,13,39,73,0.2571189804672086,7,0.0,0.1794871794871795
late,2,2,2,73,0.5038835159155506,1,1.0,0.5
late,2,13,2,73,0.23423379773929082,1,0.0,0.5
late,3,13,1,73,0.24068874033336787,1,0.0,1.0
late,4,1,7,73,0.4353232574081257,1,0.0,0.14285714285714285
late,4,5,7,73,0.3960674299355958,3,0.3333333333333333,0.42857142857142855
late,4,13,7,73,0.19826599084951152,3,0.0,0.42857142857142855
late,5,1,14,73,0.5079374486949141,8,0.75,0.5714285714285714
late,5,3,14,73,0.47745605315156403,1,0.0,0.07142857142857142
late,5,5,14,73,0.464604098149855,5,0.4,0.35714285714285715
late,6,1,9,73,0.5085808757114134,2,1.0,0.2222222222222222
late,6,2,9,73,0.48009568556003335,2,1.0,0.2222222222222222
late,6,5,9,73,0.4593326212542707,2,0.5,0.2222222222222222
late,6,13,9,73,0.20472536656534165,3,0.0,0.3333333333333333
late,10,1,24,73,0.5298550288694928,1,1.0,0.041666666666666664
late,10,2,24,73,0.5090700234386771,1,0.0,0.041666666666666664
late,10,3,24,73,0.5018911639506375,1,0.0,0.041666666666666664
late,10,5,24,73,0.481313571492259,4,0.25,0.16666666666666666
late,10,6,24,73,0.4819110559192485,7,0.42857142857142855,0.2916666666666667
late,10,13,24,73,0.2789448209188556,10,0.4,0.4166666666666667
late,11,1,3,73,0.5199173175489108,2,0.0,0.6666666666666666
late,11,5,3,73,0.4830780153133311,1,0.0,0.3333333333333333
late,13,1,13,73,0.511031610804377,4,0.25,0.3076923076923077
late,13,5,13,73,0.4557500204549546,3,0.3333333333333333,0.23076923076923078
late,13,6,13,73,0.45750584245067305,1,0.0,0.07692307692307693
late,13,13,13,73,0.21625558452229537,5,0.0,0.38461538461538464
late,15,1,11,73,0.8972790959031136,5,1.0,0.45454545454545453
late,15,5,11,73,0.8656860509916725,3,1.0,0.2727272727272727
late,15,6,11,73,0.867168875272607,1,1.0,0.09090909090909091
late,15,10,11,73,0.7619788830680502,2,0.5,0.18181818181818182
late,16,1,9,73,0.8962944945672304,5,0.6,0.5555555555555556
late,16,6,9,73,0.8705967948150849,2,1.0,0.2222222222222222
late,16,10,9,73,0.7592261173931825,2,1.0,0.2222222222222222
late,0,1,24,74,0.9006556544563673,4,1.0,0.16666666666666666
late,0,2,24,74,0.8908360372655721,7,0.8571428571428571,0.2916666666666667
late,0,6,24,74,0.8866399893319383,2,0.5,0.08333333333333333
late,0,10,24,74,0.7540071180391007,5,0.6,0.20833333333333334
late,0,11,24,74,0.7664977478659063,2,1.0,0.08333333333333333
late,0,13,24,74,0.6461724570672683,4,0.75,0.16666666666666666
late,1,1,20,74,0.5935898999819675,9,0.4444444444444444,0.45
late,1,2,20,74,0.5794642841139185,8,0.875,0.4
late,1,6,20,74,0.5485146529067747,2,1.0,0.1
late,1,10,20,74,0.48799865724007435,1,0.0,0.05
late,2,2,17,74,0.5600458405827256,10,0.5,0.5882352941176471
late,2,6,17,74,0.4966127261292623,3,0.0,0.17647058823529413
late,2,13,17,74,0.26099192613691036,2,0.5,0.11764705882352941
late,2,14,17,74,0.2605271898061202,2,0.0,0.11764705882352941
late,3,6,1,74,0.5243510223915925,1,0.0,1.0
late,4,1,10,74,0.4676168998628527,4,0.5,0.4
late,4,2,10,74,0.45307256091685566,2,0.5,0.2
late,4,6,10,74,0.4168936260526034,3,0.3333333333333333,0.3
late,4,14,10,74,0.19165975080710318,1,1.0,0.1
late,5,2,1,74,0.5728780824051921,1,1.0,1.0
late,6,2,9,74,0.5661451891428116,5,0.8,0.5555555555555556
late,6,4,9,74,0.5659063835847651,1,0.0,0.1111111111111111
late,6,6,9,74,0.5293575415271448,3,1.0,0.3333333333333333
late,7,6,1,74,0.5255938365313739,1,0.0,1.0
late,10,1,28,74,0.48827355811293816,6,0.6666666666666666,0.21428571428571427
late,10,2,28,74,0.47176792605625867,5,0.2,0.17857142857142858
late,10,3,28,74,0.47853696824798103,2,1.0,0.07142857142857142
late,10,4,28,74,0.47689822552875333,1,0.0,0.03571428571428571
late,10,5,28,74,0.43991332431477825,1,0.0,0.03571428571428571
late,10,6,28,74,0.4408803854863333,2,0.0,0.07142857142857142
late,10,10,28,74,0.4014016638260621,2,0.5,0.07142857142857142
late,10,13,28,74,0.24078059081256203,9,0.2222222222222222,0.32142857142857145
late,11,1,15,74,0.594870865213175,6,0.3333333333333333,0.4
late,11,2,15,74,0.5737336920577528,2,0.0,0.13333333333333333
late,11,5,15,74,0.5470023598962351,1,1.0,0.06666666666666667
late,11,6,15,74,0.5492227206302085,5,0.2,0.3333333333333333
late,11,11,15,74,0.4904054670773335,1,1.0,0.06666666666666667
late,13,1,12,74,0.4566194511106106,1,1.0,0.08333333333333333
late,13,2,12,74,0.4339393025507489,6,0.5,0.5
late,13,5,12,74,0.4124986963367389,1,1.0,0.08333333333333333
late,13,6,12,74,0.4141927353746074,1,0.0,0.08333333333333333
late,13,13,12,74,0.19717223858308178,3,0.3333333333333333,0.25
late,1,1,7,75,0.5242767084725194,1,0.0,0.14285714285714285
late,1,3,7,75,0.5031432952367142,1,0.0,0.14285714285714285
late,1,6,7,75,0.45610563541894,1,0.0,0.14285714285714285
late,1,10,7,75,0.3757035804141201,2,0.0,0.2857142857142857
late,1,11,7,75,0.38100029666506924,1,0.0,0.14285714285714285
late,1,13,7,75,0.21547445359229714,1,0.0,0.14285714285714285
late,5,1,2,75,0.4741915989415003,1,0.0,0.5
late,5,5,2,75,0.42935275758439284,1,1.0,0.5
late,7,13,1,75,0.15003934797960639,1,1.0,1.0
late,10,1,7,75,0.4716348041732166,5,0.6,0.7142857142857143
late,10,10,7,75,0.4020645095703928,1,0.0,0.14285714285714285
late,10,14,7,75,0.17022310465474835,1,0.0,0.14285714285714285
late,11,1,2,75,0.49799861483901897,1,0.0,0.5
late,11,10,2,75,0.40528068944257456,1,0.0,0.5
late,13,13,1,75,0.18672076604224683,1,1.0,1.0
late,14,2,1,75,0.49568101215001253,1,1.0,1.0
late,15,10,4,75,0.7188883862818551,3,0.6666666666666666,0.75
late,15,11,4,75,0.7258391098979975,1,1.0,0.25
late,1,1,12,76,0.598369497776919,5,0.6,0.4166666666666667
late,1,5,12,76,0.5479295179202902,1,1.0,0.08333333333333333
late,1,6,12,76,0.5468292091430179,1,1.0,0.08333333333333333
late,1,13,12,76,0.31059267583290107,5,0.6,0.4166666666666667
late,2,5,4,76,0.5298999613823877,1,1.0,0.25
late,2,6,4,76,0.5171019429526361,2,1.0,0.5
late,2,13,4,76,0.2851226954593875,1,0.0,0.25
late,5,2,3,76,0.5621355323661614,1,0.0,0.3333333333333333
late,5,13,3,76,0.28385234813412713,2,0.0,0.6666666666666666
late,6,1,24,76,0.5766805505556688,1,0.0,0.041666666666666664
late,6,2,24,76,0.5497871826852035,5,0.4,0.20833333333333334
late,6,5,24,76,0.5240729901614987,5,0.2,0.20833333333333334
late,6,6,24,76,0.5196806335190405,5,0.4,0.20833333333333334
late,6,13,24,76,0.25379188687449084,8,0.125,0.3333333333333333
late,7,2,9,76,0.5747120988692118,2,0.5,0.2222222222222222
late,7,6,9,76,0.5465480228300188,4,0.5,0.4444444444444444
late,7,13,9,76,0.319235064792204,3,0.0,0.3333333333333333
late,10,1,27,76,0.5976296998893003,4,0.75,0.14814814814814814
late,10,2,27,76,0.5760963738544042,4,0.75,0.14814814814814814
late,10,5,27,76,0.5468200575341173,4,0.5,0.14814814814814814
late,10,6,27,76,0.5473645997240646,4,0.5,0.14814814814814814
late,10,7,27,76,0.5194235192585568,1,0.0,0.037037037037037035
late,10,13,27,76,0.33264910936428005,10,0.5,0.37037037037037035
late,11,1,7,76,0.5901894268725796,4,0.5,0.5714285714285714
late,11,7,7,76,0.512979460931995,2,1.0,0.2857142857142857
late,11,13,7,76,0.3250752684369416,1,1.0,0.14285714285714285
late,13,1,34,76,0.5786824538284907,1,1.0,0.029411764705882353
late,13,2,34,76,0.5517851379724958,4,0.75,0.11764705882352941
late,13,5,34,76,0.5204430434913343,5,0.2,0.14705882352941177
late,13,6,34,76,0.522032917317321,9,0.4444444444444444,0.2647058823529412
late,13,12,34,76,0.44115997411901275,1,0.0,0.029411764705882353
late,13,13,34,76,0.2613373540136321,14,0.42857142857142855,0.4117647058823529
late,15,1,10,76,0.9255029809375312,4,0.75,0.4
late,15,6,10,76,0.9025603862717169,1,1.0,0.1
late,15,7,10,76,0.8920887474550971,3,1.0,0.3
late,15,13,10,76,0.7898522935400711,2,0.5,0.2
late,16,1,8,76,0.920951993245906,3,1.0,0.375
late,16,6,8,76,0.9020197454692476,1,1.0,0.125
late,16,7,8,76,0.8855257786113173,2,0.5,0.25
late,16,10,8,76,0.8027382029496758,1,1.0,0.125
late,16,11,8,76,0.8186123900845611,1,1.0,0.125
late,1,1,12,77,0.5609889354159848,7,0.2857142857142857,0.5833333333333334
late,1,10,12,77,0.4361618524098135,2,0.5,0.16666666666666666
late,1,13,12,77,0.2669554992328836,2,0.5,0.16666666666666666
late,1,14,12,77,0.22113175263970927,1,1.0,0.08333333333333333
late,10,1,7,77,0.5591279389004197,3,0.3333333333333333,0.42857142857142855
late,10,10,7,77,0.4699499668408308,1,1.0,0.14285714285714285
late,10,11,7,77,0.47894361860999174,1,1.0,0.14285714285714285
late,10,13,7,77,0.2889454576068665,2,0.0,0.2857142857142857
late,11,1,1,77,0.5205223687868787,1,1.0,1.0
late,12,1,1,77,0.4930380970444483,1,1.0,1.0
late,14,13,1,77,0.2690212591672162,1,1.0,1.0
late,15,1,5,77,0.9032231982603672,4,1.0,0.8
late,15,10,5,77,0.795363352366191,1,0.0,0.2
late,16,1,1,77,0.8954923696004605,1,1.0,1.0
late,0,3,10,78,0.8340921456820901,2,0.5,0.2
late,0,6,10,78,0.8327612392957363,1,1.0,0.1
late,0,8,10,78,0.7167529436019896,1,1.0,0.1
late,0,10,10,78,0.701737807197903,1,1.0,0.1
late,0,12,10,78,0.7513713505174408,4,1.0,0.4
late,0,13,10,78,0.5625256359570093,1,0.0,0.1
late,1,3,2,78,0.28066040049192625,1,1.0,0.5
late,1,13,2,78,0.13165825502145723,1,0.0,0.5
late,3,6,1,78,0.4584581067761003,1,0.0,1.0
late,6,13,1,78,0.24228756085798905,1,1.0,1.0
late,8,12,1,78,0.39546536050584985,1,1.0,1.0
late,9,3,1,78,0.532482045582645,1,1.0,1.0
late,10,1,19,78,0.4520613166027254,2,0.0,0.10526315789473684
late,10,2,19,78,0.4374322203257101,1,0.0,0.05263157894736842
late,10,3,19,78,0.4344610595293019,1,1.0,0.05263157894736842
late,10,5,19,78,0.39785439329935646,1,0.0,0.05263157894736842
late,10,6,19,78,0.39895197777122093,2,0.0,0.10526315789473684
late,10,12,19,78,0.3783667451316754,9,0.5555555555555556,0.47368421052631576
late,10,13,19,78,0.21417793853127431,3,0.0,0.15789473684210525
late,11,3,1,78,0.5547551237866136,1,1.0,1.0
late,12,1,49,78,0.4621975448179922,1,0.0,0.02040816326530612
late,12,2,49,78,0.44434686274523494,1,1.0,0.02040816326530612
late,12,3,49,78,0.4378720311494038,3,0.0,0.061224489795918366
late,12,5,49,78,0.4048476934488365,2,0.0,0.04081632653061224
late,12,6,49,78,0.4199656390315169,1,1.0,0.02040816326530612
late,12,10,49,78,0.36731803409968955,4,0.25,0.08163265306122448
late,12,12,49,78,0.37801091978050816,22,0.45454545454545453,0.4489795918367347
late,12,13,49,78,0.21773936083519602,14,0.07142857142857142,0.2857142857142857
late,12,14,49,78,0.17426612162213906,1,0.0,0.02040816326530612
late,13,12,1,78,0.3729357567786458,1,0.0,1.0
late,1,3,3,79,0.48120599246964096,1,0.0,0.3333333333333333
late,1,10,3,79,0.3282584831814739,1,0.0,0.3333333333333333
late,1,11,3,79,0.3389432987811533,1,0.0,0.3333333333333333
late,4,3,2,79,0.4004169010768792,1,1.0,0.5
late,4,6,2,79,0.3902508251295992,1,0.0,0.5
late,5,9,1,79,0.3615308968999294,1,1.0,1.0
late,6,10,1,79,0.3247175465226203,1,1.0,1.0
late,10,1,11,79,0.36500803847896895,4,0.25,0.36363636363636365
late,10,5,11,79,0.33288086798125405,2,0.0,0.18181818181818182
late,10,9,11,79,0.32302963741534685,1,0.0,0.09090909090909091
late,10,10,11,79,0.30776879898063314,4,0.25,0.36363636363636365
late,15,1,2,79,0.8640875618469948,1,1.0,0.5
late,15,10,2,79,0.7059866860428736,1,1.0,0.5
late,1,1,5,80,0.6398885053410466,1,1.0,0.2
late,1,2,5,80,0.628257556741636,1,0.0,0.2
late,1,6,5,80,0.5882986767529983,3,0.6666666666666666,0.6
late,2,1,1,80,0.6054079334542146,1,0.0,1.0
late,5,13,3,80,0.3079003644103738,3,1.0,1.0
late,6,1,8,80,0.561045907433691,1,0.0,0.125
late,6,2,8,80,0.5492994535952961,2,0.0,0.25
late,6,6,8,80,0.49589047748160353,2,0.0,0.25
late,6,13,8,80,0.22836340509394432,3,0.0,0.375
late,7,6,1,80,0.5716350729390621,1,1.0,1.0
late,10,6,6,80,0.5738907473506798,4,0.75,0.6666666666666666
late,10,13,6,80,0.34691887133925386,2,1.0,0.3333333333333333
late,11,5,4,80,0.5343330965984949,2,1.0,0.5
late,11,6,4,80,0.5357724402419316,1,0.0,0.25
late,11,13,4,80,0.2533981903313803,1,0.0,0.25
late,13,5,3,80,0.5301434597439196,1,0.0,0.3333333333333333
late,13,7,3,80,0.4716910371301193,1,0.0,0.3333333333333333
late,13,13,3,80,0.27564073951162954,1,0.0,0.3333333333333333
late,15,1,9,80,0.9256809413215371,3,1.0,0.3333333333333333
late,15,5,9,80,0.8963111565114839,2,1.0,0.2222222222222222
late,15,10,9,80,0.8170479875398071,1,0.0,0.1111111111111111
late,15,11,9,80,0.8197319650039505,1,1.0,0.1111111111111111
late,15,13,9,80,0.7204398378110594,2,1.0,0.2222222222222222
late,16,1,2,80,0.931721373504331,1,1.0,0.5
late,16,11,2,80,0.8333484647127515,1,1.0,0.5
late,1,1,18,81,0.5495669153908616,1,1.0,0.05555555555555555
late,1,2,18,81,0.5279406215040856,8,0.625,0.4444444444444444
late,1,5,18,81,0.4992119415674075,3,0.3333333333333333,0.16666666666666666
late,1,6,18,81,0.4985321141126085,1,1.0,0.05555555555555555
late,1,13,18,81,0.2685835751114386,5,0.2,0.2777777777777778
late,2,2,18,81,0.49303275285543396,10,0.3,0.5555555555555556
late,2,5,18,81,0.4636191292608931,1,0.0,0.05555555555555555
late,2,13,18,81,0.2357926732101111,6,0.0,0.3333333333333333
late,2,14,18,81,0.21809775103037796,1,1.0,0.05555555555555555
late,4,2,1,81,0.4831325025325301,1,1.0,1.0
late,5,1,5,81,0.5159270129227683,1,0.0,0.2
late,5,2,5,81,0.4883666808068087,2,0.5,0.4
late,5,5,5,81,0.4743368444432316,1,0.0,0.2
late,5,13,5,81,0.244120176133985,1,0.0,0.2
late,6,2,2,81,0.5025412284519863,1,1.0,0.5
late,6,6,2,81,0.4733406487602847,1,1.0,0.5
late,7,13,1,81,0.27568701404937507,1,0.0,1.0
late,10,1,19,81,0.5487293939050977,1,0.0,0.05263157894736842
late,10,2,19,81,0.5274512964163222,8,0.75,0.42105263157894735
late,10,5,19,81,0.49733911084658833,2,0.5,0.10526315789473684
late,10,6,19,81,0.4980232183896275,1,1.0,0.05263157894736842
late,10,10,19,81,0.45174214229752757,1,1.0,0.05263157894736842
late,10,13,19,81,0.28488132333631677,6,0.0,0.3157894736842105
late,13,1,14,81,0.5235404700906294,2,0.0,0.14285714285714285
late,13,2,14,81,0.49607723268865955,6,0.5,0.42857142857142855
late,13,10,14,81,0.3848287758877542,1,1.0,0.07142857142857142
late,13,13,14,81,0.23009172436125042,5,0.2,0.35714285714285715
late,14,2,1,81,0.417450463715031,1,0.0,1.0
late,15,1,12,81,0.9038316622544372,2,0.5,0.16666666666666666
late,15,2,12,81,0.8779064123994306,6,1.0,0.5
late,15,5,12,81,0.8763528858409542,1,1.0,0.08333333333333333
late,15,7,12,81,0.8678051343041969,1,1.0,0.08333333333333333
late,15,10,12,81,0.7781240843341095,1,1.0,0.08333333333333333
late,15,13,12,81,0.7267621268170315,1,1.0,0.08333333333333333
late,16,1,5,81,0.9129475322096934,2,1.0,0.4
late,16,3,5,81,0.9024998851891677,1,1.0,0.2
late,16,6,5,81,0.8845265186423512,1,1.0,0.2
late,16,10,5,81,0.7961628223639753,1,0.0,0.2
late,3,3,18,82,0.6821331033395792,8,0.625,0.4444444444444444
late,3,5,18,82,0.6215613239030043,4,0.25,0.2222222222222222
late,3,9,18,82,0.5700877495472368,1,1.0,0.05555555555555555
late,3,11,18,82,0.5137220744181227,1,0.0,0.05555555555555555
late,3,12,18,82,0.5300470091183839,1,1.0,0.05555555555555555
late,3,13,18,82,0.3227043537763088,3,0.3333333333333333,0.16666666666666666
late,5,1,11,82,0.6718061315977042,1,1.0,0.09090909090909091
late,5,3,11,82,0.6579543418253995,5,0.8,0.45454545454545453
late,5,5,11,82,0.6010766559090475,2,0.0,0.18181818181818182
late,5,12,11,82,0.545895548789114,2,1.0,0.18181818181818182
late,5,13,11,82,0.328140719524166,1,0.0,0.09090909090909091
late,8,5,1,82,0.5880321136759843,1,1.0,1.0
late,9,3,14,82,0.6477950527933756,4,0.25,0.2857142857142857
late,9,9,14,82,0.6229703533886936,1,0.0,0.07142857142857142
late,9,10,14,82,0.5934829239368505,1,0.0,0.07142857142857142
late,9,12,14,82,0.6104862643765351,6,0.5,0.42857142857142855
late,9,13,14,82,0.4113993974874747,1,0.0,0.07142857142857142
late,9,14,14,82,0.3324450003750488,1,0.0,0.07142857142857142
late,10,3,127,82,0.6593006908439955,34,0.8235294117647058,0.2677165354330709
late,10,5,127,82,0.6369806479570749,7,0.7142857142857143,0.05511811023622047
late,10,8,127,82,0.5585568527180345,1,0.0,0.007874015748031496
late,10,9,127,82,0.6164566483566679,3,0.6666666666666666,0.023622047244094488
late,10,10,127,82,0.5961179223678991,45,0.7777777777777778,0.3543307086614173
late,10,12,127,82,0.6066476587007363,29,0.6206896551724138,0.2283464566929134
late,10,13,127,82,0.3875865553349985,8,0.375,0.06299212598425197
late,11,8,2,82,0.5322813505463236,1,0.0,0.5
late,11,10,2,82,0.5649117443743442,1,1.0,0.5
late,12,1,100,82,0.6135610627988126,1,0.0,0.01
late,12,2,100,82,0.5964178632862023,2,1.0,0.02
late,12,3,100,82,0.5885313693008749,19,0.5789473684210527,0.19
late,12,5,100,82,0.5645494084555627,16,0.375,0.16
late,12,9,100,82,0.5569927147305522,5,0.8,0.05
late,12,10,100,82,0.5331795739918828,21,0.6666666666666666,0.21
late,12,12,100,82,0.5414302951577524,23,0.6521739130434783,0.23
late,12,13,100,82,0.3505453808309186,11,0.0,0.11
late,12,14,100,82,0.28909370524794603,2,0.0,0.02
late,13,13,2,82,0.19141744748986947,2,0.0,1.0
late,14,14,1,82,0.25395691920673924,1,1.0,1.0
late,15,5,12,82,0.9290400784966901,3,0.6666666666666666,0.25
late,15,10,12,82,0.8747201741457796,4,1.0,0.3333333333333333
late,15,12,12,82,0.8775392524244104,5,0.8,0.4166666666666667
late,18,10,1,82,0.9049846517075312,1,1.0,1.0
late,1,1,6,83,0.48521086794284746,1,0.0,0.16666666666666666
late,1,2,6,83,0.4657206614028364,2,0.5,0.3333333333333333
late,1,5,6,83,0.43699925552714775,1,0.0,0.16666666666666666
late,1,8,6,83,0.3631799509261944,1,1.0,0.16666666666666666
late,1,13,6,83,0.21801913956323926,1,0.0,0.16666666666666666
late,2,6,3,83,0.266028183688518,1,0.0,0.3333333333333333
late,2,8,3,83,0.2086749413858285,1,0.0,0.3333333333333333
late,2,14,3,83,0.10953964650811081,1,0.0,0.3333333333333333
late,4,8,1,83,0.3248040964392219,1,0.0,1.0
late,5,5,2,83,0.4108262278495327,2,0.0,1.0
late,6,2,1,83,0.4775750886470603,1,0.0,1.0
late,7,1,1,83,0.5131871372180726,1,1.0,1.0
late,8,1,2,83,0.4972899173088904,1,1.0,0.5
late,8,8,2,83,0.3091452210934791,1,0.0,0.5
late,10,1,4,83,0.44510697449669945,1,0.0,0.25
late,10,2,4,83,0.42578205634727223,1,0.0,0.25
late,10,5,4,83,0.39115754315783235,1,1.0,0.25
late,10,13,4,83,0.16251333196591922,1,1.0,0.25
late,11,1,2,83,0.44291709046265293,2,0.0,1.0
late,15,1,4,83,0.8559510812987581,4,0.75,1.0
late,1,1,6,84,0.6238346830506961,4,0.75,0.6666666666666666
late,1,3,6,84,0.6216073061204449,2,0.5,0.3333333333333333
late,10,1,8,84,0.6344581542891865,1,1.0,0.125
late,10,12,8,84,0.5361043131642732,6,0.6666666666666666,0.75
late,10,13,8,84,0.3389390558525575,1,0.0,0.125
late,12,1,15,84,0.5830602342130066,1,1.0,0.06666666666666667
late,12,5,15,84,0.535096533659918,2,0.0,0.13333333333333333
late,12,6,15,84,0.5509370687661794,1,0.0,0.06666666666666667
late,12,12,15,84,0.5104154654133116,11,0.36363636363636365,0.7333333333333333
late,13,3,1,84,0.6119813590473218,1,1.0,1.0
late,15,1,3,84,0.9283184075229968,1,1.0,0.3333333333333333
late,15,12,3,84,0.8124364467530997,1,1.0,0.3333333333333333
late,15,14,3,84,0.6282102613731363,1,0.0,0.3333333333333333
late,17,1,3,84,0.93771442532242,1,1.0,0.3333333333333333
late,17,12,3,84,0.8553245347041126,1,1.0,0.3333333333333333
late,17,13,3,84,0.8179512765089308,1,1.0,0.3333333333333333
late,1,1,6,85,0.6379790893271531,1,0.0,0.16666666666666666
late,1,2,6,85,0.6120176988167455,2,1.0,0.3333333333333333
late,1,6,6,85,0.5864550401934482,1,1.0,0.16666666666666666
late,1,13,6,85,0.3421309607600113,2,0.5,0.3333333333333333
late,2,1,12,85,0.6290020616237408,1,1.0,0.08333333333333333
late,2,2,12,85,0.6041673068359983,2,1.0,0.16666666666666666
late,2,6,12,85,0.5555917951187851,3,1.0,0.25
late,2,13,12,85,0.31533446130715675,6,0.16666666666666666,0.5
late,4,1,1,85,0.5948139131589201,1,1.0,1.0
late,6,2,11,85,0.5871218067315331,5,0.8,0.45454545454545453
late,6,6,11,85,0.5584198526328228,4,0.5,0.36363636363636365
late,6,10,11,85,0.454274683442999,1,0.0,0.09090909090909091
late,6,13,11,85,0.2862388816370954,1,0.0,0.09090909090909091
late,7,6,2,85,0.6008075355444342,2,1.0,1.0
late,10,1,14,85,0.6556362076571832,3,0.6666666666666666,0.21428571428571427
late,10,5,14,85,0.5969009177603087,1,0.0,0.07142857142857142
late,10,6,14,85,0.5977748840601793,3,0.3333333333333333,0.21428571428571427
late,10,10,14,85,0.5266070981814973,1,1.0,0.07142857142857142
late,10,13,14,85,0.3628662430321226,6,0.3333333333333333,0.42857142857142855
late,11,5,1,85,0.5719004195256752,1,1.0,1.0
late,13,2,6,85,0.6318263678195711,2,1.0,0.3333333333333333
late,13,13,6,85,0.310286171607763,4,0.0,0.6666666666666666
late,15,1,3,85,0.9351866616742406,2,1.0,0.6666666666666666
late,15,10,3,85,0.8512951474377181,1,0.0,0.3333333333333333
late,16,13,1,85,0.8170159075381067,1,1.0,1.0
late,1,1,9,86,0.4847114289106815,4,0.75,0.4444444444444444
late,1,2,9,86,0.46806118961815674,3,0.3333333333333333,0.3333333333333333
late,1,5,9,86,0.4427940484346762,1,1.0,0.1111111111111111
late,1,14,9,86,0.18627580515546022,1,0.0,0.1111111111111111
late,4,1,8,86,0.4002194952687132,2,0.5,0.25
late,4,2,8,86,0.37919534843628633,2,0.0,0.25
late,4,5,8,86,0.3622238780396421,1,0.0,0.125
late,4,13,8,86,0.1680575943990689,3,0.0,0.375
late,5,1,8,86,0.4687992361648026,4,0.75,0.5
late,5,2,8,86,0.44520659729503276,1,1.0,0.125
late,5,13,8,86,0.19802463721499003,3,0.3333333333333333,0.375
late,7,2,1,86,0.44503281190627453,1,0.0,1.0
late,10,1,8,86,0.29254966816351263,2,0.5,0.25
late,10,2,8,86,0.2789322277685846,1,0.0,0.125
late,10,13,8,86,0.1434875673256308,4,0.0,0.5
late,10,14,8,86,0.11193467093407365,1,0.0,0.125
late,11,1,12,86,0.35085182916873636,5,0.4,0.4166666666666667
late,11,5,12,86,0.3130612882509067,1,1.0,0.08333333333333333
late,11,7,12,86,0.2945813817336405,1,0.0,0.08333333333333333
late,11,13,12,86,0.13453674399375337,5,0.0,0.4166666666666667
late,13,1,6,86,0.4538520439924503,1,0.0,0.16666666666666666
late,13,2,6,86,0.42514628768880125,2,0.0,0.3333333333333333
late,13,5,6,86,0.40105316866712837,1,1.0,0.16666666666666666
late,13,13,6,86,0.18008145198970782,2,0.5,0.3333333333333333
late,15,1,7,86,0.8570561170998648,4,0.75,0.5714285714285714
late,15,4,7,86,0.843120292124784,2,1.0,0.2857142857142857
late,15,7,7,86,0.8269654364920969,1,1.0,0.14285714285714285
late,1,5,8,87,0.4002262315858106,1,0.0,0.125
late,1,6,8,87,0.3978327434645355,5,0.4,0.625
late,1,13,8,87,0.18403234228645968,2,0.0,0.25
late,6,5,5,87,0.34605714366269325,1,0.0,0.2
late,6,6,5,87,0.3427242353875085,2,1.0,0.4
late,6,13,5,87,0.13662415343294282,2,0.5,0.4
late,7,1,2,87,0.463353926727847,2,0.5,1.0
late,10,2,5,87,0.4654842423922636,1,0.0,0.2
late,10,3,5,87,0.4604153862018589,1,1.0,0.2
late,10,6,5,87,0.42888779226005436,1,0.0,0.2
late,10,13,5,87,0.22282185908934804,2,0.0,0.4
late,11,1,1,87,0.4550490138244364,1,1.0,1.0
late,13,2,6,87,0.43563051690800525,2,0.5,0.3333333333333333
late,13,5,6,87,0.39948288064934623,1,0.0,0.16666666666666666
late,13,6,6,87,0.4010623122455413,1,0.0,0.16666666666666666
late,13,13,6,87,0.17669375580418778,2,0.5,0.3333333333333333
late,15,1,3,87,0.8648335322823252,1,0.0,0.3333333333333333
late,15,2,3,87,0.8299489942174668,1,0.0,0.3333333333333333
late,15,5,3,87,0.8318011328861331,1,1.0,0.3333333333333333
late,16,1,1,87,0.8524206526938474,1,0.0,1.0
late,0,1,14,88,0.905112461232841,7,1.0,0.5
late,0,2,14,88,0.895055755516125,5,1.0,0.35714285714285715
late,0,4,14,88,0.9059218104979763,1,1.0,0.07142857142857142
late,0,11,14,88,0.7876224932982502,1,1.0,0.07142857142857142
late,1,1,16,88,0.5625264090100713,12,0.6666666666666666,0.75
late,1,2,16,88,0.5495029953987999,1,1.0,0.0625
late,1,13,16,88,0.2838184760750542,3,0.0,0.1875
late,2,1,10,88,0.542273604234122,6,0.5,0.6
late,2,2,10,88,0.5324967709492986,1,0.0,0.1
late,2,6,10,88,0.4822865592272785,2,0.5,0.2
late,2,14,10,88,0.2524124751554703,1,0.0,0.1
late,4,5,3,88,0.535654427774942,1,1.0,0.3333333333333333
late,4,6,3,88,0.5257638827556909,1,0.0,0.3333333333333333
late,4,13,3,88,0.2803649295709762,1,1.0,0.3333333333333333
late,6,13,1,88,0.31870343662029826,1,1.0,1.0
late,7,2,2,88,0.2892731594639951,2,0.0,1.0
late,10,13,1,88,0.3341874807911985,1,0.0,1.0
late,11,1,16,88,0.5464074469546708,7,0.5714285714285714,0.4375
late,11,2,16,88,0.5256912952340255,5,0.4,0.3125
late,11,7,16,88,0.49133308693317107,3,0.6666666666666666,0.1875
late,11,13,16,88,0.2553152645466969,1,0.0,0.0625
late,13,13,2,88,0.11469750635277111,2,0.0,1.0
late,1,1,12,89,0.46564047688451793,4,0.25,0.3333333333333333
late,1,6,12,89,0.4097571362046379,5,0.4,0.4166666666666667
late,1,13,12,89,0.20840250050981127,2,0.5,0.16666666666666666
late,1,14,12,89,0.17118418920272252,1,0.0,0.08333333333333333
late,4,1,2,89,0.5128657556219451,1,0.0,0.5
late,4,6,2,89,0.45828648183293186,1,1.0,0.5
late,5,1,1,89,0.5556656181379949,1,0.0,1.0
late,6,1,10,89,0.4917100779165846,4,0.5,0.4
late,6,6,10,89,0.43448013376876127,6,0.16666666666666666,0.6
late,7,2,2,89,0.4887863479742031,1,1.0,0.5
late,7,13,2,89,0.23712055987560515,1,1.0,0.5
late,10,2,13,89,0.31485606823648327,4,1.0,0.3076923076923077
late,10,5,13,89,0.2910596765054658,2,0.0,0.15384615384615385
late,10,6,13,89,0.29209090593347936,1,0.0,0.07692307692307693
late,10,13,13,89,0.1439205676105669,6,0.0,0.46153846153846156
late,11,1,4,89,0.3996259626370948,1,1.0,0.25
late,11,5,4,89,0.3574364469933677,1,0.0,0.25
late,11,10,4,89,0.3236988951261432,1,1.0,0.25
late,11,13,4,89,0.1561680076483182,1,0.0,0.25
late,13,2,6,89,0.3078617060814437,1,0.0,0.16666666666666666
late,13,5,6,89,0.2898624412793353,2,0.0,0.3333333333333333
late,13,13,6,89,0.11974011149863263,3,0.3333333333333333,0.5
late,15,1,7,89,0.9062350997276861,4,1.0,0.5714285714285714
late,15,10,7,89,0.7854788206710993,3,1.0,0.42857142857142855
late,16,1,3,89,0.8807271233285657,2,1.0,0.6666666666666666
late,16,5,3,89,0.8586438849917215,1,1.0,0.3333333333333333
late,0,1,6,90,0.813905223711151,4,0.75,0.6666666666666666
late,0,2,6,90,0.7981310872264934,1,1.0,0.16666666666666666
late,0,10,6,90,0.6480798340945753,1,1.0,0.16666666666666666
late,1,1,24,90,0.43623235193031223,15,0.5333333333333333,0.625
late,1,2,24,90,0.4213765358852808,2,0.5,0.08333333333333333
late,1,5,24,90,0.39504797444117723,2,0.0,0.08333333333333333
late,1,6,24,90,0.39371035612370037,3,0.3333333333333333,0.125
late,1,13,24,90,0.18717784904103704,2,0.5,0.08333333333333333
late,2,1,10,90,0.4492353219721713,5,0.2,0.5
late,2,2,10,90,0.4283132623908238,3,0.6666666666666666,0.3
late,2,5,10,90,0.3972396352508762,1,0.0,0.1
late,2,13,10,90,0.18593990700457458,1,1.0,0.1
late,3,3,1,90,0.5301468342722655,1,1.0,1.0
late,4,1,3,90,0.4546376220753788,1,0.0,0.3333333333333333
late,4,5,3,90,0.40390253575078305,1,0.0,0.3333333333333333
late,4,13,3,90,0.17885734535480646,1,0.0,0.3333333333333333
late,5,1,7,90,0.47386464060851236,4,0.5,0.5714285714285714
late,5,6,7,90,0.4077900994018363,2,0.5,0.2857142857142857
late,5,13,7,90,0.19156736714883535,1,0.0,0.14285714285714285
late,6,2,12,90,0.4134634925225422,1,1.0,0.08333333333333333
late,6,3,12,90,0.40059291416527804,1,0.0,0.08333333333333333
late,6,5,12,90,0.3771174058351591,2,0.0,0.16666666666666666
late,6,6,12,90,0.3731162659234461,6,0.5,0.5
late,6,13,12,90,0.15027416115511197,2,0.0,0.16666666666666666
late,7,1,4,90,0.3393177208371104,2,0.5,0.5
late,7,2,4,90,0.3193650055846652,2,0.5,0.5
late,10,1,29,90,0.41481110935804005,2,0.5,0.06896551724137931
late,10,2,29,90,0.39520837506638673,13,0.3076923076923077,0.4482758620689655
late,10,5,29,90,0.37345263332318734,2,0.0,0.06896551724137931
late,10,10,29,90,0.3325691017526857,1,0.0,0.034482758620689655
late,10,13,29,90,0.19261351821570247,11,0.18181818181818182,0.3793103448275862
late,11,1,14,90,0.38552552164565335,5,0.2,0.35714285714285715
late,11,2,14,90,0.367208825177112,1,0.0,0.07142857142857142
late,11,5,14,90,0.34252564381822437,4,0.25,0.2857142857142857
late,11,10,14,90,0.3103990448265904,2,0.5,0.14285714285714285
late,11,11,14,90,0.31576793314376234,1,0.0,0.07142857142857142
late,11,13,14,90,0.15071459634063852,1,0.0,0.07142857142857142
late,13,2,12,90,0.42506224898148454,3,0.3333333333333333,0.25
late,13,3,12,90,0.4183608054849392,1,0.0,0.08333333333333333
late,13,5,12,90,0.39248124591265826,2,0.0,0.16666666666666666
late,13,6,12,90,0.3947075390655415,1,1.0,0.08333333333333333
late,13,13,12,90,0.164361477386479,5,0.2,0.4166666666666667
late,15,1,7,90,0.8574221948598426,5,1.0,0.7142857142857143
late,15,5,7,90,0.821658007243753,1,1.0,0.14285714285714285
late,15,11,7,90,0.7198147231780586,1,0.0,0.14285714285714285
late,16,6,2,90,0.8437139760798448,1,1.0,0.5
late,16,11,2,90,0.7239386620232329,1,1.0,0.5
late,1,1,1,91,0.5483529080087098,1,0.0,1.0
late,2,1,2,91,0.5057661428736056,1,0.0,0.5
late,2,12,2,91,0.37530418223981876,1,0.0,0.5
late,12,1,20,91,0.47947243670161005,2,1.0,0.1
late,12,2,20,91,0.4568028232628506,3,0.0,0.15
late,12,10,20,91,0.3947906977553317,1,1.0,0.05
late,12,11,20,91,0.4035171079347345,1,0.0,0.05
late,12,12,20,91,0.4089927541730704,10,0.4,0.5
late,12,13,20,91,0.23653937614374992,3,0.3333333333333333,0.15
late,13,10,1,91,0.3638394513926176,1,0.0,1.0
late,15,1,4,91,0.8900442737468309,2,1.0,0.5
late,15,12,4,91,0.7662857422340873,2,1.0,0.5
late,1,1,32,92,0.4978786352827625,11,0.5454545454545454,0.34375
late,1,2,32,92,0.478824723985149,2,0.5,0.0625
late,1,5,32,92,0.44482510547899246,9,0.3333333333333333,0.28125
late,1,6,32,92,0.4440966090443636,4,0.5,0.125
late,1,13,32,92,0.21815342081742362,6,0.3333333333333333,0.1875
late,2,1,22,92,0.46731354398438757,2,1.0,0.09090909090909091
late,2,2,22,92,0.4423682912203843,14,0.14285714285714285,0.6363636363636364
late,2,5,22,92,0.4117832314734582,2,1.0,0.09090909090909091
late,2,6,22,92,0.40230274766994645,1,0.0,0.045454545454545456
late,2,8,22,92,0.33007716644944507,1,0.0,0.045454545454545456
late,2,13,22,92,0.19717440161905495,2,0.0,0.09090909090909091
late,4,1,17,92,0.4653929391067355,3,0.6666666666666666,0.17647058823529413
late,4,2,17,92,0.44069346155840783,3,0.3333333333333333,0.17647058823529413
late,4,5,17,92,0.41746010337274514,4,0.0,0.23529411764705882
late,4,6,17,92,0.40796355175063437,4,0.25,0.23529411764705882
late,4,13,17,92,0.18839316775795645,3,0.3333333333333333,0.17647058823529413
late,5,1,23,92,0.4799726285534985,8,0.375,0.34782608695652173
late,5,2,23,92,0.458338751164321,1,0.0,0.043478260869565216
late,5,5,23,92,0.4248130016724681,7,0.7142857142857143,0.30434782608695654
late,5,6,23,92,0.4171396115466101,5,0.4,0.21739130434782608
late,5,13,23,92,0.1967351719324551,2,0.0,0.08695652173913043
late,6,1,30,92,0.45994288861919064,3,0.3333333333333333,0.1
late,6,2,30,92,0.4354690570111884,4,0.75,0.13333333333333333
late,6,5,30,92,0.4060172964063636,4,0.0,0.13333333333333333
late,6,6,30,92,0.40185914656893856,9,0.4444444444444444,0.3
late,6,13,30,92,0.1677413546578362,10,0.0,0.3333333333333333
late,8,14,1,92,0.1592363739868232,1,0.0,1.0
late,10,1,19,92,0.4615223886625036,4,0.25,0.21052631578947367
late,10,2,19,92,0.44143344622599906,1,1.0,0.05263157894736842
late,10,5,19,92,0.41267579774101515,2,0.0,0.10526315789473684
late,10,6,19,92,0.41361430791921444,1,1.0,0.05263157894736842
late,10,10,19,92,0.36125899638431996,2,1.0,0.10526315789473684
late,10,13,19,92,0.2102379762955236,9,0.1111111111111111,0.47368421052631576
late,11,2,6,92,0.502698491376495,2,0.5,0.3333333333333333
late,11,4,6,92,0.49272178932236205,3,0.6666666666666666,0.5
late,11,10,6,92,0.38528235630490104,1,0.0,0.16666666666666666
late,13,2,21,92,0.43268861806317316,11,0.18181818181818182,0.5238095238095238
late,13,5,21,92,0.40927337985324985,2,0.0,0.09523809523809523
late,13,6,21,92,0.41092494038785465,4,0.25,0.19047619047619047
late,13,13,21,92,0.1821589848414858,4,0.25,0.19047619047619047
late,15,4,3,92,0.8699542185772491,1,1.0,0.3333333333333333
late,15,6,3,92,0.8530241115078079,1,1.0,0.3333333333333333
late,15,10,3,92,0.7037631710375525,1,0.0,0.3333333333333333
late,16,1,11,92,0.867122204321958,6,1.0,0.5454545454545454
late,16,2,11,92,0.8401758157598725,3,1.0,0.2727272727272727
late,16,6,11,92,0.8453675162481479,1,1.0,0.09090909090909091
late,16,10,11,92,0.7173361756321172,1,1.0,0.09090909090909091
late,17,1,12,92,0.8634586952860355,8,0.875,0.6666666666666666
late,17,2,12,92,0.8364680989223651,2,1.0,0.16666666666666666
late,17,5,12,92,0.8498999436421727,2,1.0,0.16666666666666666
late,1,3,5,93,0.4788966755630616,1,1.0,0.2
late,1,6,5,93,0.40196048126958506,2,0.0,0.4
late,1,10,5,93,0.32578382290954655,1,0.0,0.2
late,1,13,5,93,0.1699826240382132,1,0.0,0.2
late,6,13,1,93,0.1713478773175014,1,0.0,1.0
late,10,1,10,93,0.47379092630963837,1,1.0,0.1
late,10,3,10,93,0.4414304457242668,3,0.6666666666666666,0.3
late,10,5,10,93,0.4307825367309392,2,0.5,0.2
late,10,10,10,93,0.38337285441961066,1,0.0,0.1
late,10,13,10,93,0.22630022982722697,3,0.0,0.3
late,11,1,2,93,0.4798759990068006,1,1.0,0.5
late,11,3,2,93,0.44739212655000216,1,0.0,0.5
late,15,1,7,93,0.8688764257106791,6,0.6666666666666666,0.8571428571428571
late,15,10,7,93,0.7538646887576291,1,1.0,0.14285714285714285
late,1,1,19,94,0.4928354421879084,7,0.5714285714285714,0.3684210526315789
late,1,3,19,94,0.48546316705274745,4,0.25,0.21052631578947367
late,1,10,19,94,0.3481916931320554,3,0.3333333333333333,0.15789473684210525
late,1,11,19,94,0.36322412138283916,5,0.2,0.2631578947368421
late,3,3,1,94,0.5397336703523649,1,0.0,1.0
late,6,1,2,94,0.45726405550466354,1,1.0,0.5
late,6,3,2,94,0.4209233489743499,1,0.0,0.5
late,7,1,1,94,0.41664820088194904,1,0.0,1.0
late,10,1,31,94,0.46198361613642114,13,0.46153846153846156,0.41935483870967744
late,10,3,31,94,0.44083216699773914,3,0.3333333333333333,0.0967741935483871
late,10,9,31,94,0.39584972027364024,1,1.0,0.03225806451612903
late,10,10,31,94,0.3740180059908951,12,0.4166666666666667,0.3870967741935484
late,10,13,31,94,0.19873207467007,2,0.0,0.06451612903225806
late,11,1,1,94,0.4256433102655172,1,1.0,1.0
late,1,1,9,95,0.5334603088611243,2,0.5,0.2222222222222222
late,1,3,9,95,0.5192444896100823,2,0.5,0.2222222222222222
late,1,10,9,95,0.39337919696622276,4,0.0,0.4444444444444444
late,1,12,9,95,0.4221453877290523,1,1.0,0.1111111111111111
late,5,1,1,95,0.4383804230562539,1,0.0,1.0
late,6,10,1,95,0.33925529182978087,1,0.0,1.0
late,7,1,2,95,0.49428173837347744,1,1.0,0.5
late,7,12,2,95,0.3767071468037335,1,1.0,0.5
late,8,9,1,95,0.4034150482025335,1,0.0,1.0
late,10,1,9,95,0.49394366420900465,3,0.3333333333333333,0.3333333333333333
late,10,5,9,95,0.45159541905229805,3,0.3333333333333333,0.3333333333333333
late,10,10,9,95,0.4098480666875058,1,1.0,0.1111111111111111
late,10,13,9,95,0.24911661034531274,2,0.0,0.2222222222222222
late,12,5,2,95,0.42281194576762604,1,1.0,0.5
late,12,14,2,95,0.17595659614971967,1,0.0,0.5
late,15,1,5,95,0.8848304897423152,3,0.6666666666666666,0.6
late,15,3,5,95,0.8656930308619856,1,1.0,0.2
late,15,5,5,95,0.852702002889003,1,0.0,0.2
late,16,1,4,95,0.8739863887032571,3,0.6666666666666666,0.75
late,16,3,4,95,0.8643809460260299,1,1.0,0.25
late,0,1,102,96,0.8717269309682797,37,0.8108108108108109,0.3627450980392157
late,0,2,102,96,0.8605277557260939,15,0.9333333333333333,0.14705882352941177
late,0,3,102,96,0.8713115731057203,3,1.0,0.029411764705882353
late,0,4,102,96,0.8700041591374038,12,1.0,0.11764705882352941
late,0,6,102,96,0.8616406943924871,6,0.8333333333333334,0.058823529411764705
late,0,7,102,96,0.8258745853439098,7,0.8571428571428571,0.06862745098039216
late,0,10,102,96,0.7236706672947905,10,0.7,0.09803921568627451
late,0,11,102,96,0.7315618285654563,2,1.0,0.0196078431372549
late,0,13,102,96,0.601244544959277,10,0.4,0.09803921568627451
late,1,1,337,96,0.5435072618767314,130,0.6461538461538462,0.3857566765578635
late,1,2,337,96,0.5293295107249573,43,0.3023255813953488,0.12759643916913946
late,1,3,337,96,0.5373299096133239,33,0.7575757575757576,0.09792284866468842
late,1,5,337,96,0.4896349370317131,22,0.3181818181818182,0.06528189910979229
late,1,6,337,96,0.4891397630572034,27,0.5185185185185185,0.08011869436201781
late,1,10,337,96,0.424725186599439,6,0.3333333333333333,0.017804154302670624
late,1,11,337,96,0.42157392470930843,10,0.7,0.02967359050445104
late,1,13,337,96,0.25022705793787464,65,0.2923076923076923,0.19287833827893175
late,1,14,337,96,0.2187373259643613,1,0.0,0.002967359050445104
late,2,1,113,96,0.526676206496187,31,0.7096774193548387,0.2743362831858407
late,2,2,113,96,0.5124557276193421,54,0.42592592592592593,0.4778761061946903
late,2,3,113,96,0.5287062947252573,3,0.6666666666666666,0.02654867256637168
late,2,5,113,96,0.47390185574952837,3,0.3333333333333333,0.02654867256637168
late,2,6,113,96,0.46224041348405004,3,0.6666666666666666,0.02654867256637168
late,2,13,113,96,0.24009284668526593,17,0.35294117647058826,0.1504424778761062
late,2,14,113,96,0.23302724811012915,2,0.0,0.017699115044247787
late,3,1,29,96,0.5705505427945152,14,0.35714285714285715,0.4827586206896552
late,3,2,29,96,0.5609608722186515,5,0.6,0.1724137931034483
late,3,3,29,96,0.5748180360391939,10,0.9,0.3448275862068966
late,4,1,194,96,0.5247895352227203,20,0.45,0.10309278350515463
late,4,2,194,96,0.5066049861039037,25,0.44,0.12886597938144329
late,4,3,194,96,0.49939258400605907,3,0.3333333333333333,0.015463917525773196
late,4,5,194,96,0.47507199462967753,28,0.2857142857142857,0.14432989690721648
late,4,6,194,96,0.4660187708587497,58,0.5,0.29896907216494845
late,4,10,194,96,0.38402407144948664,3,0.6666666666666666,0.015463917525773196
late,4,11,194,96,0.39428475117296075,1,1.0,0.005154639175257732
late,4,13,194,96,0.23147728473977447,55,0.23636363636363636,0.28350515463917525
late,4,14,194,96,0.19053802845081677,1,0.0,0.005154639175257732
late,5,1,32,96,0.49581337115068774,5,0.6,0.15625
late,5,2,32,96,0.4768899953699364,10,0.7,0.3125
late,5,5,32,96,0.4492391329785645,5,0.8,0.15625
late,5,6,32,96,0.441974736377408,2,0.0,0.0625
late,5,13,32,96,0.22616433117247342,10,0.0,0.3125
late,6,1,98,96,0.5160362899779576,8,0.375,0.08163265306122448
late,6,2,98,96,0.4940872473734568,29,0.3448275862068966,0.29591836734693877
late,6,3,98,96,0.4891035247671731,6,0.5,0.061224489795918366
late,6,5,98,96,0.4607486344347377,12,0.25,0.12244897959183673
late,6,6,98,96,0.45698036967857897,14,0.35714285714285715,0.14285714285714285
late,6,10,98,96,0.36327794974429517,1,0.0,0.01020408163265306
late,6,11,98,96,0.3731070785566822,1,1.0,0.01020408163265306
late,6,13,98,96,0.2073932802924207,27,0.18518518518518517,0.2755102040816326
late,7,1,12,96,0.5125941998010036,3,1.0,0.25
late,7,2,12,96,0.49449755241073173,3,0.0,0.25
late,7,5,12,96,0.45988623931931355,2,0.5,0.16666666666666666
late,7,6,12,96,0.45369151840877736,1,0.0,0.08333333333333333
late,7,10,12,96,0.4103912527169841,1,0.0,0.08333333333333333
late,7,13,12,96,0.23744631434524302,2,0.0,0.16666666666666666
late,10,1,140,96,0.5101136097450184,31,0.6774193548387096,0.22142857142857142
late,10,2,140,96,0.48983491480895064,38,0.4473684210526316,0.2714285714285714
late,10,4,140,96,0.49413884752846493,6,0.8333333333333334,0.04285714285714286
late,10,5,140,96,0.46171202346816753,7,0.42857142857142855,0.05
late,10,6,140,96,0.4626758111560536,9,0.4444444444444444,0.06428571428571428
late,10,7,140,96,0.4383193777247044,4,0.25,0.02857142857142857
late,10,10,140,96,0.42565907175105,3,0.0,0.02142857142857143
late,10,13,140,96,0.24763239078015178,42,0.14285714285714285,0.3
late,11,1,129,96,0.49996396874129945,57,0.5263157894736842,0.4418604651162791
late,11,2,129,96,0.4802228694152837,17,0.23529411764705882,0.13178294573643412
late,11,3,129,96,0.4869068388563143,1,1.0,0.007751937984496124
late,11,4,129,96,0.48517260614814167,9,0.4444444444444444,0.06976744186046512
late,11,5,129,96,0.45292600244320447,2,0.0,0.015503875968992248
late,11,6,129,96,0.45461297913811166,9,0.2222222222222222,0.06976744186046512
late,11,7,129,96,0.4244895668153309,2,1.0,0.015503875968992248
late,11,10,129,96,0.4084717380726822,2,0.5,0.015503875968992248
late,11,11,129,96,0.4138644049135314,1,0.0,0.007751937984496124
late,11,12,129,96,0.41932455176261574,1,0.0,0.007751937984496124
late,11,13,129,96,0.21367666595220913,27,0.18518518518518517,0.20930232558139536
late,11,14,129,96,0.143193730355432,1,0.0,0.007751937984496124
late,12,13,1,96,0.2224917642583005,1,0.0,1.0
late,13,1,109,96,0.4816792709181318,9,0.6666666666666666,0.08256880733944955
late,13,2,109,96,0.45646826817608005,34,0.4117647058823529,0.3119266055045872
late,13,3,109,96,0.45319639067294215,1,1.0,0.009174311926605505
late,13,5,109,96,0.4284473479633714,13,0.23076923076923078,0.11926605504587157
late,13,6,109,96,0.430451242880518,13,0.3076923076923077,0.11926605504587157
late,13,10,109,96,0.3542453981738563,1,1.0,0.009174311926605505
late,13,13,109,96,0.19472254866055436,38,0.21052631578947367,0.3486238532110092
late,14,2,4,96,0.4492046328652284,2,0.5,0.5
late,14,13,4,96,0.19629308268964324,1,0.0,0.25
late,14,14,4,96,0.17218259954895762,1,1.0,0.25
late,15,1,159,96,0.9092024365148452,74,0.9324324324324325,0.46540880503144655
late,15,2,159,96,0.8848601049900482,21,0.9047619047619048,0.1320754716981132
late,15,3,159,96,0.8961340791902014,3,1.0,0.018867924528301886
late,15,4,159,96,0.8950673169767139,18,1.0,0.11320754716981132
late,15,5,159,96,0.8798694968119388,3,1.0,0.018867924528301886
late,15,6,159,96,0.8817933323997027,22,0.7272727272727273,0.13836477987421383
late,15,7,159,96,0.8683241467175772,4,1.0,0.025157232704402517
late,15,10,159,96,0.7831699502821986,9,0.7777777777777778,0.05660377358490566
late,15,11,159,96,0.7929592825742305,2,1.0,0.012578616352201259
late,15,13,159,96,0.7171966025702111,3,0.6666666666666666,0.018867924528301886
late,16,1,12,96,0.908194176308053,6,0.6666666666666666,0.5
late,16,2,12,96,0.8889863549710865,2,1.0,0.16666666666666666
late,16,3,12,96,0.8987720594437887,1,1.0,0.08333333333333333
late,16,4,12,96,0.8972459103584692,1,1.0,0.08333333333333333
late,16,6,12,96,0.8838745042496859,1,1.0,0.08333333333333333
late,16,11,12,96,0.7919559403731427,1,1.0,0.08333333333333333
late,17,3,1,96,0.9151541232623968,1,1.0,1.0
late,0,1,10,97,0.9026716486447853,6,1.0,0.6
late,0,2,10,97,0.8920055706531542,1,1.0,0.1
late,0,4,10,97,0.9028242502144858,1,1.0,0.1
late,0,6,10,97,0.8997874751898026,1,1.0,0.1
late,0,7,10,97,0.8669353101761519,1,1.0,0.1
late,1,1,8,97,0.6057623631360395,3,0.6666666666666666,0.375
late,1,2,8,97,0.5956278646579476,2,0.5,0.25
late,1,13,8,97,0.2784012536789893,3,0.6666666666666666,0.375
late,2,1,7,97,0.5989029336984173,2,0.0,0.2857142857142857
late,2,2,7,97,0.5901986433780676,3,0.6666666666666666,0.42857142857142855
late,2,3,7,97,0.6038235555632109,1,1.0,0.14285714285714285
late,2,13,7,97,0.2781539049196608,1,0.0,0.14285714285714285
late,4,1,15,97,0.5372760507507053,3,0.6666666666666666,0.2
late,4,2,15,97,0.5199852679216109,2,1.0,0.13333333333333333
late,4,3,15,97,0.5135964227735306,1,1.0,0.06666666666666667
late,4,6,15,97,0.4795688594290546,1,0.0,0.06666666666666667
late,4,13,15,97,0.25234499751938483,8,0.375,0.5333333333333333
late,5,2,1,97,0.5871553793632389,1,0.0,1.0
late,6,1,7,97,0.589325891910934,2,0.0,0.2857142857142857
late,6,2,7,97,0.571329053897662,2,0.5,0.2857142857142857
late,6,6,7,97,0.5247868540970373,1,0.0,0.14285714285714285
late,6,13,7,97,0.24134947997032616,2,0.0,0.2857142857142857
late,7,1,3,97,0.5873366329546624,1,0.0,0.3333333333333333
late,7,2,3,97,0.5621990926154036,1,1.0,0.3333333333333333
late,7,6,3,97,0.527834318272948,1,0.0,0.3333333333333333
late,10,2,5,97,0.5342943101626536,4,0.75,0.8
late,10,13,5,97,0.28741628491443383,1,1.0,0.2
late,11,1,11,97,0.535456474127549,4,0.75,0.36363636363636365
late,11,2,11,97,0.5173274509196909,1,1.0,0.09090909090909091
late,11,6,11,97,0.4877091353603225,1,0.0,0.09090909090909091
late,11,10,11,97,0.4331152137689857,1,0.0,0.09090909090909091
late,11,11,11,97,0.44309260796394506,1,0.0,0.09090909090909091
late,11,13,11,97,0.2560442253501879,3,0.0,0.2727272727272727
late,12,2,1,97,0.015569362089153046,1,0.0,1.0
late,13,1,15,97,0.537371137992372,2,1.0,0.13333333333333333
late,13,2,15,97,0.5112361840368015,6,0.6666666666666666,0.4
late,13,6,15,97,0.4822436293004018,2,1.0,0.13333333333333333
late,13,13,15,97,0.2084164566829,5,0.0,0.3333333333333333
late,1,1,13,98,0.5338094335233774,6,0.8333333333333334,0.46153846153846156
late,1,2,13,98,0.5131411782615626,1,1.0,0.07692307692307693
late,1,3,13,98,0.5185782283420616,1,0.0,0.07692307692307693
late,1,5,13,98,0.4841163827830489,2,0.5,0.15384615384615385
late,1,6,13,98,0.48488819344235995,3,0.0,0.23076923076923078
late,2,1,4,98,0.5176558946009716,3,0.3333333333333333,0.75
late,2,2,4,98,0.4996402039120426,1,1.0,0.25
late,4,1,6,98,0.5525963666809427,2,1.0,0.3333333333333333
late,4,5,6,98,0.4991542203224064,2,1.0,0.3333333333333333
late,4,6,6,98,0.48952897481724894,2,0.5,0.3333333333333333
late,5,1,2,98,0.5441303974586362,1,1.0,0.5
late,5,2,2,98,0.5330801688462024,1,1.0,0.5
late,6,1,9,98,0.5240941995507424,4,0.0,0.4444444444444444
late,6,5,9,98,0.4678654271710003,3,0.3333333333333333,0.3333333333333333
late,6,6,9,98,0.4633403640104857,2,0.5,0.2222222222222222
late,10,1,5,98,0.5495933865917311,1,1.0,0.2
late,10,2,5,98,0.535782214691103,2,0.5,0.4
late,10,13,5,98,0.2818133172241689,2,0.0,0.4
late,11,1,1,98,0.5120061189716559,1,1.0,1.0
late,13,2,5,98,0.5016816534561042,1,0.0,0.2
late,13,5,5,98,0.4652369147670484,1,1.0,0.2
late,13,6,5,98,0.46737047319708963,1,0.0,0.2
late,13,13,5,98,0.21178751362207074,2,0.0,0.4
late,15,1,5,98,0.9140753489085196,2,1.0,0.4
late,15,6,5,98,0.8810568111698982,1,1.0,0.2
late,15,10,5,98,0.7876730378260484,2,0.0,0.4
late,1,1,15,99,0.4877731247132275,3,0.3333333333333333,0.2
late,1,3,15,99,0.48064432837207444,3,0.6666666666666666,0.2
late,1,5,15,99,0.43263233673859514,4,0.25,0.26666666666666666
late,1,6,15,99,0.43036571149515324,1,0.0,0.06666666666666667
late,1,11,15,99,0.3701415324478641,2,0.5,0.13333333333333333
late,1,13,15,99,0.2235667136887505,2,0.0,0.13333333333333333
late,3,3,3,99,0.5966992728272632,2,0.5,0.6666666666666666
late,3,11,3,99,0.39296557807144294,1,0.0,0.3333333333333333
late,5,1,3,99,0.48885520006537003,1,0.0,0.3333333333333333
late,5,5,3,99,0.4444599532199156,1,0.0,0.3333333333333333
late,5,11,3,99,0.3881297947750335,1,1.0,0.3333333333333333
late,6,10,1,99,0.3619236080123586,1,1.0,1.0
late,7,13,2,99,0.12344977321303834,2,0.0,1.0
late,10,2,6,99,0.4383238723565246,1,0.0,0.16666666666666666
late,10,3,6,99,0.4460794995386206,1,1.0,0.16666666666666666
late,10,5,6,99,0.3962213743436815,1,0.0,0.16666666666666666
late,10,11,6,99,0.3750741718899407,1,1.0,0.16666666666666666
late,10,13,6,99,0.22225053411135023,2,0.0,0.3333333333333333
late,11,1,3,99,0.18196141032094434,1,0.0,0.3333333333333333
late,11,10,3,99,0.1445178003062389,1,1.0,0.3333333333333333
late,11,13,3,99,0.07255343844392019,1,0.0,0.3333333333333333
late,13,3,3,99,0.4656085260414051,1,1.0,0.3333333333333333
late,13,6,3,99,0.4456852390458142,2,1.0,0.6666666666666666
late,15,1,4,99,0.8915955750101789,3,1.0,0.75
late,15,11,4,99,0.753235348384605,1,0.0,0.25
late,16,1,2,99,0.8870309038315258,2,0.5,1.0
late,1,1,11,100,0.5885388328139772,2,0.5,0.18181818181818182
late,1,3,11,100,0.5824155703623367,2,0.5,0.18181818181818182
late,1,5,11,100,0.5218074485035433,2,0.0,0.18181818181818182
late,1,6,11,100,0.5206835766353646,3,0.6666666666666666,0.2727272727272727
late,1,7,11,100,0.4909229276567581,1,1.0,0.09090909090909091
late,1,13,11,100,0.2836366327639672,1,0.0,0.09090909090909091
late,2,3,1,100,0.5753286737228264,1,1.0,1.0
late,5,1,4,100,0.5714976679264081,1,1.0,0.25
late,5,5,4,100,0.5114026354984609,1,1.0,0.25
late,5,6,4,100,0.5034706963050848,2,1.0,0.5
late,6,1,30,100,0.5509123932547606,2,1.0,0.06666666666666667
late,6,2,30,100,0.5265455536062149,1,0.0,0.03333333333333333
late,6,3,30,100,0.5106381513312388,8,0.25,0.26666666666666666
late,6,5,30,100,0.5038465973106518,3,0.6666666666666666,0.1
late,6,6,30,100,0.500625444669271,8,0.5,0.26666666666666666
late,6,7,30,100,0.4545341034742696,1,1.0,0.03333333333333333
late,6,9,30,100,0.46609963885747896,1,1.0,0.03333333333333333
late,6,13,30,100,0.2563055197608676,6,0.0,0.2
late,7,1,19,100,0.5713153620386197,3,0.6666666666666666,0.15789473684210525
late,7,3,19,100,0.5345204112725106,2,0.0,0.10526315789473684
late,7,5,19,100,0.5242828692438533,1,1.0,0.05263157894736842
late,7,6,19,100,0.5176102013158997,5,0.6,0.2631578947368421
late,7,9,19,100,0.48389465772977236,4,0.25,0.21052631578947367
late,7,13,19,100,0.2811330021613422,4,0.5,0.21052631578947367
late,9,5,6,100,0.521197876337096,1,1.0,0.16666666666666666
late,9,10,6,100,0.45958507200563137,1,1.0,0.16666666666666666
late,9,13,6,100,0.3036138885353559,4,0.0,0.6666666666666666
late,10,5,5,100,0.5154811439935535,1,1.0,0.2
late,10,13,5,100,0.2953538312309491,4,0.25,0.8
late,11,10,1,100,0.4499643574589884,1,0.0,1.0
late,13,1,11,100,0.5558780989599167,2,0.5,0.18181818181818182
late,13,2,11,100,0.5285689685048891,1,1.0,0.09090909090909091
late,13,3,11,100,0.5216278555562789,1,1.0,0.09090909090909091
late,13,5,11,100,0.495463829515724,1,0.0,0.09090909090909091
late,13,13,11,100,0.23900343709362906,6,0.0,0.5454545454545454
late,16,1,11,100,0.9119938107642939,4,1.0,0.36363636363636365
late,16,3,11,100,0.9027950953248983,2,1.0,0.18181818181818182
late,16,6,11,100,0.8880541229436841,2,1.0,0.18181818181818182
late,16,7,11,100,0.8722790530156165,3,0.6666666666666666,0.2727272727272727
late,18,6,1,100,0.9065076941226333,1,1.0,1.0
late,1,1,116,101,0.5910217045492632,62,0.6774193548387096,0.5344827586206896
late,1,2,116,101,0.5733525665650268,7,0.2857142857142857,0.0603448275862069
late,1,5,116,101,0.5395737491142331,22,0.5909090909090909,0.1896551724137931
late,1,6,116,101,0.5408946627385877,10,0.3,0.08620689655172414
late,1,13,116,101,0.2973389231661372,14,0.14285714285714285,0.1206896551724138
late,1,14,116,101,0.25109194284994846,1,1.0,0.008620689655172414
late,2,1,36,101,0.5865621513978139,10,0.7,0.2777777777777778
late,2,2,36,101,0.5685681154857636,13,0.38461538461538464,0.3611111111111111
late,2,5,36,101,0.5283803194265257,2,0.5,0.05555555555555555
late,2,6,36,101,0.517340611234028,3,0.3333333333333333,0.08333333333333333
late,2,13,36,101,0.28344848899408315,8,0.125,0.2222222222222222
late,3,6,1,101,0.5855429900289729,1,0.0,1.0
late,4,1,40,101,0.569292431107369,23,0.6521739130434783,0.575
late,4,2,40,101,0.5473605438748259,3,0.6666666666666666,0.075
late,4,5,40,101,0.5098884351317592,3,0.3333333333333333,0.075
late,4,6,40,101,0.5025915260882017,5,0.6,0.125
late,4,13,40,101,0.24730962922586888,6,0.0,0.15
late,5,1,31,101,0.5685558732244828,4,0.75,0.12903225806451613
late,5,2,31,101,0.550860370581052,4,0.75,0.12903225806451613
late,5,3,31,101,0.5559640523550806,1,1.0,0.03225806451612903
late,5,5,31,101,0.5205236052958918,11,0.2727272727272727,0.3548387096774194
late,5,6,31,101,0.5138400952963262,6,0.3333333333333333,0.1935483870967742
late,5,10,31,101,0.4494860648133847,1,0.0,0.03225806451612903
late,5,13,31,101,0.2775402327879929,4,0.0,0.12903225806451613
late,6,1,46,101,0.578080434680892,13,0.7692307692307693,0.2826086956521739
late,6,2,46,101,0.5556418855354829,11,0.2727272727272727,0.2391304347826087
late,6,3,46,101,0.5540390624495775,1,1.0,0.021739130434782608
late,6,5,46,101,0.5254171177532241,6,0.5,0.13043478260869565
late,6,6,46,101,0.5218714644058017,12,0.5,0.2608695652173913
late,6,13,46,101,0.24689521027189335,3,0.3333333333333333,0.06521739130434782
late,7,1,4,101,0.44716457941117305,1,0.0,0.25
late,7,2,4,101,0.4287861363284985,1,1.0,0.25
late,7,13,4,101,0.21269053570887803,2,0.5,0.5
late,10,1,57,101,0.5940238596764543,4,0.5,0.07017543859649122
late,10,2,57,101,0.5737896237999552,12,0.6666666666666666,0.21052631578947367
late,10,3,57,101,0.578519731215053,1,1.0,0.017543859649122806
late,10,4,57,101,0.5768285168313665,1,1.0,0.017543859649122806
late,10,5,57,101,0.5365182975949687,6,0.5,0.10526315789473684
late,10,6,57,101,0.5375335046975313,9,0.4444444444444444,0.15789473684210525
late,10,12,57,101,0.5050203925825766,1,0.0,0.017543859649122806
late,10,13,57,101,0.3050289045347233,22,0.18181818181818182,0.38596491228070173
late,10,14,57,101,0.24397593754669264,1,0.0,0.017543859649122806
late,11,1,54,101,0.6197027883472541,19,0.7894736842105263,0.35185185185185186
late,11,2,54,101,0.6005802834073303,5,0.6,0.09259259259259259
late,11,4,54,101,0.6115563723375551,3,0.6666666666666666,0.05555555555555555
late,11,5,54,101,0.5652187340927333,2,0.0,0.037037037037037035
late,11,6,54,101,0.5669339145126521,6,0.16666666666666666,0.1111111111111111
late,11,10,54,101,0.5109551293823361,6,0.5,0.1111111111111111
late,11,11,54,101,0.5181717330459138,2,0.5,0.037037037037037035
late,11,13,54,101,0.29758024693766666,11,0.5454545454545454,0.2037037037037037
late,13,1,45,101,0.5388015956513772,12,0.5833333333333334,0.26666666666666666
late,13,2,45,101,0.5116590218182385,11,0.45454545454545453,0.24444444444444444
late,13,5,45,101,0.48766936782062104,10,0.4,0.2222222222222222
late,13,6,45,101,0.48974530922204074,5,0.6,0.1111111111111111
late,13,13,45,101,0.2358965157324274,7,0.14285714285714285,0.15555555555555556
late,14,14,1,101,0.20803573009245624,1,1.0,1.0
late,15,1,55,101,0.9335506463570429,21,0.8571428571428571,0.38181818181818183
late,15,2,55,101,0.9139007043841181,8,1.0,0.14545454545454545
late,15,4,55,101,0.9212267610724536,1,1.0,0.01818181818181818
late,15,5,55,101,0.9078391509174581,1,1.0,0.01818181818181818
late,15,6,55,101,0.9094556570955544,11,0.8181818181818182,0.2
late,15,7,55,101,0.894774945716745,1,1.0,0.01818181818181818
late,15,10,55,101,0.8188397645173149,9,0.8888888888888888,0.16363636363636364
late,15,11,55,101,0.8288161743192787,2,1.0,0.03636363636363636
late,15,13,55,101,0.7621031718544738,1,1.0,0.01818181818181818
late,16,1,5,101,0.9405414569534756,1,1.0,0.2
late,16,3,5,101,0.9304694616213605,2,1.0,0.4
late,16,6,5,101,0.9176618742449589,1,1.0,0.2
late,16,8,5,101,0.8347166018904213,1,1.0,0.2
late,17,1,11,101,0.9238015361965313,4,0.75,0.36363636363636365
late,17,2,11,101,0.9065040605378893,3,0.6666666666666666,0.2727272727272727
late,17,4,11,101,0.9156699902881047,1,1.0,0.09090909090909091
late,17,5,11,101,0.910476548260145,1,0.0,0.09090909090909091
late,17,10,11,101,0.8487833735994738,1,1.0,0.09090909090909091
late,17,13,11,101,0.7848808775789369,1,1.0,0.09090909090909091
late,1,3,2,102,0.5680553003894947,1,0.0,0.5
late,1,12,2,102,0.4324043987718862,1,1.0,0.5
late,2,5,1,102,0.4410735755107022,1,0.0,1.0
late,9,3,2,102,0.48043512741359057,1,0.0,0.5
late,9,9,2,102,0.45114393830938393,1,0.0,0.5
late,11,13,1,102,0.21264580218844023,1,0.0,1.0
late,12,1,37,102,0.4636830087023134,1,1.0,0.02702702702702703
late,12,3,37,102,0.4402608864153522,5,0.6,0.13513513513513514
late,12,5,37,102,0.4154680588958612,8,0.25,0.21621621621621623
late,12,9,37,102,0.39831088371594875,2,0.0,0.05405405405405406
late,12,10,37,102,0.37502078628896407,1,0.0,0.02702702702702703
late,12,12,37,102,0.38825287733159475,15,0.4,0.40540540540540543
late,12,13,37,102,0.2193571814786656,2,0.5,0.05405405405405406
late,12,14,37,102,0.16286382629526244,3,0.3333333333333333,0.08108108108108109
late,14,5,2,102,0.22565529529390874,1,0.0,0.5
late,14,13,2,102,0.11400488178680622,1,0.0,0.5
late,15,1,3,102,0.8985519121359649,1,1.0,0.3333333333333333
late,15,12,3,102,0.7680279439657989,2,1.0,0.6666666666666666
late,1,1,5,103,0.44029719667662925,2,0.0,0.4
late,1,2,5,103,0.4193244827211167,1,0.0,0.2
late,1,5,5,103,0.39286799031492714,2,0.0,0.4
late,4,1,1,103,0.4412480330686513,1,0.0,1.0
late,5,1,3,103,0.44165600545520495,1,1.0,0.3333333333333333
late,5,13,3,103,0.17724931846188122,2,0.0,0.6666666666666666
late,10,1,5,103,0.44606455835292885,1,0.0,0.2
late,10,2,5,103,0.4255514604236364,1,0.0,0.2
late,10,5,5,103,0.39072805938722505,1,0.0,0.2
late,10,6,5,103,0.39220066473315945,1,1.0,0.2
late,10,13,5,103,0.17643023623328977,1,0.0,0.2
late,11,1,6,103,0.4268080354364024,3,0.0,0.5
late,11,2,6,103,0.4062578074549355,2,0.5,0.3333333333333333
late,11,13,6,103,0.1668720782525863,1,0.0,0.16666666666666666
late,13,5,1,103,0.3331233006000757,1,1.0,1.0
late,14,14,1,103,0.15997382994982706,1,0.0,1.0
late,15,1,4,103,0.8683789699857566,2,1.0,0.5
late,15,6,4,103,0.830021800002975,1,1.0,0.25
late,15,11,4,103,0.7050927394666315,1,1.0,0.25
late,1,1,7,104,0.5954956224577959,1,0.0,0.14285714285714285
late,1,2,7,104,0.5835421875537187,3,0.3333333333333333,0.42857142857142855
late,1,8,7,104,0.45197238306615856,2,0.5,0.2857142857142857
late,1,14,7,104,0.23440512346780573,1,0.0,0.14285714285714285
late,2,6,5,104,0.42489571433392853,4,0.5,0.8
late,2,13,5,104,0.21461193967614353,1,0.0,0.2
late,6,1,5,104,0.4701697192715872,1,0.0,0.2
late,6,2,5,104,0.4529041883955081,1,0.0,0.2
late,6,6,5,104,0.41771642022196787,3,0.6666666666666666,0.6
late,7,6,3,104,0.5125752975712474,2,0.5,0.6666666666666666
late,7,13,3,104,0.22597363694202774,1,0.0,0.3333333333333333
late,8,2,4,104,0.5458664442272261,1,0.0,0.25
late,8,6,4,104,0.5083901667265203,2,0.5,0.5
late,8,13,4,104,0.24847011505771685,1,1.0,0.25
late,10,2,7,104,0.5618617307577757,1,1.0,0.14285714285714285
late,10,6,7,104,0.5107318852596933,4,0.75,0.5714285714285714
late,10,13,7,104,0.27958426863909314,2,0.0,0.2857142857142857
late,13,2,3,104,0.5220405317723115,1,0.0,0.3333333333333333
late,13,6,3,104,0.49105899102700173,1,1.0,0.3333333333333333
late,13,13,3,104,0.22822643073462082,1,0.0,0.3333333333333333
late,15,1,6,104,0.9204622377995121,1,1.0,0.16666666666666666
late,15,2,6,104,0.8992247011094125,1,1.0,0.16666666666666666
late,15,5,6,104,0.8913078861315854,1,1.0,0.16666666666666666
late,15,6,6,104,0.8925952381453333,3,1.0,0.5
late,1,3,1,105,0.4340004111079373,1,0.0,1.0
late,3,3,6,105,0.5464871732750796,2,1.0,0.3333333333333333
late,3,6,6,105,0.45734332727187615,2,0.5,0.3333333333333333
late,3,10,6,105,0.37947824512167655,1,1.0,0.16666666666666666
late,3,13,6,105,0.22257118975839763,1,0.0,0.16666666666666666
late,5,6,2,105,0.42115697478157654,2,0.0,1.0
late,6,3,5,105,0.4574672621589474,4,0.75,0.8
late,6,13,5,105,0.1796721212615183,1,0.0,0.2
late,10,1,45,105,0.4910183198080879,2,0.5,0.044444444444444446
late,10,3,45,105,0.4593250374527461,14,0.2857142857142857,0.3111111111111111
late,10,5,45,105,0.4509372283209266,10,0.3,0.2222222222222222
late,10,6,45,105,0.45170349773013074,3,0.3333333333333333,0.06666666666666667
late,10,10,45,105,0.41145466492795174,13,0.5384615384615384,0.28888888888888886
late,10,13,45,105,0.23856805873668593,3,0.0,0.06666666666666667
late,12,1,1,105,0.4166223541522467,1,0.0,1.0
late,13,6,1,105,0.453678625394072,1,1.0,1.0
late,15,3,6,105,0.8868968181296016,2,1.0,0.3333333333333333
late,15,5,6,105,0.8605321841907704,1,1.0,0.16666666666666666
late,15,6,6,105,0.8618144612940748,1,1.0,0.16666666666666666
late,15,10,6,105,0.7420823331043663,1,1.0,0.16666666666666666
late,15,12,6,105,0.7591925021943817,1,1.0,0.16666666666666666
late,1,1,34,106,0.5190455116954312,2,0.5,0.058823529411764705
late,1,2,34,106,0.5017239645475928,4,0.0,0.11764705882352941
late,1,3,34,106,0.5005479146518491,1,1.0,0.029411764705882353
late,1,5,34,106,0.4641417158511605,5,0.4,0.14705882352941177
late,1,6,34,106,0.46351064481704674,4,0.5,0.11764705882352941
late,1,8,34,106,0.3935115001215323,1,0.0,0.029411764705882353
late,1,13,34,106,0.24161671643545807,16,0.0625,0.47058823529411764
late,1,14,34,106,0.20448964709027845,1,1.0,0.029411764705882353
late,2,1,25,106,0.5558360686317281,8,0.625,0.32
late,2,2,25,106,0.5408381939041034,7,0.5714285714285714,0.28
late,2,5,25,106,0.49565367817158135,1,1.0,0.04
late,2,6,25,106,0.48360636911929716,2,0.0,0.08
late,2,13,25,106,0.25387493895360275,7,0.0,0.28
late,4,1,16,106,0.5035721387693268,1,1.0,0.0625
late,4,2,16,106,0.4874094308823445,1,0.0,0.0625
late,4,5,16,106,0.4522568464183359,4,0.5,0.25
late,4,6,16,106,0.4444079055750508,4,1.0,0.25
late,4,13,16,106,0.22013000543066924,6,0.16666666666666666,0.375
late,5,5,11,106,0.5249263824416277,5,0.2,0.45454545454545453
late,5,6,11,106,0.5172945992482457,4,0.5,0.36363636363636365
late,5,13,11,106,0.26891510753824827,2,0.0,0.18181818181818182
late,6,1,32,106,0.5445020877805371,5,0.8,0.15625
late,6,2,32,106,0.524037399276071,4,0.25,0.125
late,6,5,32,106,0.4857646645178975,1,0.0,0.03125
late,6,6,32,106,0.4822673235329074,16,0.25,0.5
late,6,13,32,106,0.2233582273367225,6,0.5,0.1875
late,7,6,2,106,0.506223756378519,1,0.0,0.5
late,7,13,2,106,0.2625887683469418,1,1.0,0.5
late,10,1,37,106,0.5254528401115067,3,0.3333333333333333,0.08108108108108109
late,10,2,37,106,0.5057305724618091,10,0.7,0.2702702702702703
late,10,3,37,106,0.49836883909840585,1,1.0,0.02702702702702703
late,10,5,37,106,0.4804132347284834,2,0.5,0.05405405405405406
late,10,6,37,106,0.4814009355041588,8,0.625,0.21621621621621623
late,10,10,37,106,0.44236793451813144,1,0.0,0.02702702702702703
late,10,13,37,106,0.2538683951074016,12,0.16666666666666666,0.32432432432432434
late,11,1,31,106,0.5296399343011303,4,0.25,0.12903225806451613
late,11,2,31,106,0.5113004813363693,3,0.0,0.0967741935483871
late,11,4,31,106,0.4983347425605626,1,0.0,0.03225806451612903
late,11,5,31,106,0.487772340650117,2,0.5,0.06451612903225806
late,11,6,31,106,0.48938657616871745,4,0.75,0.12903225806451613
late,11,13,31,106,0.2371432483723514,17,0.17647058823529413,0.5483870967741935
late,13,1,38,106,0.501991523100411,4,0.25,0.10526315789473684
late,13,2,38,106,0.47749982556681053,9,0.2222222222222222,0.23684210526315788
late,13,5,38,106,0.44735145587862435,2,0.5,0.05263157894736842
late,13,6,38,106,0.4495525780161442,9,0.6666666666666666,0.23684210526315788
late,13,13,38,106,0.20581281558837883,13,0.23076923076923078,0.34210526315789475
late,13,14,38,106,0.1687836139691085,1,0.0,0.02631578947368421
late,14,14,1,106,0.2571695179099839,1,1.0,1.0
late,15,1,40,106,0.9221908550041397,3,1.0,0.075
late,15,2,40,106,0.9007248107841548,6,0.8333333333333334,0.15
late,15,5,40,106,0.8959740712165315,6,0.8333333333333334,0.15
late,15,6,40,106,0.8981211604171417,10,1.0,0.25
late,15,10,40,106,0.7999409628386048,9,0.7777777777777778,0.225
late,15,11,40,106,0.8059119018476636,2,1.0,0.05
late,15,13,40,106,0.726531378438373,4,1.0,0.1
late,18,1,13,106,0.913631347401163,5,1.0,0.38461538461538464
late,18,2,13,106,0.8950739837711903,2,1.0,0.15384615384615385
late,18,5,13,106,0.8978303282068774,2,1.0,0.15384615384615385
late,18,6,13,106,0.8998009458821699,2,1.0,0.15384615384615385
late,18,10,13,106,0.8425966325923859,2,1.0,0.15384615384615385
late,0,1,8,107,0.8548725166810097,2,1.0,0.25
late,0,2,8,107,0.8412942438018632,2,1.0,0.25
late,0,4,8,107,0.852647779165861,1,1.0,0.125
late,0,10,8,107,0.6988271239445286,3,0.6666666666666666,0.375
late,1,1,41,107,0.48802351568970836,14,0.7857142857142857,0.34146341463414637
late,1,2,41,107,0.4688924061234357,5,0.0,0.12195121951219512
late,1,5,41,107,0.4356976698349372,4,0.5,0.0975609756097561
late,1,6,41,107,0.4340097756521134,8,0.5,0.1951219512195122
late,1,12,41,107,0.38757121529249616,1,1.0,0.024390243902439025
late,1,13,41,107,0.21646892765181555,8,0.0,0.1951219512195122
late,1,14,41,107,0.18154943880864205,1,0.0,0.024390243902439025
late,2,1,18,107,0.5080091871508938,3,0.6666666666666666,0.16666666666666666
late,2,2,18,107,0.4881699832782495,11,0.45454545454545453,0.6111111111111112
late,2,6,18,107,0.4421382385312703,3,0.6666666666666666,0.16666666666666666
late,2,13,18,107,0.22297173933033218,1,0.0,0.05555555555555555
late,4,1,5,107,0.4698962518771723,2,0.5,0.4
late,4,5,5,107,0.4129817168654288,1,1.0,0.2
late,4,13,5,107,0.18502246440650186,2,0.0,0.4
late,5,1,10,107,0.49939687505062336,5,0.6,0.5
late,5,5,10,107,0.4523279939034713,3,0.0,0.3
late,5,12,10,107,0.39751112553567775,1,1.0,0.1
late,5,13,10,107,0.21815689275867736,1,0.0,0.1
late,6,1,20,107,0.49566264961036205,4,0.25,0.2
late,6,2,20,107,0.4746548422390659,2,0.0,0.1
late,6,5,20,107,0.43925402425736637,1,0.0,0.05
late,6,6,20,107,0.43520457421690156,7,0.5714285714285714,0.35
late,6,13,20,107,0.18910455385379918,6,0.0,0.3
late,7,2,7,107,0.4638767006253276,4,0.25,0.5714285714285714
late,7,5,7,107,0.45040137791723084,2,1.0,0.2857142857142857
late,7,13,7,107,0.2252930064623333,1,0.0,0.14285714285714285
late,8,2,1,107,0.43267590847729187,1,0.0,1.0
late,10,2,29,107,0.4569971101841262,14,0.42857142857142855,0.4827586206896552
late,10,5,29,107,0.4334486063206392,3,0.0,0.10344827586206896
late,10,6,29,107,0.4342544075043583,4,0.5,0.13793103448275862
late,10,13,29,107,0.23157422264659086,8,0.125,0.27586206896551724
late,11,1,9,107,0.5182261832396874,3,0.0,0.3333333333333333
late,11,5,9,107,0.46302942205666536,1,1.0,0.1111111111111111
late,11,7,9,107,0.4283119434848288,1,0.0,0.1111111111111111
late,11,13,9,107,0.20173463626909757,4,0.25,0.4444444444444444
late,13,2,4,107,0.4818295523462435,1,0.0,0.25
late,13,8,4,107,0.29761875930931164,1,0.0,0.25
late,13,13,4,107,0.1885896198569041,2,0.0,0.5
late,15,1,9,107,0.9005107248909372,4,1.0,0.4444444444444444
late,15,6,9,107,0.8704948026204908,3,1.0,0.3333333333333333
late,15,7,9,107,0.8518330054449326,2,1.0,0.2222222222222222
late,16,1,7,107,0.8883128673844708,4,1.0,0.5714285714285714
late,16,7,7,107,0.8603394711079823,1,1.0,0.14285714285714285
late,16,13,7,107,0.6939263568294146,2,1.0,0.2857142857142857
late,17,1,3,107,0.8883883485677332,2,1.0,0.6666666666666666
late,17,11,3,107,0.7897548427188474,1,1.0,0.3333333333333333
late,1,2,2,108,0.38321041275195566,1,0.0,0.5
late,1,13,2,108,0.15621883158787073,1,0.0,0.5
late,2,1,2,108,0.3990920530330481,1,0.0,0.5
late,2,6,2,108,0.3209219664057292,1,0.0,0.5
late,5,6,1,108,0.3385320165263,1,0.0,1.0
late,6,1,4,108,0.2784011617292045,1,0.0,0.25
late,6,5,4,108,0.2444914057392376,2,0.5,0.5
late,6,6,4,108,0.24185098902789492,1,1.0,0.25
late,7,13,1,108,0.004611968030431557,1,0.0,1.0
late,10,1,10,108,0.39031010640314867,2,0.0,0.2
late,10,6,10,108,0.3408066489047933,5,0.0,0.5
late,10,13,10,108,0.17099908301362374,3,0.0,0.3
late,13,13,1,108,0.12953201436394077,1,0.0,1.0
late,15,7,1,108,0.7519081932092803,1,1.0,1.0
late,1,1,23,109,0.6001222733253596,15,0.6666666666666666,0.6521739130434783
late,1,5,23,109,0.5564895389337751,5,0.6,0.21739130434782608
late,1,13,23,109,0.32138002943805377,3,0.0,0.13043478260869565
late,2,1,4,109,0.5797389275133982,3,0.0,0.75
late,2,5,4,109,0.5323425691462454,1,1.0,0.25
late,3,3,1,109,0.6400014778381627,1,1.0,1.0
late,4,5,4,109,0.5320877233906585,3,1.0,0.75
late,4,13,4,109,0.2902119697681352,1,0.0,0.25
late,5,1,16,109,0.5772613782569913,3,0.3333333333333333,0.1875
late,5,2,16,109,0.5517359471202755,2,1.0,0.125
late,5,5,16,109,0.5335214782825037,8,0.625,0.5
late,5,13,16,109,0.2866051019003394,3,0.3333333333333333,0.1875
late,7,5,1,109,0.554936492059158,1,1.0,1.0
late,10,1,1,109,0.5876577069463575,1,1.0,1.0
late,11,1,3,109,0.6159917135054408,2,0.5,0.6666666666666666
late,11,11,3,109,0.5292261097408087,1,0.0,0.3333333333333333
late,13,2,6,109,0.5462043061261405,1,0.0,0.16666666666666666
late,13,5,6,109,0.5179504211377997,2,0.5,0.3333333333333333
late,13,13,6,109,0.2529087041095896,3,0.0,0.5
late,15,1,3,109,0.9183661834191487,2,0.5,0.6666666666666666
late,15,2,3,109,0.8945975684299321,1,1.0,0.3333333333333333
late,16,1,6,109,0.9191757934608199,5,1.0,0.8333333333333334
late,16,5,6,109,0.9034438453398579,1,1.0,0.16666666666666666
late,1,1,14,110,0.521916786735153,7,0.5714285714285714,0.5
late,1,5,14,110,0.4776326370341521,2,0.5,0.14285714285714285
late,1,6,14,110,0.4774630796639387,3,0.6666666666666666,0.21428571428571427
late,1,13,14,110,0.24631495529009653,1,1.0,0.07142857142857142
late,1,14,14,110,0.20781764726699828,1,0.0,0.07142857142857142
late,3,3,1,110,0.5793588108057751,1,1.0,1.0
late,4,1,11,110,0.503510316199869,5,0.2,0.45454545454545453
late,4,2,11,110,0.47959070585256053,1,1.0,0.09090909090909091
late,4,5,11,110,0.45259129739859455,1,1.0,0.09090909090909091
late,4,6,11,110,0.44330414246026334,3,0.3333333333333333,0.2727272727272727
late,4,14,11,110,0.16573730322678143,1,0.0,0.09090909090909091
late,5,1,10,110,0.5248193739667272,3,0.0,0.3
late,5,2,10,110,0.5097689975241119,1,1.0,0.1
late,5,5,10,110,0.471669211546706,4,0.5,0.4
late,5,6,10,110,0.4639302034603647,2,0.0,0.2
late,6,1,13,110,0.4695484332806487,1,0.0,0.07692307692307693
late,6,2,13,110,0.4466763832781072,1,0.0,0.07692307692307693
late,6,5,13,110,0.4160481994972394,5,0.2,0.38461538461538464
late,6,6,13,110,0.4125132151918528,5,0.2,0.38461538461538464
late,6,13,13,110,0.1787063780472115,1,1.0,0.07692307692307693
late,7,13,2,110,0.16613400050855764,2,0.0,1.0
late,10,2,9,110,0.4827763183740507,2,0.5,0.2222222222222222
late,10,5,9,110,0.4494567215103701,2,0.5,0.2222222222222222
late,10,6,9,110,0.4503557337213637,1,0.0,0.1111111111111111
late,10,10,9,110,0.40694857672121254,1,1.0,0.1111111111111111
late,10,13,9,110,0.23925430487094707,3,0.3333333333333333,0.3333333333333333
late,11,1,9,110,0.46444987113868014,5,0.8,0.5555555555555556
late,11,2,9,110,0.44490686862889156,2,0.0,0.2222222222222222
late,11,7,9,110,0.40173416494120556,1,0.0,0.1111111111111111
late,11,13,9,110,0.18892708213413387,1,0.0,0.1111111111111111
late,13,13,2,110,0.14782729188397087,1,0.0,0.5
late,13,14,2,110,0.12040537494800058,1,0.0,0.5
late,15,1,9,110,0.8926872803308995,6,1.0,0.6666666666666666
late,15,6,9,110,0.8613060511055477,1,1.0,0.1111111111111111
late,15,10,9,110,0.7545828234986551,1,1.0,0.1111111111111111
late,15,11,9,110,0.7639482476339364,1,1.0,0.1111111111111111
late,16,1,7,110,0.8985438590880767,3,0.6666666666666666,0.42857142857142855
late,16,10,7,110,0.7626327735751123,2,0.5,0.2857142857142857
late,16,11,7,110,0.7548050188205951,1,1.0,0.14285714285714285
late,16,13,7,110,0.6813222459203299,1,0.0,0.14285714285714285
late,0,1,9,111,0.8624971129055072,2,1.0,0.2222222222222222
late,0,2,9,111,0.8542273130179812,2,0.5,0.2222222222222222
late,0,3,9,111,0.8646243841902317,1,1.0,0.1111111111111111
late,0,5,9,111,0.8559165950045734,3,1.0,0.3333333333333333
late,0,10,9,111,0.7303513532109237,1,1.0,0.1111111111111111
late,1,1,71,111,0.6078241668278462,43,0.5116279069767442,0.6056338028169014
late,1,2,71,111,0.595584976842967,2,0.5,0.028169014084507043
late,1,3,71,111,0.6081310273564049,4,0.5,0.056338028169014086
late,1,5,71,111,0.5535659040330133,4,0.75,0.056338028169014086
late,1,6,71,111,0.5519146696217067,4,0.5,0.056338028169014086
late,1,11,71,111,0.4781369521849607,3,0.3333333333333333,0.04225352112676056
late,1,13,71,111,0.2924666072739865,11,0.36363636363636365,0.15492957746478872
late,2,1,10,111,0.578191791265418,7,0.2857142857142857,0.7
late,2,2,10,111,0.5637426716197891,2,0.5,0.2
late,2,6,10,111,0.5148738261900917,1,0.0,0.1
late,3,6,3,111,0.5414227434751969,1,0.0,0.3333333333333333
late,3,11,3,111,0.446460166937429,2,0.0,0.6666666666666666
late,4,1,19,111,0.5736365243302026,10,0.7,0.5263157894736842
late,4,5,19,111,0.5209503987386376,2,1.0,0.10526315789473684
late,4,10,19,111,0.43712924009613796,2,0.0,0.10526315789473684
late,4,13,19,111,0.2647773080926056,5,0.0,0.2631578947368421
late,5,1,14,111,0.5777553732785642,13,0.6153846153846154,0.9285714285714286
late,5,5,14,111,0.5333563279107539,1,1.0,0.07142857142857142
late,6,1,12,111,0.5751174599485958,7,0.5714285714285714,0.5833333333333334
late,6,5,12,111,0.5208905872140032,1,0.0,0.08333333333333333
late,6,6,12,111,0.5171386773696062,1,0.0,0.08333333333333333
late,6,13,12,111,0.24442020879757287,2,0.0,0.16666666666666666
late,6,14,12,111,0.20028160472364218,1,1.0,0.08333333333333333
late,7,1,4,111,0.595712166344376,4,0.25,1.0
late,8,1,1,111,0.5537101494483821,1,0.0,1.0
late,10,1,30,111,0.5652976461676257,9,0.3333333333333333,0.3
late,10,2,30,111,0.5463586831285071,4,0.25,0.13333333333333333
late,10,3,30,111,0.5549825188937626,4,0.5,0.13333333333333333
late,10,5,30,111,0.5136547615454282,3,0.3333333333333333,0.1
late,10,6,30,111,0.5142541768979129,3,0.0,0.1
late,10,10,30,111,0.4782763946795649,3,0.3333333333333333,0.1
late,10,12,30,111,0.4918661708432862,1,0.0,0.03333333333333333
late,10,13,30,111,0.30139155735841155,3,0.3333333333333333,0.1
late,11,1,63,111,0.566122882090639,34,0.6176470588235294,0.5396825396825397
late,11,2,63,111,0.5451253262215132,9,1.0,0.14285714285714285
late,11,3,63,111,0.5614018889666792,3,0.3333333333333333,0.047619047619047616
late,11,4,63,111,0.5603025841419376,3,0.3333333333333333,0.047619047619047616
late,11,5,63,111,0.5190224436981539,2,0.5,0.031746031746031744
late,11,6,63,111,0.5203755996257727,1,1.0,0.015873015873015872
late,11,11,63,111,0.48990710044486474,2,0.5,0.031746031746031744
late,11,13,63,111,0.2662724845984302,9,0.3333333333333333,0.14285714285714285
late,12,1,1,111,0.49055319806923064,1,0.0,1.0
late,13,1,17,111,0.5892447431686622,9,0.5555555555555556,0.5294117647058824
late,13,2,17,111,0.571605509915124,2,1.0,0.11764705882352941
late,13,6,17,111,0.5323808228707461,4,0.75,0.23529411764705882
late,13,13,17,111,0.26099969887135854,2,0.0,0.11764705882352941
late,14,1,3,111,0.3734023971190143,1,1.0,0.3333333333333333
late,14,2,3,111,0.32167025967191787,1,0.0,0.3333333333333333
late,14,14,3,111,0.15160774656488107,1,0.0,0.3333333333333333
late,15,1,46,111,0.9150600455461094,29,0.9310344827586207,0.6304347826086957
late,15,2,46,111,0.8927729915003444,2,1.0,0.043478260869565216
late,15,5,46,111,0.8881962977082957,3,1.0,0.06521739130434782
late,15,6,46,111,0.890447850078303,1,1.0,0.021739130434782608
late,15,7,46,111,0.8869523386795314,2,1.0,0.043478260869565216
late,15,10,46,111,0.8146892346048287,2,1.0,0.043478260869565216
late,15,11,46,111,0.81792779324832,6,1.0,0.13043478260869565
late,15,13,46,111,0.7498347642338379,1,1.0,0.021739130434782608
late,1,1,22,112,0.602145751288235,6,0.8333333333333334,0.2727272727272727
late,1,2,22,112,0.5847227571147424,3,0.6666666666666666,0.13636363636363635
late,1,3,22,112,0.5819161413499274,1,1.0,0.045454545454545456
late,1,5,22,112,0.5569944160595208,1,1.0,0.045454545454545456
late,1,6,22,112,0.557261308058875,4,0.75,0.18181818181818182
late,1,13,22,112,0.3302780737293997,7,0.7142857142857143,0.3181818181818182
late,2,1,12,112,0.6407100620211632,2,0.5,0.16666666666666666
late,2,2,12,112,0.6197862164279039,4,0.5,0.3333333333333333
late,2,5,12,112,0.5866703458378005,2,0.0,0.16666666666666666
late,2,6,12,112,0.5775348785394184,3,0.3333333333333333,0.25
late,2,13,12,112,0.33127523668291525,1,1.0,0.08333333333333333
late,3,13,1,112,0.34869188802659873,1,0.0,1.0
late,4,6,4,112,0.5826801231366111,3,0.6666666666666666,0.75
late,4,13,4,112,0.3309448763359131,1,0.0,0.25
late,5,1,31,112,0.6106432326389987,7,0.7142857142857143,0.22580645161290322
late,5,2,31,112,0.5878025970898165,3,0.6666666666666666,0.0967741935483871
late,5,5,31,112,0.5710022567107439,10,0.7,0.3225806451612903
late,5,6,31,112,0.5641977952673468,6,0.5,0.1935483870967742
late,5,13,31,112,0.3251674000202834,5,0.4,0.16129032258064516
late,6,1,23,112,0.6398406629748703,3,0.6666666666666666,0.13043478260869565
late,6,2,23,112,0.6156802781349074,4,0.5,0.17391304347826086
late,6,3,23,112,0.6053620800643297,1,1.0,0.043478260869565216
late,6,5,23,112,0.5827206849189872,1,1.0,0.043478260869565216
late,6,6,23,112,0.5795642368794993,9,0.4444444444444444,0.391304347826087
late,6,13,23,112,0.2988181258967999,5,0.2,0.21739130434782608
late,7,1,5,112,0.6606175582960118,1,0.0,0.2
late,7,2,5,112,0.6397501801745442,2,0.5,0.4
late,7,13,5,112,0.39603757578938314,2,0.5,0.4
late,10,1,30,112,0.648066966524901,1,1.0,0.03333333333333333
late,10,2,30,112,0.6273827126928235,8,0.75,0.26666666666666666
late,10,5,30,112,0.594978557717387,4,1.0,0.13333333333333333
late,10,6,30,112,0.5956071784859095,4,0.75,0.13333333333333333
late,10,7,30,112,0.5698261968171339,1,0.0,0.03333333333333333
late,10,13,30,112,0.3677244765417697,12,0.25,0.4
late,11,1,5,112,0.639217558813126,3,0.3333333333333333,0.6
late,11,7,5,112,0.5714954383794406,2,0.0,0.4
late,13,1,25,112,0.6040835998075975,3,0.6666666666666666,0.12
late,13,2,25,112,0.5789324918969257,2,1.0,0.08
late,13,5,25,112,0.5511942985566389,5,0.8,0.2
late,13,6,25,112,0.5529426387666799,7,0.5714285714285714,0.28
late,13,13,25,112,0.29015409357860555,7,0.14285714285714285,0.28
late,13,14,25,112,0.24491210247364786,1,0.0,0.04
late,15,1,19,112,0.9391650686416353,9,0.8888888888888888,0.47368421052631576
late,15,2,19,112,0.9203056135985911,3,0.6666666666666666,0.15789473684210525
late,15,5,19,112,0.9177927964144661,3,0.6666666666666666,0.15789473684210525
late,15,6,19,112,0.9188860798298731,3,1.0,0.15789473684210525
late,15,10,19,112,0.8495855604270549,1,1.0,0.05263157894736842
late,16,1,10,112,0.9439709007933775,5,0.6,0.5
late,16,6,10,112,0.92793638457085,1,1.0,0.1
late,16,7,10,112,0.916468296935274,1,1.0,0.1
late,16,10,10,112,0.8487271497658456,2,0.5,0.2
late,16,13,10,112,0.8246250327470286,1,0.0,0.1
late,1,1,12,113,0.5931134692387147,1,0.0,0.08333333333333333
late,1,5,12,113,0.541044974507578,1,0.0,0.08333333333333333
late,1,6,12,113,0.5403508894611483,6,0.8333333333333334,0.5
late,1,13,12,113,0.30238222822372246,4,0.25,0.3333333333333333
late,2,1,8,113,0.6335967985992887,3,0.6666666666666666,0.375
late,2,5,8,113,0.5651656473627151,1,1.0,0.125
late,2,6,8,113,0.5542763693340125,2,0.5,0.25
late,2,13,8,113,0.2967198556574961,2,0.5,0.25
late,4,6,3,113,0.3686787719799896,1,0.0,0.3333333333333333
late,4,13,3,113,0.20625594165156466,2,0.5,0.6666666666666666
late,5,6,2,113,0.572549445821453,1,1.0,0.5
late,5,13,2,113,0.297739145386231,1,1.0,0.5
late,6,1,10,113,0.6261256090525957,1,0.0,0.1
late,6,2,10,113,0.6097809965359052,2,0.5,0.2
late,6,3,10,113,0.6171359774686876,1,0.0,0.1
late,6,5,10,113,0.5720398259897299,4,0.75,0.4
late,6,6,10,113,0.5679067557761309,1,1.0,0.1
late,6,13,10,113,0.2803480365673884,1,0.0,0.1
late,7,6,4,113,0.4268717631876884,1,0.0,0.25
late,7,13,4,113,0.23847534526831835,3,0.0,0.75
late,10,1,12,113,0.6139004954475219,1,1.0,0.08333333333333333
late,10,2,12,113,0.5924079305780051,2,0.5,0.16666666666666666
late,10,5,12,113,0.5532904629276039,3,0.6666666666666666,0.25
late,10,6,12,113,0.554396178262823,2,0.0,0.16666666666666666
late,10,13,12,113,0.31385817866738513,4,0.0,0.3333333333333333
late,11,1,4,113,0.5881020297512406,4,0.5,1.0
late,13,2,8,113,0.5893329885710484,3,0.6666666666666666,0.375
late,13,5,8,113,0.5583116444279351,4,0.75,0.5
late,13,6,8,113,0.559751408398918,1,1.0,0.125
late,15,1,8,113,0.933884331562471,4,1.0,0.5
late,15,2,8,113,0.9142431750533369,1,1.0,0.125
late,15,6,8,113,0.9121318413520297,3,1.0,0.375
late,16,1,11,113,0.9252913838164684,8,0.75,0.7272727272727273
late,16,6,11,113,0.9085773530796807,1,1.0,0.09090909090909091
late,16,7,11,113,0.9002008849870663,1,1.0,0.09090909090909091
late,16,11,11,113,0.8358055645696485,1,1.0,0.09090909090909091
late,1,1,13,114,0.4794078889040502,1,0.0,0.07692307692307693
late,1,3,13,114,0.448694096576295,1,1.0,0.07692307692307693
late,1,10,13,114,0.34744285292604016,7,0.5714285714285714,0.5384615384615384
late,1,11,13,114,0.3603582520170717,2,0.0,0.15384615384615385
late,1,13,13,114,0.19903188697519153,2,0.0,0.15384615384615385
late,3,3,1,114,0.4848656698373768,1,1.0,1.0
late,5,1,1,114,0.4079338196874688,1,0.0,1.0
late,10,1,14,114,0.4265748419573601,7,0.42857142857142855,0.5
late,10,5,14,114,0.39121607228006633,1,0.0,0.07142857142857142
late,10,6,14,114,0.391912789121965,1,0.0,0.07142857142857142
late,10,10,14,114,0.35943799558621026,3,0.0,0.21428571428571427
late,10,13,14,114,0.20035183908713058,2,0.0,0.14285714285714285
late,11,10,1,114,0.37395856862490984,1,1.0,1.0
late,16,10,1,114,0.7164401086287752,1,1.0,1.0
late,0,1,8,115,0.8304369737999096,3,1.0,0.375
late,0,2,8,115,0.815069345525626,3,0.0,0.375
late,0,10,8,115,0.6711335533522778,2,0.5,0.25
late,1,1,81,115,0.49549750411561966,33,0.42424242424242425,0.4074074074074074
late,1,2,81,115,0.47753801254425987,3,0.3333333333333333,0.037037037037037035
late,1,3,81,115,0.48928585445798245,14,0.5,0.1728395061728395
late,1,5,81,115,0.4368199162435374,14,0.5,0.1728395061728395
late,1,6,81,115,0.43581376082863726,7,0.42857142857142855,0.08641975308641975
late,1,13,81,115,0.2095001508700653,10,0.0,0.12345679012345678
late,2,1,21,115,0.47608377923368944,7,0.7142857142857143,0.3333333333333333
late,2,2,21,115,0.4579232943807874,7,0.5714285714285714,0.3333333333333333
late,2,3,21,115,0.4687903485956048,1,0.0,0.047619047619047616
late,2,5,21,115,0.4205141197454726,2,0.5,0.09523809523809523
late,2,6,21,115,0.41004952304243314,1,1.0,0.047619047619047616
late,2,13,21,115,0.19466472644486973,3,0.0,0.14285714285714285
late,3,1,8,115,0.5234636405868911,4,0.25,0.5
late,3,3,8,115,0.5276783729414214,2,1.0,0.25
late,3,6,8,115,0.4453074608202063,1,0.0,0.125
late,3,11,8,115,0.35134338760853945,1,1.0,0.125
late,4,2,6,115,0.44353426923861655,2,0.0,0.3333333333333333
late,4,5,6,115,0.4130108887768331,2,0.5,0.3333333333333333
late,4,10,6,115,0.3327683711497979,1,0.0,0.16666666666666666
late,4,13,6,115,0.1886436527540647,1,0.0,0.16666666666666666
late,5,1,38,115,0.48475652788297946,4,0.75,0.10526315789473684
late,5,2,38,115,0.46382496630353376,1,0.0,0.02631578947368421
late,5,3,38,115,0.47037663965370574,1,0.0,0.02631578947368421
late,5,5,38,115,0.4346131999268748,19,0.42105263157894735,0.5
late,5,6,38,115,0.42700199410328527,4,0.5,0.10526315789473684
late,5,10,38,115,0.3556454510095395,1,0.0,0.02631578947368421
late,5,13,38,115,0.20431073444708375,8,0.0,0.21052631578947367
late,6,1,25,115,0.43968031727379725,2,0.5,0.08
late,6,2,25,115,0.417989346433054,4,0.5,0.16
late,6,3,25,115,0.4161821686544701,1,1.0,0.04
late,6,5,25,115,0.38960339382988757,10,0.2,0.4
late,6,6,25,115,0.38602640479213307,5,0.4,0.2
late,6,13,25,115,0.15880752377205073,3,0.0,0.12
late,7,1,21,115,0.44773843027631827,5,0.6,0.23809523809523808
late,7,2,21,115,0.42837277775736055,1,0.0,0.047619047619047616
late,7,5,21,115,0.40288956089468,9,0.4444444444444444,0.42857142857142855
late,7,13,21,115,0.20574815316646275,6,0.0,0.2857142857142857
late,8,2,3,115,0.5019508658172452,1,1.0,0.3333333333333333
late,8,8,3,115,0.3263972566333085,1,0.0,0.3333333333333333
late,8,13,3,115,0.20596955480418858,1,1.0,0.3333333333333333
late,10,1,47,115,0.46953189754180147,7,0.2857142857142857,0.14893617021276595
late,10,2,47,115,0.448832275303028,5,0.2,0.10638297872340426
late,10,5,47,115,0.41256209918667824,10,0.3,0.2127659574468085
late,10,8,47,115,0.33028067955349927,1,0.0,0.02127659574468085
late,10,10,47,115,0.3666606098059297,2,0.5,0.0425531914893617
late,10,11,47,115,0.37622937507251536,1,1.0,0.02127659574468085
late,10,13,47,115,0.20744848880590977,21,0.23809523809523808,0.44680851063829785
late,11,1,18,115,0.49080115693265886,9,0.7777777777777778,0.5
late,11,5,18,115,0.4366999183092305,4,0.0,0.2222222222222222
late,11,8,18,115,0.371186374787989,1,0.0,0.05555555555555555
late,11,10,18,115,0.3931278554919713,1,0.0,0.05555555555555555
late,11,11,18,115,0.39876097743677746,1,1.0,0.05555555555555555
late,11,13,18,115,0.19512231419381362,2,0.0,0.1111111111111111
late,13,1,32,115,0.41093471169250895,4,0.25,0.125
late,13,2,32,115,0.38749216061711017,2,0.5,0.0625
late,13,5,32,115,0.3595826068933999,6,0.6666666666666666,0.1875
late,13,6,32,115,0.3612005645401867,2,1.0,0.0625
late,13,10,32,115,0.2837392851264701,1,0.0,0.03125
late,13,13,32,115,0.15397116014906126,17,0.17647058823529413,0.53125
late,14,14,1,115,0.0076023355936169655,1,0.0,1.0
late,15,1,24,115,0.877290441195982,10,0.9,0.4166666666666667
late,15,2,24,115,0.846726075914804,1,1.0,0.041666666666666664
late,15,4,24,115,0.8603719326348722,2,1.0,0.08333333333333333
late,15,5,24,115,0.841620137171953,3,1.0,0.125
late,15,7,24,115,0.8308235819883955,1,1.0,0.041666666666666664
late,15,10,24,115,0.7345592044068813,2,1.0,0.08333333333333333
late,15,11,24,115,0.7436458055796562,3,0.6666666666666666,0.125
late,15,13,24,115,0.6464590409442051,2,0.5,0.08333333333333333
late,16,1,4,115,0.8723048831551338,1,1.0,0.25
late,16,5,4,115,0.8456570785807225,1,1.0,0.25
late,16,7,4,115,0.8447243158790054,1,1.0,0.25
late,16,11,4,115,0.7395584682154067,1,0.0,0.25
late,3,3,1,116,0.622187099926925,1,0.0,1.0
late,5,3,4,116,0.5847861909979876,1,1.0,0.25
late,5,5,4,116,0.5435729225927796,1,1.0,0.25
late,5,6,4,116,0.536185566286476,2,0.5,0.5
late,6,3,6,116,0.6040848017441562,2,1.0,0.3333333333333333
late,6,5,6,116,0.5471912714230772,1,1.0,0.16666666666666666
late,6,6,6,116,0.543596500723788,2,0.5,0.3333333333333333
late,6,13,6,116,0.24812368041113564,1,1.0,0.16666666666666666
late,7,5,1,116,0.4986369159924556,1,0.0,1.0
late,10,3,20,116,0.5453457500304101,4,0.75,0.2
late,10,5,20,116,0.5283770403798671,1,1.0,0.05
late,10,6,20,116,0.5289128276383467,1,0.0,0.05
late,10,10,20,116,0.48146324175652894,13,0.3076923076923077,0.65
late,10,13,20,116,0.3045008656380134,1,0.0,0.05
late,13,3,4,116,0.5534612022733327,1,1.0,0.25
late,13,13,4,116,0.2267833969512213,3,0.6666666666666666,0.75
late,15,3,6,116,0.921778636215521,2,1.0,0.3333333333333333
late,15,5,6,116,0.9116392729335159,1,1.0,0.16666666666666666
late,15,6,6,116,0.9124466138949449,1,1.0,0.16666666666666666
late,15,13,6,116,0.6628123483070347,2,0.5,0.3333333333333333
late,1,1,25,117,0.5674546707033975,18,0.7777777777777778,0.72
late,1,2,25,117,0.5466422362605065,3,0.3333333333333333,0.12
late,1,6,25,117,0.5192437408062771,3,0.0,0.12
late,1,13,25,117,0.2852481055142699,1,0.0,0.04
late,2,2,1,117,0.5106405633983272,1,0.0,1.0
late,4,6,1,117,0.5239216054484196,1,0.0,1.0
late,6,2,2,117,0.2563867802266446,2,0.5,1.0
late,7,1,4,117,0.6095349958070391,1,0.0,0.25
late,7,6,4,117,0.5324275482161023,1,0.0,0.25
late,7,13,4,117,0.3008458436396986,2,0.0,0.5
late,10,13,1,117,0.25853608151906193,1,0.0,1.0
late,11,1,4,117,0.41304911790470333,3,0.6666666666666666,0.75
late,11,2,4,117,0.3954564451095288,1,1.0,0.25
late,13,2,9,117,0.5276908959401786,3,0.3333333333333333,0.3333333333333333
late,13,6,9,117,0.49763397652968805,1,0.0,0.1111111111111111
late,13,13,9,117,0.24242255791461473,5,0.2,0.5555555555555556
late,15,1,4,117,0.9161700572963473,2,1.0,0.5
late,15,2,4,117,0.8924909998100014,1,1.0,0.25
late,15,6,4,117,0.8925395150634992,1,1.0,0.25
late,1,1,17,118,0.6001581397604399,6,0.8333333333333334,0.35294117647058826
late,1,2,17,118,0.5879408041391272,1,1.0,0.058823529411764705
late,1,6,17,118,0.5518007241162161,5,1.0,0.29411764705882354
late,1,13,17,118,0.32296604893919445,5,0.2,0.29411764705882354
late,2,1,3,118,0.4491187063343102,1,0.0,0.3333333333333333
late,2,6,3,118,0.3781086254054493,1,1.0,0.3333333333333333
late,2,13,3,118,0.20468369717945886,1,0.0,0.3333333333333333
late,4,13,1,118,0.33892906914824933,1,0.0,1.0
late,5,1,10,118,0.662020010628853,1,1.0,0.1
late,5,2,10,118,0.6399017687901329,1,1.0,0.1
late,5,5,10,118,0.5951389924575993,1,0.0,0.1
late,5,6,10,118,0.5881038309335871,2,0.5,0.2
late,5,13,10,118,0.3347337254061115,5,0.4,0.5
late,6,1,23,118,0.6507127848284533,5,0.6,0.21739130434782608
late,6,2,23,118,0.6287698049373794,4,0.5,0.17391304347826086
late,6,5,23,118,0.5967068903730486,3,0.3333333333333333,0.13043478260869565
late,6,6,23,118,0.5933391019065607,8,0.625,0.34782608695652173
late,6,13,23,118,0.3015301960796958,3,0.0,0.13043478260869565
late,7,6,3,118,0.604073684633799,3,0.6666666666666666,1.0
late,10,2,8,118,0.6296949587178544,2,0.5,0.25
late,10,3,8,118,0.627024565013555,2,0.0,0.25
late,10,6,8,118,0.6005124324258291,2,0.5,0.25
late,10,13,8,118,0.37076581220479254,2,0.0,0.25
late,11,1,6,118,0.5415522500709117,2,1.0,0.3333333333333333
late,11,5,6,118,0.509719583102692,1,1.0,0.16666666666666666
late,11,6,6,118,0.510810657475315,1,0.0,0.16666666666666666
late,11,10,6,118,0.46222155248668306,1,1.0,0.16666666666666666
late,11,13,6,118,0.2960553686072705,1,0.0,0.16666666666666666
late,13,1,13,118,0.6449021833865358,1,1.0,0.07692307692307693
late,13,2,13,118,0.6205786909969568,3,1.0,0.23076923076923078
late,13,5,13,118,0.5854259306920903,1,0.0,0.07692307692307693
late,13,6,13,118,0.5871754534975602,2,1.0,0.15384615384615385
late,13,13,13,118,0.3110725891972015,6,0.0,0.46153846153846156
late,15,1,18,118,0.9471316931055109,12,1.0,0.6666666666666666
late,15,2,18,118,0.9301796261721331,1,1.0,0.05555555555555555
late,15,3,18,118,0.9381344182465651,1,1.0,0.05555555555555555
late,15,6,18,118,0.9297635690117194,1,1.0,0.05555555555555555
late,15,10,18,118,0.8535491247497622,1,1.0,0.05555555555555555
late,15,13,18,118,0.8116818199618445,2,1.0,0.1111111111111111
late,16,6,1,118,0.9435996388722127,1,1.0,1.0
late,1,10,2,119,0.41173017990826244,1,0.0,0.5
late,1,13,2,119,0.23754716150174277,1,0.0,0.5
late,6,6,3,119,0.5256742823504272,1,1.0,0.3333333333333333
late,6,13,3,119,0.2570870495308676,2,0.5,0.6666666666666666
late,10,1,7,119,0.4922897943760792,3,0.0,0.42857142857142855
late,10,3,7,119,0.4861127289483486,1,1.0,0.14285714285714285
late,10,6,7,119,0.4494607166049341,1,1.0,0.14285714285714285
late,10,13,7,119,0.25157979974893335,2,0.0,0.2857142857142857
late,13,1,1,119,0.5110221750190018,1,1.0,1.0
late,15,1,3,119,0.922797080679841,1,1.0,0.3333333333333333
late,15,6,3,119,0.8947905708991017,2,1.0,0.6666666666666666
late,18,3,1,120,0.9198562149141604,1,1.0,1.0
late,1,1,15,121,0.5212695395232525,9,0.4444444444444444,0.6
late,1,3,15,121,0.5210342305612912,3,0.6666666666666666,0.2
late,1,10,15,121,0.39862730941739605,1,0.0,0.06666666666666667
late,1,11,15,121,0.38608119092353915,2,0.5,0.13333333333333333
late,3,10,2,121,0.3631784431530376,1,1.0,0.5
late,3,13,2,121,0.18841858241307166,1,0.0,0.5
late,4,1,2,121,0.4860511131335916,1,0.0,0.5
late,4,5,2,121,0.4431748617206455,1,0.0,0.5
late,6,1,3,121,0.5202868394053839,1,0.0,0.3333333333333333
late,6,3,3,121,0.5142071016506976,2,1.0,0.6666666666666666
late,10,12,3,121,0.45595041408778575,2,0.5,0.6666666666666666
late,10,13,3,121,0.2708533094425131,1,0.0,0.3333333333333333
late,11,12,1,121,0.41149426009244516,1,0.0,1.0
late,12,12,6,121,0.40543590846706373,4,0.25,0.6666666666666666
late,12,13,6,121,0.22949861076065034,1,0.0,0.16666666666666666
late,12,14,6,121,0.18699054159702966,1,0.0,0.16666666666666666
late,15,1,4,121,0.8692343081882151,3,1.0,0.75
late,15,5,4,121,0.8372619405757611,1,1.0,0.25
late,0,1,18,122,0.8849254594107859,3,0.6666666666666666,0.16666666666666666
late,0,2,18,122,0.8744895702805322,6,0.8333333333333334,0.3333333333333333
late,0,5,18,122,0.8735015160469448,1,1.0,0.05555555555555555
late,0,7,18,122,0.8420549156621933,2,1.0,0.1111111111111111
late,0,10,18,122,0.7477314285330524,3,1.0,0.16666666666666666
late,0,11,18,122,0.7492819655218143,2,0.5,0.1111111111111111
late,0,13,18,122,0.6123016574989699,1,1.0,0.05555555555555555
late,1,1,83,122,0.5221086594585127,33,0.7878787878787878,0.39759036144578314
late,1,2,83,122,0.5071098516908643,19,0.47368421052631576,0.2289156626506024
late,1,3,83,122,0.5190890350476521,1,1.0,0.012048192771084338
late,1,5,83,122,0.4713079582910164,5,0.4,0.060240963855421686
late,1,6,83,122,0.4703065236140585,10,0.3,0.12048192771084337
late,1,10,83,122,0.4151108529279747,2,0.5,0.024096385542168676
late,1,11,83,122,0.4123460039969926,3,0.3333333333333333,0.03614457831325301
late,1,13,83,122,0.24720897157167188,10,0.1,0.12048192771084337
late,2,1,36,122,0.5399927965041804,10,0.5,0.2777777777777778
late,2,2,36,122,0.5243813364360383,18,0.4444444444444444,0.5
late,2,6,36,122,0.47401239277861823,3,0.6666666666666666,0.08333333333333333
late,2,11,36,122,0.4169795103899307,2,0.5,0.05555555555555555
late,2,13,36,122,0.2509131538767776,3,0.0,0.08333333333333333
late,3,1,2,122,0.6062580908877092,1,1.0,0.5
late,3,3,2,122,0.6106613162868889,1,0.0,0.5
late,4,1,31,122,0.48244784999340234,3,0.6666666666666666,0.0967741935483871
late,4,2,31,122,0.46346738782113356,9,0.5555555555555556,0.2903225806451613
late,4,5,31,122,0.4348912510203227,2,0.5,0.06451612903225806
late,4,6,31,122,0.4274225683997376,5,0.0,0.16129032258064516
late,4,13,31,122,0.21106034219429823,12,0.08333333333333333,0.3870967741935484
late,5,1,12,122,0.43457040815350895,4,0.75,0.3333333333333333
late,5,2,12,122,0.4195866140295281,3,0.3333333333333333,0.25
late,5,6,12,122,0.3882703976205784,2,0.5,0.16666666666666666
late,5,13,12,122,0.20515940763845478,3,0.3333333333333333,0.25
late,6,1,30,122,0.5386566691729986,5,1.0,0.16666666666666666
late,6,2,30,122,0.5195575527964176,4,0.5,0.13333333333333333
late,6,5,30,122,0.4822925308652064,3,0.3333333333333333,0.1
late,6,6,30,122,0.4784281998621427,10,0.6,0.3333333333333333
late,6,13,30,122,0.2173026964337178,8,0.0,0.26666666666666666
late,7,1,19,122,0.46272808040969116,2,0.5,0.10526315789473684
late,7,2,19,122,0.44615881008737984,2,0.5,0.10526315789473684
late,7,5,19,122,0.4077069690551589,3,0.3333333333333333,0.15789473684210525
late,7,6,19,122,0.4030558066744755,3,0.6666666666666666,0.15789473684210525
late,7,13,19,122,0.21412768573316807,9,0.2222222222222222,0.47368421052631576
late,10,1,46,122,0.5019686060489014,6,0.8333333333333334,0.13043478260869565
late,10,2,46,122,0.48284507332701987,15,0.26666666666666666,0.32608695652173914
late,10,5,46,122,0.45202036248346894,3,0.3333333333333333,0.06521739130434782
late,10,6,46,122,0.4528133932495147,2,0.0,0.043478260869565216
late,10,10,46,122,0.4212737262793556,1,0.0,0.021739130434782608
late,10,13,46,122,0.2504221911747833,19,0.21052631578947367,0.41304347826086957
late,11,1,52,122,0.5118510778073422,12,0.5833333333333334,0.23076923076923078
late,11,2,52,122,0.4923631674901029,11,0.2727272727272727,0.21153846153846154
late,11,4,52,122,0.5068257554129233,1,0.0,0.019230769230769232
late,11,5,52,122,0.4668543451481216,2,0.5,0.038461538461538464
late,11,6,52,122,0.4683519980056333,1,1.0,0.019230769230769232
late,11,7,52,122,0.43957105637274874,9,0.4444444444444444,0.17307692307692307
late,11,10,52,122,0.4246163677297106,1,1.0,0.019230769230769232
late,11,11,52,122,0.43010750504509104,2,1.0,0.038461538461538464
late,11,13,52,122,0.22663033084564715,13,0.07692307692307693,0.25
late,13,2,38,122,0.41096931360709826,19,0.3157894736842105,0.5
late,13,5,38,122,0.3874337422174987,2,1.0,0.05263157894736842
late,13,6,38,122,0.389518710039304,3,0.3333333333333333,0.07894736842105263
late,13,13,38,122,0.17177590501812004,14,0.14285714285714285,0.3684210526315789
late,14,2,2,122,0.48540351481931554,1,0.0,0.5
late,14,13,2,122,0.19339569263286593,1,0.0,0.5
late,15,1,35,122,0.9169880003769425,18,0.8888888888888888,0.5142857142857142
late,15,2,35,122,0.8922749512629735,6,1.0,0.17142857142857143
late,15,4,35,122,0.9034145067307665,3,1.0,0.08571428571428572
late,15,5,35,122,0.8908917246977848,2,1.0,0.05714285714285714
late,15,6,35,122,0.8935580396284691,3,1.0,0.08571428571428572
late,15,11,35,122,0.8068943790305448,1,1.0,0.02857142857142857
late,15,13,35,122,0.7359153962833309,2,1.0,0.05714285714285714
late,16,1,3,122,0.9113614807903959,1,1.0,0.3333333333333333
late,16,7,3,122,0.8832996757976156,1,1.0,0.3333333333333333
late,16,13,3,122,0.7529242405162165,1,1.0,0.3333333333333333
late,17,1,2,122,0.9243404877828862,1,1.0,0.5
late,17,6,2,122,0.9091733601012804,1,1.0,0.5
late,1,1,4,123,0.3957384899594223,1,0.0,0.25
late,1,3,4,123,0.38903668685714543,1,1.0,0.25
late,1,13,4,123,0.17556834512765446,2,0.0,0.5
late,2,1,1,123,0.5006039007294064,1,0.0,1.0
late,5,6,1,123,0.438450719118369,1,1.0,1.0
late,6,5,2,123,0.21129346061434376,1,1.0,0.5
late,6,13,2,123,0.09300513498088107,1,0.0,0.5
late,7,6,1,123,0.5287449496648217,1,0.0,1.0
late,10,5,6,123,0.24419804804990689,1,0.0,0.16666666666666666
late,10,10,6,123,0.21306615229177583,1,0.0,0.16666666666666666
late,10,13,6,123,0.13543411652677625,4,0.0,0.6666666666666666
late,11,1,1,123,0.4557039968340356,1,0.0,1.0
late,13,6,7,123,0.4123436922908498,2,0.5,0.2857142857142857
late,13,13,7,123,0.1484435783392039,5,0.2,0.7142857142857143
late,14,14,1,123,0.12971380537879898,1,1.0,1.0
late,15,1,2,123,0.8796166112645905,1,1.0,0.5
late,15,10,2,123,0.7538683086143163,1,1.0,0.5
late,1,3,9,124,0.4931278115885999,3,1.0,0.3333333333333333
late,1,5,9,124,0.4308817348166859,2,0.0,0.2222222222222222
late,1,6,9,124,0.42789956823817005,1,0.0,0.1111111111111111
late,1,10,9,124,0.34697358017890906,2,0.0,0.2222222222222222
late,1,11,9,124,0.36125420618823245,1,1.0,0.1111111111111111
late,5,5,3,124,0.41087048489400524,1,1.0,0.3333333333333333
late,5,12,3,124,0.35664628546687765,1,1.0,0.3333333333333333
late,5,13,3,124,0.1927555996732531,1,0.0,0.3333333333333333
late,10,5,11,124,0.39556203778249627,1,1.0,0.09090909090909091
late,10,10,11,124,0.35029091474460855,7,0.14285714285714285,0.6363636363636364
late,10,13,11,124,0.19987096909313043,2,0.0,0.18181818181818182
late,10,14,11,124,0.13651837956897458,1,0.0,0.09090909090909091
late,11,10,1,124,0.3805882114469406,1,0.0,1.0
late,14,5,2,124,0.35549358727398955,2,0.0,1.0
late,15,1,1,124,0.8535982903750914,1,1.0,1.0
late,9,3,4,125,0.4041616777430973,2,0.0,0.5
late,9,9,4,125,0.3555007879819055,2,1.0,0.5
late,1,1,11,126,0.3987193746770854,6,0.6666666666666666,0.5454545454545454
late,1,2,11,126,0.3820638921390563,1,0.0,0.09090909090909091
late,1,5,11,126,0.35567159311877855,1,0.0,0.09090909090909091
late,1,6,11,126,0.3542685455546975,1,0.0,0.09090909090909091
late,1,13,11,126,0.17730620195206945,1,0.0,0.09090909090909091
late,1,14,11,126,0.14517087253708622,1,0.0,0.09090909090909091
late,2,1,6,126,0.470667826319134,2,0.0,0.3333333333333333
late,2,2,6,126,0.44878504324457774,2,0.5,0.3333333333333333
late,2,13,6,126,0.18658225080627322,2,0.0,0.3333333333333333
late,4,1,4,126,0.44551239781225715,1,0.0,0.25
late,4,6,4,126,0.38038513298958365,2,0.0,0.5
late,4,13,4,126,0.16074842576304657,1,0.0,0.25
late,5,6,2,126,0.425387699394964,2,1.0,1.0
late,6,1,15,126,0.4738359426923979,3,0.3333333333333333,0.2
late,6,2,15,126,0.4494203751858136,4,0.75,0.26666666666666666
late,6,6,15,126,0.41548363481561573,7,0.42857142857142855,0.4666666666666667
late,6,13,15,126,0.1693597536767841,1,0.0,0.06666666666666667
late,7,1,3,126,0.287810211082936,1,0.0,0.3333333333333333
late,7,2,3,126,0.27171678918282105,1,0.0,0.3333333333333333
late,7,6,3,126,0.25431017193321354,1,0.0,0.3333333333333333
late,10,1,7,126,0.4677493329998322,1,0.0,0.14285714285714285
late,10,2,7,126,0.4442946046245676,3,0.3333333333333333,0.42857142857142855
late,10,5,7,126,0.4133351785279028,1,0.0,0.14285714285714285
late,10,13,7,126,0.20224296003116354,2,0.0,0.2857142857142857
late,11,1,2,126,0.4517875502355312,1,1.0,0.5
late,11,5,2,126,0.4124805681543604,1,0.0,0.5
late,13,1,8,126,0.44487277879341997,5,0.6,0.625
late,13,2,8,126,0.4154295815122995,1,0.0,0.125
late,13,6,8,126,0.39701045764297543,1,1.0,0.125
late,13,13,8,126,0.17146448852087945,1,0.0,0.125
late,15,1,2,126,0.8759967829061712,2,1.0,1.0
late,16,2,1,126,0.8332407069608727,1,1.0,1.0
late,1,3,2,127,0.5483241122499587,1,1.0,0.5
late,1,12,2,127,0.4218004571713972,1,0.0,0.5
late,2,2,1,127,0.008632887351557365,1,0.0,1.0
late,5,14,1,127,0.008477381313006613,1,0.0,1.0
late,8,14,1,127,0.12510949933661766,1,0.0,1.0
late,10,2,9,127,0.4697008644901678,2,0.0,0.2222222222222222
late,10,12,9,127,0.39428925944029897,5,0.2,0.5555555555555556
late,10,14,9,127,0.14672355518302552,2,0.0,0.2222222222222222
late,12,1,11,127,0.41497094388976136,3,0.6666666666666666,0.2727272727272727
late,12,2,11,127,0.396462190197382,1,0.0,0.09090909090909091
late,12,6,11,127,0.366328330779252,1,1.0,0.09090909090909091
late,12,10,11,127,0.3354885391912534,2,0.5,0.18181818181818182
late,12,12,11,127,0.33629688457464124,4,0.5,0.36363636363636365
late,14,2,2,127,0.00985223533852059,1,0.0,0.5
late,14,14,2,127,0.00822632769300489,1,0.0,0.5
late,15,2,2,127,0.8527246746197684,1,1.0,0.5
late,15,12,2,127,0.7638679267753676,1,1.0,0.5
late,0,1,38,128,0.8746015485178968,15,0.8,0.39473684210526316
late,0,2,38,128,0.8625262487583797,7,0.7142857142857143,0.18421052631578946
late,0,3,38,128,0.8744037584264525,2,0.5,0.05263157894736842
late,0,5,38,128,0.8710021886507328,5,0.8,0.13157894736842105
late,0,7,38,128,0.8345285735953377,1,1.0,0.02631578947368421
late,0,10,38,128,0.7336007418935198,7,0.7142857142857143,0.18421052631578946
late,0,11,38,128,0.7466684862828696,1,1.0,0.02631578947368421
late,1,1,206,128,0.539256951404897,113,0.584070796460177,0.5485436893203883
late,1,2,206,128,0.5219596820482427,8,0.25,0.038834951456310676
late,1,3,206,128,0.5337437108874301,4,0.75,0.019417475728155338
late,1,5,206,128,0.4856446977750104,9,0.3333333333333333,0.043689320388349516
late,1,6,206,128,0.48381067294048813,25,0.44,0.12135922330097088
late,1,10,206,128,0.4168778535504186,6,0.5,0.02912621359223301
late,1,11,206,128,0.42112743442957135,3,0.6666666666666666,0.014563106796116505
late,1,13,206,128,0.2519204466456991,38,0.13157894736842105,0.18446601941747573
late,2,1,41,128,0.5423479880923132,14,0.42857142857142855,0.34146341463414637
late,2,2,41,128,0.5232937174808769,13,0.38461538461538464,0.3170731707317073
late,2,5,41,128,0.4867152489788284,1,1.0,0.024390243902439025
late,2,6,41,128,0.476447171905589,4,0.75,0.0975609756097561
late,2,10,41,128,0.41083618689887413,1,0.0,0.024390243902439025
late,2,13,41,128,0.250026197055951,8,0.625,0.1951219512195122
late,4,2,4,128,0.49737104720915404,2,0.0,0.5
late,4,6,4,128,0.4688266697403197,2,0.5,0.5
late,5,1,21,128,0.5404858191858397,9,0.6666666666666666,0.42857142857142855
late,5,2,21,128,0.525476014704269,1,1.0,0.047619047619047616
late,5,3,21,128,0.5332155285192984,1,1.0,0.047619047619047616
late,5,5,21,128,0.49129306805294315,5,1.0,0.23809523809523808
late,5,6,21,128,0.48438540729959517,2,1.0,0.09523809523809523
late,5,13,21,128,0.24637108568496738,3,0.3333333333333333,0.14285714285714285
late,6,1,69,128,0.5131627011370894,23,0.391304347826087,0.3333333333333333
late,6,2,69,128,0.49386090666763544,7,0.42857142857142855,0.10144927536231885
late,6,3,69,128,0.4911938335407168,1,1.0,0.014492753623188406
late,6,5,69,128,0.46029909943444774,4,0.25,0.057971014492753624
late,6,6,69,128,0.45644413074603485,21,0.5714285714285714,0.30434782608695654
late,6,13,69,128,0.20840084735016612,13,0.15384615384615385,0.18840579710144928
late,7,2,12,128,0.5415819418054667,5,0.8,0.4166666666666667
late,7,5,12,128,0.5129397824410427,2,1.0,0.16666666666666666
late,7,6,12,128,0.505902110361397,3,0.3333333333333333,0.25
late,7,10,12,128,0.451256606004555,1,1.0,0.08333333333333333
late,7,13,12,128,0.2781707671546035,1,0.0,0.08333333333333333
late,10,1,116,128,0.5311013528685699,25,0.4,0.21551724137931033
late,10,2,116,128,0.5090733622274295,22,0.4090909090909091,0.1896551724137931
late,10,3,116,128,0.5136188089137358,1,1.0,0.008620689655172414
late,10,5,116,128,0.47966795814886265,9,0.5555555555555556,0.07758620689655173
late,10,6,116,128,0.48061760392133607,20,0.35,0.1724137931034483
late,10,7,116,128,0.4458341543724906,3,0.3333333333333333,0.02586206896551724
late,10,10,116,128,0.426079533098742,1,0.0,0.008620689655172414
late,10,13,116,128,0.2631244452906976,35,0.2571428571428571,0.3017241379310345
late,11,1,108,128,0.5138240906494793,63,0.5714285714285714,0.5833333333333334
late,11,2,108,128,0.49229069072054077,7,0.2857142857142857,0.06481481481481481
late,11,5,108,128,0.4666673474586483,4,0.75,0.037037037037037035
late,11,6,108,128,0.46888645777761134,5,0.6,0.046296296296296294
late,11,7,108,128,0.43200996351512777,7,0.42857142857142855,0.06481481481481481
late,11,10,108,128,0.41666125260328774,3,0.3333333333333333,0.027777777777777776
late,11,11,108,128,0.42153737622287,1,1.0,0.009259259259259259
late,11,13,108,128,0.2061886606922367,17,0.058823529411764705,0.1574074074074074
late,11,14,108,128,0.13692442800225693,1,0.0,0.009259259259259259
late,12,6,2,128,0.45839963959625246,1,1.0,0.5
late,12,14,2,128,0.19988427684885673,1,1.0,0.5
late,13,1,72,128,0.47833449714886433,17,0.47058823529411764,0.2361111111111111
late,13,2,72,128,0.4536410315367416,11,0.45454545454545453,0.1527777777777778
late,13,5,72,128,0.4252214128027276,3,1.0,0.041666666666666664
late,13,6,72,128,0.4270920335287151,8,0.625,0.1111111111111111
late,13,13,72,128,0.19572373423648098,32,0.1875,0.4444444444444444
late,13,14,72,128,0.16057573297009856,1,0.0,0.013888888888888888
late,14,2,5,128,0.4899997675348831,1,0.0,0.2
late,14,6,5,128,0.4536802807026395,1,1.0,0.2
late,14,14,5,128,0.19584280759735465,3,0.3333333333333333,0.6
late,15,1,77,128,0.907057063567691,58,0.896551724137931,0.7532467532467533
late,15,2,77,128,0.8812634324650113,4,0.75,0.05194805194805195
late,15,3,77,128,0.8938823738309233,1,1.0,0.012987012987012988
late,15,5,77,128,0.8784029168608298,1,1.0,0.012987012987012988
late,15,6,77,128,0.881794771442339,4,1.0,0.05194805194805195
late,15,10,77,128,0.7924161911982528,6,1.0,0.07792207792207792
late,15,11,77,128,0.7943781377299081,3,1.0,0.03896103896103896
late,16,7,2,128,0.8856427143931711,1,1.0,0.5
late,16,13,2,128,0.7225735405067266,1,1.0,0.5
late,0,1,43,129,0.8842428863676128,32,0.875,0.7441860465116279
late,0,2,43,129,0.8720350020969914,4,1.0,0.09302325581395349
late,0,10,43,129,0.7502203170493511,1,1.0,0.023255813953488372
late,0,11,43,129,0.7680424222816886,2,1.0,0.046511627906976744
late,0,13,43,129,0.6540710306148119,4,0.75,0.09302325581395349
late,1,1,88,129,0.5596582691819267,44,0.5227272727272727,0.5
late,1,2,88,129,0.5425802190672766,24,0.375,0.2727272727272727
late,1,5,88,129,0.5101706934228115,5,0.4,0.056818181818181816
late,1,6,88,129,0.508602131447981,1,0.0,0.011363636363636364
late,1,10,88,129,0.4461260562156145,1,1.0,0.011363636363636364
late,1,13,88,129,0.27037518542778555,12,0.0,0.13636363636363635
late,1,14,88,129,0.23365501104977282,1,0.0,0.011363636363636364
late,2,1,42,129,0.5540740742412115,15,0.6666666666666666,0.35714285714285715
late,2,2,42,129,0.5394947423435921,16,0.5625,0.38095238095238093
late,2,3,42,129,0.5573826158512123,1,1.0,0.023809523809523808
late,2,11,42,129,0.42741545840443596,1,0.0,0.023809523809523808
late,2,13,42,129,0.25616936405301116,7,0.14285714285714285,0.16666666666666666
late,2,14,42,129,0.2499285605116286,2,0.5,0.047619047619047616
late,3,1,2,129,0.5813859295563066,1,1.0,0.5
late,3,3,2,129,0.5685828286669472,1,1.0,0.5
late,4,1,18,129,0.5428529438080104,4,0.75,0.2222222222222222
late,4,2,18,129,0.5185438577109602,5,0.4,0.2777777777777778
late,4,5,18,129,0.4966565108958903,1,0.0,0.05555555555555555
late,4,6,18,129,0.48721406023179753,3,0.0,0.16666666666666666
late,4,13,18,129,0.25468556403581794,5,0.0,0.2777777777777778
late,5,1,1,129,0.5811749222714598,1,1.0,1.0
late,6,1,13,129,0.576033601144873,4,1.0,0.3076923076923077
late,6,2,13,129,0.5567359251229452,2,0.0,0.15384615384615385
late,6,6,13,129,0.5120600865221677,3,0.0,0.23076923076923078
late,6,13,13,129,0.23406905746494866,4,0.5,0.3076923076923077
late,7,1,6,129,0.5648118567515364,3,0.3333333333333333,0.5
late,7,2,6,129,0.5402744337784486,1,1.0,0.16666666666666666
late,7,6,6,129,0.504410758432143,2,0.0,0.3333333333333333
late,10,2,23,129,0.509620231832647,11,0.36363636363636365,0.4782608695652174
late,10,5,23,129,0.4778281825389394,2,0.5,0.08695652173913043
late,10,6,23,129,0.47893097431148257,5,0.4,0.21739130434782608
late,10,13,23,129,0.2605536911686162,4,0.25,0.17391304347826086
late,10,14,23,129,0.20642991466755375,1,0.0,0.043478260869565216
late,11,1,90,129,0.5613845039487361,31,0.6774193548387096,0.34444444444444444
late,11,2,90,129,0.5398908878170512,21,0.38095238095238093,0.23333333333333334
late,11,4,90,129,0.549139533107138,1,0.0,0.011111111111111112
late,11,5,90,129,0.5117702634694857,1,1.0,0.011111111111111112
late,11,6,90,129,0.513251555740428,5,0.8,0.05555555555555555
late,11,10,90,129,0.4498519907562507,3,0.6666666666666666,0.03333333333333333
late,11,11,90,129,0.46446584197662383,3,0.3333333333333333,0.03333333333333333
late,11,13,90,129,0.27134106418447695,24,0.16666666666666666,0.26666666666666666
late,11,14,90,129,0.1851575903377501,1,0.0,0.011111111111111112
late,12,2,1,129,0.47934765907406335,1,1.0,1.0
late,13,1,42,129,0.4815459842320114,9,0.4444444444444444,0.21428571428571427
late,13,2,42,129,0.45535737106433727,15,0.4666666666666667,0.35714285714285715
late,13,5,42,129,0.43395997269458564,1,0.0,0.023809523809523808
late,13,6,42,129,0.4355984107252677,6,0.6666666666666666,0.14285714285714285
late,13,13,42,129,0.20857193379337313,10,0.1,0.23809523809523808
late,13,14,42,129,0.1720540560046749,1,0.0,0.023809523809523808
late,14,2,6,129,0.4572900372868067,2,0.0,0.3333333333333333
late,14,13,6,129,0.22800928993833958,1,0.0,0.16666666666666666
late,14,14,6,129,0.19518451079678031,3,0.3333333333333333,0.5
late,15,1,42,129,0.9182386660635815,16,0.9375,0.38095238095238093
late,15,2,42,129,0.8945737869708171,9,1.0,0.21428571428571427
late,15,4,42,129,0.904604292244902,1,1.0,0.023809523809523808
late,15,6,42,129,0.8927089613242419,3,0.6666666666666666,0.07142857142857142
late,15,7,42,129,0.8759724127785986,2,1.0,0.047619047619047616
late,15,10,42,129,0.7890149601483035,4,0.75,0.09523809523809523
late,15,11,42,129,0.8049953528678172,5,0.6,0.11904761904761904
late,15,13,42,129,0.7584338331577668,2,1.0,0.047619047619047616
late,16,1,8,129,0.9060301494721867,4,1.0,0.5
late,16,2,8,129,0.8857462248245753,1,1.0,0.125
late,16,4,8,129,0.8980650911355462,1,1.0,0.125
late,16,7,8,129,0.8830311289910913,1,1.0,0.125
late,16,10,8,129,0.8029789289693124,1,1.0,0.125
late,1,1,11,130,0.3960642077965597,5,0.4,0.45454545454545453
late,1,3,11,130,0.3790836399737957,1,0.0,0.09090909090909091
late,1,6,11,130,0.3413678296536895,2,0.0,0.18181818181818182
late,1,10,11,130,0.2872801915301632,1,0.0,0.09090909090909091
late,1,13,11,130,0.1596132455946229,2,0.0,0.18181818181818182
late,4,3,1,130,0.43366689270957737,1,1.0,1.0
late,5,13,1,130,0.008109616601256319,1,0.0,1.0
late,6,1,5,130,0.4831589752923258,1,1.0,0.2
late,6,6,5,130,0.40842681192802405,2,0.5,0.4
late,6,13,5,130,0.1738482627643861,2,0.5,0.4
late,7,1,3,130,0.4283640206346595,3,0.3333333333333333,1.0
late,10,1,12,130,0.32702915015286455,3,0.6666666666666666,0.25
late,10,5,12,130,0.2894493833864554,1,0.0,0.08333333333333333
late,10,6,12,130,0.2901169040444011,3,0.3333333333333333,0.25
late,10,13,12,130,0.15514907985061527,4,0.0,0.3333333333333333
late,10,14,12,130,0.1093295732833281,1,0.0,0.08333333333333333
late,11,1,1,130,0.45459382115556596,1,0.0,1.0
late,13,1,2,130,0.21703462643301522,1,0.0,0.5
late,13,13,2,130,0.09060019414758184,1,0.0,0.5
late,15,1,3,130,0.8737688909679453,1,0.0,0.3333333333333333
late,15,6,3,130,0.8416550358613716,1,1.0,0.3333333333333333
late,15,10,3,130,0.74556629885102,1,0.0,0.3333333333333333
late,16,1,2,130,0.8460749740563239,2,1.0,1.0
late,0,1,5,131,0.8935154301805959,2,1.0,0.4
late,0,2,5,131,0.883052173349256,1,1.0,0.2
late,0,10,5,131,0.7611088351114731,2,1.0,0.4
late,1,1,2,131,0.5801010904542593,1,0.0,0.5
late,1,2,2,131,0.551751401000854,1,0.0,0.5
late,2,1,11,131,0.5848561801596546,1,1.0,0.09090909090909091
late,2,2,11,131,0.5614141041888445,5,0.6,0.45454545454545453
late,2,6,11,131,0.5188628079576492,2,0.5,0.18181818181818182
late,2,13,11,131,0.2860510405428603,3,0.3333333333333333,0.2727272727272727
late,4,13,2,131,0.28641385047900403,2,0.0,1.0
late,6,2,5,131,0.5568091944783574,3,0.0,0.6
late,6,13,5,131,0.25502386979359143,2,0.5,0.4
late,7,5,1,131,0.6223804597078647,1,1.0,1.0
late,10,1,5,131,0.6029551861253102,1,0.0,0.2
late,10,2,5,131,0.5797681917913453,1,0.0,0.2
late,10,13,5,131,0.29418853994051186,3,1.0,0.6
late,13,2,7,131,0.5478651863268739,3,0.3333333333333333,0.42857142857142855
late,13,13,7,131,0.26095082930415675,4,0.5,0.5714285714285714
late,1,1,89,132,0.5244806441326447,41,0.5853658536585366,0.4606741573033708
late,1,2,89,132,0.5116219675586691,14,0.6428571428571429,0.15730337078651685
late,1,3,89,132,0.5225869151356108,2,0.0,0.02247191011235955
late,1,5,89,132,0.47937959025422394,6,0.16666666666666666,0.06741573033707865
late,1,6,89,132,0.47823802822532147,3,0.6666666666666666,0.033707865168539325
late,1,7,89,132,0.4551343928805871,3,0.0,0.033707865168539325
late,1,8,89,132,0.4111925020045873,2,0.5,0.02247191011235955
late,1,10,89,132,0.4194974518974122,2,0.5,0.02247191011235955
late,1,11,89,132,0.41840580318625137,2,0.5,0.02247191011235955
late,1,13,89,132,0.25772670565918065,14,0.2857142857142857,0.15730337078651685
late,2,1,18,132,0.5185752497577637,6,0.5,0.3333333333333333
late,2,2,18,132,0.5061795523858064,3,0.3333333333333333,0.16666666666666666
late,2,5,18,132,0.4676820299372987,2,0.0,0.1111111111111111
late,2,6,18,132,0.45768830368371777,2,0.5,0.1111111111111111
late,2,8,18,132,0.3826263324237582,1,0.0,0.05555555555555555
late,2,13,18,132,0.24289610305800866,4,0.0,0.2222222222222222
late,3,3,1,132,0.6462432950401306,1,1.0,1.0
late,4,1,21,132,0.5170655456176697,9,0.5555555555555556,0.42857142857142855
late,4,2,21,132,0.49912738839357396,2,0.0,0.09523809523809523
late,4,5,21,132,0.47373866956756056,2,1.0,0.09523809523809523
late,4,8,21,132,0.3801282065634699,2,0.0,0.09523809523809523
late,4,13,21,132,0.23506872641879709,6,0.3333333333333333,0.2857142857142857
late,5,1,16,132,0.4922501342949261,5,0.2,0.3125
late,5,2,16,132,0.4712077173583905,4,0.0,0.25
late,5,5,16,132,0.45323334372937907,2,0.5,0.125
late,5,6,16,132,0.44657252807050246,2,0.5,0.125
late,5,13,16,132,0.2399856322695458,3,0.0,0.1875
late,6,1,8,132,0.4961559224747832,1,1.0,0.125
late,6,2,8,132,0.47376198245379886,2,1.0,0.25
late,6,5,8,132,0.4506754314734182,1,0.0,0.125
late,6,6,8,132,0.447066567431982,2,0.5,0.25
late,6,8,8,132,0.32221143316703366,1,1.0,0.125
late,6,13,8,132,0.21343568070999322,1,1.0,0.125
late,7,13,1,132,0.28258258798880337,1,1.0,1.0
late,8,1,7,132,0.5446178268218709,3,0.6666666666666666,0.42857142857142855
late,8,2,7,132,0.5153198238894012,3,0.3333333333333333,0.42857142857142855
late,8,5,7,132,0.5000654588554444,1,1.0,0.14285714285714285
late,10,1,28,132,0.4456322188975879,7,0.7142857142857143,0.25
late,10,2,28,132,0.42879924717462364,9,0.5555555555555556,0.32142857142857145
late,10,5,28,132,0.404517558445516,1,0.0,0.03571428571428571
late,10,8,28,132,0.3439539598708903,2,0.0,0.07142857142857142
late,10,10,28,132,0.3833114355570127,1,0.0,0.03571428571428571
late,10,13,28,132,0.2275399661341508,8,0.125,0.2857142857142857
late,11,1,18,132,0.5413807328543027,9,0.4444444444444444,0.5
late,11,7,18,132,0.4652387638675366,2,0.0,0.1111111111111111
late,11,8,18,132,0.42316097682461207,1,0.0,0.05555555555555555
late,11,10,18,132,0.4509006128809499,2,0.5,0.1111111111111111
late,11,13,18,132,0.23733331745861863,4,0.5,0.2222222222222222
late,13,1,19,132,0.5028213805507294,5,0.8,0.2631578947368421
late,13,2,19,132,0.4764693887754032,8,0.375,0.42105263157894735
late,13,6,19,132,0.45206854611419717,1,0.0,0.05263157894736842
late,13,10,19,132,0.38411948981476135,1,1.0,0.05263157894736842
late,13,13,19,132,0.19900933377566643,4,0.0,0.21052631578947367
late,14,14,2,132,0.09466727684057769,2,0.0,1.0
late,15,1,52,132,0.9123370971665421,35,0.9428571428571428,0.6730769230769231
late,15,2,52,132,0.8893287364443716,5,1.0,0.09615384615384616
late,15,4,52,132,0.8995170455556104,1,1.0,0.019230769230769232
late,15,5,52,132,0.8850268584223814,4,0.75,0.07692307692307693
late,15,6,52,132,0.8869549223777903,1,1.0,0.019230769230769232
late,15,8,52,132,0.8154258350118415,1,1.0,0.019230769230769232
late,15,10,52,132,0.8049669054016135,2,1.0,0.038461538461538464
late,15,11,52,132,0.8097463589197512,1,1.0,0.019230769230769232
late,15,13,52,132,0.7298598682516502,2,1.0,0.038461538461538464
late,16,1,2,132,0.91582032260698,1,1.0,0.5
late,16,10,2,132,0.8220694474790664,1,1.0,0.5
late,0,1,28,133,0.8622766980964209,8,0.875,0.2857142857142857
late,0,2,28,133,0.8495856506418271,5,0.8,0.17857142857142858
late,0,3,28,133,0.8601499040757103,1,1.0,0.03571428571428571
late,0,5,28,133,0.8537606384605052,4,1.0,0.14285714285714285
late,0,6,28,133,0.8518873134157854,2,1.0,0.07142857142857142
late,0,7,28,133,0.8138246904274151,1,0.0,0.03571428571428571
late,0,10,28,133,0.7097854195892139,3,0.3333333333333333,0.10714285714285714
late,0,11,28,133,0.7239819885471326,1,0.0,0.03571428571428571
late,0,13,28,133,0.6016982619693014,3,0.6666666666666666,0.10714285714285714
late,1,1,18,133,0.5630744261453091,4,0.75,0.2222222222222222
late,1,2,18,133,0.5414930176995725,4,0.75,0.2222222222222222
late,1,3,18,133,0.551096523523205,3,0.6666666666666666,0.16666666666666666
late,1,5,18,133,0.5002396026347505,2,1.0,0.1111111111111111
late,1,10,18,133,0.4258415449082642,3,0.6666666666666666,0.16666666666666666
late,1,13,18,133,0.2594143225657011,2,0.5,0.1111111111111111
late,2,1,36,133,0.5273497483634207,2,0.5,0.05555555555555555
late,2,2,36,133,0.5023626622168498,19,0.42105263157894735,0.5277777777777778
late,2,6,36,133,0.46087578393234657,4,0.25,0.1111111111111111
late,2,13,36,133,0.23614676160972634,11,0.2727272727272727,0.3055555555555556
late,3,3,9,133,0.6090418175063269,5,0.8,0.5555555555555556
late,3,6,9,133,0.5180416878253218,1,0.0,0.1111111111111111
late,3,13,9,133,0.23202753993153127,3,0.0,0.3333333333333333
late,4,13,1,133,0.22828499292782609,1,0.0,1.0
late,5,1,12,133,0.569795247931471,2,0.5,0.16666666666666666
late,5,2,12,133,0.5570610666033755,3,1.0,0.25
late,5,3,12,133,0.5595831642667766,5,0.6,0.4166666666666667
late,5,6,12,133,0.5018605265567326,1,1.0,0.08333333333333333
late,5,13,12,133,0.2522047820369511,1,0.0,0.08333333333333333
late,6,1,49,133,0.5338433525181268,1,0.0,0.02040816326530612
late,6,2,49,133,0.5092608489154113,21,0.42857142857142855,0.42857142857142855
late,6,3,49,133,0.503363095890973,1,1.0,0.02040816326530612
late,6,5,49,133,0.47922874412410293,3,1.0,0.061224489795918366
late,6,6,49,133,0.475210085002761,11,0.8181818181818182,0.22448979591836735
late,6,13,49,133,0.2165087319669813,12,0.25,0.24489795918367346
late,7,2,12,133,0.5105014899608815,9,0.2222222222222222,0.75
late,7,13,12,133,0.24142518652461567,3,0.3333333333333333,0.25
late,10,1,55,133,0.5435560269815054,15,0.3333333333333333,0.2727272727272727
late,10,2,55,133,0.5208997447268185,8,0.375,0.14545454545454545
late,10,5,55,133,0.4890987055615995,5,0.8,0.09090909090909091
late,10,6,55,133,0.48988850100433445,2,1.0,0.03636363636363636
late,10,10,55,133,0.42875372059026273,7,0.42857142857142855,0.12727272727272726
late,10,13,55,133,0.27122261398350916,18,0.1111111111111111,0.32727272727272727
late,11,1,7,133,0.5266532653268704,4,0.5,0.5714285714285714
late,11,5,7,133,0.4759244717899748,1,0.0,0.14285714285714285
late,11,10,7,133,0.39398569656796895,1,0.0,0.14285714285714285
late,11,13,7,133,0.23679275565771896,1,0.0,0.14285714285714285
late,13,2,28,133,0.48491459712120216,18,0.2777777777777778,0.6428571428571429
late,13,6,28,133,0.45850427570471713,1,1.0,0.03571428571428571
late,13,10,28,133,0.3727114187150347,1,0.0,0.03571428571428571
late,13,13,28,133,0.21907395642630753,8,0.375,0.2857142857142857
late,1,1,3,134,0.4904212091214701,2,1.0,0.6666666666666666
late,1,13,3,134,0.19237869483968828,1,0.0,0.3333333333333333
late,10,13,4,134,0.2192106093044258,4,0.25,1.0
late,13,13,5,134,0.16927587145611472,5,0.0,1.0
late,15,1,5,134,0.8845618670292106,3,1.0,0.6
late,15,5,5,134,0.8486143320909232,1,1.0,0.2
late,15,13,5,134,0.6827334862085231,1,0.0,0.2
late,0,1,5,135,0.9319602167802502,4,1.0,0.8
late,0,6,5,135,0.932113973255469,1,1.0,0.2
late,1,1,9,135,0.6777987108195237,5,0.8,0.5555555555555556
late,1,5,9,135,0.6217200902024848,1,0.0,0.1111111111111111
late,1,6,9,135,0.6211439161958604,3,1.0,0.3333333333333333
late,2,2,3,135,0.6606057343477889,2,1.0,0.6666666666666666
late,2,6,3,135,0.617174757598309,1,1.0,0.3333333333333333
late,4,6,3,135,0.5849084728390327,2,0.5,0.6666666666666666
late,4,13,3,135,0.30900355959246795,1,0.0,0.3333333333333333
late,6,2,5,135,0.6640944060478983,1,0.0,0.2
late,6,6,5,135,0.620258548534521,3,0.6666666666666666,0.6
late,6,13,5,135,0.33090669571259657,1,0.0,0.2
late,10,13,1,135,0.27661484703499145,1,0.0,1.0
late,11,1,6,135,0.660810139854377,3,0.6666666666666666,0.5
late,11,13,6,135,0.34721408172828694,3,0.3333333333333333,0.5
late,13,13,1,135,0.2661759103389429,1,1.0,1.0
late,0,1,55,136,0.8841485559832375,24,0.8333333333333334,0.43636363636363634
late,0,2,55,136,0.8727399052832501,6,1.0,0.10909090909090909
late,0,3,55,136,0.8830575029599399,3,1.0,0.05454545454545454
late,0,5,55,136,0.8792590782462762,2,1.0,0.03636363636363636
late,0,6,55,136,0.8787197693364153,3,1.0,0.05454545454545454
late,0,7,55,136,0.842424310959951,5,1.0,0.09090909090909091
late,0,10,55,136,0.7436567940269259,11,0.9090909090909091,0.2
late,0,13,55,136,0.6393792750534124,1,0.0,0.01818181818181818
late,1,1,329,136,0.5737712333601371,110,0.4909090909090909,0.3343465045592705
late,1,2,329,136,0.5537078365252983,82,0.573170731707317,0.24924012158054712
late,1,3,329,136,0.5647593666543258,24,0.7916666666666666,0.0729483282674772
late,1,5,329,136,0.520682900075852,37,0.4864864864864865,0.11246200607902736
late,1,6,329,136,0.5196811539437736,27,0.5925925925925926,0.08206686930091185
late,1,8,329,136,0.4470048136224723,1,0.0,0.00303951367781155
late,1,10,329,136,0.45177114477225083,4,0.75,0.0121580547112462
late,1,11,329,136,0.4597989518609239,5,0.2,0.015197568389057751
late,1,13,329,136,0.2802045941987702,38,0.3157894736842105,0.11550151975683891
late,1,14,329,136,0.2367662770392777,1,0.0,0.00303951367781155
late,2,1,257,136,0.5429212368316532,44,0.5454545454545454,0.17120622568093385
late,2,2,257,136,0.5187881074660762,154,0.4675324675324675,0.5992217898832685
late,2,3,257,136,0.5258347804905831,4,0.5,0.01556420233463035
late,2,5,257,136,0.49074511862176995,10,0.6,0.038910505836575876
late,2,6,257,136,0.4809264861341317,9,0.4444444444444444,0.03501945525291829
late,2,10,257,136,0.4196676350883312,1,0.0,0.0038910505836575876
late,2,13,257,136,0.26040204255073107,33,0.15151515151515152,0.12840466926070038
late,2,14,257,136,0.2407505078973564,2,0.0,0.007782101167315175
late,3,1,15,136,0.5623243205682924,4,0.5,0.26666666666666666
late,3,2,15,136,0.5497094169031642,1,0.0,0.06666666666666667
late,3,3,15,136,0.5573849441429243,9,0.6666666666666666,0.6
late,3,5,15,136,0.4959875084606704,1,0.0,0.06666666666666667
late,4,1,27,136,0.5488289675870279,1,1.0,0.037037037037037035
late,4,2,27,136,0.52519586262742,14,0.5,0.5185185185185185
late,4,5,27,136,0.5034576845346433,3,0.0,0.1111111111111111
late,4,6,27,136,0.4940593041146145,5,0.8,0.18518518518518517
late,4,13,27,136,0.25832298328379194,4,0.0,0.14814814814814814
late,5,1,89,136,0.5595345802735692,24,0.375,0.2696629213483146
late,5,2,89,136,0.5414440157202949,13,0.3076923076923077,0.14606741573033707
late,5,3,89,136,0.5466749685834206,2,1.0,0.02247191011235955
late,5,5,89,136,0.5124293836092484,29,0.6206896551724138,0.3258426966292135
late,5,6,89,136,0.5054061117544685,9,0.6666666666666666,0.10112359550561797
late,5,11,89,136,0.44421129040345836,1,1.0,0.011235955056179775
late,5,13,89,136,0.265329395750931,11,0.18181818181818182,0.12359550561797752
late,6,1,92,136,0.5521064353552603,12,0.75,0.13043478260869565
late,6,2,92,136,0.5276026362354479,28,0.5,0.30434782608695654
late,6,3,92,136,0.5224190662460959,2,1.0,0.021739130434782608
late,6,5,92,136,0.49851974296820467,7,0.2857142857142857,0.07608695652173914
late,6,6,92,136,0.49457740072219675,24,0.7916666666666666,0.2608695652173913
late,6,8,92,136,0.35832777177084296,1,0.0,0.010869565217391304
late,6,11,92,136,0.4092319532712183,2,0.0,0.021739130434782608
late,6,13,92,136,0.2340558955858125,15,0.26666666666666666,0.16304347826086957
late,6,14,92,136,0.18683664573919453,1,0.0,0.010869565217391304
late,7,1,38,136,0.5873953988493669,4,1.0,0.10526315789473684
late,7,2,38,136,0.5664391348812104,12,0.5833333333333334,0.3157894736842105
late,7,5,38,136,0.5379622153783651,9,0.4444444444444444,0.23684210526315788
late,7,6,38,136,0.5312047982450411,7,0.5714285714285714,0.18421052631578946
late,7,8,38,136,0.42133432935409737,1,0.0,0.02631578947368421
late,7,10,38,136,0.47149824126858175,1,1.0,0.02631578947368421
late,7,13,38,136,0.3026917883769688,4,0.5,0.10526315789473684
late,8,1,4,136,0.5545296754286191,3,0.3333333333333333,0.75
late,8,10,4,136,0.41666818907600145,1,0.0,0.25
late,10,1,202,136,0.5578431186765339,44,0.5,0.21782178217821782
late,10,2,202,136,0.5364702714673032,45,0.4,0.22277227722772278
late,10,3,202,136,0.5442584594409906,5,0.6,0.024752475247524754
late,10,4,202,136,0.5430789886487357,1,1.0,0.0049504950495049506
late,10,5,202,136,0.5093393194995629,13,0.3076923076923077,0.06435643564356436
late,10,6,202,136,0.5101170290310759,9,0.4444444444444444,0.04455445544554455
late,10,7,202,136,0.4800906892687989,4,0.75,0.019801980198019802
late,10,10,202,136,0.45991039043610665,7,0.7142857142857143,0.034653465346534656
late,10,11,202,136,0.4725296404929372,2,0.5,0.009900990099009901
late,10,13,202,136,0.29549654981514845,72,0.2777777777777778,0.3564356435643564
late,11,1,58,136,0.5560642117544748,26,0.38461538461538464,0.4482758620689655
late,11,2,58,136,0.5358464232347846,3,0.3333333333333333,0.05172413793103448
late,11,3,58,136,0.5497695403989606,6,0.6666666666666666,0.10344827586206896
late,11,5,58,136,0.5043495747738812,4,0.25,0.06896551724137931
late,11,6,58,136,0.5060724602489368,4,0.5,0.06896551724137931
late,11,7,58,136,0.4697221396418975,3,0.3333333333333333,0.05172413793103448
late,11,10,58,136,0.4493908870196157,5,0.6,0.08620689655172414
late,11,11,58,136,0.4568670017657176,3,0.0,0.05172413793103448
late,11,13,58,136,0.24768296311242033,4,0.5,0.06896551724137931
late,13,1,139,136,0.5383317402408888,7,0.42857142857142855,0.050359712230215826
late,13,2,139,136,0.5110749297966416,58,0.5,0.4172661870503597
late,13,3,139,136,0.5097121291457692,2,1.0,0.014388489208633094
late,13,5,139,136,0.48352043458986327,6,0.5,0.04316546762589928
late,13,6,139,136,0.4851530028222955,12,0.3333333333333333,0.08633093525179857
late,13,8,139,136,0.3419929558575136,1,0.0,0.007194244604316547
late,13,10,139,136,0.3960775631711938,2,0.0,0.014388489208633094
late,13,13,139,136,0.23795807112496586,51,0.21568627450980393,0.3669064748201439
late,15,1,115,136,0.9140647889278648,48,0.8333333333333334,0.41739130434782606
late,15,2,115,136,0.8903702404047424,14,1.0,0.12173913043478261
late,15,3,115,136,0.9011680889317372,6,1.0,0.05217391304347826
late,15,5,115,136,0.8857917509780636,16,0.9375,0.1391304347826087
late,15,6,115,136,0.8872509456961186,8,0.875,0.06956521739130435
late,15,7,115,136,0.8767651384478565,6,1.0,0.05217391304347826
late,15,8,115,136,0.8122508480398606,1,0.0,0.008695652173913044
late,15,10,115,136,0.7954741675447592,10,1.0,0.08695652173913043
late,15,11,115,136,0.8052041421486797,3,0.6666666666666666,0.02608695652173913
late,15,13,115,136,0.7321395426109362,3,0.6666666666666666,0.02608695652173913
late,16,1,18,136,0.9092070350619146,7,0.8571428571428571,0.3888888888888889
late,16,2,18,136,0.8900379050163006,3,0.6666666666666666,0.16666666666666666
late,16,5,18,136,0.8860767563421241,2,1.0,0.1111111111111111
late,16,6,18,136,0.8871136983009005,3,0.3333333333333333,0.16666666666666666
late,16,7,18,136,0.881390345696902,1,1.0,0.05555555555555555
late,16,10,18,136,0.8010630147926777,2,0.5,0.1111111111111111
late,17,1,2,136,0.9237077051492076,1,1.0,0.5
late,17,6,2,136,0.9082093848849584,1,1.0,0.5
late,0,1,3,137,0.9069013054831295,1,1.0,0.3333333333333333
late,0,2,3,137,0.8972785694422715,1,1.0,0.3333333333333333
late,0,11,3,137,0.7962614884394519,1,0.0,0.3333333333333333
late,1,1,6,137,0.6400751411849764,2,1.0,0.3333333333333333
late,1,2,6,137,0.6259807259642088,1,1.0,0.16666666666666666
late,1,5,6,137,0.5973690821508869,2,1.0,0.3333333333333333
late,1,6,6,137,0.5993274412936599,1,1.0,0.16666666666666666
late,2,1,7,137,0.4495846480714468,2,0.5,0.2857142857142857
late,2,2,7,137,0.4383858980395216,2,0.5,0.2857142857142857
late,2,5,7,137,0.41578559991245345,2,0.5,0.2857142857142857
late,2,14,7,137,0.22384950142270513,1,0.0,0.14285714285714285
late,4,5,9,137,0.46078060647640456,6,0.16666666666666666,0.6666666666666666
late,4,13,9,137,0.24620629554661122,3,0.6666666666666666,0.3333333333333333
late,5,2,9,137,0.48065967595389886,2,1.0,0.2222222222222222
late,5,5,9,137,0.4549660000998526,5,0.4,0.5555555555555556
late,5,13,9,137,0.24425103886828514,2,0.0,0.2222222222222222
late,6,13,1,137,0.020147629240098736,1,0.0,1.0
late,9,1,1,137,0.6512387910077141,1,0.0,1.0
late,10,2,8,137,0.5558446065911341,3,0.6666666666666666,0.375
late,10,5,8,137,0.5191838964995468,1,1.0,0.125
late,10,13,8,137,0.3336546443484217,4,0.25,0.5
late,11,1,9,137,0.4911162228841557,5,0.6,0.5555555555555556
late,11,5,9,137,0.45431479799492025,2,0.5,0.2222222222222222
late,11,10,9,137,0.41685228984336187,1,1.0,0.1111111111111111
late,11,13,9,137,0.26796467360846804,1,1.0,0.1111111111111111
late,13,2,3,137,0.5974043544912291,1,1.0,0.3333333333333333
late,13,5,3,137,0.5626540460312602,1,0.0,0.3333333333333333
late,13,13,3,137,0.2824328647806385,1,0.0,0.3333333333333333
late,14,2,1,137,0.5572790802969679,1,0.0,1.0
late,15,1,9,137,0.9452312927822594,3,1.0,0.3333333333333333
late,15,4,9,137,0.9335959870589414,1,1.0,0.1111111111111111
late,15,5,9,137,0.9248431228869074,2,1.0,0.2222222222222222
late,15,10,9,137,0.8569094619067315,2,0.5,0.2222222222222222
late,15,13,9,137,0.8207183013257319,1,1.0,0.1111111111111111
late,1,1,26,138,0.5275187128237704,15,0.8,0.5769230769230769
late,1,2,26,138,0.5032188101460933,8,0.375,0.3076923076923077
late,1,13,26,138,0.25664980304307466,3,0.0,0.11538461538461539
late,2,1,10,138,0.5361866656003519,3,0.3333333333333333,0.3
late,2,2,10,138,0.5201749479686395,2,0.5,0.2
late,2,6,10,138,0.46092214982076446,1,0.0,0.1
late,2,13,10,138,0.22933375907036252,3,0.3333333333333333,0.3
late,2,14,10,138,0.22234716148889594,1,1.0,0.1
late,3,3,1,138,0.6174144262356481,1,0.0,1.0
late,4,1,3,138,0.530190667913016,2,0.5,0.6666666666666666
late,4,2,3,138,0.5100933687714161,1,0.0,0.3333333333333333
late,6,1,12,138,0.33792382632338064,2,1.0,0.16666666666666666
late,6,2,12,138,0.31814501011356305,8,0.125,0.6666666666666666
late,6,6,12,138,0.30270854285475896,2,0.5,0.16666666666666666
late,10,1,12,138,0.5225015970076021,1,0.0,0.08333333333333333
late,10,2,12,138,0.5027902621448171,4,0.25,0.3333333333333333
late,10,6,12,138,0.4663321699709719,1,0.0,0.08333333333333333
late,10,13,12,138,0.23371366812212402,6,0.3333333333333333,0.5
late,11,1,21,138,0.47362389075493344,7,0.2857142857142857,0.3333333333333333
late,11,2,21,138,0.45518030889442607,5,0.4,0.23809523809523808
late,11,4,21,138,0.4689350740740956,1,0.0,0.047619047619047616
late,11,5,21,138,0.42288078471022716,1,0.0,0.047619047619047616
late,11,6,21,138,0.42478848613404674,1,1.0,0.047619047619047616
late,11,10,21,138,0.38457642162337813,1,1.0,0.047619047619047616
late,11,11,21,138,0.3859630394216706,1,1.0,0.047619047619047616
late,11,13,21,138,0.18548463351631192,4,0.0,0.19047619047619047
late,13,1,14,138,0.49784772443252884,1,1.0,0.07142857142857142
late,13,2,14,138,0.46971383014897583,6,0.16666666666666666,0.42857142857142855
late,13,6,14,138,0.4463960447162791,3,0.3333333333333333,0.21428571428571427
late,13,13,14,138,0.20182969624550137,3,0.3333333333333333,0.21428571428571427
late,13,14,14,138,0.1671903854957504,1,0.0,0.07142857142857142
late,14,2,2,138,0.4433320067729791,1,0.0,0.5
late,14,14,2,138,0.21914209757978462,1,1.0,0.5
late,15,1,18,138,0.9037699395687723,8,1.0,0.4444444444444444
late,15,2,18,138,0.876870182994261,2,1.0,0.1111111111111111
late,15,6,18,138,0.872686476540721,4,1.0,0.2222222222222222
late,15,7,18,138,0.8563763351455735,1,1.0,0.05555555555555555
late,15,10,18,138,0.762993480727593,2,1.0,0.1111111111111111
late,15,11,18,138,0.7778165697022993,1,1.0,0.05555555555555555
late,16,6,1,138,0.8876095182689362,1,1.0,1.0
late,0,1,3,139,0.8361630095303507,1,1.0,0.3333333333333333
late,0,3,3,139,0.81438098679969,1,1.0,0.3333333333333333
late,0,12,3,139,0.7349498836130669,1,1.0,0.3333333333333333
late,1,3,2,139,0.2672048319338557,1,1.0,0.5
late,1,13,2,139,0.11254796266734918,1,0.0,0.5
late,2,5,2,139,0.17150233805056894,1,0.0,0.5
late,2,14,2,139,0.06512903812124284,1,1.0,0.5
late,3,3,5,139,0.44702781986168666,2,0.5,0.4
late,3,5,5,139,0.37952810828070854,1,0.0,0.2
late,3,13,5,139,0.14557145692778328,2,0.5,0.4
late,5,5,2,139,0.37258311911271036,1,0.0,0.5
late,5,12,2,139,0.32951030606939247,1,0.0,0.5
late,6,12,3,139,0.3584859728509975,2,0.0,0.6666666666666666
late,6,13,3,139,0.18499543894671214,1,0.0,0.3333333333333333
late,8,3,2,139,0.43470607951884693,1,1.0,0.5
late,8,13,2,139,0.1955051708385192,1,0.0,0.5
late,9,3,2,139,0.4416435984788728,1,1.0,0.5
late,9,6,2,139,0.4364532302476503,1,1.0,0.5
late,10,1,14,139,0.49864787225697393,1,1.0,0.07142857142857142
late,10,3,14,139,0.4773404050962195,1,1.0,0.07142857142857142
late,10,12,14,139,0.40525528279682727,7,0.14285714285714285,0.5
late,10,13,14,139,0.22527615009038732,5,0.0,0.35714285714285715
late,11,5,2,139,0.4428872280966607,1,1.0,0.5
late,11,13,2,139,0.21380049518206373,1,0.0,0.5
late,12,2,41,139,0.38938059258882285,5,0.6,0.12195121951219512
late,12,3,41,139,0.3807569736657198,2,0.5,0.04878048780487805
late,12,5,41,139,0.3646962277301315,7,0.14285714285714285,0.17073170731707318
late,12,6,41,139,0.3803455687146352,2,0.0,0.04878048780487805
late,12,10,41,139,0.33482775379560165,1,1.0,0.024390243902439025
late,12,12,41,139,0.34604473372383954,20,0.25,0.4878048780487805
late,12,13,41,139,0.189216060213746,4,0.0,0.0975609756097561
late,13,12,5,139,0.144574698842491,2,0.5,0.4
late,13,13,5,139,0.08056164843971864,3,0.0,0.6
late,15,10,2,139,0.7428997502396508,1,1.0,0.5
late,15,12,2,139,0.7466379433954431,1,1.0,0.5
late,1,1,51,140,0.5576231091262517,26,0.6923076923076923,0.5098039215686274
late,1,5,51,140,0.507418150644462,5,0.6,0.09803921568627451
late,1,6,51,140,0.5074080696264782,6,0.5,0.11764705882352941
late,1,10,51,140,0.43423364724052105,1,0.0,0.0196078431372549
late,1,11,51,140,0.4515845929948103,1,0.0,0.0196078431372549
late,1,12,51,140,0.4685334271513759,2,0.0,0.0392156862745098
late,1,13,51,140,0.2772991652689618,10,0.3,0.19607843137254902
late,2,1,3,140,0.5353964464741682,3,0.6666666666666666,1.0
late,3,5,1,140,0.5073321737240756,1,0.0,1.0
late,4,1,6,140,0.5198529954022185,3,0.6666666666666666,0.5
late,4,2,6,140,0.4922491902401953,1,1.0,0.16666666666666666
late,4,5,6,140,0.469488214314789,1,0.0,0.16666666666666666
late,4,13,6,140,0.2252338359499074,1,1.0,0.16666666666666666
late,5,1,9,140,0.5333073365844171,3,0.3333333333333333,0.3333333333333333
late,5,2,9,140,0.5068604154007715,1,1.0,0.1111111111111111
late,5,3,9,140,0.5030729545844741,2,0.5,0.2222222222222222
late,5,5,9,140,0.48791878398495736,2,1.0,0.2222222222222222
late,5,13,9,140,0.25199745858655376,1,0.0,0.1111111111111111
late,6,1,16,140,0.5468251356008281,10,0.6,0.625
late,6,3,16,140,0.5176490556051062,1,1.0,0.0625
late,6,5,16,140,0.49380182262554034,1,0.0,0.0625
late,6,6,16,140,0.48935619356692317,2,0.5,0.125
late,6,13,16,140,0.22922078452453742,2,0.0,0.125
late,7,5,1,140,0.5035174049622776,1,1.0,1.0
late,10,1,16,140,0.5502277957606801,8,0.125,0.5
late,10,2,16,140,0.5289105788296948,1,0.0,0.0625
late,10,5,16,140,0.5016008336357773,3,0.3333333333333333,0.1875
late,10,6,16,140,0.5024162665969149,1,1.0,0.0625
late,10,13,16,140,0.2880715800133915,3,0.0,0.1875
late,11,1,2,140,0.6010860812686329,1,0.0,0.5
late,11,10,2,140,0.46499046765505125,1,0.0,0.5
late,13,1,11,140,0.5207637548556048,3,0.6666666666666666,0.2727272727272727
late,13,5,11,140,0.46615926670810076,3,0.0,0.2727272727272727
late,13,13,11,140,0.21929297251549196,3,0.3333333333333333,0.2727272727272727
late,13,14,11,140,0.17989878646404714,2,0.0,0.18181818181818182
late,14,14,1,140,0.24344679431321706,1,0.0,1.0
late,15,1,16,140,0.9032157235113367,11,0.9090909090909091,0.6875
late,15,4,16,140,0.8894806357445916,1,1.0,0.0625
late,15,5,16,140,0.8754920460569603,1,0.0,0.0625
late,15,6,16,140,0.8771222215004943,1,1.0,0.0625
late,15,7,16,140,0.8628782622032176,1,1.0,0.0625
late,15,10,16,140,0.7727409268010492,1,1.0,0.0625
late,1,1,6,141,0.4737325099746256,2,0.5,0.3333333333333333
late,1,3,6,141,0.46923018705607894,1,1.0,0.16666666666666666
late,1,11,6,141,0.35619002691066154,2,0.5,0.3333333333333333
late,1,13,6,141,0.2054554332696046,1,0.0,0.16666666666666666
late,3,3,3,141,0.5908818354008413,3,0.3333333333333333,1.0
late,4,10,1,141,0.3854417477904963,1,0.0,1.0
late,5,10,2,141,0.374851185795405,1,1.0,0.5
late,5,14,2,141,0.15407270432612288,1,0.0,0.5
late,6,10,1,141,0.36156673571827913,1,1.0,1.0
late,7,1,2,141,0.5280417278152547,1,1.0,0.5
late,7,8,2,141,0.3652829600146514,1,0.0,0.5
late,10,1,13,141,0.5354445002577047,1,1.0,0.07692307692307693
late,10,3,13,141,0.5122813028390237,5,0.6,0.38461538461538464
late,10,5,13,141,0.4844363795165036,2,0.5,0.15384615384615385
late,10,10,13,141,0.4433337968812908,4,0.75,0.3076923076923077
late,10,13,13,141,0.25161714965436655,1,0.0,0.07692307692307693
late,11,3,2,141,0.558433700297426,1,1.0,0.5
late,11,10,2,141,0.43469003671111694,1,0.0,0.5
late,15,1,5,141,0.9082141916148805,2,0.5,0.4
late,15,3,5,141,0.8915145842893543,2,1.0,0.4
late,15,11,5,141,0.7708942369093273,1,0.0,0.2
late,1,1,3,142,0.5881612493786376,2,0.5,0.6666666666666666
late,1,13,3,142,0.30047890073898104,1,0.0,0.3333333333333333
late,10,1,11,142,0.5964022009928388,3,0.3333333333333333,0.2727272727272727
late,10,2,11,142,0.5792611336903531,1,1.0,0.09090909090909091
late,10,6,11,142,0.5374969589272088,1,1.0,0.09090909090909091
late,10,10,11,142,0.496975413221932,2,0.0,0.18181818181818182
late,10,13,11,142,0.32285592610123937,4,0.0,0.36363636363636365
late,12,3,2,142,0.5408282889624706,1,1.0,0.5
late,12,13,2,142,0.2296071251697525,1,0.0,0.5
late,13,3,1,142,0.5026512023220884,1,1.0,1.0
late,15,1,2,142,0.904846861174146,2,1.0,1.0
late,16,1,5,142,0.9150377046150341,2,1.0,0.4
late,16,6,5,142,0.8878492300399874,1,1.0,0.2
late,16,10,5,142,0.7988802861075043,1,1.0,0.2
late,16,13,5,142,0.7290093901899177,1,1.0,0.2
late,18,10,1,142,0.8139871341802225,1,1.0,1.0
late,1,1,17,143,0.49255782065262477,11,0.2727272727272727,0.6470588235294118
late,1,10,17,143,0.3694906796040007,2,1.0,0.11764705882352941
late,1,11,17,143,0.3623758579960047,2,0.0,0.11764705882352941
late,1,13,17,143,0.19600914606897898,2,0.0,0.11764705882352941
late,2,1,2,143,0.4956853162765218,1,1.0,0.5
late,2,3,2,143,0.4963873093222614,1,0.0,0.5
late,3,3,1,143,0.5380767874669227,1,1.0,1.0
late,7,3,2,143,0.47763478873951726,1,1.0,0.5
late,7,13,2,143,0.18517558335340156,1,0.0,0.5
late,10,1,8,143,0.44405259857090235,2,0.5,0.25
late,10,2,8,143,0.4238706374122087,2,0.0,0.25
late,10,13,8,143,0.16193654619023926,4,0.0,0.5
late,11,1,2,143,0.42345971839567376,2,1.0,1.0
late,13,1,4,143,0.3381852213502907,2,0.0,0.5
late,13,13,4,143,0.10792861739052384,2,0.0,0.5
late,15,1,3,143,0.8804339500685706,1,1.0,0.3333333333333333
late,15,3,3,143,0.8612453593588363,1,1.0,0.3333333333333333
late,15,13,3,143,0.590098265708798,1,1.0,0.3333333333333333
late,1,1,85,144,0.5908575973433086,31,0.3870967741935484,0.36470588235294116
late,1,2,85,144,0.5749193040943028,1,1.0,0.011764705882352941
late,1,3,85,144,0.5817864419843533,13,0.6923076923076923,0.15294117647058825
late,1,5,85,144,0.5364133748122345,13,0.3076923076923077,0.15294117647058825
late,1,6,85,144,0.5356442662779197,13,0.5384615384615384,0.15294117647058825
late,1,10,85,144,0.4660924159606641,1,0.0,0.011764705882352941
late,1,11,85,144,0.4696101804707072,3,0.3333333333333333,0.03529411764705882
late,1,13,85,144,0.2921835671443863,10,0.2,0.11764705882352941
late,2,1,11,144,0.6047166811301122,3,1.0,0.2727272727272727
late,2,2,11,144,0.5917909992186232,4,0.25,0.36363636363636365
late,2,6,11,144,0.5328700343859395,2,0.5,0.18181818181818182
late,2,13,11,144,0.28778048728517486,2,0.5,0.18181818181818182
late,3,1,16,144,0.6431019306023622,3,0.3333333333333333,0.1875
late,3,3,16,144,0.6414668942918835,9,0.6666666666666666,0.5625
late,3,5,16,144,0.5723829201953137,1,1.0,0.0625
late,3,11,16,144,0.4487138172975922,2,0.5,0.125
late,3,13,16,144,0.256269819519776,1,0.0,0.0625
late,4,6,4,144,0.5237194583132649,4,0.75,1.0
late,5,1,49,144,0.571695421917411,6,0.6666666666666666,0.12244897959183673
late,5,3,49,144,0.5641068399025516,2,0.5,0.04081632653061224
late,5,5,49,144,0.5218023228777365,27,0.4444444444444444,0.5510204081632653
late,5,6,49,144,0.5146981437384579,3,0.3333333333333333,0.061224489795918366
late,5,10,49,144,0.4490888387000861,1,0.0,0.02040816326530612
late,5,11,49,144,0.4540655325349574,1,0.0,0.02040816326530612
late,5,13,49,144,0.2738600470968248,7,0.42857142857142855,0.14285714285714285
late,5,14,49,144,0.2276876236107374,2,0.5,0.04081632653061224
late,6,1,55,144,0.5902658833454468,4,0.75,0.07272727272727272
late,6,2,55,144,0.5679387444301436,6,0.5,0.10909090909090909
late,6,5,55,144,0.5338818531403403,17,0.47058823529411764,0.3090909090909091
late,6,6,55,144,0.5297714655585463,21,0.5238095238095238,0.38181818181818183
late,6,13,55,144,0.2536267735648174,7,0.0,0.12727272727272726
late,7,1,10,144,0.5854643870956141,1,1.0,0.1
late,7,2,10,144,0.5645810174917496,1,1.0,0.1
late,7,3,10,144,0.5788635550006203,1,1.0,0.1
late,7,5,10,144,0.5314268670232788,5,0.4,0.5
late,7,6,10,144,0.5274560215498919,1,0.0,0.1
late,7,13,10,144,0.2687212471511261,1,0.0,0.1
late,10,1,54,144,0.5600291769020922,16,0.75,0.2962962962962963
late,10,2,54,144,0.5400975797539207,5,0.6,0.09259259259259259
late,10,3,54,144,0.5468450528685098,2,0.0,0.037037037037037035
late,10,5,54,144,0.507180378406291,4,0.5,0.07407407407407407
late,10,6,54,144,0.5079573641373045,4,0.25,0.07407407407407407
late,10,10,54,144,0.4668603441359845,2,0.5,0.037037037037037035
late,10,13,54,144,0.29247854575469046,21,0.2857142857142857,0.3888888888888889
late,11,1,29,144,0.5535077562949079,11,0.8181818181818182,0.3793103448275862
late,11,2,29,144,0.5336506515477774,3,0.6666666666666666,0.10344827586206896
late,11,3,29,144,0.543723904206457,2,0.5,0.06896551724137931
late,11,4,29,144,0.5414675961031759,1,1.0,0.034482758620689655
late,11,5,29,144,0.5074876662334423,3,0.3333333333333333,0.10344827586206896
late,11,6,29,144,0.5087085268499881,2,1.0,0.06896551724137931
late,11,7,29,144,0.48283268222355324,3,0.3333333333333333,0.10344827586206896
late,11,10,29,144,0.4635437387813734,1,1.0,0.034482758620689655
late,11,13,29,144,0.2752093502098108,3,0.3333333333333333,0.10344827586206896
late,12,6,2,144,0.27035884177346736,1,0.0,0.5
late,12,13,2,144,0.13709455502664145,1,0.0,0.5
late,13,1,35,144,0.5753356341165574,1,1.0,0.02857142857142857
late,13,2,35,144,0.5488666314523082,5,0.2,0.14285714285714285
late,13,3,35,144,0.5404112422750824,1,1.0,0.02857142857142857
late,13,5,35,144,0.5165678948017723,7,0.2857142857142857,0.2
late,13,6,35,144,0.5183880522169159,9,1.0,0.2571428571428571
late,13,13,35,144,0.2563452555778248,12,0.25,0.34285714285714286
late,14,1,2,144,0.5754339799916198,1,1.0,0.5
late,14,5,2,144,0.47788854755058496,1,0.0,0.5
late,15,1,57,144,0.9305947642797556,25,0.96,0.43859649122807015
late,15,2,57,144,0.9108912248918286,2,1.0,0.03508771929824561
late,15,5,57,144,0.9040566144912041,3,0.6666666666666666,0.05263157894736842
late,15,6,57,144,0.905788190414367,8,1.0,0.14035087719298245
late,15,10,57,144,0.8106713491590427,8,0.5,0.14035087719298245
late,15,11,57,144,0.8211045083965742,7,1.0,0.12280701754385964
late,15,13,57,144,0.7578366211396124,4,1.0,0.07017543859649122
late,16,1,2,144,0.928814090822019,1,1.0,0.5
late,16,10,2,144,0.8233697172705188,1,1.0,0.5
late,17,1,2,144,0.9291375315453558,1,1.0,0.5
late,17,3,2,144,0.9203535242217369,1,1.0,0.5
late,1,5,1,145,0.49448106711195194,1,0.0,1.0
late,2,5,1,145,0.5344898019310684,1,0.0,1.0
late,3,3,4,145,0.6580196817993532,2,1.0,0.5
late,3,5,4,145,0.5898603903749099,1,0.0,0.25
late,3,13,4,145,0.2757043612856602,1,0.0,0.25
late,5,1,4,145,0.3018792853759595,2,0.0,0.5
late,5,3,4,145,0.2833409084131844,1,1.0,0.25
late,5,13,4,145,0.15752982778600885,1,0.0,0.25
late,6,3,1,145,0.6742030294739856,1,1.0,1.0
late,10,1,12,145,0.6025923346205383,7,0.8571428571428571,0.5833333333333334
late,10,5,12,145,0.5527783301593551,1,1.0,0.08333333333333333
late,10,10,12,145,0.5194231606490213,3,1.0,0.25
late,10,13,12,145,0.33513672411894396,1,0.0,0.08333333333333333
late,13,1,1,145,0.5333776410983149,1,0.0,1.0
late,15,6,1,145,0.9188565873612374,1,1.0,1.0
late,16,6,2,145,0.91119424974087,2,1.0,1.0
late,1,3,8,146,0.531458036884669,7,0.14285714285714285,0.875
late,1,5,8,146,0.47338194499267167,1,1.0,0.125
late,2,3,1,146,0.5095715072598229,1,0.0,1.0
late,3,3,5,146,0.5489421318817328,2,1.0,0.4
late,3,6,5,146,0.4600798947508025,1,1.0,0.2
late,3,11,5,146,0.3491410220573695,1,0.0,0.2
late,3,13,5,146,0.18355782346014438,1,0.0,0.2
late,5,5,2,146,0.2233318184027374,1,0.0,0.5
late,5,10,2,146,0.1819351926832934,1,0.0,0.5
late,6,1,2,146,0.48702120985895303,1,1.0,0.5
late,6,13,2,146,0.193578981741652,1,1.0,0.5
late,7,3,1,146,0.5140735534296739,1,1.0,1.0
late,10,1,40,146,0.45693197486329673,9,0.3333333333333333,0.225
late,10,2,40,146,0.43854671202491124,1,1.0,0.025
late,10,3,40,146,0.4339963711030642,7,0.2857142857142857,0.175
late,10,5,40,146,0.4186812166571511,8,0.125,0.2
late,10,6,40,146,0.4192792004667586,1,0.0,0.025
late,10,10,40,146,0.3802400755204923,13,0.6923076923076923,0.325
late,10,13,40,146,0.21762964224796214,1,0.0,0.025
late,11,1,2,146,0.4983389714712969,1,1.0,0.5
late,11,13,2,146,0.19279293851690996,1,0.0,0.5
late,13,14,1,146,0.15926699773006012,1,0.0,1.0
late,15,1,2,146,0.8826798007691206,1,1.0,0.5
late,15,10,2,146,0.7344352044878721,1,0.0,0.5
late,1,1,4,147,0.5018571378411623,1,1.0,0.25
late,1,5,4,147,0.4338389317426888,1,0.0,0.25
late,1,6,4,147,0.43035069661705205,1,1.0,0.25
late,1,13,4,147,0.20337420103814685,1,0.0,0.25
late,2,1,3,147,0.5246305754854405,1,1.0,0.3333333333333333
late,2,6,3,147,0.4364722060577885,1,0.0,0.3333333333333333
late,2,13,3,147,0.19463572881745272,1,0.0,0.3333333333333333
late,5,2,2,147,0.4794859316759702,1,0.0,0.5
late,5,6,2,147,0.4230016278240102,1,0.0,0.5
late,6,2,1,147,0.41339336574053775,1,1.0,1.0
late,7,1,4,147,0.39708103259387145,1,0.0,0.25
late,7,8,4,147,0.22770535636001168,1,0.0,0.25
late,7,13,4,147,0.15505873345351998,2,0.5,0.5
late,8,2,2,147,0.41276295948367026,2,0.0,1.0
late,10,6,3,147,0.2838590715943255,1,1.0,0.3333333333333333
late,10,13,3,147,0.14627548401701876,2,0.0,0.6666666666666666
late,13,1,2,147,0.44865333511742156,1,0.0,0.5
late,13,6,2,147,0.39461280594892745,1,0.0,0.5
late,15,1,4,147,0.8663441153861,3,1.0,0.75
late,15,10,4,147,0.7413612694106017,1,0.0,0.25
late,1,1,21,148,0.6258929398447041,8,0.5,0.38095238095238093
late,1,2,21,148,0.6060627214080073,4,1.0,0.19047619047619047
late,1,5,21,148,0.5828703757881639,5,0.4,0.23809523809523808
late,1,6,21,148,0.5840112908128163,2,1.0,0.09523809523809523
late,1,13,21,148,0.3438625924966062,2,0.0,0.09523809523809523
late,2,2,25,148,0.5734814298136649,22,0.9090909090909091,0.88
late,2,13,25,148,0.3126721504276026,3,0.0,0.12
late,4,6,1,148,0.5517230117689853,1,1.0,1.0
late,5,1,16,148,0.6078298493434697,4,0.5,0.25
late,5,2,16,148,0.5823908973669137,1,1.0,0.0625
late,5,5,16,148,0.5628162523817822,5,0.2,0.3125
late,5,6,16,148,0.5555136947664672,1,1.0,0.0625
late,5,13,16,148,0.3146836678381413,5,0.2,0.3125
late,6,1,10,148,0.6001647672456427,3,0.3333333333333333,0.3
late,6,5,10,148,0.5522361648884713,4,0.5,0.4
late,6,10,10,148,0.44856801701433946,1,1.0,0.1
late,6,13,10,148,0.277882053365328,2,0.0,0.2
late,7,5,2,148,0.5870692760584627,1,0.0,0.5
late,7,13,2,148,0.3494308538437454,1,0.0,0.5
late,10,1,14,148,0.6223674736901427,2,0.5,0.14285714285714285
late,10,2,14,148,0.6004876252455277,6,0.3333333333333333,0.42857142857142855
late,10,4,14,148,0.6110407668279498,1,0.0,0.07142857142857142
late,10,13,14,148,0.36649842903285557,5,0.2,0.35714285714285715
late,11,1,5,148,0.6308405382455575,3,0.6666666666666666,0.6
late,11,3,5,148,0.625658796606706,1,0.0,0.2
late,11,5,5,148,0.5883110061092474,1,1.0,0.2
late,13,1,14,148,0.6078418247223496,2,1.0,0.14285714285714285
late,13,2,14,148,0.5824969829290134,3,1.0,0.21428571428571427
late,13,6,14,148,0.5529706774989408,2,0.5,0.14285714285714285
late,13,13,14,148,0.2832663659076467,7,0.0,0.5
late,15,1,8,148,0.9405136432978272,2,1.0,0.25
late,15,2,8,148,0.9227758920315782,1,1.0,0.125
late,15,10,8,148,0.8346878125995326,3,0.6666666666666666,0.375
late,15,11,8,148,0.8472882052694095,2,1.0,0.25
late,16,1,8,148,0.9381475783789782,2,1.0,0.25
late,16,2,8,148,0.9223971896183017,2,0.5,0.25
late,16,10,8,148,0.826654396386229,2,1.0,0.25
late,16,13,8,148,0.7852817452698534,2,0.5,0.25
late,1,1,7,149,0.6039830525764971,3,1.0,0.42857142857142855
late,1,2,7,149,0.5805404500406929,2,1.0,0.2857142857142857
late,1,5,7,149,0.545752047614563,2,1.0,0.2857142857142857
late,2,1,5,149,0.5906294026501705,1,1.0,0.2
late,2,2,5,149,0.5727426472628426,4,1.0,0.8
late,3,5,1,149,0.6214866049208833,1,0.0,1.0
late,4,1,4,149,0.6003028727657209,1,1.0,0.25
late,4,2,4,149,0.5781498852090182,1,1.0,0.25
late,4,13,4,149,0.29774464906274345,2,0.0,0.5
late,5,2,3,149,0.5863279186144379,1,0.0,0.3333333333333333
late,5,5,3,149,0.571272419715119,1,1.0,0.3333333333333333
late,5,6,3,149,0.5641674581270574,1,0.0,0.3333333333333333
late,6,2,1,149,0.569787331726791,1,1.0,1.0
late,7,2,1,149,0.5608561187348072,1,1.0,1.0
late,10,2,12,149,0.6094796205218835,7,0.2857142857142857,0.5833333333333334
late,10,13,12,149,0.35426143813828426,5,0.0,0.4166666666666667
late,11,1,3,149,0.6518435812044264,2,1.0,0.6666666666666666
late,11,13,3,149,0.338068262794128,1,0.0,0.3333333333333333
late,13,5,1,149,0.5134984333486952,1,1.0,1.0
late,15,1,9,149,0.9341007820221213,2,1.0,0.2222222222222222
late,15,2,9,149,0.9153284208513427,3,1.0,0.3333333333333333
late,15,5,9,149,0.9097512151099569,2,1.0,0.2222222222222222
late,15,10,9,149,0.8369815150971782,2,1.0,0.2222222222222222
late,1,1,30,150,0.5495109455226616,6,0.6666666666666666,0.2
late,1,2,30,150,0.5326992246613161,1,0.0,0.03333333333333333
late,1,3,30,150,0.5311409331159754,2,0.5,0.06666666666666667
late,1,6,30,150,0.4944716526192809,9,0.8888888888888888,0.3
late,1,13,30,150,0.26447265093085465,12,0.3333333333333333,0.4
late,2,2,16,150,0.4956002242941958,5,0.4,0.3125
late,2,5,16,150,0.44869614299348903,2,0.5,0.125
late,2,6,16,150,0.4382171672050622,3,0.6666666666666666,0.1875
late,2,13,16,150,0.22624837925687413,6,0.3333333333333333,0.375
late,4,2,6,150,0.5332589314358844,1,0.0,0.16666666666666666
late,4,5,6,150,0.506172666593513,1,1.0,0.16666666666666666
late,4,6,6,150,0.4969948103286603,1,1.0,0.16666666666666666
late,4,13,6,150,0.25105579321210353,3,0.0,0.5
late,5,2,7,150,0.5578174547547748,1,0.0,0.14285714285714285
late,5,5,7,150,0.5130135012911217,2,0.5,0.2857142857142857
late,5,6,7,150,0.5051691455712349,3,1.0,0.42857142857142855
late,5,13,7,150,0.25847510599119955,1,0.0,0.14285714285714285
late,6,2,49,150,0.5623924467415864,2,0.0,0.04081632653061224
late,6,3,49,150,0.5530859160242617,1,0.0,0.02040816326530612
late,6,5,49,150,0.5105502472061753,5,0.0,0.10204081632653061
late,6,6,49,150,0.5062373239243526,29,0.5517241379310345,0.5918367346938775
late,6,13,49,150,0.22852771629217156,12,0.25,0.24489795918367346
late,7,2,7,150,0.5366885160759803,2,0.0,0.2857142857142857
late,7,5,7,150,0.5086451794634766,1,0.0,0.14285714285714285
late,7,6,7,150,0.5019987876041233,3,0.6666666666666666,0.42857142857142855
late,7,13,7,150,0.26704205279102966,1,0.0,0.14285714285714285
late,10,2,27,150,0.5195457998089825,7,0.14285714285714285,0.25925925925925924
late,10,3,27,150,0.5216698163538837,1,1.0,0.037037037037037035
late,10,5,27,150,0.48286661846644124,1,1.0,0.037037037037037035
late,10,6,27,150,0.48390416581657364,4,0.5,0.14814814814814814
late,10,10,27,150,0.4356306746389985,1,1.0,0.037037037037037035
late,10,13,27,150,0.2564548934553864,13,0.23076923076923078,0.48148148148148145
late,11,1,13,150,0.5158350098535334,4,0.75,0.3076923076923077
late,11,2,13,150,0.4964826970003105,3,0.6666666666666666,0.23076923076923078
late,11,13,13,150,0.2209232923029667,6,0.3333333333333333,0.46153846153846156
late,13,1,31,150,0.5305914478930137,1,0.0,0.03225806451612903
late,13,2,31,150,0.5050278783707158,5,0.2,0.16129032258064516
late,13,5,31,150,0.47194174335622613,5,0.0,0.16129032258064516
late,13,6,31,150,0.47369563087610106,7,0.2857142857142857,0.22580645161290322
late,13,13,31,150,0.22405624430265564,12,0.25,0.3870967741935484
late,13,14,31,150,0.1874136320409586,1,1.0,0.03225806451612903
late,14,2,3,150,0.44683356848761685,3,0.0,1.0
late,15,1,30,150,0.9155272208751963,13,1.0,0.43333333333333335
late,15,2,30,150,0.891694573730403,2,1.0,0.06666666666666667
late,15,4,30,150,0.9010484001821145,1,1.0,0.03333333333333333
late,15,5,30,150,0.8859741629662058,1,1.0,0.03333333333333333
late,15,6,30,150,0.8879647183810978,3,1.0,0.1
late,15,7,30,150,0.8740936738882625,1,1.0,0.03333333333333333
late,15,10,30,150,0.7909482989700618,4,0.75,0.13333333333333333
late,15,11,30,150,0.7989379284845698,2,1.0,0.06666666666666667
late,15,13,30,150,0.736462755195502,3,0.6666666666666666,0.1
late,16,1,3,150,0.9070930819458819,2,0.5,0.6666666666666666
late,16,13,3,150,0.7730782669029822,1,1.0,0.3333333333333333
late,1,1,12,151,0.5305306151210063,5,0.4,0.4166666666666667
late,1,3,12,151,0.5187208242546241,1,1.0,0.08333333333333333
late,1,6,12,151,0.46694037268496036,4,0.5,0.3333333333333333
late,1,10,12,151,0.400472723365793,1,1.0,0.08333333333333333
late,1,13,12,151,0.22080074153101192,1,0.0,0.08333333333333333
late,3,12,1,151,0.43276082803980287,1,0.0,1.0
late,5,6,2,151,0.42977091002921186,2,0.5,1.0
late,6,3,4,151,0.5636954473755482,2,0.5,0.5
late,6,6,4,151,0.501588938756932,1,0.0,0.25
late,6,13,4,151,0.2174658654300156,1,0.0,0.25
late,10,2,5,151,0.4826897739783235,2,0.0,0.4
late,10,5,5,151,0.4449154714160426,1,1.0,0.2
late,10,13,5,151,0.21573850647308612,2,0.0,0.4
late,11,1,10,151,0.5069158759955539,5,0.6,0.5
late,11,3,10,151,0.48823183387289537,1,0.0,0.1
late,11,5,10,151,0.45633057886875433,1,1.0,0.1
late,11,10,10,151,0.4086497173008589,1,1.0,0.1
late,11,13,10,151,0.18646164977349372,2,0.5,0.2
late,13,6,3,151,0.45041828900286385,2,0.0,0.6666666666666666
late,13,10,3,151,0.3598030019548104,1,0.0,0.3333333333333333
late,15,1,3,151,0.8859743673043846,3,1.0,1.0
late,1,3,2,152,0.5774304901920624,1,1.0,0.5
late,1,13,2,152,0.2624296371603339,1,0.0,0.5
late,5,3,4,152,0.5293056035464425,2,0.0,0.5
late,5,13,4,152,0.22772624647659007,2,0.0,0.5
late,6,1,8,152,0.5224246495029783,1,1.0,0.125
late,6,3,8,152,0.49147010832605353,1,1.0,0.125
late,6,5,8,152,0.46420102852254447,2,0.5,0.25
late,6,6,8,152,0.461478522007377,2,0.5,0.25
late,6,9,8,152,0.43304360141254744,1,1.0,0.125
late,6,13,8,152,0.2234821873666313,1,0.0,0.125
late,8,3,11,152,0.5090265519481298,2,1.0,0.18181818181818182
late,8,5,11,152,0.4876148750031611,2,1.0,0.18181818181818182
late,8,6,11,152,0.4846720394100155,1,0.0,0.09090909090909091
late,8,9,11,152,0.44359710332460034,4,0.25,0.36363636363636365
late,8,10,11,152,0.40172649854537323,1,0.0,0.09090909090909091
late,8,13,11,152,0.22185519793396863,1,0.0,0.09090909090909091
late,9,1,21,152,0.5370962918583676,3,1.0,0.14285714285714285
late,9,3,21,152,0.49896300039377983,2,0.5,0.09523809523809523
late,9,5,21,152,0.4963322268193772,2,1.0,0.09523809523809523
late,9,6,21,152,0.4949180661662993,1,1.0,0.047619047619047616
late,9,8,21,152,0.3946279003946337,1,1.0,0.047619047619047616
late,9,9,21,152,0.46964989304733296,9,0.3333333333333333,0.42857142857142855
late,9,13,21,152,0.272242046939283,3,0.0,0.14285714285714285
late,10,1,21,152,0.5436355843389844,4,0.25,0.19047619047619047
late,10,3,21,152,0.519776233129831,4,0.75,0.19047619047619047
late,10,5,21,152,0.48875503642324164,1,1.0,0.047619047619047616
late,10,9,21,152,0.4688239246543117,10,0.1,0.47619047619047616
late,10,10,21,152,0.4476432214004459,1,1.0,0.047619047619047616
late,10,13,21,152,0.25157851903703976,1,0.0,0.047619047619047616
late,12,8,1,152,0.34394167524503055,1,0.0,1.0
late,13,5,2,152,0.41542452809354896,2,0.5,1.0
late,14,3,1,152,0.47168801415481576,1,0.0,1.0
late,15,1,8,152,0.9171613724033761,1,1.0,0.125
late,15,8,8,152,0.7949393517887875,3,0.6666666666666666,0.375
late,15,9,8,152,0.8316661877678342,2,1.0,0.25
late,15,10,8,152,0.767634811135186,1,1.0,0.125
late,15,13,8,152,0.7076181808748573,1,0.0,0.125
late,16,9,1,152,0.8230655864716712,1,1.0,1.0
late,18,6,6,152,0.8792276895251039,1,1.0,0.16666666666666666
late,18,8,6,152,0.8083407695867186,2,0.5,0.3333333333333333
late,18,9,6,152,0.8578189122686629,1,1.0,0.16666666666666666
late,18,10,6,152,0.8100689904928657,2,1.0,0.3333333333333333
late,1,1,69,153,0.6151796204889608,29,0.6551724137931034,0.42028985507246375
late,1,2,69,153,0.5973887121279693,8,0.25,0.11594202898550725
late,1,3,69,153,0.6017764129418736,5,0.6,0.07246376811594203
late,1,6,69,153,0.5632083492068604,11,0.45454545454545453,0.15942028985507245
late,1,11,69,153,0.4983691931582487,1,1.0,0.014492753623188406
late,1,13,69,153,0.32098691801688223,14,0.35714285714285715,0.2028985507246377
late,1,14,69,153,0.2781390355208213,1,0.0,0.014492753623188406
late,2,1,17,153,0.6281299363301086,8,0.75,0.47058823529411764
late,2,2,17,153,0.6104021544029025,4,0.5,0.23529411764705882
late,2,6,17,153,0.5577104761774804,1,0.0,0.058823529411764705
late,2,10,17,153,0.49554450344029505,1,0.0,0.058823529411764705
late,2,13,17,153,0.31495255107604625,3,0.3333333333333333,0.17647058823529413
late,3,1,5,153,0.6765665984626793,1,0.0,0.2
late,3,3,5,153,0.6701394271680186,3,1.0,0.6
late,3,12,5,153,0.5041590837447315,1,0.0,0.2
late,4,1,21,153,0.5795045258775481,4,0.75,0.19047619047619047
late,4,2,21,153,0.5570269812809636,3,0.3333333333333333,0.14285714285714285
late,4,3,21,153,0.5465312005316404,2,1.0,0.09523809523809523
late,4,5,21,153,0.5286781172924171,2,1.0,0.09523809523809523
late,4,6,21,153,0.5214335172079969,2,0.5,0.09523809523809523
late,4,10,21,153,0.4230638715842419,1,0.0,0.047619047619047616
late,4,13,21,153,0.267364315443175,7,0.0,0.3333333333333333
late,5,5,3,153,0.5721813189948723,1,1.0,0.3333333333333333
late,5,6,3,153,0.5648944065664001,1,1.0,0.3333333333333333
late,5,13,3,153,0.3129279707304993,1,0.0,0.3333333333333333
late,6,2,16,153,0.538881531646472,3,1.0,0.1875
late,6,5,16,153,0.5099698538290693,1,1.0,0.0625
late,6,6,16,153,0.5064517187808802,8,0.375,0.5
late,6,13,16,153,0.25975106995584285,4,0.25,0.25
late,7,1,11,153,0.6401177716998497,3,0.6666666666666666,0.2727272727272727
late,7,2,11,153,0.6175210727237215,2,1.0,0.18181818181818182
late,7,6,11,153,0.5740361670624056,1,1.0,0.09090909090909091
late,7,13,11,153,0.3389204041545539,5,0.2,0.45454545454545453
late,10,1,27,153,0.5356665554500649,4,0.75,0.14814814814814814
late,10,2,27,153,0.5181396400425703,4,0.5,0.14814814814814814
late,10,3,27,153,0.5208377286827269,1,1.0,0.037037037037037035
late,10,13,27,153,0.2798703821389409,18,0.2222222222222222,0.6666666666666666
late,11,1,20,153,0.5006809732751303,9,0.3333333333333333,0.45
late,11,2,20,153,0.4844032812890159,1,1.0,0.05
late,11,6,20,153,0.4633480172326343,1,1.0,0.05
late,11,7,20,153,0.4408430145207462,2,0.5,0.1
late,11,10,20,153,0.4297209168283012,1,1.0,0.05
late,11,13,20,153,0.23762535579462055,5,0.4,0.25
late,11,14,20,153,0.16160046121348315,1,0.0,0.05
late,13,1,70,153,0.579279956971078,4,0.75,0.05714285714285714
late,13,2,70,153,0.555320052255229,14,0.5,0.2
late,13,3,70,153,0.5549487108220703,1,1.0,0.014285714285714285
late,13,6,70,153,0.5227144922386282,9,0.7777777777777778,0.12857142857142856
late,13,13,70,153,0.27268301823075314,40,0.15,0.5714285714285714
late,13,14,70,153,0.23157425493501593,2,0.0,0.02857142857142857
late,14,2,4,153,0.42045387851074856,1,1.0,0.25
late,14,14,4,153,0.20663444207542056,3,0.6666666666666666,0.75
late,15,1,50,153,0.9407179038474208,31,1.0,0.62
late,15,4,50,153,0.9293951433713743,3,1.0,0.06
late,15,6,50,153,0.9197502927675711,1,1.0,0.02
late,15,7,50,153,0.9065514758029132,3,1.0,0.06
late,15,10,50,153,0.8343353967926678,6,1.0,0.12
late,15,11,50,153,0.8476032378466586,2,1.0,0.04
late,15,13,50,153,0.7973084654158968,4,0.75,0.08
late,16,1,8,153,0.9332796757491422,1,1.0,0.125
late,16,2,8,153,0.9173202760429088,3,1.0,0.375
late,16,7,8,153,0.9037580414447962,1,1.0,0.125
late,16,10,8,153,0.8323245701699814,3,0.3333333333333333,0.375
late,17,1,2,153,0.9302599106366569,2,1.0,1.0
late,1,5,4,154,0.4110471070980061,1,0.0,0.25
late,1,6,4,154,0.41081075890054897,3,0.0,0.75
late,5,6,1,154,0.4319144391292751,1,0.0,1.0
late,6,5,2,154,0.402658330235376,1,1.0,0.5
late,6,6,2,154,0.39868645306445677,1,0.0,0.5
late,7,6,2,154,0.435427259733268,2,0.5,1.0
late,10,6,5,154,0.3940991233405709,2,0.0,0.4
late,10,10,5,154,0.3408942962099613,1,0.0,0.2
late,10,13,5,154,0.20425821837529687,2,0.0,0.4
late,11,1,3,154,0.40406133521320364,2,0.5,0.6666666666666666
late,11,5,3,154,0.3624364150463324,1,0.0,0.3333333333333333
late,13,5,4,154,0.3965250117414523,1,0.0,0.25
late,13,6,4,154,0.39808392549957683,2,0.5,0.5
late,13,13,4,154,0.1679286882361981,1,1.0,0.25
late,15,1,2,154,0.8682549708485721,1,1.0,0.5
late,15,10,2,154,0.7076094506771362,1,1.0,0.5
late,16,1,2,154,0.8572889251621063,1,0.0,0.5
late,16,10,2,154,0.7169394295764981,1,1.0,0.5
late,0,10,3,155,0.7684789186922986,2,1.0,0.6666666666666666
late,0,12,3,155,0.8194372529915555,1,1.0,0.3333333333333333
late,1,3,9,155,0.6486609267242232,4,0.75,0.4444444444444444
late,1,6,9,155,0.5802076119635204,1,1.0,0.1111111111111111
late,1,12,9,155,0.5370311549589192,3,0.6666666666666666,0.3333333333333333
late,1,13,9,155,0.34086727226408975,1,0.0,0.1111111111111111
late,2,2,5,155,0.6029859023826503,1,0.0,0.2
late,2,3,5,155,0.6136182347231555,1,0.0,0.2
late,2,12,5,155,0.4882785992769446,3,0.3333333333333333,0.6
late,3,3,9,155,0.6562512143344826,2,0.5,0.2222222222222222
late,3,5,9,155,0.5874354023308344,1,0.0,0.1111111111111111
late,3,11,9,155,0.47260113232154577,1,1.0,0.1111111111111111
late,3,12,9,155,0.48969729138574425,3,0.3333333333333333,0.3333333333333333
late,3,13,9,155,0.2761025190476277,2,0.5,0.2222222222222222
late,5,2,14,155,0.507674893315554,1,0.0,0.07142857142857142
late,5,3,14,155,0.5123930712683529,3,0.3333333333333333,0.21428571428571427
late,5,5,14,155,0.46507302584084986,3,0.3333333333333333,0.21428571428571427
late,5,8,14,155,0.3643790544276992,1,0.0,0.07142857142857142
late,5,12,14,155,0.4134987401531518,5,0.6,0.35714285714285715
late,5,13,14,155,0.24145651549434644,1,0.0,0.07142857142857142
late,6,3,7,155,0.5904835543460789,2,1.0,0.2857142857142857
late,6,9,7,155,0.5383046927128615,1,1.0,0.14285714285714285
late,6,12,7,155,0.5151722804132295,3,0.3333333333333333,0.42857142857142855
late,6,13,7,155,0.32084375364172696,1,1.0,0.14285714285714285
late,7,3,1,155,0.6284198855050641,1,1.0,1.0
late,9,3,11,155,0.5552675946364686,3,1.0,0.2727272727272727
late,9,5,11,155,0.5438842637365627,1,1.0,0.09090909090909091
late,9,6,11,155,0.5429449151122981,1,0.0,0.09090909090909091
late,9,9,11,155,0.5159649063901862,1,1.0,0.09090909090909091
late,9,12,11,155,0.5082216505178437,5,0.6,0.45454545454545453
late,10,1,100,155,0.6115156602581056,5,0.6,0.05
late,10,2,100,155,0.5944588567694882,1,0.0,0.01
late,10,3,100,155,0.587713158064843,11,0.8181818181818182,0.11
late,10,5,100,155,0.5543967481672109,3,0.3333333333333333,0.03
late,10,6,100,155,0.555246642018846,3,0.6666666666666666,0.03
late,10,8,100,155,0.47072956910802666,1,1.0,0.01
late,10,9,100,155,0.5306459820062784,2,0.5,0.02
late,10,10,100,155,0.5093465322621187,20,0.45,0.2
late,10,12,100,155,0.5242809230993963,48,0.5208333333333334,0.48
late,10,13,100,155,0.3208818941712157,6,0.3333333333333333,0.06
late,11,3,1,155,0.5767653461185523,1,1.0,1.0
late,12,2,169,155,0.5587145866019089,8,0.375,0.047337278106508875
late,12,3,169,155,0.5489969133014614,12,0.6666666666666666,0.07100591715976332
late,12,5,169,155,0.5211723201070538,8,0.125,0.047337278106508875
late,12,6,169,155,0.5305609363763131,6,0.3333333333333333,0.03550295857988166
late,12,9,169,155,0.5045690775901794,3,0.6666666666666666,0.01775147928994083
late,12,10,169,155,0.4804455742615931,14,0.7857142857142857,0.08284023668639054
late,12,12,169,155,0.49132265884428317,99,0.47474747474747475,0.5857988165680473
late,12,13,169,155,0.30658774814571566,18,0.16666666666666666,0.10650887573964497
late,12,14,169,155,0.24491761679704205,1,0.0,0.005917159763313609
late,13,2,11,155,0.5353251895942398,1,1.0,0.09090909090909091
late,13,3,11,155,0.5392544481570476,2,1.0,0.18181818181818182
late,13,5,11,155,0.48842003536781714,1,0.0,0.09090909090909091
late,13,9,11,155,0.4473541099526926,1,1.0,0.09090909090909091
late,13,12,11,155,0.41962683459189215,5,0.6,0.45454545454545453
late,13,13,11,155,0.23185953898233114,1,0.0,0.09090909090909091
late,15,1,9,155,0.9396300898131577,2,1.0,0.2222222222222222
late,15,3,9,155,0.9251298181053416,2,0.5,0.2222222222222222
late,15,10,9,155,0.8383831925460574,4,0.5,0.4444444444444444
late,15,13,9,155,0.7877255453501026,1,1.0,0.1111111111111111
late,16,10,2,155,0.8186505654663221,1,0.0,0.5
late,16,12,2,155,0.8346294024749223,1,1.0,0.5
late,1,2,8,156,0.5516619967268198,2,0.5,0.25
late,1,3,8,156,0.5618258075327226,3,0.6666666666666666,0.375
late,1,9,8,156,0.4646082672787604,1,1.0,0.125
late,1,12,8,156,0.44210755778606103,2,1.0,0.25
late,2,2,4,156,0.5133281407962427,1,0.0,0.25
late,2,5,4,156,0.46913515171322573,1,0.0,0.25
late,2,12,4,156,0.4111646356051991,2,0.5,0.5
late,3,1,1,156,0.5216745377588768,1,0.0,1.0
late,5,2,4,156,0.5015645365630541,1,1.0,0.25
late,5,5,4,156,0.4687830545157708,1,1.0,0.25
late,5,6,4,156,0.46166545245414037,1,1.0,0.25
late,5,12,4,156,0.4157197120785321,1,0.0,0.25
late,8,5,6,156,0.46943978488561616,1,0.0,0.16666666666666666
late,8,12,6,156,0.4042128798918119,3,0.0,0.5
late,8,13,6,156,0.19878869677888722,2,0.0,0.3333333333333333
late,9,3,5,156,0.49024162636901314,1,0.0,0.2
late,9,5,5,156,0.47652326857123983,3,0.3333333333333333,0.6
late,9,12,5,156,0.44348233628610334,1,1.0,0.2
late,10,2,10,156,0.5179232652339578,2,0.5,0.2
late,10,5,10,156,0.48292354902862195,1,1.0,0.1
late,10,12,10,156,0.46052589592527154,6,0.16666666666666666,0.6
late,10,13,10,156,0.2623479044860391,1,0.0,0.1
late,12,1,52,156,0.5098955133794081,3,0.6666666666666666,0.057692307692307696
late,12,2,52,156,0.4892941301665334,6,0.5,0.11538461538461539
late,12,3,52,156,0.48012535893915537,2,0.5,0.038461538461538464
late,12,5,52,156,0.46158447526324875,7,0.2857142857142857,0.1346153846153846
late,12,7,52,156,0.4397345608070975,2,0.5,0.038461538461538464
late,12,9,52,156,0.4486796135195652,1,0.0,0.019230769230769232
late,12,10,52,156,0.42466267539440405,5,0.6,0.09615384615384616
late,12,12,52,156,0.4405758395203978,23,0.391304347826087,0.4423076923076923
late,12,13,52,156,0.2569896027366903,2,0.5,0.038461538461538464
late,12,14,52,156,0.19643025968800373,1,0.0,0.019230769230769232
late,14,14,1,156,0.22427852013626043,1,0.0,1.0
late,15,5,8,156,0.8718979383784776,1,0.0,0.125
late,15,9,8,156,0.831481358199055,2,1.0,0.25
late,15,10,8,156,0.7771329651067023,5,0.8,0.625
late,16,10,1,156,0.8028486768323508,1,1.0,1.0
late,0,1,19,157,0.8847801615606472,4,1.0,0.21052631578947367
late,0,2,19,157,0.8737949408650457,4,1.0,0.21052631578947367
late,0,4,19,157,0.8799139827878735,1,0.0,0.05263157894736842
late,0,5,19,157,0.8734726071211205,1,1.0,0.05263157894736842
late,0,6,19,157,0.8730744913652247,4,0.5,0.21052631578947367
late,0,10,19,157,0.7427209250580364,1,1.0,0.05263157894736842
late,0,11,19,157,0.749463393817544,4,0.5,0.21052631578947367
late,1,1,61,157,0.5439541129235957,37,0.35135135135135137,0.6065573770491803
late,1,2,61,157,0.5281786780073143,3,0.3333333333333333,0.04918032786885246
late,1,3,61,157,0.5349098736279704,1,1.0,0.01639344262295082
late,1,5,61,157,0.49199196732847533,6,0.3333333333333333,0.09836065573770492
late,1,6,61,157,0.493015621919685,1,1.0,0.01639344262295082
late,1,13,61,157,0.2592226519181326,12,0.25,0.19672131147540983
late,1,14,61,157,0.22001078630736834,1,0.0,0.01639344262295082
late,2,1,19,157,0.5437938742456968,3,0.6666666666666666,0.15789473684210525
late,2,2,19,157,0.5296688395645613,11,0.36363636363636365,0.5789473684210527
late,2,13,19,157,0.25043241401283955,5,0.2,0.2631578947368421
late,4,1,11,157,0.510327548879475,4,0.75,0.36363636363636365
late,4,5,11,157,0.4531680010119055,1,0.0,0.09090909090909091
late,4,13,11,157,0.2178060183997936,6,0.0,0.5454545454545454
late,5,1,10,157,0.5715507588147818,4,0.75,0.4
late,5,2,10,157,0.5540409325838273,1,1.0,0.1
late,5,5,10,157,0.5180612296947728,2,0.0,0.2
late,5,6,10,157,0.5114357693450061,1,0.0,0.1
late,5,13,10,157,0.2630034505287456,2,0.5,0.2
late,6,1,22,157,0.5667841456633511,3,0.3333333333333333,0.13636363636363635
late,6,2,22,157,0.5426794940107267,4,0.75,0.18181818181818182
late,6,5,22,157,0.5082027178912941,2,0.5,0.09090909090909091
late,6,6,22,157,0.5044268835999524,5,0.8,0.22727272727272727
late,6,13,22,157,0.23204968721723154,8,0.25,0.36363636363636365
late,7,2,7,157,0.5146998110369617,1,1.0,0.14285714285714285
late,7,6,7,157,0.47657728051627196,3,1.0,0.42857142857142855
late,7,10,7,157,0.4162361940757838,1,0.0,0.14285714285714285
late,7,13,7,157,0.2768762130705784,2,0.0,0.2857142857142857
late,10,1,40,157,0.5554982377024722,4,0.75,0.1
late,10,2,40,157,0.5356107555768632,11,0.6363636363636364,0.275
late,10,3,40,157,0.541014005302815,1,1.0,0.025
late,10,5,40,157,0.498797634270178,3,0.6666666666666666,0.075
late,10,6,40,157,0.49975983071653607,4,0.25,0.1
late,10,10,40,157,0.46252452033121483,1,0.0,0.025
late,10,13,40,157,0.2769308684776506,16,0.5,0.4
late,11,1,47,157,0.5677995979214319,13,0.7692307692307693,0.2765957446808511
late,11,2,47,157,0.5477259523678075,5,0.6,0.10638297872340426
late,11,4,47,157,0.5482979372857641,1,0.0,0.02127659574468085
late,11,5,47,157,0.5178629546004045,1,1.0,0.02127659574468085
late,11,6,47,157,0.519303092466224,1,1.0,0.02127659574468085
late,11,7,47,157,0.48486738720715084,3,0.6666666666666666,0.06382978723404255
late,11,10,47,157,0.46424557759807256,4,0.5,0.0851063829787234
late,11,11,47,157,0.47214634791397575,4,0.5,0.0851063829787234
late,11,13,47,157,0.2652929022142753,15,0.26666666666666666,0.3191489361702128
late,13,1,36,157,0.5171784952215608,7,0.14285714285714285,0.19444444444444445
late,13,2,36,157,0.4906682568628126,9,0.7777777777777778,0.25
late,13,5,36,157,0.4642534405624612,8,0.25,0.2222222222222222
late,13,6,36,157,0.4667559038630738,3,0.6666666666666666,0.08333333333333333
late,13,13,36,157,0.20963781723614794,9,0.4444444444444444,0.25
late,15,1,11,157,0.9188536481876994,6,0.6666666666666666,0.5454545454545454
late,15,2,11,157,0.8965355304757672,1,0.0,0.09090909090909091
late,15,6,11,157,0.89305372947186,3,1.0,0.2727272727272727
late,15,13,11,157,0.7433486288401504,1,1.0,0.09090909090909091
late,17,1,17,157,0.9130266186134248,8,1.0,0.47058823529411764
late,17,5,17,157,0.8947228397736451,2,1.0,0.11764705882352941
late,17,7,17,157,0.9001189542157562,2,1.0,0.11764705882352941
late,17,10,17,157,0.833480159373899,4,0.5,0.23529411764705882
late,17,13,17,157,0.7628345450544032,1,0.0,0.058823529411764705
late,0,1,7,158,0.8610107624363008,3,0.6666666666666666,0.42857142857142855
late,0,5,7,158,0.8582028937615833,2,1.0,0.2857142857142857
late,0,6,7,158,0.857992594652311,1,1.0,0.14285714285714285
late,0,10,7,158,0.7137401987743824,1,1.0,0.14285714285714285
late,1,1,20,158,0.5131289224544051,6,0.6666666666666666,0.3
late,1,2,20,158,0.492159448446273,5,0.2,0.25
late,1,5,20,158,0.4641888630334009,3,0.3333333333333333,0.15
late,1,6,20,158,0.4626688193370379,3,0.3333333333333333,0.15
late,1,13,20,158,0.24091431440230324,3,0.3333333333333333,0.15
late,2,1,5,158,0.5543043406570567,1,1.0,0.2
late,2,2,5,158,0.5424362209402948,1,0.0,0.2
late,2,6,5,158,0.4781533647184818,1,1.0,0.2
late,2,13,5,158,0.23668660008962866,2,0.0,0.4
late,4,2,4,158,0.4819108296381919,1,0.0,0.25
late,4,6,4,158,0.4536053608844894,1,1.0,0.25
late,4,13,4,158,0.22565348450686554,2,0.0,0.5
late,5,5,2,158,0.5492112853792802,1,1.0,0.5
late,5,13,2,158,0.27904042484409586,1,1.0,0.5
late,6,1,18,158,0.48387492443507363,2,0.5,0.1111111111111111
late,6,2,18,158,0.45892667292472183,3,0.0,0.16666666666666666
late,6,5,18,158,0.43489795884202676,5,0.4,0.2777777777777778
late,6,6,18,158,0.430820411945644,7,0.5714285714285714,0.3888888888888889
late,6,13,18,158,0.19340460146251345,1,1.0,0.05555555555555555
late,7,6,1,158,0.4814347950881716,1,0.0,1.0
late,10,1,8,158,0.5301943510629172,1,1.0,0.125
late,10,2,8,158,0.5081476533883151,3,0.3333333333333333,0.375
late,10,3,8,158,0.507475873578948,1,1.0,0.125
late,10,6,8,158,0.479900633762462,1,0.0,0.125
late,10,10,8,158,0.42227667659635826,1,0.0,0.125
late,10,13,8,158,0.2578808596962536,1,0.0,0.125
late,11,1,4,158,0.5392079413725773,1,0.0,0.25
late,11,7,4,158,0.4248053137908868,1,1.0,0.25
late,11,10,4,158,0.3997157163984735,1,1.0,0.25
late,11,13,4,158,0.2280849038511549,1,0.0,0.25
late,13,1,12,158,0.4974705008282992,2,0.5,0.16666666666666666
late,13,2,12,158,0.4683797334206537,6,0.3333333333333333,0.5
late,13,13,12,158,0.2122251082632858,4,0.25,0.3333333333333333
late,15,6,2,158,0.8879812927013759,1,1.0,0.5
late,15,13,2,158,0.672177706268072,1,0.0,0.5
late,16,1,6,158,0.8917371450048576,3,1.0,0.5
late,16,2,6,158,0.8696081637413634,2,1.0,0.3333333333333333
late,16,6,6,158,0.8738447255526295,1,1.0,0.16666666666666666
late,1,1,4,159,0.5976035131097293,1,1.0,0.25
late,1,2,4,159,0.5833649903598027,2,0.0,0.5
late,1,14,4,159,0.23990047155080946,1,1.0,0.25
late,2,1,6,159,0.40651352339235247,4,0.75,0.6666666666666666
late,2,2,6,159,0.40009882051826096,1,0.0,0.16666666666666666
late,2,5,6,159,0.37416335284623553,1,0.0,0.16666666666666666
late,5,2,1,159,0.5429143945846308,1,0.0,1.0
late,6,1,5,159,0.6314825156874019,1,1.0,0.2
late,6,6,5,159,0.5611140555716614,1,1.0,0.2
late,6,13,5,159,0.2637613425808658,3,0.3333333333333333,0.6
late,10,2,12,159,0.598670719056949,2,0.0,0.16666666666666666
late,10,6,12,159,0.543029428978962,2,1.0,0.16666666666666666
late,10,10,12,159,0.500422443999763,1,1.0,0.08333333333333333
late,10,13,12,159,0.3013537769983516,7,0.42857142857142855,0.5833333333333334
late,13,2,11,159,0.5429893689452292,3,0.3333333333333333,0.2727272727272727
late,13,5,11,159,0.5091226983955724,1,1.0,0.09090909090909091
late,13,6,11,159,0.5116930304420555,1,1.0,0.09090909090909091
late,13,13,11,159,0.23683046608525507,5,0.0,0.45454545454545453
late,13,14,11,159,0.1971498491324339,1,0.0,0.09090909090909091
late,14,2,1,159,0.48010213137278224,1,0.0,1.0
late,15,1,8,159,0.9340407141307301,2,1.0,0.25
late,15,2,8,159,0.9150031405216303,1,1.0,0.125
late,15,6,8,159,0.9090926218259997,2,1.0,0.25
late,15,10,8,159,0.8146502622107943,2,1.0,0.25
late,15,13,8,159,0.7842915543279018,1,1.0,0.125
late,1,3,12,160,0.4248009238755665,4,0.25,0.3333333333333333
late,1,5,12,160,0.4006704920898125,3,0.0,0.25
late,1,6,12,160,0.40198031393620964,2,0.5,0.16666666666666666
late,1,11,12,160,0.35208620643751215,2,0.5,0.16666666666666666
late,1,13,12,160,0.2012855523134053,1,0.0,0.08333333333333333
late,3,3,5,160,0.5245429439735323,3,0.3333333333333333,0.6
late,3,11,5,160,0.36272318923841923,1,1.0,0.2
late,3,14,5,160,0.17469438511707452,1,0.0,0.2
late,5,3,1,160,0.42729886339044443,1,1.0,1.0
late,6,1,4,160,0.4924645696416825,1,1.0,0.25
late,6,5,4,160,0.42983548807434735,1,1.0,0.25
late,6,13,4,160,0.1822333554618299,2,1.0,0.5
late,7,3,2,160,0.49691708135579177,1,1.0,0.5
late,7,10,2,160,0.3518476225686853,1,1.0,0.5
late,10,1,22,160,0.41757248807537023,5,0.2,0.22727272727272727
late,10,3,22,160,0.3946480053333257,5,0.6,0.22727272727272727
late,10,5,22,160,0.377388303331418,2,0.0,0.09090909090909091
late,10,6,22,160,0.3780927725854531,2,0.0,0.09090909090909091
late,10,10,22,160,0.3408061582809923,7,0.2857142857142857,0.3181818181818182
late,10,13,22,160,0.1993545883629545,1,0.0,0.045454545454545456
late,11,3,2,160,0.4667242713616714,1,0.0,0.5
late,11,10,2,160,0.3915056389155939,1,1.0,0.5
late,12,1,1,160,0.41289564714408367,1,0.0,1.0
late,13,7,4,160,0.34468623722010044,1,1.0,0.25
late,13,10,4,160,0.3187522585054927,1,0.0,0.25
late,13,13,4,160,0.1625632755522762,2,0.0,0.5
late,15,3,4,160,0.8528375007910647,2,1.0,0.5
late,15,11,4,160,0.7127391788297814,2,0.5,0.5
late,1,1,4,161,0.5029980815000711,1,1.0,0.25
late,1,2,4,161,0.48198970331724195,1,1.0,0.25
late,1,6,4,161,0.4630546858896884,1,0.0,0.25
late,1,13,4,161,0.23994841366189645,1,0.0,0.25
late,2,2,1,161,0.4982719894322074,1,0.0,1.0
late,4,1,2,161,0.24543366016075613,1,1.0,0.5
late,4,13,2,161,0.09994952882092394,1,0.0,0.5
late,5,2,4,161,0.38323138251884203,2,0.0,0.5
late,5,6,4,161,0.3431627440056675,2,0.5,0.5
late,6,1,10,161,0.5080256717151151,1,0.0,0.1
late,6,2,10,161,0.4872158596227667,1,0.0,0.1
late,6,5,10,161,0.4483915329824596,1,0.0,0.1
late,6,6,10,161,0.44424583075450635,6,0.3333333333333333,0.6
late,6,13,10,161,0.1878585863997499,1,0.0,0.1
late,10,6,5,161,0.44270218179378507,2,0.5,0.4
late,10,13,5,161,0.21848869828522216,3,0.3333333333333333,0.6
late,11,1,3,161,0.47805242335621506,1,1.0,0.3333333333333333
late,11,2,3,161,0.4575111339029822,1,1.0,0.3333333333333333
late,11,6,3,161,0.437350527905833,1,0.0,0.3333333333333333
late,13,2,5,161,0.4493676763380917,1,1.0,0.2
late,13,5,5,161,0.41175792702614744,1,0.0,0.2
late,13,6,5,161,0.41391733529508334,1,0.0,0.2
late,13,13,5,161,0.16528939386339667,2,0.0,0.4
late,15,1,4,161,0.8977003029275885,2,1.0,0.5
late,15,4,4,161,0.8776310336521697,1,1.0,0.25
late,15,7,4,161,0.8450764641489846,1,1.0,0.25
late,16,1,1,161,0.8689887116164363,1,1.0,1.0
late,1,1,6,162,0.5099812872482715,2,0.5,0.3333333333333333
late,1,2,6,162,0.4923311959625189,3,0.6666666666666666,0.5
late,1,13,6,162,0.27827408976848905,1,0.0,0.16666666666666666
late,2,1,4,162,0.5764189016327477,3,0.6666666666666666,0.75
late,2,2,4,162,0.5538561914966046,1,0.0,0.25
late,4,1,4,162,0.6021072911965659,2,0.0,0.5
late,4,2,4,162,0.5786301446287124,1,1.0,0.25
late,4,13,4,162,0.27708561390398445,1,1.0,0.25
late,6,2,2,162,0.5317164070714095,2,1.0,1.0
late,10,1,3,162,0.3970719335372929,1,0.0,0.3333333333333333
late,10,2,3,162,0.38401100721389686,1,0.0,0.3333333333333333
late,10,13,3,162,0.1947289476473455,1,1.0,0.3333333333333333
late,11,13,1,162,0.22636133365614428,1,0.0,1.0
late,12,1,2,162,0.5490651788963913,1,0.0,0.5
late,12,12,2,162,0.48215230091766015,1,0.0,0.5
late,13,2,5,162,0.5517774936826239,1,1.0,0.2
late,13,6,5,162,0.5246235577005137,2,0.5,0.4
late,13,13,5,162,0.2584655914091902,1,0.0,0.2
late,13,14,5,162,0.21988344168691154,1,1.0,0.2
late,14,2,1,162,0.5149379516849802,1,1.0,1.0
late,15,1,2,162,0.9395271728845862,1,1.0,0.5
late,15,4,2,162,0.9224427526884229,1,1.0,0.5
late,1,1,11,163,0.5012603231389754,6,0.5,0.5454545454545454
late,1,3,11,163,0.4929189215976958,1,0.0,0.09090909090909091
late,1,5,11,163,0.4535200181098714,1,1.0,0.09090909090909091
late,1,6,11,163,0.45255736447347344,2,0.5,0.18181818181818182
late,1,13,11,163,0.23782976412462473,1,0.0,0.09090909090909091
late,2,1,1,163,0.535279764618901,1,0.0,1.0
late,4,1,2,163,0.5168695733241269,1,1.0,0.5
late,4,13,2,163,0.2354084963210314,1,0.0,0.5
late,6,1,4,163,0.5219403304232672,2,0.5,0.5
late,6,6,4,163,0.46539477688500636,2,0.5,0.5
late,7,1,1,163,0.5265811433540253,1,0.0,1.0
late,10,1,9,163,0.46779595200197716,1,1.0,0.1111111111111111
late,10,2,9,163,0.4462947043712553,5,0.2,0.5555555555555556
late,10,13,9,163,0.23786390545971894,3,0.0,0.3333333333333333
late,11,1,9,163,0.5305110481061348,5,0.6,0.5555555555555556
late,11,10,9,163,0.4334979597964459,1,1.0,0.1111111111111111
late,11,13,9,163,0.21302829850714186,2,0.0,0.2222222222222222
late,11,14,9,163,0.14335739699792394,1,0.0,0.1111111111111111
late,13,2,2,163,0.22403216041069934,1,1.0,0.5
late,13,13,2,163,0.0837276463165926,1,0.0,0.5
late,15,1,9,163,0.900648956983646,5,1.0,0.5555555555555556
late,15,4,9,163,0.8864090575706238,2,1.0,0.2222222222222222
late,15,7,9,163,0.865163535886643,1,1.0,0.1111111111111111
late,15,10,9,163,0.7764187296018498,1,1.0,0.1111111111111111
late,16,1,1,163,0.8819635078247786,1,1.0,1.0
late,5,3,2,164,0.3552287328011914,1,0.0,0.5
late,5,13,2,164,0.13544831962424098,1,0.0,0.5
late,6,5,2,164,0.35576674547896836,2,0.5,1.0
late,10,12,1,164,0.3542363235053106,1,1.0,1.0
late,12,3,17,164,0.35788437371965875,1,0.0,0.058823529411764705
late,12,5,17,164,0.35013192115333247,3,0.3333333333333333,0.17647058823529413
late,12,6,17,164,0.3602699259421219,2,0.5,0.11764705882352941
late,12,12,17,164,0.3274625345853021,10,0.2,0.5882352941176471
late,12,13,17,164,0.1677927698158704,1,0.0,0.058823529411764705
late,13,13,2,164,0.1316096410813094,2,0.0,1.0
late,15,6,1,164,0.832255759781758,1,1.0,1.0
late,9,13,2,165,0.1099537657692422,2,0.0,1.0
late,15,9,2,165,0.8485389923622146,2,1.0,1.0
