phase,A1_actionId,C_actionId,EV,A1_playerId,count,train_winrate,usage_rate
front3,15,1,0.52811909607084,96,242,0.6074380165289256,0.4194107452339688
front3,15,1,0.5173324718413844,136,238,0.47478991596638653,0.39080459770114945
front3,15,1,0.5213054893820606,128,174,0.5632183908045977,0.5631067961165048
front3,15,1,0.5234430930176445,132,108,0.5462962962962963,0.5538461538461539
front3,0,1,0.534558839415566,96,106,0.6132075471698113,0.301994301994302
front3,15,1,0.543753816799002,144,97,0.5670103092783505,0.3991769547325103
front3,15,1,0.4787847025585481,72,94,0.48936170212765956,0.35877862595419846
front3,16,1,0.5494831785090366,21,92,0.4891304347826087,0.2911392405063291
front3,15,10,0.4164522801831926,136,84,0.4523809523809524,0.13793103448275862
front3,15,1,0.5889552021825027,153,84,0.6547619047619048,0.49122807017543857
front3,16,6,0.5322012495063039,21,84,0.4880952380952381,0.26582278481012656
front3,15,1,0.5763842315434576,64,82,0.5853658536585366,0.34893617021276596
front3,0,1,0.4894388119618846,70,80,0.5,0.31620553359683795
front3,15,10,0.46821297527275335,155,78,0.41025641025641024,0.5454545454545454
front3,0,1,0.5444272826604253,128,75,0.52,0.4716981132075472
front3,0,1,0.5340193464026327,136,73,0.5616438356164384,0.31601731601731603
front3,15,6,0.5038923358867056,96,71,0.352112676056338,0.12305025996533796
front3,0,2,0.5235595951667867,96,70,0.4714285714285714,0.19943019943019943
front3,0,1,0.5432789614363085,129,70,0.5571428571428572,0.5263157894736842
front3,15,1,0.5428431223692808,111,69,0.5652173913043478,0.49640287769784175
front3,15,1,0.5657266798950451,101,69,0.5942028985507246,0.2827868852459016
front3,15,2,0.5068603867119941,136,69,0.463768115942029,0.11330049261083744
front3,15,2,0.5170763640802983,96,68,0.4411764705882353,0.11785095320623917
front3,15,1,0.5338520276190193,122,66,0.5757575757575758,0.40993788819875776
front3,15,4,0.5455354335235313,96,61,0.6721311475409836,0.10571923743500866
front3,15,6,0.5582816493268555,64,59,0.5423728813559322,0.251063829787234
front3,15,5,0.48471064759993865,136,55,0.509090909090909,0.090311986863711
front3,15,12,0.4956743615491511,155,50,0.48,0.34965034965034963
front3,15,10,0.5522601020223458,82,50,0.66,0.3816793893129771
front3,0,2,0.5232018079462972,136,50,0.42,0.21645021645021645
front3,0,10,0.44020668776966776,136,49,0.5714285714285714,0.21212121212121213
front3,15,12,0.4898291605236612,11,47,0.5319148936170213,0.3790322580645161
front3,0,1,0.5051340904301068,72,47,0.46808510638297873,0.2974683544303797
front3,15,1,0.44767794166660596,115,47,0.3404255319148936,0.3700787401574803
front3,16,1,0.4879551156791133,136,46,0.5,0.46938775510204084
front3,0,2,0.47952886681761464,70,46,0.5,0.18181818181818182
front3,15,1,0.4976023284008175,70,45,0.6222222222222222,0.371900826446281
front3,15,10,0.42318407625949417,96,45,0.35555555555555557,0.0779896013864818
front3,15,6,0.5032289610958044,136,44,0.6363636363636364,0.0722495894909688
front3,15,13,0.3187168094291928,136,44,0.38636363636363635,0.0722495894909688
front3,15,10,0.43530918724784645,128,43,0.5348837209302325,0.13915857605177995
front3,15,1,0.5211569905396533,150,43,0.627906976744186,0.35537190082644626
front3,15,6,0.5269399620316314,106,42,0.4523809523809524,0.328125
front3,15,11,0.4473544130732379,128,42,0.5,0.13592233009708737
front3,0,6,0.4771474411837289,70,42,0.40476190476190477,0.16600790513833993
front3,15,1,0.5289505213892288,140,41,0.6097560975609756,0.5189873417721519
front3,15,12,0.5772300214625277,82,41,0.6097560975609756,0.31297709923664124
front3,15,10,0.44012029178290907,144,41,0.3170731707317073,0.16872427983539096
front3,15,13,0.3524010960984826,101,39,0.2564102564102564,0.1598360655737705
front3,15,13,0.38200395796178627,153,39,0.358974358974359,0.22807017543859648
front3,15,6,0.5533246063938533,101,37,0.43243243243243246,0.15163934426229508
front3,0,1,0.5234843414639072,133,36,0.4444444444444444,0.23376623376623376
front3,15,6,0.45659289113861723,72,35,0.6,0.13358778625954199
front3,0,10,0.44173764129354925,96,34,0.5588235294117647,0.09686609686609686
front3,15,10,0.36544310610184294,146,33,0.3939393939393939,0.825
front3,17,1,0.5832383870461749,64,33,0.6060606060606061,0.5789473684210527
front3,15,11,0.4006354523467742,72,33,0.36363636363636365,0.12595419847328243
front3,0,2,0.5561574538744504,19,33,0.3939393939393939,0.25190839694656486
front3,15,1,0.5935077407794551,112,32,0.65625,0.3764705882352941
front3,16,1,0.5871440263329895,57,32,0.59375,0.5
front3,15,11,0.44990160883981534,96,32,0.34375,0.05545927209705372
front3,15,1,0.531658253512109,129,32,0.625,0.2807017543859649
front3,15,6,0.516100074226289,122,31,0.5483870967741935,0.19254658385093168
front3,15,6,0.522350534635431,144,31,0.6129032258064516,0.12757201646090535
front3,16,1,0.5152431131127995,96,31,0.5483870967741935,0.5849056603773585
front3,16,10,0.4541837789997838,21,31,0.45161290322580644,0.0981012658227848
front3,0,2,0.5143860974218141,133,31,0.4838709677419355,0.2012987012987013
front3,0,10,0.42301621396969674,133,31,0.4838709677419355,0.2012987012987013
front3,0,10,0.45302777723684545,128,30,0.5333333333333333,0.18867924528301888
front3,15,11,0.4849044474512205,101,29,0.7241379310344828,0.11885245901639344
front3,0,4,0.5539770106158969,96,29,0.6206896551724138,0.08262108262108261
front3,0,12,0.575408445471862,66,29,0.6206896551724138,0.8285714285714286
front3,15,10,0.45928317301965027,101,29,0.6551724137931034,0.11885245901639344
front3,15,7,0.4826713017672224,136,28,0.6428571428571429,0.04597701149425287
front3,16,3,0.5772597761278773,21,28,0.6428571428571429,0.08860759493670886
front3,15,12,0.4257416998635139,37,28,0.39285714285714285,0.2692307692307692
front3,0,13,0.31890260275569765,96,28,0.2857142857142857,0.07977207977207977
front3,15,1,0.482242887442881,3,28,0.39285714285714285,0.6511627906976745
front3,15,10,0.4709486668444408,64,28,0.32142857142857145,0.11914893617021277
front3,16,13,0.3441530346903276,21,27,0.37037037037037035,0.08544303797468354
front3,15,10,0.3839936773999897,105,27,0.4074074074074074,0.6
front3,15,1,0.5710720800174952,11,27,0.5555555555555556,0.21774193548387097
front3,15,11,0.4445985744207392,136,27,0.3333333333333333,0.04433497536945813
front3,0,1,0.4719961941857908,115,27,0.5185185185185185,0.47368421052631576
front3,0,1,0.5169188936819171,39,26,0.5,0.5416666666666666
front3,15,10,0.3716018348721107,32,26,0.4230769230769231,0.7428571428571429
front3,15,1,0.5127492680893103,138,26,0.5769230769230769,0.3561643835616438
front3,15,13,0.3048162156493508,106,26,0.4230769230769231,0.203125
front3,15,1,0.6324037487086814,118,25,0.8,0.4807692307692308
front3,17,1,0.4437063833104907,92,25,0.48,0.4098360655737705
front3,0,11,0.46327543033033924,96,25,0.4,0.07122507122507123
front3,15,1,0.5094445625352908,38,25,0.56,0.5555555555555556
front3,0,1,0.5666988692066518,19,25,0.64,0.19083969465648856
front3,0,6,0.502596810637451,96,25,0.44,0.07122507122507123
front3,17,1,0.5350313726986081,157,24,0.5,0.5454545454545454
front3,15,6,0.45623874416759547,71,24,0.3333333333333333,0.5106382978723404
front3,18,1,0.41920372687812646,3,24,0.375,0.7741935483870968
front3,0,10,0.39581842645481263,70,24,0.375,0.09486166007905138
front3,0,2,0.5255972083898828,69,24,0.5,0.43636363636363634
front3,15,2,0.48786061776580836,70,24,0.375,0.19834710743801653
front3,0,13,0.34277430849689583,129,23,0.34782608695652173,0.17293233082706766
front3,15,6,0.5060011841813247,128,23,0.4782608695652174,0.0744336569579288
front3,0,6,0.4721787633843615,72,23,0.43478260869565216,0.14556962025316456
front3,15,2,0.5132174254281991,132,23,0.391304347826087,0.11794871794871795
front3,15,11,0.46524482393786243,144,23,0.6956521739130435,0.09465020576131687
front3,15,13,0.3305635058672679,96,23,0.21739130434782608,0.03986135181975736
front3,17,1,0.5495970513091263,101,22,0.45454545454545453,0.3333333333333333
front3,16,5,0.5177230238157587,21,22,0.6363636363636364,0.06962025316455696
front3,15,2,0.5555556267703007,101,22,0.5909090909090909,0.09016393442622951
front3,16,1,0.4789848092432985,69,22,0.22727272727272727,0.3728813559322034
front3,15,1,0.614818510748864,12,22,0.6363636363636364,0.5789473684210527
front3,16,1,0.5626906289408563,64,22,0.6363636363636364,0.46808510638297873
front3,15,6,0.492247549391243,138,21,0.42857142857142855,0.2876712328767123
front3,15,2,0.4673068772504969,72,21,0.5714285714285714,0.08015267175572519
front3,15,11,0.37108964409499645,115,21,0.5714285714285714,0.16535433070866143
front3,15,1,0.5085315226838155,157,21,0.38095238095238093,0.27631578947368424
front3,15,1,0.5158311799803326,37,21,0.6666666666666666,0.20192307692307693
front3,15,1,0.5818098935340693,31,21,0.6666666666666666,0.4772727272727273
front3,0,6,0.5059104141291864,133,21,0.7142857142857143,0.13636363636363635
front3,0,13,0.3170549113395166,74,21,0.23809523809523808,0.21212121212121213
front3,18,1,0.5516404929145434,21,21,0.3333333333333333,0.525
front3,0,2,0.5291908124276782,74,21,0.6190476190476191,0.21212121212121213
front3,15,13,0.31981066349624004,144,20,0.35,0.0823045267489712
front3,0,10,0.3627071721897176,94,20,0.35,0.6896551724137931
front3,0,6,0.5642400058279682,43,20,0.3,0.2564102564102564
front3,15,13,0.3645419533466686,64,20,0.35,0.0851063829787234
front3,15,1,0.4523813894688171,86,20,0.55,0.35714285714285715
front3,0,7,0.4894073184002773,96,20,0.45,0.05698005698005698
front3,15,5,0.5435823187948166,64,20,0.4,0.0851063829787234
front3,0,6,0.5429964016098636,19,20,0.6,0.15267175572519084
front3,15,10,0.41669529481638085,150,20,0.2,0.1652892561983471
front3,15,5,0.5053733611468034,144,19,0.5263157894736842,0.07818930041152264
front3,15,10,0.4693187150314173,153,19,0.47368421052631576,0.1111111111111111
front3,15,11,0.47292728704250264,111,19,0.7894736842105263,0.1366906474820144
front3,15,10,0.3692776728627483,2,19,0.47368421052631576,0.6129032258064516
front3,0,2,0.5337194325452834,128,19,0.47368421052631576,0.11949685534591195
front3,0,1,0.5374453181546561,69,19,0.47368421052631576,0.34545454545454546
front3,15,10,0.38365135179765575,156,19,0.42105263157894735,0.37254901960784315
front3,15,1,0.5257505751208896,10,18,0.4444444444444444,0.5294117647058824
front3,15,1,0.4610301450134552,73,18,0.5,0.4186046511627907
front3,15,10,0.4224064579912803,106,18,0.6666666666666666,0.140625
front3,15,4,0.49768701678250443,72,18,0.4444444444444444,0.06870229007633588
front3,15,5,0.44125122080205054,72,18,0.4444444444444444,0.06870229007633588
front3,15,1,0.49842171581549455,81,18,0.4444444444444444,0.3829787234042553
front3,0,2,0.558414625001409,88,18,0.5,0.47368421052631576
front3,0,1,0.5244565995641919,157,18,0.3333333333333333,0.2571428571428571
front3,17,1,0.4812121379486544,48,18,0.5,0.6206896551724138
front3,15,1,0.4532100997592725,110,18,0.7222222222222222,0.5625
front3,15,2,0.5124820234094861,106,17,0.35294117647058826,0.1328125
front3,15,13,0.3220204603246637,150,17,0.4117647058823529,0.14049586776859505
front3,0,1,0.5391267395159423,74,17,0.6470588235294118,0.1717171717171717
front3,15,13,0.2739387633748815,72,17,0.29411764705882354,0.0648854961832061
front3,15,10,0.3778427679996153,72,17,0.23529411764705882,0.0648854961832061
front3,0,10,0.4381099411835144,74,17,0.47058823529411764,0.1717171717171717
front3,0,11,0.4246928604866967,72,17,0.4117647058823529,0.10759493670886076
front3,15,2,0.5199358645746422,129,17,0.7058823529411765,0.14912280701754385
front3,15,1,0.38506585594834203,90,17,0.47058823529411764,0.3695652173913043
front3,15,6,0.49200708478454347,157,17,0.5882352941176471,0.2236842105263158
front3,15,1,0.49077264262813863,107,17,0.4117647058823529,0.425
front3,0,10,0.5279183138162445,155,17,0.6470588235294118,0.5862068965517241
front3,15,2,0.5228359265138046,122,17,0.47058823529411764,0.10559006211180125
front3,0,5,0.5405445105396324,128,17,0.5882352941176471,0.1069182389937107
front3,16,5,0.5588032868923998,57,17,0.35294117647058826,0.265625
front3,15,1,0.49521999986606113,121,17,0.7058823529411765,0.7391304347826086
front3,15,7,0.4838564440268816,96,17,0.35294117647058826,0.029462738301559793
front3,16,7,0.45590247770570713,100,17,0.5294117647058824,0.3953488372093023
front3,0,13,0.36728086127067694,43,17,0.17647058823529413,0.21794871794871795
front3,0,10,0.4839438018549538,111,16,0.375,0.35555555555555557
front3,0,2,0.5355421836153751,122,16,0.5625,0.24242424242424243
front3,15,5,0.469841987593668,70,16,0.3125,0.1322314049586777
front3,0,11,0.42770186656250175,70,16,0.4375,0.06324110671936758
front3,16,2,0.4794110668732091,136,16,0.3125,0.16326530612244897
front3,0,11,0.4618877202524071,35,16,0.375,0.4
front3,15,13,0.2348929135255119,115,16,0.375,0.12598425196850394
front3,0,11,0.4702787222728322,129,16,0.4375,0.12030075187969924
front3,0,10,0.46675322745801406,19,16,0.3125,0.12213740458015267
front3,16,1,0.49990382535162287,109,16,0.625,0.6153846153846154
front3,15,12,0.4084493540034988,102,16,0.5,0.6153846153846154
front3,0,11,0.4937868727745115,19,15,0.6,0.11450381679389313
front3,0,10,0.3596930853751258,90,15,0.26666666666666666,0.4166666666666667
front3,0,12,0.4567461882342892,78,15,0.6,0.35714285714285715
front3,15,2,0.5333077695651599,111,15,0.5333333333333333,0.1079136690647482
front3,15,1,0.48924132510621304,163,15,0.5333333333333333,0.5
front3,15,2,0.5644076014067665,11,15,0.4666666666666667,0.12096774193548387
front3,15,10,0.3526576427214657,115,15,0.5333333333333333,0.11811023622047244
front3,15,1,0.4931600969257113,8,15,0.4666666666666667,0.3
front3,15,1,0.5961101534527465,41,15,0.6666666666666666,0.7894736842105263
front3,0,13,0.30521987362524455,97,15,0.13333333333333333,0.2542372881355932
front3,16,1,0.49694195889089104,100,15,0.4666666666666667,0.3488372093023256
front3,0,1,0.5846210775558669,43,15,0.8,0.19230769230769232
front3,0,2,0.46070761993204096,115,15,0.3333333333333333,0.2631578947368421
front3,0,2,0.4933198142652076,72,15,0.3333333333333333,0.0949367088607595
front3,15,1,0.5627678118166451,148,15,0.4666666666666667,0.38461538461538464
front3,15,6,0.5752000421806036,112,15,0.26666666666666666,0.17647058823529413
front3,15,3,0.6649474869867377,82,15,0.5333333333333333,0.11450381679389313
front3,16,1,0.43703799021052775,92,15,0.6666666666666666,0.3409090909090909
front3,15,1,0.5950668544668015,57,15,0.8,0.5769230769230769
front3,15,5,0.5089489365636037,111,15,0.5333333333333333,0.1079136690647482
front3,15,10,0.4019914662032728,37,15,0.3333333333333333,0.14423076923076922
front3,0,10,0.520181197331519,51,15,0.6666666666666666,0.5769230769230769
front3,0,1,0.49426279801212963,158,15,0.6666666666666666,0.3488372093023256
front3,0,13,0.2817733421603049,72,14,0.21428571428571427,0.08860759493670886
front3,15,1,0.5211954281319184,77,14,0.5714285714285714,0.875
front3,15,12,0.43333874653220456,91,14,0.5,0.7777777777777778
front3,15,11,0.5005728608255037,64,14,0.6428571428571429,0.059574468085106386
front3,0,5,0.4918091959250794,70,14,0.5,0.05533596837944664
front3,15,6,0.5136568181533807,129,14,0.5,0.12280701754385964
front3,15,2,0.46432651496662447,13,14,0.5,0.2413793103448276
front3,15,5,0.4134224083632553,115,14,0.42857142857142855,0.11023622047244094
front3,0,1,0.5358993274769199,97,14,0.5714285714285714,0.23728813559322035
front3,0,1,0.4499784750463851,90,14,0.5714285714285714,0.3888888888888889
front3,15,2,0.5109125579982751,150,14,0.5,0.11570247933884298
front3,15,1,0.5164469517112125,69,14,0.5714285714285714,0.4666666666666667
front3,15,5,0.4897041353624378,132,14,0.21428571428571427,0.07179487179487179
front3,15,1,0.47860882319781695,29,14,0.35714285714285715,0.5833333333333334
front3,15,1,0.5605175847060374,85,14,0.5,0.4827586206896552
front3,0,1,0.587540527614819,59,14,0.5,0.45161290322580644
front3,15,10,0.33627765255278963,160,14,0.42857142857142855,0.35
front3,0,13,0.34686859812083637,136,14,0.21428571428571427,0.06060606060606061
front3,16,1,0.4486395653063479,73,14,0.2857142857142857,0.32558139534883723
front3,0,10,0.3988447474701917,72,14,0.35714285714285715,0.08860759493670886
front3,15,6,0.5488022633314324,21,13,0.23076923076923078,0.26
front3,0,6,0.5203953822800652,136,13,0.5384615384615384,0.05627705627705628
front3,0,13,0.3058284167566786,70,13,0.23076923076923078,0.05138339920948617
front3,15,1,0.49180970642395566,93,13,0.38461538461538464,0.5652173913043478
front3,16,1,0.5586002143127402,113,13,0.6153846153846154,0.52
front3,0,10,0.49206530539221294,49,13,0.46153846153846156,0.41935483870967744
front3,15,1,0.5330632442204977,54,13,0.38461538461538464,0.4482758620689655
front3,15,12,0.45741200391065107,56,13,0.5384615384615384,0.52
front3,18,6,0.47281864831055503,106,13,0.5384615384615384,0.2549019607843137
front3,15,6,0.5009627578737702,132,13,0.46153846153846156,0.06666666666666667
front3,0,1,0.571201608042321,88,13,0.7692307692307693,0.34210526315789475
front3,16,1,0.49740068780908525,128,13,0.3076923076923077,0.5909090909090909
front3,15,13,0.30095366233107623,157,13,0.46153846153846156,0.17105263157894737
front3,0,12,0.4894724989518818,56,13,0.46153846153846156,0.48148148148148145
front3,15,1,0.5413674748418686,25,13,0.5384615384615384,0.4642857142857143
front3,15,11,0.44953201504998624,122,13,0.3076923076923077,0.08074534161490683
front3,15,11,0.44589905749197,129,13,0.5384615384615384,0.11403508771929824
front3,15,3,0.5427802167504451,136,13,0.6923076923076923,0.021346469622331693
front3,0,10,0.45653723805695956,45,13,0.6153846153846154,0.30952380952380953
front3,15,10,0.46708645278446664,148,13,0.38461538461538464,0.3333333333333333
front3,16,1,0.557870071635548,148,13,0.6923076923076923,0.40625
front3,15,13,0.30699752305926564,129,13,0.46153846153846156,0.11403508771929824
front3,15,1,0.5654461733799176,21,13,0.5384615384615384,0.26
front3,0,2,0.610139588258025,14,13,0.5384615384615384,0.30952380952380953
front3,15,1,0.40522003852278293,4,13,0.3076923076923077,0.5909090909090909
front3,15,8,0.4405215434252592,11,13,0.38461538461538464,0.10483870967741936
front3,0,10,0.4612950748959416,56,13,0.6153846153846154,0.48148148148148145
front3,15,10,0.4742459189558623,11,13,0.6153846153846154,0.10483870967741936
front3,16,13,0.32757115267845266,76,12,0.25,0.23529411764705882
front3,15,5,0.5592349979509155,112,12,0.75,0.1411764705882353
front3,17,10,0.5032517770762993,64,12,0.3333333333333333,0.21052631578947367
front3,0,7,0.45358670598590795,72,12,0.3333333333333333,0.0759493670886076
front3,16,2,0.4278739335747016,92,12,0.4166666666666667,0.2727272727272727
front3,0,12,0.530368034876344,49,12,0.5,0.3870967741935484
front3,0,4,0.526419104807594,72,12,0.5833333333333334,0.0759493670886076
front3,0,1,0.4989791329574701,107,12,0.5,0.2857142857142857
front3,0,5,0.5213164032640707,133,12,0.75,0.07792207792207792
front3,0,12,0.5544724501649686,155,12,0.5,0.41379310344827586
front3,15,1,0.549630366886588,50,12,0.4166666666666667,0.3076923076923077
front3,16,11,0.47761160468911046,21,12,0.5833333333333334,0.0379746835443038
front3,0,1,0.6469414865598578,57,12,0.5,0.5714285714285714
front3,0,12,0.39971107121219696,139,12,0.16666666666666666,0.5
front3,15,5,0.5314119839230713,101,12,0.08333333333333333,0.04918032786885246
front3,15,5,0.4547490551268267,37,12,0.25,0.11538461538461539
front3,0,13,0.33690721038052435,45,12,0.25,0.2857142857142857
front3,15,13,0.3126812885883118,8,12,0.4166666666666667,0.24
front3,16,1,0.4830587431644122,129,12,0.6666666666666666,0.46153846153846156
front3,15,1,0.5071644954146103,89,12,0.4166666666666667,0.46153846153846156
front3,16,1,0.4696111019303195,107,12,0.5833333333333334,0.6666666666666666
front3,15,1,0.43557923257727155,143,12,0.16666666666666666,0.5
front3,15,10,0.41416108861742007,89,12,0.4166666666666667,0.46153846153846156
front3,16,7,0.4681141714468381,76,12,0.25,0.23529411764705882
front3,15,2,0.48578715022618685,81,12,0.5833333333333334,0.2553191489361702
front3,15,10,0.38922279781245106,70,12,0.3333333333333333,0.09917355371900827
front3,0,2,0.5124241880671145,157,12,0.75,0.17142857142857143
front3,0,2,0.48904740503697336,107,12,0.5833333333333334,0.2857142857142857
front3,0,6,0.5079063665238042,74,12,0.5,0.12121212121212122
front3,15,1,0.5795801055485188,80,12,0.75,0.46153846153846156
front3,16,10,0.36044125955440304,73,12,0.5,0.27906976744186046
front3,15,10,0.4157587899772455,129,11,0.45454545454545453,0.09649122807017543
front3,18,2,0.48472470803562884,106,11,0.36363636363636365,0.21568627450980393
front3,15,1,0.520919249076148,161,11,0.6363636363636364,0.55
front3,15,3,0.459152007158654,160,11,0.36363636363636365,0.275
front3,15,6,0.5579009703783262,31,11,0.45454545454545453,0.25
front3,15,1,0.46745390457677977,34,11,0.5454545454545454,0.4583333333333333
front3,15,1,0.5161633481962147,104,11,0.2727272727272727,0.3793103448275862
front3,15,13,0.33237540323515147,132,11,0.2727272727272727,0.05641025641025641
front3,15,12,0.40950251478311844,156,11,0.0,0.21568627450980393
front3,15,13,0.3319132315057363,159,11,0.2727272727272727,0.34375
front3,16,5,0.45863957236448505,136,11,0.45454545454545453,0.11224489795918367
front3,18,10,0.5517706049000449,82,11,0.7272727272727273,0.5789473684210527
front3,0,10,0.41058910231911205,107,11,0.2727272727272727,0.2619047619047619
front3,0,7,0.45879934696577024,70,11,0.5454545454545454,0.043478260869565216
front3,15,1,0.48471371752258546,46,11,0.6363636363636364,0.5238095238095238
front3,17,1,0.5285935791464567,144,11,0.45454545454545453,0.8461538461538461
front3,15,1,0.47504703642697277,13,11,0.45454545454545453,0.1896551724137931
front3,0,6,0.5978480997065206,14,11,0.8181818181818182,0.2619047619047619
front3,15,6,0.46392552654655317,8,11,0.36363636363636365,0.22
front3,0,10,0.45355495355674086,122,11,0.2727272727272727,0.16666666666666666
front3,15,3,0.6191292836117829,52,11,0.45454545454545453,0.3333333333333333
front3,0,1,0.5630769929855308,111,11,0.45454545454545453,0.24444444444444444
front3,15,5,0.48887349192302093,96,11,0.45454545454545453,0.019064124783362217
front3,16,5,0.4476914581040325,69,11,0.2727272727272727,0.1864406779661017
front3,15,6,0.5188555010908618,150,11,0.5454545454545454,0.09090909090909091
front3,0,1,0.6107066249471792,22,11,0.6363636363636364,0.3793103448275862
front3,15,5,0.41644793603572444,86,11,0.36363636363636365,0.19642857142857142
front3,15,6,0.5419312112412492,50,11,0.6363636363636364,0.28205128205128205
front3,0,10,0.4255303801825764,78,11,0.2727272727272727,0.2619047619047619
front3,0,13,0.3305139478083095,39,11,0.36363636363636365,0.22916666666666666
front3,15,12,0.36557550955788776,139,11,0.36363636363636365,0.4782608695652174
front3,0,2,0.530671921994111,129,11,0.5454545454545454,0.08270676691729323
front3,15,1,0.4887912371090137,6,10,0.8,0.4
front3,15,1,0.46042774841111794,99,10,0.5,0.6666666666666666
front3,0,1,0.5156404649430829,35,10,0.5,0.25
front3,17,5,0.5196189670503006,101,10,0.4,0.15151515151515152
front3,15,10,0.43033628247354044,56,10,0.2,0.4
front3,0,13,0.32387736101068404,122,10,0.6,0.15151515151515152
front3,0,6,0.49406545593344514,157,10,0.5,0.14285714285714285
front3,15,10,0.38732817297835576,46,10,0.2,0.47619047619047616
front3,0,2,0.4978008304711433,23,10,0.6,0.21739130434782608
front3,0,1,0.5153137476961236,54,10,0.7,0.4
front3,15,5,0.49937677957096804,122,10,0.5,0.062111801242236024
front3,0,2,0.48307627621819893,3,10,0.5,0.29411764705882354
front3,15,5,0.6000854172537252,82,10,0.7,0.07633587786259542
front3,15,10,0.3693347017998725,73,10,0.3,0.23255813953488372
front3,15,10,0.37358720246215366,75,10,0.4,0.5555555555555556
front3,15,1,0.4749407444225661,71,10,0.4,0.2127659574468085
front3,15,13,0.4121288688180908,118,10,0.9,0.19230769230769232
front3,15,9,0.5875602324501438,82,10,0.4,0.07633587786259542
front3,15,6,0.5068982484324862,104,10,0.5,0.3448275862068966
front3,0,11,0.47266843894615823,136,10,0.3,0.04329004329004329
front3,15,10,0.3739196152251781,124,10,0.3,0.625
front3,15,6,0.5429630941491406,52,10,0.5,0.30303030303030304
front3,15,1,0.5242031278840694,117,9,0.6666666666666666,0.391304347826087
front3,15,12,0.3516589655732752,164,9,0.1111111111111111,0.6
front3,15,11,0.5004198419249882,148,9,0.4444444444444444,0.23076923076923078
front3,15,12,0.48168444648401876,68,9,0.3333333333333333,0.4090909090909091
front3,15,7,0.543267849537303,153,9,0.5555555555555556,0.05263157894736842
front3,15,8,0.39060981331479966,37,9,0.5555555555555556,0.08653846153846154
front3,15,13,0.26556612854647954,13,9,0.2222222222222222,0.15517241379310345
front3,17,1,0.5071126080430364,34,9,0.3333333333333333,0.5625
front3,16,7,0.5168537164076557,21,9,0.6666666666666666,0.028481012658227847
front3,0,10,0.38419347895619704,115,9,0.2222222222222222,0.15789473684210525
front3,15,13,0.3831683460819405,112,9,0.2222222222222222,0.10588235294117647
front3,16,2,0.4559569694094629,17,9,0.4444444444444444,0.5294117647058824
front3,0,5,0.5324404239609246,136,9,0.7777777777777778,0.03896103896103896
front3,0,6,0.4928881594847863,23,9,0.4444444444444444,0.1956521739130435
front3,15,1,0.5222018584312846,106,9,0.4444444444444444,0.0703125
front3,17,6,0.4247840344133091,92,9,0.2222222222222222,0.14754098360655737
front3,0,11,0.44965686721092424,157,9,0.3333333333333333,0.12857142857142856
front3,15,8,0.38012762879611056,152,9,0.3333333333333333,0.23684210526315788
front3,0,4,0.589747812666627,19,9,0.8888888888888888,0.06870229007633588
front3,15,5,0.4745053456823593,38,9,0.4444444444444444,0.2
front3,16,1,0.5739737728712534,112,9,0.5555555555555556,0.391304347826087
front3,15,1,0.5864413162964094,149,9,0.6666666666666666,0.28125
front3,15,9,0.45098951112298025,152,9,0.4444444444444444,0.23684210526315788
front3,16,1,0.4239556327462834,130,9,0.2222222222222222,0.9
front3,16,10,0.41569957214407127,76,9,0.2222222222222222,0.17647058823529413
front3,15,1,0.4701365760952499,141,9,0.3333333333333333,0.4090909090909091
front3,15,6,0.5608718911722421,53,9,0.3333333333333333,0.2903225806451613
front3,17,10,0.4866789398394227,101,9,0.5555555555555556,0.13636363636363635
front3,0,13,0.31808924494139607,133,9,0.4444444444444444,0.05844155844155844
front3,18,6,0.5340286643553842,53,9,0.3333333333333333,0.391304347826087
front3,0,2,0.48263468072656107,158,9,0.2222222222222222,0.20930232558139536
front3,15,4,0.5545553069463741,122,9,0.5555555555555556,0.055900621118012424
front3,0,1,0.5037366156265726,23,9,0.4444444444444444,0.1956521739130435
front3,16,1,0.563703567857395,153,9,0.4444444444444444,0.2903225806451613
front3,0,5,0.49004135880392985,3,9,0.5555555555555556,0.2647058823529412
front3,15,1,0.4647850297377379,156,9,0.8888888888888888,0.17647058823529413
front3,15,10,0.41820544403508403,20,9,0.5555555555555556,0.2903225806451613
front3,15,10,0.4264568560937249,132,9,0.7777777777777778,0.046153846153846156
front3,15,7,0.4365935101834889,72,9,0.4444444444444444,0.03435114503816794
front3,15,1,0.41946155530633145,87,9,0.1111111111111111,0.5625
front3,15,1,0.47201372979437073,151,9,0.4444444444444444,0.42857142857142855
front3,15,10,0.4918097293002423,112,9,0.4444444444444444,0.10588235294117647
front3,15,1,0.5745378589517449,113,8,0.625,0.32
front3,0,11,0.46124104629496104,74,8,0.5,0.08080808080808081
front3,0,11,0.4663742305232007,122,8,0.25,0.12121212121212122
front3,0,7,0.5017063443102391,136,8,0.625,0.03463203463203463
front3,18,12,0.578401668718085,82,8,0.625,0.42105263157894735
front3,0,13,0.3486766231818024,19,8,0.375,0.061068702290076333
front3,0,2,0.5718044543295321,131,8,0.5,0.32
front3,15,12,0.42307693571823557,127,8,0.5,0.4444444444444444
front3,15,1,0.5319180178507029,76,8,0.625,0.2857142857142857
front3,0,5,0.5087435408345179,23,8,0.375,0.17391304347826086
front3,15,11,0.4864042242800559,21,8,0.5,0.16
front3,0,6,0.49096392952273804,97,8,0.25,0.13559322033898305
front3,18,10,0.4349376141587753,106,8,0.5,0.1568627450980392
front3,17,10,0.45803682403278,157,8,0.25,0.18181818181818182
front3,16,1,0.5167870077226271,150,8,0.125,0.42105263157894735
front3,18,1,0.485889117757841,106,8,0.625,0.1568627450980392
front3,15,10,0.45540633096903355,85,8,0.375,0.27586206896551724
front3,15,6,0.5144074358807283,159,8,0.375,0.25
front3,15,10,0.41687015001389915,116,8,0.125,0.2962962962962963
front3,15,1,0.5636089296210828,47,8,0.375,0.32
front3,15,13,0.26952860166680204,55,8,0.25,0.3333333333333333
front3,15,8,0.39937819838763466,132,8,0.25,0.041025641025641026
front3,0,1,0.46834226572948406,65,8,0.5,0.34782608695652173
front3,15,2,0.5077709044463072,37,8,0.25,0.07692307692307693
front3,15,2,0.5666340136895975,64,8,0.625,0.03404255319148936
front3,15,13,0.3608498638411659,47,8,0.5,0.32
front3,0,13,0.3252518448885703,7,8,0.25,0.3076923076923077
front3,0,1,0.6213727355094958,135,8,0.75,0.42105263157894735
front3,17,6,0.5331532768655409,50,8,0.625,0.6153846153846154
front3,15,5,0.4902299609287716,106,8,0.75,0.0625
front3,15,13,0.3228283801307557,138,8,0.125,0.1095890410958904
front3,16,1,0.46879488566222305,110,8,0.375,0.42105263157894735
front3,15,2,0.5003682654542722,138,8,0.375,0.1095890410958904
front3,0,7,0.48836774330361393,133,8,0.25,0.05194805194805195
front3,0,1,0.5773893932456956,21,8,0.875,0.34782608695652173
front3,15,1,0.4056243272854701,83,8,0.375,0.5333333333333333
front3,16,1,0.49392537733591707,89,8,0.5,0.6666666666666666
front3,15,1,0.5620891332095241,68,8,0.75,0.36363636363636365
front3,0,12,0.5483014294473407,51,8,0.625,0.3076923076923077
front3,15,2,0.49736198728475706,157,8,0.125,0.10526315789473684
front3,15,5,0.49238665893453615,140,8,0.0,0.10126582278481013
front3,0,13,0.3518784907878064,128,8,0.25,0.050314465408805034
front3,15,6,0.5052831498714517,140,8,0.75,0.10126582278481013
front3,0,1,0.5818300046735341,131,7,0.5714285714285714,0.28
front3,15,5,0.5556715708434979,149,7,0.42857142857142855,0.21875
front3,0,10,0.5410566192909806,30,7,0.5714285714285714,0.25
front3,15,2,0.5090628371953118,128,7,0.5714285714285714,0.022653721682847898
front3,15,10,0.3669471161599888,126,7,0.2857142857142857,0.25
front3,15,5,0.4766149257700401,157,7,0.14285714285714285,0.09210526315789473
front3,15,11,0.4440064158432937,106,7,0.7142857142857143,0.0546875
front3,18,5,0.4597353927808874,106,7,0.42857142857142855,0.13725490196078433
front3,0,1,0.4247407101819801,94,7,0.42857142857142855,0.2413793103448276
front3,15,13,0.3213564541453685,128,7,0.2857142857142857,0.022653721682847898
front3,15,5,0.4300407188708649,73,7,0.5714285714285714,0.16279069767441862
front3,15,11,0.44230564319509097,150,7,0.7142857142857143,0.05785123966942149
front3,15,3,0.512279947048728,141,7,0.2857142857142857,0.3181818181818182
front3,0,1,0.6185086060354947,14,7,1.0,0.16666666666666666
front3,15,10,0.36994773798339686,79,7,0.2857142857142857,0.3888888888888889
front3,0,10,0.42919384042065994,157,7,0.42857142857142855,0.1
front3,16,10,0.3848498415336546,69,7,0.42857142857142855,0.11864406779661017
front3,15,13,0.2706179693833512,86,7,0.14285714285714285,0.125
front3,15,3,0.5136878187474833,105,7,0.5714285714285714,0.15555555555555556
front3,18,10,0.3716661037581236,114,7,0.14285714285714285,0.6363636363636364
front3,0,1,0.6328229584049679,30,7,0.42857142857142855,0.25
front3,15,10,0.524803326073975,12,7,0.5714285714285714,0.18421052631578946
front3,15,9,0.5303733173510778,53,7,0.8571428571428571,0.22580645161290322
front3,15,11,0.5289139011964722,137,7,0.5714285714285714,0.21212121212121213
front3,15,10,0.39276691891782123,107,7,0.2857142857142857,0.175
front3,0,1,0.49351653033172127,3,7,0.7142857142857143,0.20588235294117646
front3,16,13,0.33091820582912906,96,7,0.14285714285714285,0.1320754716981132
front3,15,11,0.49961559827059,153,7,0.5714285714285714,0.04093567251461988
front3,0,5,0.607691623289726,44,7,0.7142857142857143,0.28
front3,0,1,0.6142324102027658,44,7,1.0,0.28
front3,18,6,0.5309742021529493,21,7,0.2857142857142857,0.175
front3,15,10,0.42135787464957664,122,7,0.14285714285714285,0.043478260869565216
front3,15,13,0.32452216344773704,122,7,0.5714285714285714,0.043478260869565216
front3,0,2,0.5224932736504665,97,7,0.2857142857142857,0.11864406779661017
front3,16,2,0.5575218134820914,153,7,0.42857142857142855,0.22580645161290322
front3,15,1,0.39632171766062707,24,7,0.14285714285714285,0.4375
front3,16,10,0.4626246547319599,64,7,0.8571428571428571,0.14893617021276595
front3,16,1,0.4434787017148811,3,7,0.2857142857142857,0.5
front3,17,5,0.4127306218081867,92,7,0.7142857142857143,0.11475409836065574
front3,0,1,0.5483890269673223,45,7,0.5714285714285714,0.16666666666666666
front3,15,6,0.37522204196506503,108,7,0.14285714285714285,0.5
front3,0,7,0.4762084392694615,157,7,0.2857142857142857,0.1
front3,15,10,0.35220422768776805,139,7,0.5714285714285714,0.30434782608695654
front3,16,2,0.5497575131849338,148,7,0.7142857142857143,0.21875
front3,15,10,0.36767938209420725,1,7,0.42857142857142855,0.3684210526315789
front3,16,6,0.42211945706520076,92,7,0.2857142857142857,0.1590909090909091
front3,0,2,0.5757963231672213,59,7,0.42857142857142855,0.22580645161290322
front3,17,2,0.5433470518176147,101,7,0.5714285714285714,0.10606060606060606
front3,0,1,0.4716694039241176,7,7,0.42857142857142855,0.2692307692307692
front3,16,10,0.4594281404440356,148,7,0.7142857142857143,0.21875
front3,15,10,0.3697866541968303,98,7,0.2857142857142857,0.30434782608695654
front3,15,1,0.47182997975804886,98,7,0.42857142857142855,0.30434782608695654
front3,15,7,0.4870782370238456,129,7,0.5714285714285714,0.06140350877192982
front3,16,1,0.5258351503582924,50,7,0.14285714285714285,0.4375
front3,15,2,0.5334530956424074,144,7,0.5714285714285714,0.02880658436213992
front3,16,13,0.33488497898359976,64,7,0.42857142857142855,0.14893617021276595
front3,15,10,0.44722398100751487,111,7,0.42857142857142855,0.050359712230215826
front3,17,10,0.35748895167203076,92,7,0.5714285714285714,0.11475409836065574
front3,15,13,0.20562290102517553,90,7,0.14285714285714285,0.15217391304347827
front3,15,2,0.5822600901121169,112,7,0.5714285714285714,0.08235294117647059
front3,16,6,0.4732788174356766,136,7,0.2857142857142857,0.07142857142857142
front3,15,6,0.5620137846228438,36,7,0.7142857142857143,0.35
front3,15,10,0.38500435149777584,5,7,0.14285714285714285,0.4666666666666667
front3,16,1,0.41516218683428624,158,7,0.42857142857142855,0.5384615384615384
front3,15,1,0.4293888261581434,147,7,0.5714285714285714,0.3888888888888889
front3,15,10,0.5319005769644745,118,7,0.42857142857142855,0.1346153846153846
front3,17,6,0.54705416691427,21,7,0.8571428571428571,0.5
front3,15,6,0.5590081990008244,113,7,0.5714285714285714,0.28
front3,15,10,0.4278344757821718,25,7,0.5714285714285714,0.25
front3,15,6,0.49913363107883274,117,7,0.42857142857142855,0.30434782608695654
front3,0,10,0.4798047206520053,43,7,0.42857142857142855,0.08974358974358974
front3,16,1,0.4518234566739231,95,7,0.5714285714285714,0.6363636363636364
front3,15,10,0.41234602106412327,152,7,0.42857142857142855,0.18421052631578946
front3,16,6,0.48456052397541766,76,7,0.42857142857142855,0.13725490196078433
front3,15,7,0.4831050247492282,76,6,0.6666666666666666,0.21428571428571427
front3,16,6,0.4260004104006422,73,6,1.0,0.13953488372093023
front3,15,3,0.5521102107192076,96,6,0.6666666666666666,0.010398613518197574
front3,15,6,0.5116301915207595,145,6,0.5,0.35294117647058826
front3,16,13,0.2969643157608955,136,6,0.16666666666666666,0.061224489795918366
front3,16,10,0.39937952963050694,136,6,0.3333333333333333,0.061224489795918366
front3,15,5,0.46516069376009966,81,6,0.16666666666666666,0.1276595744680851
front3,15,5,0.4869470260287195,128,6,0.5,0.019417475728155338
front3,15,10,0.46353653193464617,113,6,0.3333333333333333,0.24
front3,17,1,0.5657643017817074,21,6,0.8333333333333334,0.42857142857142855
front3,15,7,0.44066469284115606,126,6,0.6666666666666666,0.21428571428571427
front3,15,10,0.30063148745018725,90,6,0.16666666666666666,0.13043478260869565
front3,15,10,0.40395261634612634,157,6,0.5,0.07894736842105263
front3,0,7,0.4815824375979112,35,6,0.16666666666666666,0.15
front3,15,6,0.4060737596986333,61,6,0.5,0.2857142857142857
front3,15,9,0.42148083301908423,10,6,0.3333333333333333,0.17647058823529413
front3,15,1,0.5932114437316819,52,6,1.0,0.18181818181818182
front3,15,10,0.4769946143265033,149,6,0.5,0.1875
front3,15,10,0.42429604324719183,140,6,0.5,0.0759493670886076
front3,15,11,0.45021842689746494,54,6,0.5,0.20689655172413793
front3,15,13,0.3520013963264075,11,6,0.3333333333333333,0.04838709677419355
front3,15,10,0.3214133542669666,4,6,0.3333333333333333,0.2727272727272727
front3,15,1,0.5214940147380479,109,6,0.3333333333333333,0.42857142857142855
front3,15,7,0.46084444911471384,70,6,0.5,0.049586776859504134
front3,17,1,0.45255764388732256,107,6,0.6666666666666666,0.6666666666666666
front3,15,4,0.6027676699197618,153,6,0.6666666666666666,0.03508771929824561
front3,15,5,0.4887191492012941,33,6,0.3333333333333333,0.35294117647058826
front3,0,4,0.5249021460192003,70,6,0.0,0.023715415019762844
front3,0,13,0.2698577540672628,62,6,0.6666666666666666,0.35294117647058826
front3,15,10,0.4113746066140431,69,6,0.0,0.2
front3,0,10,0.39894786274463573,158,6,0.16666666666666666,0.13953488372093023
front3,16,6,0.46423071299181673,69,6,0.3333333333333333,0.1016949152542373
front3,0,6,0.48983868260695146,67,6,0.0,0.2
front3,15,9,0.41108647672918136,156,6,0.5,0.11764705882352941
front3,17,1,0.4771746861382725,13,6,0.3333333333333333,0.6
front3,15,6,0.46522937753827115,58,6,0.5,0.46153846153846156
front3,0,3,0.601232158161829,49,6,1.0,0.1935483870967742
front3,0,1,0.5464098252069333,122,6,0.5,0.09090909090909091
front3,15,10,0.46357510454441575,31,6,0.3333333333333333,0.13636363636363635
front3,0,2,0.6012714143717691,22,6,0.5,0.20689655172413793
front3,0,11,0.5085948148972365,43,6,0.5,0.07692307692307693
front3,0,10,0.4446193427834177,69,6,0.16666666666666666,0.10909090909090909
front3,16,1,0.4920807374728049,38,6,0.3333333333333333,0.6666666666666666
front3,0,10,0.540238861548099,66,6,0.6666666666666666,0.17142857142857143
front3,15,1,0.49325458483172585,95,6,0.5,0.6666666666666666
front3,0,2,0.5763570291220367,43,6,0.5,0.07692307692307693
front3,16,5,0.47040967776258147,109,6,0.3333333333333333,0.23076923076923078
front3,0,6,0.5983945428023285,135,6,0.6666666666666666,0.3157894736842105
front3,15,1,0.44812469430530655,124,6,0.5,0.375
front3,0,1,0.5479566748826759,26,6,0.5,0.375
front3,15,6,0.5367816453019434,35,6,0.5,0.3333333333333333
front3,15,11,0.46741857774477213,35,6,0.3333333333333333,0.3333333333333333
front3,15,6,0.47258798182514533,13,6,0.3333333333333333,0.10344827586206896
front3,15,2,0.5198938661049847,20,6,0.6666666666666666,0.1935483870967742
front3,15,1,0.5581294676560535,155,6,0.5,0.04195804195804196
front3,15,11,0.40133745659972536,13,6,0.6666666666666666,0.10344827586206896
front3,15,10,0.3705054903114854,3,6,0.3333333333333333,0.13953488372093023
front3,15,4,0.5031350343620946,13,6,0.6666666666666666,0.10344827586206896
front3,0,7,0.4961391038728207,122,6,0.6666666666666666,0.09090909090909091
front3,15,5,0.5491484850266296,137,6,0.8333333333333334,0.18181818181818182
front3,15,6,0.4355050707289476,115,6,0.3333333333333333,0.047244094488188976
front3,15,6,0.4758817123477539,107,6,0.6666666666666666,0.15
front3,15,13,0.24903023843823546,143,6,0.3333333333333333,0.25
front3,17,13,0.34389675370299044,101,6,0.3333333333333333,0.09090909090909091
front3,17,1,0.5379100484593787,62,6,0.5,0.4
front3,15,5,0.45273371832563536,62,6,0.16666666666666666,0.2727272727272727
front3,15,1,0.5324390631760011,159,6,0.3333333333333333,0.1875
front3,17,10,0.3732041601140156,32,6,0.16666666666666666,0.6
front3,15,13,0.24171038324495836,18,6,0.16666666666666666,0.42857142857142855
front3,15,10,0.44871573549091837,50,6,0.5,0.15384615384615385
front3,15,13,0.3158014472505008,81,6,0.3333333333333333,0.1276595744680851
front3,15,11,0.4494164464565824,132,6,0.16666666666666666,0.03076923076923077
front3,0,11,0.4520907662197082,97,6,0.6666666666666666,0.1016949152542373
front3,15,1,0.5216562287279479,0,6,0.3333333333333333,0.2857142857142857
front3,16,13,0.36625829629918594,57,6,0.6666666666666666,0.09375
front3,15,11,0.31678070632022054,90,6,0.0,0.13043478260869565
front3,16,1,0.430357211907058,115,6,0.5,0.24
front3,0,7,0.5446826005031072,43,6,0.8333333333333334,0.07692307692307693
front3,15,1,0.4235153089488204,160,5,0.0,0.125
front3,15,10,0.39795389250470947,93,5,0.8,0.21739130434782608
front3,16,1,0.5034378362929914,76,5,1.0,0.09803921568627451
front3,17,1,0.5523223585935955,63,5,0.6,0.3125
front3,15,13,0.35038127971488486,111,5,0.4,0.03597122302158273
front3,15,1,0.4870445387445722,134,5,0.8,0.3125
front3,15,13,0.3003828875667849,134,5,0.0,0.3125
front3,15,2,0.512897119665079,10,5,0.4,0.14705882352941177
front3,15,6,0.4682124019368423,126,5,0.6,0.17857142857142858
front3,18,10,0.48341877537009664,21,5,0.4,0.125
front3,16,13,0.38293485574617775,153,5,0.6,0.16129032258064516
front3,15,6,0.6160941792667133,118,5,0.2,0.09615384615384616
front3,16,3,0.6071968665732309,53,5,0.6,0.35714285714285715
front3,15,8,0.47253556915777956,53,5,0.8,0.16129032258064516
front3,15,10,0.40086263355672547,138,5,0.8,0.0684931506849315
front3,15,4,0.5041909227510338,163,5,0.6,0.16666666666666666
front3,15,2,0.4730275563468375,127,5,0.2,0.2777777777777778
front3,0,4,0.5478717889326873,35,5,0.8,0.125
front3,16,1,0.5493274831728596,111,5,0.4,0.7142857142857143
front3,16,10,0.46662359247643226,153,5,0.2,0.16129032258064516
front3,15,6,0.4470070889397946,55,5,0.2,0.20833333333333334
front3,0,10,0.4968836004710345,21,5,0.4,0.21739130434782608
front3,15,12,0.49540226110333524,49,5,0.2,0.5555555555555556
front3,15,3,0.577223976825159,116,5,0.8,0.18518518518518517
front3,15,13,0.32662628002738214,116,5,0.4,0.18518518518518517
front3,15,4,0.5894827262993332,101,5,0.6,0.020491803278688523
front3,17,6,0.5323870315918477,101,5,0.4,0.07575757575757576
front3,15,2,0.5541831077840078,47,5,1.0,0.2
front3,16,1,0.3778588325707611,154,5,0.0,0.5555555555555556
front3,15,11,0.38239015459321557,151,5,0.6,0.23809523809523808
front3,0,11,0.4551198493528121,133,5,0.4,0.032467532467532464
front3,15,13,0.3021141163346655,70,5,0.4,0.04132231404958678
front3,15,2,0.5879625279139158,137,5,0.2,0.15151515151515152
front3,15,10,0.5043084742025657,137,5,0.4,0.15151515151515152
front3,15,11,0.41983635458610846,70,5,0.6,0.04132231404958678
front3,17,1,0.5058428364103071,72,5,0.8,0.5555555555555556
front3,16,1,0.5201533696845573,138,5,0.4,0.625
front3,17,6,0.5776081134059943,64,5,0.2,0.08771929824561403
front3,0,11,0.3788850409135452,33,5,0.4,0.2777777777777778
front3,17,1,0.5606360688863837,84,5,0.8,0.625
front3,0,3,0.5628009229410689,136,5,0.8,0.021645021645021644
front3,15,1,0.5803396645268134,84,5,0.6,0.5
front3,17,1,0.6077598411091669,153,5,0.8,0.7142857142857143
front3,0,5,0.5011589333987297,67,5,0.2,0.16666666666666666
front3,15,7,0.5052270403387144,111,5,0.6,0.03597122302158273
front3,15,3,0.5222247267358394,6,5,0.4,0.2
front3,0,1,0.5149104888773101,137,5,0.8,0.3333333333333333
front3,15,2,0.5424952874366684,50,5,0.6,0.1282051282051282
front3,15,10,0.3718298486824494,151,5,0.0,0.23809523809523808
front3,0,5,0.560956441835295,111,5,1.0,0.1111111111111111
front3,15,1,0.48901050427954973,62,5,0.2,0.22727272727272727
front3,16,2,0.5332109905069414,47,5,0.8,0.38461538461538464
front3,15,2,0.5757531762730632,149,5,0.8,0.15625
front3,15,6,0.5020533614751665,0,5,0.2,0.23809523809523808
front3,15,6,0.3682876914677688,90,5,0.2,0.10869565217391304
front3,17,11,0.49367636059646874,101,5,0.6,0.07575757575757576
front3,0,11,0.48611677348688237,88,5,0.6,0.13157894736842105
front3,15,1,0.5960561303157239,137,5,1.0,0.15151515151515152
front3,17,1,0.42980180678980445,28,5,0.4,0.5
front3,16,1,0.5356977965813067,144,5,0.6,0.38461538461538464
front3,0,2,0.4635873491676745,7,5,0.6,0.19230769230769232
front3,0,3,0.5613904859947967,96,5,0.8,0.014245014245014245
front3,17,13,0.24276524958383527,18,5,0.4,0.5555555555555556
front3,15,6,0.5469795786990875,116,5,0.8,0.18518518518518517
front3,15,1,0.44416447798613395,1,5,0.4,0.2631578947368421
front3,15,13,0.28821643747868875,1,5,0.2,0.2631578947368421
front3,0,13,0.27975815532344345,65,5,0.6,0.21739130434782608
front3,17,2,0.4364415954189848,92,5,0.6,0.08196721311475409
front3,15,13,0.34962184202038243,21,5,0.2,0.1
front3,15,10,0.4615904212240244,21,5,0.4,0.1
front3,16,13,0.29246399097920484,69,5,0.4,0.0847457627118644
front3,15,11,0.3783897679282945,86,5,0.2,0.08928571428571429
front3,15,4,0.5510806959845969,129,5,0.8,0.043859649122807015
front3,15,1,0.45033639730024966,79,5,0.2,0.2777777777777778
front3,15,10,0.3789072798420305,141,5,0.6,0.22727272727272727
front3,0,5,0.6139914502542971,14,5,0.8,0.11904761904761904
front3,15,13,0.39954463873148144,162,5,0.4,0.3125
front3,15,1,0.4833612745174903,16,5,0.4,0.35714285714285715
front3,16,13,0.39237741427121803,112,5,0.4,0.21739130434782608
front3,15,5,0.49278462026066,150,5,0.2,0.04132231404958678
front3,0,10,0.5103649234334199,22,5,0.8,0.1724137931034483
front3,0,2,0.6253774248292251,30,5,0.8,0.17857142857142858
front3,0,13,0.4392242570436798,30,5,0.6,0.17857142857142858
front3,15,7,0.46265141516649755,100,5,0.4,0.4166666666666667
front3,15,6,0.4838587635210506,70,4,0.25,0.03305785123966942
front3,15,1,0.45187596213048814,130,4,0.0,0.3333333333333333
front3,0,3,0.6009335192974502,111,4,0.75,0.08888888888888889
front3,16,1,0.4961105292496031,81,4,0.75,0.25
front3,0,7,0.5003571285148364,129,4,0.25,0.03007518796992481
front3,16,1,0.546057798533271,142,4,0.5,0.4
front3,15,1,0.4858144655598995,123,4,0.5,0.23529411764705882
front3,15,1,0.4201259147962255,61,4,0.25,0.19047619047619047
front3,15,5,0.38729847929268485,61,4,0.0,0.19047619047619047
front3,15,6,0.500953579550622,76,4,0.5,0.14285714285714285
front3,15,10,0.42665073784185914,76,4,0.5,0.14285714285714285
front3,17,11,0.4996674294874234,63,4,0.5,0.25
front3,15,7,0.48596798244783557,128,4,0.5,0.012944983818770227
front3,16,6,0.5570969147841832,113,4,0.5,0.16
front3,18,13,0.37750756323858026,21,4,0.25,0.1
front3,15,7,0.4868766943159686,140,4,0.5,0.05063291139240506
front3,18,9,0.49009361276909025,152,4,0.75,0.25
front3,15,11,0.5022619649957479,80,4,0.75,0.15384615384615385
front3,15,13,0.37033608720440875,80,4,0.5,0.15384615384615385
front3,0,5,0.4904949002102094,158,4,0.75,0.09302325581395349
front3,0,2,0.6031424752044692,44,4,0.5,0.16
front3,0,6,0.47132477931122535,158,4,0.5,0.09302325581395349
front3,17,11,0.4202899707547798,48,4,0.25,0.13793103448275862
front3,17,13,0.35130171729917337,157,4,0.0,0.09090909090909091
front3,17,5,0.49471055687580684,157,4,1.0,0.09090909090909091
front3,17,6,0.4633438157873381,0,4,0.75,0.5
front3,16,2,0.5416642035609109,21,4,0.75,0.012658227848101266
front3,16,2,0.48715870342680473,81,4,0.0,0.25
front3,16,10,0.5087831466383583,57,4,1.0,0.0625
front3,15,2,0.4503332005293594,17,4,0.25,0.5714285714285714
front3,16,6,0.4473214872499303,17,4,0.25,0.23529411764705882
front3,15,4,0.5417230246970083,136,4,0.25,0.006568144499178982
front3,17,1,0.4785663024640636,98,4,0.25,0.6666666666666666
front3,16,13,0.2988621030322848,1,4,0.0,0.5714285714285714
front3,16,6,0.5149884785649439,150,4,0.5,0.21052631578947367
front3,15,4,0.5792574241009818,162,4,0.25,0.25
front3,15,11,0.5109286372703882,36,4,1.0,0.2
front3,15,2,0.5247341548101235,159,4,0.25,0.125
front3,15,2,0.4803294621241451,123,4,0.0,0.23529411764705882
front3,0,6,0.5317355132349464,26,4,0.5,0.25
front3,15,3,0.5299481869413797,37,4,1.0,0.038461538461538464
front3,15,1,0.4659334400464244,105,4,0.0,0.08888888888888889
front3,16,10,0.3532519536742409,114,4,1.0,0.8
front3,0,1,0.42522692341869744,33,4,0.75,0.2222222222222222
front3,15,5,0.5007954231996903,54,4,0.25,0.13793103448275862
front3,0,10,0.4372054056103234,129,4,0.5,0.03007518796992481
front3,0,6,0.4707344840253062,3,4,0.5,0.11764705882352941
front3,15,2,0.5787856889320487,153,4,0.25,0.023391812865497075
front3,15,13,0.30697829536792565,37,4,0.5,0.038461538461538464
front3,15,10,0.36332407040721626,42,4,0.5,0.25
front3,15,13,0.2629730624469585,42,4,0.0,0.25
front3,15,1,0.40272965184602144,15,4,0.0,0.36363636363636365
front3,15,5,0.5814167938346335,12,4,0.5,0.10526315789473684
front3,15,11,0.43079884011331954,157,4,0.75,0.05263157894736842
front3,0,2,0.5069351117476883,137,4,0.25,0.26666666666666666
front3,15,6,0.45553694629636665,158,4,0.25,0.4
front3,15,12,0.33274889856078216,15,4,0.0,0.36363636363636365
front3,0,2,0.488385120316311,67,4,0.75,0.13333333333333333
front3,15,9,0.45187452438668285,165,4,0.75,1.0
front3,0,10,0.4071571258013986,7,4,0.5,0.15384615384615385
front3,16,13,0.37510337020992224,148,4,0.75,0.125
front3,15,3,0.5930971276798189,155,4,0.5,0.027972027972027972
front3,15,1,0.42851404103558527,55,4,0.25,0.16666666666666666
front3,15,6,0.4138548326315161,164,4,0.25,0.26666666666666666
front3,15,1,0.4568631961586607,92,4,0.25,0.36363636363636365
front3,15,11,0.42187743834355906,8,4,0.5,0.08
front3,15,2,0.5170391990366827,140,4,0.5,0.05063291139240506
front3,0,14,0.3016312696765864,96,4,0.5,0.011396011396011397
front3,0,13,0.4110015171950669,22,4,0.5,0.13793103448275862
front3,0,7,0.5231205126539028,19,4,0.5,0.030534351145038167
front3,0,4,0.554195195908204,122,4,0.0,0.06060606060606061
front3,0,10,0.5144969599154202,14,4,0.5,0.09523809523809523
front3,0,13,0.3405049424922152,78,4,0.25,0.09523809523809523
front3,0,3,0.6159779143985702,21,4,0.75,0.17391304347826086
front3,15,11,0.39805508564901515,103,4,0.25,0.2857142857142857
front3,16,10,0.35216365989211285,146,4,0.25,1.0
front3,0,13,0.3097081118917827,107,4,0.25,0.09523809523809523
front3,0,13,0.316767061508982,157,4,0.25,0.05714285714285714
front3,16,9,0.4843089734902961,21,4,0.75,0.012658227848101266
front3,15,11,0.3822524658600698,110,4,0.5,0.125
front3,15,5,0.5063655262070085,20,4,0.25,0.12903225806451613
front3,15,11,0.44806993670817413,109,4,0.25,0.2857142857142857
front3,15,5,0.4339415443528378,34,4,0.5,0.16666666666666666
front3,0,1,0.4962255627342099,67,4,0.75,0.13333333333333333
front3,0,11,0.44220362420985765,67,4,0.5,0.13333333333333333
front3,15,1,0.4437291235348445,75,4,0.0,0.2222222222222222
front3,0,10,0.49733911035094147,59,4,0.75,0.12903225806451613
front3,15,5,0.42309995136558015,79,4,0.5,0.2222222222222222
front3,15,10,0.3940423529567101,145,4,1.0,0.23529411764705882
front3,15,5,0.4754712960578285,145,4,0.25,0.23529411764705882
front3,15,11,0.4482313267957737,20,4,0.25,0.12903225806451613
front3,15,10,0.39351895338222775,8,4,0.5,0.08
front3,15,1,0.3868604571872661,154,4,0.25,0.4
front3,0,8,0.4057877153616499,78,4,0.5,0.09523809523809523
front3,0,6,0.4761157017423097,54,4,0.75,0.16
front3,0,11,0.5555808436089957,135,4,0.75,0.21052631578947367
front3,0,4,0.5423226824124752,97,4,0.5,0.06779661016949153
front3,0,11,0.3957932092897605,62,4,0.5,0.23529411764705882
front3,16,2,0.47405570246545964,129,4,0.5,0.15384615384615385
front3,15,1,0.5388229804294892,35,4,0.75,0.2222222222222222
front3,15,1,0.5306075088972856,20,4,0.5,0.12903225806451613
front3,15,6,0.4605545881543847,34,4,1.0,0.16666666666666666
front3,0,11,0.4546143361192334,23,4,0.5,0.08695652173913043
front3,0,1,0.47491329484442407,62,4,0.75,0.23529411764705882
front3,15,4,0.535851571574033,70,4,0.75,0.03305785123966942
front3,16,6,0.5520999137028363,64,4,1.0,0.0851063829787234
front3,16,5,0.39536920996118013,115,4,0.75,0.16
front3,18,13,0.33016676574773157,106,4,0.0,0.0784313725490196
front3,16,5,0.3836400772269966,70,4,0.5,0.2857142857142857
front3,18,12,0.4942123015743658,49,4,0.0,0.6666666666666666
front3,15,13,0.2775095169692604,2,4,0.0,0.12903225806451613
front3,16,6,0.5237676627091054,50,4,0.25,0.25
front3,15,1,0.4770258040443918,102,4,0.5,0.15384615384615385
front3,16,12,0.4867424903060338,155,4,0.5,0.36363636363636365
front3,15,1,0.5004313393242602,103,4,0.5,0.2857142857142857
front3,0,3,0.5015689846693808,139,4,0.5,0.16666666666666666
front3,0,3,0.6747631970912575,57,4,0.75,0.19047619047619047
front3,0,6,0.5197774082248147,129,4,0.25,0.03007518796992481
front3,15,13,0.2989308581497989,93,4,0.25,0.17391304347826086
front3,15,13,0.33171186886133275,140,4,0.75,0.05063291139240506
front3,18,3,0.6134117885955186,53,4,0.5,0.17391304347826086
front3,16,2,0.5311092417922063,101,4,0.5,0.17391304347826086
front3,16,6,0.532603603323551,101,4,0.5,0.17391304347826086
front3,16,1,0.5357266750728886,101,4,0.75,0.17391304347826086
front3,15,10,0.33208181968622924,143,4,0.25,0.16666666666666666
front3,0,2,0.540919950416592,45,4,0.25,0.09523809523809523
front3,15,10,0.3868177738636812,163,4,0.75,0.13333333333333333
front3,17,3,0.5122466050960109,48,4,0.75,0.13793103448275862
front3,15,11,0.3993856727850892,163,4,0.0,0.13333333333333333
front3,18,9,0.5531505989871953,53,4,0.5,0.17391304347826086
front3,15,10,0.4820654320199633,53,4,0.5,0.12903225806451613
front3,16,5,0.41100158768367157,73,4,0.0,0.09302325581395349
front3,15,13,0.3530961870177024,76,4,0.5,0.14285714285714285
front3,15,2,0.4412325871229625,86,4,0.0,0.07142857142857142
front3,15,1,0.45043163030425565,32,4,0.75,0.11428571428571428
front3,18,8,0.3979930214057059,152,4,0.25,0.25
front3,0,2,0.4403077294075112,90,4,0.75,0.1111111111111111
front3,15,10,0.3857323677923835,123,4,0.25,0.23529411764705882
front3,15,1,0.5071482202301718,152,4,0.75,0.10526315789473684
front3,18,1,0.4965049374641206,152,4,0.5,0.25
front3,15,1,0.5350059697102547,119,4,0.25,0.4444444444444444
front3,15,13,0.2836424373961406,107,4,0.0,0.1
front3,0,5,0.5235602819191149,96,4,0.75,0.011396011396011397
front3,15,6,0.5160225154812726,25,4,0.5,0.14285714285714285
front3,15,1,0.5571167552789525,142,4,1.0,0.6666666666666666
front3,15,13,0.2622014902776243,147,4,0.0,0.2222222222222222
front3,0,7,0.5105106645688496,128,4,1.0,0.025157232704402517
front3,0,13,0.3931308476165096,131,4,0.5,0.16
front3,15,1,0.4719554494622059,126,3,0.6666666666666666,0.10714285714285714
front3,16,6,0.4450186598487256,126,3,0.0,0.75
front3,15,10,0.3818627894509771,100,3,0.6666666666666666,0.25
front3,0,10,0.4891508573401617,131,3,1.0,0.12
front3,15,11,0.42360954447770705,33,3,0.0,0.17647058823529413
front3,15,7,0.49153810317398755,150,3,1.0,0.024793388429752067
front3,0,5,0.4956892885925028,72,3,0.6666666666666666,0.0189873417721519
front3,15,11,0.44841594275447194,117,3,0.3333333333333333,0.13043478260869565
front3,15,2,0.511967465222761,117,3,1.0,0.13043478260869565
front3,15,6,0.4691047548070836,105,3,1.0,0.06666666666666667
front3,15,13,0.34305745746465727,25,3,0.6666666666666666,0.10714285714285714
front3,16,10,0.35840001093689255,95,3,0.0,0.2727272727272727
front3,0,5,0.5315583950241919,69,3,0.6666666666666666,0.05454545454545454
front3,15,13,0.3234159912370636,152,3,0.3333333333333333,0.07894736842105263
front3,16,9,0.4591955311350301,152,3,0.6666666666666666,0.375
front3,0,2,0.459167752095064,65,3,0.3333333333333333,0.13043478260869565
front3,15,13,0.3526894928832152,50,3,0.6666666666666666,0.07692307692307693
front3,16,10,0.41685438362844546,150,3,0.6666666666666666,0.15789473684210525
front3,15,2,0.5087156426171481,0,3,1.0,0.14285714285714285
front3,16,5,0.47216540935056,76,3,0.0,0.058823529411764705
front3,15,2,0.463199742447247,71,3,1.0,0.06382978723404255
front3,15,11,0.39019142447754435,32,3,0.0,0.08571428571428572
front3,15,13,0.28731221381464844,71,3,0.0,0.06382978723404255
front3,15,7,0.4529801935862898,107,3,1.0,0.075
front3,15,6,0.46946106111868574,156,3,0.0,0.058823529411764705
front3,16,5,0.5095680801581753,101,3,0.6666666666666666,0.13043478260869565
front3,16,10,0.4370648438292136,101,3,0.3333333333333333,0.13043478260869565
front3,0,10,0.5407801407836148,57,3,0.6666666666666666,0.14285714285714285
front3,15,6,0.46270155426703014,2,3,0.0,0.0967741935483871
front3,15,1,0.4003406822779501,108,3,0.0,0.21428571428571427
front3,15,5,0.42562556864882034,2,3,0.3333333333333333,0.0967741935483871
front3,16,10,0.43899525981630466,50,3,0.6666666666666666,0.1875
front3,16,10,0.4393276321895116,144,3,0.6666666666666666,0.23076923076923078
front3,15,10,0.32205177434827215,87,3,0.3333333333333333,0.1875
front3,16,6,0.4569510121043672,8,3,0.0,0.1875
front3,16,13,0.2242829521841022,115,3,0.0,0.12
front3,15,10,0.30073336646895116,154,3,0.3333333333333333,0.3
front3,16,6,0.3968059916956847,70,3,0.0,0.21428571428571427
front3,0,13,0.32943574240428775,23,3,0.3333333333333333,0.06521739130434782
front3,0,4,0.5401181792325581,23,3,0.3333333333333333,0.06521739130434782
front3,0,5,0.5048575759677456,54,3,0.0,0.12
front3,15,5,0.46144085239718907,6,3,0.0,0.12
front3,15,8,0.388445184351222,136,3,0.0,0.0049261083743842365
front3,15,4,0.6083110514751056,137,3,0.3333333333333333,0.09090909090909091
front3,0,11,0.4611380066437782,137,3,0.3333333333333333,0.2
front3,15,7,0.4162475273795831,86,3,0.3333333333333333,0.05357142857142857
front3,15,4,0.4718088790639176,86,3,0.6666666666666666,0.05357142857142857
front3,18,12,0.48893123328895005,155,3,1.0,0.75
front3,15,5,0.4568331763542783,3,3,0.3333333333333333,0.06976744186046512
front3,15,2,0.5090628913516296,104,3,0.3333333333333333,0.10344827586206896
front3,0,10,0.40358964171897616,54,3,0.3333333333333333,0.12
front3,0,7,0.4748620531119066,97,3,0.3333333333333333,0.05084745762711865
front3,15,6,0.5682165932946478,153,3,1.0,0.017543859649122806
front3,15,1,0.505048750604984,5,3,1.0,0.2
front3,15,3,0.5004928750470872,42,3,0.6666666666666666,0.1875
front3,15,6,0.38262565513877445,24,3,0.0,0.1875
front3,15,4,0.6008771928151193,64,3,0.0,0.01276595744680851
front3,16,2,0.4632778691467032,8,3,0.3333333333333333,0.1875
front3,16,11,0.4122376233218016,8,3,0.3333333333333333,0.1875
front3,0,3,0.5485701420056001,78,3,0.3333333333333333,0.07142857142857142
front3,0,5,0.545305431567584,45,3,0.0,0.07142857142857142
front3,15,10,0.4601465406010868,49,3,0.6666666666666666,0.3333333333333333
front3,15,11,0.39326733429367483,75,3,0.3333333333333333,0.16666666666666666
front3,16,6,0.5377371854661069,145,3,0.6666666666666666,0.375
front3,15,5,0.39482496060197825,160,3,0.0,0.075
front3,17,5,0.48442307348789604,34,3,0.3333333333333333,0.1875
front3,15,9,0.3911662178558449,5,3,0.0,0.2
front3,15,1,0.47908254458550015,127,3,0.3333333333333333,0.16666666666666666
front3,0,13,0.31251226532422033,67,3,0.0,0.1
front3,16,10,0.3866599002316175,110,3,0.3333333333333333,0.15789473684210525
front3,16,6,0.45801092314635905,110,3,0.3333333333333333,0.15789473684210525
front3,16,6,0.5047675763074123,96,3,0.3333333333333333,0.05660377358490566
front3,17,10,0.46833823232694544,62,3,0.6666666666666666,0.2
front3,15,4,0.5101947606783931,62,3,0.0,0.13636363636363635
front3,15,5,0.4401220557145192,103,3,0.6666666666666666,0.21428571428571427
front3,16,1,0.5403842145857188,47,3,0.0,0.23076923076923078
front3,15,3,0.48801288573474116,146,3,0.0,0.075
front3,15,10,0.377598335421075,114,3,0.3333333333333333,0.75
front3,16,7,0.45771499911767516,136,3,1.0,0.030612244897959183
front3,16,11,0.3661372564500161,92,3,0.0,0.06818181818181818
front3,0,6,0.5110633491537104,122,3,0.0,0.045454545454545456
front3,15,2,0.436661930355695,40,3,0.3333333333333333,0.3
front3,0,11,0.5092436705632133,111,3,0.3333333333333333,0.06666666666666667
front3,16,5,0.40649635972880155,92,3,0.6666666666666666,0.06818181818181818
front3,15,10,0.41389698594341523,38,3,0.3333333333333333,0.06666666666666667
front3,15,13,0.31989224062269345,38,3,0.0,0.06666666666666667
front3,16,13,0.2984440095501508,100,3,0.0,0.06976744186046512
front3,16,6,0.4741248952365561,100,3,1.0,0.06976744186046512
front3,15,6,0.46838642179993245,3,3,0.6666666666666666,0.06976744186046512
front3,16,11,0.3559134508576598,115,3,0.6666666666666666,0.12
front3,16,6,0.410486757471639,115,3,0.3333333333333333,0.12
front3,16,1,0.4680628596282027,8,3,0.3333333333333333,0.1875
front3,15,10,0.37808103046326946,13,3,0.0,0.05172413793103448
front3,15,11,0.39716323622432137,16,3,0.6666666666666666,0.21428571428571427
front3,15,1,0.4881508289979898,58,3,0.3333333333333333,0.23076923076923078
front3,15,6,0.4274752614974655,110,3,0.3333333333333333,0.09375
front3,16,10,0.4279306408141155,122,3,0.3333333333333333,0.2727272727272727
front3,15,6,0.492259514740398,161,3,0.0,0.15
front3,15,13,0.380679573788116,36,3,0.3333333333333333,0.15
front3,16,6,0.45828085406036057,58,3,0.3333333333333333,0.75
front3,15,10,0.3808782837377118,29,3,0.0,0.125
front3,15,5,0.5087448617209258,116,3,0.6666666666666666,0.1111111111111111
front3,0,10,0.4353467784026363,137,3,0.3333333333333333,0.2
front3,15,7,0.4336804064734256,71,3,0.0,0.06382978723404255
front3,16,2,0.40511127725830814,158,3,0.6666666666666666,0.23076923076923078
front3,16,6,0.5054073625057158,138,3,0.6666666666666666,0.375
front3,15,7,0.48800559255412057,54,3,0.6666666666666666,0.10344827586206896
front3,0,10,0.37729742342830125,139,3,0.0,0.125
front3,0,6,0.49996697520559574,39,3,0.0,0.0625
front3,16,1,0.41684068087732146,99,3,0.3333333333333333,0.3333333333333333
front3,15,6,0.5500547786186776,68,3,0.6666666666666666,0.13636363636363635
front3,16,2,0.508460164797672,96,3,1.0,0.05660377358490566
front3,0,10,0.3997527529155316,3,3,0.6666666666666666,0.08823529411764706
front3,0,5,0.5428267850081804,26,3,0.6666666666666666,0.1875
front3,15,1,0.436644828526443,146,3,0.6666666666666666,0.075
front3,15,2,0.5778149240042365,162,3,0.3333333333333333,0.1875
front3,16,10,0.4852659432302538,112,3,0.3333333333333333,0.13043478260869565
front3,15,1,0.5877982439218432,36,3,1.0,0.15
front3,16,11,0.4276607439663402,129,3,0.6666666666666666,0.11538461538461539
front3,16,7,0.44733418892623095,69,3,0.3333333333333333,0.05084745762711865
front3,15,10,0.3610496530722241,86,3,0.0,0.05357142857142857
front3,15,7,0.4116036256546822,115,3,0.6666666666666666,0.023622047244094488
front3,17,3,0.43696229020831634,18,3,0.0,0.3333333333333333
front3,15,11,0.5177952646672744,57,3,0.6666666666666666,0.11538461538461539
front3,15,5,0.5587243240187176,57,3,0.6666666666666666,0.11538461538461539
front3,15,7,0.3690308340861866,18,3,0.6666666666666666,0.21428571428571427
front3,15,1,0.46512975109170007,17,3,0.0,0.42857142857142855
front3,15,2,0.5510228728017728,85,3,1.0,0.10344827586206896
front3,0,5,0.5875816437885426,59,3,1.0,0.0967741935483871
front3,15,13,0.37322764169293626,31,3,1.0,0.06818181818181818
front3,15,11,0.43425220722970403,0,3,0.3333333333333333,0.14285714285714285
front3,15,6,0.5365799817116187,85,3,0.6666666666666666,0.10344827586206896
front3,0,2,0.5578072013275938,111,3,0.3333333333333333,0.06666666666666667
front3,0,7,0.4005053027394639,33,3,0.0,0.16666666666666666
front3,0,6,0.6001978523189654,44,3,0.3333333333333333,0.12
front3,15,1,0.4750825477818013,91,3,0.6666666666666666,0.16666666666666666
front3,15,10,0.39990341519128725,134,3,0.0,0.1875
front3,15,11,0.3965831370437198,126,3,0.0,0.10714285714285714
front3,0,11,0.4820494166529551,128,3,0.3333333333333333,0.018867924528301886
front3,15,10,0.34847861368677613,147,3,0.3333333333333333,0.16666666666666666
front3,15,11,0.4303944692420053,138,3,0.3333333333333333,0.0410958904109589
front3,15,10,0.3495115819665717,92,3,0.0,0.2727272727272727
front3,15,7,0.5237493287491829,21,3,0.6666666666666666,0.06
front3,15,13,0.24694860151163928,61,3,0.0,0.14285714285714285
front3,0,7,0.6046047197612928,30,3,0.6666666666666666,0.10714285714285714
front3,15,6,0.44656872467382003,73,3,0.6666666666666666,0.06976744186046512
front3,17,10,0.4934018368678383,63,3,0.6666666666666666,0.1875
front3,0,1,0.6082321404060347,51,3,0.3333333333333333,0.11538461538461539
front3,16,1,0.47061494343114324,161,3,0.3333333333333333,1.0
front3,15,6,0.4432453423859298,98,3,0.3333333333333333,0.13043478260869565
front3,15,4,0.547254856414264,140,3,0.3333333333333333,0.0379746835443038
front3,15,9,0.52259998171521,52,3,1.0,0.09090909090909091
front3,15,5,0.5303059623383818,53,3,0.3333333333333333,0.0967741935483871
front3,16,11,0.3145582879911047,90,3,0.3333333333333333,0.375
front3,15,1,0.5102257751146277,33,3,0.6666666666666666,0.17647058823529413
front3,16,13,0.39191288426235493,142,2,0.5,0.2
front3,17,6,0.555726690492938,36,2,1.0,0.2857142857142857
front3,15,2,0.578702589834933,36,2,0.0,0.1
front3,15,10,0.4097430389458574,159,2,1.0,0.0625
front3,15,2,0.4638010970771232,98,2,0.0,0.08695652173913043
front3,15,13,0.2957516355899034,98,2,0.0,0.08695652173913043
front3,17,13,0.3487783765783539,162,2,0.5,0.6666666666666666
front3,15,4,0.5463242375907719,132,2,0.5,0.010256410256410256
front3,16,2,0.5472283347352648,149,2,0.0,0.6666666666666666
front3,15,13,0.3602469616347437,149,2,0.5,0.0625
front3,15,7,0.5272382029352777,101,2,1.0,0.00819672131147541
front3,17,10,0.4261556221165188,13,2,0.5,0.2
front3,16,1,0.5207608598019552,122,2,1.0,0.18181818181818182
front3,16,2,0.5084475584806183,150,2,0.0,0.10526315789473684
front3,15,7,0.4740498545548634,0,2,1.0,0.09523809523809523
front3,17,6,0.4616747102571049,13,2,0.0,0.2
front3,15,1,0.5887658642505617,162,2,1.0,0.125
front3,16,4,0.5051106214923232,69,2,0.5,0.03389830508474576
front3,16,2,0.5572144598168243,64,2,0.0,0.0425531914893617
front3,16,11,0.49052206015537203,64,2,0.5,0.0425531914893617
front3,16,11,0.446890551161011,76,2,1.0,0.0392156862745098
front3,16,13,0.3073358617420578,38,2,0.5,0.2222222222222222
front3,16,5,0.46507186336102163,81,2,0.5,0.125
front3,16,1,0.42858260053736874,61,2,0.5,0.6666666666666666
front3,15,5,0.4881052692305025,76,2,0.0,0.07142857142857142
front3,16,13,0.2799385639573129,17,2,0.5,0.11764705882352941
front3,16,2,0.564595659383655,112,2,1.0,0.08695652173913043
front3,17,1,0.599872753422679,36,2,1.0,0.2857142857142857
front3,16,7,0.5350447198951,113,2,1.0,0.08
front3,16,4,0.5083153890129845,129,2,0.5,0.07692307692307693
front3,17,7,0.4280411289857048,92,2,1.0,0.03278688524590164
front3,15,2,0.4370765798886109,115,2,0.5,0.015748031496062992
front3,15,11,0.3959880895024337,71,2,0.0,0.0425531914893617
front3,17,4,0.5774440389088633,101,2,0.5,0.030303030303030304
front3,17,6,0.41175721863978226,28,2,0.0,0.2
front3,17,10,0.35096522484592474,28,2,0.0,0.2
front3,16,11,0.4239844929791201,136,2,0.0,0.02040816326530612
front3,17,13,0.30510548444214775,31,2,0.0,0.5
front3,15,10,0.39921626817590056,81,2,0.5,0.0425531914893617
front3,15,11,0.4073257406423421,29,2,0.5,0.08333333333333333
front3,15,4,0.5231313471294918,29,2,0.5,0.08333333333333333
front3,0,3,0.6346523722931916,22,2,1.0,0.06896551724137931
front3,15,11,0.4421280908626783,69,2,1.0,0.06666666666666667
front3,15,7,0.47260004999819416,69,2,0.0,0.06666666666666667
front3,16,10,0.32825779414039635,70,2,1.0,0.14285714285714285
front3,16,13,0.25443182922851937,70,2,0.0,0.14285714285714285
front3,16,6,0.4818680755431789,128,2,0.0,0.09090909090909091
front3,15,7,0.45717504998749986,81,2,0.5,0.0425531914893617
front3,15,11,0.44357454858185164,38,2,0.5,0.044444444444444446
front3,18,8,0.47848804198855593,53,2,0.5,0.08695652173913043
front3,0,2,0.505788532701469,39,2,0.5,0.041666666666666664
front3,15,10,0.3937013553339504,121,2,0.0,0.08695652173913043
front3,15,10,0.4792433316079867,52,2,0.0,0.06060606060606061
front3,0,5,0.4300489555794376,33,2,0.5,0.1111111111111111
front3,0,13,0.30360828181104527,158,2,0.5,0.046511627906976744
front3,0,3,0.49728000849733395,115,2,0.0,0.03508771929824561
front3,15,1,0.5166105327937919,56,2,0.5,0.08
front3,17,6,0.4695636920004144,48,2,1.0,0.06896551724137931
front3,16,11,0.42829844112977533,48,2,0.0,0.5
front3,17,1,0.5230871250219374,96,2,1.0,0.6666666666666666
front3,0,11,0.43178211971227276,158,2,0.5,0.046511627906976744
front3,0,10,0.4140516151082115,67,2,0.5,0.06666666666666667
front3,0,10,0.5287868938504547,44,2,0.5,0.08
front3,0,2,0.41810498137099694,33,2,1.0,0.1111111111111111
front3,15,13,0.274190804910833,130,2,0.0,0.16666666666666666
front3,16,5,0.5168828754205402,53,2,1.0,0.14285714285714285
front3,16,1,0.5083960408913499,156,2,0.5,0.4
front3,16,8,0.4481775967513646,53,2,0.0,0.14285714285714285
front3,16,1,0.4640199456489356,46,2,1.0,0.2857142857142857
front3,16,5,0.4305292179909964,46,2,0.5,0.2857142857142857
front3,16,10,0.4091883850825442,163,2,0.0,0.5
front3,16,13,0.28488926020513416,107,2,1.0,0.1111111111111111
front3,15,1,0.5006458170368844,48,2,0.5,1.0
front3,16,1,0.46598903077355613,48,2,0.5,0.5
front3,0,2,0.5046924670717733,35,2,0.5,0.05
front3,15,6,0.41926208573384427,130,2,0.5,0.16666666666666666
front3,17,3,0.6182682522425085,64,2,0.5,0.03508771929824561
front3,16,3,0.5944738332236877,64,2,0.5,0.0425531914893617
front3,15,10,0.3926704510849947,33,2,0.5,0.11764705882352941
front3,16,3,0.5756062582754857,101,2,1.0,0.08695652173913043
front3,15,3,0.6217126222684558,53,2,0.5,0.06451612903225806
front3,0,5,0.5037551626790953,78,2,0.0,0.047619047619047616
front3,0,11,0.5209132372305176,21,2,1.0,0.08695652173913043
front3,17,7,0.5224420760390527,157,2,1.0,0.045454545454545456
front3,0,11,0.4497021217336797,39,2,0.5,0.041666666666666664
front3,16,1,0.4812798379131211,54,2,0.5,0.6666666666666666
front3,17,6,0.40524299331276376,15,2,0.5,0.4
front3,15,12,0.3846627866882652,42,2,0.5,0.125
front3,15,12,0.515359460261224,84,2,1.0,0.2
front3,16,13,0.24116539857267177,99,2,0.0,0.2222222222222222
front3,16,5,0.3956654628738943,99,2,0.5,0.2222222222222222
front3,15,11,0.4218968072422087,37,2,0.5,0.019230769230769232
front3,15,4,0.5670550774177501,111,2,1.0,0.014388489208633094
front3,15,6,0.5192241570106452,111,2,1.0,0.014388489208633094
front3,15,6,0.46168483586444253,40,2,0.0,0.2
front3,15,11,0.4067511375075797,102,2,0.0,0.07692307692307693
front3,0,7,0.5560169295901121,21,2,0.5,0.08695652173913043
front3,17,5,0.4927491344036673,62,2,0.0,0.13333333333333333
front3,15,10,0.40288301534542725,62,2,1.0,0.09090909090909091
front3,15,11,0.3595015671531356,160,2,0.5,0.05
front3,16,4,0.5467199511373344,96,2,0.5,0.03773584905660377
front3,16,3,0.5496214156562829,96,2,0.5,0.03773584905660377
front3,15,5,0.49408526701870475,129,2,0.0,0.017543859649122806
front3,16,12,0.47194560208572733,68,2,0.0,0.6666666666666666
front3,15,11,0.38316246853360064,99,2,0.0,0.13333333333333333
front3,15,3,0.5897486484510428,11,2,0.5,0.016129032258064516
front3,16,5,0.43933649001099084,110,2,0.0,0.10526315789473684
front3,15,10,0.36316740121017754,110,2,0.5,0.0625
front3,16,11,0.3907836669527594,110,2,0.5,0.10526315789473684
front3,15,5,0.4159614651860043,110,2,0.0,0.0625
front3,17,11,0.4426696442831709,35,2,0.5,0.4
front3,18,1,0.43052827695074264,114,2,0.0,0.18181818181818182
front3,16,11,0.42279619331060786,62,2,1.0,0.6666666666666666
front3,16,1,0.5817357089179238,41,2,0.5,0.6666666666666666
front3,15,10,0.36162252248600907,34,2,0.5,0.08333333333333333
front3,15,8,0.3604806573888351,5,2,1.0,0.13333333333333333
front3,16,7,0.4652746403330245,109,2,0.0,0.07692307692307693
front3,15,10,0.3991065354895575,127,2,0.5,0.1111111111111111
front3,15,2,0.4604903899219867,34,2,0.0,0.08333333333333333
front3,15,6,0.6173020450321615,12,2,1.0,0.05263157894736842
front3,15,5,0.5664964031819536,41,2,0.5,0.10526315789473684
front3,15,7,0.500915256727765,144,2,0.5,0.00823045267489712
front3,15,11,0.423228213858949,62,2,0.0,0.09090909090909091
front3,16,10,0.45663610559881634,47,2,0.5,0.15384615384615385
front3,15,10,0.34177757531135916,55,2,0.0,0.08333333333333333
front3,16,13,0.3340419783870385,150,2,0.5,0.10526315789473684
front3,15,7,0.36972353246247014,15,2,0.5,0.18181818181818182
front3,15,4,0.4711090826220447,115,2,1.0,0.015748031496062992
front3,15,1,0.4793556474243282,158,2,0.0,0.2
front3,15,10,0.34611250237587377,40,2,0.5,0.2
front3,18,10,0.41315867675687007,105,2,0.5,0.5
front3,15,8,0.4899271578528235,82,2,0.5,0.015267175572519083
front3,0,5,0.5080061971328627,157,2,1.0,0.02857142857142857
front3,17,13,0.38044577579618666,64,2,0.5,0.03508771929824561
front3,16,13,0.3755404967615188,47,2,0.0,0.15384615384615385
front3,18,3,0.47653618791360425,114,2,0.5,0.18181818181818182
front3,15,1,0.4423440577390327,40,2,0.5,0.2
front3,15,10,0.48448489465838784,80,2,0.0,0.07692307692307693
front3,17,1,0.4143717180858221,15,2,0.5,0.4
front3,0,13,0.43384968975024324,44,2,0.5,0.08
front3,15,13,0.23761066670086367,110,2,0.0,0.0625
front3,17,6,0.5394442278041679,122,2,0.5,0.6666666666666666
front3,16,6,0.3919161439749663,158,2,0.5,0.15384615384615385
front3,16,11,0.4300469436661812,128,2,0.5,0.09090909090909091
front3,17,4,0.46409157207992624,92,2,0.5,0.03278688524590164
front3,15,12,0.3642667162947552,160,2,0.0,0.05
front3,0,6,0.5335708573455795,45,2,0.5,0.047619047619047616
front3,0,1,0.5087712556393255,78,2,0.5,0.047619047619047616
front3,15,5,0.4479896975579232,13,2,0.5,0.034482758620689655
front3,15,2,0.4820135990347575,8,2,0.5,0.04
front3,16,10,0.32310008248414834,154,2,0.5,0.2222222222222222
front3,16,13,0.2803609322225314,8,2,0.5,0.125
front3,15,5,0.4709503996981212,9,2,0.5,0.5
front3,15,3,0.6155205256982099,57,2,0.5,0.07692307692307693
front3,16,7,0.5089583830639398,144,2,0.5,0.15384615384615385
front3,17,3,0.5559016603561898,144,2,1.0,0.15384615384615385
front3,15,3,0.5655550424990362,144,2,1.0,0.00823045267489712
front3,0,6,0.5720871643943667,59,2,1.0,0.06451612903225806
front3,16,1,0.5266074053114899,145,2,0.0,0.25
front3,15,6,0.4306757524648714,160,2,0.5,0.05
front3,15,3,0.5440786465603469,145,2,0.5,0.11764705882352941
front3,0,2,0.5020760708572558,54,2,0.5,0.08
front3,0,11,0.4363764943407132,54,2,0.0,0.08
front3,15,1,0.5220751575674631,23,2,1.0,0.2857142857142857
front3,15,13,0.3443539188400864,23,2,0.5,0.2857142857142857
front3,16,7,0.39785636069303704,115,2,0.5,0.08
front3,15,6,0.37106692922196666,154,2,0.5,0.2
front3,15,2,0.38800486982376686,108,2,0.0,0.14285714285714285
front3,15,1,0.4278200686419473,139,2,0.5,0.08695652173913043
front3,16,2,0.5133124707207252,122,2,0.5,0.18181818181818182
front3,15,13,0.2736978631146629,20,2,0.5,0.06451612903225806
front3,15,7,0.46601704324676946,6,2,1.0,0.08
front3,15,10,0.3874748427620567,6,2,0.5,0.08
front3,15,13,0.28687186418388017,6,2,0.5,0.08
front3,0,10,0.36557438936538467,62,2,0.5,0.11764705882352941
front3,16,6,0.5192479740682074,122,2,0.0,0.18181818181818182
front3,17,9,0.4128653992981183,5,2,0.0,0.4
front3,15,13,0.38082953724891105,155,2,0.5,0.013986013986013986
front3,16,10,0.3896044063503388,32,2,0.0,0.5
front3,17,11,0.3990992809791162,32,2,0.5,0.2
front3,16,11,0.4168330567559615,32,2,0.5,0.5
front3,16,2,0.4720352336896833,69,2,0.5,0.03389830508474576
front3,18,13,0.28704967565658596,3,2,0.5,0.06451612903225806
front3,16,6,0.4226515987199863,3,2,0.0,0.14285714285714285
front3,15,3,0.4934670483291849,32,2,1.0,0.05714285714285714
front3,15,10,0.3649270307528365,16,2,0.0,0.14285714285714285
front3,16,1,0.33219765709998667,132,2,0.5,0.6666666666666666
front3,16,10,0.45292800548438344,155,2,0.5,0.18181818181818182
front3,15,3,0.5868714326961124,21,2,0.5,0.04
front3,15,2,0.4240321325172056,55,2,0.5,0.08333333333333333
front3,15,11,0.36709285299375893,55,2,1.0,0.08333333333333333
front3,16,6,0.45879741159951165,16,2,0.0,0.3333333333333333
front3,16,10,0.33565257496759454,92,2,0.5,0.045454545454545456
front3,15,2,0.4389442813325212,1,2,0.5,0.10526315789473684
front3,16,1,0.4625119681951531,1,2,0.0,0.2857142857142857
front3,16,5,0.4936656361840004,155,2,0.0,0.18181818181818182
front3,15,2,0.39428457596562133,18,2,0.5,0.14285714285714285
front3,15,9,0.44456909265842653,125,2,0.5,1.0
front3,15,2,0.4706337499137463,29,2,0.5,0.08333333333333333
front3,15,7,0.4247407428951761,16,2,0.5,0.14285714285714285
front3,16,1,0.4624792178484702,16,2,1.0,0.3333333333333333
front3,15,2,0.38536269278967283,24,2,0.5,0.125
front3,18,5,0.39753741456845987,3,2,1.0,0.06451612903225806
front3,0,10,0.43233617742855873,97,2,0.5,0.03389830508474576
front3,15,10,0.4941500304124779,57,2,0.5,0.07692307692307693
front3,16,11,0.4463059009658054,96,2,1.0,0.03773584905660377
front3,15,10,0.4140722011512068,104,2,0.5,0.06896551724137931
front3,15,13,0.20837358350362575,24,2,0.5,0.125
front3,15,1,0.4052190474611615,18,2,0.0,0.14285714285714285
front3,18,1,0.4995265567333264,142,2,0.5,0.6666666666666666
front3,0,7,0.4954475152337864,69,2,1.0,0.03636363636363636
front3,15,10,0.41740135111410315,119,2,0.5,0.2222222222222222
front3,15,2,0.6220692878968308,118,2,0.5,0.038461538461538464
front3,15,13,0.2931033248229573,3,2,0.5,0.046511627906976744
front3,16,10,0.3970562835213247,81,2,0.0,0.125
front3,16,10,0.4609015582650312,142,2,1.0,0.2
front3,0,6,0.553462019036448,111,2,0.0,0.044444444444444446
front3,15,6,0.5048536580200697,10,2,0.5,0.058823529411764705
front3,15,5,0.40802831534602096,147,2,0.0,0.1111111111111111
front3,16,10,0.3900659197267556,100,2,0.5,0.046511627906976744
front3,15,6,0.4969195395715289,100,2,0.0,0.16666666666666666
front3,17,8,0.5026580390076032,63,2,1.0,0.125
front3,15,11,0.40030080424767184,73,2,0.0,0.046511627906976744
front3,16,13,0.2845482032957032,73,2,0.5,0.046511627906976744
front3,16,3,0.5185324302065685,100,2,1.0,0.046511627906976744
front3,15,13,0.287160470500547,126,2,0.0,0.07142857142857142
front3,15,2,0.40925148462222455,61,2,0.0,0.09523809523809523
front3,16,5,0.33166363176285096,90,2,0.5,0.25
front3,18,3,0.4978306454413727,105,2,0.5,0.5
front3,15,10,0.42984586644751777,77,2,0.5,0.125
front3,15,5,0.5485980059389384,80,2,1.0,0.07692307692307693
front3,16,1,0.573310075176874,80,2,1.0,0.4
front3,0,5,0.5720669933238512,131,2,0.5,0.08
front3,15,5,0.4528781218560235,8,2,0.5,0.04
front3,16,4,0.46517725950164274,73,2,0.0,0.046511627906976744
front3,15,7,0.3506430050475401,90,2,0.0,0.043478260869565216
front3,16,11,0.5237943111919297,57,2,0.5,0.03125
front3,16,2,0.578229447787189,57,2,0.5,0.03125
front3,18,3,0.5807834839330456,21,2,0.5,0.05
front3,16,2,0.5514394416058156,113,2,0.5,0.08
front3,15,2,0.5641120536501085,113,2,1.0,0.08
front3,18,10,0.501743858943161,53,2,1.0,0.08695652173913043
front3,15,6,0.49898430864029353,69,2,1.0,0.06666666666666667
front3,18,5,0.5210838780656275,53,2,1.0,0.08695652173913043
front3,16,6,0.5450373742950327,53,2,0.5,0.14285714285714285
front3,16,9,0.5211356408936482,53,2,0.0,0.14285714285714285
front3,17,10,0.3655581345444006,156,2,0.5,0.6666666666666666
front3,0,11,0.5664935481455545,57,2,0.5,0.09523809523809523
front3,0,1,0.4653298087929527,139,2,0.5,0.08333333333333333
front3,15,10,0.40293908515423593,10,2,0.5,0.058823529411764705
front3,16,7,0.5281430191525607,153,2,0.5,0.06451612903225806
front3,0,10,0.4461745918308484,26,2,0.5,0.125
front3,16,7,0.45415445398247023,107,2,1.0,0.1111111111111111
front3,16,10,0.40170395561666167,107,2,0.5,0.1111111111111111
front3,15,2,0.47972217846357273,107,2,0.0,0.05
front3,15,10,0.3335929727802967,130,2,0.5,0.16666666666666666
front3,16,1,0.5184247286817811,140,2,0.5,0.5
front3,15,6,0.4983091892928188,152,2,0.5,0.05263157894736842
front3,16,6,0.4952928465982348,152,2,1.0,0.25
front3,15,5,0.451938338796409,123,2,0.5,0.11764705882352941
front3,15,13,0.29475293869904695,123,2,0.5,0.11764705882352941
front3,15,6,0.5235945713043,119,2,1.0,0.2222222222222222
front3,18,6,0.4765715548801081,152,2,0.5,0.125
front3,0,13,0.29463660173423484,115,2,0.0,0.03508771929824561
front3,0,5,0.4678703793110768,115,2,0.5,0.03508771929824561
front3,0,11,0.3976088980200397,65,2,0.5,0.08695652173913043
front3,0,7,0.4368292659019442,65,2,0.0,0.08695652173913043
front3,17,11,0.4243120414767491,0,2,0.5,0.25
front3,18,10,0.4380471321493403,152,2,1.0,0.125
front3,15,5,0.43381930454256096,105,2,0.5,0.044444444444444446
front3,0,7,0.4123325972228715,90,2,0.0,0.05555555555555555
front3,15,5,0.4776849684459859,109,2,1.0,0.14285714285714285
front3,0,3,0.572422063967277,128,2,0.5,0.012578616352201259
front3,18,10,0.4600552645231772,142,1,1.0,0.3333333333333333
front3,15,13,0.317875258690173,10,1,0.0,0.029411764705882353
front3,16,10,0.3672785016629628,147,1,0.0,1.0
front3,15,6,0.4384167277962629,147,1,0.0,0.05555555555555555
front3,15,7,0.4184529290376743,147,1,0.0,0.05555555555555555
front3,0,7,0.5453899669971556,131,1,1.0,0.04
front3,16,11,0.4199854150113345,100,1,0.0,0.023255813953488372
front3,16,5,0.41326887609797885,3,1,1.0,0.07142857142857142
front3,16,3,0.46974858988501106,73,1,0.0,0.023255813953488372
front3,16,7,0.4083993576819936,73,1,0.0,0.023255813953488372
front3,16,11,0.39104931932441034,73,1,0.0,0.023255813953488372
front3,17,6,0.543589187975632,63,1,0.0,0.0625
front3,17,5,0.521032620379946,63,1,1.0,0.0625
front3,18,6,0.45611354024031714,100,1,1.0,0.5
front3,15,13,0.2987530314645019,100,1,0.0,0.08333333333333333
front3,15,1,0.5177723374292688,100,1,0.0,0.08333333333333333
front3,0,13,0.34501631883195055,69,1,0.0,0.01818181818181818
front3,15,5,0.4401888387287539,95,1,0.0,0.1111111111111111
front3,15,8,0.34622906290728567,95,1,0.0,0.1111111111111111
front3,16,1,0.5073413531734913,152,1,1.0,0.125
front3,16,1,0.3613301257132052,90,1,1.0,0.125
front3,16,11,0.4974072741892585,149,1,0.0,0.3333333333333333
front3,17,3,0.5890045462384196,21,1,0.0,0.07142857142857142
front3,15,7,0.5361893752559672,113,1,1.0,0.04
front3,15,12,0.4462643486908756,128,1,1.0,0.003236245954692557
front3,16,10,0.3135614715589031,90,1,0.0,0.125
front3,18,2,0.4149563574683646,3,1,1.0,0.03225806451612903
front3,15,7,0.4686739936400192,138,1,1.0,0.0136986301369863
front3,17,13,0.26127283859961803,92,1,0.0,0.01639344262295082
front3,15,4,0.48021239750355477,92,1,1.0,0.09090909090909091
front3,15,10,0.3207282764448377,61,1,0.0,0.047619047619047616
front3,16,6,0.40515902350565774,61,1,0.0,0.3333333333333333
front3,15,13,0.37532421778080904,113,1,0.0,0.04
front3,17,1,0.5938123044116234,113,1,1.0,1.0
front3,17,11,0.3827458526190381,92,1,1.0,0.01639344262295082
front3,15,6,0.44598617769270904,92,1,1.0,0.09090909090909091
front3,15,2,0.45046262522104824,73,1,0.0,0.023255813953488372
front3,15,4,0.5274977654164172,38,1,1.0,0.022222222222222223
front3,15,7,0.4249921553986692,73,1,1.0,0.023255813953488372
front3,16,10,0.38371410198447176,8,1,1.0,0.0625
front3,0,11,0.5710029806753074,30,1,0.0,0.03571428571428571
front3,17,6,0.5534265575537523,80,1,0.0,1.0
front3,15,11,0.3481463244594413,61,1,0.0,0.047619047619047616
front3,15,11,0.38075792250141627,92,1,0.0,0.09090909090909091
front3,15,1,0.5595333068398859,63,1,0.0,0.5
front3,18,13,0.32588396916220924,8,1,1.0,0.3333333333333333
front3,18,6,0.45135722633810116,8,1,0.0,0.3333333333333333
front3,15,2,0.5106677296161356,109,1,1.0,0.07142857142857142
front3,16,5,0.4419050009537562,8,1,0.0,0.0625
front3,15,13,0.28014487037283176,73,1,0.0,0.023255813953488372
front3,16,2,0.4947275258693205,76,1,0.0,0.0196078431372549
front3,15,11,0.4533711279543395,140,1,1.0,0.012658227848101266
front3,15,2,0.5544295363554096,21,1,1.0,0.02
front3,15,6,0.4650079157290875,28,1,1.0,0.2
front3,15,10,0.3623226524280303,28,1,0.0,0.2
front3,0,7,0.4297697711276188,28,1,1.0,0.5
front3,16,13,0.3198401918983243,81,1,0.0,0.0625
front3,16,4,0.5203951575276167,81,1,1.0,0.0625
front3,15,13,0.29010233760099485,29,1,1.0,0.041666666666666664
front3,17,5,0.45515114776412996,98,1,0.0,0.16666666666666666
front3,15,10,0.40121880288882794,0,1,0.0,0.047619047619047616
front3,0,5,0.46208756019186303,65,1,0.0,0.043478260869565216
front3,0,10,0.37561759934738187,65,1,0.0,0.043478260869565216
front3,0,4,0.5986694954882557,111,1,0.0,0.022222222222222223
front3,17,2,0.4247246113525712,28,1,0.0,0.1
front3,15,7,0.4383681738715473,28,1,0.0,0.2
front3,15,4,0.49430305513522804,28,1,1.0,0.2
front3,15,2,0.45314273842209174,28,1,1.0,0.2
front3,15,11,0.49584299458513253,31,1,0.0,0.022727272727272728
front3,16,7,0.5136835766202633,101,1,0.0,0.043478260869565216
front3,15,7,0.44619437869703366,13,1,1.0,0.017241379310344827
front3,17,11,0.4650112273360581,157,1,1.0,0.022727272727272728
front3,17,2,0.5271511923891442,157,1,0.0,0.022727272727272728
front3,16,2,0.4621781507464853,72,1,1.0,0.5
front3,16,10,0.37303766566795615,72,1,0.0,0.5
front3,17,13,0.3203236159934182,0,1,0.0,0.125
front3,15,7,0.4928978353416936,122,1,1.0,0.006211180124223602
front3,17,1,0.5432478199778182,122,1,1.0,0.3333333333333333
front3,15,4,0.5302544454358578,161,1,1.0,0.05
front3,15,13,0.31447846379199795,161,1,0.0,0.05
front3,15,2,0.37573511354391476,90,1,0.0,0.021739130434782608
front3,15,4,0.5638658611703635,144,1,0.0,0.00411522633744856
front3,15,10,0.37504589285029155,58,1,0.0,0.07692307692307693
front3,15,13,0.2872269563219966,58,1,0.0,0.07692307692307693
front3,15,4,0.4885606403262401,98,1,1.0,0.043478260869565216
front3,17,10,0.40129678614810443,98,1,1.0,0.16666666666666666
front3,15,2,0.5543195456397206,148,1,1.0,0.02564102564102564
front3,15,13,0.3608480996253316,148,1,0.0,0.02564102564102564
front3,15,10,0.3208081593076092,18,1,0.0,0.07142857142857142
front3,16,1,0.4198739262978468,29,1,1.0,0.5
front3,16,10,0.37942152029376824,1,1,1.0,0.14285714285714285
front3,0,11,0.43541790242983064,7,1,1.0,0.038461538461538464
front3,15,2,0.5067028022916593,161,1,0.0,0.05
front3,15,11,0.42781020127738784,161,1,1.0,0.05
front3,15,7,0.4660325140187151,161,1,1.0,0.05
front3,15,10,0.3938878992423126,161,1,1.0,0.05
front3,16,6,0.5722762362596625,57,1,1.0,0.015625
front3,15,1,0.5324998592227741,116,1,0.0,0.037037037037037035
front3,15,11,0.3925012157835042,2,1,1.0,0.03225806451612903
front3,17,1,0.4125446312137412,18,1,0.0,0.1111111111111111
front3,16,10,0.4496518937055736,85,1,0.0,0.3333333333333333
front3,16,1,0.46231186293234017,17,1,0.0,0.058823529411764705
front3,16,3,0.5984827777691496,112,1,0.0,0.043478260869565216
front3,15,13,0.3452178824389866,85,1,0.0,0.034482758620689655
front3,16,13,0.37258383612920726,85,1,1.0,0.3333333333333333
front3,16,7,0.42706192271695137,17,1,1.0,0.058823529411764705
front3,17,13,0.3764693239454137,36,1,1.0,0.14285714285714285
front3,16,11,0.5031197552198584,36,1,0.0,1.0
front3,16,3,0.5213524192890868,81,1,1.0,0.0625
front3,15,13,0.31242229230315555,0,1,0.0,0.047619047619047616
front3,17,1,0.4863408596334835,0,1,1.0,0.125
front3,17,2,0.4835806228078054,136,1,0.0,0.3333333333333333
front3,16,4,0.51271305441605,136,1,1.0,0.01020408163265306
front3,16,2,0.5254349180624713,85,1,0.0,0.3333333333333333
front3,17,1,0.48882625704494015,136,1,1.0,0.3333333333333333
front3,17,6,0.4819508280658018,136,1,1.0,0.3333333333333333
front3,16,6,0.5278620617488312,155,1,1.0,0.09090909090909091
front3,16,3,0.5660821551221576,144,1,0.0,0.07692307692307693
front3,16,7,0.5224075963264119,47,1,1.0,0.07692307692307693
front3,15,7,0.35736534572514855,108,1,1.0,0.07142857142857142
front3,15,1,0.46657526540153244,2,1,1.0,0.03225806451612903
front3,15,7,0.4884869279325933,106,1,0.0,0.0078125
front3,15,5,0.3858265946868827,139,1,0.0,0.043478260869565216
front3,0,10,0.4714182927948107,88,1,0.0,0.02631578947368421
front3,0,14,0.30499821332645777,122,1,0.0,0.015151515151515152
front3,16,5,0.5357191844710795,113,1,0.0,0.04
front3,16,11,0.49429734323561847,113,1,1.0,0.04
front3,16,4,0.5940011948432486,113,1,1.0,0.04
front3,15,13,0.22222702046657883,108,1,0.0,0.07142857142857142
front3,0,5,0.4788182557666142,7,1,0.0,0.038461538461538464
front3,15,6,0.42744650237529497,139,1,1.0,0.043478260869565216
front3,15,3,0.45024703629576657,139,1,0.0,0.043478260869565216
front3,16,11,0.395968402281258,16,1,0.0,0.16666666666666666
front3,16,10,0.36329189499251174,16,1,0.0,0.16666666666666666
front3,15,8,0.30155370990894137,83,1,0.0,0.06666666666666667
front3,15,13,0.23176691112423414,83,1,0.0,0.06666666666666667
front3,15,10,0.32590213802048223,83,1,1.0,0.06666666666666667
front3,15,4,0.48400379217867356,16,1,0.0,0.07142857142857142
front3,15,5,0.37754048317247957,83,1,0.0,0.06666666666666667
front3,0,4,0.5712307190597089,88,1,1.0,0.02631578947368421
front3,16,7,0.49506563512568297,122,1,1.0,0.09090909090909091
front3,15,7,0.5293970282949088,31,1,1.0,0.022727272727272728
front3,17,10,0.365199561018127,31,1,1.0,0.25
front3,15,6,0.45964048361219906,16,1,0.0,0.07142857142857142
front3,16,2,0.468228707600942,58,1,0.0,0.25
front3,15,2,0.4762824212704582,58,1,0.0,0.07692307692307693
front3,15,11,0.4055476475842793,58,1,1.0,0.07692307692307693
front3,15,11,0.34546959877010786,83,1,0.0,0.06666666666666667
front3,15,6,0.5397875588342215,49,1,1.0,0.1111111111111111
front3,0,3,0.5665372877133179,74,1,0.0,0.010101010101010102
front3,0,8,0.41234005036537846,96,1,1.0,0.002849002849002849
front3,0,5,0.5290126278759549,74,1,1.0,0.010101010101010102
front3,0,11,0.4781659199264774,45,1,0.0,0.023809523809523808
front3,0,8,0.4668147187775854,21,1,0.0,0.043478260869565216
front3,18,10,0.46767668409904767,49,1,1.0,0.16666666666666666
front3,18,6,0.512043386134499,49,1,1.0,0.16666666666666666
front3,15,13,0.2510205813639859,160,1,0.0,0.025
front3,15,10,0.4271070594700566,60,1,0.0,1.0
front3,16,5,0.44137266170076006,62,1,0.0,0.3333333333333333
front3,15,13,0.3142531593877073,62,1,0.0,0.045454545454545456
front3,17,13,0.38324160955959646,62,1,1.0,0.06666666666666667
front3,15,14,0.296415882982241,62,1,0.0,0.045454545454545456
front3,15,6,0.4657431651299672,62,1,0.0,0.045454545454545456
front3,15,2,0.47896517121072707,62,1,1.0,0.045454545454545456
front3,16,3,0.48227776608299855,114,1,1.0,0.2
front3,15,6,0.6413476685317432,82,1,1.0,0.007633587786259542
front3,15,2,0.5005122450887183,145,1,0.0,0.058823529411764705
front3,16,5,0.5048181801946807,145,1,0.0,0.125
front3,16,13,0.24428536014140467,92,1,0.0,0.022727272727272728
front3,0,3,0.5553801904584406,133,1,1.0,0.006493506493506494
front3,15,1,0.5446578806010767,27,1,1.0,1.0
front3,16,3,0.5740821171597392,145,1,0.0,0.125
front3,17,10,0.4956831101089002,36,1,0.0,0.14285714285714285
front3,15,6,0.3941715150325566,83,1,0.0,0.06666666666666667
front3,16,10,0.30157890700883905,132,1,1.0,0.3333333333333333
front3,16,8,0.33453712141973996,83,1,0.0,1.0
front3,15,2,0.39782836161814217,83,1,0.0,0.06666666666666667
front3,16,10,0.4348040168856641,145,1,1.0,0.125
front3,15,10,0.3217203266326338,164,1,0.0,0.06666666666666667
front3,15,9,0.35938481993338367,164,1,1.0,0.06666666666666667
front3,15,3,0.4876115061071873,79,1,0.0,0.05555555555555555
front3,15,8,0.44598563253755763,155,1,1.0,0.006993006993006993
front3,15,7,0.4819587262925766,89,1,1.0,0.038461538461538464
front3,15,9,0.4027663585814192,102,1,0.0,0.038461538461538464
front3,15,10,0.3891059332107532,102,1,0.0,0.038461538461538464
front3,15,10,0.452422877184961,47,1,1.0,0.04
front3,15,4,0.5503210268533965,150,1,1.0,0.008264462809917356
front3,16,3,0.5124559261853551,89,1,0.0,0.08333333333333333
front3,15,11,0.39893240376072536,141,1,0.0,0.045454545454545456
front3,15,1,0.632929416386897,82,1,0.0,0.007633587786259542
front3,0,4,0.5312721794360836,107,1,1.0,0.023809523809523808
front3,0,5,0.49905165005691837,107,1,1.0,0.023809523809523808
front3,0,7,0.46823171281403747,107,1,0.0,0.023809523809523808
front3,15,11,0.4074569365503984,105,1,0.0,0.022222222222222223
front3,15,13,0.4426706869409898,82,1,0.0,0.007633587786259542
front3,16,10,0.3544452027525662,79,1,1.0,1.0
front3,0,13,0.4036873235894827,59,1,0.0,0.03225806451612903
front3,16,4,0.45807097901817123,92,1,0.0,0.022727272727272728
front3,17,3,0.4653312393296648,92,1,0.0,0.01639344262295082
front3,0,4,0.5339181395775918,157,1,0.0,0.014285714285714285
front3,0,5,0.5244540845792441,122,1,1.0,0.015151515151515152
front3,0,11,0.5441027238567003,14,1,1.0,0.023809523809523808
front3,0,3,0.6457581777210835,14,1,0.0,0.023809523809523808
front3,15,5,0.427076649767164,75,1,1.0,0.05555555555555555
front3,15,4,0.48012856716864505,55,1,0.0,0.041666666666666664
front3,18,5,0.39686085441556695,40,1,1.0,0.5
front3,18,13,0.24763184052760331,40,1,0.0,0.5
front3,15,13,0.2612643534420963,40,1,0.0,0.1
front3,16,10,0.4635599785701768,113,1,1.0,0.04
front3,0,6,0.4488795143163777,65,1,1.0,0.043478260869565216
front3,17,2,0.57891808247865,64,1,1.0,0.017543859649122806
front3,15,11,0.48013919019316226,47,1,0.0,0.04
front3,16,7,0.4561547971824819,129,1,1.0,0.038461538461538464
front3,16,13,0.29077973139021046,129,1,0.0,0.038461538461538464
front3,17,10,0.4260361912286996,72,1,0.0,0.1111111111111111
front3,16,14,0.31859932835896143,64,1,0.0,0.02127659574468085
front3,16,10,0.42989520636025264,128,1,0.0,0.045454545454545456
front3,15,2,0.4617504970943453,151,1,0.0,0.047619047619047616
front3,15,6,0.46595339117726065,151,1,0.0,0.047619047619047616
front3,17,6,0.4342092838442957,107,1,0.0,0.1111111111111111
front3,15,11,0.3885707549304871,146,1,0.0,0.025
front3,15,6,0.4992084547959775,37,1,1.0,0.009615384615384616
front3,15,3,0.46889311908911174,143,1,1.0,0.041666666666666664
front3,16,7,0.3999244271052475,99,1,1.0,0.1111111111111111
front3,15,9,0.4994898181102311,68,1,0.0,0.045454545454545456
front3,0,6,0.5697696982119826,21,1,1.0,0.043478260869565216
front3,0,6,0.5183957377389703,78,1,1.0,0.023809523809523808
front3,16,13,0.27922533701631663,128,1,1.0,0.045454545454545456
front3,15,6,0.5059378361405685,89,1,0.0,0.038461538461538464
front3,15,4,0.48652250385479395,79,1,1.0,0.05555555555555555
front3,15,1,0.4434652029707407,114,1,0.0,0.25
front3,16,11,0.34763850673364505,99,1,0.0,0.1111111111111111
front3,0,14,0.2913631328514036,67,1,0.0,0.03333333333333333
front3,0,11,0.4300172143466346,3,1,0.0,0.029411764705882353
front3,0,2,0.5383617751657499,26,1,1.0,0.0625
front3,15,13,0.2746926295281378,99,1,1.0,0.06666666666666667
front3,16,5,0.4608561543587924,89,1,1.0,0.08333333333333333
front3,16,6,0.4693952631306459,89,1,0.0,0.08333333333333333
front3,16,10,0.41826957249606406,89,1,0.0,0.08333333333333333
front3,15,5,0.534400933741556,47,1,1.0,0.04
front3,15,6,0.5578783040134317,47,1,1.0,0.04
front3,17,2,0.5286201384974639,62,1,1.0,0.06666666666666667
front3,17,4,0.5453141220381935,62,1,1.0,0.06666666666666667
front3,17,7,0.5403043935795101,62,1,1.0,0.06666666666666667
front3,17,10,0.3978837004977665,48,1,1.0,0.034482758620689655
front3,15,13,0.282897603690439,163,1,0.0,0.03333333333333333
front3,16,1,0.4677422129342948,163,1,1.0,0.25
front3,16,11,0.40415862649650486,163,1,0.0,0.25
front3,15,7,0.4461324403833602,163,1,1.0,0.03333333333333333
front3,16,13,0.38180252933072595,155,1,0.0,0.09090909090909091
front3,15,5,0.45597228899138537,107,1,1.0,0.025
front3,16,11,0.3938985677432846,46,1,0.0,0.14285714285714285
front3,15,3,0.44311548596823075,4,1,0.0,0.045454545454545456
front3,15,13,0.23910342588689043,4,1,1.0,0.045454545454545456
front3,17,1,0.4039739388424496,130,1,1.0,1.0
front3,15,14,0.21733543031105035,4,1,0.0,0.045454545454545456
front3,16,8,0.4331793202089181,101,1,1.0,0.043478260869565216
front3,16,4,0.574490825150795,101,1,1.0,0.043478260869565216
front3,15,2,0.5022951031063861,33,1,0.0,0.058823529411764705
front3,16,8,0.39212213651311656,156,1,0.0,0.2
front3,16,13,0.21735645260770062,143,1,0.0,1.0
front3,15,13,0.36261953956420245,68,1,0.0,0.045454545454545456
front3,15,3,0.495090896832226,99,1,1.0,0.06666666666666667
front3,15,5,0.4382460010136127,99,1,0.0,0.06666666666666667
front3,15,11,0.35185581857441317,143,1,1.0,0.041666666666666664
front3,15,14,0.3332761460522493,11,1,1.0,0.008064516129032258
front3,18,2,0.5783897928622739,11,1,1.0,0.5
front3,18,1,0.5837579191386871,11,1,1.0,0.5
front3,17,11,0.40446824847867746,107,1,1.0,0.1111111111111111
front3,15,10,0.36588180484073807,103,1,1.0,0.07142857142857142
front3,15,4,0.49872834339743743,103,1,0.0,0.07142857142857142
front3,15,6,0.46137794519371883,103,1,1.0,0.07142857142857142
front3,15,5,0.4362905712237802,102,1,0.0,0.038461538461538464
front3,15,3,0.49833613344404004,102,1,0.0,0.038461538461538464
front3,16,9,0.5028451738919907,155,1,1.0,0.09090909090909091
front3,16,1,0.5292039835117429,68,1,1.0,0.3333333333333333
front3,0,13,0.330225755024943,35,1,1.0,0.025
front3,16,11,0.35776578079095456,158,1,0.0,0.07692307692307693
front3,16,5,0.5204468048939302,111,1,1.0,0.14285714285714285
front3,0,5,0.4596208613490694,139,1,0.0,0.041666666666666664
front3,15,13,0.32541424786053125,54,1,1.0,0.034482758620689655
front3,16,2,0.5378014505811225,111,1,0.0,0.14285714285714285
front3,0,11,0.3875195253392232,94,1,0.0,0.034482758620689655
front3,0,3,0.47799221857949886,94,1,0.0,0.034482758620689655
front3,16,1,0.5777394531697588,53,1,1.0,0.07142857142857142
front3,15,13,0.4210524480784594,53,1,1.0,0.03225806451612903
front3,17,1,0.5021159071795448,140,1,1.0,1.0
front3,15,5,0.5172070221376848,50,1,0.0,0.02564102564102564
front3,17,8,0.4407801633436048,50,1,0.0,0.07692307692307693
front3,15,8,0.42131304439457495,50,1,0.0,0.02564102564102564
front3,17,1,0.5353620088486107,50,1,1.0,0.07692307692307693
front3,17,10,0.4532497685942291,50,1,0.0,0.07692307692307693
front3,15,7,0.46610525564611066,33,1,1.0,0.058823529411764705
front3,17,3,0.6538778659499662,69,1,1.0,0.5
front3,17,1,0.622299862607994,69,1,0.0,0.5
front3,15,3,0.6017401667520637,64,1,0.0,0.00425531914893617
front3,15,4,0.5342682619518931,69,1,1.0,0.03333333333333333
front3,15,3,0.5106235851709664,121,1,0.0,0.043478260869565216
front3,17,13,0.39987613232372893,84,1,1.0,0.125
front3,17,12,0.5168216142975083,84,1,1.0,0.125
front3,17,5,0.42825483232834993,107,1,0.0,0.1111111111111111
front3,16,2,0.4882391351243335,128,1,1.0,0.045454545454545456
front3,16,6,0.43937709695587135,46,1,0.0,0.14285714285714285
front3,16,13,0.2809871724866893,46,1,0.0,0.14285714285714285
front3,15,3,0.5421984067830048,128,1,1.0,0.003236245954692557
front3,0,8,0.3541931602009136,139,1,1.0,0.041666666666666664
front3,0,9,0.4055067853074042,139,1,0.0,0.041666666666666664
front3,15,4,0.5689596741491055,33,1,0.0,0.058823529411764705
front3,0,7,0.48696549467973077,39,1,0.0,0.020833333333333332
front3,0,1,0.5565304222281358,56,1,0.0,0.037037037037037035
front3,16,10,0.42446765511453977,96,1,0.0,0.018867924528301886
front3,0,5,0.5153528365633078,39,1,1.0,0.020833333333333332
front3,0,4,0.5425273644214793,39,1,0.0,0.020833333333333332
front3,0,3,0.5657711605866551,129,1,1.0,0.007518796992481203
front3,16,10,0.3915180393330388,54,1,0.0,0.3333333333333333
front3,15,10,0.41810090005411493,54,1,1.0,0.034482758620689655
front3,15,5,0.5147870860660912,52,1,0.0,0.030303030303030304
front3,16,3,0.45585021531818415,130,1,0.0,0.1
front3,15,3,0.4603105573998285,130,1,1.0,0.08333333333333333
front3,15,6,0.4897346630982297,121,1,1.0,0.043478260869565216
front3,17,1,0.4634835106508797,121,1,0.0,1.0
front3,16,14,0.3246310576034188,21,1,0.0,0.0031645569620253164
front3,16,12,0.4815853544702525,21,1,1.0,0.0031645569620253164
front3,0,10,0.4212582064315722,39,1,1.0,0.020833333333333332
front3,16,8,0.4119297650560182,50,1,0.0,0.0625
front3,0,7,0.45554997096507327,158,1,1.0,0.023255813953488372
front3,15,6,0.5615484795092177,84,1,1.0,0.1
front3,0,13,0.2534800249150439,33,1,0.0,0.05555555555555555
front3,0,10,0.351758557396452,33,1,0.0,0.05555555555555555
front3,17,6,0.5546237055974352,84,1,1.0,0.125
front3,15,10,0.48688924190090416,84,1,1.0,0.1
front3,15,4,0.4442357509023201,130,1,1.0,0.08333333333333333
front3,17,1,0.42357001224622076,156,1,0.0,0.3333333333333333
front3,15,5,0.42626068544894635,156,1,0.0,0.0196078431372549
front3,16,10,0.40687341625520623,156,1,1.0,0.2
front3,16,9,0.41995289336607866,156,1,1.0,0.2
front3,15,3,0.5063895432048247,156,1,0.0,0.0196078431372549
front3,17,3,0.5733377423141666,50,1,0.0,0.07692307692307693
front3,17,5,0.5024498764743509,50,1,0.0,0.07692307692307693
front3,16,3,0.5668297661195634,50,1,1.0,0.0625
front3,16,5,0.4554347011736184,129,1,0.0,0.038461538461538464
front3,16,6,0.5604485165570069,80,1,0.0,0.2
front3,15,6,0.5716768428467751,80,1,0.0,0.038461538461538464
front3,15,13,0.2841689277432812,158,1,0.0,0.1
front3,15,10,0.375532028766408,158,1,0.0,0.1
front3,15,11,0.40465186674389064,158,1,0.0,0.1
front3,15,2,0.4688810476817341,158,1,0.0,0.1
front3,16,10,0.34076384999413983,115,1,0.0,0.04
front3,16,12,0.3698090265820054,15,1,0.0,1.0
front3,15,2,0.45933826748060647,156,1,0.0,0.0196078431372549
front3,16,3,0.5916111659401257,153,1,0.0,0.03225806451612903
front3,17,5,0.5843045136590679,153,1,0.0,0.14285714285714285
front3,17,10,0.5167729049191032,153,1,1.0,0.14285714285714285
front3,17,12,0.3508112723986993,15,1,0.0,0.2
front3,16,5,0.48712523947529257,96,1,1.0,0.018867924528301886
front3,15,2,0.40769763959956073,87,1,0.0,0.0625
front3,15,14,0.3760138678886321,84,1,0.0,0.1
front3,15,5,0.45515195048054896,121,1,1.0,0.043478260869565216
front3,16,1,0.4500294660317238,42,1,1.0,1.0
front3,15,11,0.5417347036741439,12,1,1.0,0.02631578947368421
front3,16,1,0.6026930445419226,12,1,0.0,1.0
front3,15,1,0.46168510293010734,42,1,1.0,0.0625
front3,16,3,0.6179659370340989,41,1,1.0,0.3333333333333333
front3,15,6,0.39910546630460675,15,1,0.0,0.09090909090909091
front3,15,2,0.5232548066638901,54,1,1.0,0.034482758620689655
front3,17,14,0.3604277695464539,64,1,1.0,0.017543859649122806
front3,17,3,0.5472837499072707,96,1,1.0,0.3333333333333333
front3,17,5,0.47717980625317086,72,1,0.0,0.1111111111111111
front3,16,8,0.4250623344218325,21,1,0.0,0.0031645569620253164
front3,17,5,0.5585550233421909,64,1,0.0,0.017543859649122806
front3,16,11,0.4155454945004764,69,1,1.0,0.01694915254237288
front3,15,11,0.4178666235492436,121,1,0.0,0.043478260869565216
front3,16,4,0.43974452750866094,70,1,1.0,0.07142857142857142
front3,16,13,0.2984392754370585,122,1,1.0,0.09090909090909091
front3,16,2,0.40450883327379766,70,1,0.0,0.07142857142857142
front3,17,6,0.46611206557204665,35,1,0.0,0.2
front3,16,6,0.512093331122446,35,1,0.0,1.0
front3,16,2,0.4226624124666965,115,1,1.0,0.04
front3,15,12,0.41695693559614755,78,1,1.0,0.5
front3,15,10,0.3829385155821862,78,1,0.0,0.5
front3,16,13,0.3169238189661694,109,1,0.0,0.038461538461538464
front3,15,6,0.5858399498721608,41,1,1.0,0.05263157894736842
front3,15,10,0.5015555564039031,41,1,1.0,0.05263157894736842
front3,16,3,0.6285450685264532,20,1,1.0,0.3333333333333333
front3,15,7,0.4921862952760269,20,1,1.0,0.03225806451612903
front3,18,1,0.4707505346385174,8,1,0.0,0.3333333333333333
front3,17,2,0.48066556315070513,35,1,1.0,0.2
front3,15,7,0.5062464569300377,35,1,0.0,0.05555555555555555
front3,17,13,0.2919521621052833,5,1,1.0,0.2
front3,15,3,0.4968494996994501,34,1,0.0,0.041666666666666664
front3,18,10,0.36013370754806867,5,1,0.0,1.0
front3,17,1,0.4442978861340647,5,1,0.0,0.2
front3,16,12,0.013593929338804617,127,1,0.0,1.0
front3,17,13,0.30340451052241885,34,1,0.0,0.0625
front3,17,12,0.3982753056489718,5,1,0.0,0.2
front3,15,10,0.4162468697594702,109,1,0.0,0.07142857142857142
front3,15,7,0.3526562677864337,154,1,0.0,0.1
front3,15,7,0.40842328242896525,110,1,0.0,0.03125
front3,16,13,0.24405678850691312,110,1,0.0,0.05263157894736842
front3,15,5,0.4446255263485536,71,1,1.0,0.02127659574468085
front3,15,13,0.43276992063526076,137,1,1.0,0.030303030303030304
front3,0,3,0.5404483068512086,67,1,1.0,0.03333333333333333
front3,16,4,0.5858567562303726,153,1,0.0,0.03225806451612903
front3,17,3,0.5421698288683137,34,1,0.0,0.0625
front3,16,7,0.36021861114612447,154,1,1.0,0.1111111111111111
front3,16,6,0.3592126724829383,154,1,0.0,0.1111111111111111
front3,15,4,0.5411129770312673,128,1,0.0,0.003236245954692557
front3,15,5,0.3842293045303781,87,1,1.0,0.0625
front3,15,13,0.22997268597751505,87,1,0.0,0.0625
front3,17,6,0.49983374572013994,8,1,1.0,1.0
front3,15,11,0.33408199399727734,87,1,0.0,0.0625
front3,16,1,0.5777417028166651,20,1,1.0,0.3333333333333333
front3,0,12,0.4332352819354067,70,1,1.0,0.003952569169960474
front3,0,2,0.6093883321678922,135,1,1.0,0.05263157894736842
front3,15,6,0.4962163475132898,9,1,0.0,0.25
front3,15,6,0.528576216951644,23,1,0.0,0.14285714285714285
front3,17,6,0.5075955899221418,34,1,1.0,0.0625
front3,16,8,0.3169119908929835,115,1,0.0,0.04
front3,16,2,0.4340436653419584,3,1,1.0,0.07142857142857142
front3,16,10,0.35245553893481013,3,1,0.0,0.07142857142857142
front3,16,1,0.4079429107990757,87,1,0.0,0.5
front3,15,14,0.26795270347304095,6,1,0.0,0.04
front3,17,1,0.724851603810132,6,1,1.0,1.0
front3,15,6,0.48362297741699106,42,1,0.0,0.0625
front3,0,6,0.45134638311415265,62,1,1.0,0.058823529411764705
front3,0,4,0.5339397858153717,54,1,1.0,0.04
front3,15,4,0.5605825890570099,23,1,1.0,0.14285714285714285
front3,15,5,0.5000600540442401,23,1,0.0,0.14285714285714285
front3,15,2,0.5274262895425993,35,1,1.0,0.05555555555555555
front3,16,11,0.49762442780938054,80,1,1.0,0.2
front3,15,7,0.54984093108182,80,1,1.0,0.038461538461538464
front3,15,11,0.5536058243393795,118,1,1.0,0.019230769230769232
front3,15,9,0.5410207066748787,137,1,0.0,0.030303030303030304
front3,16,10,0.4055200834261029,129,1,1.0,0.038461538461538464
front3,17,1,0.4843870458039946,35,1,0.0,0.2
front3,16,2,0.39727240557040144,87,1,0.0,0.5
front3,18,6,0.401514634687474,3,1,0.0,0.03225806451612903
front3,16,11,0.3817758031372774,3,1,0.0,0.07142857142857142
front3,15,11,0.4076750763173586,3,1,0.0,0.023255813953488372
front3,16,2,0.5309455849102742,144,1,0.0,0.07692307692307693
front3,15,8,0.3204557019285183,115,1,0.0,0.007874015748031496
front3,15,13,0.31392495670500475,69,1,1.0,0.03333333333333333
front3,18,10,0.3618370424031211,3,1,1.0,0.03225806451612903
front3,0,11,0.5411876703118329,22,1,0.0,0.034482758620689655
front3,16,5,0.537528023995143,112,1,1.0,0.043478260869565216
front3,15,6,0.5751201083256736,57,1,0.0,0.038461538461538464
front3,17,3,0.510572602041256,32,1,1.0,0.1
front3,18,3,0.5742760339039881,155,1,1.0,0.25
front3,15,5,0.5069386286203867,155,1,0.0,0.006993006993006993
front3,16,11,0.4595831164538897,144,1,1.0,0.07692307692307693
front3,17,1,0.4642149099717684,32,1,0.0,0.1
front3,15,9,0.4969368047773014,155,1,1.0,0.006993006993006993
front3,17,10,0.41968094439688164,34,1,1.0,0.0625
front3,15,4,0.6320013240191544,12,1,1.0,0.02631578947368421
front3,15,7,0.35921341937152285,24,1,0.0,0.0625
front3,15,5,0.48465969365048417,104,1,1.0,0.034482758620689655
front3,15,13,0.32414342956987824,104,1,1.0,0.034482758620689655
front3,15,11,0.43563619643916457,104,1,1.0,0.034482758620689655
front3,16,1,0.40643970401679946,24,1,0.0,0.5
front3,15,10,0.29318911057958896,24,1,0.0,0.0625
front3,15,6,0.5211430976656501,20,1,1.0,0.03225806451612903
front3,16,13,0.3276810013448409,20,1,0.0,0.3333333333333333
front3,15,13,0.41727046634333353,12,1,1.0,0.02631578947368421
front3,15,5,0.434675523418776,42,1,0.0,0.0625
front3,15,1,0.4894760708200037,9,1,0.0,0.25
front3,0,3,0.5309237234594526,72,1,1.0,0.006329113924050633
front3,16,13,0.17065642103562847,24,1,0.0,0.5
front3,16,13,0.27447605606174613,3,1,0.0,0.07142857142857142
front3,16,6,0.469278624739173,129,1,0.0,0.038461538461538464
front3,15,10,0.3682243535161747,71,1,1.0,0.02127659574468085
front3,15,5,0.3521503993165103,90,1,1.0,0.021739130434782608
front3,15,2,0.505072140566969,69,1,1.0,0.03333333333333333
front3,16,6,0.4745816564056694,81,1,1.0,0.0625
front3,15,7,0.4674291997850768,38,1,0.0,0.022222222222222223
front3,15,10,0.47471858917295545,63,1,1.0,0.5
front3,15,7,0.48492759053357265,132,1,1.0,0.005128205128205128
front3,15,4,0.40435958615620093,90,1,0.0,0.021739130434782608
front3,16,5,0.46820871901467953,128,1,0.0,0.045454545454545456
front3,16,6,0.3497514441046402,90,1,1.0,0.125
front3,17,8,0.3568777596379628,92,1,0.0,0.01639344262295082
front3,15,5,0.4247711922424136,92,1,0.0,0.09090909090909091
front3,16,3,0.45254643678119494,115,1,0.0,0.04
front3,16,2,0.4793239747819332,71,1,1.0,0.5
front3,16,6,0.46679744935075945,71,1,0.0,0.5
front3,16,7,0.5349577852151869,112,1,1.0,0.043478260869565216
front3,16,6,0.5507903774151099,112,1,1.0,0.043478260869565216
front3,0,3,0.615706535453163,43,1,1.0,0.01282051282051282
front3,15,5,0.4774188703986983,69,1,0.0,0.03333333333333333
front3,15,6,0.47182243601612445,81,1,1.0,0.02127659574468085
front3,16,5,0.48881055840225224,140,1,0.0,0.25
front3,15,6,0.48357664826002333,38,1,1.0,0.022222222222222223
front3,15,14,0.31262458899223716,96,1,0.0,0.0017331022530329288
front3,0,7,0.49080320818702855,74,1,0.0,0.010101010101010102
front3,0,3,0.5934246738675952,19,1,0.0,0.007633587786259542
front3,0,6,0.5247469068220773,128,1,0.0,0.006289308176100629
front3,0,5,0.4436499366361035,90,1,1.0,0.027777777777777776
front3,16,5,0.46208919073563925,38,1,1.0,0.1111111111111111
front3,18,2,0.4699394930070693,100,1,0.0,0.5
front3,16,6,0.5440452059049625,148,1,0.0,0.03125
front3,15,4,0.6135719262605119,112,1,1.0,0.011764705882352941
front3,16,3,0.4819994991687901,95,1,1.0,0.09090909090909091
front3,15,3,0.5096785253839281,95,1,1.0,0.1111111111111111
front3,16,11,0.49327284585398534,153,1,0.0,0.03225806451612903
front3,15,2,0.5307892408367753,25,1,1.0,0.03571428571428571
front3,15,3,0.5463614251704323,152,1,0.0,0.02631578947368421
front3,15,13,0.30130125810232067,117,1,0.0,0.043478260869565216
front3,15,13,0.32931403555147715,119,1,1.0,0.1111111111111111
front3,16,1,0.6071289432753093,118,1,1.0,0.25
front3,16,4,0.5411089540129842,140,1,0.0,0.25
front3,15,14,0.27892572383974124,123,1,1.0,0.058823529411764705
front3,16,13,0.34502991400933275,152,1,0.0,0.125
front3,16,8,0.38620332520458756,152,1,1.0,0.125
front3,15,14,0.3025600613602665,152,1,0.0,0.02631578947368421
front3,15,12,0.41217751171414013,105,1,1.0,0.022222222222222223
front3,15,5,0.4686669088349239,152,1,0.0,0.02631578947368421
front3,15,12,0.4392889267131691,152,1,0.0,0.02631578947368421
front3,15,5,0.4570524217142976,134,1,1.0,0.0625
front3,15,13,0.31792209733361587,91,1,0.0,0.05555555555555555
front3,17,1,0.4570033320714979,91,1,0.0,1.0
front3,15,3,0.6133715405874354,149,1,0.0,0.03125
front3,16,1,0.49868438564917866,77,1,1.0,1.0
front3,16,5,0.5448989193168428,80,1,0.0,0.2
front3,16,6,0.5939439192933424,118,1,1.0,0.25
front3,16,10,0.41695931765708755,109,1,1.0,0.038461538461538464
front3,15,4,0.5262274214627366,138,1,0.0,0.0136986301369863
front3,16,7,0.49145481916775063,96,1,1.0,0.018867924528301886
front3,17,2,0.4972725433333303,72,1,1.0,0.1111111111111111
front3,17,13,0.2902193231014192,72,1,0.0,0.1111111111111111
front3,16,1,0.41014397577174766,70,1,0.0,0.07142857142857142
front3,16,7,0.47749318786678413,128,1,1.0,0.045454545454545456
front3,15,3,0.5144005547428481,134,1,0.0,0.0625
front3,15,11,0.41190505143981776,134,1,0.0,0.0625
front3,0,2,0.46297120522552765,28,1,0.0,0.5
front3,0,1,0.5971515114519622,112,1,1.0,1.0
front3,16,11,0.36179739811803174,29,1,0.0,0.5
front3,17,6,0.5311661705295526,162,1,1.0,0.3333333333333333
front3,15,3,0.5601414559698668,120,1,0.0,1.0
front3,18,3,0.6071129311882685,120,1,1.0,1.0
front3,15,5,0.5447500119074135,31,1,0.0,0.022727272727272728
front3,17,1,0.444540117850625,31,1,1.0,0.25
front3,18,5,0.5215195835927634,21,1,0.0,0.025
front3,15,10,0.4807441950278924,36,1,0.0,0.05
front3,17,4,0.5976949659271483,36,1,1.0,0.14285714285714285
front3,15,4,0.5560901385428965,159,1,0.0,0.03125
front3,15,6,0.541206737922928,162,1,1.0,0.0625
front3,15,6,0.5725744993794002,149,1,0.0,0.03125
front3,15,11,0.5030415707093153,149,1,1.0,0.03125
front3,15,11,0.4798705990751295,162,1,0.0,0.0625
front3,16,13,0.39125896417656464,118,1,0.0,0.25
front3,15,3,0.5276311308577221,93,1,0.0,0.043478260869565216
front3,15,10,0.46440981457225466,142,1,0.0,0.16666666666666666
front3,16,6,0.5126597160962185,142,1,1.0,0.1
front3,15,6,0.5393669077210509,142,1,0.0,0.16666666666666666
front3,15,2,0.4608687866457809,126,1,1.0,0.03571428571428571
front3,16,2,0.43111236988755886,123,1,0.0,1.0
front3,15,7,0.4284823597306408,98,1,0.0,0.043478260869565216
front3,15,3,0.6538294683294057,118,1,1.0,0.019230769230769232
front3,17,1,0.5202664453670126,126,1,0.0,0.5
front3,15,5,0.4421986304891961,126,1,1.0,0.03571428571428571
front3,16,11,0.5368479098800881,118,1,0.0,0.25
front3,15,5,0.5987599842003017,118,1,0.0,0.019230769230769232
front3,17,2,0.5104649039143369,126,1,0.0,0.5
front3,16,2,0.5378366916679862,142,1,1.0,0.1
front3,16,2,0.45591217646244475,126,1,1.0,0.25
