phase,A1_actionId,C_actionId,EV,A1_playerId,A1_spinId,C_spinId,count,train_winrate,usage_rate
late,2,2,0.5146389164892802,136,1,1,152,0.47368421052631576,0.5914396887159533
late,1,1,0.5663485310162408,96,1,1,126,0.6428571428571429,0.3795180722891566
late,1,1,0.5701862067712675,128,1,1,111,0.5945945945945946,0.5388349514563107
late,1,1,0.5611917918894724,136,1,1,106,0.5094339622641509,0.3241590214067278
late,1,2,0.5467823772507605,136,1,1,82,0.573170731707317,0.25076452599388377
late,1,1,0.5854165982413947,101,1,1,61,0.6885245901639344,0.5350877192982456
late,12,12,0.5145549874308667,155,2,2,61,0.39344262295081966,0.43884892086330934
late,2,2,0.5014748299669877,70,1,1,50,0.5,0.6666666666666666
late,2,2,0.5402969919972147,96,1,1,50,0.46,0.4424778761061947
late,1,13,0.24415560458160246,96,1,3,48,0.2708333333333333,0.14457831325301204
late,11,1,0.5432954392345002,96,2,1,47,0.5106382978723404,0.46078431372549017
late,1,1,0.5747716381154137,129,1,1,44,0.5227272727272727,0.5
late,12,12,0.4714506398248674,56,2,2,44,0.4090909090909091,0.7719298245614035
late,1,1,0.6214660739519844,64,1,1,43,0.627906976744186,0.34959349593495936
late,2,1,0.5323782075166752,136,1,1,43,0.5581395348837209,0.16731517509727625
late,1,1,0.601510034614373,111,1,1,42,0.5238095238095238,0.5915492957746479
late,10,10,0.6079405190199739,82,2,2,41,0.7560975609756098,0.3360655737704918
late,10,1,0.5440033106120602,136,2,1,40,0.525,0.22598870056497175
late,6,6,0.56547559900727,21,1,1,39,0.4358974358974359,0.38235294117647056
late,10,2,0.5256223664629374,136,2,1,39,0.41025641025641024,0.22033898305084745
late,10,12,0.5390070106234435,155,2,2,38,0.47368421052631576,0.4634146341463415
late,1,1,0.5875600206310677,132,1,1,38,0.631578947368421,0.42696629213483145
late,1,2,0.5543741338293319,96,1,1,38,0.34210526315789475,0.1144578313253012
late,1,5,0.5229446069076324,136,1,1,37,0.4864864864864865,0.11314984709480122
late,4,6,0.5159962811269154,96,1,1,37,0.4864864864864865,0.24666666666666667
late,1,1,0.5488053038197744,157,1,1,37,0.35135135135135137,0.6065573770491803
late,4,13,0.2287278112922045,96,1,3,37,0.2702702702702703,0.24666666666666667
late,11,1,0.5579442266965962,128,3,1,36,0.5277777777777778,0.6
late,13,13,0.2737426788697895,153,3,3,34,0.17647058823529413,0.4927536231884058
late,13,2,0.4943905697487389,136,3,1,34,0.5,0.40476190476190477
late,11,1,0.5609426207236523,111,2,1,34,0.6176470588235294,0.5483870967741935
late,1,1,0.5266792397575534,70,1,1,33,0.6060606060606061,0.32038834951456313
late,1,1,0.49014376863997805,115,1,1,32,0.4375,0.3950617283950617
late,10,3,0.65900267849129,82,2,3,32,0.8125,0.26229508196721313
late,10,13,0.24255791725867226,136,2,3,32,0.3125,0.1807909604519774
late,6,6,0.5603508931766262,64,1,1,31,0.6129032258064516,0.4305555555555556
late,2,1,0.5532528477275159,96,1,1,31,0.7096774193548387,0.2743362831858407
late,1,1,0.5724178881510359,122,1,1,31,0.8387096774193549,0.37349397590361444
late,1,1,0.5938431670302567,144,1,1,30,0.4,0.35294117647058826
late,10,2,0.517236585310725,96,2,1,29,0.5517241379310345,0.24166666666666667
late,13,13,0.1780902454935784,72,3,3,29,0.034482758620689655,0.46774193548387094
late,1,3,0.5910275784175573,96,1,3,29,0.7586206896551724,0.08734939759036145
late,5,5,0.518404720676433,136,1,1,28,0.6428571428571429,0.3218390804597701
late,1,1,0.5173937552873532,72,1,1,28,0.5714285714285714,0.28865979381443296
late,1,13,0.24078220122710203,128,1,3,28,0.17857142857142858,0.13592233009708737
late,1,13,0.24346721952195743,136,1,3,27,0.25925925925925924,0.08256880733944955
late,1,1,0.6337181204801877,153,1,1,27,0.7037037037037037,0.39705882352941174
late,10,1,0.5347896000879172,96,2,1,27,0.7407407407407407,0.225
late,5,5,0.5440506604217621,144,1,1,27,0.4444444444444444,0.6428571428571429
late,13,13,0.217931490368928,136,3,3,27,0.07407407407407407,0.32142857142857145
late,11,1,0.6036445958148572,21,2,1,27,0.6666666666666666,0.5294117647058824
late,1,1,0.5095569720271109,3,1,1,27,0.5925925925925926,0.4576271186440678
late,13,2,0.4864501513826813,96,3,1,26,0.34615384615384615,0.3023255813953488
late,10,12,0.6254522656231324,82,2,2,25,0.68,0.20491803278688525
late,1,1,0.5603073494443171,140,1,1,25,0.72,0.5
late,6,2,0.5212003062400774,96,1,1,25,0.4,0.32894736842105265
late,12,12,0.5208298171576863,66,2,2,25,0.52,0.6097560975609756
late,2,2,0.5210866314860819,69,1,1,25,0.44,0.7142857142857143
late,6,6,0.6072120668697827,64,3,3,24,0.5833333333333334,0.5853658536585366
late,11,1,0.5433498913062914,128,2,1,24,0.6666666666666666,0.5106382978723404
late,1,6,0.5271532294901109,128,1,1,23,0.4782608695652174,0.11165048543689321
late,6,13,0.30121029171984315,21,1,1,23,0.34782608695652173,0.22549019607843138
late,11,1,0.5168729061156058,70,2,1,23,0.7391304347826086,0.40350877192982454
late,6,6,0.5147781564061382,150,1,1,23,0.6521739130434783,0.696969696969697
late,12,12,0.5327331522145831,49,2,2,23,0.5217391304347826,0.4423076923076923
late,10,13,0.28470484282734215,136,2,1,23,0.43478260869565216,0.12994350282485875
late,5,1,0.5580786787468102,136,1,1,23,0.34782608695652173,0.26436781609195403
late,12,12,0.5312456349798723,11,2,2,23,0.391304347826087,0.39655172413793105
late,1,2,0.5618700724196473,129,1,1,22,0.4090909090909091,0.25
late,12,12,0.5974865526947609,82,2,2,22,0.6818181818181818,0.24444444444444444
late,11,1,0.5140297357521485,72,2,1,22,0.45454545454545453,0.4489795918367347
late,2,2,0.5573440346170132,148,1,1,22,0.9090909090909091,0.88
late,6,3,0.6077703642261126,21,1,1,22,0.5,0.21568627450980393
late,13,13,0.26238230953733477,136,1,1,22,0.36363636363636365,0.41509433962264153
late,13,13,0.20787685131613337,96,3,3,22,0.22727272727272727,0.2558139534883721
late,11,1,0.5583405028159717,129,2,1,22,0.6818181818181818,0.3188405797101449
late,4,5,0.5015739621147921,96,1,1,22,0.2727272727272727,0.14666666666666667
late,1,2,0.5158596926851938,70,1,1,22,0.5454545454545454,0.21359223300970873
late,6,6,0.5261114038017435,128,1,1,21,0.5714285714285714,0.3181818181818182
late,2,13,0.2543576405221159,136,1,1,21,0.09523809523809523,0.08171206225680934
late,1,1,0.5036331431959951,73,1,1,21,0.5714285714285714,0.5384615384615384
late,6,2,0.5187009694042284,133,3,1,21,0.42857142857142855,0.42857142857142855
late,13,13,0.2109241169779835,128,3,3,21,0.2857142857142857,0.3230769230769231
late,10,13,0.23957960125226396,128,2,3,21,0.3333333333333333,0.2625
late,1,6,0.48017215049339235,72,1,1,21,0.6666666666666666,0.21649484536082475
late,1,1,0.6592944447470721,57,1,1,21,0.7619047619047619,0.29577464788732394
late,13,2,0.4995047410513512,136,1,1,21,0.5714285714285714,0.39622641509433965
late,6,6,0.47821124232962625,72,1,1,20,0.25,0.4166666666666667
late,11,1,0.6170645048486829,64,2,1,20,0.6,0.6060606060606061
late,4,2,0.531763462506578,96,1,1,20,0.45,0.13333333333333333
late,6,1,0.5517335506117782,128,1,1,20,0.45,0.30303030303030304
late,10,1,0.5427566459206481,128,2,1,20,0.4,0.25
late,1,3,0.6394542224945255,64,1,3,20,0.8,0.16260162601626016
late,6,13,0.2276846207651554,96,1,3,19,0.15789473684210525,0.25
late,2,2,0.5042075087954537,133,1,1,19,0.42105263157894735,0.5277777777777778
late,6,6,0.5425810428969723,144,1,1,19,0.5263157894736842,0.37254901960784315
late,1,5,0.5271271935414581,96,1,1,19,0.3684210526315789,0.0572289156626506
late,1,6,0.5586453684857284,21,1,1,19,0.3684210526315789,0.1919191919191919
late,1,2,0.5592002537331733,122,1,1,19,0.47368421052631576,0.2289156626506024
late,13,2,0.48129805210047655,133,3,1,18,0.2777777777777778,0.6428571428571429
late,5,5,0.43920255200358244,115,1,1,18,0.4444444444444444,0.4864864864864865
late,10,1,0.5897910791959108,64,2,1,18,0.6666666666666666,0.23376623376623376
late,1,1,0.5650199604229426,117,1,1,18,0.7777777777777778,0.72
late,5,5,0.6109835464572311,57,1,1,18,0.5555555555555556,0.6666666666666666
late,10,13,0.2265940892804304,96,2,3,18,0.2222222222222222,0.15
late,12,3,0.6397868317665871,82,2,3,18,0.5555555555555556,0.2
late,11,2,0.5381278771791496,129,2,1,18,0.3888888888888889,0.2608695652173913
late,1,3,0.5795922613255305,136,1,3,18,0.7222222222222222,0.05504587155963303
late,6,2,0.529314960600076,136,3,1,17,0.47058823529411764,0.34
late,12,10,0.5781261781515746,82,2,2,17,0.7647058823529411,0.18888888888888888
late,0,1,0.8746390976569597,96,5,1,17,0.8235294117647058,0.3469387755102041
late,1,6,0.5235991105782035,136,1,1,17,0.5294117647058824,0.05198776758409786
late,2,2,0.5466309439618063,122,1,1,17,0.47058823529411764,0.4722222222222222
late,4,1,0.5530603078592362,101,1,1,17,0.6470588235294118,0.53125
late,1,6,0.5294295422151256,96,1,1,17,0.5294117647058824,0.05120481927710843
late,12,12,0.4230887857898848,139,2,2,17,0.23529411764705882,0.4473684210526316
late,11,1,0.5498825698680245,136,2,1,16,0.5,0.37209302325581395
late,13,1,0.5124184711232123,128,3,1,16,0.5,0.24615384615384617
late,1,1,0.5868724633775316,19,1,1,16,0.6875,0.5161290322580645
late,12,12,0.47471733687449497,37,2,2,16,0.4375,0.3018867924528302
late,10,2,0.5086387002888894,70,2,1,16,0.25,0.36363636363636365
late,12,12,0.6327513559289114,155,2,5,16,0.5,0.11510791366906475
late,13,13,0.2698633700173423,64,3,3,16,0.375,0.4444444444444444
late,10,1,0.5628965695157456,144,2,1,16,0.75,0.3137254901960784
late,1,13,0.2038633854526456,72,1,3,16,0.0,0.16494845360824742
late,6,5,0.5283438626993282,144,1,1,16,0.5,0.3137254901960784
late,4,13,0.1976306141958092,72,1,3,16,0.25,0.2857142857142857
late,2,2,0.551726625623899,129,1,1,16,0.5625,0.38095238095238093
late,2,2,0.5711888197265221,59,1,1,16,0.5625,0.8421052631578947
late,6,6,0.5116678196083633,136,1,1,15,0.8,0.36585365853658536
late,1,1,0.549311235301733,69,1,1,15,0.5333333333333333,0.32608695652173914
late,1,3,0.6756296518956689,57,1,3,15,0.8,0.2112676056338028
late,3,3,0.6943582226189239,64,3,3,15,0.7333333333333333,0.625
late,2,1,0.5649288292746102,129,1,1,15,0.6666666666666666,0.35714285714285715
late,1,5,0.5427065048278031,101,1,1,15,0.5333333333333333,0.13157894736842105
late,12,12,0.4252020321699017,156,2,2,15,0.26666666666666666,0.3333333333333333
late,1,1,0.4921422929005437,90,1,1,15,0.5333333333333333,0.625
late,5,5,0.5556156179043423,64,1,1,15,0.4666666666666667,0.375
late,10,2,0.5247316020986501,128,2,1,15,0.4,0.1875
late,10,1,0.49341673233376454,3,2,1,15,0.5333333333333333,0.4411764705882353
late,1,1,0.5634063717676404,109,1,1,15,0.6666666666666666,0.6521739130434783
late,1,1,0.5424613850705859,138,1,1,15,0.8,0.5769230769230769
late,10,13,0.2782616951049377,64,2,3,14,0.2857142857142857,0.18181818181818182
late,1,5,0.6235106570522816,57,1,1,14,0.7142857142857143,0.19718309859154928
late,13,13,0.26645471965780027,76,1,1,14,0.42857142857142855,0.4117647058823529
late,4,1,0.5092486486405073,72,1,1,14,0.7142857142857143,0.25
late,11,2,0.49742378590159475,70,2,1,14,0.5,0.24561403508771928
late,1,13,0.3019540351470429,153,1,3,14,0.35714285714285715,0.20588235294117646
late,2,2,0.454551392992448,92,1,1,14,0.14285714285714285,0.6363636363636364
late,1,2,0.5755246936302416,132,1,1,14,0.6428571428571429,0.15730337078651685
late,13,6,0.45794304010030534,72,3,1,14,0.5,0.22580645161290322
late,1,1,0.5309479726566578,107,1,1,14,0.7857142857142857,0.34146341463414637
late,1,5,0.45142511316914125,115,1,1,14,0.5,0.1728395061728395
late,4,1,0.5479886103523639,96,1,1,14,0.5,0.09333333333333334
late,3,1,0.5892881240728871,96,3,1,14,0.35714285714285715,0.5833333333333334
late,5,5,0.469646390648616,70,1,1,14,0.5714285714285714,0.3783783783783784
late,10,2,0.4789446530991823,72,2,1,13,0.38461538461538464,0.26
late,5,2,0.49995921060171167,70,1,1,13,0.6153846153846154,0.35135135135135137
late,1,1,0.5478526282931533,54,1,1,13,0.46153846153846156,0.6842105263157895
late,9,9,0.45245073176514405,5,2,2,13,0.3076923076923077,0.6190476190476191
late,12,12,0.45475508774100104,78,2,2,13,0.5384615384615384,0.30952380952380953
late,1,3,0.6094850404327853,21,1,1,13,0.5384615384615384,0.13131313131313133
late,1,6,0.5569489891595556,144,1,1,13,0.5384615384615384,0.15294117647058825
late,5,1,0.5833609994464839,111,1,1,13,0.6153846153846154,0.9285714285714286
late,10,13,0.26625367294398117,101,2,3,13,0.15384615384615385,0.2826086956521739
late,13,2,0.5627561792369492,153,3,1,13,0.5384615384615384,0.18840579710144928
late,10,10,0.4993092086706362,116,2,2,13,0.3076923076923077,0.65
late,10,13,0.1972923529783153,72,2,3,13,0.15384615384615385,0.26
late,10,10,0.4379406541136094,105,2,2,13,0.5384615384615384,0.3170731707317073
late,2,2,0.5395458183044936,50,1,1,13,0.5384615384615384,0.52
late,10,6,0.5299175869957875,128,2,1,13,0.38461538461538464,0.1625
late,2,2,0.49553773927346256,72,1,1,13,0.38461538461538464,0.325
late,2,2,0.5686436340451144,101,1,1,13,0.38461538461538464,0.3611111111111111
late,10,10,0.4229283087517907,146,2,2,13,0.6923076923076923,0.325
late,10,2,0.48510985992893424,107,2,1,12,0.5,0.48
late,1,5,0.5559677535024415,144,1,1,12,0.3333333333333333,0.1411764705882353
late,10,2,0.44047663149881733,90,2,1,12,0.3333333333333333,0.46153846153846156
late,10,2,0.5724735366896722,64,2,1,12,0.5833333333333334,0.15584415584415584
late,10,1,0.4371439307112981,94,2,1,12,0.4166666666666667,0.42857142857142855
late,10,2,0.5256344039171867,122,2,1,12,0.3333333333333333,0.2727272727272727
late,6,5,0.546176918300682,64,1,1,12,0.75,0.16666666666666666
late,2,1,0.5564021965460376,128,1,1,12,0.4166666666666667,0.3157894736842105
late,0,1,0.8730823111570971,128,5,1,12,0.75,0.5454545454545454
late,2,2,0.5418138993127669,128,1,1,12,0.4166666666666667,0.3157894736842105
late,1,5,0.58604008174374,64,1,1,12,0.5833333333333334,0.0975609756097561
late,13,13,0.18204035559818635,115,1,1,12,0.25,0.46153846153846156
late,7,2,0.5361324268857254,136,1,1,12,0.5833333333333334,0.375
late,1,13,0.284591150767733,96,1,1,12,0.5,0.03614457831325301
late,1,3,0.5128035837693588,115,1,3,12,0.5,0.14814814814814814
late,4,6,0.573636991455863,96,4,1,12,0.75,0.2857142857142857
late,11,1,0.6049279833418096,101,2,1,12,0.8333333333333334,0.2727272727272727
late,6,6,0.5295101154919232,106,1,1,12,0.3333333333333333,0.46153846153846156
late,10,13,0.31653966835256797,21,2,1,12,0.4166666666666667,0.1935483870967742
late,11,2,0.5227065453209925,96,2,1,12,0.25,0.11764705882352941
late,1,1,0.5871464725120994,88,1,1,12,0.6666666666666666,0.75
late,5,2,0.5420843140233613,136,1,1,12,0.3333333333333333,0.13793103448275862
late,12,12,0.5581871345871312,155,5,2,12,0.75,0.5
late,13,5,0.4765445307506306,96,3,1,12,0.16666666666666666,0.13953488372093023
late,4,2,0.5212452689972896,136,1,1,12,0.5,0.5
late,10,13,0.23191465344135434,122,2,3,12,0.25,0.2727272727272727
late,6,13,0.21441475275548286,133,3,3,12,0.25,0.24489795918367346
late,10,13,0.25439440271501707,144,2,3,12,0.5,0.23529411764705882
late,1,5,0.5095638963513724,69,1,1,12,0.9166666666666666,0.2608695652173913
late,1,1,0.5948463683952433,21,1,1,12,0.6666666666666666,0.12121212121212122
late,1,2,0.57456576829977,19,1,1,11,0.5454545454545454,0.3548387096774194
late,12,12,0.5738986852796836,51,2,2,11,0.6363636363636364,0.5
late,10,3,0.4882524017187172,105,2,2,11,0.2727272727272727,0.2682926829268293
late,0,2,0.8634664519088582,96,5,1,11,1.0,0.22448979591836735
late,10,1,0.47674201914258213,32,2,1,11,0.5454545454545454,0.3142857142857143
late,1,3,0.5550687074038088,32,1,3,11,0.8181818181818182,0.5238095238095238
late,12,12,0.4525577621947491,102,2,2,11,0.45454545454545453,0.34375
late,10,13,0.22064633334177342,128,3,3,11,0.18181818181818182,0.3235294117647059
late,11,13,0.2113962300405039,96,2,3,11,0.36363636363636365,0.10784313725490197
late,10,10,0.4292006635105254,32,2,2,11,0.36363636363636365,0.3142857142857143
late,2,2,0.5001991369321027,107,1,1,11,0.45454545454545453,0.6111111111111112
late,1,13,0.2583977632243383,132,1,3,11,0.36363636363636365,0.12359550561797752
late,10,2,0.5168103068456428,157,2,1,11,0.6363636363636364,0.3235294117647059
late,11,1,0.550716189803366,157,2,1,11,0.8181818181818182,0.2619047619047619
late,10,13,0.2865355643031376,153,2,3,11,0.2727272727272727,0.55
late,2,13,0.21464989233258194,133,1,3,11,0.2727272727272727,0.3055555555555556
late,13,2,0.43699890053373247,92,3,1,11,0.18181818181818182,0.5238095238095238
late,6,6,0.513887712749945,72,3,3,11,0.7272727272727273,0.44
late,2,13,0.22480029170368573,136,1,3,11,0.2727272727272727,0.042801556420233464
late,6,6,0.5277340001136497,133,3,3,11,0.8181818181818182,0.22448979591836735
late,6,6,0.5389842544528992,101,1,1,11,0.45454545454545453,0.3333333333333333
late,1,3,0.6143821694488416,144,1,3,11,0.6363636363636364,0.12941176470588237
late,1,1,0.5009278246412783,92,1,1,11,0.5454545454545454,0.34375
late,1,13,0.30548957907028124,21,1,1,11,0.18181818181818182,0.1111111111111111
late,12,3,0.5585527559519409,155,2,3,11,0.6363636363636364,0.07913669064748201
late,10,13,0.26803027088523484,96,2,1,11,0.18181818181818182,0.09166666666666666
late,1,1,0.5514056153325396,62,1,1,11,0.18181818181818182,0.5
late,6,6,0.47560947703809187,71,1,1,11,0.5454545454545454,0.7333333333333333
late,13,13,0.21363891912097083,150,3,3,11,0.2727272727272727,0.36666666666666664
late,1,6,0.5866405599137728,64,1,1,11,0.5454545454545454,0.08943089430894309
late,12,1,0.5130633318337499,37,2,1,11,0.2727272727272727,0.20754716981132076
late,11,13,0.1974472858672303,128,3,3,11,0.0,0.18333333333333332
late,5,5,0.5669415370568432,112,1,1,10,0.7,0.3225806451612903
late,10,13,0.2513763873036532,73,2,1,10,0.4,0.47619047619047616
late,1,1,0.48694693374336473,143,1,1,10,0.3,0.625
late,6,2,0.5180231670088868,136,1,1,10,0.6,0.24390243902439024
late,2,2,0.4816186807879044,81,1,1,10,0.3,0.5555555555555556
late,10,13,0.33737705440111376,112,2,1,10,0.2,0.3448275862068966
late,6,13,0.2717496388923115,64,1,3,10,0.4,0.1388888888888889
late,13,2,0.49169462602786573,122,3,1,10,0.3,0.43478260869565216
late,6,1,0.5503557060603818,136,3,1,10,0.8,0.2
late,1,1,0.584508034055598,25,1,1,10,0.7,0.7692307692307693
late,10,13,0.3236159494710574,64,2,1,10,0.2,0.12987012987012986
late,1,13,0.3093265619644928,111,1,1,10,0.4,0.14084507042253522
late,13,2,0.4980857562848,129,3,1,10,0.4,0.4166666666666667
late,1,6,0.5963655721620937,153,1,1,10,0.5,0.14705882352941177
late,2,5,0.48224046147518207,136,1,1,10,0.6,0.038910505836575876
late,11,1,0.5837838366073181,144,2,1,10,0.8,0.35714285714285715
late,1,13,0.2682696311803335,157,1,1,10,0.3,0.16393442622950818
late,13,2,0.4894776871812738,128,3,1,10,0.4,0.15384615384615385
late,10,5,0.5158526001114611,136,2,1,10,0.4,0.05649717514124294
late,2,2,0.5357715776366979,157,1,1,10,0.4,0.5263157894736842
late,12,12,0.37243322934017753,164,2,2,10,0.2,0.5882352941176471
late,1,5,0.5537590939274349,21,1,1,10,0.6,0.10101010101010101
late,1,5,0.48722355991869215,70,1,1,10,0.3,0.0970873786407767
late,1,13,0.24948126538377954,150,1,3,10,0.4,0.3333333333333333
late,12,12,0.4567328143685109,91,2,2,10,0.4,0.5
late,13,13,0.2423191204689355,144,3,3,10,0.3,0.38461538461538464
late,6,6,0.5624465795143224,53,2,2,10,0.7,0.4
late,11,13,0.22548012034378712,106,2,3,10,0.2,0.38461538461538464
late,1,13,0.24432489247925387,106,1,3,10,0.1,0.30303030303030304
late,12,13,0.20967494855476493,78,2,3,10,0.0,0.23809523809523808
late,6,2,0.474731642003444,70,1,1,10,0.4,0.3125
late,10,2,0.5622206393952014,101,2,1,10,0.7,0.21739130434782608
late,1,1,0.5274139787819847,34,1,1,10,0.6,0.5263157894736842
late,10,13,0.2689264815351128,157,2,1,10,0.6,0.29411764705882354
late,6,6,0.5139866212162852,96,1,1,10,0.4,0.13157894736842105
late,1,6,0.5233951791798487,136,1,3,10,0.7,0.03058103975535168
late,10,5,0.4426026467734574,115,2,1,10,0.3,0.2631578947368421
late,13,6,0.49842771390908713,96,3,1,10,0.4,0.11627906976744186
late,10,13,0.2350476373727274,133,2,3,10,0.2,0.2564102564102564
late,6,1,0.5863921365166113,64,1,1,9,0.8888888888888888,0.125
late,13,13,0.3059356356144498,30,3,3,9,0.5555555555555556,0.6
late,2,2,0.5738945203724436,74,1,1,9,0.5555555555555556,0.5294117647058824
late,6,5,0.5513260263122655,21,1,1,9,0.5555555555555556,0.08823529411764706
late,2,1,0.5607370445004709,122,1,1,9,0.5555555555555556,0.25
late,2,13,0.22842635177084178,96,1,3,9,0.4444444444444444,0.07964601769911504
late,10,13,0.299738915169671,76,2,1,9,0.4444444444444444,0.34615384615384615
late,11,2,0.5415133966452724,111,2,1,9,1.0,0.14516129032258066
late,13,6,0.513191208865795,76,1,1,9,0.4444444444444444,0.2647058823529412
late,11,7,0.5119838678985709,122,2,1,9,0.4444444444444444,0.25
late,6,13,0.23380555893955166,128,1,3,9,0.1111111111111111,0.13636363636363635
late,11,13,0.22500253656643313,129,3,3,9,0.2222222222222222,0.42857142857142855
late,10,1,0.5622285325045202,111,2,1,9,0.3333333333333333,0.3103448275862069
late,11,1,0.5707004316007771,129,3,1,9,0.6666666666666666,0.42857142857142855
late,6,2,0.5513127113297908,101,1,1,9,0.3333333333333333,0.2727272727272727
late,13,6,0.5750698456468754,153,3,1,9,0.7777777777777778,0.13043478260869565
late,12,12,0.5428774860772487,84,2,2,9,0.3333333333333333,0.6
late,1,11,0.48509884693511457,96,1,2,9,0.7777777777777778,0.02710843373493976
late,10,10,0.5147001120899184,155,2,2,9,0.4444444444444444,0.10975609756097561
late,1,1,0.5423794589860463,121,1,1,9,0.4444444444444444,0.6
late,1,5,0.4646583926896084,92,1,1,9,0.3333333333333333,0.28125
late,10,1,0.5291555757141309,133,2,1,9,0.2222222222222222,0.23076923076923078
late,2,1,0.5135208569629551,70,1,1,9,0.4444444444444444,0.12
late,13,1,0.5745508546525868,111,1,1,9,0.5555555555555556,0.5625
late,1,1,0.5884141142720536,74,1,1,9,0.4444444444444444,0.45
late,6,5,0.4997005017774008,96,1,1,9,0.2222222222222222,0.11842105263157894
late,13,13,0.25863130408728563,69,1,1,9,0.3333333333333333,0.4090909090909091
late,11,13,0.2686728232610268,111,2,1,9,0.3333333333333333,0.14516129032258066
late,2,1,0.5837303950902268,101,1,1,9,0.7777777777777778,0.25
late,11,13,0.1789246261865553,96,3,3,9,0.0,0.3333333333333333
late,6,6,0.5389739257846469,136,3,3,9,0.7777777777777778,0.18
late,1,1,0.5254371003844408,13,1,1,9,0.4444444444444444,0.6
late,1,13,0.2929998010897576,140,1,1,9,0.3333333333333333,0.18
late,6,5,0.4279372652332691,115,1,1,9,0.2222222222222222,0.4090909090909091
late,13,6,0.5192231799754928,106,3,1,9,0.6666666666666666,0.3103448275862069
late,1,13,0.28039856860857215,136,1,1,9,0.5555555555555556,0.027522935779816515
late,3,3,0.6610298489154218,144,3,3,9,0.6666666666666666,0.5625
late,10,13,0.2225873988323112,136,3,3,9,0.0,0.6428571428571429
late,1,5,0.531664942240555,128,1,1,9,0.3333333333333333,0.043689320388349516
late,5,2,0.5280798405781573,96,1,1,9,0.7777777777777778,0.3103448275862069
late,1,2,0.5043883804726706,72,1,1,9,0.3333333333333333,0.09278350515463918
late,11,1,0.5394844896125481,132,2,1,9,0.4444444444444444,0.5294117647058824
late,6,6,0.5895599102484788,21,3,3,9,0.3333333333333333,0.3333333333333333
late,10,10,0.4423385610306319,2,2,2,9,0.5555555555555556,0.6428571428571429
late,4,6,0.47586036257878633,72,1,1,8,0.5,0.14285714285714285
late,10,2,0.5267834451435972,106,2,1,8,0.75,0.25
late,1,13,0.013719563686911114,128,1,0,8,0.0,0.038834951456310676
late,5,5,0.49660024077958825,109,1,1,8,0.625,0.5
late,1,13,0.24865234066320221,129,1,3,8,0.0,0.09090909090909091
late,10,6,0.5312716676948253,136,2,3,8,0.5,0.04519774011299435
late,10,13,0.28452145369040727,69,2,1,8,0.375,0.22857142857142856
late,13,13,0.19965167681991702,8,3,3,8,0.125,0.42105263157894735
late,10,2,0.5867316011985415,112,2,1,8,0.75,0.27586206896551724
late,5,1,0.48494619237479564,73,1,1,8,0.75,0.5714285714285714
late,3,3,0.7215636657199304,82,3,3,8,0.625,0.4444444444444444
late,11,13,0.2615173211275286,157,2,1,8,0.375,0.19047619047619047
late,11,2,0.5429796189509157,122,2,1,8,0.25,0.2222222222222222
late,1,2,0.5271613204196326,138,1,1,8,0.375,0.3076923076923077
late,12,2,0.5452746740838615,11,3,1,8,0.25,0.24242424242424243
late,11,1,0.576698845622154,136,3,1,8,0.25,0.5333333333333333
late,6,6,0.6193118188178243,118,1,1,8,0.625,0.34782608695652173
late,12,10,0.48978163423767707,155,2,2,8,0.875,0.05755395683453238
late,6,13,0.26431451859682636,76,1,1,8,0.125,0.3333333333333333
late,12,5,0.5818224956799651,82,2,3,8,0.5,0.08888888888888889
late,1,1,0.6042341570181642,148,1,1,8,0.5,0.38095238095238093
late,5,5,0.4880610973742339,69,1,1,8,0.375,0.2962962962962963
late,3,3,0.6114351847860465,136,3,3,8,0.75,0.5714285714285714
late,10,3,0.5914130745560541,21,2,3,8,0.875,0.12903225806451613
late,10,1,0.5836392629246204,21,2,1,8,0.75,0.12903225806451613
late,10,1,0.47015104740746166,146,2,1,8,0.375,0.2
late,13,5,0.519167221797385,101,3,1,8,0.375,0.24242424242424243
late,1,2,0.5226123541119307,81,1,1,8,0.625,0.4444444444444444
late,13,1,0.5508397547038613,101,3,1,8,0.625,0.24242424242424243
late,2,1,0.569977217230902,106,1,1,8,0.625,0.32
late,13,2,0.48708044068524003,132,3,1,8,0.375,0.42105263157894735
late,1,2,0.5777442464769186,74,1,1,8,0.875,0.4
late,11,2,0.5618513165465993,19,2,1,8,0.25,0.27586206896551724
late,10,13,0.19945805244142972,55,2,3,8,0.25,0.8888888888888888
late,10,10,0.3938755573707696,94,2,2,8,0.5,0.2857142857142857
late,13,13,0.25484138784405125,21,1,1,8,0.625,0.2857142857142857
late,2,13,0.2561598611149739,101,1,3,8,0.125,0.2222222222222222
late,13,2,0.5284490125638056,101,3,1,8,0.5,0.24242424242424243
late,10,6,0.5642137646812497,101,2,1,8,0.5,0.17391304347826086
late,4,1,0.5763562692266342,111,1,1,8,0.75,0.5
late,2,1,0.6154600530618647,153,1,1,8,0.75,0.47058823529411764
late,7,2,0.5235798433618704,133,3,1,8,0.25,0.7272727272727273
late,13,6,0.5500576234337724,21,3,1,8,0.5,0.2962962962962963
late,11,6,0.6165033504706999,21,2,1,8,0.75,0.1568627450980392
late,2,13,0.2497224545743073,50,1,3,8,0.25,0.32
late,5,1,0.5695471024547494,128,1,1,8,0.75,0.38095238095238093
late,11,1,0.5317248941268671,96,3,1,8,0.75,0.2962962962962963
late,12,5,0.4827489001593293,37,2,1,8,0.625,0.1509433962264151
late,5,1,0.47825860580746427,92,1,1,8,0.375,0.36363636363636365
late,2,6,0.492133533653021,136,1,3,8,0.5,0.0311284046692607
late,5,1,0.5002206507767352,3,1,1,8,0.625,0.4444444444444444
late,11,1,0.4824029592423177,115,2,1,8,0.875,0.47058823529411764
late,6,6,0.4404783143702585,92,1,1,8,0.375,0.3076923076923077
late,13,13,0.20876349388135385,133,3,3,8,0.375,0.2857142857142857
late,2,2,0.4858744602308106,67,1,1,8,0.625,0.6153846153846154
late,1,5,0.47393336538877184,3,1,1,8,0.25,0.13559322033898305
late,5,13,0.25442024092325327,38,1,1,8,0.0,0.6666666666666666
late,10,2,0.5256364295635441,132,2,1,8,0.625,0.32
late,6,6,0.5292736755233339,69,3,3,8,0.25,0.38095238095238093
late,13,13,0.1805951959970802,18,1,1,8,0.125,0.7272727272727273
late,10,2,0.5204120361299052,69,2,1,8,0.25,0.22857142857142856
late,10,13,0.24704006216929084,3,2,1,8,0.125,0.23529411764705882
late,1,6,0.5316820006021399,122,1,1,8,0.375,0.0963855421686747
late,10,13,0.1928248077518739,96,3,3,7,0.0,0.4666666666666667
late,10,13,0.22677672380243713,150,2,3,7,0.2857142857142857,0.3333333333333333
late,1,10,0.35629663424560987,114,1,2,7,0.5714285714285714,0.5384615384615384
late,10,5,0.42045639335904694,146,2,3,7,0.14285714285714285,0.175
late,13,6,0.5132257395419366,21,1,1,7,0.2857142857142857,0.25
late,3,3,0.6604137493180604,21,1,1,7,1.0,0.7
late,1,13,0.30334414844442487,101,1,1,7,0.14285714285714285,0.06140350877192982
late,6,1,0.5713135337359116,101,1,1,7,0.5714285714285714,0.21212121212121213
late,9,9,0.4944577727872474,152,2,2,7,0.2857142857142857,0.35
late,10,2,0.5191491478917778,150,2,1,7,0.14285714285714285,0.3333333333333333
late,10,13,0.21479325176375602,133,3,3,7,0.0,0.4666666666666667
late,1,6,0.5276374977849165,150,1,1,7,0.8571428571428571,0.23333333333333334
late,10,6,0.5188742145621941,96,2,1,7,0.42857142857142855,0.058333333333333334
late,1,1,0.5589940562660577,77,1,1,7,0.2857142857142857,0.5833333333333334
late,5,13,0.23851603205494276,136,1,3,7,0.14285714285714285,0.08045977011494253
late,1,13,0.2387181738931124,72,1,1,7,0.2857142857142857,0.07216494845360824
late,10,13,0.21830575041546663,159,2,3,7,0.42857142857142855,0.5833333333333334
late,11,1,0.5638088622245679,122,2,1,7,0.42857142857142855,0.19444444444444445
late,10,13,0.21598853761109413,70,2,3,7,0.14285714285714285,0.1590909090909091
late,10,10,0.42616705440040953,124,2,2,7,0.14285714285714285,0.6363636363636364
late,1,1,0.4656170912816493,94,1,1,7,0.5714285714285714,0.3684210526315789
late,4,1,0.5982774792211206,132,4,1,7,0.7142857142857143,0.7
late,6,13,0.2240701012842274,136,3,3,7,0.5714285714285714,0.14
late,1,13,0.2510149692365213,70,1,1,7,0.42857142857142855,0.06796116504854369
late,1,5,0.47515480312306096,72,1,1,7,0.14285714285714285,0.07216494845360824
late,13,6,0.48320710291405305,8,1,1,7,0.2857142857142857,0.4117647058823529
late,6,2,0.48912727219102153,72,1,1,7,0.42857142857142855,0.14583333333333334
late,11,1,0.594141203036314,88,2,1,7,0.5714285714285714,0.4666666666666667
late,10,3,0.4748152657455316,146,2,3,7,0.2857142857142857,0.175
late,1,3,0.5398609677878311,146,1,3,7,0.14285714285714285,0.875
late,1,1,0.5248550786268836,110,1,1,7,0.5714285714285714,0.5
late,1,13,0.29503386029229595,64,1,3,7,0.2857142857142857,0.056910569105691054
late,2,2,0.4576277759945429,115,1,1,7,0.5714285714285714,0.3333333333333333
late,1,2,0.6193370122874385,153,1,1,7,0.2857142857142857,0.10294117647058823
late,6,6,0.5157752003733737,122,1,1,7,0.7142857142857143,0.3181818181818182
late,13,6,0.47964446671726657,8,3,1,7,0.5714285714285714,0.3684210526315789
late,10,6,0.48059464732333346,73,2,1,7,0.42857142857142855,0.3333333333333333
late,13,13,0.2872793976073898,148,1,1,7,0.0,0.5
late,13,13,0.22590202346114346,106,3,3,7,0.2857142857142857,0.2413793103448276
late,6,6,0.46549458645558556,70,1,1,7,0.42857142857142855,0.21875
late,1,1,0.5473253299040044,38,1,1,7,0.42857142857142855,0.3888888888888889
late,2,1,0.4722947670380724,115,1,1,7,0.7142857142857143,0.3333333333333333
late,10,13,0.20318155482936673,71,2,3,7,0.2857142857142857,0.7
late,4,13,0.2712075224427621,153,4,3,7,0.0,0.35
late,12,1,0.5745073799972595,11,2,1,7,0.42857142857142855,0.1206896551724138
late,13,2,0.4802848338435609,122,1,1,7,0.42857142857142855,0.4666666666666667
late,12,13,0.23400577415809545,11,3,3,7,0.2857142857142857,0.21212121212121213
late,1,13,0.22360664836687438,115,1,1,7,0.0,0.08641975308641975
late,6,6,0.43875022685910664,126,1,1,7,0.42857142857142855,0.4666666666666667
late,10,1,0.4717275817738153,115,2,1,7,0.2857142857142857,0.18421052631578946
late,13,2,0.47920925996095365,96,1,1,7,0.7142857142857143,0.30434782608695654
late,5,5,0.561662886112214,21,1,1,7,0.5714285714285714,0.25925925925925924
late,1,13,0.26852676441884427,21,1,3,7,0.42857142857142855,0.0707070707070707
late,10,13,0.18960061628132147,92,2,3,7,0.14285714285714285,0.4117647058823529
late,10,2,0.5249007890684197,129,2,1,7,0.14285714285714285,0.5833333333333334
late,6,1,0.5586839054028114,140,3,1,7,0.42857142857142855,0.5
late,11,13,0.2600482352525928,101,2,3,7,0.5714285714285714,0.1590909090909091
late,6,2,0.6043038287820472,14,3,1,7,0.7142857142857143,0.5833333333333334
late,10,1,0.5496988218826695,140,2,1,7,0.14285714285714285,0.5
late,11,1,0.616235964716255,153,2,1,7,0.42857142857142855,0.4117647058823529
late,0,4,0.8772672404713532,96,5,1,7,1.0,0.14285714285714285
late,12,13,0.27825943408758236,49,2,3,7,0.14285714285714285,0.1346153846153846
late,6,13,0.23080024514666053,150,3,3,7,0.2857142857142857,0.4375
late,10,2,0.5601796670169495,20,2,1,7,0.2857142857142857,0.7
late,7,6,0.5693090449276249,21,1,1,7,0.8571428571428571,0.3333333333333333
late,2,2,0.5567033443658874,106,1,1,7,0.5714285714285714,0.28
late,2,13,0.2653215198356192,96,1,1,7,0.2857142857142857,0.061946902654867256
late,0,1,0.880512920982437,129,5,1,7,0.8571428571428571,0.5384615384615384
late,1,13,0.26654624902817775,101,1,3,7,0.14285714285714285,0.06140350877192982
late,13,13,0.22164356640620503,72,1,1,7,0.0,0.3888888888888889
late,10,13,0.25235712251816805,45,2,3,7,0.2857142857142857,0.35
late,11,7,0.46165604872418414,72,2,1,7,0.42857142857142855,0.14285714285714285
late,11,13,0.27834263864951,129,2,1,7,0.0,0.10144927536231885
late,1,3,0.6096894389311883,21,1,3,7,0.7142857142857143,0.0707070707070707
late,2,1,0.50955810966078,72,1,1,7,0.5714285714285714,0.175
late,11,1,0.5348129751102689,48,2,1,7,0.42857142857142855,0.4666666666666667
late,2,2,0.5643539047307147,19,1,1,7,0.5714285714285714,0.4117647058823529
late,3,3,0.7233770308931969,57,3,3,7,0.7142857142857143,0.7777777777777778
late,4,13,0.22115123689897706,96,4,3,7,0.14285714285714285,0.16666666666666666
late,2,13,0.23503174378110508,128,1,3,7,0.5714285714285714,0.18421052631578946
late,10,10,0.396367215200897,160,2,2,7,0.2857142857142857,0.3181818181818182
late,5,5,0.47344542059212835,72,1,1,7,0.5714285714285714,0.2692307692307692
late,1,13,0.27475672092840675,69,1,1,7,0.2857142857142857,0.15217391304347827
late,11,1,0.5829111381020163,19,2,1,7,0.7142857142857143,0.2413793103448276
late,13,13,0.24856414909728972,21,3,3,7,0.0,0.25925925925925924
late,5,1,0.6065635771067834,112,1,1,7,0.7142857142857143,0.22580645161290322
late,6,2,0.5338615098927192,128,1,1,7,0.42857142857142855,0.10606060606060606
late,1,6,0.525796287809371,96,1,3,7,0.5714285714285714,0.02108433734939759
late,5,13,0.2576631264590511,69,1,1,7,0.42857142857142855,0.25925925925925924
late,11,2,0.49316591970085755,72,2,1,7,0.42857142857142855,0.14285714285714285
late,2,1,0.5791480121201695,111,1,1,7,0.2857142857142857,0.7
late,1,2,0.5563003693490638,128,1,1,7,0.2857142857142857,0.03398058252427184
late,10,1,0.5679600593670604,145,2,1,7,0.8571428571428571,0.5833333333333334
late,10,2,0.5123926319509422,81,2,1,7,0.7142857142857143,0.4117647058823529
late,7,5,0.43332209951825196,115,1,1,7,0.5714285714285714,0.3333333333333333
late,11,1,0.6480264525857794,57,2,1,7,0.7142857142857143,0.4375
late,5,1,0.5950141193682894,64,1,1,7,0.8571428571428571,0.175
late,13,1,0.508452544399711,96,3,1,7,0.5714285714285714,0.08139534883720931
late,10,13,0.18115556578636532,90,2,3,7,0.14285714285714285,0.2692307692307692
late,13,2,0.514689662683116,43,3,1,6,0.3333333333333333,0.375
late,13,2,0.4713924913344115,138,3,1,6,0.16666666666666666,0.46153846153846156
late,11,4,0.5450619327873011,96,2,1,6,0.5,0.058823529411764705
late,10,12,0.560678089587888,49,2,2,6,0.5,0.6666666666666666
late,13,2,0.45559797886144615,158,3,1,6,0.3333333333333333,0.5
late,1,12,0.46221870288269296,37,1,2,6,0.3333333333333333,0.2857142857142857
late,11,1,0.5388585343976248,13,2,1,6,0.8333333333333334,0.5
late,10,2,0.5719329835511338,148,2,1,6,0.3333333333333333,0.46153846153846156
late,10,5,0.5057309263025955,96,2,1,6,0.5,0.05
late,1,1,0.4877544421317559,98,1,1,6,0.8333333333333334,0.5
late,10,13,0.2344100943878742,106,2,3,6,0.0,0.1875
late,1,3,0.5796730044327976,136,1,1,6,1.0,0.01834862385321101
late,1,6,0.5327012241938806,140,1,3,6,0.5,0.12
late,7,13,0.31068961351579055,21,1,1,6,0.3333333333333333,0.2857142857142857
late,2,1,0.5686838967016502,132,1,1,6,0.5,0.3333333333333333
late,1,2,0.5723111714689356,101,1,1,6,0.3333333333333333,0.05263157894736842
late,5,13,0.18558867052364078,115,1,3,6,0.0,0.16216216216216217
late,11,7,0.5526241985266517,21,2,1,6,0.6666666666666666,0.11764705882352941
late,6,13,0.2505575123124662,50,3,3,6,0.16666666666666666,0.3333333333333333
late,6,2,0.5587547923873337,19,1,1,6,0.6666666666666666,0.4
late,6,6,0.4258246391154497,90,1,1,6,0.5,0.5
late,6,6,0.5795916728767291,153,1,1,6,0.5,0.4
late,2,13,0.2273896243023608,81,1,1,6,0.0,0.3333333333333333
late,5,5,0.4370932489474082,92,1,1,6,0.6666666666666666,0.2727272727272727
late,2,2,0.4987202272751846,13,1,1,6,0.3333333333333333,0.46153846153846156
late,1,1,0.4972124418382072,126,1,1,6,0.6666666666666666,0.5454545454545454
late,2,1,0.5135670448685893,13,1,1,6,0.6666666666666666,0.46153846153846156
late,2,2,0.5869037559182343,14,1,1,6,0.5,0.42857142857142855
late,4,2,0.517991696233099,122,1,1,6,0.6666666666666666,0.25
late,13,2,0.4467453469225071,70,3,1,6,0.3333333333333333,0.3157894736842105
late,13,13,0.1779081041828889,70,3,3,6,0.16666666666666666,0.3157894736842105
late,13,2,0.462912967947537,97,1,1,6,0.6666666666666666,0.5
late,13,13,0.1935012176294149,157,1,1,6,0.3333333333333333,0.2857142857142857
late,10,12,0.45527553880790617,139,2,2,6,0.16666666666666666,0.5
late,13,1,0.49620119036805543,157,1,1,6,0.16666666666666666,0.2857142857142857
late,10,13,0.21919095015345813,115,2,1,6,0.5,0.15789473684210525
late,1,1,0.6134263132605707,11,1,1,6,0.8333333333333334,0.3333333333333333
late,6,13,0.21380710522416146,157,1,3,6,0.3333333333333333,0.2727272727272727
late,12,13,0.25623689944424644,155,2,3,6,0.3333333333333333,0.04316546762589928
late,10,6,0.4622160817618025,32,2,3,6,0.3333333333333333,0.17142857142857143
late,10,13,0.1886525631221276,32,2,3,6,0.16666666666666666,0.17142857142857143
late,4,6,0.4879356331657924,54,1,1,6,0.3333333333333333,0.46153846153846156
late,12,14,0.21891333075795602,11,3,3,6,0.16666666666666666,0.18181818181818182
late,6,13,0.19599808776883132,70,1,3,6,0.0,0.1875
late,0,2,0.8172485658902934,70,5,1,6,1.0,0.6
late,3,3,0.5557868890525677,32,3,3,6,0.5,0.75
late,12,13,0.25875969674579014,11,2,3,6,0.16666666666666666,0.10344827586206896
late,1,1,0.5435310570238773,39,1,1,6,0.6666666666666666,0.3157894736842105
late,1,13,0.21061846822884409,107,1,3,6,0.0,0.14634146341463414
late,1,13,0.33869571307345403,112,1,1,6,0.6666666666666666,0.2727272727272727
late,1,1,0.5321505922058757,158,1,1,6,0.6666666666666666,0.3
late,4,13,0.2614862677992941,96,1,1,6,0.16666666666666666,0.04
late,6,2,0.5498256276921318,144,1,1,6,0.5,0.11764705882352941
late,10,13,0.20890111311092896,107,2,3,6,0.16666666666666666,0.24
late,11,1,0.5274257129124044,72,3,1,6,0.5,0.3
late,1,13,0.27308553876473624,45,1,3,6,0.0,0.35294117647058826
late,9,12,0.6170370978523521,82,2,2,6,0.5,0.42857142857142855
late,4,5,0.5569708034744371,96,4,1,6,0.3333333333333333,0.14285714285714285
late,2,13,0.24402786776073232,106,1,3,6,0.0,0.24
late,1,1,0.6208979700491678,112,1,1,6,0.8333333333333334,0.2727272727272727
late,10,13,0.19739949294793455,138,2,3,6,0.3333333333333333,0.5
late,11,1,0.5340349316490668,3,2,1,6,0.3333333333333333,0.6666666666666666
late,10,1,0.5428255273145645,122,2,1,6,0.8333333333333334,0.13636363636363635
late,2,2,0.5485582774793131,47,1,1,6,0.6666666666666666,0.6666666666666666
late,13,6,0.5374601217283912,144,3,1,6,1.0,0.23076923076923078
late,1,13,0.25029373301768904,73,1,1,6,0.0,0.15384615384615385
late,5,6,0.5643605859950237,64,1,1,6,0.5,0.15
late,0,1,0.8719888418247981,136,5,1,6,0.8333333333333334,0.2857142857142857
late,6,6,0.4863925680290067,161,1,1,6,0.3333333333333333,0.6
late,10,12,0.4767425183696507,78,2,2,6,0.5,0.46153846153846156
late,6,1,0.5872413232150027,101,3,1,6,1.0,0.46153846153846156
late,6,6,0.491741029444889,107,1,1,6,0.5,0.5
late,10,6,0.5692545157405791,21,2,1,6,0.6666666666666666,0.0967741935483871
late,13,6,0.5030756734287628,128,3,1,6,0.6666666666666666,0.09230769230769231
late,3,3,0.6291719367538487,96,3,3,6,1.0,0.25
late,6,13,0.2566430545696022,21,3,3,6,0.16666666666666666,0.2222222222222222
late,11,1,0.5629290791471899,69,2,1,6,1.0,0.6666666666666666
late,10,10,0.48689023167842416,136,2,2,6,0.8333333333333334,0.03389830508474576
late,3,3,0.6128395859884676,6,3,3,6,0.8333333333333334,0.75
late,10,13,0.18285440547171197,115,2,3,6,0.16666666666666666,0.15789473684210525
late,10,13,0.23650115218550663,72,2,1,6,0.16666666666666666,0.12
late,11,3,0.5602589380395351,136,2,3,6,0.6666666666666666,0.13953488372093023
late,1,1,0.5597092510642995,150,1,1,6,0.6666666666666666,0.2
late,5,13,0.23418940587269776,96,1,3,6,0.0,0.20689655172413793
late,10,3,0.5947638502049181,64,2,3,6,0.3333333333333333,0.07792207792207792
late,6,1,0.5064919499972015,72,1,1,6,0.8333333333333334,0.125
late,11,13,0.23614055317877614,129,2,3,6,0.3333333333333333,0.08695652173913043
late,4,5,0.46150141519811133,72,1,1,6,0.3333333333333333,0.10714285714285714
late,1,5,0.4692390364451346,73,1,1,6,0.6666666666666666,0.15384615384615385
late,6,13,0.18282796006210145,92,1,3,6,0.0,0.23076923076923078
late,5,5,0.5868508521300118,101,3,3,6,0.3333333333333333,0.6666666666666666
late,6,6,0.45992544799464663,58,1,1,6,0.8333333333333334,0.6666666666666666
late,13,13,0.17479086456754628,55,3,3,6,0.16666666666666666,0.6666666666666666
late,10,12,0.5639527872095733,84,2,2,6,0.6666666666666666,0.75
late,10,3,0.5755845588542103,155,2,3,6,1.0,0.07317073170731707
late,5,6,0.5799246707015515,112,1,1,6,0.5,0.1935483870967742
late,2,2,0.567186661400726,23,1,1,6,0.6666666666666666,0.6
late,2,1,0.5771974825227841,19,1,1,6,0.8333333333333334,0.35294117647058826
late,0,1,0.8850681524833612,43,5,1,6,1.0,0.375
late,6,3,0.5298199109802004,100,2,1,6,0.16666666666666666,0.35294117647058826
late,13,5,0.5366292682252422,64,1,1,6,0.5,0.375
late,1,6,0.5547791419622905,101,1,1,6,0.3333333333333333,0.05263157894736842
late,10,6,0.5248373222091081,128,3,1,6,0.16666666666666666,0.17647058823529413
late,6,6,0.5610314515209902,150,3,3,6,0.16666666666666666,0.375
late,13,2,0.5060538030100052,106,3,1,6,0.3333333333333333,0.20689655172413793
late,13,6,0.5086767934035404,136,3,1,6,0.3333333333333333,0.07142857142857142
late,2,13,0.26696426971271864,85,1,3,6,0.16666666666666666,0.5
late,13,13,0.2755611781421427,22,3,3,6,0.3333333333333333,0.6
late,1,6,0.5588321272718414,21,1,3,6,0.5,0.06060606060606061
late,13,13,0.01301632729571923,128,3,0,6,0.0,0.09230769230769231
late,6,13,0.17572455721006325,55,3,3,6,0.0,0.75
late,10,1,0.46907383918654677,114,2,1,6,0.3333333333333333,0.42857142857142855
late,1,1,0.5609724144794018,10,1,1,6,0.5,0.6666666666666666
late,1,1,0.6694005863223167,118,1,1,6,0.8333333333333334,0.35294117647058826
late,13,13,0.29409261876950504,112,1,1,6,0.16666666666666666,0.3
late,7,2,0.49331052472649856,70,1,1,6,0.3333333333333333,0.35294117647058826
late,1,13,0.19857713830418816,92,1,3,6,0.3333333333333333,0.1875
late,6,6,0.46177542658302817,110,1,1,5,0.2,0.38461538461538464
late,5,5,0.5301597459405762,128,1,1,5,1.0,0.23809523809523808
late,13,13,0.25329703174440915,81,1,1,5,0.2,0.38461538461538464
late,1,13,0.2677928235557758,81,1,1,5,0.2,0.2777777777777778
late,13,13,0.22207421582338494,117,3,3,5,0.2,0.5555555555555556
late,13,13,0.1623614048019151,134,1,1,5,0.0,1.0
late,7,1,0.4728505835754646,115,1,1,5,0.6,0.23809523809523808
late,13,13,0.18907219790218702,122,1,1,5,0.0,0.3333333333333333
late,6,1,0.5402207694298095,96,1,1,5,0.4,0.06578947368421052
late,13,6,0.46561039161540146,72,3,3,5,0.4,0.08064516129032258
late,1,5,0.5184606746231145,101,1,3,5,0.8,0.043859649122807015
late,10,1,0.5295337587307164,133,3,1,5,0.6,0.3333333333333333
late,11,1,0.49203379989694673,32,2,1,5,0.0,0.5
late,7,13,0.20701148369951503,115,1,1,5,0.0,0.23809523809523808
late,1,2,0.517704965652095,158,1,1,5,0.2,0.25
late,7,13,0.28553016050233737,153,1,3,5,0.2,0.45454545454545453
late,4,6,0.4732019219952792,72,1,3,5,0.2,0.08928571428571429
late,4,2,0.5270414457888454,129,1,1,5,0.4,0.2777777777777778
late,1,13,0.014434173682217657,122,1,0,5,0.0,0.060240963855421686
late,6,13,0.1912429040885032,2,3,3,5,0.0,0.38461538461538464
late,6,6,0.4960922961063776,157,1,1,5,0.8,0.22727272727272727
late,5,13,0.20693029735463053,72,1,3,5,0.2,0.19230769230769232
late,13,6,0.5117148759376632,129,3,1,5,0.8,0.20833333333333334
late,10,2,0.5107113643951158,133,2,1,5,0.2,0.1282051282051282
late,12,2,0.556244279631645,11,2,1,5,0.6,0.08620689655172414
late,7,5,0.4754050062438086,70,1,1,5,0.4,0.29411764705882354
late,11,1,0.5169673776284992,163,2,1,5,0.6,0.7142857142857143
late,10,2,0.5453036009932647,144,2,1,5,0.6,0.09803921568627451
late,1,6,0.4926425965177008,70,1,1,5,0.2,0.04854368932038835
late,12,1,0.5659078358005527,11,3,1,5,0.8,0.15151515151515152
late,5,6,0.4444791116047982,92,1,1,5,0.4,0.22727272727272727
late,5,12,0.41491682281076414,37,1,2,5,0.2,0.38461538461538464
late,13,13,0.21422894879214985,96,1,1,5,0.4,0.21739130434782608
late,10,13,0.21962993687950966,64,3,3,5,0.0,0.625
late,1,1,0.5652680978528065,35,1,1,5,1.0,0.2777777777777778
late,10,1,0.5225528282320693,70,2,1,5,0.6,0.11363636363636363
late,13,13,0.21769622286240803,69,3,3,5,0.4,0.625
late,10,13,0.26383179083839736,50,2,3,5,0.6,0.38461538461538464
late,2,13,0.22604002996217926,150,1,3,5,0.4,0.35714285714285715
late,1,13,0.3361703288407859,64,1,1,5,0.4,0.04065040650406504
late,4,6,0.5317042378687933,21,1,1,5,0.8,0.5
late,9,3,0.5891965277695543,53,2,2,5,0.8,0.5555555555555556
late,0,10,0.7355173429815037,136,5,2,5,1.0,0.23809523809523808
late,1,1,0.49989841057128775,151,1,1,5,0.4,0.4166666666666667
late,6,13,0.18862911698298415,16,1,3,5,0.0,0.7142857142857143
late,10,13,0.27511013563059805,43,2,3,5,0.6,0.625
late,1,3,0.5551323870777372,70,1,1,5,0.8,0.04854368932038835
late,5,5,0.5747974592499184,137,1,1,5,0.4,0.5555555555555556
late,10,13,0.25509512052967476,155,2,3,5,0.4,0.06097560975609756
late,12,5,0.016527419282816227,155,2,0,5,0.0,0.03597122302158273
late,11,6,0.5541499246413895,129,2,1,5,0.8,0.07246376811594203
late,7,2,0.5345018000099582,128,1,1,5,0.8,0.45454545454545453
late,10,5,0.4950446061631078,70,2,1,5,0.0,0.11363636363636363
late,2,13,0.23585522060974987,129,1,3,5,0.2,0.11904761904761904
late,11,6,0.5573165103809045,35,2,1,5,1.0,0.21739130434782608
late,6,5,0.4966594764221653,76,1,1,5,0.2,0.20833333333333334
late,4,5,0.5386882867774144,23,1,1,5,0.2,0.5
late,12,13,0.28828608269734246,155,2,2,5,0.0,0.03597122302158273
late,1,2,0.4941122051998411,3,1,1,5,0.0,0.0847457627118644
late,5,13,0.3177468922057126,118,1,3,5,0.4,0.5
late,1,1,0.6474276667227987,135,1,1,5,0.8,0.5555555555555556
late,13,2,0.481697889105666,81,1,1,5,0.6,0.38461538461538464
late,1,6,0.48022497604435466,3,1,3,5,0.4,0.0847457627118644
late,3,3,0.6307107859456227,53,2,2,5,0.2,0.38461538461538464
late,11,6,0.5951671296209571,101,2,1,5,0.2,0.11363636363636363
late,1,13,0.2685606217319801,144,1,3,5,0.2,0.058823529411764705
late,13,1,0.5098374518539324,132,3,1,5,0.8,0.2631578947368421
late,10,1,0.5428928937238245,132,2,1,5,0.8,0.2
late,5,6,0.5238267158799506,136,1,3,5,0.4,0.05747126436781609
late,11,1,0.5479696354774777,70,5,1,5,1.0,0.7142857142857143
late,4,13,0.20699223629725416,157,1,3,5,0.0,0.45454545454545453
late,11,1,0.4618980858154876,86,2,1,5,0.4,0.4166666666666667
late,1,5,0.510709953780876,38,1,1,5,0.4,0.2777777777777778
late,13,13,0.012552234304799544,96,3,0,5,0.0,0.05813953488372093
late,5,13,0.2730829399739903,21,1,3,5,0.4,0.18518518518518517
late,6,6,0.47556691642697335,46,1,1,5,0.2,0.625
late,1,6,0.48780110832799123,107,1,1,5,0.2,0.12195121951219512
late,10,2,0.5216171827071958,128,3,1,5,0.6,0.14705882352941177
late,6,13,0.23058136489364991,150,1,3,5,0.2,0.15151515151515152
late,13,5,0.49205820631648056,76,1,1,5,0.2,0.14705882352941177
late,10,1,0.5388028478486865,69,2,1,5,1.0,0.14285714285714285
late,10,13,0.19763172718960245,150,3,3,5,0.2,0.8333333333333334
late,10,5,0.5015198911843813,133,2,1,5,0.8,0.1282051282051282
late,5,13,0.30365551149650943,148,1,1,5,0.2,0.3125
late,6,2,0.5833671311158637,59,3,1,5,0.6,0.7142857142857143
late,5,5,0.5423802861753484,148,1,1,5,0.2,0.3125
late,13,13,0.2644603856757043,59,3,3,5,0.2,0.7142857142857143
late,10,13,0.27592171606303806,81,2,1,5,0.0,0.29411764705882354
late,10,2,0.5552035998156182,19,2,1,5,0.4,0.4166666666666667
late,13,6,0.5787803601322457,64,3,3,5,0.6,0.1388888888888889
late,11,10,0.5459177840759881,101,2,2,5,0.6,0.11363636363636363
late,10,1,0.5417515458955349,128,3,1,5,0.4,0.14705882352941177
late,1,6,0.42554995285902597,87,1,1,5,0.4,0.625
late,12,12,0.6358917257451893,66,2,5,5,0.8,0.12195121951219512
late,11,2,0.5226111823236237,128,2,1,5,0.2,0.10638297872340426
late,6,1,0.6476609085605208,118,1,1,5,0.6,0.21739130434782608
late,1,13,0.21157626311230202,70,1,3,5,0.2,0.04854368932038835
late,13,5,0.48654514428936163,157,3,1,5,0.4,0.38461538461538464
late,5,2,0.5069755662843002,69,1,1,5,0.0,0.18518518518518517
late,13,13,0.15226582437943764,123,3,3,5,0.2,0.7142857142857143
late,1,5,0.5705050309101573,148,1,1,5,0.4,0.23809523809523808
late,13,5,0.48007713905907773,69,1,1,5,0.8,0.22727272727272727
late,5,13,0.3105464513263397,21,1,1,5,0.4,0.18518518518518517
late,4,13,0.2774621814317781,111,1,1,5,0.0,0.3125
late,2,2,0.5645574700574392,131,1,1,5,0.6,0.45454545454545453
late,10,6,0.5290786603546693,106,2,1,5,0.6,0.15625
late,1,5,0.5048280676786251,157,1,1,5,0.4,0.08196721311475409
late,10,13,0.19684866793310837,40,2,3,5,0.0,0.7142857142857143
late,5,5,0.4957200396257904,33,1,1,5,0.8,0.5555555555555556
late,2,6,0.4628667585633979,72,1,1,5,0.4,0.125
late,1,11,0.47799935076571154,136,1,2,5,0.2,0.01529051987767584
late,13,13,0.15694924327186646,90,3,3,5,0.2,0.45454545454545453
late,1,6,0.5854085183993422,64,1,3,5,0.4,0.04065040650406504
late,4,6,0.5348852352455513,19,1,1,5,0.6,0.38461538461538464
late,10,13,0.26402267011041075,8,2,1,5,0.4,0.3333333333333333
late,10,13,0.30380743147368305,22,2,3,5,0.4,0.5
late,13,13,0.304286721576063,64,1,1,5,0.2,0.3125
late,6,2,0.5665875195516592,85,3,1,5,0.8,0.45454545454545453
late,13,13,0.20890389461016676,122,3,3,5,0.4,0.21739130434782608
late,5,5,0.5400650257629906,101,1,1,5,0.2,0.22727272727272727
late,13,2,0.5325242966759053,11,1,1,5,0.6,0.45454545454545453
late,12,13,0.026335398585719014,82,2,0,5,0.0,0.05555555555555555
late,1,1,0.5700252006462662,50,1,1,5,0.2,0.3333333333333333
late,1,5,0.5268734365780172,109,1,1,5,0.6,0.21739130434782608
late,6,6,0.510938110409174,76,1,1,5,0.4,0.20833333333333334
late,13,5,0.49132332027691333,144,1,1,5,0.2,0.5555555555555556
late,6,3,0.5403859871366058,96,3,3,5,0.4,0.25
late,1,6,0.47856130801721936,72,1,3,5,0.6,0.05154639175257732
late,6,6,0.582423753688301,36,1,1,5,0.8,0.5555555555555556
late,4,6,0.46800848372646725,70,1,1,5,0.2,0.2
late,10,13,0.24702112708842427,74,2,3,5,0.4,0.2
late,11,13,0.17199857403843946,70,3,3,5,0.0,0.3333333333333333
late,13,1,0.501751968996271,54,1,1,5,0.4,0.8333333333333334
late,5,1,0.5849215509270784,144,1,1,5,0.8,0.11904761904761904
late,10,5,0.5144855167099455,128,2,1,5,0.6,0.0625
late,7,5,0.5232600726924578,144,1,1,5,0.4,0.8333333333333334
late,10,1,0.47002416013515524,75,2,1,5,0.6,0.7142857142857143
late,11,2,0.5731219252738078,88,2,1,5,0.4,0.3333333333333333
late,10,13,0.296348333856095,85,2,3,5,0.4,0.4166666666666667
late,13,13,0.009828060142705517,72,3,0,5,0.0,0.08064516129032258
late,4,1,0.5000607835905682,110,1,1,5,0.2,0.7142857142857143
late,1,13,0.37221956193872413,57,1,1,5,0.2,0.07042253521126761
late,0,1,0.9061472405385483,88,5,1,5,1.0,0.7142857142857143
late,9,13,0.19273354875223297,10,3,3,5,0.2,0.5
late,14,14,0.289605144215549,41,3,3,5,0.0,0.8333333333333334
late,7,5,0.5194811486911246,136,1,1,5,0.4,0.15625
late,2,1,0.5922714063217098,88,1,1,5,0.6,0.5
late,1,13,0.30397836439015513,12,1,3,5,0.2,0.38461538461538464
late,10,12,0.4538353519304786,127,2,2,5,0.2,0.625
late,1,1,0.5656010821200291,76,1,1,5,0.6,0.4166666666666667
late,5,1,0.5455030692153015,96,1,1,5,0.6,0.1724137931034483
late,1,6,0.5017439825300397,89,1,1,5,0.4,0.4166666666666667
late,13,2,0.5001564029991583,129,1,1,5,0.6,0.3125
late,1,2,0.5155219926875952,107,1,1,5,0.0,0.12195121951219512
late,10,2,0.4975553467975236,96,3,1,5,0.2,0.3333333333333333
late,1,6,0.478426864076244,3,1,1,5,0.2,0.0847457627118644
late,6,6,0.4585378188550726,3,1,1,5,0.4,0.5555555555555556
late,0,2,0.8615953147729809,128,5,1,5,0.6,0.22727272727272727
late,13,2,0.5578447238176656,64,3,1,5,0.4,0.1388888888888889
late,6,2,0.5654391441382336,64,1,1,5,0.6,0.06944444444444445
late,4,1,0.518591862492894,39,1,1,5,1.0,0.35714285714285715
late,4,13,0.2625190757494384,97,1,1,5,0.6,0.35714285714285715
late,1,2,0.01312115076844675,96,1,0,5,0.0,0.015060240963855422
late,13,1,0.5216642624304145,129,1,1,5,0.2,0.3125
late,6,6,0.5033043991177518,89,1,1,5,0.2,0.5
late,2,2,0.5379307735388058,39,1,1,5,0.2,0.625
late,6,2,0.5147557060643637,76,1,1,5,0.4,0.20833333333333334
late,1,5,0.5373966472099138,129,1,1,5,0.4,0.056818181818181816
late,2,2,0.461708595556561,28,1,1,5,0.2,1.0
late,1,1,0.5406694539671151,163,1,1,5,0.6,0.45454545454545453
late,11,2,0.5302857361819191,157,2,1,5,0.6,0.11904761904761904
late,10,13,0.18226064535463982,115,3,1,5,0.2,0.625
late,5,12,0.4930753282994845,155,3,2,5,0.6,0.38461538461538464
late,13,2,0.4749955112205922,157,1,1,5,0.8,0.23809523809523808
late,12,2,0.532781257676833,155,2,1,5,0.4,0.03597122302158273
late,6,5,0.4517905469873392,70,1,1,5,0.2,0.15625
late,10,1,0.5379960152954283,38,2,1,5,0.8,0.3125
late,1,5,0.5251987394742317,140,1,1,5,0.6,0.1
late,1,3,0.6050966420918367,48,1,3,5,0.6,0.5555555555555556
late,12,12,0.48891205767240714,37,5,2,5,0.4,0.4166666666666667
late,6,6,0.49126220836189916,8,1,1,5,0.4,0.29411764705882354
late,13,13,0.2263353319681181,73,1,1,5,0.0,0.38461538461538464
late,10,13,0.20304333508236072,13,2,3,5,0.4,0.4166666666666667
late,5,2,0.4976967528070478,72,1,1,5,0.6,0.19230769230769232
late,2,2,0.5437127930635379,20,1,1,5,0.6,0.7142857142857143
late,10,12,0.4452318035024181,156,2,2,5,0.2,0.5
late,12,2,0.4900402492168808,56,2,1,5,0.6,0.08771929824561403
late,10,1,0.5680526650629556,45,2,1,5,0.8,0.25
late,4,6,0.5731102416178995,96,4,3,5,0.4,0.11904761904761904
late,11,1,0.5527104963267326,122,3,1,5,0.8,0.3125
late,4,5,0.45366936642670397,70,1,1,5,0.4,0.2
late,10,12,0.49678641884735003,56,2,2,5,0.6,0.5
late,2,1,0.46006677296017423,90,1,1,5,0.2,0.5
late,5,1,0.5135676686511955,107,1,1,5,0.6,0.5
late,12,10,0.5002694156198033,49,2,2,5,0.8,0.09615384615384616
late,13,5,0.4861612375394075,136,3,1,5,0.6,0.05952380952380952
late,11,2,0.5850781032995354,101,2,1,5,0.6,0.11363636363636363
late,1,1,0.4624934561845645,130,1,1,5,0.4,0.45454545454545453
late,1,13,0.2923873746807747,76,1,1,5,0.6,0.4166666666666667
late,5,2,0.5554997012991513,20,1,1,5,0.4,0.625
late,10,3,0.4488958733666617,160,2,2,5,0.6,0.22727272727272727
late,1,6,0.47863384125831504,73,1,1,4,0.5,0.10256410256410256
late,13,1,0.4705974663639171,73,1,1,4,0.25,0.3076923076923077
late,6,13,0.2386692320299037,35,1,3,4,0.0,0.36363636363636365
late,10,13,0.24237658383042446,69,2,3,4,0.75,0.11428571428571428
late,4,1,0.5907538418577898,96,4,1,4,0.5,0.09523809523809523
late,6,6,0.5619342945547307,112,1,1,4,0.75,0.3333333333333333
late,1,5,0.531866972579174,122,1,1,4,0.5,0.04819277108433735
late,13,13,0.1932581292939921,158,3,3,4,0.25,0.3333333333333333
late,1,2,0.5438432834790441,33,1,1,4,0.5,0.4444444444444444
late,11,1,0.5696646743673143,76,2,1,4,0.5,0.5714285714285714
late,13,5,0.5335579192047708,112,1,1,4,1.0,0.2
late,10,5,0.5261052549849174,76,2,1,4,0.5,0.15384615384615385
late,10,3,0.5542895759258124,116,2,3,4,0.75,0.2
late,5,2,0.5292008269569773,33,1,1,4,0.5,0.4444444444444444
late,1,1,0.6264544660156129,84,1,1,4,0.75,0.6666666666666666
late,4,2,0.5740123755720974,96,4,1,4,0.5,0.09523809523809523
late,11,13,0.21485883974679032,136,2,3,4,0.5,0.09302325581395349
late,13,2,0.5040823717060848,76,1,1,4,0.75,0.11764705882352941
late,5,1,0.47894980275537874,115,1,1,4,0.75,0.10810810810810811
late,10,1,0.5528697788191184,76,2,1,4,0.75,0.15384615384615385
late,13,6,0.5553389202136835,112,1,1,4,0.5,0.2
late,10,2,0.5351320920377769,76,2,1,4,0.75,0.15384615384615385
late,11,1,0.6022995170053369,137,2,1,4,0.75,0.8
late,7,6,0.5234749024632266,76,1,1,4,0.5,0.4444444444444444
late,4,6,0.4963159098087773,122,1,1,4,0.0,0.16666666666666666
late,2,13,0.1988215062447906,72,1,3,4,0.0,0.1
late,12,12,0.4747967410707702,121,2,2,4,0.25,0.8
late,10,7,0.4963698316650552,136,2,1,4,0.75,0.022598870056497175
late,6,6,0.5785052765193672,85,3,3,4,0.5,0.36363636363636365
late,13,1,0.5719690675470231,64,1,1,4,0.25,0.25
late,13,13,0.28079966204396883,85,3,3,4,0.0,0.6666666666666666
late,10,3,0.5764808985911635,111,2,3,4,0.5,0.13793103448275862
late,1,6,0.5544871912291162,101,1,3,4,0.25,0.03508771929824561
late,0,1,0.8539620539749498,72,5,1,4,0.75,0.3333333333333333
late,5,1,0.5276743211968697,69,1,1,4,0.25,0.14814814814814814
late,1,11,0.38501268993439536,94,1,2,4,0.25,0.21052631578947367
late,7,9,0.43831595156262915,100,1,2,4,0.25,0.36363636363636365
late,10,13,0.3331046230319506,148,2,1,4,0.25,0.3076923076923077
late,1,3,0.48608552181570497,94,1,3,4,0.25,0.21052631578947367
late,1,10,0.3743302519376738,95,1,2,4,0.0,0.4444444444444444
late,11,1,0.5975869933410234,101,3,1,4,0.75,0.6666666666666666
late,4,2,0.48657228424031584,70,1,1,4,0.75,0.16
late,6,6,0.519921804081418,100,2,2,4,0.5,0.23529411764705882
late,6,5,0.5373181580090706,148,1,1,4,0.5,0.4
late,5,1,0.5817019331905002,148,1,1,4,0.5,0.25
late,10,5,0.5514601292183902,101,2,1,4,0.75,0.08695652173913043
late,10,1,0.4744755509420944,92,2,1,4,0.25,0.23529411764705882
late,1,2,0.5904163162431626,148,1,1,4,1.0,0.19047619047619047
late,13,13,0.17764086253157588,92,3,3,4,0.25,0.19047619047619047
late,6,2,0.5076269873447651,157,1,1,4,0.75,0.18181818181818182
late,11,2,0.48470383716106785,70,3,1,4,0.25,0.26666666666666666
late,12,2,0.5515049360230366,49,2,1,4,0.25,0.07692307692307693
late,13,6,0.45785330866696805,70,3,1,4,0.5,0.21052631578947367
late,10,10,0.6300413463363743,155,2,5,4,0.5,0.04878048780487805
late,1,13,0.2441885713560477,3,1,1,4,0.0,0.06779661016949153
late,1,2,0.5807208234997474,21,1,1,4,0.75,0.04040404040404041
late,10,6,0.4786918184086549,3,2,1,4,0.75,0.11764705882352941
late,6,2,0.5649733830863229,50,3,1,4,0.75,0.2222222222222222
late,6,13,0.19573257698638521,72,3,3,4,0.25,0.16
late,1,13,0.2512027917171807,50,1,3,4,0.0,0.26666666666666666
late,0,13,0.6646571241494867,96,5,1,4,0.5,0.08163265306122448
late,12,2,0.4418065054065084,139,2,1,4,0.75,0.10526315789473684
late,12,13,0.1872161201935072,139,2,3,4,0.0,0.10526315789473684
late,1,5,0.5871807693349121,12,1,1,4,0.5,0.3076923076923077
late,6,2,0.5167235162472611,72,3,1,4,0.5,0.16
late,10,6,0.5166616343838829,104,2,3,4,0.75,0.5714285714285714
late,12,5,0.40783676450322387,139,2,3,4,0.25,0.10526315789473684
late,3,3,0.6621349226363457,21,3,3,4,0.75,0.8
late,13,13,0.2401515938176353,45,3,3,4,0.0,0.5
late,11,13,0.18661065845306984,72,3,3,4,0.0,0.2
late,1,1,0.5979550802964315,45,1,1,4,0.5,0.23529411764705882
late,12,12,0.42415929873761277,127,2,2,4,0.5,0.36363636363636365
late,2,2,0.5994624850336449,112,1,1,4,0.5,0.36363636363636365
late,1,6,0.498388558720526,34,1,3,4,0.5,0.21052631578947367
late,2,2,0.581284025080538,45,1,1,4,1.0,0.8
late,5,5,0.5047779161957543,96,1,1,4,0.75,0.13793103448275862
late,6,6,0.591749479743154,112,3,3,4,0.0,0.4
late,10,13,0.21184832975048387,17,2,3,4,0.5,0.4444444444444444
late,6,1,0.5200576632972089,34,3,1,4,0.75,0.5714285714285714
late,10,1,0.5336739661845948,157,2,1,4,0.75,0.11764705882352941
late,10,13,0.289705522111119,12,2,3,4,0.25,0.36363636363636365
late,2,6,0.5118612068820824,104,1,3,4,0.5,0.8
late,11,2,0.5007901070701158,138,2,1,4,0.5,0.25
late,6,2,0.49532824164602635,138,1,1,4,0.25,0.3333333333333333
late,4,2,0.5035022349812782,69,1,1,4,0.5,0.36363636363636365
late,11,2,0.5480755168787662,35,2,1,4,0.5,0.17391304347826086
late,6,6,0.5281523426786002,35,1,1,4,0.5,0.36363636363636365
late,2,2,0.5573887414993132,35,1,1,4,0.25,0.8
late,0,1,0.8625750849676983,69,5,1,4,0.75,0.5
late,2,5,0.5506961963245712,14,1,1,4,0.5,0.2857142857142857
late,10,10,0.4708590076701613,133,2,2,4,0.5,0.10256410256410256
late,0,1,0.9057353631417758,14,5,1,4,1.0,0.4
late,11,13,0.2473155138128305,35,2,3,4,0.0,0.17391304347826086
late,4,6,0.5146988758063722,35,1,1,4,0.75,0.4
late,3,1,0.520553032275176,115,3,1,4,0.25,0.5714285714285714
late,11,1,0.5685528644969213,35,2,1,4,1.0,0.17391304347826086
late,7,1,0.5541128822004082,136,1,1,4,1.0,0.125
late,11,10,0.49667324566564813,136,2,2,4,0.75,0.09302325581395349
late,1,13,0.28054848421205203,38,1,1,4,0.0,0.2222222222222222
late,6,5,0.4618795721724011,2,3,3,4,0.75,0.3076923076923077
late,2,6,0.4828155494596758,133,1,3,4,0.25,0.1111111111111111
late,4,1,0.5419665083465133,157,1,1,4,0.75,0.36363636363636365
late,1,6,0.5157392766715411,69,1,3,4,0.75,0.08695652173913043
late,2,13,0.22426953927082693,69,1,3,4,0.5,0.11428571428571428
late,6,13,0.2157678577848307,69,3,3,4,0.0,0.19047619047619047
late,6,1,0.5583998997480493,129,1,1,4,1.0,0.3076923076923077
late,6,13,0.23717268730678737,129,1,3,4,0.5,0.3076923076923077
late,1,13,0.24548750913668702,122,1,3,4,0.25,0.04819277108433735
late,6,13,0.22719162393188766,136,1,3,4,0.0,0.0975609756097561
late,13,1,0.585458724122018,153,3,1,4,0.75,0.057971014492753624
late,13,13,0.2668536205853321,49,3,3,4,0.25,0.8
late,2,2,0.6005215084839676,153,1,1,4,0.5,0.23529411764705882
late,10,2,0.48798895958180505,138,2,1,4,0.25,0.3333333333333333
late,1,1,0.5561143799115968,133,1,1,4,0.75,0.2222222222222222
late,4,13,0.21028112714673286,39,1,3,4,0.0,0.2857142857142857
late,7,2,0.4908808200611154,107,3,1,4,0.25,0.8
late,1,5,0.4916998328208235,107,1,1,4,0.5,0.0975609756097561
late,6,2,0.012280635211540292,138,1,0,4,0.0,0.3333333333333333
late,13,13,0.020122106595736072,153,3,0,4,0.0,0.057971014492753624
late,1,13,0.23575065010431437,39,1,3,4,0.0,0.21052631578947367
late,11,1,0.5460125760501499,133,3,1,4,0.5,0.5714285714285714
late,10,2,0.5240445358199746,129,3,1,4,0.75,0.36363636363636365
late,1,2,0.5415480296634327,133,1,1,4,0.75,0.2222222222222222
late,10,2,0.4534510551113156,115,2,1,4,0.25,0.10526315789473684
late,10,5,0.5108117217393855,38,2,1,4,0.5,0.25
late,11,11,0.5051184257496759,157,2,2,4,0.5,0.09523809523809523
late,4,1,0.5463938444591525,129,1,1,4,0.75,0.2222222222222222
late,7,13,0.2366278125150815,122,1,1,4,0.5,0.2222222222222222
late,13,13,0.2205889746139058,1,1,1,4,0.25,0.5714285714285714
late,0,1,0.84834276242696,39,5,1,4,1.0,0.6666666666666666
late,13,1,0.5210335949841275,136,1,1,4,0.75,0.07547169811320754
late,4,13,0.23227051169527202,132,1,3,4,0.5,0.36363636363636365
late,10,13,0.284412716025697,38,2,1,4,0.25,0.25
late,6,2,0.5261389998290661,122,1,1,4,0.5,0.18181818181818182
late,4,13,0.23962984036164903,122,1,1,4,0.25,0.16666666666666666
late,2,2,0.5561602534057736,149,1,1,4,1.0,0.8
late,1,2,0.5318301734062887,39,1,1,4,0.25,0.21052631578947367
late,11,1,0.5214612537917781,62,2,1,4,0.5,0.36363636363636365
late,11,6,0.5427630776335111,96,2,1,4,0.25,0.0392156862745098
late,9,3,0.6482698761515329,82,2,3,4,0.25,0.2857142857142857
late,10,3,0.4975730578528488,141,2,3,4,0.5,0.36363636363636365
late,13,12,0.4348239131990664,11,1,2,4,0.25,0.36363636363636365
late,10,13,0.3256422860887183,82,2,3,4,0.5,0.03278688524590164
late,13,5,0.5499101876790822,113,3,3,4,0.75,0.5
late,2,2,0.5751523221340381,144,1,1,4,0.25,0.36363636363636365
late,10,6,0.39569956008328333,108,2,1,4,0.0,0.5
late,4,6,0.5299792781968624,144,1,1,4,0.75,1.0
late,10,2,0.5958583863265028,22,2,1,4,0.25,0.4
late,10,10,0.44358657700183796,141,2,2,4,0.75,0.36363636363636365
late,6,1,0.5689783729915372,144,1,1,4,0.75,0.0784313725490196
late,13,5,0.48205407727748173,150,3,1,4,0.0,0.13333333333333333
late,11,1,0.5211019242596362,138,2,1,4,0.5,0.25
late,13,2,0.561277920182738,22,3,1,4,0.75,0.4
late,13,2,0.5239938893508712,144,3,1,4,0.0,0.15384615384615385
late,13,2,0.5352015018115386,47,1,1,4,1.0,0.6666666666666666
late,1,1,0.5278034080149557,32,1,1,4,0.75,0.19047619047619047
late,13,1,0.5419636361134003,101,1,1,4,0.5,0.3333333333333333
late,11,7,0.4672492848014566,70,2,1,4,0.25,0.07017543859649122
late,4,1,0.6388140565545851,153,4,1,4,0.75,0.2
late,12,9,0.6059265377030312,82,2,2,4,0.75,0.044444444444444446
late,1,11,0.43456553678714166,32,1,2,4,0.5,0.19047619047619047
late,2,1,0.6138070273752105,11,1,1,4,0.75,0.26666666666666666
late,10,2,0.5447569861949852,136,5,1,4,0.25,0.6666666666666666
late,10,1,0.5795382512040625,101,2,1,4,0.5,0.08695652173913043
late,12,12,0.4921014710047499,11,2,3,4,1.0,0.06896551724137931
late,6,1,0.5758506467457939,111,1,1,4,0.5,0.5
late,5,1,0.5520336561751187,157,1,1,4,0.75,0.4
late,1,14,0.24538732237959124,62,1,1,4,0.0,0.18181818181818182
late,10,6,0.5218789468958728,150,2,1,4,0.5,0.19047619047619047
late,10,13,0.26288764981074464,70,2,1,4,0.25,0.09090909090909091
late,13,13,0.23784570603848548,25,3,3,4,0.25,0.4
late,13,2,0.4911128090750882,150,3,1,4,0.25,0.13333333333333333
late,6,2,0.5651732533343191,43,1,1,4,0.5,0.4
late,11,1,0.5401548194353596,150,2,1,4,0.75,0.5
late,13,2,0.513717195898306,25,3,1,4,0.5,0.4
late,11,11,0.47381728642385357,70,2,2,4,1.0,0.07017543859649122
late,4,2,0.4930618018743564,72,1,1,4,0.25,0.07142857142857142
late,2,2,0.5318128525152983,150,1,1,4,0.5,0.2857142857142857
late,11,13,0.2092021220346779,132,2,3,4,0.5,0.23529411764705882
late,6,5,0.42640130075733257,92,1,1,4,0.0,0.15384615384615385
late,5,1,0.5419999059689581,62,1,1,4,0.0,0.6666666666666666
late,10,13,0.23246755936817606,132,2,3,4,0.25,0.16
late,13,6,0.5038318639892911,150,3,1,4,0.25,0.13333333333333333
late,1,2,0.63962519110188,36,1,1,4,0.5,0.5714285714285714
late,13,6,0.5250557145680126,19,3,1,4,0.5,0.3333333333333333
late,1,6,0.5859063649842194,113,1,1,4,0.75,0.3333333333333333
late,1,13,0.28833025315504923,129,1,1,4,0.0,0.045454545454545456
late,1,5,0.5645909814642559,111,1,1,4,0.75,0.056338028169014086
late,2,2,0.6178866185077134,36,1,1,4,0.75,0.8
late,1,11,0.5413136314466455,64,1,2,4,0.75,0.032520325203252036
late,10,6,0.5761994853350412,64,2,1,4,0.75,0.05194805194805195
late,1,13,0.27689004800989103,43,1,3,4,0.0,0.36363636363636365
late,7,1,0.5861630483565381,111,1,1,4,0.25,1.0
late,2,1,0.6055975251541773,64,1,1,4,0.75,0.18181818181818182
late,6,13,0.25107314013302323,144,1,3,4,0.0,0.0784313725490196
late,1,13,0.011403122283885412,37,1,0,4,0.0,0.19047619047619047
late,11,1,0.5671894485508989,20,2,1,4,0.5,0.6666666666666666
late,6,5,0.46431466082971373,72,1,1,4,0.0,0.08333333333333333
late,11,1,0.5901328270264772,113,2,1,4,0.5,1.0
late,11,6,0.5880520720328233,74,2,1,4,0.25,0.4
late,12,5,0.45964701495977967,37,2,3,4,0.0,0.07547169811320754
late,13,13,0.1907485681619479,13,3,3,4,0.0,0.5
late,10,5,0.5347230358328522,144,2,1,4,0.5,0.0784313725490196
late,1,3,0.46311990773402717,160,1,2,4,0.25,0.3333333333333333
late,10,13,0.27458854992768655,31,2,3,4,0.25,0.5
late,10,6,0.5780878096735076,64,2,3,4,0.25,0.05194805194805195
late,1,3,0.6398674250267233,11,1,3,4,1.0,0.2222222222222222
late,10,4,0.5443312206373873,96,2,1,4,1.0,0.03333333333333333
late,6,6,0.5509921981420807,19,1,1,4,0.75,0.26666666666666666
late,2,6,0.5498481533809084,64,1,3,4,0.75,0.18181818181818182
late,10,3,0.5915436523067332,21,2,1,4,0.25,0.06451612903225806
late,0,10,0.7403504900562116,96,5,2,4,0.75,0.08163265306122448
late,11,1,0.5900042762682307,74,2,1,4,0.25,0.4
late,13,5,0.3950382868355631,115,1,1,4,0.75,0.15384615384615385
late,2,2,0.6034094265327298,31,1,1,4,0.5,0.4
late,11,5,0.44909417656484624,115,2,1,4,0.0,0.23529411764705882
late,11,2,0.5613163708797528,19,3,1,4,0.25,0.26666666666666666
late,14,14,0.19050747830757125,19,1,1,4,0.0,0.5714285714285714
late,3,3,0.6292978279355783,96,1,1,4,0.75,0.8
late,6,5,0.511828801622959,128,1,1,4,0.25,0.06060606060606061
late,1,5,0.5611331305375835,64,1,3,4,1.0,0.032520325203252036
late,10,13,0.013314978746080926,96,2,0,4,0.0,0.03333333333333333
late,3,2,0.5793225829577532,96,3,1,4,0.75,0.16666666666666666
late,10,1,0.5652212574247559,155,2,1,4,0.75,0.04878048780487805
late,1,6,0.6238988565997532,57,1,1,4,0.75,0.056338028169014086
late,1,3,0.6072918852438144,155,1,3,4,0.75,0.4444444444444444
late,1,6,0.4508216964070265,115,1,1,4,0.5,0.04938271604938271
late,6,6,0.44199634547009253,115,1,1,4,0.5,0.18181818181818182
late,13,13,0.22406469950344773,43,3,3,4,0.75,0.25
late,13,13,0.1779180233357686,97,1,1,4,0.0,0.3333333333333333
late,5,5,0.4811375119901335,110,1,1,4,0.5,0.4
late,6,13,0.2279002771378319,72,1,1,4,1.0,0.08333333333333333
late,0,10,0.7644753697601907,74,5,2,4,0.5,0.36363636363636365
late,10,2,0.5076969580831762,97,2,1,4,0.75,0.8
late,13,2,0.5101441056189742,74,3,1,4,0.75,0.4444444444444444
late,2,2,0.013441576624268415,96,1,0,4,0.0,0.035398230088495575
late,6,2,0.5056703252536069,0,1,1,4,0.75,0.6666666666666666
late,4,13,0.012458664591648962,96,1,0,4,0.0,0.02666666666666667
late,10,1,0.5635707669413159,74,2,1,4,0.75,0.16
late,5,13,0.2567493160002797,144,1,3,4,0.75,0.09523809523809523
late,6,5,0.4476339280478128,110,1,1,4,0.25,0.3076923076923077
late,6,1,0.5580607145833049,106,1,1,4,1.0,0.15384615384615385
late,6,5,0.5695808624764253,64,3,3,4,1.0,0.0975609756097561
late,12,12,0.4992160844288065,66,3,2,4,0.5,1.0
late,11,1,0.5424268965430707,110,2,1,4,1.0,0.4444444444444444
late,1,3,0.593939189222978,128,1,1,4,0.75,0.019417475728155338
late,11,6,0.5695563824288337,106,2,1,4,0.75,0.15384615384615385
late,5,2,0.5755923634913154,64,1,1,4,1.0,0.1
late,6,2,0.5568328261554067,74,1,1,4,0.75,0.5
late,13,2,0.5974282782346594,30,3,1,4,0.75,0.26666666666666666
late,6,6,0.5352672044738231,50,2,2,4,0.5,0.5714285714285714
late,11,1,0.4423008246646946,90,2,1,4,0.25,0.36363636363636365
late,9,3,0.6094214725010731,53,5,2,4,0.75,0.3333333333333333
late,5,1,0.466588797702166,90,1,1,4,0.5,0.5714285714285714
late,2,2,0.008843052336455728,67,1,0,4,0.0,0.3076923076923077
late,2,6,0.5130345083551697,128,1,1,4,0.75,0.10526315789473684
late,6,2,0.47658339690019547,67,1,1,4,0.25,0.5
late,6,2,0.448035324509418,126,1,1,4,0.75,0.26666666666666666
late,12,12,0.5401499228105973,156,2,5,4,0.5,0.08888888888888889
late,13,13,0.3177199818614082,118,3,3,4,0.0,0.4
late,5,5,0.4460929600107247,73,1,1,4,0.5,0.2857142857142857
late,1,1,0.5855112049674008,23,1,1,4,0.75,0.36363636363636365
late,6,2,0.6291100714622738,118,1,1,4,0.5,0.17391304347826086
late,6,3,0.4797986157508868,105,3,2,4,0.75,0.8
late,10,2,0.5021233037337464,163,2,1,4,0.25,0.5714285714285714
late,10,13,0.2716753265049357,142,2,3,4,0.0,0.36363636363636365
late,6,1,0.528674920746482,89,1,1,4,0.5,0.4
late,6,5,0.5289631966889388,101,3,3,4,0.75,0.3076923076923077
late,5,5,0.5333669919555893,106,3,3,4,0.25,0.6666666666666666
late,1,6,0.6412578868042724,118,1,1,4,1.0,0.23529411764705882
late,10,2,0.5663623743375429,21,2,1,4,0.25,0.06451612903225806
late,1,1,0.5087314397943485,86,1,1,4,0.75,0.4444444444444444
late,1,10,0.48418493903215043,64,1,2,4,0.0,0.032520325203252036
late,5,1,0.4711485871630072,86,1,1,4,0.75,0.5
late,12,5,0.44048950894450256,102,2,3,4,0.25,0.125
late,1,10,0.43170947917361546,96,1,2,4,0.0,0.012048192771084338
late,6,6,0.4590097783814959,158,1,1,4,0.25,0.36363636363636365
late,6,5,0.49754542231177445,136,1,1,4,0.25,0.0975609756097561
late,5,6,0.5482313536333885,101,1,3,4,0.25,0.18181818181818182
late,1,1,0.6602357117837073,44,1,1,4,0.75,0.5
late,3,1,0.5766144224540639,136,3,1,4,0.5,0.2857142857142857
late,5,13,0.27385321696721115,136,1,1,4,0.25,0.04597701149425287
late,13,13,0.24466356421715568,8,1,1,4,0.75,0.23529411764705882
late,1,6,0.45879995621696673,151,1,1,4,0.5,0.3333333333333333
late,6,13,0.2418457734683195,8,1,1,4,0.25,0.23529411764705882
late,2,1,0.5722924020546513,159,1,1,4,0.75,0.6666666666666666
late,13,13,0.016786152420793964,21,1,0,4,0.0,0.14285714285714285
late,5,13,0.35826375664127696,57,1,1,4,0.0,0.14814814814814814
late,13,13,0.2071006595263569,159,3,3,4,0.0,0.4444444444444444
late,1,1,0.6045194787634511,43,1,1,4,0.75,0.36363636363636365
late,1,13,0.013179161427333113,96,1,0,4,0.0,0.012048192771084338
late,14,12,0.42420045991619554,11,1,2,4,0.25,0.5714285714285714
late,10,1,0.44306225366704594,160,2,1,4,0.25,0.18181818181818182
late,1,13,0.2664671743030102,62,1,1,4,0.5,0.18181818181818182
late,3,3,0.6122923203488233,48,3,3,4,0.5,0.4
late,10,13,0.15366143330605112,4,2,3,4,0.0,0.3076923076923077
late,10,13,0.16525878779191863,134,1,1,4,0.25,1.0
late,10,6,0.5904271966781093,80,2,1,4,0.75,0.6666666666666666
late,13,6,0.560965244205956,111,1,1,4,0.75,0.25
late,12,2,0.44350519917245096,156,2,1,4,0.5,0.08888888888888889
late,13,6,0.4523077782164427,92,3,1,4,0.25,0.19047619047619047
late,10,1,0.44148009703333774,4,2,1,4,0.5,0.3076923076923077
late,12,13,0.2993848284852716,11,2,1,4,0.25,0.06896551724137931
late,13,1,0.4543084815696153,126,3,1,4,0.5,0.5714285714285714
late,1,13,0.30861029214147057,144,1,1,3,0.3333333333333333,0.03529411764705882
late,12,10,0.39861247059553934,156,2,2,3,0.3333333333333333,0.06666666666666667
late,1,3,0.6488608846002736,153,1,3,3,0.6666666666666666,0.04411764705882353
late,12,12,0.37453563080915386,15,2,2,3,0.0,0.5
late,11,7,0.5350972416473583,144,2,1,3,0.3333333333333333,0.10714285714285714
late,11,1,0.6143961876707018,101,5,1,3,0.6666666666666666,0.75
late,10,9,0.6292302073735557,82,2,2,3,0.6666666666666666,0.02459016393442623
late,12,1,0.4631032054589796,156,2,1,3,0.6666666666666666,0.06666666666666667
late,2,1,0.5872269210869518,144,1,1,3,1.0,0.2727272727272727
late,3,3,0.49546293836584343,160,2,2,3,0.3333333333333333,0.75
late,11,13,0.3038627001637224,101,2,1,3,0.6666666666666666,0.06818181818181818
late,1,5,0.4002135837900361,160,1,3,3,0.0,0.25
late,1,6,0.4941194629141695,110,1,1,3,0.6666666666666666,0.21428571428571427
late,11,4,0.4979298205659865,92,2,4,3,0.6666666666666666,0.6
late,5,1,0.5817286295904368,101,1,1,3,0.6666666666666666,0.13636363636363635
late,5,1,0.5224014160713206,110,1,1,3,0.0,0.3
late,11,7,0.4924820896393728,128,2,1,3,0.6666666666666666,0.06382978723404255
late,10,13,0.2247411748620989,34,2,3,3,0.0,0.42857142857142855
late,1,2,0.5899789958660722,45,1,1,3,0.3333333333333333,0.17647058823529413
late,11,1,0.49260112072416257,29,2,1,3,0.3333333333333333,0.6
late,10,13,0.2447910386514195,110,2,1,3,0.3333333333333333,0.375
late,10,12,0.5182747753118647,155,4,2,3,0.6666666666666666,0.42857142857142855
late,13,13,0.23882466462089488,101,1,1,3,0.3333333333333333,0.25
late,6,1,0.5520471056206248,21,2,1,3,0.3333333333333333,0.42857142857142855
late,11,1,0.48553249004326,151,2,1,3,0.6666666666666666,0.6
late,10,10,0.48530736164163657,96,2,2,3,0.0,0.025
late,1,1,0.5006939405800177,16,1,1,3,1.0,0.375
late,6,6,0.5713996059604696,50,3,3,3,1.0,0.16666666666666666
late,1,10,0.3345930731904658,94,1,2,3,0.3333333333333333,0.15789473684210525
late,1,10,0.3750703085375362,3,1,2,3,0.0,0.05084745762711865
late,10,2,0.5455351284462965,111,2,1,3,0.3333333333333333,0.10344827586206896
late,11,1,0.6066210645162221,31,2,1,3,1.0,0.6
late,13,1,0.43943941390424335,115,1,1,3,0.3333333333333333,0.11538461538461539
late,6,1,0.43994263540159284,98,1,3,3,0.0,0.42857142857142855
late,1,13,0.31184414133503585,31,1,3,3,0.3333333333333333,0.42857142857142855
late,1,13,0.017403920018415734,21,1,0,3,0.0,0.030303030303030304
late,10,6,0.5467664956186009,144,2,1,3,0.0,0.058823529411764705
late,10,10,0.7150394345816833,82,2,4,3,1.0,0.02459016393442623
late,10,2,0.579035154140895,149,2,1,3,0.6666666666666666,0.6
late,5,2,0.5352420834382383,132,1,1,3,0.0,0.25
late,1,6,0.49306311036107253,71,1,1,3,0.6666666666666666,0.3
late,10,10,0.4230806407764089,114,2,2,3,0.0,0.21428571428571427
late,2,2,0.5083743395396683,65,1,1,3,0.6666666666666666,0.42857142857142855
late,2,13,0.28794743970776665,148,1,1,3,0.0,0.12
late,5,1,0.5282200526768365,34,3,1,3,1.0,0.42857142857142855
late,10,6,0.47728945883246965,105,2,3,3,0.3333333333333333,0.07317073170731707
late,3,3,0.6989390273069345,153,3,3,3,1.0,0.6
late,10,3,0.5539016302866201,136,2,3,3,0.3333333333333333,0.01694915254237288
late,0,6,0.8477862844333434,157,5,1,3,0.3333333333333333,0.3
late,1,6,0.4530008491073135,90,1,1,3,0.3333333333333333,0.125
late,2,13,0.28402743586055523,31,1,3,3,0.6666666666666666,0.3
late,6,1,0.5168377578411206,107,1,1,3,0.3333333333333333,0.25
late,4,1,0.5254158592278508,70,4,1,3,0.3333333333333333,0.375
late,12,3,0.5009457033450894,102,2,3,3,0.6666666666666666,0.09375
late,4,6,0.5057909960945817,101,1,1,3,1.0,0.09375
late,12,14,0.19538061059847425,102,2,3,3,0.3333333333333333,0.09375
late,2,6,0.5330270007648744,101,1,3,3,0.3333333333333333,0.08333333333333333
late,1,1,0.6355522309466896,31,1,1,3,0.6666666666666666,0.42857142857142855
late,4,2,0.5349646919905902,101,1,1,3,0.6666666666666666,0.09375
late,13,13,0.20290788043997726,65,1,1,3,0.3333333333333333,0.6
late,9,13,0.20682028856548434,5,2,3,3,0.6666666666666666,0.14285714285714285
late,2,1,0.6176878463112188,31,1,1,3,0.6666666666666666,0.3
late,1,13,0.2269878229110924,29,1,1,3,0.3333333333333333,0.2727272727272727
late,1,1,0.5366276085172158,89,1,1,3,0.3333333333333333,0.25
late,2,1,0.5460519930375833,109,1,1,3,0.0,0.75
late,12,13,0.3249184906415011,82,2,3,3,0.0,0.03333333333333333
late,12,10,0.4298198949882072,78,2,2,3,0.3333333333333333,0.07142857142857142
late,6,1,0.6165611236365001,57,3,1,3,0.6666666666666666,0.5
late,5,13,0.2583741142394431,109,1,1,3,0.3333333333333333,0.1875
late,12,5,0.5829709596414354,82,2,2,3,0.0,0.03333333333333333
late,13,5,0.48022949764957046,128,3,1,3,1.0,0.046153846153846156
late,13,13,0.17648779391808891,46,3,3,3,0.0,0.6
late,11,3,0.5726651796492743,111,2,3,3,0.3333333333333333,0.04838709677419355
late,10,13,0.31080564701579705,101,2,1,3,0.6666666666666666,0.06521739130434782
late,10,10,0.5408252823874684,64,2,2,3,0.3333333333333333,0.03896103896103896
late,10,2,0.5506848556312767,45,2,1,3,0.3333333333333333,0.15
late,10,12,0.5764644882225821,51,2,2,3,0.3333333333333333,0.25
late,3,3,0.57588612033772,141,3,3,3,0.3333333333333333,1.0
late,1,3,0.6305265605272371,111,1,3,3,0.3333333333333333,0.04225352112676056
late,5,1,0.5406414786072365,109,1,1,3,0.3333333333333333,0.1875
late,10,13,0.19498381110440627,161,2,3,3,0.3333333333333333,0.6
late,11,3,0.6223745988323521,64,2,3,3,0.6666666666666666,0.09090909090909091
late,1,3,0.5435915579812114,6,1,3,3,0.3333333333333333,1.0
late,10,5,0.6015705494057102,82,2,3,3,0.3333333333333333,0.02459016393442623
late,4,13,0.2285354943471249,72,1,1,3,0.0,0.05357142857142857
late,6,1,0.6255478058393286,64,3,1,3,0.3333333333333333,0.07317073170731707
late,3,5,0.6356547751689909,82,3,3,3,0.3333333333333333,0.16666666666666666
late,10,10,0.5166205078548441,145,2,2,3,1.0,0.25
late,10,2,0.4950406648208224,89,3,1,3,1.0,0.3333333333333333
late,1,6,0.423702446322101,154,1,1,3,0.0,0.75
late,6,6,0.5231648767122064,96,3,3,3,0.3333333333333333,0.15
late,13,2,0.5316706287626345,11,3,1,3,0.3333333333333333,0.2727272727272727
late,1,5,0.5224850626510872,132,1,3,3,0.3333333333333333,0.033707865168539325
late,10,6,0.5712915550082334,21,2,2,3,0.0,0.04838709677419355
late,10,10,0.5109207315386365,111,2,2,3,0.3333333333333333,0.10344827586206896
late,6,2,0.5861338315326927,36,1,1,3,0.6666666666666666,0.3333333333333333
late,1,1,0.024322737099975705,57,1,0,3,0.0,0.04225352112676056
late,10,1,0.48623738328348065,42,2,1,3,0.3333333333333333,0.23076923076923078
late,1,1,0.01380229520127841,132,1,0,3,0.0,0.033707865168539325
late,12,12,0.4510050176665696,156,5,2,3,0.6666666666666666,0.42857142857142855
late,3,3,0.6162545763375877,34,3,3,3,1.0,0.75
late,10,1,0.52112714884897,48,2,1,3,0.6666666666666666,1.0
late,10,10,0.3531922104279293,94,2,3,3,0.3333333333333333,0.10714285714285714
late,1,6,0.44841407109385595,29,1,1,3,0.6666666666666666,0.2727272727272727
late,5,5,0.4738845887665219,107,1,1,3,0.0,0.3
late,10,7,0.5376782658856502,21,2,1,3,0.3333333333333333,0.04838709677419355
late,1,6,0.4919756547379102,46,1,1,3,1.0,0.42857142857142855
late,5,3,0.6363884994958787,82,1,3,3,0.6666666666666666,0.75
late,4,5,0.49974614937375866,109,1,1,3,1.0,0.75
late,11,4,0.5707620161507623,111,2,1,3,0.3333333333333333,0.04838709677419355
late,5,6,0.4698407955083275,46,1,1,3,0.0,1.0
late,1,3,0.5161790446120738,124,1,3,3,1.0,0.3333333333333333
late,14,14,0.2183923535227883,21,1,1,3,0.3333333333333333,1.0
late,10,13,0.18903410397204634,46,3,3,3,0.0,0.75
late,10,6,0.5622393938743736,50,2,3,3,1.0,0.23076923076923078
late,10,1,0.6129398455576459,12,2,1,3,0.3333333333333333,0.2727272727272727
late,13,6,0.39948693390249684,24,3,1,3,0.0,0.6
late,7,13,0.25989186930256414,50,1,3,3,0.3333333333333333,0.5
late,5,1,0.5305313160788344,54,1,1,3,0.0,0.6
late,4,1,0.6037431596671216,101,4,1,3,0.3333333333333333,0.42857142857142855
late,10,13,0.013578370395016017,136,2,0,3,0.0,0.01694915254237288
late,10,6,0.47245043276019155,42,2,3,3,0.6666666666666666,0.23076923076923078
late,1,13,0.29521909850475875,109,1,1,3,0.0,0.13043478260869565
late,11,13,0.19117257377851887,106,3,3,3,0.3333333333333333,0.6
late,10,5,0.47448280179673424,107,2,1,3,0.0,0.12
late,3,1,0.5708245442435318,48,3,1,3,0.3333333333333333,0.3
late,10,13,0.014907222805573972,132,2,0,3,0.0,0.12
late,13,13,0.23204036577230794,109,1,1,3,0.0,0.5
late,7,1,0.5436213356005327,96,1,1,3,1.0,0.3333333333333333
late,11,1,0.5186804123499081,107,2,1,3,0.0,0.42857142857142855
late,12,5,0.4101147707666369,156,2,3,3,0.3333333333333333,0.06666666666666667
late,10,5,0.511875109591235,128,3,1,3,0.6666666666666666,0.08823529411764706
late,12,3,0.5026694401852332,78,2,3,3,0.0,0.07142857142857142
late,5,6,0.620535533955038,57,1,1,3,0.6666666666666666,0.1111111111111111
late,10,3,0.4439869706335817,94,2,3,3,0.3333333333333333,0.10714285714285714
late,10,13,0.2976896756505286,144,2,1,3,0.0,0.058823529411764705
late,13,6,0.505755206816124,136,1,1,3,0.0,0.05660377358490566
late,11,2,0.5295380684889207,136,2,1,3,0.3333333333333333,0.06976744186046512
late,4,6,0.5081573744213513,136,1,1,3,0.6666666666666666,0.125
late,6,13,0.2687299058992739,80,1,3,3,0.0,0.375
late,8,2,0.5726155066844294,11,3,1,3,0.0,0.5
late,13,13,0.2223160910522132,129,3,3,3,0.0,0.125
late,1,2,0.44331723812207213,4,1,1,3,0.0,0.3
late,1,6,0.6080957933589537,80,1,1,3,0.6666666666666666,0.6
late,10,5,0.5137942951056402,122,2,1,3,0.3333333333333333,0.06818181818181818
late,10,1,0.5476303561007522,77,2,1,3,0.3333333333333333,0.42857142857142855
late,1,10,0.3209470605557627,4,1,2,3,0.3333333333333333,0.3
late,12,2,0.47543655227599313,91,2,1,3,0.0,0.15
late,6,3,0.6433004039454777,64,3,3,3,0.6666666666666666,0.07317073170731707
late,1,1,0.45875103927893246,4,1,1,3,0.3333333333333333,0.3
late,10,13,0.22468889900130673,149,1,1,3,0.0,1.0
late,5,1,0.5564614359503737,122,1,1,3,1.0,0.25
late,6,6,0.5585944907356037,122,3,3,3,0.3333333333333333,0.375
late,1,1,0.58430602936674,149,1,1,3,1.0,0.42857142857142855
late,1,11,0.4852042525236334,122,1,2,3,0.3333333333333333,0.03614457831325301
late,5,6,0.47749208294947887,72,1,3,3,0.3333333333333333,0.11538461538461539
late,11,13,0.19683626311478475,122,3,3,3,0.0,0.1875
late,10,6,0.5311619420788396,106,2,3,3,0.6666666666666666,0.09375
late,11,13,0.01408073511851863,122,3,0,3,0.0,0.1875
late,10,5,0.466951991309561,72,2,1,3,0.3333333333333333,0.06
late,12,13,0.014960927095032366,155,2,0,3,0.0,0.02158273381294964
late,7,3,0.6006305299692021,21,1,1,3,0.3333333333333333,0.14285714285714285
late,12,12,0.5018951116899175,68,2,2,3,0.6666666666666666,0.42857142857142855
late,13,6,0.5028110647272064,35,3,1,3,0.6666666666666666,0.2727272727272727
late,2,1,0.6046479062269977,113,1,1,3,0.6666666666666666,0.5
late,10,13,0.2211597500285052,21,3,3,3,0.0,0.21428571428571427
late,11,6,0.5338594226241432,35,3,1,3,1.0,0.75
late,11,13,0.17959232414059648,150,3,3,3,0.0,0.6
late,7,1,0.5424026645447736,129,1,1,3,0.3333333333333333,0.5
late,6,2,0.5349829474386079,35,1,1,3,0.6666666666666666,0.2727272727272727
late,11,11,0.5159629590888911,129,2,2,3,0.3333333333333333,0.043478260869565216
late,6,5,0.5004870690845405,150,1,1,3,0.0,0.09090909090909091
late,2,1,0.5603475752861463,162,1,1,3,0.6666666666666666,0.75
late,1,6,0.4665442814205856,92,1,1,3,0.3333333333333333,0.09375
late,7,6,0.49523693786042045,150,1,1,3,0.6666666666666666,0.5
late,14,2,0.4654067456156059,150,1,1,3,0.0,1.0
late,6,2,0.44524932992664873,92,1,1,3,1.0,0.11538461538461539
late,5,13,0.21560025021002982,37,1,2,3,0.0,0.23076923076923078
late,6,5,0.5972412666425978,64,3,1,3,0.3333333333333333,0.07317073170731707
late,6,1,0.46592127371137787,92,1,1,3,0.3333333333333333,0.11538461538461539
late,4,6,0.43862025270866756,92,1,1,3,0.0,0.23076923076923078
late,4,13,0.17828798495379095,92,1,3,3,0.3333333333333333,0.23076923076923078
late,4,1,0.5467618811958169,97,1,1,3,0.6666666666666666,0.21428571428571427
late,6,5,0.49056042148195256,69,3,3,3,0.0,0.14285714285714285
late,5,6,0.5095138972798917,150,1,1,3,1.0,0.42857142857142855
late,1,6,0.5265336784936677,35,1,1,3,0.0,0.16666666666666666
late,13,3,0.5498621675385161,21,1,1,3,0.6666666666666666,0.10714285714285714
late,10,13,0.3653180285218733,57,2,1,3,0.6666666666666666,0.2727272727272727
late,5,6,0.562243567748427,21,1,1,3,1.0,0.1111111111111111
late,5,1,0.5545034080571593,132,1,1,3,0.3333333333333333,0.25
late,13,13,0.32009463894986445,57,1,1,3,0.0,0.3
late,5,6,0.4441523576456221,115,1,3,3,0.6666666666666666,0.08108108108108109
late,3,1,0.6204203546928735,144,3,1,3,0.3333333333333333,0.1875
late,5,3,0.624197045066068,21,1,1,3,1.0,0.1111111111111111
late,4,5,0.4754309782632353,69,1,1,3,0.6666666666666666,0.2727272727272727
late,4,5,0.49372621953929025,136,1,1,3,0.0,0.125
late,13,13,0.24050047825415183,101,3,3,3,0.0,0.09090909090909091
late,6,1,0.5790247030822464,122,3,1,3,1.0,0.375
late,13,1,0.5128842302045307,69,1,1,3,0.3333333333333333,0.13636363636363635
late,6,13,0.255265099389562,136,1,1,3,0.0,0.07317073170731707
late,6,3,0.6110273158847389,53,3,2,3,0.3333333333333333,1.0
late,10,1,0.45187732312222456,130,2,1,3,0.6666666666666666,0.42857142857142855
late,11,13,0.009056994651287854,86,2,0,3,0.0,0.25
late,4,5,0.4257346607719503,92,1,1,3,0.0,0.23076923076923078
late,6,13,0.298773122145048,112,1,1,3,0.0,0.25
late,1,2,0.49640905354514625,86,1,1,3,0.3333333333333333,0.3333333333333333
late,10,6,0.5255129833853811,129,3,1,3,0.3333333333333333,0.2727272727272727
late,6,13,0.19803543733174755,72,1,3,3,0.6666666666666666,0.0625
late,6,6,0.5321393054062634,129,1,1,3,0.0,0.23076923076923078
late,13,2,0.49103272923240143,69,1,1,3,0.6666666666666666,0.13636363636363635
late,10,1,0.5817229348031072,142,2,1,3,0.3333333333333333,0.2727272727272727
late,1,3,0.5713388889730424,121,1,3,3,0.6666666666666666,0.2
late,6,6,0.5297706132479333,106,3,3,3,0.0,0.5
late,10,13,0.3423234245465953,137,2,1,3,0.3333333333333333,0.42857142857142855
late,13,13,0.19716920443460473,116,3,3,3,0.6666666666666666,0.75
late,2,5,0.46389407733055255,70,1,1,3,0.6666666666666666,0.04
late,4,5,0.49014795254187715,106,1,3,3,0.3333333333333333,0.2727272727272727
late,3,6,0.5827789117662442,53,2,2,3,0.6666666666666666,0.23076923076923078
late,11,13,0.2475724060497389,70,2,1,3,0.3333333333333333,0.05263157894736842
late,7,6,0.6071690499929626,118,1,1,3,0.6666666666666666,1.0
late,6,1,0.4684273590920695,126,1,1,3,0.3333333333333333,0.2
late,6,3,0.571575298048432,53,2,2,3,0.6666666666666666,0.12
late,10,13,0.01636931630082964,144,2,0,3,0.0,0.058823529411764705
late,1,13,0.3504666927138742,118,1,3,3,0.3333333333333333,0.17647058823529413
late,1,3,0.5981691746905824,53,1,2,3,0.3333333333333333,0.375
late,5,2,0.5876880527115336,112,1,1,3,0.6666666666666666,0.0967741935483871
late,6,13,0.23062089948513798,122,1,3,3,0.0,0.13636363636363635
late,11,5,0.41125529219652646,90,2,1,3,0.3333333333333333,0.2727272727272727
late,2,6,0.5111231400335442,122,1,1,3,0.6666666666666666,0.08333333333333333
late,7,1,0.4344104946205744,130,3,1,3,0.3333333333333333,1.0
late,9,6,0.6052888970874771,53,5,2,3,0.6666666666666666,0.25
late,10,5,0.5765682837016659,112,2,1,3,1.0,0.10344827586206896
late,13,13,0.24240992781049117,128,1,1,3,0.0,0.42857142857142855
late,11,1,0.6276639075959121,112,2,1,3,0.3333333333333333,0.6
late,6,5,0.6056751287620431,118,1,1,3,0.3333333333333333,0.13043478260869565
late,13,6,0.48507283110023647,138,3,1,3,0.3333333333333333,0.23076923076923078
late,2,13,0.2148543263018075,138,1,3,3,0.3333333333333333,0.3
late,14,14,0.19236261948300395,37,1,3,3,0.0,1.0
late,13,2,0.5442241192599244,148,1,1,3,1.0,0.21428571428571427
late,10,2,0.5850975991277021,153,2,1,3,0.6666666666666666,0.15
late,4,2,0.5015601909997671,39,1,1,3,0.0,0.21428571428571427
late,6,13,0.2120800644136282,96,3,3,3,0.3333333333333333,0.15
late,6,5,0.47700943599008516,8,1,1,3,0.6666666666666666,0.17647058823529413
late,4,13,0.22952478276155186,122,4,3,3,0.0,0.42857142857142855
late,12,13,0.2264470286672009,37,2,3,3,0.3333333333333333,0.05660377358490566
late,1,13,0.23246338916776696,8,1,3,3,0.6666666666666666,0.2
late,10,2,0.5255133410182923,35,2,1,3,0.3333333333333333,0.6
late,1,6,0.5004515402801135,8,1,1,3,0.3333333333333333,0.2
late,10,13,0.22357603376664403,8,2,3,3,0.6666666666666666,0.2
late,11,13,0.2253405432018851,122,2,3,3,0.0,0.08333333333333333
late,1,1,0.5368436341584302,99,1,1,3,0.3333333333333333,0.2
late,6,13,0.19552850767070332,3,1,3,3,0.0,0.3333333333333333
late,1,13,0.2762706735243217,39,1,1,3,0.6666666666666666,0.15789473684210525
late,13,13,0.202124798746794,138,3,3,3,0.3333333333333333,0.23076923076923078
late,1,3,0.5691184429627539,99,1,3,3,0.6666666666666666,0.2
late,13,6,0.5454736079968925,144,3,3,3,1.0,0.11538461538461539
late,10,13,0.2836137698328777,47,2,3,3,0.6666666666666666,0.42857142857142855
late,1,13,0.1903524396486326,115,1,3,3,0.0,0.037037037037037035
late,10,6,0.5005804774037127,8,2,1,3,0.3333333333333333,0.2
late,11,7,0.49973813375501674,128,3,1,3,0.0,0.05
late,7,6,0.5148474037774805,128,1,1,3,0.3333333333333333,0.2727272727272727
late,11,2,0.5110645174237003,96,3,1,3,0.3333333333333333,0.1111111111111111
late,1,6,0.5319423911299186,106,1,1,3,0.6666666666666666,0.09090909090909091
late,1,5,0.5292909703822024,106,1,1,3,0.6666666666666666,0.09090909090909091
late,6,2,0.538833252829376,106,1,1,3,0.3333333333333333,0.11538461538461539
late,11,1,0.558248417279563,106,2,1,3,0.0,0.11538461538461539
late,10,2,0.5919754274064609,149,5,1,3,0.0,1.0
late,10,2,0.4932380121954491,37,2,1,3,0.6666666666666666,0.25
late,13,2,0.49455429399878975,157,3,1,3,1.0,0.23076923076923078
late,10,6,0.51753619198712,157,2,1,3,0.3333333333333333,0.08823529411764706
late,12,12,0.4745759053552617,56,5,2,3,0.3333333333333333,0.42857142857142855
late,5,2,0.5632539680745242,101,1,1,3,0.6666666666666666,0.13636363636363635
late,11,13,0.220789202087866,157,2,3,3,0.0,0.07142857142857142
late,10,13,0.20164143985525573,157,3,3,3,0.3333333333333333,0.6
late,7,6,0.5330936729191206,157,1,1,3,1.0,0.42857142857142855
late,10,5,0.5050033001343551,157,2,1,3,0.6666666666666666,0.08823529411764706
late,11,4,0.6146572037174242,101,2,1,3,0.6666666666666666,0.06818181818181818
late,1,6,0.44957943464521355,115,1,3,3,0.3333333333333333,0.037037037037037035
late,13,6,0.5409759629330287,101,3,1,3,1.0,0.09090909090909091
late,4,5,0.5696071852911045,137,1,1,3,0.3333333333333333,0.5
late,11,13,0.1978857150443991,13,3,3,3,0.3333333333333333,1.0
late,10,2,0.4853814212550695,13,2,1,3,0.3333333333333333,0.25
late,1,13,0.23292817383886147,138,1,3,3,0.0,0.11538461538461539
late,2,6,0.5047779090455033,96,1,1,3,0.6666666666666666,0.02654867256637168
late,11,2,0.5642016325270746,144,2,1,3,0.6666666666666666,0.10714285714285714
late,10,13,0.2431763065029942,136,1,1,3,0.0,0.6
late,5,6,0.5514971599255044,144,1,1,3,0.3333333333333333,0.07142857142857142
late,13,13,0.2462589683701865,129,1,1,3,0.3333333333333333,0.1875
late,2,2,0.555458802322677,132,1,1,3,0.3333333333333333,0.16666666666666666
late,13,13,0.2016723241180302,132,3,3,3,0.0,0.15789473684210525
late,5,2,0.47962630708255316,37,1,1,3,0.3333333333333333,0.23076923076923078
late,10,2,0.5487184089674134,64,3,1,3,0.6666666666666666,0.375
late,6,2,0.5853239746818902,153,1,1,3,1.0,0.2
late,1,2,0.6078867776672274,64,1,1,3,0.6666666666666666,0.024390243902439025
late,2,12,0.4431636946492066,37,1,2,3,0.3333333333333333,0.375
late,6,13,0.17377902756437658,115,1,3,3,0.0,0.13636363636363635
late,12,12,0.4517793511837729,68,3,3,3,0.3333333333333333,0.3
late,4,6,0.5134991671229118,129,1,1,3,0.0,0.16666666666666666
late,10,13,0.12840850695123923,143,3,3,3,0.0,0.75
late,1,1,0.633932117834732,68,1,1,3,0.6666666666666666,0.6
late,6,13,0.2650582490619265,21,1,3,3,0.0,0.029411764705882353
late,14,14,0.20522481033399534,129,1,1,3,0.3333333333333333,0.5
late,13,2,0.49020298353037767,35,3,1,3,0.6666666666666666,0.2727272727272727
late,1,5,0.5264729619356757,35,1,1,3,0.3333333333333333,0.16666666666666666
late,1,11,0.5117357431608746,144,1,2,3,0.3333333333333333,0.03529411764705882
late,10,13,0.22135128245440325,113,3,3,3,0.0,0.75
late,1,13,0.2936648209686204,113,1,3,3,0.3333333333333333,0.25
late,5,13,0.27848265387219795,64,1,3,3,0.3333333333333333,0.075
late,2,13,0.28409287437308883,153,1,3,3,0.3333333333333333,0.17647058823529413
late,2,2,0.5928215705548664,64,1,1,3,0.6666666666666666,0.13636363636363635
late,2,12,0.4757201724564967,155,1,2,3,0.3333333333333333,0.6
late,10,13,0.25862177639672007,1,2,1,3,0.0,0.375
late,12,9,0.5207346713207339,155,2,2,3,0.6666666666666666,0.02158273381294964
late,3,12,0.5399390356370568,155,3,2,3,0.3333333333333333,0.3333333333333333
late,6,6,0.48104613427770493,32,3,3,3,0.0,0.6
late,4,13,0.22950805032279264,129,1,3,3,0.0,0.16666666666666666
late,12,6,0.5450420999756522,155,2,2,3,0.0,0.02158273381294964
late,0,2,0.8688837606817396,129,5,1,3,1.0,0.23076923076923078
late,2,2,0.4663428617152359,1,1,1,3,1.0,0.5
late,11,13,0.18850460336597413,138,2,3,3,0.0,0.1875
late,10,2,0.5574581178812027,11,3,1,3,1.0,0.5
late,9,3,0.5851512000410526,155,2,3,3,1.0,0.2727272727272727
late,2,13,0.22566262616151953,1,1,1,3,0.0,0.5
late,11,2,0.5494166552562499,129,3,1,3,0.3333333333333333,0.14285714285714285
late,1,13,0.014624060205738627,132,1,0,3,0.0,0.033707865168539325
late,10,13,0.20691323647983775,18,2,1,3,0.0,0.75
late,1,2,0.5739378735354125,47,1,1,3,0.3333333333333333,0.42857142857142855
late,13,13,0.18835505730735783,71,3,3,3,0.0,0.42857142857142855
late,1,13,0.266723796651113,11,1,3,3,0.3333333333333333,0.16666666666666666
late,4,13,0.2555369739436324,136,1,1,3,0.0,0.125
late,2,1,0.5330188573213093,138,1,1,3,0.3333333333333333,0.3
late,12,12,0.5029620649698481,11,3,2,3,0.6666666666666666,0.09090909090909091
late,12,12,0.6577308242929271,155,5,5,3,0.6666666666666666,0.125
late,10,10,0.4301253226709279,133,2,3,3,0.3333333333333333,0.07692307692307693
late,5,3,0.5876229564672891,133,1,1,3,0.6666666666666666,0.25
late,12,13,0.25857443026037547,49,3,3,3,0.3333333333333333,0.5
late,12,14,0.26162915806963927,49,2,3,3,0.3333333333333333,0.057692307692307696
late,11,4,0.5187526333927615,72,2,1,3,0.6666666666666666,0.061224489795918366
late,10,2,0.545184446790321,74,2,1,3,0.3333333333333333,0.12
late,6,6,0.5489868700352626,74,1,1,3,1.0,0.375
late,9,5,0.4812945880016402,10,2,1,3,0.3333333333333333,0.3
late,11,1,0.6141133581352549,148,2,1,3,0.6666666666666666,0.6
late,13,6,0.5847529803644319,112,3,3,3,0.6666666666666666,0.6
late,7,1,0.6037497894496243,153,1,1,3,0.6666666666666666,0.2727272727272727
late,0,2,0.8878127135411585,74,5,1,3,0.6666666666666666,0.2727272727272727
late,4,1,0.5803590307762629,74,1,1,3,0.6666666666666666,0.3
late,6,1,0.5771962908707127,148,1,1,3,0.3333333333333333,0.3
late,1,6,0.5182868612567393,100,1,2,3,0.6666666666666666,0.2727272727272727
late,9,5,0.4810843142698095,10,3,1,3,0.6666666666666666,0.3
late,1,13,0.2902917489466565,22,1,3,3,0.3333333333333333,0.42857142857142855
late,0,10,0.7873321853123822,22,5,2,3,1.0,0.42857142857142855
late,6,1,0.5754476307058737,19,1,1,3,0.3333333333333333,0.2
late,10,13,0.22959605921408105,153,3,3,3,0.3333333333333333,0.42857142857142855
late,2,6,0.5367061003794372,74,1,1,3,0.0,0.17647058823529413
late,6,13,0.25862088408855866,122,1,1,3,0.0,0.13636363636363635
late,11,13,0.2666450687809527,122,2,1,3,0.3333333333333333,0.08333333333333333
late,14,2,0.48056490548259134,19,1,1,3,0.6666666666666666,0.42857142857142855
late,0,1,0.8834326013025362,122,5,1,3,0.6666666666666666,0.375
late,2,1,0.5496564359275499,140,1,1,3,0.6666666666666666,1.0
late,2,1,0.5493217203482207,157,1,1,3,0.6666666666666666,0.15789473684210525
late,13,5,0.43232801652350245,157,1,1,3,0.0,0.14285714285714285
late,11,7,0.49992644098304856,157,2,1,3,0.6666666666666666,0.07142857142857142
late,13,13,0.2705782023182415,140,1,1,3,0.3333333333333333,0.375
late,6,2,0.013185096700426151,96,1,0,3,0.0,0.039473684210526314
late,6,1,0.5281830237987896,157,1,1,3,0.3333333333333333,0.13636363636363635
late,7,6,0.48666164292193836,122,1,1,3,0.6666666666666666,0.16666666666666666
late,6,13,0.19305418452899764,107,3,3,3,0.0,0.375
late,2,1,0.5155254231253148,107,1,1,3,0.6666666666666666,0.16666666666666666
late,2,6,0.474855833165132,107,1,3,3,0.6666666666666666,0.16666666666666666
late,1,6,0.488600072749243,107,1,3,3,1.0,0.07317073170731707
late,12,12,0.6474912512381554,49,2,5,3,1.0,0.057692307692307696
late,10,13,0.28193592641908044,49,2,3,3,0.3333333333333333,0.3333333333333333
late,1,10,0.41439780718602687,133,1,2,3,0.6666666666666666,0.16666666666666666
late,12,6,0.5689413111677057,49,2,3,3,1.0,0.057692307692307696
late,11,13,0.012994629957579214,96,2,0,3,0.0,0.029411764705882353
late,10,2,0.6178841822946153,30,2,1,3,0.3333333333333333,0.375
late,10,1,0.6074541705372554,85,2,1,3,0.6666666666666666,0.25
late,10,13,0.261173882355119,131,3,3,3,1.0,0.75
late,8,9,0.4748681531679109,152,3,2,3,0.3333333333333333,0.5
late,10,9,0.5035310286013659,152,2,2,3,0.0,0.3
late,0,10,0.7378960257765343,128,5,2,3,0.6666666666666666,0.13636363636363635
late,10,9,0.5107813154068095,152,4,2,3,0.0,0.6
late,2,13,0.2657647569595269,131,1,3,3,0.3333333333333333,0.2727272727272727
late,13,2,0.5348605736571509,131,3,1,3,0.3333333333333333,0.5
late,10,13,0.2739014016588528,122,2,1,3,0.3333333333333333,0.06818181818181818
late,13,13,0.25482082087512414,131,3,3,3,0.3333333333333333,0.5
late,10,2,0.48049896699803996,17,2,1,3,1.0,0.3333333333333333
late,10,5,0.458986438895251,105,2,1,3,0.6666666666666666,0.07317073170731707
late,1,11,0.4443603443779147,128,1,3,3,0.6666666666666666,0.014563106796116505
late,13,2,0.44514687736990544,17,3,1,3,0.6666666666666666,1.0
late,10,9,0.5099770919247397,152,5,2,3,0.0,0.75
late,1,10,0.3948790145419383,128,1,3,3,0.3333333333333333,0.014563106796116505
late,12,10,0.4919953080136367,66,2,2,3,0.6666666666666666,0.07317073170731707
late,0,12,0.820277726152648,66,5,2,3,1.0,1.0
late,10,6,0.590521496520777,112,2,3,3,0.6666666666666666,0.10344827586206896
late,10,5,0.4371375841458202,105,2,2,3,0.3333333333333333,0.07317073170731707
late,2,13,0.23107301485594203,72,1,1,3,0.6666666666666666,0.075
late,11,11,0.5327815138443449,19,2,2,3,1.0,0.10344827586206896
late,10,1,0.4962877600780219,72,2,1,3,0.6666666666666666,0.06
late,7,13,0.21316793160725028,72,1,3,3,0.3333333333333333,0.375
late,10,13,0.014532061262206675,122,2,0,3,0.0,0.06818181818181818
late,11,1,0.5833172582429879,19,3,1,3,0.3333333333333333,0.2
late,2,1,0.5802235023940766,25,1,1,3,0.3333333333333333,0.75
late,11,7,0.541242846210664,88,2,1,3,0.6666666666666666,0.2
late,2,2,0.4450515839072815,90,1,1,3,0.6666666666666666,0.3
late,0,1,0.8121508295495025,90,5,1,3,0.6666666666666666,0.75
late,7,6,0.5219361244654885,136,1,3,3,1.0,0.09375
late,1,6,0.5252431318442865,117,1,1,3,0.0,0.12
late,13,2,0.49519877749549657,117,3,1,3,0.3333333333333333,0.3333333333333333
late,7,13,0.2104892336968253,122,1,3,3,0.0,0.16666666666666666
late,13,1,0.578223015756379,112,1,1,3,0.6666666666666666,0.15
late,1,2,0.5506172914516305,117,1,1,3,0.3333333333333333,0.12
late,4,13,0.2126023211151452,122,1,3,3,0.0,0.125
late,5,13,0.3218561531888055,112,1,1,3,0.3333333333333333,0.0967741935483871
late,10,6,0.5948948097430374,85,2,3,3,0.3333333333333333,0.25
late,0,6,0.8714049794687007,43,5,1,3,1.0,0.1875
late,13,2,0.4467379900796155,72,3,1,3,1.0,0.04838709677419355
late,13,2,0.41104558870202923,90,3,1,3,0.3333333333333333,0.2727272727272727
late,2,13,0.23040929051402392,70,1,1,3,0.6666666666666666,0.04
late,7,2,0.535568222956118,33,1,1,3,0.6666666666666666,0.5
late,2,2,0.010244028300061435,70,1,0,3,0.0,0.04
late,2,2,0.5229404050245995,33,1,1,3,0.3333333333333333,0.6
late,13,2,0.4483252456888797,70,1,1,3,0.3333333333333333,0.3
late,6,13,0.21613486566262402,73,1,1,3,0.0,0.3333333333333333
late,2,2,0.015115574864970397,23,1,0,3,0.0,0.3
late,6,6,0.5477905388168371,26,3,3,3,0.3333333333333333,0.42857142857142855
late,1,13,0.010040797362806898,70,1,0,3,0.0,0.02912621359223301
late,1,2,0.5365135739410293,157,1,1,3,0.3333333333333333,0.04918032786885246
late,1,6,0.009996944471454248,70,1,0,3,0.0,0.02912621359223301
late,10,2,0.5615183104891599,23,2,1,3,0.6666666666666666,0.5
late,7,6,0.516552522539897,100,1,2,3,1.0,0.2727272727272727
late,10,13,0.009960025104835048,70,2,0,3,0.0,0.06818181818181818
late,0,2,0.8373553929878522,133,5,1,3,0.6666666666666666,0.21428571428571427
late,5,2,0.544141032183997,133,1,1,3,1.0,0.25
late,6,13,0.2748383227525454,100,2,2,3,0.0,0.17647058823529413
late,11,13,0.2074900988449542,70,2,3,3,0.3333333333333333,0.05263157894736842
late,0,5,0.8435381229941107,133,5,1,3,1.0,0.21428571428571427
late,4,1,0.5323069535248365,62,1,1,3,0.0,0.375
late,6,5,0.51027376677329,133,3,1,3,1.0,0.061224489795918366
late,13,5,0.43838600038357733,73,1,1,3,0.3333333333333333,0.23076923076923078
late,10,6,0.5403025422248441,76,2,1,3,0.3333333333333333,0.11538461538461539
late,1,13,0.21950326045960292,158,1,3,3,0.3333333333333333,0.15
late,5,6,0.5286471986607245,136,1,1,3,1.0,0.034482758620689655
late,5,13,0.2503580826079002,8,1,1,3,0.0,0.75
late,6,2,0.4782483036265054,158,3,1,3,0.0,0.42857142857142855
late,13,1,0.5175865616495521,136,3,1,3,0.0,0.03571428571428571
late,1,13,0.26895962982275573,8,1,1,3,0.3333333333333333,0.2
late,13,1,0.49469455121410066,8,1,1,3,0.3333333333333333,0.17647058823529413
late,4,5,0.44092105710427365,73,1,1,3,0.3333333333333333,0.42857142857142855
late,10,13,0.3125938168837503,44,2,3,3,0.3333333333333333,0.3333333333333333
late,2,2,0.6215774622550214,44,1,1,3,1.0,0.5
late,10,2,0.6013845464824096,44,2,1,3,0.3333333333333333,0.3333333333333333
late,10,1,0.619267682648812,44,2,1,3,0.6666666666666666,0.3333333333333333
late,10,5,0.4673528843142974,73,2,1,3,0.3333333333333333,0.14285714285714285
late,10,5,0.5226712800741408,140,2,1,3,0.3333333333333333,0.21428571428571427
late,10,13,0.2917153955002201,140,2,1,3,0.0,0.21428571428571427
late,1,6,0.49339212146683986,158,1,1,3,0.3333333333333333,0.15
late,6,5,0.4448647584901709,158,1,1,3,0.6666666666666666,0.2727272727272727
late,7,13,0.281850761151278,76,1,1,3,0.0,0.3333333333333333
late,13,13,0.2946166133498146,44,3,3,3,1.0,0.6
late,1,1,0.5650264932032149,97,1,1,3,0.6666666666666666,0.375
late,6,2,0.47069019163954273,3,3,1,3,0.3333333333333333,0.3333333333333333
late,5,1,0.539808545461915,140,1,1,3,0.3333333333333333,0.42857142857142855
late,1,2,0.5554386034535697,106,1,1,3,0.0,0.09090909090909091
late,1,13,0.27825266060614773,106,1,1,3,0.0,0.09090909090909091
late,7,2,0.5973320560212689,14,3,1,3,0.6666666666666666,0.75
late,10,13,0.30207761955669254,14,2,3,3,0.0,0.375
late,1,2,0.5918462974271027,14,1,1,3,0.3333333333333333,0.375
late,11,2,0.5379050751890191,106,2,1,3,0.0,0.11538461538461539
late,3,3,0.681956049441618,133,3,3,3,0.6666666666666666,0.5
late,6,13,0.26760926481932457,106,1,1,3,0.6666666666666666,0.11538461538461539
late,10,1,0.5446058690300501,106,2,1,3,0.3333333333333333,0.09375
late,13,13,0.19253814356494178,106,1,1,3,0.3333333333333333,0.3333333333333333
late,0,2,0.8963197179743385,14,5,1,3,1.0,0.3
late,10,2,0.5089277177026791,133,3,1,3,0.6666666666666666,0.2
late,5,6,0.5986287285358173,14,1,3,3,0.6666666666666666,0.5
late,11,4,0.5830550581342905,19,2,1,3,0.3333333333333333,0.10344827586206896
late,2,13,0.2593664129216222,157,1,1,3,0.3333333333333333,0.15789473684210525
late,1,3,0.5921200815933845,96,1,1,3,0.6666666666666666,0.009036144578313253
late,10,6,0.5612096932066867,19,2,1,3,0.6666666666666666,0.25
late,10,13,0.27630267167083017,106,2,1,3,0.6666666666666666,0.09375
late,10,2,0.4883559575619263,62,2,1,3,0.3333333333333333,0.375
late,1,5,0.5021414650108375,81,1,1,3,0.3333333333333333,0.16666666666666666
late,10,13,0.2530738111668772,62,2,1,3,0.3333333333333333,0.375
late,6,13,0.1858566186410625,3,3,3,3,0.3333333333333333,0.3333333333333333
late,2,13,0.19222742532909065,3,1,3,3,0.3333333333333333,0.375
late,13,2,0.4439640801784422,3,3,1,3,0.3333333333333333,0.375
late,5,5,0.4612795043863848,3,1,1,3,0.6666666666666666,0.16666666666666666
late,6,6,0.6126559046887523,135,1,1,3,0.6666666666666666,0.6
late,5,5,0.4921439021633595,38,1,1,3,0.3333333333333333,0.25
late,1,6,0.6124096701026297,135,1,1,3,1.0,0.3333333333333333
late,2,2,0.5560536366684913,97,1,1,3,0.6666666666666666,0.42857142857142855
late,11,1,0.5154246841849367,54,2,1,3,0.3333333333333333,0.375
late,13,1,0.5253868136109312,140,1,1,3,0.6666666666666666,0.375
late,0,6,0.8111162718689654,70,5,1,3,1.0,0.3
late,14,2,0.42794496843577773,70,1,1,3,0.0,0.42857142857142855
late,6,13,0.291324768243616,153,1,3,3,0.3333333333333333,0.2
late,4,13,0.1889868165733769,70,1,3,3,0.0,0.12
late,10,1,0.6024823587003095,153,2,1,3,1.0,0.15
late,11,13,0.19254092627299388,54,3,3,3,0.0,0.75
late,7,13,0.22433958470905868,133,3,3,3,0.3333333333333333,0.2727272727272727
late,11,1,0.5367326034534944,97,2,1,3,0.6666666666666666,0.3
late,6,6,0.4787992086113668,3,3,3,3,0.6666666666666666,0.3333333333333333
late,2,5,0.4604728069434702,72,1,1,3,0.6666666666666666,0.075
late,0,6,0.8336931520621356,72,5,1,3,1.0,0.25
late,13,6,0.5170847206627083,136,3,3,3,0.6666666666666666,0.03571428571428571
late,11,13,0.2516332813270417,96,2,1,3,0.3333333333333333,0.029411764705882353
late,13,2,0.46004328073387973,72,1,1,3,0.6666666666666666,0.16666666666666666
late,10,13,0.27131421700608865,21,2,3,3,0.3333333333333333,0.04838709677419355
late,2,2,0.5417139822160951,21,1,1,3,0.6666666666666666,0.5
late,7,1,0.5233867832968826,72,1,1,3,1.0,0.375
late,6,2,0.5874864068913411,21,3,1,3,0.3333333333333333,0.1111111111111111
late,4,1,0.502944973200526,70,1,1,3,0.3333333333333333,0.12
late,6,2,0.5806990443306821,112,3,1,3,0.6666666666666666,0.3
late,0,2,0.8083876846802083,115,5,1,3,0.0,0.5
late,10,1,0.527600013434919,152,2,1,3,0.3333333333333333,0.3
late,0,2,0.8765842054528972,43,5,1,3,1.0,0.1875
late,13,5,0.4367688111023709,72,3,1,3,0.6666666666666666,0.04838709677419355
late,1,2,0.4767079700835699,115,1,1,3,0.3333333333333333,0.037037037037037035
late,13,13,0.1933295256156209,96,1,3,3,0.0,0.13043478260869565
late,6,2,0.45051311445134695,115,1,1,3,0.6666666666666666,0.13636363636363635
late,6,6,0.5428110843564659,104,3,3,3,0.6666666666666666,0.6
late,10,1,0.48065526885584514,95,2,1,3,0.3333333333333333,0.3333333333333333
late,10,6,0.5459110263473648,111,2,3,3,0.0,0.10344827586206896
late,1,2,0.5570525013562245,104,1,1,3,0.3333333333333333,0.42857142857142855
late,7,6,0.5229605664656775,136,1,1,3,0.3333333333333333,0.09375
late,8,1,0.5509881998911108,132,1,1,3,0.6666666666666666,0.5
late,1,6,0.5148857814498644,69,1,1,3,0.6666666666666666,0.06521739130434782
late,6,13,0.2657572027387355,43,1,3,3,0.3333333333333333,0.3
late,10,5,0.5337763895457023,111,2,1,3,0.3333333333333333,0.10344827586206896
late,7,13,0.19289329088482696,69,3,3,3,0.3333333333333333,0.6
late,10,5,0.511219720462385,69,2,1,3,0.3333333333333333,0.08571428571428572
late,2,13,0.19903514893995408,115,1,1,3,0.0,0.14285714285714285
late,10,13,0.010447990084900076,72,2,0,3,0.0,0.06
late,2,1,0.47595112383414445,98,1,1,3,0.3333333333333333,1.0
late,10,2,0.5729212623969436,66,3,1,3,0.3333333333333333,0.5
late,2,5,0.5043200905779185,96,1,1,3,0.3333333333333333,0.02654867256637168
late,2,6,0.4582116220724483,72,1,3,3,0.6666666666666666,0.075
late,10,1,0.4980565878781364,119,2,3,3,0.0,0.5
late,6,2,0.489119610358999,54,1,1,2,1.0,0.4
late,7,6,0.4765773911554085,70,1,1,2,0.0,0.11764705882352941
late,1,6,0.4783862585913319,32,1,3,2,0.5,0.09523809523809523
late,12,12,0.46380319611274856,11,3,3,2,0.0,0.06060606060606061
late,5,3,0.5779917976266712,155,3,3,2,0.5,0.15384615384615385
late,2,2,0.5338522091422336,54,1,1,2,0.5,0.6666666666666666
late,11,10,0.439636586785549,32,2,2,2,0.5,0.2
late,12,13,0.26334111873031285,155,5,3,2,0.0,0.08333333333333333
late,8,2,0.5682149250721962,11,1,1,2,0.5,0.6666666666666666
late,13,13,0.1571979174800095,54,3,3,2,0.0,1.0
late,7,13,0.2122771835075848,70,1,3,2,0.0,0.11764705882352941
late,11,1,0.6218801182859733,11,3,1,2,1.0,1.0
late,4,2,0.5095577134705402,54,1,1,2,0.5,0.15384615384615385
late,1,12,0.5232615733484863,155,1,2,2,0.5,0.2222222222222222
late,6,12,0.5269414258231087,155,2,2,2,0.0,0.3333333333333333
late,5,13,0.19144487758452944,2,3,3,2,0.0,0.6666666666666666
late,6,6,0.4715184506357405,54,1,1,2,0.5,0.4
late,13,1,0.5013748495407504,96,1,1,2,1.0,0.08695652173913043
late,13,6,0.5711171975591365,64,3,1,2,1.0,0.05555555555555555
late,6,2,0.5313299623072346,97,1,1,2,0.5,0.2857142857142857
late,13,5,0.5494731692935542,64,3,1,2,0.5,0.05555555555555555
late,3,13,0.17061114850519468,32,3,3,2,0.0,0.25
late,12,2,0.5809658987211764,155,5,1,2,0.5,0.08333333333333333
late,2,6,0.5383732842953275,63,1,3,2,0.0,0.4
late,14,14,0.19721341842879528,37,3,3,2,0.0,1.0
late,10,2,0.013809845193350526,96,2,0,2,0.0,0.016666666666666666
late,4,6,0.4898147577640131,69,1,1,2,0.5,0.18181818181818182
late,10,9,0.5390304521830632,155,2,2,2,0.5,0.024390243902439025
late,6,1,0.5464384509004746,97,1,1,2,0.0,0.2857142857142857
late,1,13,0.2717996048166884,97,1,1,2,0.5,0.25
late,14,2,0.4792063834886909,96,3,1,2,0.5,1.0
late,1,13,0.2700107551613829,63,1,3,2,0.0,0.4
late,2,12,0.5294312651697138,11,1,2,2,0.0,0.13333333333333333
late,12,10,0.6074700583988405,155,2,5,2,1.0,0.014388489208633094
late,3,3,0.6434178624274947,155,3,3,2,0.5,0.2222222222222222
late,7,1,0.5636334940787837,63,1,1,2,0.5,1.0
late,2,6,0.49552637982721026,69,1,1,2,0.0,0.05714285714285714
late,2,1,0.5656110025594241,97,1,1,2,0.0,0.2857142857142857
late,2,13,0.23678356329255287,132,1,3,2,0.0,0.1111111111111111
late,10,2,0.49089391614891537,98,2,1,2,0.5,0.4
late,2,12,0.4903534874759764,11,1,3,2,0.5,0.13333333333333333
late,11,1,0.5198364373637077,138,3,1,2,0.0,0.4
late,2,6,0.5386336839625403,144,1,1,2,0.5,0.18181818181818182
late,5,13,0.1982092561429914,70,1,3,2,0.5,0.05405405405405406
late,6,5,0.4614065711114523,71,1,1,2,0.0,0.13333333333333333
late,11,10,0.4537199283883832,71,2,2,2,0.0,0.6666666666666666
late,13,13,0.012133468497382201,69,1,0,2,0.0,0.09090909090909091
late,2,13,0.014875787484032232,132,1,0,2,0.0,0.1111111111111111
late,11,1,0.6435735225362934,135,2,1,2,0.5,0.6666666666666666
late,11,6,0.4974811926555445,70,3,1,2,0.0,0.13333333333333333
late,2,13,0.2033877151244253,71,1,3,2,0.0,0.5
late,2,2,0.6367413581220828,135,1,1,2,1.0,0.6666666666666666
late,7,2,0.48564986128558973,71,1,1,2,1.0,0.6666666666666666
late,13,13,0.016989204048575804,21,3,0,2,0.0,0.07407407407407407
late,2,2,0.6028354836806786,11,1,1,2,0.0,0.13333333333333333
late,13,6,0.476980532193469,62,3,1,2,1.0,0.6666666666666666
late,2,13,0.27062373997254224,64,1,3,2,0.0,0.09090909090909091
late,6,1,0.5341145258675433,100,3,1,2,1.0,0.2
late,5,13,0.24674028184227517,132,1,3,2,0.0,0.16666666666666666
late,11,1,0.013729637805352454,96,2,0,2,0.0,0.0196078431372549
late,9,5,0.475390416783251,152,2,3,2,1.0,0.1
late,14,2,0.5251586891133684,11,3,1,2,0.5,0.5
late,2,2,0.5194550319611791,138,1,1,2,0.5,0.2
late,10,13,0.021216353467397087,153,2,0,2,0.0,0.1
late,6,10,0.4895098424198381,50,3,2,2,0.5,0.1111111111111111
late,5,6,0.546463949281854,116,3,3,2,0.5,0.5
late,0,2,0.8606567092630112,136,5,1,2,1.0,0.09523809523809523
late,10,3,0.5108483252119014,71,2,1,2,0.5,0.2
late,1,13,0.01087935380488023,71,1,0,2,0.0,0.2
late,10,10,0.4160666755078496,115,2,2,2,0.5,0.05263157894736842
late,4,1,0.5717717972063712,138,4,1,2,0.5,0.6666666666666666
late,13,12,0.4876125544837503,11,3,2,2,0.0,0.18181818181818182
late,1,3,0.6150267000751993,144,1,1,2,1.0,0.023529411764705882
late,6,3,0.5849774093511836,116,3,3,2,1.0,0.3333333333333333
late,6,6,0.49687301937068884,2,3,3,2,0.0,0.15384615384615385
late,10,11,0.4663733377609453,2,2,2,2,0.5,0.14285714285714285
late,13,1,0.5540227237536862,11,3,1,2,1.0,0.18181818181818182
late,4,6,0.5805569407629468,135,1,1,2,0.5,0.6666666666666666
late,13,1,0.4782867955933649,158,3,1,2,0.5,0.16666666666666666
late,1,5,0.48373048387426765,71,1,1,2,1.0,0.2
late,13,2,0.4590825767196178,13,3,1,2,0.0,0.25
late,14,14,0.14212868811294568,13,1,1,2,0.0,0.6666666666666666
late,0,6,0.8816271148036013,19,5,1,2,1.0,0.2857142857142857
late,1,1,0.5394864650502322,37,1,1,2,1.0,0.09523809523809523
late,10,13,0.26160191466229227,19,2,3,2,0.0,0.16666666666666666
late,1,13,0.22463836982876362,13,1,3,2,0.5,0.13333333333333333
late,13,2,0.4322096715542573,86,1,1,2,0.0,0.3333333333333333
late,5,2,0.4876491752520513,13,1,1,2,0.0,0.6666666666666666
late,1,5,0.4967436250774959,37,1,1,2,0.5,0.09523809523809523
late,6,1,0.46938378109258316,115,1,1,2,0.5,0.09090909090909091
late,6,5,0.48473981580549275,96,3,3,2,0.5,0.1
late,11,5,0.5392491574402517,20,2,1,2,1.0,0.3333333333333333
late,11,4,0.5515905084694913,96,2,4,2,0.5,0.0196078431372549
late,12,14,0.21072257694262678,37,5,3,2,0.0,0.16666666666666666
late,13,1,0.511526790888444,106,1,1,2,0.0,0.2222222222222222
late,1,13,0.24045082978300367,69,1,3,2,0.5,0.043478260869565216
late,1,13,0.27911135648497426,20,1,1,2,0.0,1.0
late,10,13,0.301955241954088,20,2,1,2,0.0,0.2
late,5,13,0.23311100249270553,70,1,1,2,0.0,0.05405405405405406
late,4,6,0.5891285307306292,106,4,1,2,1.0,0.4
late,13,13,0.2804386819206186,20,1,1,2,0.5,1.0
late,11,13,0.24098959843683396,19,2,3,2,0.5,0.06896551724137931
late,10,7,0.49132777862296473,69,2,1,2,1.0,0.05714285714285714
late,0,13,0.5933293088758546,96,5,3,2,0.5,0.04081632653061224
late,5,13,0.26342632081348233,101,1,3,2,0.0,0.09090909090909091
late,11,6,0.5265993145064323,96,3,1,2,0.0,0.07407407407407407
late,5,5,0.47274886501548063,50,1,1,2,0.5,0.2857142857142857
late,0,5,0.866886733267169,136,5,1,2,1.0,0.09523809523809523
late,4,1,0.5666961993796906,19,1,1,2,0.5,0.15384615384615385
late,10,13,0.010722722121958678,123,2,0,2,0.0,0.3333333333333333
late,2,1,0.5372184006898391,69,1,1,2,0.5,0.05714285714285714
late,6,13,0.2459060874800622,101,1,3,2,0.5,0.06060606060606061
late,4,13,0.23539130779465903,101,4,3,2,0.0,0.2857142857142857
late,1,11,0.3891395723542446,160,1,2,2,0.5,0.16666666666666666
late,9,1,0.5266326654413758,152,2,1,2,1.0,0.1
late,4,13,0.31763615762481257,137,1,1,2,0.5,0.3333333333333333
late,6,5,0.52528919588867,101,1,1,2,0.0,0.06060606060606061
late,2,2,0.58973963050785,137,1,1,2,0.5,0.2857142857142857
late,11,2,0.013639731400344468,96,3,0,2,0.0,0.07407407407407407
late,10,13,0.21320123694658144,101,3,3,2,0.0,0.2857142857142857
late,10,1,0.5024114537470182,13,2,1,2,0.5,0.16666666666666666
late,6,1,0.5756486507011255,53,2,1,2,1.0,0.08
late,13,2,0.4897446504214702,106,1,1,2,0.0,0.2222222222222222
late,1,5,0.5046864854475454,8,1,1,2,0.5,0.13333333333333333
late,7,13,0.1795207529713269,147,3,3,2,0.5,0.5
late,1,2,0.5251148613320346,8,1,1,2,0.5,0.13333333333333333
late,11,10,0.5540675790405566,64,2,2,2,1.0,0.06060606060606061
late,13,13,0.012451746058864238,96,1,0,2,0.0,0.08695652173913043
late,3,3,0.6293790848041524,99,3,3,2,0.5,0.6666666666666666
late,1,13,0.01512874501191504,106,1,0,2,0.0,0.06060606060606061
late,5,6,0.46806009511523466,3,1,1,2,0.0,0.1111111111111111
late,2,6,0.5560024319389018,64,1,1,2,0.0,0.09090909090909091
late,6,14,0.28137261250931866,21,1,1,2,0.0,0.0196078431372549
late,2,14,0.2500688313858098,63,1,3,2,1.0,0.4
late,1,13,0.21294024309888698,3,1,3,2,0.0,0.03389830508474576
late,1,2,0.555052295230795,97,1,1,2,0.5,0.25
late,10,13,0.19977000415312593,95,2,3,2,0.0,0.2222222222222222
late,4,2,0.5311576138546841,97,1,1,2,1.0,0.14285714285714285
late,2,5,0.5551945725399399,64,1,1,2,0.0,0.09090909090909091
late,4,1,0.5349126258166734,98,4,1,2,1.0,0.4
late,6,6,0.5473914135868374,116,3,3,2,0.5,0.3333333333333333
late,12,14,0.24105528126108777,11,2,3,2,0.5,0.034482758620689655
late,1,1,0.5171380029787356,2,1,1,2,0.5,1.0
late,10,13,0.199257291430443,144,3,3,2,0.0,0.6666666666666666
late,4,5,0.5487231828034561,64,1,1,2,0.5,0.2222222222222222
late,5,13,0.254361241431328,106,1,3,2,0.0,0.4
late,1,6,0.5908034364459749,112,1,1,2,1.0,0.09090909090909091
late,6,1,0.5369667158748422,96,3,1,2,0.5,0.1
late,6,2,0.49712924793652524,8,1,1,2,0.0,0.11764705882352941
late,7,2,0.5273054182836154,96,1,1,2,0.0,0.2222222222222222
late,4,13,0.18169852984414586,86,1,3,2,0.0,0.2857142857142857
late,1,2,0.5350204078186597,69,1,1,2,0.0,0.043478260869565216
late,13,1,0.579180421912762,64,3,1,2,1.0,0.05555555555555555
late,8,2,0.4341048043181533,147,1,1,2,0.0,1.0
late,1,1,0.5710125147528053,106,1,1,2,0.5,0.06060606060606061
late,11,13,0.26729477965645043,106,2,1,2,0.0,0.07692307692307693
late,1,5,0.0112332487772013,99,1,0,2,0.0,0.13333333333333333
late,13,6,0.45651765507616493,99,3,3,2,1.0,0.6666666666666666
late,5,13,0.19022712942064993,86,1,3,2,0.0,0.25
late,10,13,0.2331574053171997,69,3,3,2,0.0,0.4
late,0,2,0.8515916553704098,69,5,1,2,1.0,0.25
late,1,13,0.22283513752221557,99,1,3,2,0.0,0.13333333333333333
late,4,13,0.23668115988926594,106,1,3,2,0.0,0.18181818181818182
late,1,11,0.4545061965920356,99,1,2,2,0.5,0.13333333333333333
late,11,2,0.5965974741710457,64,2,1,2,0.0,0.06060606060606061
late,1,13,0.027196424473958987,118,1,0,2,0.0,0.11764705882352941
late,13,2,0.5049440681102229,23,3,1,2,0.5,1.0
late,13,2,0.6149624162334781,118,3,1,2,1.0,0.2
late,2,1,0.4615051662799819,126,1,1,2,0.0,0.3333333333333333
late,13,2,0.4672673213017607,67,1,1,2,0.0,0.4
late,5,6,0.5990066058506444,118,1,1,2,0.5,0.2
late,5,6,0.43003814081813,126,1,1,2,1.0,1.0
late,6,13,0.2143154696803108,67,1,1,2,0.0,0.25
late,4,6,0.4002687146056612,126,1,1,2,0.0,0.5
late,1,13,0.013290429131683445,150,1,0,2,0.0,0.06666666666666667
late,13,6,0.6271692846331118,118,3,1,2,1.0,0.2
late,14,14,0.20344786628053924,67,1,1,2,0.0,1.0
late,3,13,0.28068502565796855,53,2,3,2,0.5,0.15384615384615385
late,10,2,0.45943710808723254,126,2,1,2,0.5,0.4
late,1,1,0.5404612820549446,8,1,1,2,0.5,0.13333333333333333
late,1,6,0.48430517626542,67,1,1,2,0.5,0.3333333333333333
late,10,13,0.017801014080057548,21,2,0,2,0.0,0.03225806451612903
late,6,13,0.30970262979309693,118,1,3,2,0.0,0.08695652173913043
late,7,6,0.4411672564012848,67,1,1,2,0.5,0.5
late,4,1,0.5526660449912636,140,4,1,2,0.5,1.0
late,6,1,0.48051668680288606,73,1,1,2,1.0,0.2222222222222222
late,1,5,0.5323674685484078,149,1,1,2,1.0,0.2857142857142857
late,0,2,0.8800810683426393,23,5,1,2,0.5,0.6666666666666666
late,4,5,0.009663379528096514,70,1,0,2,0.0,0.08
late,1,1,0.5935590903891876,142,1,1,2,0.5,0.6666666666666666
late,11,13,0.009823272629130539,72,3,0,2,0.0,0.1
late,10,13,0.18353000524192448,29,2,3,2,0.5,0.4
late,10,5,0.4587268903823342,93,2,1,2,0.5,0.2222222222222222
late,12,10,0.5204761456894795,11,2,2,2,0.5,0.034482758620689655
late,10,13,0.35085233253999465,118,2,3,2,0.0,0.3333333333333333
late,10,3,0.48843831466413057,93,2,1,2,1.0,0.2222222222222222
late,4,6,0.5065187024985176,101,1,3,2,0.0,0.0625
late,13,2,0.5200806938095085,101,1,1,2,0.5,0.16666666666666666
late,10,13,0.19187422292812317,106,3,3,2,0.0,0.4
late,5,6,0.5697785855096574,106,3,3,2,0.5,0.3333333333333333
late,10,13,0.025989222528697228,57,2,0,2,0.0,0.18181818181818182
late,2,1,0.5250889729575697,38,1,1,2,0.5,0.6666666666666666
late,13,13,0.26222649512284296,118,1,1,2,0.0,0.6666666666666666
late,1,5,0.5069997389958986,106,1,3,2,0.0,0.06060606060606061
late,2,2,0.4434783007718057,126,1,1,2,0.5,0.3333333333333333
late,12,14,0.2799615210763662,11,2,1,2,0.0,0.034482758620689655
late,1,5,0.46567362266214446,67,1,1,2,1.0,0.3333333333333333
late,6,3,0.6062815756098443,53,5,2,2,0.5,0.5
late,7,13,0.2591225772943406,8,1,1,2,0.0,1.0
late,1,5,0.5064148878176135,50,1,3,2,0.0,0.13333333333333333
late,12,2,0.4965622368151661,70,2,1,2,0.0,1.0
late,10,6,0.5058271855567842,70,2,1,2,0.0,0.045454545454545456
late,5,3,0.5658804176902011,50,3,3,2,1.0,0.3333333333333333
late,11,13,0.30555928371436664,21,2,1,2,0.0,0.0392156862745098
late,3,6,0.5746476035403095,21,1,1,2,0.0,0.2
late,10,9,0.6997483692948964,53,2,5,2,0.5,0.2857142857142857
late,7,13,0.14978192584696898,29,3,3,2,0.0,1.0
late,1,14,0.2310792018052674,50,1,3,2,0.0,0.13333333333333333
late,10,2,0.4984897137272152,8,2,1,2,0.0,0.13333333333333333
late,6,5,0.45063378725794095,98,3,1,2,0.5,1.0
late,1,13,0.31807900001136,44,1,3,2,0.5,0.25
late,7,5,0.591183553588632,57,1,1,2,0.5,0.5
late,1,3,0.6756590953353379,57,1,1,2,0.5,0.028169014084507043
late,5,1,0.6524098863709015,44,1,1,2,1.0,0.6666666666666666
late,6,13,0.30598301946772344,44,1,3,2,1.0,0.3333333333333333
late,0,1,0.9107830259686781,44,5,1,2,1.0,0.6666666666666666
late,6,1,0.5163632208774896,8,1,1,2,0.0,0.11764705882352941
late,11,6,0.466733175445382,67,2,1,2,0.5,0.4
late,7,2,0.5258119646877424,76,1,1,2,0.5,0.2222222222222222
late,6,13,0.23173155633929313,140,3,3,2,0.0,0.14285714285714285
late,1,2,0.649652231243199,44,1,1,2,0.5,0.25
late,1,14,0.23007403004601462,70,1,1,2,0.0,0.019417475728155338
late,4,13,0.2192448830923137,70,1,1,2,0.0,0.08
late,10,13,0.22674362782551755,29,2,1,2,0.0,0.4
late,13,14,0.20673377414629693,72,1,1,2,0.0,0.1111111111111111
late,10,2,0.5167214095679832,70,5,1,2,0.5,0.6666666666666666
late,6,13,0.012952760165344383,128,1,0,2,0.0,0.030303030303030304
late,5,9,0.6647144202238171,53,2,5,2,1.0,0.4
late,1,12,0.500124201708109,140,1,2,2,0.0,0.04
late,11,10,0.49359481716465414,128,2,2,2,0.5,0.0425531914893617
late,6,6,0.5471894669201925,140,3,3,2,0.5,0.14285714285714285
late,6,6,0.4261132026895757,29,1,1,2,0.0,0.6666666666666666
late,6,5,0.5244728201403979,53,2,2,2,0.5,0.08
late,1,1,0.012879063561391521,128,1,0,2,0.0,0.009708737864077669
late,8,5,0.5253496199739044,53,1,2,2,0.5,0.3333333333333333
late,4,6,0.5176627858336414,98,4,1,2,0.5,0.4
late,5,6,0.580226152275222,53,1,5,2,1.0,1.0
late,13,5,0.4360206432638761,70,3,1,2,0.5,0.10526315789473684
late,1,10,0.3508670613731453,143,1,2,2,1.0,0.125
late,7,13,0.25822616564574297,113,1,3,2,0.0,0.5
late,4,2,0.4501667181590651,115,1,1,2,0.0,0.3333333333333333
late,2,2,0.5197264764797412,62,1,1,2,1.0,0.4
late,0,7,0.8377533351985738,136,5,1,2,1.0,0.09523809523809523
late,12,10,0.4979375243615626,68,2,2,2,0.0,0.2857142857142857
late,2,13,0.25180527420191623,113,1,3,2,0.5,0.3333333333333333
late,10,5,0.5686844278404173,113,2,1,2,1.0,0.25
late,12,2,0.5336581529129487,68,3,1,2,0.0,0.2
late,2,11,0.4632204770357586,122,1,2,2,0.5,0.05555555555555555
late,1,2,0.5677530647186397,149,1,1,2,1.0,0.2857142857142857
late,9,13,0.2888173681053021,100,2,1,2,0.0,0.3333333333333333
late,13,5,0.429011815794464,92,3,1,2,0.0,0.09523809523809523
late,13,5,0.5032708373362131,19,3,1,2,0.5,0.16666666666666666
late,7,1,0.5465578873599557,100,3,1,2,1.0,0.25
late,11,13,0.21696435989588986,150,2,3,2,1.0,0.25
late,4,13,0.22374357839528775,150,1,3,2,0.0,0.5
late,11,2,0.5202720446504496,150,2,1,2,1.0,0.25
late,1,3,0.5738732464351408,100,1,1,2,0.5,0.18181818181818182
late,1,6,0.5516913668493009,19,1,1,2,0.0,0.06451612903225806
late,11,1,0.5879995613426757,21,3,1,2,1.0,0.6666666666666666
late,1,11,0.40127037021470036,143,1,2,2,0.0,0.125
late,5,5,0.5144219920732028,132,1,1,2,0.5,0.16666666666666666
late,1,5,0.49637868234050486,158,1,1,2,0.5,0.1
late,13,3,0.4112787543653067,18,1,1,2,0.5,0.18181818181818182
late,7,13,0.27665424254728643,21,1,3,2,1.0,0.09523809523809523
late,1,12,0.5600410006514485,68,1,2,2,1.0,0.4
late,5,1,0.5331876973756172,50,1,1,2,0.5,0.2857142857142857
late,4,2,0.47682914564098006,1,1,1,2,0.5,1.0
late,10,6,0.5797137912255736,113,2,1,2,0.0,0.25
late,6,6,0.458137268147298,98,1,1,2,0.5,0.2857142857142857
late,6,6,0.5247728550016952,100,3,3,2,0.5,0.2
late,13,2,0.5881945574172673,113,3,1,2,1.0,0.25
late,13,13,0.14235719948803124,143,3,3,2,0.0,0.5
late,13,5,0.4846976495087664,101,1,1,2,0.5,0.16666666666666666
late,13,2,0.41774281693629656,115,1,1,2,0.5,0.07692307692307693
late,6,2,0.5871197254361818,113,1,1,2,0.5,0.5
late,14,14,0.1926122136557354,70,1,1,2,0.5,0.2857142857142857
late,10,2,0.48674353060124464,1,2,1,2,1.0,0.25
late,12,12,0.4907433304804988,68,3,2,2,0.5,0.2
late,11,6,0.5146452387103331,62,2,1,2,1.0,0.18181818181818182
late,1,2,0.010006713085294161,70,1,0,2,0.0,0.019417475728155338
late,10,13,0.29246335629933556,80,2,3,2,1.0,0.3333333333333333
late,10,10,0.4055251328549723,4,2,2,2,0.0,0.15384615384615385
late,8,5,0.4892843652347056,152,3,1,2,1.0,0.3333333333333333
late,13,5,0.4621460919807802,8,1,1,2,0.5,0.11764705882352941
late,8,12,0.5302629565669101,11,3,2,2,1.0,0.3333333333333333
late,4,6,0.5044266699329708,128,1,1,2,0.5,0.5
late,10,13,0.24655833686425607,77,2,3,2,0.0,0.2857142857142857
late,1,10,0.4254860723190566,77,1,2,2,0.5,0.16666666666666666
late,12,14,0.2094348577246516,68,3,3,2,0.5,0.2
late,1,13,0.23928756491382405,77,1,3,2,0.5,0.16666666666666666
late,12,1,0.49524576691154465,91,2,1,2,1.0,0.1
late,5,6,0.5559183175301402,23,1,1,2,0.0,0.25
late,1,13,0.33560199837699906,148,1,1,2,0.0,0.09523809523809523
late,12,14,0.25548643861260306,11,3,1,2,0.0,0.06060606060606061
late,9,9,0.4696644530953386,125,3,3,2,1.0,0.6666666666666666
late,1,2,0.5717550746492893,23,1,1,2,0.5,0.18181818181818182
late,1,1,0.48679863766087667,134,1,1,2,1.0,0.6666666666666666
late,1,12,0.5286852539733307,11,1,2,2,0.5,0.1111111111111111
late,11,1,0.6229774434082581,149,2,1,2,1.0,0.6666666666666666
late,12,13,0.21609185886145266,91,2,3,2,0.5,0.1
late,1,13,0.17865221975013876,143,1,3,2,0.0,0.125
late,11,1,0.43038524735831335,143,2,1,2,1.0,1.0
late,11,11,0.01151754538362781,70,2,0,2,0.0,0.03508771929824561
late,1,13,0.2581262028399261,1,1,1,2,0.0,0.6666666666666666
late,1,5,0.5178766358599886,100,1,1,2,0.0,0.18181818181818182
late,13,2,0.45881291036895056,1,1,1,2,1.0,0.2857142857142857
late,6,2,0.5653038544603928,23,1,1,2,1.0,0.2857142857142857
late,10,13,0.2948140924810594,149,2,3,2,0.0,0.4
late,2,1,0.00954164336697469,70,1,0,2,0.0,0.02666666666666667
late,11,5,0.5438960425300802,136,3,1,2,0.0,0.13333333333333333
late,10,1,0.5896660355212077,148,2,1,2,0.5,0.15384615384615385
late,1,6,0.42414146028943756,61,1,1,2,0.0,0.2222222222222222
late,13,13,0.006989662072287673,61,3,0,2,0.0,0.6666666666666666
late,1,5,0.4148844481329543,61,1,1,2,0.0,0.2222222222222222
late,6,5,0.3947506725664399,61,1,1,2,0.0,0.4
late,6,6,0.408511248015026,61,1,1,2,0.5,0.4
late,11,13,0.2559579764880259,3,2,1,2,0.0,0.2222222222222222
late,1,13,0.007160188381524522,61,1,0,2,0.0,0.2222222222222222
late,5,13,0.013645585547790391,23,1,0,2,0.0,0.25
late,1,1,0.45142295046255854,61,1,1,2,1.0,0.2222222222222222
late,6,5,0.5377278867415218,23,1,1,2,1.0,0.2857142857142857
late,2,13,0.2899921560223113,47,1,1,2,0.0,0.2222222222222222
late,11,5,0.5095733026612281,128,2,1,2,0.5,0.0425531914893617
late,4,2,0.5565289571124922,136,4,1,2,0.5,0.6666666666666666
late,2,5,0.4238051130467971,92,1,1,2,1.0,0.09090909090909091
late,1,1,0.5199107428301869,46,1,1,2,1.0,0.2857142857142857
late,2,2,0.6222485808157764,30,1,1,2,1.0,0.5
late,11,13,0.013031716567881263,128,3,0,2,0.0,0.03333333333333333
late,13,13,0.2985390183612417,47,1,1,2,0.5,0.3333333333333333
late,10,1,0.5031525389039333,46,2,1,2,0.5,0.4
late,7,13,0.3318749250776792,30,1,3,2,0.5,0.6666666666666666
late,6,6,0.5863589697788897,53,2,5,2,0.5,0.08
late,1,2,0.4709120603975376,83,1,1,2,0.5,0.3333333333333333
late,4,13,0.16868621693231212,107,1,3,2,0.0,0.4
late,11,1,0.44497873029205237,83,2,1,2,0.0,1.0
late,8,2,0.5310151581170918,132,1,1,2,0.0,0.3333333333333333
late,0,5,0.8679180004920134,128,5,1,2,0.5,0.09090909090909091
late,10,13,0.3334746742635075,30,2,3,2,1.0,0.25
late,5,6,0.5313839583868328,128,1,3,2,1.0,0.09523809523809523
late,1,13,0.010991388040729941,107,1,0,2,0.0,0.04878048780487805
late,4,1,0.48123374029007976,107,1,1,2,0.5,0.4
late,11,13,0.19030642694217303,107,2,3,2,0.5,0.2857142857142857
late,1,13,0.22880645448362102,46,1,3,2,0.5,0.2857142857142857
late,10,1,0.6346297816184314,30,2,1,2,0.5,0.25
late,10,6,0.48305377360191926,72,2,3,2,0.0,0.04
late,12,3,0.5134853383081743,102,5,3,2,0.5,0.4
late,2,5,0.5346582978663671,101,1,1,2,0.5,0.05555555555555555
late,4,13,0.20956005537460923,101,1,3,2,0.0,0.0625
late,11,13,0.15847270637895833,107,3,3,2,0.0,1.0
late,6,13,0.21187811905533968,107,1,3,2,0.0,0.16666666666666666
late,10,6,0.48761991838978164,107,2,1,2,0.5,0.08
late,10,2,0.48085938115209736,107,3,1,2,0.0,0.5
late,5,6,0.4202422652574828,151,1,1,2,0.5,1.0
late,10,1,0.5851186554412553,43,2,1,2,0.5,0.25
late,13,13,0.18524151237874473,16,3,3,2,0.0,0.5
late,11,1,0.49581282831253654,151,3,1,2,0.5,0.4
late,13,6,0.45820248978610395,16,3,1,2,0.0,0.5
late,1,6,0.4595739599407829,16,1,1,2,0.5,0.25
late,10,2,0.45810376794439317,16,2,1,2,0.5,0.5
late,0,2,0.9126468862793955,30,5,1,2,1.0,0.5
late,7,13,0.21023555909089053,16,1,3,2,0.0,0.5
late,6,3,0.5445060475665549,151,1,1,2,0.5,0.5
late,6,2,0.46414402778102054,16,1,1,2,0.0,0.2857142857142857
late,10,13,0.31476581958894945,30,3,3,2,0.5,1.0
late,2,2,0.486701963131431,16,1,1,2,0.0,1.0
late,12,5,0.3547208503115513,164,2,3,2,0.5,0.11764705882352941
late,1,6,0.4945953053074972,13,1,1,2,0.5,0.13333333333333333
late,6,1,0.48702466036285647,13,1,1,2,0.5,0.6666666666666666
late,6,13,0.15999706997503024,160,3,3,2,1.0,0.5
late,2,12,0.3927072471343587,156,1,2,2,0.5,0.5
late,3,5,0.5090600567278173,48,3,3,2,0.0,0.2
late,1,2,0.49360386559115976,156,1,1,2,0.5,0.25
late,11,13,0.22376280271201443,72,3,1,2,0.0,0.1
late,6,3,0.5180370327978268,72,1,1,2,0.5,0.041666666666666664
late,10,1,0.458527926009567,90,2,1,2,0.5,0.07692307692307693
late,2,2,0.5660578572762789,43,1,1,2,1.0,0.4
late,11,2,0.5358794525230635,128,3,1,2,0.5,0.03333333333333333
late,3,3,0.6618429094057621,145,3,3,2,1.0,0.5
late,13,13,0.13988050482198358,160,3,3,2,0.0,0.5
late,10,13,0.23341353899256692,25,2,3,2,0.0,0.6666666666666666
late,12,3,0.4639306730273513,156,2,3,2,0.5,0.044444444444444446
late,11,6,0.5347512379532798,48,2,3,2,0.5,0.13333333333333333
late,10,6,0.4851344617277759,13,2,1,2,0.0,0.16666666666666666
late,1,3,0.5317735400048442,156,1,3,2,0.5,0.25
late,1,1,0.5731175324320082,48,1,1,2,1.0,0.2222222222222222
late,10,2,0.4515078331257715,156,2,1,2,0.5,0.2
late,10,6,0.4308600149825562,160,2,3,2,0.0,0.09090909090909091
late,7,13,0.2501557084460158,117,1,3,2,0.0,0.5
late,12,6,0.3983923610789993,164,2,2,2,0.5,0.11764705882352941
late,10,13,0.33149001464621203,47,2,1,2,0.0,0.2857142857142857
late,10,13,0.24227766808546378,43,3,3,2,0.0,0.3333333333333333
late,11,13,0.16439654254658706,163,3,3,2,0.0,1.0
late,6,1,0.5085518963897754,163,1,1,2,0.5,0.5
late,11,6,0.5388067162558745,128,2,1,2,0.5,0.0425531914893617
late,1,6,0.5035544426520283,163,1,1,2,0.5,0.18181818181818182
late,1,3,0.536988820829368,72,1,1,2,1.0,0.020618556701030927
late,11,11,0.5563313293055482,101,2,2,2,0.5,0.045454545454545456
late,6,5,0.37617246586120134,164,2,3,2,0.5,1.0
late,10,13,0.21506963158497874,163,3,3,2,0.0,1.0
late,10,13,0.1871691207048076,108,2,1,2,0.0,0.25
late,6,1,0.013939791252477884,128,1,0,2,0.0,0.030303030303030304
late,6,6,0.4825877919470023,163,1,1,2,0.5,0.5
late,10,1,0.4097143664518601,108,2,1,2,0.0,0.25
late,13,13,0.135895007308886,164,3,3,2,0.0,1.0
late,11,6,0.5528166925463626,128,3,1,2,0.5,0.03333333333333333
late,10,6,0.48189597939455764,72,2,1,2,0.0,0.04
late,10,2,0.5688212567006411,43,3,1,2,1.0,0.3333333333333333
late,11,5,0.5057814281255392,13,2,1,2,0.0,0.16666666666666666
late,2,14,0.23980782037447312,136,1,1,2,0.0,0.007782101167315175
late,13,13,0.2477526795890111,66,3,3,2,0.0,0.5
late,13,13,0.25244979147816654,47,3,3,2,0.0,0.4
late,5,3,0.5962109172799103,144,3,3,2,0.5,0.2857142857142857
late,6,5,0.5546213348214619,47,3,3,2,0.5,0.6666666666666666
late,1,1,0.6523559771846524,36,1,1,2,1.0,0.2857142857142857
late,13,13,0.17698733987701237,161,3,3,2,0.0,0.4
late,1,6,0.4825277006241211,40,1,3,2,0.5,1.0
late,1,13,0.27849654568296667,128,1,1,2,0.0,0.009708737864077669
late,12,12,0.484678042893921,66,2,3,2,0.0,0.04878048780487805
late,1,10,0.4273930195905526,128,1,2,2,1.0,0.009708737864077669
late,5,13,0.016393343224502744,101,1,0,2,0.0,0.09090909090909091
late,4,13,0.2580539135573135,129,1,1,2,0.0,0.1111111111111111
late,9,13,0.26328956555088323,152,2,2,2,0.0,0.1
late,1,5,0.5340931187281001,47,1,3,2,0.5,0.2857142857142857
late,10,6,0.48124181195523386,161,2,1,2,0.5,0.4
late,11,1,0.6119717951744787,36,2,1,2,0.5,0.5
late,1,2,0.5918540160716578,43,1,1,2,0.5,0.18181818181818182
late,2,1,0.5316598944448236,62,1,1,2,0.0,0.4
late,11,13,0.24389801975325068,62,2,1,2,0.0,0.18181818181818182
late,4,2,0.5165314686548372,128,1,1,2,0.0,0.5
late,0,10,0.7627213403885057,131,5,2,2,1.0,0.5
late,5,13,0.237716940588446,72,1,1,2,0.0,0.07692307692307693
late,11,5,0.5245130177127513,128,3,1,2,1.0,0.03333333333333333
late,10,13,0.26460351955714173,66,3,3,2,0.0,0.3333333333333333
late,10,12,0.556341519902915,66,2,2,2,1.0,0.6666666666666666
late,7,5,0.48942798100285617,122,1,1,2,0.5,0.1111111111111111
late,6,2,0.5289343372037661,150,3,3,2,0.0,0.125
late,13,6,0.5118823492399535,150,3,3,2,0.5,0.06666666666666667
late,5,5,0.5653718254199199,64,3,3,2,1.0,0.3333333333333333
late,4,6,0.5633618146020686,64,1,3,2,0.5,0.2222222222222222
late,1,2,0.5267740508577603,0,1,1,2,0.5,0.5
late,1,6,0.528346127232232,150,1,3,2,1.0,0.06666666666666667
late,12,2,0.5377502183703549,66,2,1,2,0.5,0.04878048780487805
late,7,13,0.23872323574818283,0,1,3,2,0.0,0.5
late,10,5,0.539899425220674,64,2,3,2,0.0,0.025974025974025976
late,6,2,0.5758031806014513,31,1,1,2,1.0,0.5
late,1,6,0.5851380620953902,113,1,3,2,1.0,0.16666666666666666
late,2,6,0.4958852041050069,150,1,3,2,0.5,0.14285714285714285
late,2,2,0.5287816161185558,0,1,1,2,0.5,0.6666666666666666
late,13,12,0.4886920234403338,66,3,2,2,0.0,0.5
late,13,6,0.46546007581197846,55,3,3,2,1.0,0.2222222222222222
late,6,5,0.5732142954807358,113,3,3,2,1.0,0.3333333333333333
late,6,13,0.27274146767394025,64,3,3,2,0.0,0.04878048780487805
late,2,13,0.23381405338200714,122,1,3,2,0.0,0.05555555555555555
late,11,11,0.5037849693667366,136,2,2,2,0.0,0.046511627906976744
late,11,1,0.013974787750823578,136,2,0,2,0.0,0.046511627906976744
late,5,6,0.4330031395343594,90,1,1,2,0.5,0.2857142857142857
late,11,10,0.4938635689965009,157,2,2,2,0.5,0.047619047619047616
late,6,13,0.2663243151738852,131,1,3,2,0.5,0.5
late,5,13,0.24347276222855432,128,1,3,2,0.0,0.09523809523809523
late,10,3,0.5403396588840926,152,2,3,2,0.5,0.2
late,10,13,0.15406314554053574,58,3,3,2,0.0,1.0
late,1,1,0.48256255154930383,103,1,1,2,0.0,0.4
late,11,1,0.503585053587525,103,5,1,2,0.0,1.0
late,13,6,0.4831353424630239,62,1,1,2,0.5,0.5
late,4,6,0.5159562800322305,110,4,1,2,0.5,0.5
late,1,6,0.4853711054170292,58,1,1,2,0.5,0.5
late,5,13,0.21488052723560183,103,1,1,2,0.0,0.6666666666666666
late,12,12,0.46561996512235854,102,5,2,2,0.5,0.4
late,6,5,0.010471379432548816,58,1,0,2,0.0,0.2222222222222222
late,1,6,0.5887460744944216,64,1,2,2,0.0,0.016260162601626018
late,12,9,0.4542410289188995,102,2,2,2,0.0,0.0625
late,3,13,0.2617315534473878,64,3,3,2,0.5,0.08333333333333333
late,2,2,0.48954395141697027,58,1,1,2,0.5,0.5
late,12,12,0.012408938148587342,102,2,0,2,0.0,0.0625
late,1,5,0.4436021471656729,103,1,1,2,0.0,0.4
late,1,6,0.5612011351531965,111,1,1,2,1.0,0.028169014084507043
late,1,5,0.5154619106129444,62,1,1,2,0.5,0.09090909090909091
late,13,6,0.5867215867750906,36,3,1,2,0.5,0.5
late,5,6,0.48083420324341525,161,1,1,2,0.5,0.5
late,13,13,0.24830157068578915,43,1,3,2,0.0,0.2857142857142857
late,6,6,0.5664631429170967,144,3,3,2,0.5,0.5
late,2,6,0.5438369422555612,131,1,1,2,0.5,0.18181818181818182
late,13,13,0.27652048628725046,31,3,3,2,0.0,0.6666666666666666
late,10,13,0.226685168896531,89,2,3,2,0.0,0.5
late,13,13,0.01205343809680455,89,3,0,2,0.0,0.3333333333333333
late,13,12,0.4978712875604139,155,2,2,2,0.5,0.6666666666666666
late,10,3,0.50116123143985,105,5,2,2,0.0,0.6666666666666666
late,3,3,0.5283166358891409,105,2,2,2,1.0,0.3333333333333333
late,13,5,0.4460022109012937,89,3,1,2,0.0,0.3333333333333333
late,10,13,0.011843529424610913,89,3,0,2,0.0,0.2222222222222222
late,4,13,0.23659489098959957,101,1,1,2,0.0,0.0625
late,6,2,0.5602768862469072,131,1,1,2,0.0,0.5
late,1,1,0.5888048699707403,47,1,1,2,0.5,0.2857142857142857
late,10,3,0.5554805130307913,152,4,3,2,1.0,0.4
late,12,12,0.01774708185044193,155,2,0,2,0.0,0.014388489208633094
late,12,12,0.6313982337605883,155,4,5,2,1.0,0.4
late,6,5,0.01904558064142091,64,1,0,2,0.0,0.027777777777777776
late,10,5,0.012455114888965736,89,3,0,2,0.0,0.2222222222222222
late,5,3,0.656696712932358,82,3,3,2,1.0,0.3333333333333333
late,3,6,0.4747422889528225,105,2,3,2,0.5,0.3333333333333333
late,10,5,0.4371496604551424,105,2,3,2,0.0,0.04878048780487805
late,2,14,0.23268113536998034,74,1,3,2,0.0,0.11764705882352941
late,7,5,0.008601144786857237,115,1,0,2,0.0,0.09523809523809523
late,0,6,0.8534041515454757,96,5,1,2,1.0,0.04081632653061224
late,13,1,0.5374140285059782,43,3,1,2,0.5,0.125
late,1,13,0.01607847188027955,144,1,0,2,0.0,0.023529411764705882
late,13,2,0.453439400100005,71,3,1,2,1.0,0.2857142857142857
late,1,13,0.19085993846429614,114,1,3,2,0.0,0.15384615384615385
late,1,12,0.434137424922291,156,1,2,2,1.0,0.25
late,6,1,0.4882232416117457,158,1,1,2,0.5,0.18181818181818182
late,1,11,0.3999166960788148,114,1,2,2,0.0,0.15384615384615385
late,13,6,0.42389344740717677,154,3,1,2,0.5,0.5
late,11,1,0.0138386226502705,128,3,0,2,0.0,0.03333333333333333
late,7,6,0.4393063625475775,154,1,1,2,0.5,1.0
late,10,6,0.4262921163287216,154,2,1,2,0.0,0.5
late,9,3,0.5242932627032422,152,2,3,2,0.5,0.1
late,0,6,0.8759467629290014,74,5,1,2,0.5,0.18181818181818182
late,12,10,0.5960855231450471,82,5,2,2,0.0,0.2857142857142857
late,13,2,0.38804365751008313,87,3,1,2,0.5,0.3333333333333333
late,4,13,0.19955815280482597,158,1,3,2,0.0,0.5
late,1,2,0.5643187613613729,162,1,1,2,1.0,0.3333333333333333
late,4,1,0.5955721041336564,162,4,1,2,0.0,0.5
late,11,2,0.5900592234821056,74,3,1,2,0.0,0.4
late,6,9,0.3996731836258106,10,1,3,2,0.5,1.0
late,6,6,0.5187592173336306,72,3,1,2,0.5,0.08
late,13,5,0.44143259901481047,72,1,1,2,1.0,0.1111111111111111
late,11,11,0.5460617017176367,43,2,2,2,1.0,0.2857142857142857
late,5,13,0.2125903580427022,115,1,1,2,0.0,0.05405405405405406
late,6,13,0.28095474188171776,144,1,1,2,0.0,0.0392156862745098
late,0,11,0.7814972475281788,74,5,2,2,1.0,0.18181818181818182
late,4,6,0.5490511159174681,74,1,1,2,0.5,0.2
late,11,1,0.593144417671401,43,2,1,2,0.0,0.2857142857142857
late,13,13,0.00784573679499256,115,1,0,2,0.0,0.07692307692307693
late,10,13,0.020920001435104287,153,3,0,2,0.0,0.2857142857142857
late,1,6,0.5631464960101091,74,1,1,2,1.0,0.1
late,10,3,0.5736051319789777,144,2,3,2,0.0,0.0392156862745098
late,3,13,0.3096749228503161,82,3,3,2,0.5,0.1111111111111111
late,11,3,0.592820562459507,144,2,3,2,0.5,0.07142857142857142
late,10,13,0.19998125281877585,105,2,3,2,0.0,0.04878048780487805
late,4,2,0.5663878579310385,74,1,1,2,0.5,0.2
late,10,10,0.5138123729935147,144,2,2,2,0.5,0.0392156862745098
late,1,3,0.5121884649822763,95,1,3,2,0.5,0.2222222222222222
late,10,6,0.5262708758896282,129,2,1,2,0.5,0.16666666666666666
late,0,1,0.8998484467506799,19,5,1,2,1.0,0.2857142857142857
late,13,2,0.5119050077191184,19,3,1,2,1.0,0.16666666666666666
late,7,5,0.499382332565616,96,1,1,2,0.5,0.2222222222222222
late,1,2,0.5437717354537681,159,1,1,2,0.0,0.5
late,13,6,0.4666847872339385,96,1,1,2,0.0,0.08695652173913043
late,6,13,0.23341090730942032,159,1,3,2,0.5,1.0
late,1,6,0.5500339853835966,132,1,1,2,1.0,0.02247191011235955
late,10,5,0.4322483663609379,95,2,3,2,0.0,0.2222222222222222
late,11,6,0.583092583909892,19,3,1,2,1.0,0.13333333333333333
late,7,1,0.4311245922182701,87,1,1,2,0.5,1.0
late,13,2,0.4860228425620211,159,3,1,2,0.5,0.2222222222222222
late,13,5,0.49719236725102217,106,3,1,2,0.5,0.06896551724137931
late,11,5,0.5258264447535106,106,2,1,2,0.5,0.07692307692307693
late,2,3,0.5841900615158825,96,1,1,2,0.5,0.017699115044247787
late,10,2,0.5146636456297958,159,2,1,2,0.0,0.16666666666666666
late,11,6,0.5881526735146984,19,2,1,2,0.5,0.06896551724137931
late,6,13,0.2370088366783327,106,1,3,2,0.0,0.07692307692307693
late,13,13,0.23184697280341007,19,3,3,2,0.0,0.16666666666666666
late,5,6,0.5270025858468127,106,1,1,2,0.5,0.4
late,6,1,0.5934224596173228,112,1,1,2,1.0,0.16666666666666666
late,2,6,0.51945343328387,106,1,1,2,0.0,0.08
late,6,6,0.4118584204775105,87,1,1,2,1.0,0.4
late,13,13,0.14768012400571104,87,3,3,2,0.5,0.3333333333333333
late,10,5,0.42765368734053516,79,2,2,2,0.0,0.3333333333333333
late,11,6,0.5802746080991122,43,2,1,2,1.0,0.2857142857142857
late,6,2,0.5295104574303636,162,1,1,2,1.0,1.0
late,10,10,0.34485527859932774,79,1,1,2,0.0,0.4
late,11,7,0.4919025860269201,96,2,1,2,1.0,0.0196078431372549
late,10,13,0.16821257555754754,87,2,3,2,0.0,0.5
late,10,3,0.6599972194116092,118,2,3,2,0.0,0.3333333333333333
late,11,13,0.2046208357274884,128,2,3,2,0.5,0.0425531914893617
late,6,6,0.5864813690828112,80,1,1,2,0.0,0.25
late,13,6,0.4410520003554165,123,3,3,2,0.5,0.2857142857142857
late,11,13,0.21547585566505673,19,3,3,2,0.0,0.13333333333333333
late,2,13,0.24842026324061967,19,1,3,2,0.5,0.11764705882352941
late,1,1,0.4939961459555554,95,1,1,2,0.5,0.2222222222222222
late,10,13,0.01326309407223956,128,3,0,2,0.0,0.058823529411764705
late,3,3,0.5515908583705311,146,3,3,2,1.0,0.4
late,11,5,0.5450373097209353,80,2,1,2,1.0,1.0
late,5,5,0.015139088246881064,155,3,0,2,0.0,0.15384615384615385
late,5,13,0.2840067275692139,80,1,3,2,1.0,0.6666666666666666
late,10,13,0.21313460516006752,123,2,3,2,0.0,0.3333333333333333
late,11,13,0.2893076784190553,43,3,1,2,0.5,0.2857142857142857
late,6,3,0.5157129624360567,72,1,3,2,0.5,0.041666666666666664
late,11,10,0.45227405583977637,72,2,2,2,1.0,0.04081632653061224
late,12,12,0.5798786668536,56,5,5,2,0.0,0.2857142857142857
late,9,12,0.5370271837316253,155,2,2,2,0.5,0.18181818181818182
late,3,1,0.6535615983715749,64,3,1,2,0.5,0.08333333333333333
late,6,3,0.6163640152605651,21,3,3,2,0.5,0.07407407407407407
late,1,10,0.36568681107156953,75,1,2,2,0.0,0.2857142857142857
late,3,11,0.5690098226414417,64,3,2,2,0.5,0.08333333333333333
late,1,5,0.5320136634581093,21,1,2,2,0.0,0.020202020202020204
late,2,5,0.52036104281293,132,1,1,2,0.0,0.1111111111111111
late,11,2,0.5207886167862078,110,2,1,2,0.0,0.2222222222222222
late,11,13,0.2472715862484765,43,3,3,2,0.0,0.2857142857142857
late,6,14,0.2696738237199368,19,1,1,2,0.0,0.13333333333333333
late,10,2,0.47560754325382343,72,1,1,2,0.0,1.0
late,12,10,0.4444008103584137,56,2,2,2,1.0,0.03508771929824561
late,13,6,0.4546544967362419,72,1,1,2,0.5,0.1111111111111111
late,11,1,0.5363961875350846,10,3,1,2,0.5,0.6666666666666666
late,12,14,0.3059189551305433,82,2,3,2,0.0,0.022222222222222223
late,12,5,0.5416779568417698,11,2,1,2,1.0,0.034482758620689655
late,10,13,0.2811172364683579,11,2,3,2,0.0,0.3333333333333333
late,10,1,0.5927297599802288,11,2,1,2,0.5,0.3333333333333333
late,1,1,0.019923094217065253,153,1,0,2,0.0,0.029411764705882353
late,11,13,0.20625708865620868,48,2,3,2,0.5,0.13333333333333333
late,11,5,0.4808236281478749,48,2,3,2,0.0,0.13333333333333333
late,12,7,0.41119999382320743,156,2,3,2,0.5,0.044444444444444446
late,1,6,0.4371538613389365,160,1,3,2,0.5,0.16666666666666666
late,6,13,0.24608085992746007,25,1,3,2,0.5,0.5
late,11,11,0.52086999994062,111,2,2,2,0.5,0.03225806451612903
late,13,13,0.2942773143995406,111,1,1,2,0.0,0.125
late,12,13,0.38652861280010153,82,5,2,2,0.0,0.2857142857142857
late,5,13,0.257493541039085,157,1,1,2,0.5,0.2
late,4,5,0.5295975243112641,111,1,1,2,1.0,0.125
late,13,14,0.20892176590720635,19,1,1,2,0.0,0.6666666666666666
late,5,5,0.5067186140564542,157,1,1,2,0.0,0.2
late,6,6,0.5219645753831199,25,1,1,2,0.5,0.5
late,7,13,0.2467996843587088,25,1,3,2,0.0,0.4
late,4,5,0.4735755009285674,54,1,1,2,0.5,0.15384615384615385
late,5,13,0.2408944199481685,54,1,1,2,0.0,0.4
late,12,5,0.49858984964886943,155,2,3,2,0.5,0.014388489208633094
late,1,5,0.5104002073916414,54,1,1,2,0.0,0.10526315789473684
late,4,2,0.5486774851937053,19,1,1,2,0.0,0.15384615384615385
late,11,13,0.23267880446364042,72,2,1,2,0.0,0.04081632653061224
late,10,13,0.29928867557311223,111,2,1,2,0.5,0.06896551724137931
late,7,2,0.533798690075592,25,1,1,2,1.0,0.4
late,1,1,0.6419484974997026,22,1,1,2,1.0,0.2857142857142857
late,12,3,0.5182255298510517,37,2,3,2,0.5,0.03773584905660377
late,11,6,0.5449415020013897,96,2,3,2,0.5,0.0196078431372549
late,9,1,0.5126508137139553,10,2,1,2,1.0,0.2
late,11,7,0.5644551206510772,153,2,1,2,0.5,0.11764705882352941
late,13,5,0.5726326176997621,57,1,1,2,1.0,0.2
late,10,7,0.49523156285843317,128,2,1,2,0.5,0.025
late,1,5,0.48963744337223364,110,1,1,2,0.5,0.14285714285714285
late,1,5,0.44001314074597037,124,1,3,2,0.0,0.2222222222222222
late,8,5,0.47881688121542265,37,4,3,2,0.5,0.5
late,5,2,0.5369850301572481,11,1,1,2,0.5,1.0
late,13,13,0.28427626306066545,74,1,1,2,0.5,0.6666666666666666
late,11,1,0.6121662267027272,74,3,1,2,0.5,0.4
late,13,6,0.5221741153501759,162,3,1,2,0.5,0.4
late,10,4,0.5059206862724498,72,2,1,2,1.0,0.04
late,10,5,0.4681332689609786,110,2,1,2,0.5,0.25
late,12,5,0.02875503467192792,82,2,0,2,0.0,0.022222222222222223
late,10,13,0.2899796366361226,74,2,1,2,0.0,0.08
late,7,13,0.19594816447833385,110,3,1,2,0.0,1.0
late,9,13,0.21296820564644006,10,2,3,2,0.5,0.2
late,1,1,0.57914426552202,162,1,1,2,0.5,0.3333333333333333
late,5,6,0.48874702029460043,110,1,1,2,0.0,0.2
late,10,5,0.43945306075530505,141,2,3,2,0.5,0.18181818181818182
late,10,13,0.21584680330341852,10,2,3,2,0.5,1.0
late,1,1,0.5264750237926924,141,1,1,2,0.5,0.3333333333333333
late,0,2,0.890336899308272,19,5,1,2,1.0,0.2857142857142857
late,2,13,0.2952865858972454,43,1,1,2,0.0,0.4
late,13,13,0.25781940869851444,43,3,1,2,0.5,0.125
late,5,13,0.22253083994763811,96,3,3,2,0.0,0.6666666666666666
late,13,13,0.20633452127882926,10,3,3,2,0.5,0.3333333333333333
late,13,12,0.3904113804003482,37,1,2,2,1.0,0.6666666666666666
late,1,5,0.01320026770298207,96,1,0,2,0.0,0.006024096385542169
late,13,13,0.25397857841579297,144,1,1,2,0.0,0.2222222222222222
late,1,11,0.4411513501254964,141,1,2,2,0.5,0.3333333333333333
late,4,6,0.5363050162261414,106,1,1,2,1.0,0.18181818181818182
late,0,2,0.8911575509076259,22,5,1,2,1.0,0.2857142857142857
late,13,1,0.5290013308191033,106,3,1,2,0.5,0.06896551724137931
late,9,13,0.2436229851033455,10,2,2,2,0.5,0.2
late,10,13,0.282551257836669,22,3,3,2,0.0,1.0
late,2,2,0.5025065261160928,37,1,1,2,0.5,0.25
late,12,5,0.6043770080240605,82,2,1,2,1.0,0.022222222222222223
late,13,14,0.2986148606570441,153,3,1,2,0.0,0.028985507246376812
late,6,1,0.5383899161785453,136,1,1,2,0.5,0.04878048780487805
late,10,13,0.02794844497342986,82,2,0,2,0.0,0.01639344262295082
late,0,1,0.9010892390075206,22,5,1,2,1.0,0.2857142857142857
late,4,3,0.597925587368006,96,4,3,2,0.5,0.047619047619047616
late,4,6,0.012570144832534708,96,1,0,2,0.0,0.013333333333333334
late,9,1,0.4854934055600894,5,2,1,2,0.5,0.09523809523809523
late,4,1,0.5699439120631993,21,1,1,2,1.0,0.2
late,4,1,0.5318429803280108,38,1,1,2,0.5,0.3333333333333333
late,8,1,0.5413571196113982,136,1,1,2,0.5,1.0
late,10,12,0.4831732884260796,37,2,2,2,0.5,0.16666666666666666
late,7,5,0.4944332725212484,136,1,3,2,0.5,0.0625
late,10,2,0.016037244868028974,74,2,0,2,0.0,0.08
late,13,5,0.5268874438157447,21,3,1,2,0.5,0.07407407407407407
late,2,6,0.44860084365500674,3,1,3,2,0.5,0.25
late,1,13,0.013253648018639189,157,1,0,2,0.0,0.03278688524590164
late,7,2,0.48740973205352445,3,3,1,2,0.5,0.5
late,2,13,0.2251542088379957,157,1,3,2,0.0,0.10526315789473684
late,10,13,0.23887801695676636,129,2,3,2,0.0,0.16666666666666666
late,5,2,0.6047967041500515,137,1,1,2,1.0,0.2222222222222222
late,13,1,0.5209035198098202,129,3,1,2,1.0,0.08333333333333333
late,6,13,0.012056467166672384,69,3,0,2,0.0,0.09523809523809523
late,6,2,0.4684717040244597,17,3,1,2,0.0,1.0
late,2,14,0.257630152304566,129,1,1,2,0.5,0.047619047619047616
late,5,3,0.5750177814115078,136,1,1,2,1.0,0.022988505747126436
late,11,13,0.21380764364387433,157,3,3,2,0.0,0.4
late,2,1,0.5225863865128666,133,1,1,2,0.5,0.05555555555555555
late,7,13,0.18987051450065415,3,3,3,2,0.5,0.5
late,4,6,0.5556666129078867,69,4,3,2,0.5,1.0
late,10,2,0.47611285925904534,3,2,1,2,0.0,0.058823529411764705
late,5,13,0.23180056591904882,69,1,3,2,0.0,0.07407407407407407
late,13,6,0.5098875556203485,69,3,3,2,0.5,0.25
late,2,2,0.46800884357275757,17,1,1,2,0.0,0.3333333333333333
late,5,6,0.5645744137580294,64,1,3,2,1.0,0.05
late,11,10,0.45528188247986795,129,2,3,2,0.5,0.028985507246376812
late,5,2,0.4822124368746793,3,1,1,2,0.0,0.1111111111111111
late,10,13,0.24278402821703898,35,2,3,2,0.0,0.4
late,0,13,0.583602901986839,133,5,3,2,0.5,0.14285714285714285
late,10,2,0.5204130638769078,38,2,1,2,0.5,0.125
late,0,1,0.9023286322596161,35,5,1,2,0.0,0.6666666666666666
late,1,2,0.5922228878901155,85,1,1,2,1.0,0.4
late,7,6,0.5625555385685427,85,1,3,2,1.0,1.0
late,6,5,0.5957600055684732,14,3,1,2,1.0,0.16666666666666666
late,2,6,0.5477240289639059,14,1,3,2,0.5,0.14285714285714285
late,7,13,0.25868913012527817,35,1,3,2,0.0,0.6666666666666666
late,0,6,0.8916417982169197,14,5,3,2,1.0,0.2
late,10,1,0.6131908251348287,14,2,1,2,0.5,0.25
late,10,5,0.5619878690095214,64,2,1,2,0.5,0.025974025974025976
late,4,5,0.487052591379263,38,1,1,2,0.5,0.3333333333333333
late,11,4,0.5767377555935935,35,2,1,2,0.5,0.08695652173913043
late,6,1,0.5353712023172547,140,1,1,2,1.0,1.0
late,13,6,0.5580264374483177,21,3,3,2,1.0,0.07407407407407407
late,10,13,0.19208192526138743,42,2,3,2,0.5,0.15384615384615385
late,11,7,0.5169547918744356,35,2,1,2,1.0,0.08695652173913043
late,7,6,0.49977395664101204,129,1,1,2,0.0,0.3333333333333333
late,13,13,0.2558380060842345,38,1,1,2,0.0,0.5
late,12,5,0.43196969632435567,156,2,1,2,0.5,0.044444444444444446
late,2,1,0.4855057214674363,17,1,1,2,1.0,0.3333333333333333
late,13,13,0.23565652600149956,21,4,3,2,0.0,1.0
late,2,13,0.18735037760393813,17,1,3,2,0.5,0.3333333333333333
late,10,6,0.5193594490093749,133,2,3,2,1.0,0.05128205128205128
late,10,3,0.4918940620482481,42,2,3,2,0.5,0.15384615384615385
late,10,10,0.43856617509396284,3,2,2,2,0.5,0.058823529411764705
late,8,13,0.24637239240653105,21,1,3,2,0.0,0.6666666666666666
late,10,10,0.5087550805880171,74,2,2,2,0.5,0.08
late,11,5,0.5713462548469954,21,2,1,2,0.5,0.0392156862745098
late,1,6,0.013079803317120985,96,1,0,2,0.0,0.006024096385542169
late,2,2,0.47728002398661534,3,1,1,2,0.0,0.25
late,10,13,0.2563447439327451,26,2,3,2,0.0,0.2857142857142857
late,7,2,0.6052006699952087,112,1,1,2,0.5,0.4
late,6,13,0.23278627370683097,26,3,3,2,0.0,0.2857142857142857
late,13,5,0.42010651421742234,70,1,1,2,0.5,0.2
late,1,5,0.5814252431437926,137,1,1,2,1.0,0.3333333333333333
late,10,2,0.016174673773983184,45,2,0,2,0.0,0.1
late,1,8,0.3699161577366708,132,1,3,2,0.5,0.02247191011235955
late,12,1,0.4692737637240636,127,2,1,2,1.0,0.18181818181818182
late,1,1,0.6165914125831665,137,1,1,2,1.0,0.3333333333333333
late,10,2,0.6003891802706783,137,2,1,2,0.5,0.2857142857142857
late,12,10,0.4205039223110095,127,2,2,2,0.5,0.18181818181818182
late,10,2,0.5328028006641817,26,2,1,2,0.0,0.2857142857142857
late,2,5,0.5694449343027105,112,1,1,2,0.0,0.18181818181818182
late,7,6,0.5077688054973233,104,3,3,2,0.5,0.6666666666666666
late,10,2,0.46939957763374685,127,2,1,2,0.0,0.25
late,2,1,0.6150423414888909,112,1,1,2,0.5,0.18181818181818182
late,12,12,0.38631562252205826,139,2,3,2,0.5,0.05263157894736842
late,10,5,0.5022557838367895,81,2,1,2,0.5,0.11764705882352941
late,13,13,0.008647004821402019,139,3,0,2,0.0,0.4
late,1,11,0.46078433514282063,121,1,2,2,0.5,0.13333333333333333
late,1,1,0.009398613872404288,70,1,0,2,0.0,0.019417475728155338
late,1,1,0.4727849601915797,28,1,1,2,1.0,0.6666666666666666
late,6,2,0.4846189258301557,28,3,1,2,0.0,0.6666666666666666
late,1,5,0.014685401921471275,132,1,0,2,0.0,0.02247191011235955
late,1,6,0.4211713379836969,130,1,3,2,0.0,0.18181818181818182
late,6,12,0.40627138725986334,139,2,2,2,0.0,1.0
late,4,2,0.45378459476173266,28,1,1,2,0.0,0.6666666666666666
late,10,13,0.19619037196733657,139,2,3,2,0.0,0.16666666666666666
late,11,13,0.3029552770049429,57,2,3,2,0.0,0.125
late,5,5,0.5501922477999803,12,1,1,2,1.0,0.4
late,5,13,0.018113767600906425,137,1,0,2,0.0,0.2222222222222222
late,6,3,0.5762276736521256,121,3,3,2,1.0,1.0
late,10,13,0.22250554479813442,104,2,3,2,0.0,0.2857142857142857
late,6,6,0.5044211928681762,45,1,1,2,0.5,0.5
late,10,7,0.4876130992180355,96,2,1,2,0.5,0.016666666666666666
late,2,3,0.5434885890766675,136,1,1,2,0.5,0.007782101167315175
late,1,10,0.39781560240863445,34,1,2,2,0.5,0.10526315789473684
late,0,1,0.8388292395728666,3,5,1,2,1.0,0.6666666666666666
late,10,7,0.4868092698565827,96,2,3,2,0.0,0.016666666666666666
late,4,6,0.5136770906639958,96,1,3,2,0.0,0.013333333333333334
late,2,6,0.5715172945980339,112,1,3,2,0.0,0.18181818181818182
late,4,13,0.22877701858908045,97,1,3,2,0.0,0.14285714285714285
late,1,2,0.6063438257895722,112,1,1,2,1.0,0.09090909090909091
late,10,13,0.2915494027004995,112,2,3,2,0.5,0.06896551724137931
late,5,2,0.5381173527231161,122,1,1,2,0.5,0.16666666666666666
late,6,5,0.5014959157863428,122,1,1,2,0.5,0.09090909090909091
late,13,1,0.5029101008606914,81,1,1,2,0.0,0.15384615384615385
late,5,2,0.4935476185712723,81,1,1,2,0.5,0.4
late,1,11,0.5037280849726549,132,1,2,2,0.5,0.02247191011235955
late,13,2,0.5126362037591907,45,3,1,2,1.0,0.25
late,6,5,0.5041077378854651,72,3,1,2,0.5,0.08
late,13,1,0.5374161080131612,45,1,1,2,1.0,0.5
late,1,5,0.5202725054106572,133,1,1,2,1.0,0.1111111111111111
late,6,13,0.2572950091076561,96,1,1,2,0.5,0.02631578947368421
late,1,10,0.44774145542674637,132,1,2,2,0.5,0.02247191011235955
late,13,13,0.01386559238874968,122,3,0,2,0.0,0.08695652173913043
late,0,6,0.8311480436937382,133,5,3,2,1.0,0.14285714285714285
late,6,13,0.27186994077443666,112,3,3,2,0.5,0.2
late,11,2,0.531840123404747,122,3,1,2,0.5,0.125
late,1,3,0.6531339335396725,84,1,3,2,0.5,0.3333333333333333
late,6,1,0.5317903527358813,72,3,1,2,0.5,0.08
late,6,2,0.543720666375927,26,3,1,2,1.0,0.2857142857142857
late,1,6,0.530138224442004,122,1,3,2,0.0,0.024096385542168676
late,4,13,0.013820808345534064,122,1,0,2,0.0,0.08333333333333333
late,1,7,0.014550345763337191,132,1,0,2,0.0,0.02247191011235955
late,12,13,0.3049618972534447,51,2,3,2,1.0,0.09090909090909091
late,4,6,0.5738673903867224,112,1,1,2,0.5,0.5
late,2,13,0.276227530904912,59,1,3,2,0.0,0.10526315789473684
late,13,1,0.565283203295883,148,1,1,2,1.0,0.14285714285714285
late,14,2,0.4286141977141422,3,1,1,2,0.5,0.6666666666666666
late,0,2,0.887294096726734,59,5,1,2,0.5,0.5
late,7,13,0.29477526132211485,59,1,3,2,0.5,1.0
late,0,1,0.8735409458584268,111,5,1,2,1.0,0.6666666666666666
late,0,1,0.8974969444436982,59,5,1,2,1.0,0.5
late,2,6,0.5411964497832213,85,1,3,2,1.0,0.16666666666666666
late,10,1,0.6003402903511355,59,2,1,2,0.5,0.2222222222222222
late,10,13,0.2950932498260511,59,2,3,2,0.0,0.2222222222222222
late,2,13,0.30993517232585305,64,1,1,2,1.0,0.09090909090909091
late,0,10,0.7982734469190396,51,5,2,2,1.0,0.4
late,5,2,0.520708327351433,109,1,1,2,1.0,0.125
late,10,5,0.5837521571693727,12,2,1,2,1.0,0.18181818181818182
late,6,5,0.5215921043320235,136,3,1,2,0.5,0.04
late,10,3,0.6082113399394405,51,2,3,2,1.0,0.16666666666666666
late,2,13,0.17885157691881004,92,1,3,2,0.0,0.09090909090909091
late,6,13,0.17260614362202675,92,3,3,2,0.0,0.5
late,2,3,0.5435927763003859,136,1,3,2,0.5,0.007782101167315175
late,2,1,0.4727207510422662,92,1,1,2,1.0,0.09090909090909091
late,6,5,0.48185544380304,157,1,1,2,0.5,0.09090909090909091
late,1,2,0.48722169028365003,92,1,1,2,0.5,0.0625
late,10,10,0.4199753745150172,92,2,2,2,1.0,0.11764705882352941
late,6,13,0.2916078123082725,148,1,1,2,0.0,0.2
late,11,1,0.5725099159774963,109,2,1,2,0.5,0.6666666666666666
late,10,4,0.5519210010518566,96,2,4,2,0.5,0.016666666666666666
late,13,6,0.5086432095024971,157,3,1,2,1.0,0.15384615384615385
late,1,6,0.58161903204737,148,1,1,2,1.0,0.09523809523809523
late,13,13,0.22284511063743045,157,3,3,2,1.0,0.15384615384615385
late,10,3,0.6293518037552864,51,5,3,2,0.0,1.0
late,12,12,0.6375648680825788,155,2,4,2,1.0,0.014388489208633094
late,10,3,0.5373838093387676,155,3,3,2,0.5,0.5
late,10,12,0.4032914358700304,15,5,2,2,0.0,1.0
late,12,13,0.3046743749437856,155,5,2,2,0.5,0.08333333333333333
late,10,10,0.5148713962685204,155,2,1,2,0.5,0.024390243902439025
late,12,10,0.49196708829756586,155,4,2,2,0.5,0.4
late,13,13,0.234272765288456,100,1,2,2,0.0,0.5
late,10,5,0.5144812458742296,155,2,3,2,0.5,0.024390243902439025
late,13,13,0.013734259409456726,122,1,0,2,0.0,0.13333333333333333
late,3,13,0.23742507694172973,155,3,3,2,0.5,0.2222222222222222
late,10,3,0.578438466031109,155,4,3,2,0.5,0.2857142857142857
late,2,6,0.5515809692156743,88,1,1,2,0.5,0.2
late,10,12,0.5621830579939824,155,5,2,2,1.0,0.4
late,10,6,0.4893419327248797,78,2,2,2,0.0,0.15384615384615385
late,6,3,0.5537743794882148,136,3,3,2,1.0,0.04
late,13,2,0.014385564414325985,122,3,0,2,0.0,0.08695652173913043
late,3,11,0.5100227847668253,111,3,2,2,0.0,1.0
late,10,2,0.5818920914394625,59,2,1,2,0.5,0.2222222222222222
late,6,1,0.5601299730072021,111,3,1,2,1.0,0.6666666666666666
late,12,12,0.680498840236215,51,2,5,2,0.0,0.09090909090909091
late,12,5,0.5574054002544151,51,5,3,2,0.5,0.5
late,13,5,0.4713116940097693,109,1,1,2,0.5,0.3333333333333333
late,0,10,0.7541906305536259,122,5,2,2,1.0,0.25
late,1,1,0.5534188135406963,100,1,1,2,0.5,0.18181818181818182
late,6,13,0.29834375829524784,64,1,1,2,0.5,0.027777777777777776
late,12,6,0.5446360334089558,155,2,3,2,1.0,0.014388489208633094
late,1,1,0.5111462894607047,136,1,3,2,0.0,0.0061162079510703364
late,13,13,0.2691001059235934,100,2,2,2,0.0,0.4
late,13,2,0.5486069306365696,59,3,1,2,0.5,0.2857142857142857
late,12,12,0.011761397384667204,78,2,0,2,0.0,0.047619047619047616
late,1,13,0.3187026744252761,88,1,1,2,0.0,0.125
late,4,3,0.6371469871724775,153,4,3,2,1.0,0.1
late,1,10,0.4249188240855929,136,1,2,2,1.0,0.0061162079510703364
late,6,2,0.4885724955781708,107,3,1,2,0.0,0.25
late,11,13,0.2546251356917465,41,2,3,2,0.0,1.0
late,11,1,0.02170079472678034,153,2,0,2,0.0,0.11764705882352941
late,13,13,0.18572199362769024,107,3,3,2,0.0,0.5
late,4,1,0.536200778166143,122,1,1,2,0.5,0.08333333333333333
late,6,13,0.24054421319497912,157,1,1,2,0.0,0.09090909090909091
late,6,2,0.5415592627884938,129,1,1,2,0.0,0.15384615384615385
late,1,3,0.6489865622382469,153,1,1,2,0.5,0.029411764705882353
late,2,2,0.5606927980865049,85,1,1,2,1.0,0.16666666666666666
late,0,11,0.7456003817384156,157,5,2,2,0.5,0.2
late,0,1,0.8733503010865622,157,5,1,2,1.0,0.2
late,7,2,0.5225479399604509,122,1,1,2,0.5,0.1111111111111111
late,14,2,0.4714804898073499,129,1,1,2,0.0,0.3333333333333333
late,0,2,0.8612269385764624,157,5,1,2,1.0,0.2
late,10,2,0.015154634407887472,122,2,0,2,0.0,0.045454545454545456
late,1,11,0.5158137045544444,111,1,2,2,0.5,0.028169014084507043
late,6,3,0.5474974609396337,21,2,3,2,0.5,0.2857142857142857
late,11,13,0.020116949482820338,153,3,0,2,0.0,0.6666666666666666
late,4,6,0.4867656301528171,39,1,1,2,0.5,0.14285714285714285
late,4,13,0.22636585483874302,6,1,3,2,0.0,1.0
late,1,1,0.5985646365144589,41,1,1,2,0.5,0.3333333333333333
late,11,1,0.5556614975189694,38,2,1,2,0.5,0.4
late,0,11,0.7576490882801703,122,5,2,2,0.5,0.25
late,13,1,0.5512318529121325,129,5,1,2,0.5,1.0
late,2,13,0.27490596535801526,14,1,3,2,0.5,0.14285714285714285
late,1,13,0.2913533118833345,14,1,3,2,0.5,0.25
late,5,2,0.6206866542821994,14,1,1,2,1.0,0.3333333333333333
late,1,2,0.013927608003565085,129,1,0,2,0.0,0.022727272727272728
late,6,6,0.611400017238242,14,3,3,2,0.5,0.16666666666666666
late,1,1,0.6078618728912253,14,1,1,2,0.5,0.25
late,10,2,0.4689083957397648,42,2,1,2,0.0,0.15384615384615385
late,13,13,0.18418853321412076,6,3,3,2,0.5,0.5
late,0,10,0.7910828779161833,49,5,2,2,1.0,0.6666666666666666
late,12,2,0.5936609203837343,51,2,1,2,0.0,0.09090909090909091
late,3,3,0.5919774590011299,133,1,1,2,1.0,0.6666666666666666
late,1,3,0.5130944792097616,115,1,1,2,0.5,0.024691358024691357
late,12,12,0.5150101129308805,49,3,2,2,0.0,0.3333333333333333
late,3,3,0.5663159755871672,115,3,3,2,1.0,0.2857142857142857
late,10,1,0.599995716587017,51,2,1,2,0.5,0.16666666666666666
late,3,13,0.2386865693057102,133,3,3,2,0.0,0.3333333333333333
late,2,6,0.5156982502288621,132,1,3,2,0.5,0.1111111111111111
late,12,3,0.5750788015885745,49,2,1,2,0.5,0.038461538461538464
late,12,5,0.009199602896221019,139,2,0,2,0.0,0.05263157894736842
late,12,12,0.5521944864091807,49,5,2,2,0.5,0.6666666666666666
late,0,12,0.8114377667371123,56,5,2,2,1.0,0.6666666666666666
late,13,6,0.547782234873993,148,1,1,2,0.5,0.14285714285714285
late,7,13,0.355285811978889,112,1,1,2,0.5,0.4
late,0,10,0.7029520228571103,107,5,2,2,0.5,0.3333333333333333
late,2,1,0.5480771772232014,39,1,1,2,0.5,0.25
late,0,2,0.8349493745970046,107,5,1,2,1.0,0.3333333333333333
late,0,1,0.8477452045829336,107,5,1,2,1.0,0.3333333333333333
late,4,5,0.6052907366984306,153,4,1,2,1.0,0.1
late,11,7,0.5750448476976157,112,2,1,2,0.0,0.4
late,13,2,0.5912074411212573,85,3,1,2,1.0,0.3333333333333333
late,3,3,0.5615991849214853,139,3,3,2,0.5,0.4
late,11,3,0.6594274920529981,57,2,3,2,0.5,0.125
late,1,13,0.23620853804175526,133,1,3,2,0.5,0.1111111111111111
late,5,3,0.5841750048262203,133,1,3,2,0.5,0.16666666666666666
late,6,6,0.4908667761032465,138,1,1,2,0.5,0.16666666666666666
late,10,13,0.2713809115384999,41,2,3,2,0.5,0.6666666666666666
late,7,2,0.5837805305563039,153,1,1,2,1.0,0.18181818181818182
late,5,1,0.5577492367432567,133,1,1,2,0.5,0.16666666666666666
late,6,1,0.5170070570278175,138,1,1,2,1.0,0.16666666666666666
late,12,6,0.500657671674294,56,2,2,2,1.0,0.03508771929824561
late,1,3,0.5791197534559281,133,1,3,2,0.5,0.1111111111111111
late,10,5,0.5554773916027947,21,2,1,2,0.5,0.03225806451612903
late,6,5,0.4407909835328595,73,1,1,2,0.5,0.2222222222222222
late,10,2,0.011491766602070479,33,2,0,2,0.0,0.5
late,1,13,0.008499611629894894,130,1,0,2,0.0,0.18181818181818182
late,11,13,0.15369751754565342,86,2,3,2,0.0,0.16666666666666666
late,6,1,0.6207957136729052,57,1,1,2,0.5,0.4
late,5,6,0.48127302101008895,72,1,1,2,0.0,0.07692307692307693
late,4,2,0.013959606030012756,122,1,0,2,0.0,0.08333333333333333
late,6,3,0.5574697427376274,52,2,2,2,0.5,1.0
late,1,1,0.013741768324566958,122,1,0,2,0.0,0.024096385542168676
late,6,6,0.4900593783267438,158,3,3,2,1.0,0.2857142857142857
late,2,5,0.4203494618395662,115,1,1,2,0.5,0.09523809523809523
late,10,13,0.2702253471919504,7,2,1,2,0.0,0.3333333333333333
late,1,1,0.6294307699558146,12,1,1,2,0.5,0.15384615384615385
late,13,13,0.23477220955527392,33,1,1,2,0.0,0.4
late,1,13,0.2887005484900853,7,1,1,2,0.0,0.3333333333333333
late,5,6,0.4821650200674029,70,1,1,2,0.5,0.05405405405405406
late,2,13,0.21044596768907606,158,1,3,2,0.0,0.4
late,4,2,0.4883100780672828,92,4,1,2,0.5,0.5
late,10,2,0.5100350674683592,7,2,1,2,0.5,0.3333333333333333
late,11,5,0.5208084293808328,122,3,1,2,0.5,0.125
late,1,13,0.025292845901388628,57,1,0,2,0.0,0.028169014084507043
late,2,2,0.5403591216747297,7,1,1,2,0.5,0.4
late,11,13,0.1679576312693909,115,2,3,2,0.0,0.11764705882352941
late,10,13,0.010055081872014534,65,2,0,2,0.0,1.0
late,11,7,0.5170328797524967,76,2,1,2,1.0,0.2857142857142857
late,2,6,0.4824015621778312,76,1,1,2,1.0,0.5
late,3,13,0.1718172452478059,139,3,3,2,0.5,0.4
late,1,11,0.5793694565398734,57,1,2,2,1.0,0.028169014084507043
late,11,11,0.5152868397791761,122,2,2,2,1.0,0.05555555555555555
late,10,13,0.00855072703179639,86,2,0,2,0.0,0.2857142857142857
late,4,8,0.3287639737209858,132,1,3,2,0.0,0.18181818181818182
late,13,6,0.45711546879688925,28,3,3,2,1.0,0.5
late,11,7,0.49914290795332206,136,2,3,2,0.5,0.046511627906976744
late,3,3,0.6364840821905223,52,2,2,2,1.0,0.5
late,4,1,0.5565436980514322,132,1,1,2,0.0,0.18181818181818182
late,11,6,0.5276796581629778,72,3,1,2,0.5,0.1
late,13,13,0.013355672210112204,129,3,0,2,0.0,0.08333333333333333
late,7,5,0.5269525785778154,136,3,1,2,0.5,0.3333333333333333
late,6,3,0.5874572168735835,52,3,2,2,1.0,0.6666666666666666
late,4,1,0.4719196114770559,92,1,1,2,0.5,0.15384615384615385
late,5,13,0.23035517386070703,3,1,1,2,0.0,0.1111111111111111
late,13,13,0.2149683173961329,86,1,1,2,0.5,0.3333333333333333
late,13,5,0.4815052252711312,122,3,1,2,1.0,0.08695652173913043
late,5,13,0.18495479042492383,92,1,3,2,0.0,0.09090909090909091
late,11,1,0.4383429491905372,24,2,1,2,0.0,1.0
late,5,5,0.4985099601430725,34,3,1,2,0.0,0.2857142857142857
late,2,2,0.011626409473576283,33,1,0,2,0.0,0.4
late,13,13,0.17182013370219285,115,3,3,2,0.0,0.5
late,2,2,0.5668655423974283,111,1,1,2,0.5,0.2
late,6,1,0.5454286364459605,122,1,1,2,1.0,0.09090909090909091
late,10,2,0.5405949662098362,21,3,1,2,0.5,0.14285714285714285
late,14,14,0.23278308370667636,7,1,1,2,0.0,1.0
late,0,1,0.8480080506681107,158,5,1,2,1.0,0.5
late,2,6,0.5176466781526446,50,1,3,2,0.5,0.08
late,10,13,0.00854132664053709,130,5,0,2,0.0,0.4
late,10,6,0.48562826710444906,130,5,3,2,0.0,0.4
late,1,1,0.5138116609947093,65,1,1,2,0.5,0.5
late,10,10,0.5211924038424649,50,2,2,2,0.5,0.15384615384615385
late,5,13,0.266772489824969,76,1,1,2,0.0,0.6666666666666666
late,1,10,0.3937244994055291,136,1,3,2,0.5,0.0061162079510703364
late,4,5,0.41760770021600013,115,1,1,2,0.5,0.3333333333333333
late,10,1,0.5698802300526706,96,5,1,2,0.5,0.5
late,2,1,0.5179621524305557,65,1,1,2,0.0,0.2857142857142857
late,5,1,0.5140630297688861,72,1,1,2,0.5,0.07692307692307693
late,1,5,0.5146093643572843,33,1,1,2,0.5,0.2222222222222222
late,11,11,0.49717344869370883,7,2,2,2,1.0,1.0
late,1,2,0.5517649744942178,35,1,1,2,0.5,0.1111111111111111
late,10,13,0.18740399911713182,86,2,3,2,0.0,0.2857142857142857
late,4,2,0.4510352115535111,86,1,1,2,0.0,0.2857142857142857
late,4,13,0.21827831869943112,73,1,1,2,0.0,0.2857142857142857
late,10,2,0.4894310564244777,158,2,1,2,0.5,0.3333333333333333
late,11,1,0.5089977437579486,73,2,1,2,0.0,0.6666666666666666
late,1,2,0.5907007206672156,111,1,1,2,0.5,0.028169014084507043
late,13,13,0.17873021760873234,3,1,1,2,0.0,0.5
late,13,5,0.503133709739713,50,3,1,2,1.0,0.3333333333333333
late,11,6,0.570562924513442,136,3,3,2,0.5,0.13333333333333333
late,10,6,0.5206171687086842,96,2,3,2,0.5,0.016666666666666666
late,13,5,0.416211579918362,115,3,1,2,0.5,0.5
late,6,9,0.6643750956833469,53,2,5,2,1.0,0.08
late,11,13,0.19446897878431915,72,2,3,2,0.0,0.04081632653061224
late,1,6,0.5551700250624106,111,1,3,2,0.0,0.028169014084507043
late,1,8,0.36177715048720144,104,1,3,2,0.5,0.2857142857142857
late,4,2,0.5323194216554137,7,1,1,2,0.5,0.6666666666666666
late,11,5,0.49569743192947835,72,3,1,2,0.0,0.1
late,10,13,0.11626180497248617,24,3,3,2,0.0,1.0
late,13,2,0.5357442351487882,21,3,1,2,1.0,0.07407407407407407
late,6,2,0.45890558600959075,73,1,1,2,1.0,0.2222222222222222
late,10,6,0.5708120229985078,21,2,3,2,1.0,0.03225806451612903
late,1,5,0.45673700297732295,16,1,1,1,1.0,0.125
late,10,13,0.17914299802278685,16,2,3,1,0.0,0.25
late,4,6,0.539919294144086,16,4,1,1,1.0,1.0
late,13,1,0.4870587380076378,6,3,1,1,1.0,0.25
late,4,5,0.5131512335509336,6,4,3,1,1.0,1.0
late,4,2,0.556780777636761,149,1,1,1,1.0,0.25
late,12,14,0.23709037643636585,41,2,3,1,0.0,1.0
late,3,13,0.2080466745818856,6,3,3,1,0.0,0.125
late,6,2,0.01396348401577579,117,1,0,1,0.0,0.5
late,5,1,0.5541594241569466,41,1,1,1,1.0,1.0
late,4,6,0.5577066192913999,117,4,1,1,0.0,1.0
late,11,1,0.437989082648413,24,3,1,1,0.0,1.0
late,6,13,0.2795303329529626,119,1,1,1,0.0,0.5
late,10,1,0.015707047578943967,132,2,0,1,0.0,0.04
late,1,13,0.18814164305011244,16,1,3,1,0.0,0.125
late,7,5,0.4564801837861208,16,1,1,1,0.0,0.25
late,6,2,0.5085887483081664,117,1,1,1,1.0,0.5
late,6,13,0.008145748395851297,92,1,0,1,0.0,0.038461538461538464
late,7,13,0.2575989946938331,41,3,3,1,1.0,0.5
late,13,2,0.46017402332832535,98,3,1,1,0.0,0.3333333333333333
late,2,2,0.013337672916854466,136,1,0,1,0.0,0.0038910505836575876
late,6,5,0.3813461031871456,24,1,1,1,0.0,0.3333333333333333
late,4,1,0.507955131230081,92,4,1,1,1.0,0.25
late,13,13,0.2510464463834137,136,3,1,1,0.0,0.011904761904761904
late,4,6,0.018664767735949002,153,4,0,1,0.0,0.05
late,7,10,0.4122611373256996,136,1,2,1,1.0,0.03125
late,3,3,0.5806537488752987,3,1,1,1,0.0,1.0
late,10,2,0.5617921143853398,153,3,1,1,0.0,0.14285714285714285
late,14,14,0.1915912042123471,3,1,1,1,0.0,0.3333333333333333
late,6,13,0.012776866373535516,136,1,0,1,0.0,0.024390243902439025
late,10,13,0.008661191749946362,92,2,0,1,0.0,0.058823529411764705
late,6,13,0.01972006568176933,41,3,0,1,0.0,1.0
late,13,6,0.47307593421527816,98,3,1,1,0.0,0.3333333333333333
late,11,10,0.43257996219981554,92,2,2,1,0.0,0.2
late,11,13,0.16937188583247884,16,2,3,1,1.0,0.25
late,3,5,0.5163627838879855,6,3,3,1,0.0,0.125
late,1,5,0.5265322454647376,41,1,3,1,1.0,0.16666666666666666
late,1,2,0.4853828671038472,16,1,1,1,1.0,0.125
late,13,13,0.14878345214108268,24,3,3,1,0.0,0.2
late,1,5,0.413624092838065,24,1,1,1,0.0,0.3333333333333333
late,1,10,0.40125307271194366,119,1,2,1,0.0,0.5
late,7,2,0.4700328123229959,16,1,1,1,1.0,0.25
late,10,6,0.5276870930535332,136,3,1,1,0.0,0.07142857142857142
late,10,13,0.14898922498763692,16,3,3,1,0.0,1.0
late,1,6,0.46082909386717036,98,1,1,1,0.0,0.08333333333333333
late,11,1,0.5585338962459215,16,3,1,1,0.0,1.0
late,11,1,0.010064231908030774,16,2,0,1,0.0,0.25
late,10,5,0.4785177556759603,6,2,3,1,0.0,0.3333333333333333
late,11,1,0.5849898223802267,117,3,1,1,1.0,0.3333333333333333
late,5,5,0.49140615085478023,6,3,3,1,0.0,1.0
late,13,2,0.013327586034789764,136,3,0,1,0.0,0.011904761904761904
late,11,2,0.46728314150718064,92,2,1,1,0.0,0.2
late,5,13,0.02022825015451914,41,3,0,1,0.0,0.5
late,10,2,0.4492817406977904,110,3,1,1,1.0,1.0
late,1,13,0.21727767106626902,58,1,3,1,0.0,0.25
late,4,2,0.5128745942911491,58,4,1,1,1.0,1.0
late,8,2,0.5101162459640601,104,3,1,1,0.0,0.3333333333333333
late,4,2,0.5144922749233175,110,4,1,1,1.0,0.25
late,8,3,0.5423680639246807,152,1,1,1,1.0,0.25
late,10,13,0.016248197831001527,119,3,0,1,0.0,1.0
late,1,5,0.5459458718971513,41,1,1,1,1.0,0.16666666666666666
late,10,3,0.538547842540351,6,2,3,1,0.0,0.3333333333333333
late,13,13,0.185298913601293,98,3,3,1,0.0,0.3333333333333333
late,13,1,0.4080095528399532,24,3,1,1,1.0,0.2
late,5,2,0.5683085788538061,149,1,1,1,0.0,0.3333333333333333
late,10,1,0.011262517681994275,58,2,0,1,0.0,0.25
late,1,5,0.4803253262842442,58,1,1,1,0.0,0.25
late,6,2,0.47012532344240804,110,1,1,1,0.0,0.07692307692307693
late,13,1,0.49589395617073007,138,5,1,1,1.0,1.0
late,6,5,0.01044279934054605,110,1,0,1,0.0,0.07692307692307693
late,4,5,0.5646243654795335,132,4,1,1,1.0,0.1
late,11,1,0.013032309511351288,138,2,0,1,0.0,0.0625
late,13,5,0.44370383331570434,58,3,1,1,0.0,1.0
late,3,3,0.5664401617924207,6,1,3,1,1.0,1.0
late,5,2,0.501440780334679,58,1,1,1,0.0,0.5
late,2,1,0.465430838868248,24,1,1,1,0.0,1.0
late,6,5,0.445821134154428,58,1,1,1,1.0,0.1111111111111111
late,1,14,0.18869372676245058,159,1,3,1,1.0,0.25
late,14,3,0.5060869377560414,6,3,3,1,1.0,1.0
late,1,13,0.22181148031989079,110,1,3,1,1.0,0.07142857142857142
late,2,1,0.5041563080731453,58,1,1,1,0.0,0.25
late,5,5,0.5622478777882697,41,3,3,1,1.0,0.5
late,5,5,0.5660803505185751,153,1,1,1,1.0,0.3333333333333333
late,2,5,0.45475283855464016,58,1,1,1,0.0,0.25
late,2,14,0.2333249698407566,138,1,1,1,1.0,0.1
late,10,1,0.47662338300324847,58,2,1,1,0.0,0.25
late,5,2,0.5088601548978977,110,1,1,1,1.0,0.1
late,1,6,0.4131008265756159,24,1,1,1,1.0,0.3333333333333333
late,5,13,0.20329848164197153,58,1,3,1,0.0,0.5
late,5,5,0.5499166361319996,149,1,1,1,1.0,0.3333333333333333
late,8,9,0.4365248613647248,95,3,2,1,0.0,1.0
late,4,13,0.25310919676378574,149,1,3,1,0.0,0.25
late,4,5,0.4991155341469251,110,4,1,1,1.0,0.25
late,5,3,0.5328884286521895,152,1,1,1,0.0,1.0
late,14,14,0.2900970684482232,153,1,1,1,1.0,0.3333333333333333
late,6,2,0.5419661017118894,104,3,1,1,0.0,0.2
late,1,1,0.01256819622970907,136,1,0,1,0.0,0.0030581039755351682
late,5,5,0.018215567793891635,64,1,0,1,0.0,0.025
late,6,5,0.013455908570381698,136,1,0,1,0.0,0.024390243902439025
late,9,9,0.4944577727872474,152,2,1,1,0.0,0.05
late,6,3,0.529822883355166,6,3,3,1,0.0,0.3333333333333333
late,4,2,0.6302577386395778,64,4,1,1,0.0,0.2
late,14,14,0.019472351084239968,153,1,0,1,0.0,0.3333333333333333
late,7,13,0.020109127517967663,41,3,0,1,0.0,0.5
late,11,2,0.49879644312745414,138,3,1,1,0.0,0.2
late,10,5,0.445867978295163,16,2,1,1,0.0,0.25
late,11,5,0.48655876713489715,138,3,1,1,0.0,0.2
late,11,1,0.4898549211428225,16,2,1,1,1.0,0.25
late,13,13,0.27315507593973515,41,3,3,1,0.0,1.0
late,6,6,0.39495991635403516,24,1,1,1,0.0,0.3333333333333333
late,1,13,0.24725121069249936,41,1,3,1,0.0,0.16666666666666666
late,11,10,0.44007553592592474,16,2,2,1,1.0,0.25
late,10,13,0.23128604523642118,6,2,3,1,0.0,0.3333333333333333
late,5,1,0.5660320572503312,132,3,1,1,0.0,0.25
late,4,5,0.4914667203494547,101,1,1,1,0.0,0.03125
late,6,2,0.5709887095302117,101,3,1,1,0.0,0.07692307692307693
late,10,13,0.02134771080235359,41,2,0,1,0.0,0.3333333333333333
late,11,4,0.5353116562811085,138,2,4,1,0.0,0.0625
late,13,3,0.49635465805052165,6,3,3,1,0.0,0.25
late,7,6,0.5615083335292718,153,1,1,1,1.0,0.09090909090909091
late,8,6,0.5196230533888143,104,3,3,1,1.0,0.3333333333333333
late,4,2,0.5872208799329185,153,1,1,1,0.0,1.0
late,4,6,0.5580823792584516,136,4,1,1,1.0,0.3333333333333333
late,3,3,0.6493905392243807,138,1,1,1,0.0,1.0
late,5,6,0.49393212096055134,72,3,3,1,0.0,1.0
late,10,1,0.5785967130382315,132,5,1,1,1.0,0.5
late,4,13,0.15085090116883487,6,3,3,1,0.0,1.0
late,10,11,0.46598116608383144,72,2,2,1,0.0,0.02
late,10,1,0.4319896039350825,24,2,1,1,1.0,0.5
late,1,14,0.22755397014574655,41,1,3,1,1.0,0.16666666666666666
late,7,13,0.25689891161160633,72,3,2,1,0.0,1.0
late,6,13,0.24358155553232227,119,4,3,1,1.0,1.0
late,2,5,0.5446538148000978,41,1,1,1,1.0,1.0
late,6,13,0.2370633704631329,152,1,1,1,0.0,1.0
late,12,14,0.13742645155013847,15,2,3,1,0.0,0.16666666666666666
late,4,13,0.3042459770720889,64,1,1,1,0.0,0.1111111111111111
late,10,5,0.5178356429888089,145,2,3,1,1.0,0.08333333333333333
late,13,3,0.5945778103666627,153,3,3,1,1.0,0.014492753623188406
late,4,13,0.24637983392013052,69,1,1,1,0.0,0.09090909090909091
late,3,1,0.6632876246102382,153,3,1,1,0.0,0.2
late,10,5,0.3945319391414597,160,2,3,1,0.0,0.045454545454545456
late,10,13,0.2606455016516886,145,2,3,1,0.0,0.08333333333333333
late,5,5,0.3969722661456859,83,1,3,1,0.0,0.5
late,5,3,0.569604745024142,145,3,3,1,1.0,0.25
late,13,10,0.30159296401424973,160,3,3,1,0.0,0.25
late,14,12,0.3772800180931986,15,3,2,1,1.0,0.5
late,1,13,0.007130256060099433,160,1,0,1,0.0,0.08333333333333333
late,10,13,0.36111505510432457,101,5,1,1,0.0,1.0
late,11,7,0.5092906871814203,69,2,1,1,1.0,0.1111111111111111
late,10,13,0.01320626430725507,69,2,0,1,0.0,0.02857142857142857
late,13,3,0.536022904699011,25,3,1,1,1.0,0.1
late,6,1,0.44828683218845666,160,3,1,1,1.0,0.25
late,4,5,0.4622138250074702,98,1,1,1,1.0,1.0
late,7,2,0.5752581828465131,21,1,1,1,1.0,0.047619047619047616
late,5,13,0.14757611007444268,164,2,3,1,0.0,0.5
late,12,5,0.3547158657936574,164,2,2,1,0.0,0.058823529411764705
late,5,12,0.5717345843996678,82,3,2,1,1.0,0.16666666666666666
late,5,3,0.4074181505870586,164,2,3,1,0.0,0.5
late,4,13,0.31244514652322847,112,1,1,1,0.0,0.25
late,13,2,0.5502160656714055,64,1,1,1,0.0,0.0625
late,13,2,0.5567157616614173,112,1,1,1,1.0,0.05
late,12,1,0.43427729082449873,160,2,1,1,0.0,1.0
late,1,6,0.5482870457481008,25,1,1,1,1.0,0.07692307692307693
late,10,5,0.5838154532552681,112,3,1,1,1.0,1.0
late,3,5,0.5579727021316759,145,3,3,1,0.0,0.25
late,11,1,0.5503258761227889,25,2,1,1,0.0,0.3333333333333333
late,6,6,0.5106276208568766,119,1,1,1,1.0,0.5
late,12,12,0.008305171944316523,15,2,0,1,0.0,0.16666666666666666
late,1,11,0.5225590237810485,153,2,2,1,1.0,1.0
late,10,2,0.015773503378628234,25,3,0,1,0.0,1.0
late,13,13,0.21387869634168372,153,1,3,1,0.0,1.0
late,1,3,0.5132802039851206,15,1,3,1,1.0,0.3333333333333333
late,5,12,0.35943035966939113,15,1,2,1,0.0,1.0
late,4,13,0.2613942870607221,109,1,1,1,0.0,0.25
late,6,3,0.6563368719850639,145,3,3,1,1.0,1.0
late,8,13,0.25194683735529705,152,1,1,1,0.0,0.25
late,1,13,0.016048645444442497,25,1,0,1,0.0,0.07692307692307693
late,6,5,0.43013618145805965,160,3,4,1,1.0,0.25
late,10,13,0.286776840821816,119,2,1,1,0.0,0.16666666666666666
late,5,1,0.016025583005975414,145,3,0,1,0.0,0.25
late,3,13,0.28975630586763607,145,3,2,1,0.0,0.25
late,12,1,0.41612421525714366,15,2,1,1,1.0,0.16666666666666666
late,10,3,0.6124591722183632,153,2,3,1,1.0,0.05
late,11,5,0.5316042852745761,69,2,1,1,1.0,0.1111111111111111
late,9,8,0.3705500033048041,152,2,3,1,1.0,0.05
late,11,10,0.4425363222367557,100,2,3,1,0.0,1.0
late,6,10,0.41868051800092765,148,1,2,1,1.0,0.1
late,7,3,0.45531786725194706,160,3,2,1,1.0,0.5
late,1,5,0.43321637353283776,145,1,3,1,0.0,1.0
late,5,13,0.1944674999124109,15,3,2,1,0.0,1.0
late,13,7,0.3538584662140253,160,3,3,1,1.0,0.25
late,13,1,0.5133752153045698,145,3,1,1,0.0,1.0
late,12,5,0.5269602043387331,82,1,2,1,0.0,1.0
late,1,13,0.27200978343851473,25,1,3,1,0.0,0.07692307692307693
late,1,13,0.23414639999439757,119,1,1,1,0.0,0.5
late,1,14,0.31810034835536766,153,1,1,1,0.0,0.014705882352941176
late,5,1,0.5715812697091879,145,3,1,1,0.0,0.25
late,1,5,0.6097420250907353,101,4,1,1,1.0,1.0
late,4,1,0.5540833640596249,101,4,3,1,1.0,0.14285714285714285
late,1,5,0.4501540572116167,98,1,1,1,0.0,0.08333333333333333
late,11,2,0.5305233988484593,25,2,1,1,1.0,0.3333333333333333
late,4,1,0.5943619169550727,64,1,1,1,0.0,0.1111111111111111
late,14,1,0.008364291762835983,15,3,0,1,0.0,0.5
late,1,2,0.020620849805321112,153,1,0,1,0.0,0.014705882352941176
late,13,1,0.5366944878575357,25,3,1,1,0.0,0.1
late,1,2,0.4735003808540254,98,1,1,1,1.0,0.08333333333333333
late,2,5,0.48300772412212667,145,1,3,1,0.0,1.0
late,13,13,0.16103232825293826,98,1,3,1,0.0,0.5
late,6,6,0.02061394896747726,153,3,0,1,0.0,1.0
late,10,3,0.5644312459547333,119,2,1,1,1.0,0.16666666666666666
late,10,2,0.5282740838793508,25,2,1,1,0.0,0.3333333333333333
late,13,3,0.5106337455518664,100,1,1,1,1.0,0.25
late,5,3,0.4549807067414765,160,3,2,1,1.0,1.0
late,11,14,0.2813033311213901,153,2,1,1,0.0,0.058823529411764705
late,5,13,0.015218845830979514,145,3,0,1,0.0,0.25
late,11,13,0.21634408315443487,25,2,3,1,0.0,0.3333333333333333
late,10,13,0.3099997499391197,21,2,2,1,1.0,0.016129032258064516
late,10,5,0.4028534033622545,83,3,1,1,1.0,0.5
late,6,1,0.5522905242729261,132,1,1,1,1.0,0.16666666666666666
late,8,8,0.2534307992527562,83,3,3,1,0.0,1.0
late,10,10,0.6021975331635047,159,2,5,1,1.0,0.08333333333333333
late,10,8,0.4090712338405044,132,2,3,1,0.0,0.04
late,7,5,0.5174991722677692,109,1,1,1,1.0,1.0
late,2,14,0.008334972378572046,83,1,0,1,0.0,0.3333333333333333
late,1,6,0.484706921624019,98,3,3,1,0.0,1.0
late,11,1,0.5504332753888979,117,2,1,1,1.0,1.0
late,11,13,0.22970079988043227,153,3,3,1,1.0,0.3333333333333333
late,13,6,0.5093535436266884,117,3,1,1,0.0,0.1111111111111111
late,10,13,0.1547272876393902,83,5,3,1,1.0,0.5
late,2,8,0.22145324123887403,83,1,3,1,0.0,0.3333333333333333
late,5,6,0.6215687680863814,101,3,3,1,1.0,0.1111111111111111
late,11,11,0.5190612755725135,109,2,2,1,0.0,0.3333333333333333
late,1,13,0.19447485574019896,83,1,3,1,0.0,0.16666666666666666
late,8,1,0.5212842077439567,83,1,1,1,1.0,1.0
late,2,6,0.368698287553665,83,1,3,1,0.0,0.3333333333333333
late,2,2,0.5156863541414507,98,3,1,1,1.0,1.0
late,13,2,0.4967850721682809,109,1,1,1,0.0,0.16666666666666666
late,10,1,0.5112026388565648,21,3,3,1,1.0,0.07142857142857142
late,10,13,0.20387888761788328,117,2,3,1,0.0,1.0
late,5,1,0.6412767018095293,101,3,1,1,1.0,0.1111111111111111
late,2,6,0.4313039180325054,92,1,1,1,0.0,0.045454545454545456
late,11,2,0.44015276892176075,92,3,1,1,1.0,1.0
late,4,5,0.5073184666673549,132,1,1,1,1.0,0.09090909090909091
late,7,1,0.5483128007439163,117,1,1,1,0.0,0.25
late,5,13,0.30819618299177937,64,1,1,1,1.0,0.025
late,1,5,0.4281745398398364,98,1,3,1,1.0,0.08333333333333333
late,7,1,0.530049053003978,83,3,1,1,1.0,1.0
late,10,1,0.43456812242183174,83,3,1,1,0.0,0.5
late,1,5,0.4484036724462582,83,1,1,1,0.0,0.16666666666666666
late,2,5,0.014968543952965383,159,1,0,1,0.0,0.16666666666666666
late,1,3,0.49925604174451604,98,1,3,1,0.0,0.08333333333333333
late,11,10,0.5000679228910986,132,2,2,1,1.0,0.058823529411764705
late,11,13,0.01861294878584572,64,2,0,1,0.0,0.030303030303030304
late,14,14,0.19753865403076554,101,3,3,1,1.0,1.0
late,1,6,0.46256004185007665,98,1,3,1,0.0,0.08333333333333333
late,7,6,0.46096877623128796,58,1,1,1,0.0,1.0
late,10,6,0.536325053168719,119,2,3,1,1.0,0.16666666666666666
late,5,5,0.41822691047781624,83,1,1,1,0.0,0.5
late,1,13,0.2494191055828406,117,1,3,1,0.0,0.04
late,10,7,0.5060101177862506,21,3,1,1,1.0,0.07142857142857142
late,5,1,0.5158443971658567,98,3,1,1,1.0,1.0
late,5,2,0.517968653088738,98,1,1,1,1.0,1.0
late,10,13,0.6419022755807982,21,2,5,1,1.0,0.016129032258064516
late,10,13,0.25030019305618395,98,2,1,1,0.0,0.2
late,5,2,0.5485867468344909,132,3,1,1,0.0,0.25
late,6,1,0.4870615644794382,98,1,1,1,0.0,0.14285714285714285
late,13,5,0.3897904868995338,98,1,1,1,1.0,0.5
late,1,8,0.2866203412846902,83,1,3,1,1.0,0.16666666666666666
late,7,6,0.4312507160965855,3,1,1,1,0.0,0.5
late,10,2,0.5646212197264754,101,1,1,1,0.0,0.5
late,1,13,0.27434877449273803,152,1,1,1,0.0,0.5
late,11,1,0.4802456034313236,98,2,1,1,1.0,1.0
late,7,13,0.19095111156930522,3,1,1,1,1.0,0.5
late,5,2,0.012912113429888017,136,1,0,1,0.0,0.011494252873563218
late,7,6,0.5154570929082959,117,1,1,1,0.0,0.25
late,13,1,0.47429081575595944,119,1,3,1,1.0,1.0
late,6,6,0.5594938720244814,21,1,3,1,1.0,0.00980392156862745
late,10,1,0.5028785085911431,98,2,1,1,1.0,0.2
late,10,12,0.4161552060908595,164,2,2,1,1.0,1.0
late,2,8,0.3319687108610847,132,1,3,1,0.0,0.05555555555555555
late,8,10,0.4354640681691295,152,3,1,1,0.0,0.16666666666666666
late,1,1,0.4853026508022535,83,1,1,1,0.0,0.16666666666666666
late,8,2,0.5348677267100346,132,3,1,1,1.0,1.0
late,11,1,0.014059315762310396,117,3,0,1,0.0,0.3333333333333333
late,4,8,0.25808564618382274,83,1,3,1,0.0,1.0
late,4,5,0.500849928376441,98,4,1,1,1.0,0.2
late,10,2,0.44403414475683217,83,5,1,1,0.0,0.5
late,11,8,0.4273855774390034,132,2,3,1,0.0,0.058823529411764705
late,10,13,0.20113957044336753,98,2,3,1,0.0,0.2
late,12,13,0.274374287538786,82,3,3,1,0.0,1.0
late,13,13,0.27582019222806636,101,3,1,1,0.0,0.030303030303030304
late,12,3,0.40406901535096806,164,2,3,1,0.0,0.058823529411764705
late,10,5,0.5756259107328169,82,3,3,1,1.0,1.0
late,1,1,0.5562362525985552,159,1,1,1,1.0,0.25
late,2,2,0.506580981472334,117,1,1,1,0.0,1.0
late,12,13,0.1542811269405253,164,2,3,1,0.0,0.058823529411764705
late,11,11,0.568214992339326,64,2,2,1,1.0,0.030303030303030304
late,5,5,0.562608559265139,82,2,3,1,0.0,1.0
late,11,2,0.5631188126196883,117,3,1,1,1.0,0.3333333333333333
late,6,2,0.5134352509904772,83,3,1,1,0.0,1.0
late,4,6,0.010976471799296457,0,4,0,1,0.0,1.0
late,13,5,0.02107056212292307,112,1,0,1,0.0,0.05
late,10,5,0.45390713543395517,95,2,1,1,1.0,0.1111111111111111
late,1,13,0.24538430052034785,0,1,3,1,0.0,0.25
late,6,5,0.01276490987743909,0,1,0,1,0.0,0.16666666666666666
late,13,1,0.5038767618802549,0,3,1,1,0.0,0.3333333333333333
late,5,5,0.491324828613609,0,1,4,1,0.0,1.0
late,9,13,0.2366060167087669,5,2,2,1,0.0,0.047619047619047616
late,6,6,0.5441123176919741,112,2,1,1,1.0,1.0
late,11,7,0.5013155836355312,132,3,3,1,0.0,1.0
late,4,2,0.5681086138907112,122,4,1,1,1.0,0.14285714285714285
late,6,5,0.4670894316540129,152,2,1,1,1.0,0.2
late,10,2,0.5023010767405153,34,2,1,1,0.0,0.14285714285714285
late,5,6,0.5229321617028561,122,1,1,1,0.0,0.08333333333333333
late,7,6,0.4912015447265409,0,1,1,1,0.0,0.25
late,1,1,0.5668637214801232,104,1,1,1,0.0,0.14285714285714285
late,10,13,0.2607071932791493,21,3,1,1,0.0,0.07142857142857142
late,14,3,0.4774474880945348,152,3,3,1,0.0,1.0
late,3,10,0.42474180277751494,105,2,2,1,1.0,0.16666666666666666
late,12,13,0.19004187520837645,5,2,2,1,0.0,0.5
late,10,3,0.529814107254468,34,2,3,1,0.0,0.14285714285714285
late,1,14,0.2802787758309553,101,1,1,1,1.0,0.008771929824561403
late,9,10,0.53167171976635,5,2,4,1,0.0,0.047619047619047616
late,11,1,0.49570334846038683,157,2,2,1,0.0,0.023809523809523808
late,5,13,0.019661452224952962,112,1,0,1,0.0,0.03225806451612903
late,6,6,0.5483790773048886,152,4,2,1,0.0,1.0
late,12,14,0.28909523136415266,12,2,1,1,0.0,1.0
late,13,6,0.45134276494328673,157,1,1,1,0.0,0.047619047619047616
late,7,10,0.41855425843687344,157,1,2,1,0.0,0.14285714285714285
late,10,13,0.2557780160465242,157,5,1,1,1.0,1.0
late,9,3,0.4834824427427337,5,2,3,1,0.0,0.047619047619047616
late,5,10,0.4914778751987237,101,1,5,1,0.0,0.045454545454545456
late,1,3,0.567736957230817,157,1,1,1,1.0,0.01639344262295082
late,12,8,0.32999135426206105,152,2,3,1,0.0,1.0
late,10,10,0.5930782762501248,157,2,5,1,0.0,0.029411764705882353
late,10,13,0.20248255331519768,152,3,2,1,0.0,1.0
late,11,13,0.5883708020259381,157,2,4,1,1.0,0.023809523809523808
late,4,6,0.4016086815523969,34,1,3,1,0.0,0.3333333333333333
late,10,9,0.48164614955560475,5,4,2,1,1.0,1.0
late,6,1,0.49802917355552057,152,2,1,1,1.0,0.2
late,4,13,0.24072786746070546,157,1,1,1,0.0,0.09090909090909091
late,11,10,0.5856566252993647,157,2,5,1,1.0,0.023809523809523808
late,4,6,0.5603397688258333,21,4,1,1,0.0,0.3333333333333333
late,11,1,0.5228924965263207,0,2,1,1,1.0,0.5
late,4,1,0.5867420933155726,122,4,1,1,1.0,0.14285714285714285
late,13,5,0.012551464785620687,0,3,0,1,0.0,0.3333333333333333
late,7,5,0.01293711517172846,0,1,0,1,0.0,0.25
late,13,2,0.4816310948957738,0,3,1,1,0.0,0.3333333333333333
late,13,5,0.5534094919363921,12,3,1,1,1.0,0.5
late,1,6,0.02033164724140013,112,1,0,1,0.0,0.045454545454545456
late,6,13,0.22175337140623805,0,1,3,1,0.0,0.16666666666666666
late,1,3,0.5387365954290325,34,1,3,1,1.0,0.05263157894736842
late,4,5,0.553093445287403,122,4,1,1,0.0,0.14285714285714285
late,11,13,0.1699975428247533,0,3,3,1,0.0,1.0
late,11,13,0.2551635888359153,31,2,3,1,0.0,0.2
late,13,14,0.27473068371042386,112,1,1,1,0.0,0.05
late,1,6,0.43088321156989245,5,1,2,1,1.0,0.5
late,2,13,0.19573682297634765,70,1,3,1,0.0,0.013333333333333334
late,13,13,0.20650178113461556,104,3,3,1,0.0,0.3333333333333333
late,4,13,0.18159742666697393,70,4,3,1,0.0,0.125
late,4,6,0.6241761897383267,31,4,1,1,0.0,0.2
late,1,1,0.5284101167246305,34,3,1,1,1.0,1.0
late,10,2,0.4855214532701052,0,2,1,1,0.0,1.0
late,4,6,0.5697557754991867,122,4,1,1,0.0,0.14285714285714285
late,10,1,0.6039576210027288,112,2,1,1,1.0,0.034482758620689655
late,6,5,0.4808529942985117,152,3,3,1,0.0,1.0
late,10,2,0.5151580334755368,104,2,1,1,1.0,0.14285714285714285
late,1,9,0.38339133228946565,5,1,2,1,0.0,0.5
late,10,5,0.4703791063305945,34,2,3,1,0.0,0.14285714285714285
late,6,5,0.46997632341176737,34,3,3,1,0.0,0.14285714285714285
late,1,5,0.5074779488503555,0,1,1,1,0.0,0.25
late,10,5,0.3751401801824008,5,1,3,1,1.0,0.5
late,13,3,0.46900637404504397,5,2,3,1,0.0,1.0
late,13,13,0.16065401465506457,34,3,3,1,0.0,1.0
late,11,2,0.5025413389345591,0,2,1,1,0.0,0.5
late,8,6,0.515375952633643,152,1,2,1,0.0,0.25
late,4,5,0.5173427822343427,21,1,1,1,0.0,0.1
late,5,13,0.30094687457515235,12,3,3,1,1.0,1.0
late,2,13,0.014185140939479224,104,1,0,1,0.0,0.2
late,12,9,0.4151921473974928,5,2,2,1,0.0,0.5
late,14,14,0.21583967915694605,12,1,1,1,0.0,1.0
late,2,1,0.5417048806256446,0,1,1,1,1.0,0.3333333333333333
late,10,1,0.43298963980221694,105,2,3,1,1.0,0.024390243902439025
late,1,2,0.020489775370027444,112,1,0,1,0.0,0.045454545454545456
late,5,13,0.24528236698503805,152,3,2,1,0.0,0.5
late,13,5,0.4358575793965242,152,2,2,1,1.0,0.5
late,2,2,0.014870414891599522,159,1,0,1,0.0,0.16666666666666666
late,5,6,0.5230923427443303,132,1,1,1,1.0,0.08333333333333333
late,12,14,0.15070989883564617,95,2,3,1,0.0,1.0
late,14,14,0.010662955671480352,127,3,0,1,0.0,0.5
late,3,3,0.6438925419721003,132,3,3,1,1.0,1.0
late,12,1,0.5222431016571775,162,2,1,1,0.0,0.5
late,13,6,0.49810666448879637,159,3,1,1,1.0,0.1111111111111111
late,14,2,0.012138107618984754,127,3,0,1,0.0,0.5
late,6,6,0.5268336418027183,132,1,1,1,1.0,0.16666666666666666
late,5,14,0.24210362864278107,12,1,3,1,1.0,0.2
late,5,14,0.010136571337514558,127,3,0,1,0.0,1.0
late,5,1,0.011466162279586911,34,3,0,1,0.0,0.14285714285714285
late,10,10,0.5525847111270085,72,2,5,1,1.0,0.02
late,1,13,0.25708433823712123,162,1,3,1,0.0,0.16666666666666666
late,10,2,0.017149632581777496,162,2,0,1,0.0,0.3333333333333333
late,11,13,0.197184145186489,162,3,3,1,0.0,1.0
late,11,6,0.49166987321464145,34,2,3,1,0.0,1.0
late,7,13,0.309169435216942,12,3,3,1,1.0,0.3333333333333333
late,10,13,0.21969086527307025,162,2,3,1,1.0,0.3333333333333333
late,13,2,0.509261596554916,162,3,1,1,1.0,0.2
late,7,13,0.19504196849949743,104,3,3,1,0.0,0.3333333333333333
late,5,5,0.47632616730966637,34,3,3,1,0.0,0.14285714285714285
late,1,14,0.22165817104540636,104,1,3,1,0.0,0.14285714285714285
late,4,13,0.2395104256579633,162,4,3,1,1.0,0.25
late,13,5,0.4358575793965242,152,2,3,1,0.0,0.5
late,6,13,0.23814732233048164,132,1,3,1,1.0,0.16666666666666666
late,13,14,0.25215353590411466,162,3,1,1,1.0,0.2
late,1,3,0.6132973805557403,132,1,1,1,0.0,0.011235955056179775
late,1,12,0.48075019946150954,127,1,2,1,0.0,0.5
late,6,5,0.5125629302763417,132,1,1,1,0.0,0.16666666666666666
late,2,2,0.010768176445610244,127,1,0,1,0.0,1.0
late,10,14,0.15895515965649104,127,2,3,1,0.0,0.125
late,1,2,0.5122988579442692,34,1,1,1,0.0,0.05263157894736842
late,13,13,0.22982608404255173,162,3,3,1,0.0,0.2
late,14,2,0.5060562074895105,162,1,1,1,1.0,1.0
late,2,2,0.5433321562301487,162,1,1,1,0.0,0.25
late,14,14,0.17865446061696788,132,3,3,1,0.0,0.5
late,1,3,0.5691388890087257,127,1,3,1,1.0,0.5
late,13,13,0.01412091871576372,132,3,0,1,0.0,0.05263157894736842
late,12,2,0.4494776920813319,127,2,1,1,0.0,0.09090909090909091
late,13,10,0.4322506364810304,132,3,2,1,1.0,0.05263157894736842
late,2,6,0.45700003780719933,34,1,3,1,1.0,1.0
late,7,2,0.5494106628093585,101,1,1,1,1.0,0.25
late,7,1,0.46111532385398246,95,2,1,1,1.0,1.0
late,10,1,0.5405638560766142,152,5,1,1,0.0,0.25
late,10,12,0.5087138090776644,101,2,3,1,0.0,0.021739130434782608
late,1,7,0.5278942505961898,132,1,3,1,0.0,0.011235955056179775
late,11,4,0.5469279445129368,13,2,1,1,1.0,0.08333333333333333
late,5,3,0.5537152817250418,152,3,3,1,0.0,0.5
late,11,5,0.5735549546743358,101,2,1,1,0.0,0.022727272727272728
late,11,10,0.5023030627393815,101,2,3,1,0.0,0.022727272727272728
late,6,2,0.5318105116250295,132,1,1,1,1.0,0.16666666666666666
late,11,7,0.48564222185532674,13,2,2,1,1.0,0.08333333333333333
late,8,9,0.43320405973647763,152,1,2,1,0.0,0.25
late,1,5,0.48466439054836846,13,1,1,1,0.0,0.06666666666666667
late,8,14,0.14869474360304727,127,3,3,1,0.0,1.0
late,10,14,0.14552451921700846,127,3,3,1,0.0,1.0
late,5,1,0.5081455541774863,13,1,1,1,0.0,0.3333333333333333
late,8,13,0.21226551185021325,104,3,3,1,1.0,0.3333333333333333
late,7,12,0.4294715022079607,95,3,2,1,1.0,1.0
late,6,3,0.5220070278026746,34,3,3,1,1.0,0.14285714285714285
late,5,2,0.5208691875830125,159,1,1,1,0.0,1.0
late,12,6,0.45605420985962025,127,2,3,1,1.0,0.09090909090909091
late,5,1,0.014088060450380042,132,3,0,1,0.0,0.25
late,1,2,0.01571986435937234,162,1,0,1,0.0,0.16666666666666666
late,10,13,0.18747247942185694,132,3,3,1,0.0,1.0
late,4,2,0.5816359902826709,132,4,1,1,0.0,0.1
late,12,12,0.478394531459643,162,2,2,1,0.0,0.5
late,10,1,0.5378325191540639,162,2,1,1,0.0,0.3333333333333333
late,4,2,0.5772308133137296,162,4,1,1,1.0,0.25
late,4,13,0.011346929680360343,34,1,0,1,0.0,0.3333333333333333
late,6,6,0.014495588893120701,132,1,0,1,0.0,0.16666666666666666
late,5,1,0.6035099838309902,12,1,1,1,0.0,0.2
late,6,1,0.014116380194376846,104,3,0,1,0.0,0.2
late,6,2,0.531386414173751,132,3,1,1,1.0,0.5
late,10,6,0.5592715888971178,101,1,1,1,0.0,0.5
late,11,1,0.01067879991706718,72,2,0,1,0.0,0.02040816326530612
late,1,6,0.014548654285850535,132,1,0,1,0.0,0.011235955056179775
late,10,6,0.5139156131314562,159,2,1,1,1.0,0.08333333333333333
late,14,6,0.39450183259316746,13,1,1,1,0.0,0.3333333333333333
late,1,3,0.5704935595789855,152,1,3,1,1.0,0.5
late,1,12,0.44111926817308866,95,1,2,1,1.0,0.1111111111111111
late,12,1,0.011685360089798312,127,2,0,1,0.0,0.09090909090909091
late,13,5,0.47585177298923764,159,3,1,1,1.0,0.1111111111111111
late,4,5,0.444622174929926,72,4,1,1,1.0,1.0
late,2,1,0.013966048819022463,122,1,0,1,0.0,0.027777777777777776
late,4,13,0.013542637558099688,132,4,0,1,0.0,0.1
late,7,10,0.5580601643642467,12,3,2,1,0.0,0.3333333333333333
late,7,13,0.2952558092753926,31,1,3,1,0.0,1.0
late,11,6,0.6321849420639462,12,2,3,1,1.0,0.5
late,13,2,0.49864415587997424,159,4,1,1,0.0,0.5
late,13,5,0.5039331463739695,149,3,1,1,1.0,1.0
late,11,1,0.5654098588695179,42,2,1,1,0.0,1.0
late,10,13,0.1866043803038674,122,3,3,1,0.0,0.5
late,10,1,0.46575350082572486,5,1,1,1,0.0,0.5
late,11,6,0.5539293404717097,122,2,1,1,1.0,0.027777777777777776
late,10,10,0.5127279101589208,132,5,2,1,0.0,0.5
late,13,14,0.19602668727516728,159,3,3,1,0.0,0.1111111111111111
late,6,13,0.23336561064775097,159,3,3,1,0.0,0.3333333333333333
late,4,5,0.6080742076555345,31,4,1,1,0.0,0.2
late,6,13,0.29064475537169854,31,1,3,1,0.0,0.25
late,4,1,0.6474489309547378,64,4,1,1,0.0,0.2
late,4,2,0.5402657034123145,132,1,1,1,0.0,0.09090909090909091
late,4,6,0.5586000119425697,150,4,1,1,1.0,0.5
late,6,5,0.013541038085457917,150,1,0,1,0.0,0.030303030303030304
late,11,6,0.022222185984145118,31,2,0,1,0.0,0.2
late,11,13,0.23135629689086423,31,3,3,1,0.0,1.0
late,4,2,0.6226361335742653,31,4,1,1,1.0,0.2
late,5,1,0.43327247117688367,95,1,1,1,0.0,1.0
late,10,2,0.580536361918934,31,2,1,1,0.0,0.125
late,10,5,0.5688184452049165,31,2,1,1,1.0,0.125
late,10,6,0.5160960748579274,159,2,3,1,1.0,0.08333333333333333
late,4,13,0.019749723188827645,31,4,0,1,0.0,0.2
late,4,13,0.0138384064406303,132,1,0,1,0.0,0.09090909090909091
late,10,13,0.22964939878124033,31,3,3,1,1.0,1.0
late,1,6,0.6056378691401869,31,1,1,1,0.0,0.14285714285714285
late,4,13,0.27629042352905747,31,4,3,1,0.0,0.2
late,10,5,0.5621326558644413,12,2,3,1,0.0,0.09090909090909091
late,5,5,0.41746136428694086,34,1,3,1,0.0,0.5
late,13,6,0.014248158518644295,122,3,0,1,0.0,0.043478260869565216
late,13,13,0.18815662936651023,159,4,3,1,0.0,0.5
late,10,6,0.5798204090420056,31,2,1,1,1.0,0.125
late,10,5,0.022240194524462492,31,2,0,1,0.0,0.125
late,5,6,0.5660340363012976,149,1,3,1,0.0,0.3333333333333333
late,6,5,0.5582604742052864,31,1,1,1,0.0,0.25
late,5,5,0.5645926350276174,31,1,1,1,1.0,0.5
late,10,2,0.5039125958343057,122,3,1,1,0.0,0.5
late,13,5,0.40230215658039126,90,3,1,1,0.0,0.09090909090909091
late,6,2,0.5722588541647096,149,3,1,1,1.0,1.0
late,6,6,0.48933859798466806,42,3,3,1,0.0,1.0
late,10,5,0.47587859777891267,152,2,3,1,1.0,0.1
late,11,13,0.14535917801412818,90,2,3,1,0.0,0.09090909090909091
late,4,5,0.5536495064610246,12,1,3,1,1.0,0.5
late,6,13,0.2185735294084703,6,3,3,1,0.0,0.3333333333333333
late,6,5,0.4118510488241001,90,1,1,1,0.0,0.08333333333333333
late,13,6,0.42347398901717564,90,3,1,1,1.0,0.09090909090909091
late,4,13,0.22658749833214417,150,4,3,1,0.0,0.5
late,11,11,0.47327444288898624,138,2,2,1,1.0,0.0625
late,5,13,0.17690709386319228,90,1,3,1,0.0,0.14285714285714285
late,6,13,0.17197983687083904,90,1,3,1,0.0,0.08333333333333333
late,10,13,0.24093327375132495,41,5,3,1,0.0,1.0
late,6,5,0.4836942559933696,6,3,3,1,0.0,0.3333333333333333
late,1,13,0.1728529776833192,24,1,3,1,0.0,0.3333333333333333
late,10,13,0.17477397756564236,58,2,3,1,0.0,0.25
late,10,13,0.010587448232475104,58,2,0,1,0.0,0.25
late,6,13,0.020402607353656718,153,1,0,1,0.0,0.06666666666666667
late,14,14,0.019632453412879777,41,3,0,1,0.0,0.16666666666666666
late,4,13,0.1574431555191727,90,4,3,1,0.0,1.0
late,14,2,0.48007486234988445,159,3,1,1,0.0,1.0
late,0,6,0.8334956678591562,72,5,3,1,1.0,0.08333333333333333
late,13,2,0.4838293631634269,104,3,1,1,0.0,0.3333333333333333
late,10,2,0.41532170056559636,24,2,1,1,1.0,0.5
late,1,2,0.5452957448345646,150,1,1,1,0.0,0.03333333333333333
late,3,13,0.1805887881992311,42,3,3,1,0.0,1.0
late,10,10,0.48625341771698516,150,2,2,1,1.0,0.047619047619047616
late,2,5,0.4986170328384142,150,1,1,1,0.0,0.07142857142857142
late,4,6,0.6318091660983893,64,4,1,1,1.0,0.2
late,6,13,0.15376199044279343,24,1,3,1,0.0,0.3333333333333333
late,11,6,0.5813034218561407,144,2,1,1,1.0,0.03571428571428571
late,5,6,0.5226507903113208,132,1,3,1,0.0,0.08333333333333333
late,10,13,0.14420223231619897,90,3,3,1,1.0,0.3333333333333333
late,6,1,0.5980638819935402,159,3,1,1,1.0,0.3333333333333333
late,7,2,0.5530581552649014,149,3,1,1,1.0,1.0
late,10,3,0.6687864306509745,105,2,5,1,1.0,0.024390243902439025
late,1,2,0.479535140816292,90,1,1,1,1.0,0.041666666666666664
late,1,5,0.5504895353331487,132,1,1,1,0.0,0.011235955056179775
late,11,4,0.5984900077558591,144,2,4,1,1.0,0.03571428571428571
late,5,13,0.01338263978245386,132,3,0,1,0.0,0.25
late,10,13,0.007279430941329003,90,3,0,1,0.0,0.3333333333333333
late,6,6,0.5747444166763028,159,3,3,1,1.0,0.3333333333333333
late,14,14,0.28670011977406445,12,3,3,1,0.0,1.0
late,10,10,0.43438441833109576,152,2,3,1,1.0,0.1
late,5,3,0.5008464961017709,34,1,3,1,0.0,0.5
late,5,13,0.21633646755775332,152,2,2,1,0.0,1.0
late,6,1,0.6076044232105959,36,1,1,1,1.0,0.1111111111111111
late,13,6,0.46036265703760326,161,3,1,1,0.0,0.2
late,11,1,0.5041881969713108,161,2,1,1,1.0,0.3333333333333333
late,10,6,0.6078462452433997,36,2,1,1,0.0,1.0
late,13,5,0.538147851714942,12,3,3,1,1.0,0.5
late,10,1,0.011506752237971178,42,2,0,1,0.0,0.07692307692307693
late,10,2,0.5699007505534913,36,3,1,1,0.0,1.0
late,8,13,0.1812509540505088,5,5,2,1,0.0,1.0
late,6,3,0.4941892619231193,152,2,3,1,1.0,0.2
late,11,6,0.5088650455330547,161,2,1,1,0.0,0.3333333333333333
late,1,12,0.46061668497088365,34,1,2,1,1.0,0.05263157894736842
late,1,3,0.585896420074076,6,4,3,1,0.0,1.0
late,6,5,0.472171169311897,161,1,1,1,0.0,0.1
late,4,1,0.5489750960782681,161,4,1,1,1.0,0.5
late,13,13,0.2851066854884585,36,3,3,1,0.0,0.25
late,11,2,0.5920445816062542,36,2,1,1,0.0,0.25
late,10,6,0.588406380783992,112,2,1,1,1.0,0.034482758620689655
late,13,2,0.5624097968768117,31,3,1,1,1.0,0.3333333333333333
late,8,3,0.560560049780511,152,4,3,1,1.0,1.0
late,12,1,0.4551625606216372,105,2,1,1,0.0,1.0
late,10,1,0.6629608458756353,34,2,4,1,1.0,0.14285714285714285
late,4,1,0.008917854853165343,70,4,0,1,0.0,0.125
late,4,13,0.2740952527256688,21,1,1,1,0.0,0.1
late,6,9,0.46402533539662694,152,2,2,1,1.0,0.2
late,4,5,0.3857582171819987,34,1,1,1,0.0,0.3333333333333333
late,10,5,0.4507146385891514,105,5,2,1,0.0,0.3333333333333333
late,6,8,0.34156161325800544,132,3,1,1,1.0,0.5
late,4,13,0.011461541358312375,161,4,0,1,0.0,0.5
late,9,13,0.2315343745448764,152,2,3,1,0.0,0.05
late,5,13,0.28696615283543536,31,1,3,1,1.0,0.5
late,13,3,0.44772838107895946,5,3,3,1,0.0,1.0
late,11,1,0.6199780128603098,12,2,1,1,0.0,0.5
late,3,13,0.19656905156845628,34,3,3,1,0.0,0.25
late,9,1,0.5541337334265326,152,5,1,1,1.0,1.0
late,6,2,0.4953412446403552,161,1,1,1,0.0,0.1
late,11,6,0.6107791116736313,36,2,1,1,1.0,0.25
late,13,6,0.5047584505393511,104,3,3,1,1.0,0.3333333333333333
late,6,3,0.5911969009628814,112,1,1,1,1.0,0.08333333333333333
late,5,13,0.022199924381122223,12,1,0,1,0.0,0.2
late,6,13,0.21293532708801433,161,1,3,1,0.0,0.1
late,12,5,0.44885296721118234,95,5,3,1,1.0,1.0
late,6,1,0.6031661536728228,112,3,1,1,0.0,0.1
late,14,14,0.1297518061882721,34,1,3,1,0.0,1.0
late,6,6,0.5084220917571358,34,3,3,1,0.0,0.14285714285714285
late,7,13,0.3217333836098793,36,1,3,1,0.0,1.0
late,1,13,0.23610855903530617,161,1,3,1,0.0,0.25
late,10,13,0.25727503212948977,12,5,3,1,0.0,1.0
late,1,1,0.5303861177280299,161,1,1,1,1.0,0.25
late,10,6,0.5202953306324841,9,5,3,1,1.0,1.0
late,9,6,0.5133779492278607,152,2,2,1,1.0,0.05
late,6,13,0.16349316982583112,42,2,3,1,0.0,1.0
late,13,5,0.439618344688944,161,3,1,1,0.0,0.2
late,5,2,0.5041281773200073,161,1,1,1,0.0,0.25
late,1,6,0.5057869518145223,161,1,1,1,0.0,0.25
late,13,1,0.5960091554112212,36,3,1,1,1.0,0.25
late,8,6,0.5249930990412507,104,1,3,1,0.0,1.0
late,2,13,0.29476777613773,36,1,3,1,0.0,0.2
late,11,5,0.5835329152749221,36,3,1,1,0.0,0.5
late,1,13,0.3110319370987697,36,1,3,1,0.0,0.14285714285714285
late,7,3,0.6687532955970682,12,3,3,1,1.0,0.3333333333333333
late,1,5,0.45232548386041393,42,1,3,1,0.0,1.0
late,1,3,0.429668129126567,105,1,2,1,0.0,1.0
late,10,9,0.4048692759417361,152,1,2,1,1.0,1.0
late,2,2,0.541151038310543,161,1,1,1,0.0,1.0
late,13,2,0.450009402623341,161,3,1,1,1.0,0.2
late,10,6,0.6030509707742877,12,2,3,1,1.0,0.09090909090909091
late,5,13,0.20191248527128622,42,3,3,1,0.0,1.0
late,7,5,0.011969420669806276,34,3,0,1,0.0,1.0
late,4,6,0.5913643620269048,12,1,3,1,1.0,0.5
late,3,3,0.6622650713792794,12,3,3,1,1.0,1.0
late,1,13,0.023319418521663453,12,1,0,1,0.0,0.07692307692307693
late,12,5,0.40639481122957416,42,2,3,1,0.0,1.0
late,1,3,0.6302388188430544,112,1,1,1,1.0,0.045454545454545456
late,11,2,0.48442103692211685,161,2,1,1,1.0,0.3333333333333333
late,5,13,0.3072870126152629,36,1,3,1,1.0,1.0
late,6,1,0.5138011395819806,161,1,1,1,0.0,0.1
late,5,2,0.01156848323614328,161,1,0,1,0.0,0.25
late,6,1,0.5857518683311624,12,2,1,1,1.0,1.0
late,11,13,0.23794355819921723,36,3,3,1,0.0,0.5
late,10,13,0.21219518618304475,42,5,3,1,0.0,1.0
late,1,2,0.5149178533666126,161,1,1,1,1.0,0.25
late,1,5,0.5647213026555,12,1,3,1,0.0,0.07692307692307693
late,9,5,0.5108628422744677,100,2,1,1,1.0,0.16666666666666666
late,10,13,0.2785793082324088,100,2,2,1,0.0,0.3333333333333333
late,1,1,0.4328673923404611,143,3,1,1,0.0,1.0
late,5,1,0.5450653516812425,100,1,1,1,1.0,0.25
late,10,13,0.2801364749902376,100,1,1,1,0.0,1.0
late,10,1,0.43421532769389626,143,2,1,1,0.0,0.3333333333333333
late,10,13,0.24000313175576457,3,1,1,1,0.0,1.0
late,5,6,0.5011095204930717,69,1,1,1,0.0,0.037037037037037035
late,12,5,0.551942549175025,84,2,1,1,0.0,0.06666666666666667
late,3,3,0.5391959164012102,143,3,3,1,1.0,1.0
late,8,13,0.27338456831165103,68,3,3,1,1.0,1.0
late,13,13,0.2753241215347756,100,2,1,1,0.0,0.2
late,6,13,0.24596844200264648,100,1,2,1,0.0,0.3333333333333333
late,10,12,0.4557904054842399,68,3,3,1,1.0,0.3333333333333333
late,7,1,0.5347519819719536,100,1,1,1,0.0,0.09090909090909091
late,10,5,0.4664618542170608,3,2,1,1,1.0,0.029411764705882353
late,6,7,0.4893874880960573,100,2,1,1,1.0,0.058823529411764705
late,9,10,0.43464638246302195,100,2,3,1,1.0,0.16666666666666666
late,10,13,0.3210302867826925,84,2,2,1,0.0,0.125
late,7,3,0.5472145773072268,100,3,1,1,0.0,0.125
late,5,6,0.505261660507902,100,1,2,1,1.0,0.25
late,12,1,0.548435063450891,68,2,1,1,1.0,0.14285714285714285
late,10,2,0.4177644466782409,143,2,1,1,0.0,0.3333333333333333
late,10,12,0.5397543445091708,121,2,2,1,0.0,1.0
late,10,12,0.5056536666173984,121,5,2,1,1.0,0.5
late,2,1,0.47409617244449725,143,1,1,1,1.0,0.5
late,14,14,0.20689834471609964,68,3,3,1,0.0,1.0
late,12,5,0.5291858065363277,84,2,3,1,0.0,0.06666666666666667
late,10,12,0.497892432244668,68,3,2,1,1.0,0.3333333333333333
late,6,5,0.5059842070698267,100,3,1,1,1.0,0.1
late,10,5,0.5128739512321155,100,2,1,1,1.0,0.3333333333333333
late,10,1,0.42071729450881945,143,3,1,1,1.0,0.25
late,10,13,0.2165490425443887,68,3,3,1,0.0,0.3333333333333333
late,10,2,0.4270953340741315,143,5,1,1,0.0,1.0
late,3,10,0.4686699427782994,121,3,2,1,1.0,0.5
late,1,6,0.5038797973842217,81,1,1,1,1.0,0.05555555555555555
late,9,13,0.5925457041067916,100,2,5,1,0.0,0.16666666666666666
late,6,13,0.28111181805868607,100,2,1,1,0.0,0.058823529411764705
late,5,5,0.5057192560285456,100,1,1,1,1.0,0.25
late,12,14,0.20491838145343028,121,2,3,1,0.0,0.2
late,12,12,0.5053160220532269,84,2,3,1,1.0,0.06666666666666667
late,13,3,0.45355293186106005,3,1,1,1,0.0,0.25
late,10,1,0.5677204388475332,68,2,1,1,1.0,0.5
late,10,13,0.1547751023583193,143,2,3,1,0.0,0.3333333333333333
late,6,5,0.5036747511636092,100,2,1,1,0.0,0.058823529411764705
late,6,1,0.4850602485876557,3,1,1,1,1.0,0.1111111111111111
late,13,5,0.5391534023547646,100,3,1,1,0.0,0.5
late,13,1,0.40867942017120235,143,3,1,1,0.0,0.25
late,13,1,0.43839643959294977,130,3,1,1,0.0,0.5
late,5,5,0.4740528022291438,81,1,1,1,0.0,0.2
late,11,10,0.4854557371301091,38,2,2,1,1.0,0.2
late,5,5,0.4545220264529858,73,1,4,1,0.0,0.07142857142857142
late,13,5,0.48378446448530477,38,1,1,1,1.0,0.25
late,10,1,0.008922800071659397,4,2,0,1,0.0,0.07692307692307693
late,13,14,0.15013017702046844,4,3,1,1,0.0,0.5
late,14,14,0.12957103630560726,4,3,3,1,0.0,1.0
late,3,3,0.685032413945205,11,3,3,1,1.0,1.0
late,7,3,0.6129588568658835,52,3,2,1,1.0,1.0
late,1,14,0.25841888375142236,38,1,1,1,0.0,0.05555555555555555
late,7,2,0.5138391956864721,69,1,1,1,1.0,0.3333333333333333
late,6,13,0.1412242537214342,130,2,3,1,0.0,0.5
late,10,5,0.01697566295931076,52,5,0,1,0.0,1.0
late,10,1,0.3888426813849789,4,2,3,1,0.0,0.07692307692307693
late,6,6,0.4824044790480636,81,1,1,1,1.0,0.5
late,3,14,0.14645174261472657,4,3,3,1,0.0,0.3333333333333333
late,3,3,0.5582582420485677,4,3,3,1,1.0,0.3333333333333333
late,10,14,0.1568380115846519,130,2,3,1,0.0,0.14285714285714285
late,2,14,0.21396763361319465,81,1,1,1,1.0,0.05555555555555555
late,1,11,0.311619318607179,4,1,3,1,0.0,0.1
late,8,1,0.5934789522955641,11,3,1,1,1.0,0.16666666666666666
late,2,2,0.45900480122576437,73,1,1,1,1.0,0.5
late,10,5,0.007895380787890214,130,5,0,1,0.0,0.2
late,13,1,0.5544839166214967,11,1,1,1,0.0,0.09090909090909091
late,11,13,0.012785752799770624,96,3,0,1,0.0,0.037037037037037035
late,11,12,0.46134340756730996,121,2,2,1,0.0,1.0
late,4,11,0.4246913701475857,96,1,3,1,1.0,0.006666666666666667
late,12,1,0.5819409578776102,84,2,1,1,1.0,0.06666666666666667
late,12,12,0.6550008553974439,84,2,5,1,0.0,0.06666666666666667
late,10,13,0.00849584301212995,130,2,0,1,0.0,0.14285714285714285
late,13,3,0.741499468896739,52,2,5,1,1.0,1.0
late,9,10,0.4569277215516973,11,3,3,1,1.0,1.0
late,1,5,0.5660567600587326,52,1,1,1,0.0,0.5
late,2,5,0.44936672528897564,81,1,1,1,0.0,0.05555555555555555
late,6,6,0.4484422101202217,130,3,3,1,1.0,0.3333333333333333
late,1,13,0.012766944261065491,69,1,0,1,0.0,0.021739130434782608
late,13,2,0.5155200923672418,144,1,1,1,1.0,0.1111111111111111
late,14,14,0.1964720085784166,11,1,3,1,0.0,0.14285714285714285
late,1,1,0.5983183124711448,52,1,1,1,1.0,0.5
late,11,1,0.44528938423104314,4,2,1,1,0.0,1.0
late,3,11,0.3683438340725465,4,3,3,1,1.0,0.3333333333333333
late,13,13,0.1318566861939092,4,3,3,1,0.0,0.5
late,9,10,0.5179966240829987,52,5,2,1,1.0,1.0
late,6,13,0.018095334387547807,52,3,0,1,0.0,0.3333333333333333
late,2,3,0.5363639046007417,4,1,3,1,1.0,1.0
late,14,14,0.01816290453555695,11,1,0,1,0.0,0.14285714285714285
late,10,1,0.5169801787101226,96,3,1,1,0.0,0.06666666666666667
late,4,6,0.6350448131455351,64,4,3,1,0.0,0.2
late,6,5,0.012923829910662325,69,3,0,1,0.0,0.047619047619047616
late,10,12,0.4782475200563409,11,3,3,1,1.0,0.16666666666666666
late,14,14,0.211714170802771,11,3,3,1,0.0,0.25
late,13,14,0.018772489836136684,11,3,0,1,0.0,0.09090909090909091
late,11,13,0.26010211698982044,153,2,3,1,0.0,0.058823529411764705
late,4,13,0.2752750613888639,64,4,3,1,0.0,0.2
late,5,13,0.22081034089342935,69,3,3,1,0.0,0.5
late,8,2,0.019554857487437703,11,1,0,1,0.0,0.3333333333333333
late,2,6,0.48552412811302476,138,1,1,1,0.0,0.1
late,6,13,0.2590572770643173,69,3,1,1,1.0,0.047619047619047616
late,12,12,0.46444242647049966,68,2,3,1,1.0,0.14285714285714285
late,11,10,0.48845702449586764,69,2,2,1,0.0,0.1111111111111111
late,7,13,0.23165601460868673,100,3,3,1,0.0,0.125
late,13,2,0.4319212967776329,3,1,1,1,0.0,0.25
late,10,13,0.23933677682804375,11,3,3,1,1.0,0.16666666666666666
late,5,5,0.012364656326722857,69,3,0,1,0.0,0.5
late,2,3,0.5385956037639137,100,1,1,1,1.0,1.0
late,13,13,0.2412974639076409,100,1,1,1,0.0,0.25
late,10,13,0.24292293198208584,100,2,3,1,1.0,0.3333333333333333
late,10,13,0.22418742497294408,121,5,3,1,0.0,0.5
late,10,1,0.5879139177818884,84,2,1,1,1.0,0.125
late,6,1,0.4664150484123891,121,2,1,1,0.0,1.0
late,7,13,0.012869671782341902,69,3,0,1,0.0,0.2
late,1,1,0.5654778378453157,96,3,1,1,1.0,0.5
late,5,6,0.6001690055440777,64,3,3,1,1.0,0.16666666666666666
late,1,14,0.24581562207145766,11,1,3,1,0.0,0.05555555555555555
late,6,1,0.5464367475499885,69,3,1,1,1.0,0.047619047619047616
late,7,6,0.5014802237483249,69,3,3,1,1.0,0.2
late,3,5,0.6234630478568922,64,3,1,1,0.0,0.041666666666666664
late,3,5,0.5264146251477944,69,3,1,1,1.0,0.5
late,13,6,0.5579677913053653,63,3,3,1,0.0,1.0
late,4,2,0.018906062729007127,153,4,0,1,0.0,0.05
late,4,2,0.6199769292899046,153,4,1,1,1.0,0.05
late,3,6,0.5352667260233068,69,3,3,1,0.0,0.5
late,13,14,0.25231368713516145,11,3,1,1,1.0,0.09090909090909091
late,7,6,0.01307325554173587,69,2,0,1,0.0,1.0
late,6,6,0.6113344325329956,64,3,1,1,1.0,0.024390243902439025
late,10,6,0.5277479891714251,69,2,3,1,1.0,0.02857142857142857
late,7,6,0.5475049585460342,64,3,3,1,0.0,0.5
late,10,10,0.4991417096322669,64,2,3,1,0.0,0.012987012987012988
late,11,6,0.5069028157421677,138,2,1,1,1.0,0.0625
late,4,2,0.5559631498624782,138,4,1,1,0.0,0.3333333333333333
late,10,7,0.5183328280321178,69,5,3,1,1.0,0.3333333333333333
late,11,2,0.5958556499007672,153,2,1,1,1.0,0.058823529411764705
late,1,11,0.4465076867997955,96,1,3,1,0.0,0.0030120481927710845
late,6,3,0.5566493723213927,69,3,3,1,1.0,0.047619047619047616
late,1,2,0.559566256490069,11,1,3,1,0.0,0.05555555555555555
late,12,13,0.22464101692843547,68,3,3,1,0.0,0.1
late,7,13,0.2620240829919886,100,1,2,1,1.0,0.09090909090909091
late,7,13,0.12450273556439889,143,4,3,1,0.0,1.0
late,2,14,0.24267210346231624,68,1,3,1,1.0,1.0
late,2,3,0.5129118487365127,143,1,3,1,0.0,0.5
late,4,5,0.4940341526164081,121,4,3,1,0.0,0.5
late,13,1,0.5721203763368289,100,3,1,1,1.0,0.5
late,7,3,0.4577975436007436,143,1,3,1,1.0,1.0
late,10,12,0.5334681626622958,68,2,2,1,1.0,0.5
late,12,6,0.5747139200728082,84,2,3,1,0.0,0.06666666666666667
late,5,6,0.5017583990069793,100,1,3,1,1.0,0.25
late,7,13,0.2721384443167335,100,3,1,1,0.0,0.125
late,13,1,0.0074504023411485825,143,3,0,1,0.0,0.25
late,13,3,0.5844163712625007,84,3,3,1,1.0,1.0
late,3,13,0.19510406468069608,121,3,3,1,0.0,0.5
late,1,1,0.5380603259356125,81,1,1,1,1.0,0.05555555555555555
late,6,2,0.4863106871225044,81,1,1,1,1.0,0.5
late,5,1,0.5149874794521161,81,1,1,1,0.0,0.2
late,7,6,0.5145001823499111,100,1,1,1,0.0,0.09090909090909091
late,1,7,0.504554874987815,100,1,2,1,1.0,0.09090909090909091
late,4,1,0.5226387285096273,69,1,1,1,1.0,0.09090909090909091
late,5,13,0.2430971580176733,81,1,1,1,0.0,0.2
late,6,5,0.48485355468118096,100,1,1,1,1.0,0.3333333333333333
late,12,13,0.2173959968807786,121,5,3,1,0.0,1.0
late,1,13,0.25025406854009974,100,1,3,1,0.0,0.09090909090909091
late,2,14,0.25555852266266427,11,1,3,1,0.0,0.06666666666666667
late,6,6,0.5190526797526238,100,2,3,1,0.0,0.058823529411764705
late,13,2,0.5039359362797577,100,2,1,1,1.0,0.2
late,10,6,0.5128146261310977,81,2,1,1,1.0,0.058823529411764705
late,6,9,0.4568199141858412,100,3,3,1,1.0,0.1
late,11,13,0.22610447193858782,3,3,1,1,0.0,0.3333333333333333
late,14,2,0.5256647849343863,11,1,1,1,0.0,0.14285714285714285
late,6,3,0.5311126351689521,100,3,3,1,1.0,0.1
late,7,13,0.2659802681178582,100,3,2,1,1.0,0.125
late,7,6,0.5371054136330156,100,3,3,1,0.0,0.125
late,7,5,0.5192216218119731,100,3,1,1,1.0,0.125
late,6,13,0.25930124907572705,100,3,1,1,0.0,0.1
late,6,2,0.5129884367274463,100,3,1,1,0.0,0.1
late,1,10,0.40815256669293876,121,1,2,1,0.0,0.06666666666666667
late,10,13,0.012904330378529505,96,3,0,1,0.0,0.06666666666666667
late,1,2,0.601028452594853,11,1,1,1,1.0,0.05555555555555555
late,6,3,0.5289568546863346,100,3,1,1,0.0,0.1
late,4,1,0.5477925418253755,121,4,1,1,0.0,0.5
late,10,12,0.5203222607152213,11,3,2,1,1.0,0.16666666666666666
late,10,13,0.2637953013230635,100,3,2,1,0.0,1.0
late,13,14,0.21893341165399424,11,3,3,1,0.0,0.09090909090909091
late,7,5,0.5009637663559572,69,1,1,1,0.0,0.3333333333333333
late,13,13,0.2330558562629026,11,3,3,1,1.0,0.09090909090909091
late,9,13,0.2496773519432511,100,2,3,1,0.0,0.16666666666666666
late,6,13,0.24676334445051679,50,2,3,1,0.0,0.14285714285714285
late,2,5,0.4954783239239737,109,1,1,1,1.0,0.25
late,13,2,0.4730920375603096,8,1,1,1,0.0,0.058823529411764705
late,11,1,0.46946346227622915,130,2,1,1,0.0,1.0
late,7,5,0.5314152907101032,50,1,1,1,0.0,0.16666666666666666
late,8,6,0.018494020847509177,53,3,0,1,0.0,0.5
late,8,8,0.3854333345639273,53,1,3,1,0.0,0.16666666666666666
late,10,5,0.5471956375326665,53,2,1,1,1.0,0.14285714285714285
late,9,3,0.5555200923812182,53,1,2,1,1.0,0.5
late,14,14,0.24575552374135146,8,1,1,1,0.0,1.0
late,8,13,0.2988022711834821,53,1,2,1,0.0,0.16666666666666666
late,10,10,0.363600581304345,4,2,3,1,1.0,0.07692307692307693
late,3,3,0.5924667840515033,109,1,1,1,1.0,1.0
late,6,5,0.5557605577615828,50,3,1,1,0.0,0.05555555555555555
late,10,13,0.28906569049042136,8,5,1,1,1.0,0.5
late,6,3,0.571575298048432,53,2,3,1,1.0,0.04
late,13,14,0.21280591539441016,50,3,3,1,0.0,0.16666666666666666
late,10,9,0.5523682910375406,53,2,2,1,1.0,0.14285714285714285
late,13,5,0.019018507729932136,53,3,0,1,0.0,0.3333333333333333
late,5,1,0.5681825172699178,50,3,1,1,0.0,0.16666666666666666
late,9,5,0.544140694953333,50,2,1,1,0.0,0.5
late,1,2,0.48844334677840034,73,1,1,1,0.0,0.02564102564102564
late,9,13,0.3215565223187373,53,5,1,1,1.0,0.08333333333333333
late,8,5,0.4493972247951993,50,1,2,1,1.0,0.5
late,5,3,0.537646160526817,140,1,3,1,1.0,0.14285714285714285
late,13,13,0.0077900953620029115,130,3,0,1,0.0,0.5
late,3,5,0.6434145180050638,52,5,2,1,1.0,1.0
late,9,3,0.59552513062776,52,2,2,1,1.0,0.25
late,1,10,0.33014299573535166,130,1,2,1,0.0,0.09090909090909091
late,8,5,0.5470280755156048,53,3,2,1,0.0,0.5
late,8,6,0.5630050121271054,53,1,2,1,1.0,0.16666666666666666
late,6,9,0.6909595591495303,53,5,5,1,1.0,0.25
late,1,5,0.5061080493224677,53,1,2,1,0.0,0.125
late,6,3,0.5627117441812305,140,3,3,1,1.0,0.07142857142857142
late,1,3,0.4782056385840195,130,1,3,1,0.0,0.09090909090909091
late,5,3,0.5826651038117445,53,2,2,1,1.0,0.2
late,10,9,0.5614876117398039,52,2,2,1,1.0,0.3333333333333333
late,9,3,0.7596676778853354,52,2,5,1,1.0,0.25
late,10,3,0.5280341516194472,73,5,1,1,0.0,0.3333333333333333
late,4,13,0.26210364233175387,140,1,1,1,1.0,0.25
late,5,5,0.49823182995408427,50,2,3,1,0.0,0.5
late,6,5,0.5593617393607289,50,5,1,1,0.0,1.0
late,10,1,0.5502953406617859,109,2,1,1,1.0,1.0
late,5,8,0.2879040461854302,50,1,1,1,0.0,0.14285714285714285
late,9,1,0.5721302000990511,50,2,1,1,1.0,0.5
late,8,13,0.1865477936004033,50,1,3,1,0.0,0.5
late,10,13,0.25544456548052535,53,2,3,1,0.0,0.14285714285714285
late,10,1,0.5143941013517344,140,3,1,1,0.0,1.0
late,6,5,0.019007959976546532,53,2,0,1,0.0,0.04
late,10,5,0.5447791524654734,50,2,1,1,1.0,0.07692307692307693
late,13,5,0.5253044284341205,53,3,1,1,0.0,0.3333333333333333
late,6,3,0.5544212042489631,50,2,3,1,1.0,0.14285714285714285
late,13,6,0.4569113328591726,73,1,1,1,0.0,0.07692307692307693
late,9,13,0.19397680961468175,53,1,3,1,0.0,0.5
late,6,5,0.5188021466736338,53,1,3,1,0.0,1.0
late,3,13,0.32415454591654896,53,2,2,1,1.0,0.07692307692307693
late,13,1,0.5261501018930261,76,1,1,1,1.0,0.029411764705882353
late,9,5,0.5625450485367135,53,2,1,1,1.0,0.1111111111111111
late,5,13,0.24747257357073255,50,2,3,1,0.0,0.5
late,5,10,0.4794350367960493,50,3,2,1,1.0,0.16666666666666666
late,5,5,0.015945636878596434,50,3,0,1,0.0,0.16666666666666666
late,6,6,0.5740581874366676,50,3,2,1,0.0,0.05555555555555555
late,5,5,0.5500686507495762,50,4,3,1,1.0,1.0
late,5,9,0.650843085655126,53,3,5,1,0.0,0.5
late,10,1,0.5730277387047432,50,2,1,1,1.0,0.07692307692307693
late,1,1,0.581487680110606,53,1,1,1,0.0,0.125
late,13,5,0.48760509929700824,50,3,3,1,0.0,0.16666666666666666
late,10,1,0.5184092577666349,73,5,1,1,1.0,0.3333333333333333
late,1,6,0.5297884518540639,76,1,1,1,1.0,0.08333333333333333
late,5,5,0.4509350303148622,50,1,3,1,1.0,0.14285714285714285
late,5,13,0.1988538633193159,50,1,3,1,0.0,0.14285714285714285
late,6,6,0.5329276076294428,50,2,3,1,1.0,0.14285714285714285
late,9,3,0.6141969567689042,53,5,3,1,0.0,0.08333333333333333
late,9,13,0.31224573142707257,53,5,2,1,0.0,0.08333333333333333
late,9,8,0.43106836103551327,53,2,1,1,0.0,0.1111111111111111
late,5,7,0.523046023521481,50,3,1,1,1.0,0.16666666666666666
late,3,6,0.6006310881757531,53,2,5,1,0.0,0.07692307692307693
late,6,1,0.5845722213966811,50,3,1,1,1.0,0.05555555555555555
late,3,3,0.6298612288675786,53,2,3,1,1.0,0.07692307692307693
late,1,6,0.5311154852963101,50,1,2,1,1.0,0.06666666666666667
late,11,5,0.47847126436003357,73,2,1,1,0.0,0.3333333333333333
late,6,5,0.5463180333057045,53,2,1,1,0.0,0.04
late,1,5,0.5086729023943006,53,1,3,1,0.0,0.125
late,9,5,0.5783154466049983,53,5,1,1,0.0,0.08333333333333333
late,5,6,0.5807446947615471,53,2,5,1,0.0,0.2
late,5,5,0.012925798050779687,136,1,0,1,0.0,0.011494252873563218
late,9,9,0.5668387079091904,53,5,2,1,1.0,0.08333333333333333
late,10,3,0.579775151132284,50,2,3,1,0.0,0.07692307692307693
late,10,1,0.515668512158022,8,2,1,1,1.0,0.06666666666666667
late,13,12,0.45363340289049203,76,1,2,1,0.0,0.029411764705882353
late,12,2,0.48387960819316006,8,2,1,1,0.0,1.0
late,10,6,0.5254823837597882,8,5,1,1,0.0,0.5
late,1,13,0.22612950648627345,53,1,3,1,0.0,0.125
late,10,5,0.48861880853380174,8,2,1,1,1.0,0.06666666666666667
late,2,1,0.5280914897430178,8,1,1,1,1.0,0.5
late,1,1,0.5390207929417057,50,2,1,1,1.0,1.0
late,3,5,0.5545175619989537,50,3,5,1,1.0,1.0
late,2,2,0.5050983328387247,38,1,1,1,1.0,0.3333333333333333
late,10,2,0.4765911650466724,73,2,1,1,0.0,0.047619047619047616
late,4,13,0.009217348439671232,73,1,0,1,0.0,0.14285714285714285
late,3,6,0.609849273197213,101,3,3,1,0.0,1.0
late,4,1,0.4866662376345234,73,1,1,1,0.0,0.14285714285714285
late,1,8,0.3289913742722481,106,1,2,1,0.0,0.030303030303030304
late,6,3,0.599976676437351,101,3,3,1,1.0,0.07692307692307693
late,6,6,0.5674222543025746,101,3,3,1,1.0,0.07692307692307693
late,6,1,0.543118038991121,106,3,1,1,0.0,0.16666666666666666
late,4,13,0.25396817826038515,38,1,1,1,0.0,0.16666666666666666
late,6,13,0.21730300696506843,106,3,3,1,1.0,0.16666666666666666
late,5,1,0.5768343325583595,53,2,1,1,0.0,0.2
late,10,5,0.49322130395844843,106,2,3,1,1.0,0.03125
late,10,10,0.46025290928828483,106,2,3,1,0.0,0.03125
late,10,3,0.5894127510095067,101,2,3,1,1.0,0.021739130434782608
late,7,10,0.5253274136567652,52,2,2,1,1.0,1.0
late,10,4,0.5889215745716243,101,2,1,1,1.0,0.021739130434782608
late,5,5,0.5261635204669675,106,1,1,1,0.0,0.2
late,4,5,0.4682942164291465,101,1,3,1,0.0,0.03125
late,10,3,0.5468824688319565,106,2,3,1,1.0,0.03125
late,6,1,0.6642338194704385,140,3,4,1,1.0,0.07142857142857142
late,6,5,0.5244728201403979,53,2,3,1,0.0,0.04
late,4,5,0.012812122754783635,38,1,0,1,0.0,0.16666666666666666
late,7,1,0.5707931523743665,101,1,1,1,0.0,0.25
late,10,12,0.5256591255157567,11,2,3,1,0.0,0.16666666666666666
late,3,13,0.22266925730336687,73,1,1,1,0.0,1.0
late,12,8,0.4106139303657395,11,2,3,1,1.0,0.017241379310344827
late,10,9,0.7001283696269782,52,2,5,1,1.0,0.3333333333333333
late,10,7,0.5078354614631557,76,2,1,1,0.0,0.038461538461538464
late,14,2,0.4845153813766015,122,3,1,1,0.0,1.0
late,1,3,0.5947697022517618,122,1,3,1,1.0,0.012048192771084338
late,6,3,0.606869382288389,52,5,2,1,0.0,0.5
late,5,3,0.48022660772000403,73,1,1,1,0.0,0.07142857142857142
late,13,14,0.22512277775096304,11,1,1,1,0.0,0.09090909090909091
late,1,10,0.43600645201991045,122,1,2,1,1.0,0.012048192771084338
late,2,13,0.21200975042127446,73,1,1,1,0.0,0.5
late,10,6,0.4374017085226111,130,2,3,1,1.0,0.14285714285714285
late,3,1,0.59813073421656,122,3,1,1,1.0,1.0
late,3,6,0.5847831939835002,52,2,2,1,0.0,0.25
late,10,3,0.6234221878565304,52,4,2,1,0.0,1.0
late,10,10,0.49626818144648194,122,2,2,1,0.0,0.022727272727272728
late,2,3,0.645770488266597,11,1,3,1,1.0,0.06666666666666667
late,14,13,0.15601042938294987,122,1,3,1,0.0,1.0
late,6,13,0.33271076806863575,52,5,2,1,0.0,0.5
late,5,1,0.5321107417741909,38,1,1,1,1.0,0.08333333333333333
late,5,2,0.6285131756743326,101,3,1,1,1.0,0.1111111111111111
late,6,5,0.4931494216120587,106,3,3,1,0.0,0.16666666666666666
late,13,1,0.5698422208593812,11,2,1,1,0.0,0.5
late,1,13,0.25982967286172554,140,1,3,1,0.0,0.02
late,10,13,0.29338844899091765,76,2,2,1,1.0,0.038461538461538464
late,5,5,0.5016992892652268,140,3,3,1,1.0,0.5
late,13,13,0.26740897913078204,53,2,2,1,0.0,1.0
late,11,13,0.2950158958092322,76,2,1,1,1.0,0.14285714285714285
late,6,1,0.5364677198938808,76,1,1,1,0.0,0.041666666666666664
late,6,5,0.5315344108067109,140,3,1,1,0.0,0.07142857142857142
late,11,1,0.6082338086264599,140,2,1,1,0.0,0.5
late,6,6,0.391928310434771,130,2,3,1,0.0,0.5
late,13,5,0.4673020460831688,140,3,1,1,0.0,0.3333333333333333
late,9,1,0.5919706231524836,53,2,1,1,1.0,0.1111111111111111
late,5,3,0.5502281787000333,140,3,3,1,0.0,0.5
late,10,5,0.4906658027487538,73,5,1,1,0.0,0.3333333333333333
late,10,13,0.17244836268818983,130,2,3,1,0.0,0.14285714285714285
late,1,6,0.5197216231983541,53,1,2,1,1.0,0.125
late,3,5,0.5540017826911675,140,3,1,1,0.0,1.0
late,8,9,0.6961370336679937,53,5,5,1,1.0,1.0
late,13,13,0.3058701086981583,53,1,2,1,1.0,1.0
late,10,1,0.5770220093342103,53,2,1,1,0.0,0.14285714285714285
late,6,6,0.5999103453777896,53,5,2,1,0.0,0.25
late,13,14,0.18654271102961437,140,3,3,1,0.0,0.3333333333333333
late,13,13,0.24611118432676016,53,3,3,1,0.0,0.3333333333333333
late,4,1,0.5413872581299038,140,1,1,1,1.0,0.25
late,5,5,0.019677090561772834,52,1,0,1,0.0,1.0
late,9,6,0.58364652078666,53,2,2,1,0.0,0.1111111111111111
late,4,3,0.43952997962489665,130,4,3,1,1.0,1.0
late,9,5,0.019516076796893853,52,2,0,1,0.0,0.25
late,5,6,0.562617289145339,53,3,2,1,0.0,0.5
late,1,13,0.009481594783053963,73,1,0,1,0.0,0.02564102564102564
late,10,6,0.5224790625557573,38,2,1,1,1.0,0.0625
late,10,6,0.5573941593065656,76,5,1,1,1.0,1.0
late,8,3,0.5809074135923558,53,1,2,1,1.0,0.16666666666666666
late,1,11,0.4878423642144542,140,1,2,1,0.0,0.02
late,9,13,0.29739137645452296,52,2,3,1,0.0,0.25
late,2,13,0.26355459628233935,76,1,1,1,0.0,0.25
late,13,5,0.45181050825458063,140,3,3,1,0.0,0.3333333333333333
late,13,5,0.49231927727386826,140,1,1,1,0.0,0.125
late,10,13,0.29902820853747253,53,2,1,1,1.0,0.14285714285714285
late,2,5,0.48463530236697494,76,1,1,1,1.0,0.25
late,6,1,0.45995263483815024,130,3,1,1,1.0,0.3333333333333333
late,10,3,0.602469090466056,52,2,2,1,1.0,0.3333333333333333
late,5,13,0.008596821633507027,130,1,0,1,0.0,1.0
late,1,5,0.5300927822453947,76,1,1,1,1.0,0.08333333333333333
late,7,3,0.5690098784079604,52,1,2,1,1.0,1.0
late,3,13,0.018109918730544485,52,2,0,1,0.0,0.25
late,6,13,0.17160226110163512,130,3,3,1,1.0,0.3333333333333333
late,10,6,0.5344364766236216,140,2,1,1,1.0,0.07142857142857142
late,1,10,0.43109967860752924,140,1,2,1,0.0,0.02
late,5,2,0.521900050373089,76,1,1,1,0.0,0.3333333333333333
late,13,2,0.47880926390833617,10,3,1,1,0.0,0.16666666666666666
late,10,6,0.45756728155965376,146,2,3,1,0.0,0.025
late,10,1,0.581846734762682,153,3,1,1,0.0,0.14285714285714285
late,7,1,0.6231829586587915,112,1,1,1,0.0,0.2
late,6,1,0.4760091553568532,146,3,1,1,1.0,0.5
late,10,1,0.009803360225960197,146,2,0,1,0.0,0.025
late,13,14,0.16515814920577032,146,3,3,1,0.0,1.0
late,9,9,0.43193647974888033,10,3,3,1,1.0,0.1
late,3,12,0.6234269501128072,82,3,2,1,1.0,0.05555555555555555
late,2,3,0.481440227167779,146,1,3,1,0.0,1.0
late,5,6,0.5523811977944852,148,1,1,1,1.0,0.0625
late,7,13,0.2774071231715303,38,1,1,1,1.0,0.5
late,1,5,0.582759446333702,112,1,1,1,1.0,0.045454545454545456
late,5,6,0.43239536871411094,105,2,3,1,0.0,1.0
late,12,13,0.25750629146931686,37,2,2,1,0.0,0.018867924528301886
late,10,13,0.009907106599330178,105,2,0,1,0.0,0.024390243902439025
late,2,1,0.5376812323278902,123,1,1,1,0.0,1.0
late,5,6,0.4915015296179373,123,3,3,1,1.0,1.0
late,11,10,0.015908595982873225,132,2,0,1,0.0,0.058823529411764705
late,13,6,0.46582740279337503,105,3,3,1,1.0,1.0
late,13,13,0.026730335888918596,82,3,0,1,0.0,0.5
late,5,6,0.48227593109048916,105,3,3,1,0.0,1.0
late,10,5,0.623805417606782,82,2,1,1,1.0,0.00819672131147541
late,9,13,0.2391907738600943,10,1,3,1,0.0,1.0
late,5,5,0.452410599434865,124,3,1,1,1.0,0.5
late,3,5,0.02739370075676978,82,3,0,1,0.0,0.05555555555555555
late,1,10,0.3317704077669989,124,1,3,1,0.0,0.1111111111111111
late,9,2,0.49269413403501494,10,2,1,1,0.0,0.1
late,10,13,0.19029893760368158,124,2,3,1,0.0,0.09090909090909091
late,6,13,0.19587250618949772,96,2,3,1,0.0,0.5
late,1,10,0.3572494143285732,124,1,2,1,0.0,0.1111111111111111
late,14,5,0.3899800175403278,124,3,3,1,0.0,0.5
late,10,14,0.1729034712263559,124,2,3,1,0.0,0.09090909090909091
late,10,13,0.009393995448497006,124,2,0,1,0.0,0.09090909090909091
late,10,3,0.685585841584046,82,5,3,1,1.0,1.0
late,4,1,0.011891015983533445,96,4,0,1,0.0,0.023809523809523808
late,10,8,0.38619524777637704,37,2,3,1,1.0,0.08333333333333333
late,7,5,0.5542881118036723,148,1,1,1,0.0,0.5
late,1,9,0.4659436605226977,10,1,2,1,0.0,0.1111111111111111
late,11,10,0.42310243384503826,124,2,2,1,0.0,1.0
late,12,2,0.4942653110912192,37,2,1,1,1.0,0.018867924528301886
late,10,5,0.48811151327272273,37,5,1,1,0.0,0.3333333333333333
late,1,14,0.1962557509838319,37,1,3,1,0.0,0.047619047619047616
late,2,13,0.32300555054093955,112,1,1,1,1.0,0.09090909090909091
late,9,10,0.5904623725935311,82,2,2,1,0.0,0.07142857142857142
late,10,5,0.009619898464532456,146,2,0,1,0.0,0.025
late,2,1,0.5166393319209654,37,1,1,1,1.0,0.125
late,5,13,0.17628657613092916,124,3,3,1,0.0,0.5
late,14,14,0.24459096052643223,138,1,1,1,1.0,0.5
late,10,6,0.45615879414654265,114,2,3,1,0.0,0.07142857142857142
late,10,13,0.009266985684035155,114,2,0,1,0.0,0.07142857142857142
late,12,10,0.7089501885995799,82,5,5,1,0.0,0.14285714285714285
late,10,1,0.4155199604917977,114,2,3,1,1.0,0.07142857142857142
late,10,12,0.7291469473837177,82,2,4,1,1.0,0.00819672131147541
late,11,5,0.5858479576290346,148,2,1,1,1.0,0.2
late,5,1,0.4374137317292237,114,3,1,1,0.0,1.0
late,5,9,0.44394832713040705,79,2,2,1,1.0,1.0
late,10,1,0.505565743476205,138,2,1,1,0.0,0.08333333333333333
late,5,5,0.5934181030626265,82,3,3,1,0.0,0.16666666666666666
late,11,1,0.483978322980326,123,2,1,1,0.0,1.0
late,10,9,0.4550007063444717,79,2,2,1,0.0,0.16666666666666666
late,1,11,0.38907283366422507,79,1,2,1,0.0,0.3333333333333333
late,9,13,0.34375594594820036,82,2,3,1,0.0,0.07142857142857142
late,6,5,0.5666625823709555,153,1,1,1,1.0,0.06666666666666667
late,6,10,0.3972208104780783,79,2,1,1,1.0,1.0
late,1,10,0.35173811371256186,79,1,2,1,0.0,0.3333333333333333
late,10,1,0.457403850569274,79,1,1,1,1.0,0.2
late,12,12,0.578847078292234,82,4,2,1,0.0,1.0
late,10,13,0.35415493865032494,148,5,1,1,0.0,1.0
late,10,10,0.45528204696002367,123,2,2,1,0.0,0.16666666666666666
late,10,10,0.42748474563054084,79,2,2,1,1.0,0.16666666666666666
late,7,13,0.31261118457269316,148,1,1,1,0.0,0.5
late,10,13,0.3683349743555263,82,2,2,1,0.0,0.00819672131147541
late,10,5,0.606669522316469,82,4,3,1,1.0,0.5
late,13,13,0.3107229307326702,153,3,1,1,0.0,0.014492753623188406
late,3,13,0.19818405298970246,105,2,3,1,0.0,0.16666666666666666
late,10,8,0.015367330529725198,132,2,0,1,0.0,0.04
late,10,1,0.4869540597670244,105,2,1,1,0.0,0.024390243902439025
late,6,13,0.1805996874551083,105,3,3,1,0.0,0.2
late,12,10,0.6821311380168813,82,2,5,1,1.0,0.011111111111111112
late,10,5,0.4132770073253619,105,3,3,1,0.0,1.0
late,1,13,0.20387889721545108,123,1,3,1,0.0,0.25
late,1,3,0.48737956014126915,114,1,3,1,1.0,0.07692307692307693
late,10,13,0.18472877952704023,114,2,3,1,0.0,0.07142857142857142
late,11,10,0.42368552844758617,114,2,2,1,1.0,1.0
late,6,5,0.4792609466954868,123,3,3,1,1.0,0.5
late,12,2,0.6172063000670573,82,2,1,1,1.0,0.011111111111111112
late,11,10,0.4708282419731588,138,2,2,1,1.0,0.0625
late,10,5,0.41894238866850725,114,2,3,1,0.0,0.07142857142857142
late,6,5,0.5478160043495008,112,1,1,1,1.0,0.08333333333333333
late,3,3,0.5100025490012534,114,3,2,1,1.0,1.0
late,13,13,0.3214134028369763,82,3,3,1,0.0,0.5
late,1,1,0.4794924902981685,114,1,1,1,0.0,0.07692307692307693
late,10,3,0.6232206557250852,82,1,3,1,1.0,1.0
late,10,12,0.5971263053643547,82,4,2,1,0.0,0.5
late,10,5,0.01137382922083572,123,2,0,1,0.0,0.16666666666666666
late,11,13,0.6288977156626213,153,2,5,1,1.0,0.058823529411764705
late,1,13,0.18065731939297783,15,1,3,1,0.0,0.3333333333333333
late,1,6,0.4576570660062771,75,1,3,1,0.0,0.14285714285714285
late,1,3,0.5182666807815486,75,1,3,1,0.0,0.14285714285714285
late,10,5,0.6026308559561362,82,2,2,1,1.0,0.00819672131147541
late,12,1,0.5845292858566193,82,2,3,1,0.0,0.011111111111111112
late,10,14,0.16946643034762854,75,2,3,1,0.0,0.14285714285714285
late,13,13,0.2323909767239661,10,3,2,1,0.0,0.16666666666666666
late,14,2,0.5481058642035127,153,1,1,1,1.0,0.3333333333333333
late,13,13,0.17638111856419836,75,3,3,1,1.0,1.0
late,11,1,0.5126798214903775,75,2,1,1,0.0,0.5
late,9,2,0.49229936863474555,10,3,1,1,0.0,0.1
late,5,5,0.43711618360292237,75,3,3,1,1.0,0.5
late,4,6,0.6215027671633212,153,4,1,1,1.0,0.05
late,5,1,0.4960654687255217,75,3,1,1,0.0,0.5
late,10,1,0.508983737908195,141,5,1,1,1.0,0.5
late,13,13,0.012221482299299246,10,3,0,1,0.0,0.16666666666666666
late,11,10,0.4458725775560701,141,2,2,1,0.0,0.5
late,12,3,0.6777942735901598,82,5,3,1,1.0,0.14285714285714285
late,3,13,0.151022912006381,15,3,3,1,0.0,1.0
late,14,14,0.27011657063512845,153,3,3,1,1.0,1.0
late,7,8,0.3519383611593134,141,2,1,1,0.0,1.0
late,12,12,0.35793786910984215,15,4,3,1,1.0,0.5
late,6,1,0.44073938064156476,15,1,1,1,0.0,1.0
late,2,6,0.5646431866922251,153,1,1,1,0.0,0.058823529411764705
late,1,1,0.49412183829364065,75,1,1,1,0.0,0.14285714285714285
late,7,13,0.15099049390260677,75,3,3,1,1.0,1.0
late,13,1,0.5246943678220434,100,2,1,1,0.0,0.2
late,2,2,0.5680261983624799,25,1,1,1,1.0,0.25
late,7,1,0.5538398217310075,25,1,1,1,1.0,0.2
late,5,6,0.5656936715447637,153,1,3,1,1.0,0.3333333333333333
late,11,2,0.016553803735224068,25,3,0,1,0.0,1.0
late,10,10,0.4225590911537212,75,2,2,1,0.0,0.14285714285714285
late,1,6,0.596369757663687,153,1,3,1,0.0,0.014705882352941176
late,1,2,0.5488926508301635,10,1,1,1,0.0,0.1111111111111111
late,7,1,0.4228977140382064,15,3,1,1,0.0,1.0
late,6,2,0.007669228006348066,15,3,0,1,0.0,0.5
late,3,12,0.5935632772220957,153,3,2,1,0.0,0.2
late,13,13,0.011838376360193243,10,2,0,1,0.0,1.0
late,1,11,0.3790040849460764,75,1,3,1,0.0,0.14285714285714285
late,1,13,0.19247049320098866,75,1,3,1,0.0,0.14285714285714285
late,14,2,0.5527084042770338,75,3,4,1,1.0,1.0
late,6,13,0.15853337749383176,15,3,3,1,1.0,0.5
late,10,10,0.3972417272131132,15,2,2,1,0.0,1.0
late,11,10,0.5642349693642872,153,2,2,1,1.0,0.058823529411764705
late,3,11,0.6149168605327145,82,3,2,1,0.0,0.05555555555555555
late,11,10,0.44993871519198236,75,2,2,1,0.0,0.5
late,13,1,0.4289511897168009,15,3,1,1,1.0,1.0
late,5,1,0.6428980215640802,82,3,1,1,1.0,0.16666666666666666
late,10,13,0.19207533822252296,141,2,3,1,0.0,0.09090909090909091
late,13,6,0.5062152332674981,96,3,3,1,0.0,0.011627906976744186
late,1,3,0.5597285586715377,141,1,3,1,1.0,0.16666666666666666
late,13,1,0.5015858303445178,10,3,1,1,1.0,0.16666666666666666
late,1,6,0.4899777450715734,37,1,3,1,0.0,0.047619047619047616
late,6,10,0.3990642972481971,141,3,2,1,1.0,1.0
late,7,1,0.4633072832711379,141,1,1,1,1.0,1.0
late,6,6,0.5011694315662848,100,1,2,1,1.0,0.3333333333333333
late,9,9,0.6220772308027777,82,2,2,1,0.0,0.07142857142857142
late,1,13,0.010495476280407562,141,1,0,1,0.0,0.16666666666666666
late,6,6,0.5805511653289865,153,1,3,1,0.0,0.06666666666666667
late,1,11,0.411633214985704,124,1,2,1,1.0,0.1111111111111111
late,10,13,0.3754542360467722,82,2,1,1,1.0,0.00819672131147541
late,14,5,0.4081523812676573,124,3,1,1,0.0,0.5
late,2,10,0.45811406835542007,153,1,2,1,0.0,0.058823529411764705
late,1,6,0.4529802555379266,124,1,3,1,0.0,0.1111111111111111
late,4,6,0.5516416232379293,148,1,1,1,1.0,1.0
late,2,9,0.42293137074146486,10,1,2,1,1.0,0.5
late,10,5,0.42576977264083654,124,2,3,1,1.0,0.09090909090909091
late,6,2,0.5728159272248216,112,1,1,1,0.0,0.08333333333333333
late,5,12,0.4026338484779445,124,1,2,1,1.0,1.0
late,11,8,0.5285272406428189,82,3,2,1,0.0,1.0
late,5,14,0.18677984153648927,141,1,3,1,0.0,1.0
late,5,10,0.38857544813757805,141,3,2,1,1.0,1.0
late,11,9,0.43349490799976736,10,3,1,1,0.0,0.3333333333333333
late,5,2,0.502621003297352,10,1,1,1,0.0,1.0
late,1,1,0.4874675866726408,15,1,1,1,1.0,0.3333333333333333
late,1,13,0.24713984626534202,10,1,3,1,0.0,0.1111111111111111
late,2,12,0.3581968777863116,15,1,2,1,0.0,1.0
late,11,3,0.5035480196240302,141,2,3,1,1.0,0.5
late,7,3,0.5329831936288479,100,1,1,1,0.0,0.09090909090909091
late,12,1,0.4529211821167985,15,4,1,1,1.0,0.5
late,2,1,0.011051866617125549,37,1,0,1,0.0,0.125
late,1,3,0.5998946560354654,96,4,3,1,1.0,0.3333333333333333
late,1,1,0.010637970789552517,37,1,0,1,0.0,0.047619047619047616
late,5,5,0.49475433377914824,96,3,3,1,1.0,0.3333333333333333
late,3,3,0.6140488227308997,37,3,3,1,0.0,1.0
late,10,5,0.48204728393247587,37,2,1,1,0.0,0.08333333333333333
late,7,13,0.20659880333712877,37,3,3,1,0.0,1.0
late,2,5,0.500084614951892,37,4,1,1,1.0,1.0
late,11,10,0.5073430376372832,37,2,2,1,1.0,1.0
late,4,10,0.40748582294004493,141,3,2,1,0.0,1.0
late,2,1,0.5388590776573486,10,1,1,1,1.0,0.5
late,12,2,0.6066167433166313,37,2,4,1,0.0,0.018867924528301886
late,10,12,0.7250053595367537,82,2,5,1,0.0,0.00819672131147541
late,6,13,0.012454636082458115,96,2,0,1,0.0,0.5
late,1,2,0.5278432452330394,37,1,1,1,0.0,0.047619047619047616
late,10,3,0.526636889073243,141,5,3,1,1.0,0.5
late,10,6,0.44952389673793736,147,2,3,1,1.0,0.3333333333333333
late,5,6,0.4649589499972915,147,3,3,1,0.0,0.5
late,2,6,0.43678856319433995,147,1,3,1,0.0,0.3333333333333333
late,4,5,0.49600816548300947,140,1,1,1,0.0,0.25
late,13,3,0.4591631512136505,99,3,3,1,1.0,0.3333333333333333
late,8,2,0.5084034308635764,37,4,1,1,1.0,0.25
late,3,11,0.495532493786923,99,3,2,1,0.0,0.3333333333333333
late,2,13,0.17686334138808113,147,1,3,1,0.0,0.3333333333333333
late,10,13,0.1807012184920941,147,2,3,1,0.0,0.3333333333333333
late,11,7,0.49241796385475106,132,2,3,1,0.0,0.058823529411764705
late,12,1,0.627438907628412,37,2,4,1,1.0,0.018867924528301886
late,10,10,0.3393005252174951,79,1,2,1,0.0,0.2
late,12,14,0.21284041462539416,37,2,3,1,0.0,0.018867924528301886
late,10,13,0.23069528099684877,64,5,3,1,0.0,1.0
late,8,5,0.49211184985898304,63,1,3,1,1.0,0.5
late,9,3,0.4844181104712173,156,2,3,1,0.0,0.3333333333333333
late,6,2,0.5797839693936079,63,3,1,1,0.0,0.5
late,5,12,0.45126778292853903,156,1,2,1,0.0,1.0
late,10,13,0.011446630580239977,99,2,0,1,0.0,0.2
late,10,11,0.574841690078005,99,2,5,1,1.0,0.2
late,12,1,0.5252458579901328,37,5,1,1,0.0,0.08333333333333333
late,1,2,0.011438708195123255,37,1,0,1,0.0,0.047619047619047616
late,12,9,0.47917532581875566,37,2,2,1,1.0,0.018867924528301886
late,12,2,0.4721803310481141,156,5,1,1,1.0,0.14285714285714285
late,13,14,0.2562030992519886,140,1,1,1,0.0,0.125
late,5,1,0.5006426893668696,37,1,1,1,0.0,0.07692307692307693
late,12,12,0.3886076920740693,156,2,3,1,1.0,0.022222222222222223
late,1,9,0.43995210539037155,37,1,2,1,0.0,0.047619047619047616
late,5,2,0.518605709091889,140,1,1,1,1.0,0.14285714285714285
late,10,10,0.5760851447538443,37,2,5,1,1.0,0.08333333333333333
late,11,1,0.011962107999790288,99,2,0,1,0.0,0.5
late,10,13,0.1954488288489916,99,2,3,1,0.0,0.2
late,12,13,0.26009292101847,37,5,1,1,1.0,0.08333333333333333
late,9,5,0.4524762616989307,156,2,1,1,0.0,0.3333333333333333
late,10,1,0.519149240143227,37,5,1,1,1.0,0.3333333333333333
late,11,5,0.5256123605181154,38,2,1,1,1.0,0.2
late,11,5,0.5638490771859506,64,2,3,1,0.0,0.030303030303030304
late,6,10,0.41167510350411746,99,3,2,1,1.0,1.0
late,11,4,0.6282615419624861,64,2,4,1,0.0,0.030303030303030304
late,9,12,0.445699869146801,156,2,2,1,1.0,0.3333333333333333
late,10,5,0.4621419673892473,99,2,1,1,0.0,0.2
late,10,2,0.5096661876461508,99,5,1,1,0.0,1.0
late,8,1,0.5301334008870459,37,4,1,1,1.0,0.25
late,5,6,0.421813139259211,156,2,3,1,1.0,1.0
late,5,2,0.47450947151722933,147,3,1,1,0.0,0.5
late,11,13,0.2855746205583285,38,2,1,1,0.0,0.2
late,1,5,0.4774971012830015,99,1,3,1,1.0,0.06666666666666667
late,12,14,0.20815312871925917,156,2,1,1,0.0,0.022222222222222223
late,8,1,0.5158575650826249,37,3,1,1,1.0,1.0
late,10,12,0.4802526586737696,37,5,2,1,1.0,0.3333333333333333
late,5,5,0.4485161394270991,99,3,3,1,0.0,0.3333333333333333
late,12,13,0.21823526755339465,37,5,3,1,0.0,0.08333333333333333
late,7,13,0.2003244634905338,99,3,3,1,0.0,0.5
late,1,5,0.5023112587092258,99,1,1,1,0.0,0.06666666666666667
late,6,11,0.44683636488794376,96,1,2,1,1.0,0.013157894736842105
late,1,2,0.603484751335468,63,1,1,1,1.0,0.2
late,10,5,0.5005950427808168,37,4,1,1,0.0,1.0
late,14,14,0.018508895430397073,11,3,0,1,0.0,0.25
late,6,14,0.23463074848603763,63,3,3,1,0.0,0.5
late,11,4,0.5837428896951753,63,2,4,1,1.0,0.5
late,1,5,0.49939446149011385,96,1,3,1,0.0,0.0030120481927710845
late,5,5,0.43258443186209194,37,1,3,1,0.0,0.07692307692307693
late,1,6,0.5779459500767316,96,4,3,1,1.0,0.3333333333333333
late,13,12,0.4272535362842844,37,3,2,1,0.0,1.0
late,10,5,0.49084543394589986,132,2,3,1,0.0,0.04
late,7,5,0.5120610894856067,140,1,1,1,1.0,1.0
late,10,1,0.5743446147241477,63,2,1,1,1.0,0.3333333333333333
late,1,5,0.5377096717638977,63,1,3,1,1.0,0.2
late,13,6,0.5059486036939796,132,3,3,1,0.0,0.05263157894736842
late,10,13,0.26574211521310553,63,2,3,1,1.0,0.3333333333333333
late,11,10,0.5273913326731186,63,2,2,1,1.0,0.5
late,5,1,0.5733074595275035,63,1,1,1,1.0,1.0
late,2,2,0.4580018151330507,156,1,1,1,0.0,0.25
late,10,12,0.5638886534857249,156,2,5,1,0.0,0.1
late,10,3,0.5052289452211927,99,2,3,1,1.0,0.2
late,1,3,0.5560414919279082,38,1,1,1,1.0,0.05555555555555555
late,1,6,0.4923938395784816,99,1,3,1,0.0,0.06666666666666667
late,10,12,0.3871963946391178,37,1,2,1,1.0,1.0
late,10,2,0.5563462263325736,63,2,1,1,0.0,0.3333333333333333
late,2,1,0.593857621790461,63,1,1,1,0.0,0.2
late,14,14,0.017055613857665897,63,3,0,1,0.0,1.0
late,1,2,0.0183611449137605,63,1,0,1,0.0,0.2
late,5,1,0.49867225737741844,99,3,1,1,0.0,0.3333333333333333
late,11,3,0.5469492534798539,96,2,3,1,1.0,0.00980392156862745
late,7,13,0.010987148655363956,99,3,0,1,0.0,0.5
late,14,14,0.26829334633165364,140,1,1,1,0.0,1.0
late,7,13,0.23539633924762499,132,3,3,1,1.0,1.0
late,5,11,0.4278725383863647,99,3,2,1,1.0,0.3333333333333333
late,12,1,0.4614907152590361,37,2,3,1,0.0,0.018867924528301886
late,12,12,0.5974446898059951,37,2,4,1,1.0,0.018867924528301886
late,11,13,0.010759296772081343,99,3,0,1,0.0,1.0
late,9,5,0.4423511792735508,156,4,1,1,1.0,1.0
late,12,3,0.5378081014020942,37,5,3,1,1.0,0.08333333333333333
late,12,5,0.4600448930297472,156,5,1,1,0.0,0.14285714285714285
late,11,10,0.4439666612625792,99,2,2,1,1.0,0.5
late,1,13,0.25374039057338155,37,1,1,1,0.0,0.047619047619047616
late,8,8,0.2697869364554099,63,1,1,1,0.0,0.5
late,3,9,0.6408860716302545,82,3,2,1,1.0,0.05555555555555555
late,11,6,0.6220315260957962,153,2,1,1,1.0,0.058823529411764705
late,4,10,0.5413254037641257,153,4,2,1,0.0,0.05
late,5,10,0.39006331948954615,146,3,2,1,0.0,0.5
late,10,6,0.4875527575041094,138,2,1,1,0.0,0.08333333333333333
late,11,13,0.011666657804822515,138,3,0,1,0.0,0.2
late,11,13,0.18747599349839372,146,2,2,1,0.0,0.5
late,14,2,0.4675015199713597,138,1,1,1,0.0,0.5
late,6,1,0.5261856826909503,38,1,1,1,1.0,0.5
late,13,14,0.24620047257523647,38,1,1,1,0.0,0.25
late,10,12,0.5823227351740643,82,2,3,1,0.0,0.00819672131147541
late,13,10,0.48764570932754975,64,3,2,1,1.0,0.027777777777777776
late,6,13,0.010097267514803634,123,3,0,1,0.0,0.5
late,10,2,0.452798406493379,146,2,1,1,1.0,0.025
late,4,2,0.5224440018762869,140,1,1,1,1.0,0.25
late,6,13,0.17863409996048651,146,3,3,1,1.0,0.5
late,1,5,0.4796214106047538,146,1,1,1,1.0,0.125
late,3,13,0.16936343044998747,146,3,3,1,0.0,0.2
late,3,11,0.43311564434434535,146,3,2,1,0.0,0.2
late,3,6,0.49215595883669516,146,3,3,1,1.0,0.2
late,7,10,0.3599302706931544,160,3,2,1,1.0,0.5
late,1,3,0.6119400382882044,132,1,3,1,0.0,0.011235955056179775
late,14,14,0.15160370265186374,123,3,3,1,1.0,1.0
late,11,10,0.5209615967588705,140,2,2,1,0.0,0.5
late,4,6,0.46316775804392984,79,2,2,1,0.0,1.0
late,13,14,0.22262847572300754,138,3,1,1,0.0,0.07692307692307693
late,11,10,0.6087365919634212,82,2,2,1,1.0,1.0
late,10,1,0.010220810655930385,79,2,0,1,0.0,0.16666666666666666
late,11,3,0.6243195629978614,148,2,1,1,0.0,0.2
late,1,1,0.5053921049572725,123,1,1,1,0.0,0.25
late,1,3,0.5248002912226992,123,1,3,1,1.0,0.25
late,4,3,0.47662788206069256,79,1,3,1,1.0,1.0
late,7,6,0.5530420135213753,123,3,3,1,0.0,1.0
late,5,13,0.2896755149300045,82,3,3,1,0.0,0.16666666666666666
late,10,1,0.010248104207319132,79,1,0,1,0.0,0.2
late,10,13,0.009040486881635088,146,2,0,1,0.0,0.025
late,12,9,0.7344928130694216,82,2,5,1,1.0,0.011111111111111112
late,1,3,0.4999585351105909,79,1,3,1,0.0,0.3333333333333333
late,5,5,0.00846110277924163,146,3,0,1,0.0,0.5
late,11,1,0.4621392763828165,146,2,1,1,1.0,0.5
late,10,8,0.535001842120586,82,2,1,1,0.0,0.00819672131147541
late,7,3,0.4682540738055867,146,3,3,1,1.0,1.0
late,5,2,0.5611102930320733,148,1,1,1,1.0,0.0625
late,13,2,0.021079655164699243,153,3,0,1,0.0,0.014492753623188406
late,3,13,0.3654608223929878,82,3,2,1,0.0,0.05555555555555555
late,1,13,0.010754844126469215,123,1,0,1,0.0,0.25
late,10,10,0.5655874027705768,82,2,3,1,1.0,0.00819672131147541
late,10,1,0.4767415756046585,79,2,1,1,0.0,0.16666666666666666
late,5,13,0.2619908908296329,64,3,3,1,0.0,0.16666666666666666
late,10,5,0.4193295288607574,156,2,3,1,1.0,0.1
late,7,8,0.2535098552595534,147,3,1,1,0.0,0.25
late,14,14,0.014006372201637586,132,3,0,1,0.0,0.5
late,12,10,0.39861247059553934,156,2,1,1,1.0,0.022222222222222223
late,1,1,0.6031321118059253,140,4,1,1,0.0,1.0
late,6,5,0.48636524878105514,38,1,1,1,1.0,0.5
late,1,1,0.4927114827761554,147,1,1,1,1.0,0.25
late,2,5,0.4277240512750446,156,1,1,1,0.0,0.25
late,2,9,0.4118017095996027,37,1,2,1,1.0,0.125
late,12,6,0.5077851614936828,37,2,3,1,0.0,0.018867924528301886
late,10,13,0.00831190378151479,147,2,0,1,0.0,0.3333333333333333
late,10,3,0.5176142362266482,37,2,3,1,0.0,0.08333333333333333
late,9,5,0.47255498993741096,156,5,1,1,0.0,1.0
late,7,1,0.5675772783197791,64,3,1,1,1.0,0.5
late,2,1,0.497732743082137,147,1,1,1,1.0,0.3333333333333333
late,5,5,0.4716524369157452,37,3,3,1,1.0,1.0
late,8,13,0.16258993918079687,156,4,3,1,0.0,0.25
late,8,5,0.5116269577221848,132,1,1,1,1.0,0.16666666666666666
late,6,5,0.013328017713947838,96,3,0,1,0.0,0.05
late,13,1,0.4276754480043588,147,3,1,1,0.0,0.5
late,1,1,0.6243509188228208,96,1,4,1,1.0,0.0030120481927710845
late,6,12,0.4444206359481637,37,3,2,1,1.0,0.5
late,1,10,0.4988210459269555,96,4,2,1,1.0,0.3333333333333333
late,11,3,0.43894197410995867,160,2,2,1,0.0,0.5
late,1,13,0.17116086013809062,147,1,3,1,0.0,0.25
late,11,10,0.39698011625555596,160,2,2,1,1.0,0.5
late,12,2,0.6438837823907307,82,5,1,1,1.0,0.14285714285714285
late,10,2,0.015405157439901847,132,2,0,1,0.0,0.04
late,14,14,0.27899791625309067,82,2,3,1,1.0,1.0
late,5,13,0.28177367843402384,153,1,3,1,0.0,0.3333333333333333
late,10,1,0.007982283503428984,160,2,0,1,0.0,0.045454545454545456
late,10,2,0.5312809594064506,140,1,1,1,0.0,1.0
late,5,5,0.4997127917869106,140,1,1,1,1.0,0.14285714285714285
late,8,5,0.601967752166555,82,4,3,1,1.0,1.0
late,5,13,0.2693934664280181,140,1,1,1,0.0,0.14285714285714285
late,10,5,0.007934515980176811,160,2,0,1,0.0,0.045454545454545456
late,10,13,0.007608978185228724,160,2,0,1,0.0,0.045454545454545456
late,5,12,0.539409361635031,82,1,2,1,1.0,0.25
late,3,11,0.41355772919439054,160,2,2,1,1.0,0.25
late,9,14,0.3207732829629374,82,2,3,1,0.0,0.07142857142857142
late,7,1,0.008928589486357111,147,3,0,1,0.0,0.25
late,13,6,0.4253803737353989,147,3,3,1,0.0,0.5
late,1,5,0.4251196301645269,147,1,3,1,0.0,0.25
late,12,5,0.4948276210742711,37,5,1,1,0.0,0.08333333333333333
late,7,1,0.5341714409452658,38,1,1,1,1.0,0.5
late,6,2,0.44453082369597047,147,3,1,1,1.0,1.0
late,1,6,0.43549245516497975,147,1,3,1,1.0,0.25
late,3,14,0.13210445531936718,160,3,3,1,0.0,1.0
late,10,13,0.2139136220825154,45,1,1,1,1.0,1.0
late,7,13,0.22380426543460297,96,1,3,1,0.0,0.1111111111111111
late,10,4,0.5821368272837096,45,2,1,1,0.0,0.05
late,6,6,0.511924642716145,96,1,3,1,0.0,0.013157894736842105
late,0,13,0.6793045910121784,45,5,1,1,1.0,0.3333333333333333
late,13,13,0.28022240057708014,45,1,1,1,1.0,0.25
late,13,5,0.5048849206744537,45,3,1,1,0.0,0.125
late,2,14,0.2148799017077956,96,1,3,1,0.0,0.008849557522123894
late,5,13,0.24820134938514005,45,1,3,1,0.0,1.0
late,12,1,0.5720755051834987,49,2,1,1,0.0,0.019230769230769232
late,13,12,0.5101011696098272,49,3,2,1,1.0,0.2
late,12,14,0.24546774857742357,49,3,3,1,1.0,0.16666666666666666
late,3,3,0.6081223741998011,136,3,1,1,0.0,0.07142857142857142
late,12,12,0.4963680850116322,49,2,3,1,0.0,0.019230769230769232
late,5,11,0.43869173719882726,136,1,3,1,1.0,0.011494252873563218
late,9,9,0.4606074654480473,152,2,3,1,1.0,0.05
late,10,13,0.015322900938094158,74,3,0,1,0.0,0.3333333333333333
late,7,2,0.013230090698164422,96,3,0,1,0.0,0.5
late,10,1,0.5841233543382651,74,3,1,1,1.0,0.3333333333333333
late,4,2,0.012725869178413163,96,1,0,1,0.0,0.006666666666666667
late,13,2,0.014989200348426471,74,3,0,1,0.0,0.1111111111111111
late,10,1,0.01616782321123099,74,2,0,1,0.0,0.04
late,2,2,0.01577112997350341,74,1,0,1,0.0,0.058823529411764705
late,12,13,0.2742029159930258,49,5,3,1,0.0,0.3333333333333333
late,13,2,0.013045218305556472,96,3,0,1,0.0,0.011627906976744186
late,13,5,0.5000671982849877,74,3,1,1,1.0,0.1111111111111111
late,13,13,0.01447833107816978,74,3,0,1,0.0,0.1111111111111111
late,1,13,0.013076908600758351,96,3,0,1,0.0,0.5
late,10,3,0.5769000026585556,74,2,3,1,1.0,0.04
late,10,13,0.01590673006481018,74,2,0,1,0.0,0.04
late,5,2,0.536316807524814,157,1,1,1,1.0,0.1
late,10,13,0.013397571384961589,157,2,0,1,0.0,0.029411764705882353
late,2,13,0.01337102357944219,96,1,0,1,0.0,0.008849557522123894
late,10,2,0.6176576521256599,57,2,1,1,1.0,0.09090909090909091
late,1,13,0.008832781026535444,139,1,0,1,0.0,0.5
late,12,3,0.4630623197150721,139,2,3,1,1.0,0.02631578947368421
late,2,5,0.008905154545192591,139,3,0,1,0.0,1.0
late,10,10,0.5869408647713655,57,2,2,1,0.0,0.09090909090909091
late,2,14,0.10635722138261797,139,1,1,1,1.0,1.0
late,10,3,0.6447068685025598,57,2,3,1,1.0,0.09090909090909091
late,10,13,0.16161317088878882,139,5,3,1,0.0,1.0
late,10,13,0.22816586173374617,139,2,2,1,0.0,0.08333333333333333
late,6,13,0.18372693063789836,139,3,3,1,0.0,1.0
late,6,3,0.6134913174485938,57,3,3,1,1.0,0.16666666666666666
late,10,13,0.14464807057327425,139,4,3,1,0.0,1.0
late,11,10,0.5957349096238396,57,2,2,1,0.0,0.0625
late,13,12,0.009715142508511793,139,3,0,1,0.0,0.2
late,12,5,0.4129741054333785,139,3,3,1,0.0,0.3333333333333333
late,10,10,0.5143084257884645,45,2,2,1,1.0,0.05
late,1,6,0.5687617249331272,45,1,1,1,1.0,0.058823529411764705
late,7,13,0.2945488250658172,45,1,1,1,1.0,1.0
late,6,2,0.5138286152427688,45,1,1,1,1.0,0.25
late,2,1,0.5911511464795501,45,1,1,1,1.0,0.2
late,13,13,0.014456075272283228,45,1,0,1,0.0,0.25
late,4,1,0.5824415975189062,45,1,1,1,1.0,0.5
late,4,13,0.25360307479330657,45,1,3,1,0.0,0.5
late,10,6,0.5484477636317424,45,2,3,1,1.0,0.05
late,6,6,0.5064768609432211,45,1,3,1,0.0,0.25
late,1,6,0.5588032321970144,45,1,3,1,0.0,0.058823529411764705
late,1,2,0.5448961022253704,45,1,3,1,1.0,0.058823529411764705
late,13,13,0.24099606677367072,96,3,1,1,1.0,0.011627906976744186
late,11,1,0.6537967463039049,45,2,1,1,1.0,1.0
late,0,2,0.8608557109262401,45,5,1,1,1.0,0.3333333333333333
late,13,1,0.5344878577696746,45,3,1,1,0.0,0.125
late,0,1,0.8720459681329644,45,5,1,1,1.0,0.3333333333333333
late,1,1,0.014432789502937195,45,1,0,1,0.0,0.058823529411764705
late,12,13,0.2392995146103423,78,2,2,1,1.0,0.023809523809523808
late,13,1,0.6187914334924821,57,3,1,1,1.0,0.3333333333333333
late,11,5,0.4549869914731177,139,2,1,1,1.0,0.5
late,10,12,0.41238330260271283,139,2,3,1,0.0,0.08333333333333333
late,13,12,0.5580762603782637,57,3,2,1,0.0,0.3333333333333333
late,1,6,0.6239283306009312,57,1,3,1,1.0,0.014084507042253521
late,10,1,0.47782144946992516,139,2,1,1,1.0,0.08333333333333333
late,0,3,0.9322896586596929,57,5,3,1,1.0,0.5
late,8,13,0.15970466753203436,139,2,3,1,0.0,0.5
late,7,13,0.2814025834008869,57,2,3,1,0.0,1.0
late,9,6,0.43561862765310994,139,2,2,1,1.0,0.5
late,9,3,0.4507596776305247,139,2,3,1,1.0,0.5
late,10,1,0.6346747416434727,57,2,1,1,1.0,0.09090909090909091
late,12,3,0.009189142878272032,139,2,0,1,0.0,0.02631578947368421
late,0,1,0.9301949584222141,57,5,1,1,1.0,0.5
late,13,3,0.5067492279744189,96,3,1,1,1.0,0.011627906976744186
late,10,3,0.6091368396995055,51,2,1,1,1.0,0.08333333333333333
late,6,1,0.5207062062688331,111,2,1,1,0.0,1.0
late,12,10,0.5349369487049702,51,5,2,1,0.0,0.25
late,3,6,0.5520024701473993,111,1,3,1,0.0,1.0
late,1,6,0.6168608916182603,51,1,2,1,1.0,1.0
late,0,12,0.8142652502025476,51,5,2,1,1.0,0.2
late,1,3,0.6324689001418683,111,1,1,1,1.0,0.014084507042253521
late,11,7,0.5994396799653335,57,2,3,1,1.0,0.0625
late,12,6,0.45322478673494837,139,2,2,1,0.0,0.02631578947368421
late,3,13,0.02398265041722631,57,3,0,1,0.0,0.1111111111111111
late,12,10,0.4008421555473159,139,2,2,1,1.0,0.02631578947368421
late,12,2,0.44098422192492864,139,3,1,1,0.0,0.3333333333333333
late,3,1,0.6870441014175428,57,3,1,1,1.0,0.1111111111111111
late,10,13,0.26239225027589647,57,3,3,1,0.0,1.0
late,13,13,0.30617385415770954,57,3,3,1,1.0,0.3333333333333333
late,11,13,0.17955507142957652,139,2,3,1,0.0,0.5
late,8,3,0.44843959008980583,139,2,3,1,1.0,0.5
late,10,5,0.5336305784712178,74,2,1,1,0.0,0.04
late,5,2,0.5754187784707286,74,1,1,1,1.0,1.0
late,7,6,0.4965966774559998,96,1,1,1,0.0,0.1111111111111111
late,12,6,0.48523677369083884,78,2,2,1,1.0,0.023809523809523808
late,12,12,0.4165489821457232,78,2,3,1,0.0,0.023809523809523808
late,10,12,0.417696019990322,78,3,3,1,1.0,1.0
late,8,1,0.5567073516322615,21,2,1,1,0.0,1.0
late,11,5,0.5495742040413024,21,2,3,1,1.0,0.0196078431372549
late,0,1,0.8830517172033764,21,5,1,1,1.0,1.0
late,10,12,0.4767425183696507,78,2,1,1,1.0,0.07692307692307693
late,1,3,0.5381271509916697,78,1,3,1,1.0,0.5
late,13,13,0.2534689589331222,21,2,3,1,0.0,0.5
late,1,13,0.010350091193981748,78,1,0,1,0.0,0.5
late,13,12,0.3835017671501379,78,3,3,1,0.0,1.0
late,7,10,0.50902649149024,21,2,2,1,1.0,1.0
late,12,12,0.4237029143660044,78,3,2,1,1.0,0.5
late,6,5,0.547864165553718,21,3,3,1,0.0,0.037037037037037035
late,12,13,0.18125835681282892,78,3,3,1,0.0,0.5
late,7,3,0.5992561276706151,21,1,3,1,1.0,0.047619047619047616
late,10,13,0.13768390149804172,78,1,3,1,0.0,1.0
late,12,5,0.4394553270171335,78,2,3,1,0.0,0.023809523809523808
late,12,10,0.4298198949882072,78,2,1,1,0.0,0.023809523809523808
late,1,5,0.5300563750265611,21,1,3,1,1.0,0.010101010101010102
late,8,13,0.21618619680244472,21,3,3,1,0.0,1.0
late,10,13,0.2819831644073959,21,5,3,1,1.0,0.2
late,1,11,0.5093901665283751,21,1,2,1,1.0,0.010101010101010102
late,12,12,0.3228963099227249,78,1,2,1,0.0,1.0
late,1,1,0.5450391359722444,21,1,2,1,1.0,0.010101010101010102
late,1,3,0.5845545972761311,21,2,1,1,0.0,1.0
late,0,12,0.7027284371901686,78,5,3,1,1.0,0.25
late,10,13,0.0108223429992623,78,2,0,1,0.0,0.07692307692307693
late,8,12,0.4417848129437645,78,3,2,1,1.0,1.0
late,0,8,0.6995041247417345,78,5,1,1,1.0,0.25
late,10,6,0.4958740841477945,17,2,3,1,0.0,0.1111111111111111
late,7,1,0.5556771546642647,17,1,1,1,1.0,0.5
late,10,7,0.4513800661445894,17,2,1,1,0.0,0.1111111111111111
late,7,2,0.5458870631595134,17,1,1,1,1.0,0.5
late,1,2,0.4823216303510628,17,1,1,1,0.0,1.0
late,11,13,0.19146267047535,17,3,3,1,0.0,0.5
late,3,13,0.30127424006670744,112,1,3,1,0.0,1.0
late,5,13,0.2919703504344427,112,1,3,1,1.0,0.03225806451612903
late,2,6,0.5186479275706813,112,3,3,1,1.0,1.0
late,4,6,0.5758923517149859,112,1,3,1,1.0,0.25
late,13,2,0.5622711427321015,112,3,1,1,1.0,0.2
late,13,13,0.27554419251981666,112,3,3,1,0.0,0.2
late,1,6,0.5917189293337682,112,1,3,1,1.0,0.045454545454545456
late,1,13,0.3014521260834354,112,1,3,1,1.0,0.045454545454545456
late,10,7,0.5590848732914858,112,2,1,1,0.0,0.034482758620689655
late,10,3,0.4903308189550315,139,2,3,1,1.0,0.08333333333333333
late,6,13,0.2438922766349427,111,3,3,1,0.0,0.3333333333333333
late,7,13,0.22793194384128987,96,3,3,1,0.0,0.5
late,6,6,0.5347435272526098,111,1,3,1,0.0,0.125
late,1,13,0.26426403600365717,111,1,3,1,0.0,0.014084507042253521
late,10,13,0.253963193087537,111,2,3,1,0.0,0.034482758620689655
late,0,5,0.8704132959191977,111,5,1,1,1.0,0.3333333333333333
late,13,2,0.48542843875931196,111,3,1,1,1.0,1.0
late,4,6,0.44445080962946704,28,1,3,1,1.0,0.3333333333333333
late,13,13,0.18039215090093338,28,3,3,1,0.0,0.25
late,10,13,0.19981080405581808,28,2,3,1,0.0,0.25
late,1,13,0.17468567503366883,28,1,3,1,0.0,0.3333333333333333
late,10,1,0.4905200046041893,28,2,1,1,1.0,0.25
late,10,6,0.48738208404439926,28,2,3,1,0.0,0.25
late,13,2,0.43547492043031516,28,3,1,1,0.0,0.25
late,6,1,0.502663386061296,28,3,1,1,1.0,0.3333333333333333
late,11,7,0.456279045323246,28,3,1,1,0.0,1.0
late,10,2,0.47074546065507455,28,2,1,1,0.0,0.25
late,1,13,0.2832739738062991,122,1,1,1,0.0,0.012048192771084338
late,5,13,0.27568051168340907,122,1,1,1,1.0,0.08333333333333333
late,2,1,0.0166698365475452,88,1,0,1,0.0,0.1
late,1,13,0.017200210852503575,88,1,0,1,0.0,0.0625
late,4,5,0.5362465559876145,88,1,1,1,1.0,0.3333333333333333
late,11,13,0.016340515840531526,88,3,0,1,0.0,1.0
late,4,5,0.48196228853493467,122,1,1,1,1.0,0.041666666666666664
late,2,2,0.5813918919327359,88,1,1,1,0.0,0.1
late,13,13,0.19431880098823573,88,1,1,1,0.0,0.5
late,2,14,0.28353431319142575,88,1,1,1,0.0,0.1
late,13,13,0.016353727966103005,88,1,0,1,0.0,0.5
late,10,13,0.2810282223117401,88,2,3,1,0.0,1.0
late,4,13,0.2979300516840702,88,1,1,1,1.0,0.3333333333333333
late,6,13,0.2817066171877283,88,1,3,1,1.0,1.0
late,7,2,0.017542681240777836,88,1,0,1,0.0,0.5
late,11,6,0.5354556013362776,17,3,3,1,1.0,0.5
late,2,6,0.5392537437782269,85,1,1,1,1.0,0.08333333333333333
late,11,5,0.597067483903084,85,3,1,1,1.0,1.0
late,1,1,0.6093262881665953,85,1,1,1,0.0,0.2
late,4,1,0.5881598341974875,85,1,1,1,1.0,1.0
late,10,13,0.2685780511892861,85,3,3,1,0.0,0.5
late,1,6,0.5769945653210504,85,1,3,1,1.0,0.2
late,10,10,0.5065574995192413,85,3,2,1,1.0,0.5
late,4,6,0.5474903406135834,88,1,3,1,0.0,0.3333333333333333
late,13,3,0.5170749741963641,136,3,1,1,1.0,0.011904761904761904
late,6,10,0.45628359046882583,85,3,3,1,0.0,0.09090909090909091
late,6,13,0.26220904627109237,85,3,3,1,0.0,0.09090909090909091
late,10,5,0.5792256814067304,85,2,1,1,0.0,0.08333333333333333
late,1,13,0.28704420641850426,85,1,3,1,1.0,0.2
late,4,6,0.5090026231970869,136,1,3,1,1.0,0.041666666666666664
late,1,13,0.2718297477599542,85,3,3,1,0.0,1.0
late,0,11,0.7878865694636982,88,5,2,1,1.0,0.14285714285714285
late,2,1,0.5796328428823445,85,1,1,1,1.0,0.08333333333333333
late,4,1,0.5446455947490627,7,1,1,1,0.0,0.3333333333333333
late,2,1,0.5496117358408021,7,1,1,1,1.0,0.2
late,10,1,0.013470893821938069,7,2,0,1,0.0,0.16666666666666666
late,2,13,0.012752500466708585,7,1,0,1,0.0,0.2
late,1,13,0.2447069870390051,7,1,3,1,0.0,0.16666666666666666
late,9,2,0.47180098800802817,7,3,1,1,0.0,1.0
late,11,4,0.0138244194077287,96,2,0,1,0.0,0.00980392156862745
late,10,13,0.012734523423108149,7,2,0,1,0.0,0.16666666666666666
late,1,2,0.550240718882435,7,1,1,1,0.0,0.16666666666666666
late,13,13,0.2109035562859414,7,3,3,1,0.0,0.5
late,7,2,0.5711686964532696,7,1,1,1,1.0,1.0
late,6,14,0.2219272724527554,7,1,1,1,0.0,1.0
late,4,14,0.24444130687259388,96,1,1,1,0.0,0.006666666666666667
late,13,13,0.2553561471185404,7,1,1,1,0.0,0.5
late,2,13,0.26345207529291625,7,1,1,1,0.0,0.2
late,11,5,0.537745439370625,111,3,1,1,1.0,1.0
late,5,5,0.3859075023751843,139,2,2,1,0.0,1.0
late,6,6,0.6014589437841714,57,3,1,1,1.0,0.16666666666666666
late,12,6,0.45283413088331376,139,2,3,1,0.0,0.02631578947368421
late,3,5,0.008861460334365395,139,3,0,1,0.0,0.2
late,1,5,0.6005036408782961,57,1,3,1,1.0,0.014084507042253521
late,5,12,0.32016492674403524,139,1,2,1,0.0,1.0
late,6,5,0.5679279272340331,57,3,3,1,0.0,0.16666666666666666
late,1,13,0.012499403730936824,7,1,0,1,0.0,0.16666666666666666
late,13,13,0.1790545855946631,139,3,3,1,0.0,0.2
late,12,12,0.4030680665254558,139,3,2,1,0.0,0.3333333333333333
late,7,6,0.6164136657440287,57,3,5,1,1.0,1.0
late,13,12,0.3626841857413537,139,3,3,1,1.0,0.2
late,11,10,0.4880563192025305,96,2,2,1,0.0,0.00980392156862745
late,1,2,0.012457721482576888,7,1,0,1,0.0,0.16666666666666666
late,2,14,0.2502792671504774,96,1,1,1,0.0,0.008849557522123894
late,13,1,0.5021843877356488,7,1,1,1,1.0,0.5
late,1,3,0.5234062821636221,139,1,3,1,1.0,0.5
late,5,13,0.21752892910119823,65,1,1,1,0.0,0.5
late,13,6,0.4392123068041679,65,1,1,1,0.0,0.2
late,6,6,0.009660376568457274,65,1,0,1,0.0,0.5
late,6,13,0.24214190331336105,65,1,1,1,0.0,0.5
late,1,13,0.00997478872687263,65,1,0,1,0.0,0.25
late,1,13,0.209793398259819,65,1,3,1,0.0,0.25
late,0,1,0.8313807572771467,65,5,1,1,0.0,0.5
late,13,13,0.24296771101962836,7,3,1,1,1.0,0.5
late,2,13,0.19677360770123145,65,1,3,1,1.0,0.14285714285714285
late,1,1,0.012416641666205984,96,1,0,1,0.0,0.0030120481927710845
late,13,6,0.4629180623251559,65,3,3,1,1.0,0.5
late,0,7,0.788051797957563,65,5,3,1,0.0,0.5
late,13,2,0.4407277329681829,65,3,1,1,1.0,0.5
late,2,6,0.5106093025430228,21,1,3,1,1.0,0.16666666666666666
late,6,10,0.4590066051468923,21,3,3,1,0.0,0.037037037037037035
late,13,10,0.4335641287897512,21,3,3,1,0.0,0.037037037037037035
late,14,14,0.13993920363699935,65,3,3,1,0.0,1.0
late,6,13,0.2563102835541766,50,1,3,1,0.0,1.0
late,2,6,0.5162350797976016,50,1,1,1,1.0,0.04
late,7,2,0.5519838336590196,50,1,1,1,1.0,0.16666666666666666
late,2,10,0.35652740244819925,136,1,3,1,0.0,0.0038910505836575876
late,7,6,0.5364315774233984,50,1,3,1,1.0,0.16666666666666666
late,2,1,0.5591152135459749,50,1,1,1,0.0,0.04
late,1,2,0.553918172120989,50,1,1,1,1.0,0.06666666666666667
late,5,2,0.4606695438696736,65,1,1,1,0.0,0.5
late,10,13,0.27502855968314366,50,5,3,1,1.0,1.0
late,13,3,0.533724228389596,50,3,1,1,1.0,0.16666666666666666
late,14,14,0.17060238401473463,96,1,1,1,1.0,0.5
late,3,3,0.5790138714642067,65,1,1,1,0.0,1.0
late,2,1,0.009156003471311621,65,1,0,1,0.0,0.14285714285714285
late,4,1,0.4799959216832289,65,1,1,1,0.0,0.5
late,13,5,0.4234593326704614,65,1,1,1,1.0,0.2
late,4,13,0.22093554826661568,65,1,1,1,0.0,0.5
late,13,6,0.5411299470311763,50,3,3,1,1.0,0.16666666666666666
late,6,8,0.37639706103934145,136,3,1,1,0.0,0.02
late,3,6,0.59259099487871,21,3,3,1,1.0,0.2
late,8,10,0.4170634364656636,136,3,3,1,0.0,1.0
late,1,8,0.38616848202611986,21,1,3,1,0.0,0.010101010101010102
late,11,10,0.4528138453119343,136,2,3,1,0.0,0.023255813953488372
late,13,6,0.5147906431798608,21,1,3,1,0.0,0.03571428571428571
late,6,8,0.5602052190533982,21,3,4,1,0.0,0.037037037037037035
late,5,6,0.6632853235956344,21,3,3,1,1.0,0.5
late,6,5,0.5553885118505063,21,3,2,1,1.0,0.037037037037037035
late,7,6,0.5885082944518729,21,3,3,1,1.0,1.0
late,1,8,0.3339961776581989,136,1,1,1,0.0,0.0030581039755351682
late,6,8,0.41235300709699674,21,3,1,1,1.0,0.037037037037037035
late,13,8,0.32492108118876356,136,3,1,1,0.0,0.011904761904761904
late,10,6,0.5066985560622125,157,3,1,1,0.0,0.2
late,5,6,0.5142474716551959,157,1,1,1,0.0,0.1
late,12,3,0.6261701513167398,51,2,1,1,1.0,0.045454545454545456
late,6,13,0.23073802503410537,97,1,3,1,0.0,0.14285714285714285
late,13,13,0.2194043665991898,97,3,3,1,0.0,0.3333333333333333
late,13,6,0.5043397338588353,97,3,1,1,1.0,0.3333333333333333
late,7,2,0.516901499767661,97,1,1,1,1.0,0.3333333333333333
late,11,13,0.21345018854936476,97,2,3,1,0.0,0.1
late,4,3,0.5378005466958938,97,3,1,1,1.0,1.0
late,11,14,0.2561086372497177,129,2,1,1,0.0,0.014492753623188406
late,11,10,0.4742545014203869,157,3,2,1,0.0,0.2
late,14,13,0.1929181090757903,129,1,3,1,0.0,0.16666666666666666
late,10,3,0.5409853354405221,157,3,1,1,1.0,0.2
late,12,2,0.5361018583424794,129,5,1,1,1.0,1.0
late,0,13,0.68597286138138,129,5,1,1,1.0,0.07692307692307693
late,1,6,0.53409879975345,129,1,1,1,0.0,0.011363636363636364
late,13,13,0.24068960454116964,157,5,3,1,0.0,1.0
late,3,1,0.5707891869108013,129,1,1,1,1.0,0.5
late,10,13,0.22674355205506924,157,2,3,1,0.0,0.029411764705882353
late,13,13,0.22355878690456132,129,1,3,1,0.0,0.0625
late,1,14,0.2663350193435426,129,1,1,1,0.0,0.011363636363636364
late,10,2,0.011978967324458837,39,2,0,1,0.0,0.25
late,2,13,0.27269122345276553,129,1,1,1,0.0,0.023809523809523808
late,7,2,0.5227247371989656,129,1,1,1,1.0,0.16666666666666666
late,11,13,0.28411097785055955,35,2,2,1,0.0,0.043478260869565216
late,4,2,0.5301975874250309,35,1,1,1,0.0,0.1
late,11,11,0.4784167632804647,35,2,3,1,0.0,0.043478260869565216
late,13,13,0.21358604808196305,35,3,3,1,1.0,0.09090909090909091
late,4,3,0.5530557554182212,35,1,1,1,1.0,0.1
late,5,1,0.5403359276614814,35,1,1,1,1.0,0.5
late,4,13,0.23103115340751873,35,1,3,1,0.0,0.1
late,7,2,0.5465628323526315,35,1,1,1,1.0,0.3333333333333333
late,4,5,0.5002873374615087,35,1,1,1,1.0,0.1
late,1,13,0.24582889787158557,35,1,3,1,0.0,0.05555555555555555
late,4,1,0.5481229954170157,35,1,1,1,1.0,0.1
late,4,6,0.5637264841726036,21,4,3,1,1.0,0.3333333333333333
late,10,13,0.6319581637178465,21,5,5,1,1.0,0.2
late,2,13,0.2459507941580161,21,1,3,1,0.0,0.16666666666666666
late,10,5,0.5344346547750981,136,5,1,1,0.0,0.16666666666666666
late,5,6,0.5577177634990537,21,1,3,1,1.0,0.037037037037037035
late,8,1,0.5769398801616585,136,4,1,1,0.0,1.0
late,6,1,0.604213908894809,21,3,1,1,1.0,0.037037037037037035
late,6,5,0.5748899436181776,21,3,1,1,1.0,0.037037037037037035
late,1,5,0.013875152819649555,35,1,0,1,0.0,0.05555555555555555
late,1,13,0.5590754003711421,21,1,4,1,0.0,0.010101010101010102
late,10,5,0.014123515560516497,129,3,0,1,0.0,0.09090909090909091
late,13,14,0.2332534313346242,35,3,1,1,0.0,0.09090909090909091
late,2,3,0.596298003687651,129,1,1,1,1.0,0.023809523809523808
late,1,13,0.013824143383902377,35,1,0,1,0.0,0.05555555555555555
late,0,4,0.9055869217153018,35,5,1,1,1.0,0.3333333333333333
late,13,5,0.48111134957774176,35,3,1,1,1.0,0.09090909090909091
late,1,2,0.013831290558959557,35,1,0,1,0.0,0.05555555555555555
late,5,1,0.5448727974571076,136,3,1,1,1.0,0.5
late,13,5,0.5360425318241453,137,1,1,1,0.0,0.3333333333333333
late,11,10,0.5418139854791113,137,2,2,1,1.0,0.2
late,4,5,0.491118857010709,70,4,1,1,1.0,0.125
late,2,1,0.018722753957170626,137,1,0,1,0.0,0.14285714285714285
late,10,13,0.009391211922912418,70,5,0,1,0.0,0.3333333333333333
late,14,14,0.009261813609862538,70,1,0,1,0.0,0.14285714285714285
late,10,13,0.019433385986205,137,2,0,1,0.0,0.14285714285714285
late,1,6,0.5964978497667864,137,1,1,1,1.0,0.16666666666666666
late,5,5,0.009683955094483904,70,1,0,1,0.0,0.02702702702702703
late,4,5,0.017170073901862887,137,4,0,1,0.0,0.3333333333333333
late,11,5,0.5839507463435426,137,5,1,1,1.0,0.5
late,11,10,0.46506517919548473,70,5,2,1,1.0,0.14285714285714285
late,11,1,0.019005458785445184,137,5,0,1,0.0,0.5
late,4,13,0.3120037062995408,137,4,1,1,1.0,0.3333333333333333
late,11,13,0.2612389158950577,137,4,1,1,1.0,1.0
late,7,6,0.5007596334648033,97,1,1,1,0.0,0.3333333333333333
late,3,3,0.6410774345157342,122,1,1,1,0.0,1.0
late,14,14,0.2687358012638366,35,1,1,1,1.0,1.0
late,5,13,0.24128582145128427,35,1,3,1,0.0,0.5
late,2,2,0.014725476425835524,122,1,0,1,0.0,0.027777777777777776
late,2,13,0.2401089364245279,35,1,3,1,0.0,0.2
late,4,2,0.013667277230231433,35,1,0,1,0.0,0.1
late,13,14,0.013472642218848745,35,3,0,1,0.0,0.09090909090909091
late,13,5,0.010262753062263598,72,3,0,1,0.0,0.016129032258064516
late,9,3,0.4964831059977436,78,3,3,1,1.0,1.0
late,7,1,0.5418302833438782,122,1,1,1,1.0,0.05555555555555555
late,13,6,0.5035779260721805,122,3,1,1,0.0,0.043478260869565216
late,7,5,0.014706052072088312,122,1,0,1,0.0,0.05555555555555555
late,5,2,0.01392013385413241,122,1,0,1,0.0,0.08333333333333333
late,5,1,0.014151542550785276,122,1,0,1,0.0,0.08333333333333333
late,1,13,0.010221826830396186,72,1,0,1,0.0,0.010309278350515464
late,13,2,0.010262753062263598,72,3,0,1,0.0,0.016129032258064516
late,1,5,0.01440152051744027,122,1,0,1,0.0,0.012048192771084338
late,1,13,0.22699040992371355,97,1,3,1,1.0,0.125
late,11,1,0.5497693257708619,97,3,1,1,1.0,1.0
late,10,14,0.24267075577906524,129,3,1,1,0.0,0.09090909090909091
late,11,10,0.43871832207299655,97,2,3,1,0.0,0.1
late,13,14,0.2437682997248942,129,3,1,1,0.0,0.041666666666666664
late,0,11,0.7669092439350992,129,5,2,1,1.0,0.07692307692307693
late,11,11,0.4938846138534023,97,2,2,1,0.0,0.1
late,5,2,0.5743357385526472,97,1,1,1,0.0,1.0
late,7,1,0.5367916599470428,97,1,1,1,0.0,0.3333333333333333
late,4,6,0.5139988047393177,97,1,1,1,0.0,0.07142857142857142
late,13,1,0.5124566548979729,97,3,1,1,1.0,0.3333333333333333
late,7,13,0.013881483362075547,122,3,0,1,0.0,1.0
late,10,6,0.5273371084670615,122,2,3,1,0.0,0.022727272727272728
late,5,13,0.013517791676646232,122,1,0,1,0.0,0.08333333333333333
late,5,6,0.5211497417904206,122,1,3,1,1.0,0.08333333333333333
late,4,5,0.018798190406214412,137,1,0,1,0.0,0.16666666666666666
late,0,2,0.8818975158799977,137,5,1,1,1.0,0.3333333333333333
late,14,2,0.01091089294118439,70,1,0,1,0.0,0.14285714285714285
late,2,1,0.6029670552447405,137,1,1,1,1.0,0.14285714285714285
late,2,5,0.019640470417848836,137,1,0,1,0.0,0.14285714285714285
late,0,1,0.891656961636118,137,5,1,1,1.0,0.3333333333333333
late,6,13,0.018294414361424545,137,1,0,1,0.0,1.0
late,10,5,0.5818368150779609,137,2,1,1,1.0,0.14285714285714285
late,6,13,0.013499146679854324,122,3,0,1,0.0,0.125
late,0,11,0.8533144742969796,137,5,4,1,0.0,0.3333333333333333
late,2,14,0.29498072447925977,137,1,1,1,0.0,0.14285714285714285
late,13,2,0.5624132131706161,137,1,1,1,1.0,0.3333333333333333
late,10,2,0.6013441809108467,137,5,1,1,1.0,1.0
late,11,2,0.015014918990181,122,3,0,1,0.0,0.0625
late,6,13,0.2320527187883195,122,3,3,1,0.0,0.125
late,5,13,0.24389017340049682,122,1,3,1,0.0,0.08333333333333333
late,13,1,0.4685556596734503,72,3,1,1,1.0,0.016129032258064516
late,4,5,0.6042145693413035,137,4,1,1,0.0,0.3333333333333333
late,10,10,0.577977828726385,155,3,4,1,0.0,0.25
late,12,12,0.4770982868128899,155,2,3,1,0.0,0.007194244604316547
late,3,3,0.5423737459806824,94,3,3,1,0.0,1.0
late,9,12,0.6492961069847227,155,2,4,1,1.0,0.09090909090909091
late,10,10,0.5059835461719812,155,4,1,1,0.0,0.14285714285714285
late,10,12,0.6583123783371257,155,2,4,1,1.0,0.012195121951219513
late,6,1,0.4418159504856961,94,2,1,1,1.0,1.0
late,7,1,0.42837513904684393,94,3,1,1,0.0,1.0
late,12,6,0.5941717816944605,155,5,2,1,0.0,0.041666666666666664
late,10,13,0.16099891273362882,94,2,3,1,0.0,0.03571428571428571
late,10,12,0.4950716674146498,155,2,3,1,1.0,0.012195121951219513
late,10,9,0.41496007500373855,94,2,2,1,1.0,0.03571428571428571
late,6,3,0.4481525874703602,94,3,3,1,0.0,1.0
late,10,2,0.486346327398533,78,2,1,1,0.0,0.07692307692307693
late,0,12,0.7614265983112737,78,5,2,1,1.0,0.25
late,14,2,0.42438401882173943,39,1,1,1,0.0,0.5
late,12,13,0.009942593958444308,78,2,0,1,0.0,0.023809523809523808
late,12,12,0.48178304453272164,78,5,2,1,1.0,0.5
late,10,13,0.18144418411947963,78,5,3,1,0.0,0.25
late,0,3,0.8754356689528838,136,5,3,1,1.0,0.047619047619047616
late,3,6,0.4691153022708796,78,1,2,1,0.0,1.0
late,10,13,0.2138336172555016,136,1,3,1,0.0,0.2
late,11,3,0.5176580398577946,78,2,3,1,1.0,1.0
late,6,13,0.24277473791071297,78,2,2,1,1.0,1.0
late,0,10,0.7406226422483321,78,5,2,1,1.0,0.25
late,10,11,0.5123366268753217,136,2,2,1,0.0,0.005649717514124294
late,10,1,0.011514170512540112,78,2,0,1,0.0,0.07692307692307693
late,12,14,0.19400816383544517,78,2,3,1,0.0,0.023809523809523808
late,12,2,0.4749523766476581,78,2,1,1,1.0,0.023809523809523808
late,12,12,0.4491199639729429,78,4,2,1,0.0,0.5
late,12,5,0.00981137636588783,78,4,0,1,0.0,0.5
late,10,1,0.5063062288003585,78,5,1,1,0.0,0.25
late,10,12,0.46796955067315976,78,5,2,1,0.0,0.25
late,12,5,0.5820929825680181,51,2,1,1,0.0,0.045454545454545456
late,10,13,0.019675476495991374,51,2,0,1,0.0,0.08333333333333333
late,0,1,0.910971618874996,51,5,1,1,1.0,0.2
late,10,12,0.5549027830024021,111,5,2,1,0.0,1.0
late,2,9,0.5131742620045887,51,1,2,1,1.0,1.0
late,8,1,0.5617674819433448,111,1,1,1,0.0,1.0
late,1,11,0.4738195692523253,111,1,3,1,0.0,0.014084507042253521
late,10,13,0.2862479859303869,51,2,3,1,0.0,0.08333333333333333
late,12,10,0.5463995896139437,51,2,2,1,1.0,0.045454545454545456
late,12,3,0.6261701513167398,51,2,2,1,1.0,0.045454545454545456
late,0,10,0.8492824568505677,51,5,5,1,1.0,0.2
late,12,12,0.6758273586521873,51,5,5,1,1.0,0.25
late,10,10,0.5497521629766228,51,2,2,1,1.0,0.08333333333333333
late,5,12,0.5213186931845287,51,1,2,1,1.0,0.5
late,12,1,0.5275446996120665,111,2,1,1,0.0,1.0
late,13,13,0.21292143258498406,155,3,3,1,0.0,0.14285714285714285
late,10,10,0.42736192691129943,155,1,2,1,1.0,0.5
late,10,3,0.5509434532431885,155,1,3,1,1.0,0.5
late,10,12,0.4760546144177128,155,3,2,1,0.0,0.25
late,10,1,0.47651466020059363,94,5,1,1,1.0,1.0
late,11,1,0.4315469105191087,94,2,1,1,1.0,1.0
late,0,10,0.8191484292033212,155,5,4,1,1.0,1.0
late,10,6,0.5509197913583185,155,2,3,1,1.0,0.012195121951219513
late,10,5,0.5718428262466632,51,2,1,1,0.0,0.08333333333333333
late,10,8,0.44202344053066916,155,2,3,1,1.0,0.012195121951219513
late,1,11,0.356016175400106,94,1,3,1,0.0,0.05263157894736842
late,12,10,0.38459718402240667,155,1,2,1,1.0,1.0
late,10,13,0.1257656929746297,94,3,3,1,0.0,0.5
late,10,6,0.5877698794301599,155,5,2,1,1.0,0.2
late,12,1,0.6100735912028874,51,2,1,1,1.0,0.045454545454545456
late,5,2,0.706076222475166,51,1,4,1,1.0,0.5
late,14,2,0.549923039777727,51,1,1,1,1.0,1.0
late,10,10,0.3578447073305615,94,3,2,1,0.0,0.5
late,12,13,0.011130946102617027,56,2,0,1,0.0,0.017543859649122806
late,13,13,0.2012696340000654,39,3,3,1,1.0,1.0
late,2,13,0.21105980060915164,39,1,3,1,1.0,0.125
late,13,5,0.45616128676723383,39,1,1,1,1.0,0.3333333333333333
late,2,11,0.4330986216581316,129,1,3,1,0.0,0.023809523809523808
late,12,3,0.49917893704819416,39,2,1,1,1.0,1.0
late,10,5,0.5143169325562704,129,2,1,1,1.0,0.08333333333333333
late,13,5,0.47878244955376925,129,1,1,1,0.0,0.0625
late,10,13,0.2693310628544383,39,2,1,1,0.0,0.25
late,10,2,0.49770100371734144,39,2,1,1,1.0,0.25
late,3,3,0.580857107261566,129,1,1,1,1.0,0.5
late,14,1,0.446551910644992,39,1,1,1,0.0,0.5
late,13,13,0.24246028843823106,39,1,1,1,0.0,0.3333333333333333
late,5,2,0.011245235149338704,39,1,0,1,0.0,1.0
late,13,13,0.01320750966683482,129,1,0,1,0.0,0.0625
late,10,3,0.5155648596766583,78,5,3,1,1.0,0.25
late,11,5,0.4871710223890843,39,2,1,1,1.0,0.5
late,10,13,0.26428897524975875,129,3,1,1,1.0,0.09090909090909091
late,10,13,0.22847490963840453,39,2,3,1,0.0,0.25
late,13,13,0.2187891652571591,39,1,3,1,0.0,0.3333333333333333
late,7,1,0.012158574737879757,39,1,0,1,0.0,0.3333333333333333
late,2,13,0.014258186757516162,129,1,0,1,0.0,0.023809523809523808
late,1,3,0.5716351252655912,39,1,1,1,1.0,0.05263157894736842
late,0,13,0.6458306971305802,39,5,1,1,1.0,0.16666666666666666
late,0,10,0.7435236105619243,129,5,2,1,1.0,0.07692307692307693
late,7,5,0.4573682483706996,39,1,1,1,1.0,0.3333333333333333
late,12,1,0.526334671965144,39,5,1,1,0.0,1.0
late,1,10,0.4373194421393097,129,1,2,1,1.0,0.011363636363636364
late,12,13,0.2080581852128493,39,4,3,1,0.0,1.0
late,0,11,0.6684668972788392,39,5,3,1,0.0,0.16666666666666666
late,7,2,0.47985846217306866,39,1,1,1,0.0,0.3333333333333333
late,1,13,0.011455101545975245,39,1,0,1,0.0,0.05263157894736842
late,11,1,0.5142813239954513,39,2,1,1,0.0,0.5
late,5,2,0.012657160173330623,96,1,0,1,0.0,0.034482758620689655
late,1,6,0.515036042729189,157,1,1,1,1.0,0.01639344262295082
late,11,5,0.5187116717964184,157,2,1,1,1.0,0.023809523809523808
late,2,2,0.013606223029780812,157,1,0,1,0.0,0.05263157894736842
late,1,5,0.013233409991474415,157,1,0,1,0.0,0.01639344262295082
late,4,5,0.013026187996319383,157,1,0,1,0.0,0.09090909090909091
late,11,1,0.5633285504825568,157,3,1,1,1.0,0.2
late,9,12,0.4505374914126379,56,2,2,1,1.0,1.0
late,7,13,0.2322485252705204,101,1,3,1,1.0,0.25
late,12,12,0.5673855510811359,78,2,4,1,1.0,0.023809523809523808
late,10,5,0.011329164234590043,78,2,0,1,0.0,0.07692307692307693
late,12,13,0.22338317025961144,78,5,3,1,0.0,0.5
late,10,3,0.5537971631235307,136,2,1,1,1.0,0.005649717514124294
late,12,12,0.5625600801175319,78,2,5,1,0.0,0.023809523809523808
late,12,1,0.49351949001525075,78,2,1,1,0.0,0.023809523809523808
late,10,5,0.4938241259067877,136,2,3,1,0.0,0.005649717514124294
late,13,2,0.017375785823660398,101,3,0,1,0.0,0.030303030303030304
late,11,1,0.6211060545863109,115,2,4,1,0.0,0.058823529411764705
late,13,13,0.00813287678789286,115,2,0,1,0.0,1.0
late,10,3,0.5221507025237775,56,4,3,1,1.0,0.5
late,0,10,0.8456499470008407,56,5,5,1,1.0,0.3333333333333333
late,10,12,0.6128483731483602,56,2,4,1,1.0,0.1
late,0,1,0.8226462506516569,115,5,1,1,1.0,0.16666666666666666
late,12,12,0.4315911781745275,56,2,3,1,0.0,0.017543859649122806
late,13,2,0.013194295199190263,157,3,0,1,0.0,0.07692307692307693
late,6,3,0.4521856707718104,115,3,3,1,1.0,0.3333333333333333
late,10,12,0.47896708193960874,56,5,2,1,1.0,1.0
late,3,11,0.43933237112710727,115,3,2,1,1.0,0.14285714285714285
late,1,1,0.007865536833830577,115,1,0,1,0.0,0.012345679012345678
late,3,13,0.25183147117303484,56,3,2,1,0.0,0.5
late,8,12,0.48649158326107966,56,4,2,1,0.0,1.0
late,13,12,0.3637163497943342,56,3,3,1,0.0,1.0
late,11,13,0.012948748354951333,157,3,0,1,0.0,0.2
late,12,13,0.221523014374516,56,2,3,1,0.0,0.017543859649122806
late,13,2,0.6214484183658852,22,1,1,1,1.0,0.5
late,10,1,0.6143357398678853,22,2,1,1,1.0,0.1
late,7,2,0.5095696131144308,72,1,1,1,0.0,0.125
late,6,4,0.5824308220126043,74,1,1,1,0.0,0.125
late,0,10,0.7025824538259725,72,5,2,1,1.0,0.08333333333333333
late,10,4,0.5758124796497665,74,2,1,1,0.0,0.04
late,13,2,0.5128443330515917,74,1,1,1,0.0,0.3333333333333333
late,11,5,0.5584203646940711,74,2,1,1,1.0,0.1
late,7,5,0.48757948854641064,72,1,1,1,1.0,0.125
late,2,13,0.24705644743044677,74,1,3,1,0.0,0.058823529411764705
late,6,2,0.5324108735058867,74,3,1,1,1.0,1.0
late,4,14,0.2383374639070953,74,1,3,1,1.0,0.1
late,13,3,0.4891415465208919,72,1,1,1,0.0,0.05555555555555555
late,0,3,0.8609437242526283,72,5,1,1,1.0,0.08333333333333333
late,10,3,0.5770173242473345,74,2,1,1,1.0,0.04
late,2,13,0.2681172192956345,122,1,1,1,0.0,0.027777777777777776
late,11,10,0.4583689011329479,96,3,2,1,1.0,0.037037037037037035
late,0,7,0.8377934594003875,96,5,1,1,1.0,0.02040816326530612
late,2,13,0.2855973325666211,19,1,1,1,0.0,0.058823529411764705
late,4,13,0.27010831860543844,19,1,2,1,0.0,0.07692307692307693
late,3,6,0.5348172281823635,74,1,1,1,0.0,1.0
late,1,10,0.4244586362171939,74,1,3,1,0.0,0.05
late,4,6,0.014702042791018924,74,1,0,1,0.0,0.1
late,2,13,0.2902803488534977,74,1,1,1,1.0,0.058823529411764705
late,10,6,0.5755705596661315,74,3,1,1,0.0,0.3333333333333333
late,10,6,0.5455542274143708,74,2,1,1,0.0,0.04
late,4,1,0.014871104377601894,74,1,0,1,0.0,0.1
late,11,11,0.4941130732431399,74,2,3,1,1.0,0.1
late,7,6,0.5064834963000312,74,2,3,1,0.0,1.0
late,13,1,0.5312387220496794,74,3,1,1,1.0,0.1111111111111111
late,13,6,0.5223452255407065,74,3,1,1,0.0,0.1111111111111111
late,10,1,0.5398648710507137,96,1,1,1,0.0,1.0
late,11,6,0.6079511878861873,74,3,1,1,0.0,0.2
late,13,3,0.4329886584010431,90,3,1,1,0.0,0.09090909090909091
late,14,14,0.1877632976809992,128,3,3,1,1.0,0.3333333333333333
late,0,2,0.7980142297972692,90,5,1,1,1.0,0.25
late,1,13,0.18604188329299007,90,1,3,1,1.0,0.041666666666666664
late,10,7,0.48673000503611047,128,3,1,1,0.0,0.029411764705882353
late,2,1,0.5357912650360046,128,3,1,1,1.0,0.3333333333333333
late,10,10,0.4049043523465396,90,2,2,1,0.0,0.038461538461538464
late,2,2,0.5139748960328973,128,3,1,1,0.0,0.3333333333333333
late,2,13,0.166645007028911,90,1,3,1,1.0,0.1
late,7,2,0.4428026812711251,90,3,1,1,1.0,1.0
late,10,10,0.44253641540827837,19,3,3,1,1.0,0.25
late,10,7,0.44980699031953736,72,2,1,1,0.0,0.02
late,4,3,0.5689142715294827,19,1,3,1,1.0,0.07692307692307693
late,11,2,0.5186317862475541,19,2,3,1,1.0,0.034482758620689655
late,4,13,0.2783534090308499,19,1,1,1,1.0,0.07692307692307693
late,13,3,0.6532184627509638,22,1,1,1,1.0,0.5
late,1,10,0.4302943921501078,128,1,1,1,0.0,0.0048543689320388345
late,14,14,0.23598282456361283,128,1,3,1,0.0,0.5
late,1,3,0.6710984481228129,22,1,1,1,1.0,0.14285714285714285
late,2,2,0.6352491095148463,22,1,1,1,0.0,1.0
late,11,10,0.5344815187113879,22,3,2,1,0.0,1.0
late,1,6,0.5892741767008626,22,1,3,1,1.0,0.14285714285714285
late,10,4,0.5814232287602408,19,2,1,1,0.0,0.08333333333333333
late,11,6,0.5110979754577287,72,2,1,1,1.0,0.02040816326530612
late,2,14,0.2699118040954273,19,1,1,1,0.0,0.058823529411764705
late,3,6,0.5193852822255598,72,3,3,1,1.0,0.5
late,13,2,0.4997934269482171,19,1,1,1,0.0,0.3333333333333333
late,10,13,0.30859180127920505,19,2,1,1,0.0,0.08333333333333333
late,10,1,0.5259272694603833,72,5,1,1,1.0,1.0
late,10,1,0.5601887482170268,19,1,1,1,1.0,1.0
late,1,14,0.21853009838704388,72,1,1,1,0.0,0.010309278350515464
late,11,13,0.2834158190238435,19,2,1,1,0.0,0.034482758620689655
late,13,13,0.19962128552017191,72,1,3,1,0.0,0.05555555555555555
late,11,13,0.25377493665526735,97,2,1,1,0.0,0.1
late,6,13,0.2638873569799122,97,1,1,1,0.0,0.14285714285714285
late,10,13,0.2601864326223061,97,2,1,1,1.0,0.2
late,4,13,0.012633897405856204,97,1,0,1,0.0,0.07142857142857142
late,2,3,0.6060041532252257,97,1,1,1,1.0,0.14285714285714285
late,0,1,0.9148973768818146,97,5,1,1,1.0,0.25
late,13,6,0.43618002288796603,97,1,1,1,1.0,0.08333333333333333
late,2,13,0.27359932139941984,97,1,1,1,0.0,0.14285714285714285
late,0,6,0.8794814039123151,97,5,1,1,1.0,0.25
late,11,6,0.5245561322291413,97,2,1,1,0.0,0.1
late,11,13,0.013196522818686185,97,2,0,1,0.0,0.1
late,0,2,0.9052233756852468,97,5,1,1,1.0,0.25
late,6,13,0.1915331363561824,54,1,3,1,0.0,0.2
late,3,13,0.23824180262821715,54,1,1,1,0.0,1.0
late,1,13,0.2278089240357405,54,1,3,1,0.0,0.05263157894736842
late,11,11,0.4572908828216979,19,3,3,1,1.0,0.06666666666666667
late,11,13,0.32030638701123343,135,2,3,1,1.0,0.3333333333333333
late,0,6,0.9127244683605886,135,5,1,1,1.0,0.5
late,11,13,0.260142499304123,135,3,3,1,0.0,0.3333333333333333
late,11,13,0.30513854003163904,135,3,1,1,0.0,0.3333333333333333
late,0,10,0.7449574363653105,54,5,2,1,0.0,0.3333333333333333
late,1,2,0.5365957142820169,54,1,1,1,1.0,0.05263157894736842
late,4,13,0.20356424730882047,54,1,3,1,0.0,0.07692307692307693
late,11,2,0.4994558382072244,54,3,1,1,0.0,0.25
late,0,1,0.9005281543308877,54,5,1,1,1.0,0.3333333333333333
late,2,1,0.5436299995222176,54,1,1,1,1.0,0.3333333333333333
late,4,1,0.5240279676337019,54,1,1,1,1.0,0.07692307692307693
late,11,2,0.4954481876544715,54,2,1,1,0.0,0.125
late,0,2,0.8898595471025567,54,5,1,1,1.0,0.3333333333333333
late,11,11,0.4752612675429447,54,2,2,1,1.0,0.125
late,13,13,0.22144420724521163,54,1,3,1,1.0,0.16666666666666666
late,6,6,0.4636654038534466,70,1,3,1,0.0,0.03125
late,1,6,0.5132402502123473,54,1,1,1,1.0,0.05263157894736842
late,7,10,0.46202684677688816,96,2,2,1,0.0,1.0
late,11,11,0.49728591084917356,96,2,2,1,0.0,0.00980392156862745
late,10,6,0.5482008287743274,19,3,1,1,0.0,0.25
late,4,13,0.24646236368184057,19,1,3,1,0.0,0.07692307692307693
late,11,13,0.2556160915453575,19,3,1,1,0.0,0.06666666666666667
late,0,11,0.7550046436404506,96,5,2,1,1.0,0.02040816326530612
late,10,13,0.2454517470609851,19,3,3,1,0.0,0.25
late,1,10,0.3957794247690085,96,1,3,1,1.0,0.0030120481927710845
late,13,10,0.41390850289470604,19,3,3,1,0.0,0.08333333333333333
late,11,10,0.49365051255559794,19,3,2,1,1.0,0.06666666666666667
late,3,2,0.5788557055600353,96,1,1,1,0.0,0.2
late,12,13,0.230578150734905,96,2,1,1,0.0,1.0
late,1,3,0.5820232277610327,106,1,1,1,1.0,0.030303030303030304
late,14,13,0.17924382877750608,96,1,1,1,0.0,0.5
late,11,4,0.5537303524419147,106,2,1,1,0.0,0.038461538461538464
late,13,1,0.48471600689913874,97,1,1,1,1.0,0.08333333333333333
late,11,2,0.5169378942417463,97,2,1,1,1.0,0.1
late,12,2,0.014104984761200593,97,2,0,1,0.0,1.0
late,0,7,0.8636256274200069,97,5,1,1,1.0,0.25
late,6,6,0.5195382079380484,97,1,1,1,0.0,0.14285714285714285
late,13,5,0.4485216925733552,96,1,1,1,1.0,0.043478260869565216
late,13,13,0.17383195841304433,106,1,3,1,0.0,0.1111111111111111
late,1,2,0.014854803800602704,106,1,0,1,0.0,0.030303030303030304
late,4,10,0.3953348349405758,96,1,2,1,1.0,0.006666666666666667
late,6,2,0.01526663530937941,106,1,0,1,0.0,0.038461538461538464
late,2,13,0.015454011723162787,106,1,0,1,0.0,0.04
late,13,10,0.3553308156862726,96,1,2,1,1.0,0.043478260869565216
late,1,14,0.2568040722327997,106,1,1,1,1.0,0.030303030303030304
late,4,13,0.2708659147453456,106,1,1,1,1.0,0.09090909090909091
late,11,13,0.01511154075259775,106,2,0,1,0.0,0.038461538461538464
late,13,13,0.014412328318870083,106,1,0,1,0.0,0.1111111111111111
late,4,13,0.01447434095943716,106,1,0,1,0.0,0.09090909090909091
late,1,14,0.22389181798203375,96,1,3,1,0.0,0.0030120481927710845
late,10,2,0.5215140956217893,136,3,1,1,1.0,0.07142857142857142
late,10,1,0.565544346101114,69,3,1,1,0.0,0.2
late,2,5,0.4881067774271318,69,1,1,1,0.0,0.02857142857142857
late,10,13,0.24784714174459585,69,5,3,1,1.0,0.3333333333333333
late,13,2,0.4878910094569734,69,3,1,1,0.0,0.125
late,10,10,0.44567375043944724,136,2,3,1,0.0,0.005649717514124294
late,10,10,0.5970254728773869,69,2,5,1,0.0,0.02857142857142857
late,6,2,0.49382639501184483,69,1,1,1,1.0,1.0
late,0,5,0.8590237725276512,69,5,1,1,1.0,0.125
late,1,13,0.1986077125996174,136,3,3,1,0.0,0.5
late,11,1,0.5735750699761302,69,3,1,1,1.0,0.5
late,2,6,0.49193568611293187,136,1,1,1,0.0,0.0038910505836575876
late,0,10,0.7635049923019342,43,5,2,1,1.0,0.0625
late,11,10,0.5161970159331227,43,3,2,1,1.0,0.14285714285714285
late,13,13,0.27311812832199633,43,1,1,1,1.0,0.14285714285714285
late,2,13,0.2141961494759523,128,3,3,1,1.0,0.3333333333333333
late,9,12,0.5397244843942052,66,2,2,1,1.0,1.0
late,12,14,0.28593804957906244,66,2,1,1,0.0,0.024390243902439025
late,6,5,0.6302653022912025,66,1,1,1,0.0,1.0
late,9,13,0.24412251444139715,43,3,1,1,0.0,1.0
late,10,13,0.22756636135836592,96,5,3,1,0.0,0.25
late,10,2,0.5502607343172585,96,5,1,1,0.0,0.25
late,0,13,0.6320276519454222,43,5,3,1,0.0,0.0625
late,6,1,0.5836087444163949,43,1,1,1,1.0,0.1
late,14,14,0.16399314549991761,43,1,3,1,0.0,0.5
late,2,3,0.5821988186530797,96,1,3,1,1.0,0.008849557522123894
late,13,2,0.5364026037994531,43,1,1,1,0.0,0.14285714285714285
late,13,14,0.25696007236719454,43,1,1,1,0.0,0.14285714285714285
late,13,1,0.5565333137836413,43,1,1,1,1.0,0.14285714285714285
late,13,6,0.5344155611502243,43,1,3,1,1.0,0.14285714285714285
late,13,2,0.4791209786990688,43,3,3,1,0.0,0.0625
late,14,13,0.1902329015929254,43,1,1,1,0.0,0.5
late,7,13,0.2849039283231566,43,1,3,1,0.0,1.0
late,6,10,0.38918630781388586,95,3,2,1,0.0,1.0
late,10,10,0.42826051814997584,95,2,2,1,1.0,0.1111111111111111
late,11,10,0.47717217938571493,13,2,2,1,1.0,0.08333333333333333
late,2,13,0.010408267929898737,72,1,0,1,0.0,0.025
late,11,6,0.5323777565439158,72,3,3,1,1.0,0.05
late,11,14,0.1990913851088561,96,3,1,1,0.0,0.037037037037037035
late,12,5,0.4254527032668369,72,2,1,1,0.0,0.5
late,6,6,0.48332128384514805,152,2,2,1,1.0,0.2
late,2,14,0.21709323265107203,72,1,1,1,0.0,0.025
late,0,2,0.8415449303633133,72,5,1,1,1.0,0.08333333333333333
late,12,13,0.1719256163802938,72,2,3,1,0.0,0.5
late,11,10,0.40952247947553894,72,2,3,1,0.0,0.02040816326530612
late,10,13,0.2181460391236235,70,3,1,1,0.0,0.25
late,13,14,0.1683457231193467,70,3,3,1,0.0,0.05263157894736842
late,10,13,0.22258076539508276,72,3,1,1,0.0,0.3333333333333333
late,2,2,0.47795095646345415,69,1,3,1,0.0,0.02857142857142857
late,10,2,0.4831088391336013,136,2,3,1,0.0,0.005649717514124294
late,0,2,0.8568624970085055,136,5,3,1,1.0,0.047619047619047616
late,10,6,0.5255584183945197,69,2,1,1,0.0,0.02857142857142857
late,10,7,0.5026669302297899,69,3,1,1,0.0,0.2
late,10,11,0.46892261081159653,136,2,3,1,1.0,0.005649717514124294
late,0,13,0.5973845034822303,136,5,3,1,0.0,0.047619047619047616
late,11,13,0.2217054738229145,69,3,3,1,0.0,0.5
late,10,2,0.4703822686430507,70,3,1,1,0.0,0.25
late,10,2,0.5427059206589855,69,3,1,1,0.0,0.2
late,10,13,0.26164341933363894,136,3,1,1,0.0,0.07142857142857142
late,10,11,0.3946024101240146,115,2,3,1,1.0,0.02631578947368421
late,0,10,0.671261101397922,115,5,2,1,0.0,0.16666666666666666
late,0,10,0.6640272473700334,115,5,1,1,1.0,0.16666666666666666
late,2,6,0.4252007450954634,115,1,1,1,1.0,0.047619047619047616
late,0,1,0.828049588541635,70,5,1,1,0.0,0.1
late,0,13,0.6319823272681018,72,5,1,1,1.0,0.08333333333333333
late,0,10,0.7267082225143893,69,5,2,1,1.0,0.125
late,6,3,0.5833154387713251,30,3,1,1,0.0,1.0
late,6,6,0.6518805588027475,30,1,1,1,1.0,0.3333333333333333
late,3,6,0.6371383950636519,30,1,1,1,0.0,1.0
late,0,1,0.9201524609679259,30,5,1,1,1.0,0.25
late,7,2,0.6108159945483235,30,1,1,1,1.0,0.3333333333333333
late,10,13,0.33927875423578174,30,1,3,1,0.0,1.0
late,1,1,0.7055558246025035,30,1,1,1,1.0,1.0
late,10,5,0.6091758724490063,30,2,1,1,1.0,0.125
late,0,7,0.8461025819353516,43,5,3,1,1.0,0.0625
late,6,1,0.4788917657877762,43,3,3,1,0.0,1.0
late,6,14,0.24944935147201946,43,1,3,1,0.0,0.1
late,6,6,0.5599468746017212,43,1,1,1,0.0,0.1
late,11,11,0.487871579597437,43,3,3,1,0.0,0.14285714285714285
late,11,7,0.4685160409661623,72,3,1,1,0.0,0.05
late,10,10,0.4586403976682553,43,3,3,1,0.0,0.16666666666666666
late,10,13,0.3055717645085471,66,3,1,1,0.0,0.16666666666666666
late,6,13,0.22130661266905785,128,3,3,1,1.0,0.3333333333333333
late,11,1,0.4860146235411061,90,3,1,1,0.0,0.3333333333333333
late,10,2,0.4203171539116892,90,3,1,1,0.0,0.3333333333333333
late,11,2,0.4639121151299321,90,3,1,1,0.0,0.3333333333333333
late,6,2,0.43146725790235213,90,1,1,1,1.0,0.08333333333333333
late,2,5,0.4106566217732521,90,1,1,1,0.0,0.1
late,7,2,0.4361908619764014,90,1,1,1,0.0,0.3333333333333333
late,11,10,0.4734245054647753,43,3,3,1,1.0,0.14285714285714285
late,2,6,0.5304657875248429,43,1,1,1,0.0,0.2
late,13,14,0.24609416200386444,43,3,1,1,0.0,0.0625
late,10,13,0.18689993825796977,72,3,3,1,0.0,0.3333333333333333
late,10,2,0.5688520946954237,43,2,1,1,1.0,0.125
late,10,6,0.5669228602551682,43,3,1,1,1.0,0.16666666666666666
late,1,6,0.5677333696740632,43,1,1,1,1.0,0.09090909090909091
late,11,2,0.5727805949924515,43,2,1,1,1.0,0.14285714285714285
late,0,7,0.8626202165432335,43,5,2,1,1.0,0.0625
late,11,10,0.3856934695661063,90,3,2,1,0.0,0.3333333333333333
late,4,13,0.31724449692907675,131,1,3,1,0.0,1.0
late,10,13,0.28163546064483863,128,2,1,1,0.0,0.0125
late,0,1,0.8867367563738222,131,5,1,1,1.0,0.25
late,0,2,0.8762140268090527,131,5,1,1,1.0,0.25
late,12,3,0.6162037676013148,66,5,1,1,1.0,0.5
late,5,3,0.5935437680869852,128,1,1,1,1.0,0.047619047619047616
late,12,10,0.607082126480256,66,2,5,1,1.0,0.024390243902439025
late,0,10,0.8211521544257004,30,5,2,1,0.0,0.25
late,12,3,0.5610423385079653,66,2,1,1,0.0,0.024390243902439025
late,7,10,0.4062052455387582,128,1,2,1,1.0,0.09090909090909091
late,12,3,0.6922507532731763,66,4,1,1,1.0,0.5
late,10,10,0.4462118247302051,128,2,3,1,0.0,0.0125
late,10,12,0.513918967957432,66,2,3,1,0.0,0.3333333333333333
late,12,12,0.641099807475483,66,2,4,1,1.0,0.024390243902439025
late,12,12,0.5643511854169452,66,5,2,1,1.0,0.5
late,10,10,0.5351470017480175,66,5,2,1,1.0,1.0
late,12,2,0.6581838376021399,66,4,1,1,1.0,0.5
late,2,3,0.6577817003173039,30,1,1,1,1.0,0.25
late,13,6,0.611355290299316,30,3,1,1,0.0,0.06666666666666667
late,2,13,0.31117243562527436,30,1,3,1,1.0,0.25
late,6,13,0.3369856477734989,30,1,3,1,0.0,0.3333333333333333
late,6,2,0.6565791761456251,30,1,1,1,1.0,0.3333333333333333
late,13,1,0.6191911576266561,30,3,1,1,1.0,0.06666666666666667
late,1,1,0.5996800727954774,131,1,1,1,0.0,0.5
late,10,1,0.6018713514338726,131,2,1,1,0.0,1.0
late,7,5,0.6476304965913625,131,1,1,1,1.0,1.0
late,13,13,0.2679890687954724,131,1,3,1,1.0,1.0
late,10,2,0.5672494825394462,131,3,1,1,0.0,0.25
late,4,13,0.24389968049810662,131,3,3,1,0.0,1.0
late,6,2,0.559589116429988,131,3,1,1,0.0,1.0
late,13,13,0.21995115646157598,128,1,3,1,0.0,0.14285714285714285
late,2,1,0.5822374836048998,131,1,1,1,1.0,0.09090909090909091
late,1,2,0.582420599996754,131,1,1,1,0.0,0.5
late,5,2,0.5547542313178087,128,1,1,1,1.0,0.047619047619047616
late,11,13,0.2665508709507105,33,2,1,1,1.0,0.16666666666666666
late,1,6,0.5348699293769964,26,1,3,1,1.0,0.25
late,2,13,0.2412178643560463,26,1,3,1,0.0,0.5
late,10,5,0.5239465712074969,26,2,1,1,1.0,0.14285714285714285
late,10,1,0.5506668843046101,26,2,1,1,1.0,0.14285714285714285
late,10,2,0.5510698504383249,26,3,1,1,1.0,1.0
late,13,13,0.22742397030491734,26,3,3,1,0.0,1.0
late,10,10,0.49633962962367606,26,2,2,1,0.0,0.14285714285714285
late,5,5,0.5631171548546855,26,1,1,1,1.0,1.0
late,1,2,0.5592973827248156,26,1,1,1,0.0,0.25
late,5,13,0.2328749067667468,133,1,3,1,0.0,0.08333333333333333
late,2,2,0.5417540595990824,26,1,1,1,1.0,0.5
late,14,2,0.49931535473726973,26,3,1,1,0.0,1.0
late,1,1,0.5694228066509164,26,1,1,1,1.0,0.25
late,0,6,0.8601466161858987,26,5,3,1,1.0,0.5
late,1,5,0.6101813998436687,135,1,1,1,0.0,0.1111111111111111
late,10,6,0.4713734051342531,3,3,3,1,1.0,0.3333333333333333
late,4,13,0.1760547908752952,3,3,3,1,1.0,1.0
late,5,6,0.4668572067204845,3,1,3,1,1.0,0.05555555555555555
late,13,6,0.5014098158541561,133,3,3,1,1.0,0.03571428571428571
late,13,6,0.46538319388621746,3,3,3,1,1.0,0.125
late,13,14,0.1752149225828477,3,3,3,1,0.0,0.125
late,10,6,0.4808351335699489,3,2,3,1,1.0,0.029411764705882353
late,7,2,0.4990555747852132,133,2,1,1,0.0,1.0
late,6,1,0.5390910989214168,133,3,1,1,0.0,0.02040816326530612
late,2,3,0.5123074895887199,3,1,3,1,1.0,0.125
late,0,10,0.713413140349361,133,5,2,1,0.0,0.07142857142857142
late,0,1,0.8485867674302641,133,5,1,1,1.0,0.07142857142857142
late,10,2,0.46448570131150196,3,3,1,1,0.0,0.3333333333333333
late,3,6,0.6126038183276621,133,3,3,1,0.0,0.16666666666666666
late,0,1,0.873843872961675,26,5,1,1,1.0,0.5
late,1,13,0.2707707788117092,26,1,3,1,1.0,0.25
late,0,2,0.825229803162259,3,5,1,1,1.0,0.3333333333333333
late,10,13,0.1778134741410863,158,3,3,1,0.0,0.5
late,2,2,0.4720780241061315,136,1,3,1,0.0,0.0038910505836575876
late,1,1,0.49910868160481775,136,3,3,1,0.0,0.5
late,10,3,0.5139372541429632,158,2,1,1,1.0,0.16666666666666666
late,6,2,0.48897714842877626,136,3,3,1,0.0,0.02
late,10,6,0.5024826965668404,158,2,3,1,0.0,0.16666666666666666
late,6,13,0.19590260295677717,158,3,3,1,1.0,0.14285714285714285
late,10,1,0.5071122193080916,158,2,1,1,1.0,0.16666666666666666
late,6,5,0.4712996444033112,158,3,1,1,0.0,0.14285714285714285
late,7,5,0.5151364365738637,33,1,1,1,0.0,0.16666666666666666
late,7,5,0.011322374702794374,33,1,0,1,0.0,0.16666666666666666
late,11,2,0.5077611033076631,33,2,1,1,0.0,0.16666666666666666
late,13,5,0.01119949963333545,33,1,0,1,0.0,0.2
late,0,11,0.7847848269127081,33,5,2,1,1.0,1.0
late,11,7,0.01062204226391586,70,2,0,1,0.0,0.017543859649122806
late,1,13,0.2779658249982988,33,1,1,1,0.0,0.1111111111111111
late,14,14,0.18945969851475114,33,1,1,1,0.0,0.5
late,3,3,0.6063451074074651,70,1,1,1,1.0,0.5
late,13,6,0.4714452438062994,33,1,1,1,0.0,0.2
late,10,5,0.5107411489553811,33,2,1,1,1.0,0.25
late,14,2,0.43783135151034175,33,1,1,1,0.0,0.5
late,1,14,0.255800874744397,33,1,1,1,0.0,0.1111111111111111
late,13,2,0.4664128984343594,33,1,1,1,1.0,0.2
late,11,1,0.012164090935132781,33,2,0,1,0.0,0.16666666666666666
late,2,12,0.4304079534858653,70,1,2,1,0.0,0.013333333333333334
late,1,12,0.49041170243660875,33,1,2,1,1.0,0.1111111111111111
late,11,5,0.4990833279245996,33,2,1,1,0.0,0.16666666666666666
late,10,1,0.5404106541456376,33,2,1,1,1.0,0.25
late,11,13,0.011241165959201995,33,2,0,1,0.0,0.16666666666666666
late,2,14,0.010171414672414603,70,1,0,1,0.0,0.013333333333333334
late,10,6,0.0103550772833752,70,2,0,1,0.0,0.022727272727272728
late,7,13,0.010700143295257765,33,1,0,1,0.0,0.16666666666666666
late,11,11,0.4889279047042759,33,2,2,1,0.0,0.16666666666666666
late,3,13,0.2552316963532415,49,1,3,1,1.0,1.0
late,13,10,0.37753718904561967,133,3,3,1,0.0,0.03571428571428571
late,3,13,0.22097121502193093,133,1,3,1,0.0,0.3333333333333333
late,1,3,0.5796430130256714,133,1,1,1,1.0,0.05555555555555555
late,0,3,0.8588101829763991,133,5,1,1,1.0,0.07142857142857142
late,11,10,0.45273738301756034,133,3,2,1,0.0,0.14285714285714285
late,10,13,0.2273782626939274,133,1,3,1,0.0,1.0
late,4,6,0.44065490169776483,92,1,3,1,1.0,0.07692307692307693
late,6,6,0.4612455095037415,92,3,3,1,1.0,0.25
late,1,6,0.46506293519757713,92,1,3,1,1.0,0.03125
late,4,2,0.4534168324636928,92,1,1,1,0.0,0.07692307692307693
late,6,2,0.4494611788187676,92,3,1,1,0.0,0.25
late,7,13,0.24616381227789486,136,1,3,1,1.0,0.03125
late,6,2,0.5430471690520293,59,3,3,1,1.0,0.14285714285714285
late,1,1,0.6065515719667527,59,1,1,1,1.0,0.5
late,0,11,0.672973170960428,133,5,3,1,0.0,0.07142857142857142
late,1,2,0.5766049059430013,88,1,1,1,1.0,0.0625
late,7,2,0.5423749505463253,88,1,1,1,0.0,0.5
late,7,13,0.013949180240581623,122,1,0,1,0.0,0.05555555555555555
late,11,13,0.014140504734531113,122,2,0,1,0.0,0.027777777777777776
late,0,4,0.900464114570261,88,5,1,1,1.0,0.14285714285714285
late,0,7,0.8434086105506521,122,5,1,1,1.0,0.125
late,6,13,0.26474544171895265,59,3,3,1,1.0,0.14285714285714285
late,10,10,0.5006616445191758,59,2,3,1,1.0,0.1111111111111111
late,6,2,0.5553562433514379,59,1,1,1,1.0,1.0
late,1,13,0.2473625340926635,59,1,3,1,0.0,0.5
late,10,13,0.27095410547399806,59,3,3,1,0.0,1.0
late,4,2,0.5703290718687372,59,1,1,1,1.0,1.0
late,10,10,0.5410419960807986,59,2,2,1,1.0,0.1111111111111111
late,2,6,0.5544787415467475,59,1,3,1,1.0,0.05263157894736842
late,10,13,0.30250159302142704,59,5,3,1,1.0,1.0
late,11,2,0.5853036666056706,59,3,1,1,0.0,1.0
late,10,6,0.5979947456483564,59,2,3,1,1.0,0.1111111111111111
late,11,6,0.5061289193451765,3,3,3,1,1.0,0.3333333333333333
late,11,1,0.5108930936666993,3,3,1,1,1.0,0.3333333333333333
late,5,13,0.2999896772031013,14,1,3,1,0.0,0.16666666666666666
late,0,5,0.9028308390242656,14,5,1,1,1.0,0.1
late,4,2,0.5838082992814848,14,3,1,1,0.0,1.0
late,6,13,0.28425414762741624,14,3,3,1,0.0,0.08333333333333333
late,10,1,0.624834586475274,14,3,1,1,1.0,0.5
late,7,6,0.5943879103382055,14,3,3,1,0.0,0.25
late,5,6,0.5136990010327948,133,1,3,1,1.0,0.08333333333333333
late,1,6,0.5814531972289663,14,1,3,1,1.0,0.125
late,10,10,0.5486705848214467,14,2,2,1,0.0,0.125
late,6,3,0.543692252941826,133,3,3,1,1.0,0.02040816326530612
late,10,2,0.5942739260147203,14,2,1,1,0.0,0.125
late,10,6,0.5977987191183629,14,2,3,1,0.0,0.125
late,10,13,0.2812929739592656,14,3,3,1,0.0,0.5
late,0,3,0.9080421432926085,49,5,1,1,1.0,0.3333333333333333
late,14,14,0.2491840000327548,49,3,3,1,1.0,1.0
late,11,5,0.5167775893018268,133,3,1,1,0.0,0.14285714285714285
late,2,13,0.20755130574206015,107,1,3,1,0.0,0.05555555555555555
late,4,13,0.20007887746388892,133,3,3,1,0.0,1.0
late,11,13,0.21202509574375722,133,3,3,1,0.0,0.14285714285714285
late,11,5,0.48489779582434794,107,2,1,1,1.0,0.14285714285714285
late,10,1,0.47467931051085177,133,2,3,1,0.0,0.02564102564102564
late,7,1,0.015190397444497843,122,1,0,1,0.0,0.05555555555555555
late,1,10,0.014259372251343825,122,1,0,1,0.0,0.012048192771084338
late,7,2,0.5452880026802269,157,1,1,1,1.0,0.14285714285714285
late,13,6,0.45528744178030617,122,1,1,1,1.0,0.06666666666666667
late,0,4,0.8690666035698985,157,5,1,1,0.0,0.1
late,11,6,0.5506484973171171,157,2,1,1,1.0,0.023809523809523808
late,13,1,0.5298196771351584,157,2,1,1,0.0,1.0
late,11,10,0.5059121933757356,122,2,2,1,1.0,0.027777777777777776
late,1,14,0.2464794837347759,157,1,1,1,0.0,0.01639344262295082
late,11,4,0.5700959477824935,122,2,1,1,0.0,0.027777777777777776
late,11,1,0.5053985145534285,70,3,1,1,0.0,0.06666666666666667
late,11,5,0.47444053604013,70,3,1,1,0.0,0.06666666666666667
late,2,10,0.40494636753424956,70,1,4,1,1.0,0.013333333333333334
late,13,1,0.5347080276165234,19,3,1,1,0.0,0.08333333333333333
late,11,10,0.5211731178759007,19,2,2,1,0.0,0.034482758620689655
late,11,7,0.45095599039410056,70,3,1,1,0.0,0.06666666666666667
late,11,5,0.5500893800482466,19,3,1,1,1.0,0.06666666666666667
late,7,1,0.010483678164471807,70,1,0,1,0.0,0.058823529411764705
late,4,6,0.014198762049347663,23,1,0,1,0.0,0.1
late,2,1,0.57806258595989,23,1,1,1,0.0,0.1
late,6,13,0.2850628072799332,23,1,1,1,0.0,0.14285714285714285
late,0,1,0.8856670693329467,23,5,1,1,1.0,0.3333333333333333
late,10,13,0.3113962433688429,23,2,1,1,1.0,0.16666666666666666
late,10,2,0.522563170282321,70,1,1,1,1.0,1.0
late,1,6,0.54161361429696,23,1,1,1,0.0,0.09090909090909091
late,11,13,0.19721457665466122,158,3,3,1,0.0,0.3333333333333333
late,5,2,0.009680411169713556,70,1,0,1,0.0,0.02702702702702703
late,10,13,0.30141121459367237,23,1,1,1,1.0,1.0
late,6,2,0.010009924326218037,70,1,0,1,0.0,0.03125
late,5,2,0.5716383765259254,23,1,1,1,1.0,0.125
late,1,13,0.2915973856648162,23,1,1,1,0.0,0.09090909090909091
late,1,5,0.014627848633503871,23,1,0,1,0.0,0.09090909090909091
late,1,5,0.010081452646819263,70,1,0,1,0.0,0.009708737864077669
late,5,2,0.014248663071249383,23,1,0,1,0.0,0.125
late,5,5,0.014248663071249383,23,1,0,1,0.0,0.125
late,4,5,0.014366424486806115,23,1,0,1,0.0,0.1
late,4,1,0.014094641158569801,23,1,0,1,0.0,0.1
late,1,13,0.014642126115993193,23,1,0,1,0.0,0.09090909090909091
late,11,3,0.5296087847527469,70,2,1,1,1.0,0.017543859649122806
late,10,1,0.5732805635768518,23,2,1,1,1.0,0.16666666666666666
late,11,13,0.014550176409151717,23,2,0,1,0.0,0.3333333333333333
late,11,2,0.5408144772524036,23,2,1,1,1.0,0.3333333333333333
late,6,6,0.5519331359588473,23,1,1,1,1.0,0.14285714285714285
late,11,1,0.6259674229409183,135,3,1,1,1.0,0.3333333333333333
late,13,13,0.17432437153718988,70,1,3,1,0.0,0.1
late,6,2,0.6180580265185975,135,1,1,1,0.0,0.2
late,14,2,0.41848348656738577,70,3,1,1,0.0,1.0
late,2,6,0.6114881592188882,135,1,1,1,1.0,0.3333333333333333
late,13,13,0.242519651802419,135,3,3,1,1.0,1.0
late,10,13,0.24353038551068093,135,3,3,1,0.0,1.0
late,4,13,0.2644563271769092,135,1,3,1,0.0,0.3333333333333333
late,10,13,0.18297037910319797,70,3,3,1,0.0,0.25
late,6,13,0.3099838286292857,135,1,3,1,0.0,0.2
late,0,1,0.9278915422770423,135,5,1,1,1.0,0.5
late,0,13,0.6531775498705666,62,5,1,1,1.0,0.2
late,11,2,0.531883759198063,62,3,1,1,1.0,0.3333333333333333
late,0,10,0.7128258204011293,62,5,2,1,1.0,0.2
late,6,2,0.5122831135207025,62,1,1,1,0.0,0.3333333333333333
late,6,1,0.4935750880171358,70,1,1,1,1.0,0.03125
late,10,1,0.565957036914918,19,3,1,1,1.0,0.25
late,10,1,0.4901497898020683,70,3,1,1,1.0,0.25
late,1,14,0.2810157263630663,19,1,1,1,1.0,0.03225806451612903
late,11,11,0.48799172247924383,19,2,3,1,1.0,0.034482758620689655
late,0,4,0.9042568132895964,19,5,1,1,1.0,0.14285714285714285
late,1,13,0.26366966257954766,19,1,3,1,0.0,0.03225806451612903
late,0,1,0.8657869710458383,62,5,1,1,1.0,0.2
late,0,13,0.582837887507283,62,5,3,1,1.0,0.2
late,11,2,0.011733277731029485,62,2,0,1,0.0,0.09090909090909091
late,0,11,0.7392969529670883,62,5,2,1,1.0,0.2
late,4,6,0.501669619602302,62,1,1,1,0.0,0.125
late,4,2,0.5178810491237242,62,1,1,1,1.0,0.125
late,11,13,0.2163408346685766,62,3,3,1,0.0,0.3333333333333333
late,11,4,0.5659413704151527,62,3,1,1,1.0,0.3333333333333333
late,1,2,0.5409207072521143,62,1,1,1,1.0,0.045454545454545456
late,13,13,0.23390711306164833,62,3,1,1,0.0,0.3333333333333333
late,14,14,0.21030029508804216,62,1,1,1,0.0,0.3333333333333333
late,11,2,0.6056882515835812,44,3,1,1,0.0,1.0
late,13,2,0.5877160712898444,44,3,1,1,0.0,0.2
late,2,5,0.590560459826223,44,1,1,1,1.0,0.16666666666666666
late,6,2,0.605083337863654,44,1,1,1,0.0,0.16666666666666666
late,2,1,0.6355256043121339,44,1,1,1,0.0,0.16666666666666666
late,6,1,0.6243707397236825,44,1,1,1,0.0,0.16666666666666666
late,6,6,0.5964395974495721,44,3,1,1,1.0,0.5
late,2,13,0.30464715966171346,44,1,3,1,0.0,0.16666666666666666
late,0,5,0.9078344472080143,44,5,1,1,1.0,0.3333333333333333
late,6,6,0.6012323905163307,44,1,1,1,0.0,0.16666666666666666
late,5,13,0.3227975876875927,44,1,3,1,0.0,0.3333333333333333
late,6,5,0.5874368744955283,44,1,1,1,1.0,0.16666666666666666
late,13,14,0.2854923767113537,44,3,3,1,1.0,0.2
late,6,6,0.6005846793029241,44,3,3,1,0.0,0.5
late,0,5,0.8441094534931948,158,5,1,1,1.0,0.25
late,13,5,0.5431290009002963,23,1,1,1,0.0,0.5
late,5,5,0.5557034584260989,158,1,1,1,1.0,0.5
late,10,10,0.4088499614893895,158,2,3,1,0.0,0.16666666666666666
late,2,6,0.47803401459708583,158,1,1,1,1.0,0.2
late,11,7,0.4726311801389958,158,3,1,1,1.0,0.3333333333333333
late,11,11,0.447216613901728,136,3,3,1,0.0,0.06666666666666667
late,11,7,0.5134747853439601,136,3,1,1,0.0,0.06666666666666667
late,0,10,0.7056076983113897,158,5,2,1,1.0,0.25
late,5,13,0.25663134840425367,158,1,3,1,1.0,0.5
late,0,6,0.8542432030621818,136,5,3,1,1.0,0.047619047619047616
late,10,1,0.5424379974374071,136,3,1,1,1.0,0.07142857142857142
late,2,2,0.5133534129070009,158,1,1,1,0.0,0.2
late,7,6,0.46572694608700876,158,1,1,1,0.0,1.0
late,11,6,0.565789818821319,136,3,1,1,1.0,0.06666666666666667
late,13,2,0.4585526791771541,136,3,3,1,0.0,0.011904761904761904
late,11,1,0.5325530346124289,158,3,1,1,0.0,0.3333333333333333
late,6,6,0.4595701578446088,158,1,3,1,1.0,0.09090909090909091
late,4,2,0.4801096207286225,158,1,1,1,0.0,0.25
late,6,3,0.49853140219301206,70,1,1,1,1.0,0.03125
late,1,13,0.250811491307424,67,1,1,1,1.0,0.16666666666666666
late,1,13,0.25276622184645164,23,1,3,1,0.0,0.09090909090909091
late,6,2,0.47402749782068654,70,3,1,1,1.0,1.0
late,4,6,0.46529955204421497,70,1,3,1,1.0,0.04
late,4,1,0.5868338187267217,23,1,1,1,1.0,0.1
late,1,6,0.4870640459403513,70,1,3,1,0.0,0.009708737864077669
late,11,5,0.4457958613373939,67,2,1,1,0.0,0.2
late,3,1,0.5526769829377788,70,1,1,1,0.0,0.5
late,13,2,0.010032978140746912,70,1,0,1,0.0,0.1
late,11,1,0.5606228368236792,23,2,1,1,1.0,0.3333333333333333
late,4,6,0.5530275950820852,23,1,1,1,0.0,0.1
late,5,5,0.5438014322403782,23,1,1,1,0.0,0.125
late,6,6,0.014486643712293235,23,1,0,1,0.0,0.14285714285714285
late,13,13,0.2904711217127099,23,1,1,1,1.0,0.5
late,10,1,0.015497832964492593,23,2,0,1,0.0,0.16666666666666666
late,6,6,0.5394617815418409,23,3,3,1,1.0,1.0
late,6,6,0.464296312774736,67,1,1,1,1.0,0.125
late,13,2,0.00849849702535403,67,1,0,1,0.0,0.2
late,10,1,0.472207121180416,67,2,1,1,0.0,0.3333333333333333
late,13,1,0.482514842522854,67,1,1,1,1.0,0.2
late,12,1,0.5068018522105364,67,2,1,1,0.0,1.0
late,1,10,0.394216923110358,70,1,2,1,1.0,0.009708737864077669
late,10,13,0.008267162641035197,67,2,0,1,0.0,0.3333333333333333
late,7,5,0.4356458995173743,67,1,1,1,1.0,0.25
late,5,13,0.009321913059806248,70,1,0,1,0.0,0.02702702702702703
late,6,6,0.008441330608352005,67,1,0,1,0.0,0.125
late,2,13,0.008760860836233071,67,1,0,1,0.0,0.07692307692307693
late,1,6,0.008729140378693656,67,1,0,1,0.0,0.16666666666666666
late,11,1,0.47385791845095826,67,2,1,1,0.0,0.2
late,13,14,0.2089629564177926,67,1,1,1,0.0,0.2
late,10,13,0.22365910255895471,67,2,1,1,0.0,0.3333333333333333
late,7,13,0.21874072676180392,67,1,1,1,0.0,0.25
late,11,13,0.22350224689160733,67,2,1,1,1.0,0.2
late,9,3,0.494473891049504,102,2,3,1,0.0,0.5
late,12,1,0.49486153320599924,102,2,1,1,1.0,0.03125
late,14,13,0.23699796817744462,102,3,2,1,0.0,0.5
late,12,5,0.46216189580041767,102,2,1,1,0.0,0.03125
late,5,1,0.6217723188720204,64,3,1,1,1.0,0.16666666666666666
late,12,10,0.4310709521084806,102,2,2,1,0.0,0.03125
late,3,2,0.6438915685750503,64,3,1,1,1.0,0.041666666666666664
late,2,5,0.4239458012779856,102,1,3,1,0.0,1.0
late,12,5,0.4577089443415566,102,5,2,1,1.0,0.2
late,14,13,0.018453518341896468,64,2,0,1,0.0,1.0
late,11,13,0.1812720282891481,102,2,3,1,0.0,1.0
late,1,7,0.5664739354780398,64,1,3,1,1.0,0.008130081300813009
late,12,5,0.4404509020711823,102,2,2,1,0.0,0.03125
late,6,13,0.020113658644756588,64,2,0,1,0.0,1.0
late,1,12,0.479324552229621,102,1,2,1,1.0,0.5
late,6,5,0.014492675913893353,122,1,0,1,0.0,0.045454545454545456
late,13,13,0.19399869944821563,70,1,1,1,0.0,0.1
late,5,1,0.4730526284846726,103,1,1,1,1.0,0.3333333333333333
late,10,13,0.5655342510266952,103,2,4,1,0.0,0.5
late,11,10,0.5632001088165098,70,5,5,1,1.0,0.14285714285714285
late,11,2,0.4360173854175775,103,3,1,1,0.0,1.0
late,4,13,0.21776351028244278,70,4,1,1,0.0,0.125
late,10,6,0.4203023347987731,103,3,1,1,1.0,0.5
late,14,5,0.011851083414143739,102,3,0,1,0.0,0.5
late,4,1,0.5035065708125124,103,4,1,1,0.0,1.0
late,10,2,0.4533243241567287,103,2,1,1,0.0,0.5
late,10,1,0.5091222560734479,103,5,1,1,0.0,1.0
late,11,13,0.16971957036744806,103,4,1,1,0.0,1.0
late,1,2,0.46832327602559803,103,1,1,1,0.0,0.2
late,13,6,0.43604619699422376,70,1,1,1,1.0,0.1
late,12,5,0.01149637444712987,102,2,0,1,0.0,0.03125
late,12,13,0.23675809991372238,102,2,2,1,1.0,0.03125
late,10,5,0.4098246751844603,103,3,1,1,0.0,0.5
late,6,6,0.49913657459290933,151,1,1,1,0.0,0.25
late,11,13,0.1685237350896254,151,2,3,1,1.0,0.2
late,11,13,0.1545798617928767,151,3,3,1,0.0,0.2
late,10,13,0.14827888130912054,151,3,3,1,0.0,0.5
late,3,12,0.4595537230745854,151,1,2,1,0.0,1.0
late,14,6,0.48143972800529355,128,3,1,1,1.0,0.3333333333333333
late,1,13,0.18425591445007394,151,1,3,1,0.0,0.08333333333333333
late,13,6,0.444484316120016,151,3,1,1,0.0,0.3333333333333333
late,10,13,0.19764087801444752,151,2,3,1,0.0,0.3333333333333333
late,6,13,0.20308855686864524,151,1,3,1,0.0,0.25
late,11,10,0.4388568597216067,151,2,2,1,1.0,0.2
late,10,2,0.46884996342001695,151,2,1,1,0.0,0.3333333333333333
late,6,3,0.5624073034238474,128,1,1,1,1.0,0.015151515151515152
late,10,5,0.4581630725516539,151,2,1,1,1.0,0.3333333333333333
late,13,6,0.4528388481961499,151,3,3,1,0.0,0.3333333333333333
late,12,13,0.20850277706292952,102,2,3,1,0.0,0.03125
late,9,9,0.4635665405732401,102,2,2,1,0.0,0.5
late,1,3,0.5580686182897389,102,1,3,1,0.0,0.5
late,11,13,0.31360587204958335,64,2,2,1,1.0,0.030303030303030304
late,7,5,0.4713824992901589,107,1,1,1,1.0,0.5
late,5,12,0.4035253422845725,107,1,3,1,1.0,0.1
late,10,6,0.48503547392875224,107,3,1,1,0.0,0.25
late,13,1,0.46475031085937346,128,3,3,1,0.0,0.015384615384615385
late,1,3,0.5193587908515748,151,1,1,1,1.0,0.08333333333333333
late,4,5,0.42567363281499765,107,1,1,1,1.0,0.2
late,13,2,0.4544796510132596,107,3,1,1,0.0,0.25
late,10,13,0.19184117485189028,107,3,3,1,0.0,0.25
late,6,5,0.4774866222529049,107,1,1,1,0.0,0.08333333333333333
late,11,3,0.49936593380660427,151,3,1,1,0.0,0.2
late,10,2,0.44163335929062786,151,3,1,1,0.0,0.5
late,13,10,0.3747715632509317,151,3,2,1,0.0,0.3333333333333333
late,10,3,0.5503500192536277,128,2,1,1,1.0,0.0125
late,10,2,0.013723804425865816,128,3,0,1,0.0,0.029411764705882353
late,10,13,0.2004599311575149,89,3,3,1,0.0,0.1111111111111111
late,10,13,0.012447643038692788,89,2,0,1,0.0,0.25
late,10,2,0.5042974749334256,89,2,1,1,1.0,0.25
late,7,13,0.19135494390307586,89,1,3,1,1.0,0.5
late,4,6,0.48880909028049313,89,1,1,1,1.0,0.5
late,1,14,0.20725438132755702,89,1,3,1,0.0,0.08333333333333333
late,11,10,0.43230960679202296,89,2,3,1,1.0,0.5
late,4,1,0.5181511610057032,89,1,1,1,0.0,0.5
late,1,13,0.2266947720531143,89,1,3,1,1.0,0.08333333333333333
late,2,1,0.013077828752565954,128,1,0,1,0.0,0.02631578947368421
late,1,13,0.012417019236979238,89,1,0,1,0.0,0.08333333333333333
late,5,1,0.5744193131184626,89,1,1,1,0.0,1.0
late,6,6,0.012334842241505524,89,1,0,1,0.0,0.1
late,13,2,0.45703613049771147,89,3,1,1,0.0,0.16666666666666666
late,4,13,0.24891781326943613,62,1,1,1,0.0,0.125
late,1,3,0.6337205697430193,70,4,1,1,1.0,1.0
late,4,5,0.4873027482066612,62,1,1,1,0.0,0.125
late,6,14,0.26258340855970225,111,1,1,1,1.0,0.125
late,14,1,0.46575725826681985,62,1,1,1,1.0,0.3333333333333333
late,14,2,0.44399677275648003,62,1,1,1,0.0,0.3333333333333333
late,5,5,0.5439675102500423,111,1,1,1,1.0,0.07142857142857142
late,10,5,0.47798619935338904,62,2,1,1,0.0,0.125
late,13,1,0.5033574392850974,62,1,1,1,0.0,0.25
late,11,5,0.4906469940933633,62,2,1,1,1.0,0.09090909090909091
late,10,6,0.49048877860180073,62,2,1,1,1.0,0.125
late,14,1,0.513625252408605,111,1,1,1,1.0,0.3333333333333333
late,10,2,0.016328172939241183,111,2,0,1,0.0,0.034482758620689655
late,5,5,0.5020394598672921,62,1,1,1,1.0,0.16666666666666666
late,4,13,0.010394929969493753,62,1,0,1,0.0,0.125
late,13,14,0.22770916415414502,62,1,1,1,1.0,0.25
late,5,13,0.25814389357126827,62,1,1,1,0.0,0.16666666666666666
late,11,10,0.5640654211606262,62,2,5,1,0.0,0.09090909090909091
late,6,1,0.5269342210686337,62,1,1,1,1.0,0.3333333333333333
late,14,14,0.1984405349649181,103,1,1,1,0.0,1.0
late,13,5,0.3443997224973719,103,1,1,1,1.0,1.0
late,11,10,0.3803171730318752,70,3,3,1,1.0,0.06666666666666667
late,11,1,0.4730722353719852,103,2,1,1,0.0,1.0
late,5,1,0.5136576095566399,70,1,1,1,1.0,0.02702702702702703
late,3,5,0.013121435680204895,136,3,0,1,0.0,0.07142857142857142
late,13,10,0.013219025500442353,136,3,0,1,0.0,0.011904761904761904
late,13,12,0.5665302861455197,155,3,5,1,1.0,0.14285714285714285
late,6,11,0.4759133254875508,136,3,2,1,0.0,0.02
late,13,12,0.017338111082519196,155,3,0,1,0.0,0.14285714285714285
late,9,5,0.5271585129623719,155,2,3,1,1.0,0.09090909090909091
late,9,12,0.6450569563094232,155,2,5,1,1.0,0.09090909090909091
late,6,11,0.44872541073230743,136,2,2,1,0.0,1.0
late,10,5,0.014039195292026784,136,2,0,1,0.0,0.005649717514124294
late,5,5,0.5138019090633997,155,3,3,1,1.0,0.07692307692307693
late,10,6,0.4958906850168225,89,3,1,1,0.0,0.1111111111111111
late,13,13,0.17981409822091968,89,3,3,1,1.0,0.16666666666666666
late,11,1,0.531850046911412,89,2,1,1,1.0,0.5
late,1,1,0.011954750288761182,89,1,0,1,0.0,0.08333333333333333
late,7,2,0.49257266773214714,89,1,1,1,1.0,0.5
late,11,13,0.012243967348064565,89,3,0,1,0.0,0.5
late,11,5,0.47955687152019666,89,3,1,1,0.0,0.5
late,6,3,0.562153293648794,155,3,3,1,1.0,1.0
late,10,3,0.5839325109583428,136,5,3,1,1.0,0.16666666666666666
late,1,12,0.6282612342016323,155,1,5,1,1.0,0.1111111111111111
late,9,12,0.017698851665647324,155,2,0,1,0.0,0.09090909090909091
late,13,10,0.45717432527894253,136,5,2,1,0.0,1.0
late,5,8,0.3747021938164324,155,3,2,1,0.0,0.07692307692307693
late,5,6,0.5331339867957893,136,3,3,1,1.0,0.5
late,13,3,0.5214281657628471,136,1,3,1,1.0,0.018867924528301886
late,11,5,0.4954304115759767,136,2,3,1,0.0,0.023255813953488372
late,10,12,0.018165296581692747,155,2,0,1,0.0,0.012195121951219513
late,12,2,0.5512206102767683,155,4,1,1,0.0,0.2
late,4,13,0.23720632297335736,54,1,1,1,0.0,0.07692307692307693
late,7,13,0.012881619862370092,157,1,0,1,0.0,0.14285714285714285
late,6,13,0.28196617355746645,111,1,1,1,0.0,0.125
late,6,5,0.5302542153194314,111,1,1,1,0.0,0.125
late,14,14,0.01441310326892218,111,1,0,1,0.0,0.3333333333333333
late,7,13,0.2863375912142318,157,1,1,1,0.0,0.14285714285714285
late,11,6,0.5524822125867239,111,2,1,1,1.0,0.016129032258064516
late,11,4,0.5537122961181348,157,2,1,1,0.0,0.023809523809523808
late,4,10,0.48467054965815015,111,1,5,1,0.0,0.0625
late,5,2,0.4656973789873987,156,3,1,1,1.0,0.5
late,2,1,0.502145654970774,48,1,1,1,1.0,1.0
late,10,13,0.18484948849649444,156,2,3,1,0.0,0.1
late,5,3,0.5433455674181469,48,3,3,1,0.0,1.0
late,1,11,0.47964805789284604,48,1,2,1,1.0,0.1111111111111111
late,12,5,0.4492775731256149,156,5,3,1,0.0,0.14285714285714285
late,1,10,0.33423670388377974,151,1,3,1,1.0,0.08333333333333333
late,13,10,0.40687905925159173,48,3,2,1,0.0,0.5
late,1,9,0.40190973956745274,156,1,2,1,1.0,0.125
late,13,3,0.5064924685962929,48,3,3,1,1.0,0.5
late,11,1,0.5023686867094711,48,3,1,1,0.0,1.0
late,1,5,0.507778312687988,48,1,3,1,0.0,0.1111111111111111
late,8,12,0.4235311406567949,156,4,2,1,0.0,0.25
late,7,6,0.46892354935548153,48,2,3,1,1.0,1.0
late,11,3,0.5438760395361548,48,2,1,1,0.0,0.06666666666666667
late,12,9,0.4284977349415146,156,2,2,1,0.0,0.022222222222222223
late,3,11,0.48379831731835166,48,3,2,1,1.0,0.1
late,12,2,0.484061411299707,156,5,3,1,0.0,0.14285714285714285
late,14,14,0.19191376852551173,156,1,3,1,0.0,1.0
late,11,3,0.5440402268295617,48,2,3,1,0.0,0.06666666666666667
late,8,13,0.18974077228027228,156,4,2,1,0.0,0.25
late,8,12,0.405638619435804,156,2,2,1,0.0,1.0
late,8,12,0.37611454729286287,156,3,2,1,0.0,1.0
late,12,13,0.2236720177111635,156,2,1,1,1.0,0.022222222222222223
late,6,2,0.5167260494122828,96,3,1,1,0.0,0.05
late,2,5,0.5299651835951372,11,1,3,1,1.0,0.06666666666666667
late,5,12,0.019761475665673517,11,3,0,1,0.0,0.5
late,10,13,0.31952564234246583,11,2,2,1,0.0,0.16666666666666666
late,6,13,0.012557904277188022,96,3,0,1,0.0,0.05
late,6,1,0.6602910139587618,11,3,1,1,1.0,1.0
late,5,12,0.5344833222903571,11,3,2,1,1.0,0.5
late,10,5,0.48330655353382024,96,2,3,1,0.0,0.008333333333333333
late,12,5,0.5655707963902679,11,5,3,1,1.0,1.0
late,11,6,0.01379402621945335,96,2,0,1,0.0,0.00980392156862745
late,3,11,0.5046783423631868,64,3,3,1,0.0,0.041666666666666664
late,10,2,0.5060736073276771,56,2,1,1,1.0,0.1
late,1,3,0.694538032694686,64,3,3,1,1.0,1.0
late,12,5,0.4527057922977583,56,2,3,1,0.0,0.017543859649122806
late,10,10,0.47449314224528016,56,2,2,1,0.0,0.1
late,1,13,0.26889396737899945,54,1,1,1,1.0,0.05263157894736842
late,7,13,0.2564230921947635,54,1,1,1,1.0,1.0
late,11,5,0.5296286674840799,111,2,1,1,0.0,0.016129032258064516
late,11,4,0.524942330793282,54,2,1,1,1.0,0.125
late,11,5,0.4845984940784654,54,2,1,1,0.0,0.125
late,11,13,0.0114315813677997,54,2,0,1,0.0,0.125
late,10,10,0.4597605772211493,54,2,2,1,1.0,0.3333333333333333
late,10,13,0.2667065435040407,54,2,1,1,0.0,0.3333333333333333
late,12,14,0.225541264105707,64,2,3,1,1.0,1.0
late,10,10,0.587690222362327,56,2,5,1,0.0,0.1
late,12,1,0.5175620958418093,56,5,1,1,1.0,0.14285714285714285
late,12,2,0.49900969868475825,56,5,1,1,0.0,0.14285714285714285
late,2,5,0.3664815977082898,56,1,3,1,0.0,1.0
late,10,3,0.5373541451024855,56,2,3,1,0.0,0.1
late,10,13,0.17536453209335542,56,4,3,1,0.0,0.5
late,5,12,0.45650622587658507,56,3,2,1,0.0,1.0
late,3,3,0.6159737012307153,56,3,3,1,0.0,0.5
late,10,5,0.4873080035183743,54,2,1,1,1.0,0.3333333333333333
late,10,6,0.48973931638196844,107,2,3,1,1.0,0.04
late,6,6,0.4971005718239365,107,3,3,1,1.0,0.125
late,5,13,0.2075944319489113,107,1,3,1,0.0,0.1
late,11,11,0.4971082671372569,128,2,2,1,1.0,0.02127659574468085
late,11,7,0.46694311310801956,107,2,3,1,0.0,0.14285714285714285
late,6,13,0.012707045445693252,128,3,0,1,0.0,0.3333333333333333
late,1,12,0.5279083270381731,107,1,4,1,1.0,0.024390243902439025
late,11,7,0.4919800372350788,128,2,3,1,1.0,0.02127659574468085
late,7,5,0.48171596623542456,107,3,1,1,1.0,0.2
late,11,13,0.17522618190886308,46,2,3,1,0.0,0.25
late,11,1,0.49547514523103486,46,2,1,1,0.0,0.25
late,6,13,0.19924873475424554,46,1,3,1,0.0,0.125
late,2,10,0.4002428700487745,128,1,2,1,0.0,0.02631578947368421
late,13,14,0.16788160730134713,46,3,3,1,0.0,0.2
late,13,13,0.010205004588040583,46,3,0,1,0.0,0.2
late,12,13,0.218098131416146,156,2,2,1,0.0,0.022222222222222223
late,11,5,0.46284136870343157,151,3,1,1,1.0,0.2
late,4,5,0.4897297035317167,150,1,1,1,1.0,0.25
late,11,2,0.5186610972077522,150,3,1,1,0.0,0.2
late,13,14,0.20226848043185844,150,3,3,1,1.0,0.03333333333333333
late,7,5,0.4840683476411254,150,1,1,1,0.0,0.16666666666666666
late,1,3,0.5741284275042968,150,1,1,1,1.0,0.03333333333333333
late,13,14,0.20058484459105874,128,3,3,1,0.0,0.015384615384615385
late,11,6,0.4938044748785736,46,2,1,1,0.0,0.25
late,11,3,0.5029449088651707,46,3,1,1,1.0,1.0
late,10,1,0.4947793527927068,46,3,1,1,1.0,0.25
late,6,1,0.5016019820550237,46,1,1,1,0.0,0.125
late,5,1,0.013244409923606886,128,1,0,1,0.0,0.047619047619047616
late,11,10,0.4495684273789065,46,2,2,1,1.0,0.25
late,10,6,0.4896040525294728,46,2,1,1,1.0,0.2
late,10,13,0.21907786830065962,46,2,3,1,0.0,0.2
late,10,5,0.4767764949024255,46,2,1,1,0.0,0.2
late,6,5,0.4613923572039613,46,1,1,1,0.0,0.125
late,2,1,0.5400114578287328,163,1,1,1,0.0,1.0
late,13,2,0.4597838844849982,163,3,1,1,1.0,0.5
late,1,3,0.5578901538719041,163,1,1,1,0.0,0.09090909090909091
late,1,1,0.011439426726482526,163,1,0,1,0.0,0.09090909090909091
late,11,14,0.17082440737225962,163,2,3,1,0.0,0.14285714285714285
late,7,1,0.5209873295032743,163,1,1,1,0.0,1.0
late,4,1,0.5143348740332804,163,1,1,1,1.0,0.5
late,13,8,0.27698017922929963,107,3,1,1,0.0,0.25
late,1,5,0.5027248898148976,163,1,1,1,1.0,0.09090909090909091
late,1,13,0.22812370776899113,163,1,3,1,0.0,0.09090909090909091
late,3,1,0.47675919255722754,156,2,1,1,0.0,1.0
late,5,13,0.2206103330244956,48,1,3,1,1.0,1.0
late,5,5,0.43758484415259824,156,3,3,1,1.0,0.5
late,8,5,0.4433207571369413,156,4,2,1,0.0,0.25
late,12,10,0.5126239464245798,156,2,5,1,1.0,0.022222222222222223
late,1,3,0.5321777846008989,156,1,2,1,1.0,0.125
late,13,13,0.011443704678879382,163,3,0,1,0.0,0.5
late,6,1,0.5088838609696682,107,3,1,1,0.0,0.125
late,13,6,0.5116432769673297,128,3,3,1,1.0,0.015384615384615385
late,7,13,0.21634566340525696,107,1,3,1,0.0,0.5
late,11,6,0.5410198084275122,128,2,3,1,1.0,0.02127659574468085
late,10,5,0.014248604659831507,128,2,0,1,0.0,0.0125
late,8,2,0.45500183938516536,107,3,1,1,0.0,1.0
late,1,14,0.010991388040729941,107,1,0,1,0.0,0.024390243902439025
late,10,2,0.012382074783776209,163,2,0,1,0.0,0.14285714285714285
late,6,1,0.013827174447774778,128,3,0,1,0.0,0.3333333333333333
late,10,13,0.010798588780671557,107,2,0,1,0.0,0.04
late,6,13,0.010299650397881492,107,3,0,1,0.0,0.125
late,10,13,0.22698966283688232,163,2,3,1,0.0,0.14285714285714285
late,4,13,0.21208902305822896,163,1,3,1,0.0,0.5
late,11,10,0.4245687382662073,163,2,3,1,1.0,0.14285714285714285
late,10,1,0.5189610711066537,163,2,1,1,1.0,0.14285714285714285
late,14,2,0.4743947628361229,128,3,1,1,0.0,0.3333333333333333
late,1,6,0.5262585970660334,128,1,3,1,0.0,0.0048543689320388345
late,6,2,0.01748957849425442,101,1,0,1,0.0,0.030303030303030304
late,2,1,0.016828598182067122,101,1,0,1,0.0,0.027777777777777776
late,10,2,0.536254368945608,101,3,1,1,1.0,0.14285714285714285
late,10,5,0.5232321307225942,101,3,1,1,0.0,0.14285714285714285
late,13,2,0.015235245947080889,106,3,0,1,0.0,0.034482758620689655
late,10,2,0.016128707425580868,106,2,0,1,0.0,0.03125
late,14,14,0.28027824648632577,106,1,1,1,1.0,1.0
late,4,5,0.5725483748321873,106,4,1,1,1.0,0.2
late,4,13,0.014085678051143418,106,4,0,1,0.0,0.2
late,2,5,0.5196651165532509,106,1,1,1,1.0,0.04
late,11,13,0.014931518330342819,106,3,0,1,0.0,0.2
late,11,1,0.5464054788896705,106,3,1,1,1.0,0.2
late,6,3,0.5456911376221493,96,1,1,1,1.0,0.013157894736842105
late,13,14,0.24807787192575467,106,3,1,1,0.0,0.034482758620689655
late,4,13,0.23571707628002558,106,4,3,1,0.0,0.2
late,6,13,0.2387032155301346,62,1,1,1,0.0,0.3333333333333333
late,11,10,0.4891996708040039,2,2,2,1,1.0,1.0
late,6,5,0.509960873092279,116,3,3,1,1.0,0.16666666666666666
late,3,3,0.588529081510054,116,3,3,1,0.0,1.0
late,10,1,0.49211959543555794,2,2,1,1,1.0,0.07142857142857142
late,13,13,0.14752801575956198,2,3,3,1,0.0,1.0
late,10,13,0.15281922138292753,2,3,3,1,0.0,1.0
late,5,3,0.5725282217840384,116,3,3,1,1.0,0.25
late,10,10,0.46355749814031044,2,5,2,1,1.0,1.0
late,7,5,0.47307866510361507,116,3,3,1,0.0,1.0
late,10,12,0.471424102439647,2,2,2,1,1.0,0.07142857142857142
late,5,6,0.5125789344495584,2,1,3,1,0.0,1.0
late,6,1,0.5118711853002268,2,3,1,1,0.0,0.07692307692307693
late,6,13,0.22433584364626072,116,3,3,1,1.0,0.16666666666666666
late,10,13,0.015544658709340959,116,2,0,1,0.0,0.05
late,6,3,0.5170877524257477,2,3,3,1,1.0,0.07692307692307693
late,10,13,0.01099661852869709,2,2,0,1,0.0,0.07142857142857142
late,10,5,0.498621753425547,116,2,3,1,1.0,0.05
late,5,13,0.24692037017830276,144,3,3,1,0.0,0.14285714285714285
late,7,3,0.5577703265356814,144,2,3,1,1.0,0.3333333333333333
late,5,11,0.5090094486276419,144,3,2,1,0.0,0.14285714285714285
late,2,3,0.5670394170857869,155,1,3,1,0.0,0.2
late,13,3,0.5480060403184672,155,3,3,1,1.0,0.14285714285714285
late,12,6,0.5163591819324699,144,2,3,1,0.0,0.5
late,13,3,0.5495270836246415,144,3,3,1,1.0,0.038461538461538464
late,10,5,0.016956097671936753,155,2,0,1,0.0,0.012195121951219513
late,12,3,0.6237534515157878,155,5,3,1,1.0,0.041666666666666664
late,7,13,0.22495968482721831,144,2,3,1,0.0,0.3333333333333333
late,3,13,0.23229276331430745,144,3,3,1,0.0,0.0625
late,7,1,0.543634293013996,144,2,1,1,1.0,0.3333333333333333
late,10,2,0.5477416767569627,155,2,1,1,0.0,0.012195121951219513
late,3,11,0.5308842403343375,155,3,2,1,1.0,0.1111111111111111
late,5,14,0.014790628088728127,144,3,0,1,0.0,0.14285714285714285
late,13,6,0.01721264366168232,101,3,0,1,0.0,0.030303030303030304
late,1,5,0.01708004610038276,101,1,0,1,0.0,0.008771929824561403
late,11,6,0.581754052888157,101,3,1,1,0.0,0.16666666666666666
late,5,2,0.5435325232228491,155,3,1,1,0.0,0.07692307692307693
late,13,9,0.4765792728110255,155,3,2,1,1.0,0.14285714285714285
late,14,5,0.4909603413967642,144,3,3,1,0.0,0.5
late,3,5,0.5592009586627487,144,3,3,1,1.0,0.0625
late,13,5,0.4912140041926445,155,2,3,1,0.0,0.3333333333333333
late,3,11,0.4667086871760795,144,3,3,1,1.0,0.0625
late,11,6,0.600371574891111,144,2,4,1,1.0,0.03571428571428571
late,1,10,0.4574704100598714,144,1,2,1,0.0,0.011764705882352941
late,6,9,0.5362895004330689,155,2,2,1,1.0,0.16666666666666666
late,3,11,0.5337119723813861,144,3,2,1,0.0,0.0625
late,11,5,0.01704097428428803,144,2,0,1,0.0,0.03571428571428571
late,10,12,0.6534207425120697,155,2,5,1,1.0,0.012195121951219513
late,9,6,0.564544991182062,155,2,2,1,0.0,0.09090909090909091
late,14,1,0.5436911189522984,144,3,1,1,1.0,0.5
late,11,13,0.25068067673762967,144,2,3,1,1.0,0.03571428571428571
late,6,13,0.275229706619124,101,1,1,1,0.0,0.030303030303030304
late,10,13,0.2521059943659974,101,3,1,1,0.0,0.14285714285714285
late,11,13,0.23851692273735892,29,2,1,1,0.0,0.2
late,1,1,0.6159723693912011,101,3,1,1,0.0,1.0
late,13,2,0.3812348183054753,29,3,1,1,1.0,0.5
late,8,13,0.17453741749025461,29,3,3,1,0.0,1.0
late,1,14,0.17683420626381577,29,1,3,1,0.0,0.09090909090909091
late,1,6,0.4472587035850913,29,1,3,1,0.0,0.09090909090909091
late,10,6,0.4521630974707603,29,2,1,1,0.0,0.2
late,12,6,0.4447176642417218,29,5,1,1,1.0,1.0
late,11,13,0.27429694557259154,101,5,3,1,0.0,0.25
late,5,3,0.5898986022701698,101,1,1,1,1.0,0.045454545454545456
late,14,14,0.12210039348470324,29,4,3,1,0.0,1.0
late,13,6,0.5051742424979079,101,1,3,1,0.0,0.08333333333333333
late,1,2,0.4105654115039686,29,3,3,1,0.0,1.0
late,10,6,0.5358013451123559,116,2,3,1,0.0,0.05
late,4,5,0.5692926703268882,101,4,1,1,1.0,0.14285714285714285
late,6,5,0.44395944326520465,98,1,1,1,0.0,0.14285714285714285
late,10,1,0.5299034581232451,136,1,1,1,0.0,0.2
late,13,10,0.36423283821691765,81,1,1,1,1.0,0.07692307692307693
late,2,13,0.013580126657704274,136,1,0,1,0.0,0.0038910505836575876
late,10,2,0.47054738409444047,81,1,1,1,1.0,0.5
late,3,2,0.5500384102737389,136,1,1,1,0.0,1.0
late,11,1,0.4461769237777829,29,2,3,1,0.0,0.2
late,10,1,0.5299364236236727,81,2,1,1,0.0,0.058823529411764705
late,10,13,0.1724399537849651,81,1,1,1,0.0,0.5
late,13,2,0.49063164847669477,81,2,1,1,0.0,1.0
late,4,2,0.49740395451491826,81,1,1,1,1.0,1.0
late,14,2,0.4323436028230383,81,1,1,1,0.0,1.0
late,10,10,0.4708972576192868,81,2,2,1,1.0,0.058823529411764705
late,13,2,0.013414207762523325,136,1,0,1,0.0,0.018867924528301886
late,10,13,0.21410182816469397,101,4,3,1,0.0,1.0
late,7,13,0.2456618153680159,81,1,1,1,0.0,1.0
late,13,3,0.5134046719904607,116,3,3,1,1.0,0.25
late,5,5,0.5126204122383011,116,3,3,1,1.0,0.25
late,5,6,0.4903670003231588,2,3,3,1,0.0,0.3333333333333333
late,4,1,0.3762742841632975,18,1,1,1,0.0,1.0
late,2,5,0.3703503325298689,18,1,1,1,0.0,0.5
late,2,13,0.17204922275602225,18,1,1,1,1.0,0.5
late,7,3,0.41884893611444707,18,1,1,1,1.0,1.0
late,13,13,0.006180435974612584,18,1,0,1,0.0,0.09090909090909091
late,10,1,0.4320824968396639,18,2,1,1,0.0,0.25
late,4,1,0.42688975359200865,18,2,1,1,0.0,1.0
late,10,4,0.5532398371606476,136,2,1,1,1.0,0.005649717514124294
late,7,13,0.2791732637673286,136,1,1,1,1.0,0.03125
late,10,1,0.48942853960981786,136,2,2,1,0.0,0.005649717514124294
late,10,10,0.4486644997359907,1,2,2,1,0.0,0.125
late,13,13,0.25439020902049997,1,2,1,1,0.0,1.0
late,6,5,0.3856199663285777,29,1,3,1,0.0,0.3333333333333333
late,1,13,0.19519986338340267,29,1,3,1,0.0,0.09090909090909091
late,4,1,0.500102467889363,101,1,3,1,1.0,0.03125
late,1,3,0.48838967730381405,29,1,3,1,0.0,0.09090909090909091
late,10,5,0.5059172949816623,101,3,3,1,0.0,0.14285714285714285
late,1,2,0.4174220355465687,29,1,3,1,0.0,0.09090909090909091
late,2,5,0.43422068119494456,29,3,3,1,1.0,1.0
late,13,3,0.41427152988801147,29,3,1,1,0.0,0.5
late,1,2,0.4987089360965082,1,1,1,1,1.0,0.3333333333333333
late,9,3,0.5450033491749039,125,3,3,1,0.0,0.3333333333333333
late,9,13,0.0159751713364688,165,3,0,1,0.0,0.5
late,9,13,0.19361008917492042,165,3,3,1,0.0,0.5
late,9,3,0.015048910621272553,125,2,0,1,0.0,1.0
late,10,4,0.6006999622587892,148,2,1,1,0.0,0.07692307692307693
late,10,2,0.4448151544751352,1,2,2,1,0.0,0.125
late,13,13,0.010174239954190966,1,1,0,1,0.0,0.14285714285714285
late,10,1,0.5040930227003498,1,2,1,1,0.0,0.125
late,4,1,0.6242474401771618,101,3,1,1,1.0,1.0
late,5,6,0.5920980004522689,113,3,3,1,1.0,1.0
late,6,6,0.47499279947317796,55,3,3,1,0.0,0.125
late,10,2,0.5777536245035639,113,2,1,1,1.0,0.125
late,11,6,0.4714899546831629,55,2,3,1,1.0,0.25
late,2,6,0.6051998089812429,113,3,3,1,1.0,0.5
late,13,6,0.59560202431577,113,3,3,1,1.0,0.125
late,5,13,0.1808749933624274,55,3,3,1,0.0,1.0
late,6,6,0.610905612283451,113,3,3,1,1.0,0.16666666666666666
late,10,2,0.5360846748357913,113,2,3,1,0.0,0.125
late,6,13,0.2698766130815517,113,3,3,1,0.0,0.16666666666666666
late,13,5,0.42030172270159033,55,3,3,1,0.0,0.1111111111111111
late,11,2,0.4573655244909613,55,2,1,1,1.0,0.25
late,6,13,0.1818017472499736,55,1,3,1,0.0,1.0
late,1,13,0.20918555469998362,55,1,3,1,0.0,1.0
late,2,5,0.5731213245731377,113,3,3,1,1.0,0.5
late,6,13,0.26954261895442433,155,2,3,1,1.0,0.16666666666666666
late,13,5,0.508524760708939,47,3,3,1,0.0,0.2
late,2,3,0.6325813782254129,64,1,3,1,1.0,0.045454545454545456
late,13,5,0.46605341320904914,150,3,3,1,0.0,0.03333333333333333
late,13,3,0.5844687590742983,64,3,3,1,0.0,0.027777777777777776
late,5,5,0.48597836233543174,150,1,3,1,1.0,0.14285714285714285
late,6,5,0.5225779307385208,150,3,3,1,0.0,0.0625
late,13,5,0.5332730537971191,64,3,3,1,1.0,0.027777777777777776
late,1,3,0.5742590439200103,150,1,3,1,0.0,0.03333333333333333
late,4,2,0.47446649150072445,150,1,3,1,0.0,0.25
late,5,3,0.6377225835208139,64,3,3,1,1.0,0.16666666666666666
late,11,13,0.2745723305660769,64,2,3,1,0.0,0.030303030303030304
late,7,2,0.5256149306092408,150,3,3,1,0.0,1.0
late,2,2,0.013904587533191211,150,3,0,1,0.0,0.5
late,10,2,0.5303775308879946,64,2,3,1,0.0,0.012987012987012988
late,2,5,0.5221865931801808,150,3,3,1,1.0,0.5
late,6,2,0.6111922991482598,64,3,1,1,1.0,0.024390243902439025
late,13,2,0.4553423625678704,150,3,3,1,0.0,0.03333333333333333
late,2,5,0.48379686656132115,62,1,1,1,0.0,0.2
late,11,4,0.5649237765154134,129,2,1,1,0.0,0.014492753623188406
late,5,1,0.5926725548673647,129,1,1,1,1.0,1.0
late,11,5,0.5276371123162449,129,2,1,1,1.0,0.014492753623188406
late,11,13,0.6034306396816131,129,2,5,1,0.0,0.014492753623188406
late,13,2,0.560344974061845,111,1,1,1,1.0,0.0625
late,2,6,0.5337814928637111,111,1,1,1,0.0,0.1
late,4,5,0.5000164341073786,129,1,1,1,0.0,0.05555555555555555
late,14,2,0.49171497939266007,111,1,1,1,0.0,0.3333333333333333
late,1,1,0.6303033567370337,111,1,4,1,0.0,0.014084507042253521
late,1,6,0.6392972918571952,118,1,3,1,1.0,0.058823529411764705
late,6,1,0.49148024870106266,40,3,3,1,1.0,0.5
late,13,2,0.49977468124311436,21,3,3,1,0.0,0.037037037037037035
late,11,13,0.19093220267395175,40,2,3,1,0.0,0.5
late,6,13,0.1821227169965942,40,3,3,1,0.0,0.5
late,10,2,0.4248592657099318,55,2,3,1,0.0,0.1111111111111111
late,11,11,0.4445293401847734,55,2,2,1,0.0,0.25
late,13,2,0.5494919227238303,113,3,3,1,0.0,0.125
late,6,5,0.43661203796065434,55,3,3,1,1.0,0.125
late,1,5,0.5590319237098932,113,1,3,1,0.0,0.08333333333333333
late,4,6,0.5577187687397954,113,1,3,1,0.0,0.3333333333333333
late,6,3,0.655345073805433,113,3,3,1,0.0,0.16666666666666666
late,6,5,0.6049949252432573,113,3,1,1,1.0,0.16666666666666666
late,10,2,0.45478553981015235,40,2,1,1,0.0,0.14285714285714285
late,4,13,0.2725341834334534,113,1,3,1,1.0,0.3333333333333333
late,5,13,0.2751940204580151,113,1,3,1,1.0,1.0
late,11,13,0.1930010855872415,55,2,3,1,0.0,0.25
late,5,13,0.1982346495536046,40,1,3,1,0.0,1.0
late,11,1,0.47313431126371264,40,2,1,1,1.0,0.5
late,2,5,0.46044955549882655,40,1,1,1,1.0,1.0
late,10,1,0.4716703234342873,40,2,1,1,1.0,0.14285714285714285
late,5,5,0.4783827283702476,40,3,3,1,0.0,1.0
late,2,13,0.18504497662090552,55,1,3,1,0.0,1.0
late,6,5,0.3616296261010938,108,1,1,1,1.0,0.3333333333333333
late,6,6,0.3750566460412866,108,1,1,1,1.0,0.3333333333333333
late,7,13,0.006309991592216598,108,1,0,1,0.0,1.0
late,13,13,0.1738170323190189,108,1,1,1,0.0,1.0
late,9,3,0.5790535899093696,21,2,3,1,1.0,0.5
late,10,6,0.5512234038222068,155,2,2,1,0.0,0.012195121951219513
late,5,3,0.5169049124662226,155,2,3,1,0.0,1.0
late,10,13,0.015678905642692045,155,4,0,1,0.0,0.14285714285714285
late,11,10,0.4991726176878817,21,2,3,1,1.0,0.0196078431372549
late,9,1,0.5808576874689719,21,2,1,1,1.0,0.5
late,11,3,0.6031390275582111,21,2,3,1,1.0,0.0196078431372549
late,6,5,0.49965377750199524,21,2,3,1,0.0,0.14285714285714285
late,10,5,0.5335057392622671,21,2,2,1,1.0,0.016129032258064516
late,6,3,0.5748586864930779,155,2,3,1,1.0,0.16666666666666666
late,9,9,0.5372459036036443,155,2,2,1,1.0,0.09090909090909091
late,5,3,0.6593788641776746,47,3,3,1,0.0,0.5
late,12,13,0.015248987485116026,144,2,0,1,0.0,0.5
late,5,1,0.5833790878307046,144,3,1,1,0.0,0.14285714285714285
late,5,10,0.4845796281726965,144,3,2,1,0.0,0.14285714285714285
late,6,12,0.4900995527282395,155,2,3,1,1.0,0.16666666666666666
late,6,1,0.5132829413759347,37,3,1,1,1.0,0.5
late,10,13,0.24429423448436585,37,2,2,1,0.0,0.08333333333333333
late,10,13,0.20938701477107582,37,2,3,1,0.0,0.08333333333333333
late,5,5,0.6492845787451295,21,3,1,1,0.0,0.5
late,1,1,0.5205747605289778,96,1,2,1,1.0,0.0030120481927710845
late,13,2,0.4642655575820735,37,1,1,1,0.0,0.3333333333333333
late,4,10,0.4871062648004919,96,4,2,1,0.0,0.023809523809523808
late,6,1,0.4868054790973034,96,3,3,1,0.0,0.05
late,11,5,0.48852533839673057,96,2,3,1,0.0,0.00980392156862745
late,6,10,0.4433168958365886,96,3,2,1,0.0,0.05
late,6,6,0.5378216238613659,21,2,2,1,1.0,0.14285714285714285
late,5,13,0.23003753576800637,155,3,3,1,0.0,0.07692307692307693
late,10,13,0.2502372589151973,37,2,1,1,0.0,0.08333333333333333
late,13,2,0.49626841399276983,47,3,3,1,1.0,0.2
late,13,5,0.4994807597394323,144,3,3,1,0.0,0.038461538461538464
late,11,11,0.5516360124067581,47,2,2,1,0.0,0.5
late,11,10,0.5259978101827516,47,2,2,1,1.0,0.5
late,6,13,0.242881089439287,144,3,3,1,0.0,0.25
late,2,6,0.5268936102542862,47,1,3,1,1.0,0.1111111111111111
late,10,6,0.5489248551350077,144,2,3,1,1.0,0.0196078431372549
late,5,6,0.3789908014779742,108,1,1,1,0.0,1.0
late,6,5,0.5278204825934152,144,3,3,1,0.0,0.25
late,6,13,0.25576300482770536,47,3,3,1,1.0,0.3333333333333333
late,1,5,0.5300515689610428,144,1,3,1,0.0,0.011764705882352941
late,13,6,0.5540625999737983,47,3,3,1,1.0,0.2
late,5,6,0.5981047680143337,47,3,3,1,0.0,0.5
late,7,2,0.5530276081513776,144,3,1,1,1.0,1.0
late,11,13,0.254838546585281,47,3,3,1,0.0,1.0
late,11,5,0.5313375395626767,144,2,3,1,1.0,0.03571428571428571
late,7,13,0.2568485645800689,47,3,3,1,0.0,1.0
late,2,6,0.36215330256810263,108,1,1,1,0.0,0.5
late,6,1,0.43032783103080224,108,5,1,1,0.0,1.0
late,10,6,0.42442548690322385,108,5,1,1,0.0,0.5
late,2,1,0.4124575695773636,108,1,1,1,0.0,0.5
late,1,2,0.4125209368760189,108,1,1,1,0.0,0.5
late,6,5,0.005845507273200371,108,1,0,1,0.0,0.3333333333333333
late,1,13,0.18580012380552877,108,1,1,1,0.0,0.5
late,13,13,0.2781091133550589,136,2,1,1,1.0,1.0
late,12,13,0.32361966902343786,21,2,1,1,0.0,1.0
late,10,13,0.33165132446038537,21,5,1,1,0.0,0.2
late,5,2,0.5850644061544901,21,1,1,1,1.0,0.037037037037037035
late,13,2,0.526605583723759,21,1,1,1,1.0,0.03571428571428571
late,10,13,0.3162107972752618,47,1,1,1,1.0,1.0
late,10,1,0.5879941993279536,47,2,1,1,0.0,0.14285714285714285
late,4,2,0.5529845836422461,47,1,1,1,1.0,1.0
late,10,2,0.572382295964795,47,2,1,1,1.0,0.14285714285714285
late,10,13,0.2013344491478684,108,5,1,1,0.0,0.5
late,10,13,0.20392423883730473,93,2,3,1,0.0,0.1111111111111111
late,11,1,0.5001111993774975,93,2,1,1,1.0,0.5
late,10,2,0.5668173551602271,142,2,1,1,1.0,0.09090909090909091
late,1,6,0.4160119947809561,93,1,3,1,0.0,0.2
late,1,6,0.411679267746872,93,1,1,1,0.0,0.2
late,13,3,0.5067502538412689,142,3,1,1,1.0,1.0
late,10,13,0.141908035686728,93,3,3,1,0.0,1.0
late,1,13,0.272202173727702,142,1,3,1,0.0,0.3333333333333333
late,10,3,0.48773364648322814,93,2,3,1,0.0,0.1111111111111111
late,1,13,0.17888094829571372,93,1,1,1,0.0,0.2
late,1,10,0.334855660059069,93,1,2,1,0.0,0.2
late,12,3,0.5618304236393659,142,3,1,1,1.0,0.5
late,6,13,0.19960561627368212,93,1,1,1,0.0,1.0
late,11,3,0.492286028065245,93,2,1,1,0.0,0.5
late,1,3,0.49038903335520023,93,1,3,1,1.0,0.2
late,8,5,0.5825977213719773,11,4,3,1,1.0,1.0
late,10,10,0.49825852305112556,77,2,2,1,1.0,0.14285714285714285
late,2,1,0.4705472622619459,91,1,1,1,0.0,0.5
late,1,14,0.25130000381756906,77,1,1,1,1.0,0.08333333333333333
late,11,1,0.5350010694495838,77,2,1,1,1.0,1.0
late,1,1,0.5719488043988793,91,1,1,1,0.0,1.0
late,14,13,0.2726692891607104,77,1,1,1,1.0,1.0
late,12,13,0.2502734707970181,91,2,1,1,0.0,0.05
late,12,13,0.23351472158695707,142,3,3,1,0.0,0.5
late,10,11,0.5201579183997501,77,2,2,1,1.0,0.14285714285714285
late,4,13,0.2802907482746158,149,1,1,1,0.0,0.25
late,1,13,0.16664217044277438,134,1,1,1,0.0,0.3333333333333333
late,11,13,0.32175957617350076,149,2,1,1,0.0,0.3333333333333333
late,10,2,0.5788132772662795,149,3,1,1,0.0,1.0
late,4,1,0.5746511035909706,149,1,1,1,1.0,0.25
late,3,5,0.6037857258784446,149,1,1,1,0.0,1.0
late,2,1,0.5710566369087987,149,1,1,1,1.0,0.2
late,12,11,0.4533688635548252,91,2,2,1,0.0,0.05
late,13,13,0.17641375626272807,126,3,3,1,0.0,0.14285714285714285
late,1,14,0.20222712257483114,126,1,1,1,0.0,0.09090909090909091
late,13,5,0.6067710092677991,118,3,1,1,0.0,0.1
late,11,13,0.026688841069146825,118,3,0,1,0.0,0.5
late,6,13,0.17171832615054383,126,1,3,1,0.0,0.06666666666666667
late,5,5,0.6014584804829776,118,1,1,1,0.0,0.1
late,4,13,0.3238547328761693,118,1,3,1,0.0,1.0
late,11,1,0.469420382666549,126,2,1,1,1.0,0.5
late,1,2,0.008712209775199443,126,1,0,1,0.0,0.09090909090909091
late,10,5,0.4490379720493989,126,2,1,1,0.0,0.2
late,10,6,0.6404151628840409,118,2,1,1,0.0,0.16666666666666666
late,13,2,0.43215342714075644,126,3,1,1,0.0,0.14285714285714285
late,2,13,0.1834445190963626,126,1,1,1,0.0,0.16666666666666666
late,4,13,0.1432091092933813,126,1,3,1,0.0,0.25
late,10,2,0.431853612421193,126,3,1,1,0.0,0.5
late,10,13,0.24429703693797603,93,2,1,1,0.0,0.1111111111111111
late,10,6,0.5659592798304411,142,2,1,1,1.0,0.09090909090909091
late,10,10,0.43146647628348206,93,2,2,1,0.0,0.1111111111111111
late,10,1,0.48443114828038525,93,2,1,1,1.0,0.1111111111111111
late,10,10,0.5280620915357943,142,2,2,1,0.0,0.09090909090909091
late,10,10,0.48134999139008483,142,2,3,1,0.0,0.09090909090909091
late,13,2,0.5815803543207533,118,1,1,1,1.0,0.3333333333333333
late,2,6,0.5737581198753845,118,1,1,1,1.0,0.3333333333333333
late,7,2,0.4305646331115541,126,1,1,1,0.0,0.3333333333333333
late,13,1,0.4246281906524077,126,1,1,1,1.0,1.0
late,1,2,0.6576399243377095,118,1,1,1,1.0,0.058823529411764705
late,4,1,0.4447295464405743,126,1,1,1,0.0,0.25
late,1,13,0.2213145478115518,126,1,1,1,0.0,0.09090909090909091
late,2,13,0.3179153955288979,118,1,1,1,0.0,0.3333333333333333
late,10,13,0.17238624136066644,126,3,1,1,0.0,0.5
late,7,1,0.45040913521060794,126,1,1,1,0.0,0.3333333333333333
late,10,6,0.6186873114666336,118,3,1,1,1.0,0.5
late,6,13,0.34157959776494307,118,1,1,1,0.0,0.043478260869565216
late,7,13,0.22226457001700392,150,1,3,1,0.0,0.16666666666666666
late,13,1,0.5133166387323801,150,3,1,1,0.0,0.03333333333333333
late,13,6,0.5094207297215075,150,1,1,1,0.0,1.0
late,10,13,0.161398961542915,92,3,3,1,0.0,0.5
late,7,6,0.5439067646324894,113,1,1,1,0.0,0.25
late,1,13,0.018947480151553907,113,1,0,1,0.0,0.08333333333333333
late,4,13,0.018022046627524973,113,1,0,1,0.0,0.3333333333333333
late,10,1,0.5949898030623582,113,2,1,1,1.0,0.125
late,10,5,0.528511245121478,21,3,1,1,0.0,0.07142857142857142
late,7,13,0.01707653380537038,21,1,0,1,0.0,0.047619047619047616
late,10,5,0.018053326476976123,21,3,0,1,0.0,0.07142857142857142
late,4,13,0.2433631380016668,21,1,3,1,0.0,0.1
late,7,13,0.018341705743691625,113,1,0,1,0.0,0.25
late,2,6,0.5512795529171898,113,1,1,1,0.0,0.16666666666666666
late,1,1,0.6186532806070081,113,1,1,1,0.0,0.08333333333333333
late,13,10,0.4258309108984311,91,2,2,1,0.0,1.0
late,11,11,0.5555653869391357,21,2,2,1,0.0,0.0196078431372549
late,10,3,0.5617503939090698,21,3,1,1,0.0,0.07142857142857142
late,5,13,0.23259195367888325,150,1,3,1,0.0,0.14285714285714285
late,11,3,0.5786323870662412,21,3,1,1,1.0,0.3333333333333333
late,10,13,0.2691249678236337,21,4,3,1,0.0,0.5
late,13,14,0.23794632690323922,21,3,3,1,1.0,0.037037037037037035
late,6,3,0.5464966451354172,150,1,1,1,0.0,0.030303030303030304
late,10,13,0.3370907212757566,113,2,1,1,0.0,0.125
late,13,13,0.01290978603259767,150,3,0,1,0.0,0.03333333333333333
late,2,13,0.013615863113921668,150,1,0,1,0.0,0.07142857142857142
late,11,13,0.012989741369885144,150,3,0,1,0.0,0.2
late,7,2,0.5084468664363535,150,1,1,1,0.0,0.16666666666666666
late,13,3,0.5586790759024688,21,3,1,1,1.0,0.037037037037037035
late,10,5,0.5338193259925287,113,3,1,1,0.0,0.25
late,6,1,0.6031570713228295,113,1,1,1,0.0,0.25
late,6,5,0.5639715572739789,113,1,1,1,0.0,0.25
late,10,5,0.5864069858139778,21,4,1,1,0.0,0.5
late,2,12,0.44625016073783225,91,1,5,1,0.0,0.5
late,12,1,0.5403031872298617,77,2,1,1,1.0,1.0
late,12,10,0.42946665247375293,91,2,2,1,1.0,0.05
late,11,10,0.44946944388442295,128,2,3,1,0.0,0.02127659574468085
late,5,13,0.3214560439407034,80,1,1,1,1.0,0.3333333333333333
late,11,13,0.24440018671664807,128,2,1,1,0.0,0.02127659574468085
late,13,13,0.3032283063252713,80,1,1,1,0.0,1.0
late,2,1,0.6162277971738273,80,1,1,1,0.0,1.0
late,13,5,0.5429336035849497,80,3,1,1,0.0,0.5
late,1,1,0.6290329086965761,80,1,1,1,1.0,0.2
late,13,6,0.48215928953084186,128,1,1,1,0.0,0.14285714285714285
late,13,2,0.48985056153013046,128,1,1,1,1.0,0.14285714285714285
late,1,2,0.618835232250715,80,1,1,1,0.0,0.2
late,6,2,0.6010390262515634,80,1,1,1,0.0,0.125
late,6,5,0.0073122595141651035,61,1,0,1,0.0,0.2
late,10,5,0.4932017110792966,150,3,1,1,1.0,0.16666666666666666
late,10,5,0.44603692106624715,92,2,1,1,0.0,0.058823529411764705
late,6,13,0.2047396094408083,92,1,1,1,0.0,0.038461538461538464
late,10,6,0.4671340558178998,92,2,1,1,1.0,0.058823529411764705
late,5,5,0.5120354595735902,150,1,1,1,0.0,0.14285714285714285
late,2,6,0.4987930782637638,150,1,1,1,1.0,0.07142857142857142
late,10,3,0.547523244303075,150,2,1,1,1.0,0.047619047619047616
late,10,5,0.42854371875485453,92,3,1,1,0.0,0.5
late,1,13,0.1764692583376578,61,1,3,1,0.0,0.1111111111111111
late,10,13,0.013358082804269953,150,2,0,1,0.0,0.047619047619047616
late,5,13,0.1654367001297313,61,1,3,1,0.0,0.3333333333333333
late,5,5,0.4009381964941687,61,1,1,1,0.0,0.3333333333333333
late,10,6,0.4211326217561994,61,2,1,1,1.0,0.5
late,10,13,0.16105463441246862,61,2,3,1,1.0,0.5
late,5,13,0.006788840229170593,61,1,0,1,0.0,0.3333333333333333
late,13,5,0.38096781713939754,61,3,1,1,0.0,0.3333333333333333
late,2,1,0.46382357503056904,61,1,1,1,0.0,1.0
late,5,2,0.5329959266298631,150,1,1,1,0.0,0.14285714285714285
late,4,1,0.5117968959410043,86,4,1,1,0.0,1.0
late,10,1,0.47463696187116755,86,5,1,1,0.0,1.0
late,11,7,0.41076247941074445,86,2,3,1,0.0,0.08333333333333333
late,5,13,0.2649967643716062,96,1,1,1,0.0,0.034482758620689655
late,7,2,0.45431581665779835,86,1,1,1,0.0,1.0
late,13,5,0.42133279260704487,86,1,1,1,1.0,0.16666666666666666
late,5,2,0.45204978782187055,86,1,1,1,1.0,0.125
late,5,13,0.01227426374952801,96,1,0,1,0.0,0.034482758620689655
late,4,1,0.46948510071687627,86,1,1,1,1.0,0.14285714285714285
late,1,14,0.2189985391984697,86,1,1,1,0.0,0.1111111111111111
late,4,5,0.42502769000961915,86,1,1,1,0.0,0.14285714285714285
late,13,1,0.4534056085757185,86,1,1,1,0.0,0.16666666666666666
late,10,1,0.4711853647826946,86,2,1,1,1.0,0.14285714285714285
late,11,5,0.4299147345810273,86,2,1,1,1.0,0.08333333333333333
late,10,2,0.4543292316111223,86,2,1,1,0.0,0.14285714285714285
late,7,6,0.009080986659704283,126,1,0,1,0.0,0.3333333333333333
late,10,11,0.5542256614278244,21,2,2,1,0.0,0.016129032258064516
late,10,1,0.01881393416715805,21,2,0,1,0.0,0.016129032258064516
late,10,11,0.6066629352927213,57,2,2,1,1.0,0.09090909090909091
late,13,5,0.017889313900186166,21,1,0,1,0.0,0.03571428571428571
late,6,5,0.025679983440636524,57,1,0,1,0.0,0.2
late,13,5,0.4869316750051857,136,1,1,1,0.0,0.018867924528301886
late,10,10,0.48002036923831276,69,2,2,1,0.0,0.02857142857142857
late,10,14,0.00855072703179639,86,2,0,1,0.0,0.14285714285714285
late,7,13,0.26812901379380366,69,1,1,1,1.0,0.3333333333333333
late,10,1,0.013844573718693949,136,3,0,1,0.0,0.07142857142857142
late,2,1,0.01280175586328841,136,1,0,1,0.0,0.0038910505836575876
late,10,13,0.29471660382019543,69,5,1,1,1.0,0.3333333333333333
late,4,13,0.008280103908609929,86,1,0,1,0.0,0.14285714285714285
late,5,13,0.21560620317959905,86,1,1,1,1.0,0.125
late,1,5,0.4731236270436539,86,1,1,1,1.0,0.1111111111111111
late,11,5,0.5105268734558844,96,2,1,1,0.0,0.00980392156862745
late,1,13,0.01331371593384728,136,1,0,1,0.0,0.0030581039755351682
late,11,2,0.5280232411587962,35,3,1,1,0.0,0.25
late,13,2,0.014052906250274487,35,3,0,1,0.0,0.09090909090909091
late,10,6,0.5255427597264591,122,2,1,1,0.0,0.022727272727272728
late,1,6,0.013729120077659605,35,1,0,1,0.0,0.05555555555555555
late,10,8,0.33002212155061944,115,2,3,1,0.0,0.02631578947368421
late,11,6,0.5438101339757244,136,2,3,1,0.0,0.023255813953488372
late,7,2,0.4543352631944873,115,1,1,1,0.0,0.047619047619047616
late,11,5,0.5173457873980633,136,2,1,1,1.0,0.023255813953488372
late,6,2,0.008449384071200496,115,3,0,1,0.0,0.3333333333333333
late,6,5,0.4237933938141198,115,3,1,1,0.0,0.3333333333333333
late,13,6,0.46880943103791345,115,4,3,1,1.0,1.0
late,7,6,0.5394241930688114,136,3,3,1,0.0,0.16666666666666666
late,5,2,0.477510762624159,115,4,1,1,0.0,1.0
late,4,13,0.22694188199382528,136,1,3,1,0.0,0.041666666666666664
late,5,5,0.4135114694848511,115,1,3,1,0.0,0.02702702702702703
late,11,10,0.4978111429748463,129,2,2,1,1.0,0.014492753623188406
late,11,11,0.46622372381988014,72,2,2,1,1.0,0.02040816326530612
late,10,13,0.22510943030155708,129,3,3,1,0.0,0.09090909090909091
late,3,3,0.5972896585861008,72,3,3,1,1.0,0.5
late,8,14,0.18343184527180012,92,1,3,1,0.0,1.0
late,7,8,0.32809979845604836,136,3,1,1,0.0,0.16666666666666666
late,2,8,0.2549852893034225,92,1,1,1,0.0,0.045454545454545456
late,5,5,0.4485596860330335,92,3,1,1,1.0,1.0
late,7,13,0.27041302941087303,136,3,1,1,0.0,0.16666666666666666
late,10,2,0.4563172262190686,92,2,1,1,1.0,0.058823529411764705
late,5,2,0.4603893184606768,92,1,1,1,0.0,0.045454545454545456
late,11,8,0.37036738869746083,115,2,1,1,0.0,0.058823529411764705
late,8,8,0.25748795051590134,115,1,1,1,0.0,0.5
late,4,1,0.5397879843028008,136,1,1,1,1.0,0.041666666666666664
late,7,13,0.22931250158866223,136,3,3,1,0.0,0.16666666666666666
late,8,2,0.4592016587038489,115,1,1,1,1.0,0.5
late,8,13,0.5228121548055045,115,2,4,1,1.0,1.0
late,4,5,0.4737645863827332,92,4,1,1,0.0,0.25
late,10,6,0.5528593878187489,128,5,1,1,1.0,0.5
late,1,2,0.007657243625775092,90,1,0,1,0.0,0.041666666666666664
late,1,13,0.22123139741239864,90,1,1,1,0.0,0.041666666666666664
late,6,13,0.19492046355156145,90,1,1,1,0.0,0.08333333333333333
late,10,5,0.008185869108906736,90,2,0,1,0.0,0.038461538461538464
late,1,6,0.5292818196449366,128,1,2,1,0.0,0.0048543689320388345
late,10,5,0.4308117612154898,90,2,1,1,0.0,0.038461538461538464
late,12,6,0.5069634120684272,128,2,1,1,1.0,0.5
late,10,13,0.007892225216931361,90,2,0,1,0.0,0.038461538461538464
late,4,5,0.40642792592102955,90,1,1,1,0.0,0.5
late,3,3,0.5488056546219139,90,1,1,1,1.0,1.0
late,14,14,0.2592894888982773,128,1,1,1,0.0,0.5
late,11,14,0.2235510397200998,128,2,1,1,0.0,0.02127659574468085
late,7,1,0.45452890663023976,90,1,1,1,1.0,0.3333333333333333
late,4,1,0.4492193907173963,90,1,1,1,0.0,0.5
late,2,5,0.5068713317545323,21,1,1,1,1.0,0.16666666666666666
late,1,5,0.008721935848950344,126,1,0,1,0.0,0.09090909090909091
late,2,13,0.16230315263164843,126,1,3,1,0.0,0.16666666666666666
late,13,6,0.44594001142455975,126,3,1,1,1.0,0.14285714285714285
late,10,13,0.1908021178585543,126,2,3,1,0.0,0.2
late,11,1,0.6587166194123832,118,2,1,1,1.0,0.25
late,10,1,0.47652973753358163,126,2,1,1,0.0,0.2
late,11,10,0.6001204956346305,118,2,2,1,1.0,0.25
late,10,13,0.1910262836914905,70,4,1,1,0.0,1.0
late,1,6,0.4528631388554832,126,1,1,1,0.0,0.09090909090909091
late,4,2,0.5066673025174435,70,4,1,1,1.0,0.125
late,2,14,0.21632936432656658,70,1,1,1,0.0,0.013333333333333334
late,10,5,0.4607256734222427,72,3,1,1,1.0,0.3333333333333333
late,11,5,0.4876272520623599,70,2,1,1,0.0,0.017543859649122806
late,10,14,0.23836502364085954,70,2,1,1,1.0,0.022727272727272728
late,13,1,0.46886871243050016,70,1,1,1,0.0,0.1
late,14,2,0.44687592908756185,72,1,1,1,0.0,1.0
late,11,5,0.4423133811870508,126,2,1,1,0.0,0.5
late,11,11,0.009182722773370925,90,2,0,1,0.0,0.09090909090909091
late,7,13,0.3436471041326873,57,1,1,1,0.0,0.25
late,11,13,0.30284118332635274,57,3,1,1,0.0,1.0
late,5,3,0.6585197132819723,57,1,1,1,1.0,0.037037037037037035
late,3,13,0.31202375701203394,21,1,1,1,1.0,0.1
late,5,1,0.649303616036348,57,1,1,1,0.0,0.037037037037037035
late,13,5,0.4958313460149176,21,1,1,1,0.0,0.03571428571428571
late,11,10,0.403451154171252,90,2,2,1,1.0,0.09090909090909091
late,13,1,0.6173332150415942,57,1,1,1,1.0,0.1
late,1,10,0.02491302642465705,57,1,0,1,0.0,0.014084507042253521
late,11,13,0.3499676044005934,57,2,1,1,0.0,0.0625
late,6,13,0.01670721395437742,21,1,0,1,0.0,0.00980392156862745
late,7,1,0.6315874609135818,57,1,1,1,1.0,0.25
late,13,13,0.024276174881852918,57,1,0,1,0.0,0.1
late,13,16,0.3069700431656727,57,1,1,1,0.0,0.1
late,13,1,0.5484840942261037,21,1,1,1,0.0,0.03571428571428571
late,10,5,0.6074424867681623,57,2,1,1,1.0,0.09090909090909091
late,11,5,0.008417417367950467,90,2,0,1,0.0,0.09090909090909091
late,6,5,0.007760194596782376,90,1,0,1,0.0,0.08333333333333333
late,12,14,0.24379397685311605,128,2,1,1,1.0,0.5
late,6,3,0.45263474955657196,90,1,1,1,0.0,0.08333333333333333
late,2,5,0.5085903479126122,128,1,1,1,1.0,0.02631578947368421
late,11,13,0.013466134246322375,128,2,0,1,0.0,0.02127659574468085
late,1,5,0.45535433477053505,90,1,1,1,0.0,0.041666666666666664
late,13,13,0.01295079754054768,128,1,0,1,0.0,0.14285714285714285
late,10,2,0.5492193688324097,128,5,1,1,0.0,0.5
late,1,5,0.00770894859604888,90,1,0,1,0.0,0.041666666666666664
late,7,5,0.5115433924938633,128,1,1,1,1.0,0.09090909090909091
late,1,2,0.013560155626988021,128,1,0,1,0.0,0.0048543689320388345
late,10,13,0.21715367579779657,90,2,1,1,0.0,0.038461538461538464
late,11,1,0.5616131365728392,128,5,1,1,1.0,1.0
late,13,5,0.4031918593551455,90,1,1,1,0.0,1.0
late,7,1,0.00807513462388973,90,1,0,1,0.0,0.3333333333333333
late,5,13,0.2805009742165036,128,1,1,1,1.0,0.047619047619047616
late,11,1,0.42304446960078784,154,3,1,1,0.0,0.5
late,13,13,0.15466522673631403,154,3,3,1,1.0,0.25
late,6,5,0.4167575165235355,154,1,1,1,1.0,0.5
late,10,10,0.38820845392738085,154,2,2,1,0.0,0.25
late,10,13,0.16240160952413177,154,3,3,1,0.0,1.0
late,11,5,0.39289832271230557,154,3,1,1,0.0,0.5
late,6,6,0.43068697785882326,154,1,1,1,0.0,0.5
late,11,1,0.44130311306092207,154,2,1,1,1.0,1.0
late,6,5,0.010686039426509225,158,1,0,1,0.0,0.09090909090909091
late,4,13,0.01047177512727148,71,1,0,1,0.0,0.25
late,4,6,0.4794255510967196,158,1,1,1,1.0,0.25
late,1,13,0.2208217000010695,71,1,3,1,1.0,0.1
late,4,1,0.5083987085215862,71,1,1,1,1.0,0.25
late,1,5,0.010633764501091877,158,1,0,1,0.0,0.05
late,2,1,0.5250508164217627,158,1,1,1,1.0,0.2
late,11,13,0.018263705044419914,64,3,0,1,0.0,0.3333333333333333
late,8,6,0.5370147596069282,21,1,1,1,1.0,0.3333333333333333
late,14,14,0.007679406054096572,115,1,0,1,0.0,1.0
late,13,1,0.008635510375244035,115,1,0,1,0.0,0.038461538461538464
late,10,2,0.4316703526142932,115,3,1,1,0.0,0.125
late,13,1,0.5588995855097678,21,2,1,1,1.0,0.5
late,10,6,0.5450926199548023,21,3,1,1,0.0,0.07142857142857142
late,10,13,0.008561309272566535,115,3,0,1,0.0,0.125
late,5,2,0.5428572757039765,71,1,1,1,0.0,0.5
late,5,10,0.3066748268119923,115,1,3,1,0.0,0.02702702702702703
late,10,6,0.5864657540439622,21,5,1,1,1.0,0.2
late,11,1,0.527296397431007,71,2,1,1,0.0,0.3333333333333333
late,11,10,0.4529392164929925,158,2,2,1,1.0,1.0
late,13,6,0.46617495155283034,71,3,1,1,1.0,0.14285714285714285
late,4,13,0.20269044816922752,71,1,3,1,0.0,0.25
late,10,2,0.4814328265655069,71,2,1,1,0.0,0.1
late,10,2,0.47560886748959597,158,3,1,1,0.0,0.5
late,6,1,0.5928500343008661,21,1,1,1,1.0,0.00980392156862745
late,11,13,0.21809062595711864,80,3,3,1,0.0,0.5
late,6,1,0.6142581704748079,80,1,1,1,0.0,0.125
late,6,2,0.01982391896301757,80,1,0,1,0.0,0.125
late,11,6,0.5695062192034417,80,3,1,1,0.0,0.5
late,13,7,0.5163540291028554,80,3,1,1,0.0,0.5
late,7,6,0.5772236543128091,80,1,1,1,1.0,1.0
late,11,6,0.6721647420718903,118,2,1,1,0.0,0.25
late,5,2,0.6221067002818372,118,1,1,1,1.0,0.1
late,10,2,0.61708846874131,118,3,1,1,0.0,0.5
late,10,2,0.6373398946355189,118,2,1,1,1.0,0.16666666666666666
late,5,1,0.6425750369512908,118,1,1,1,1.0,0.1
late,2,1,0.02711785208241937,118,1,0,1,0.0,0.3333333333333333
late,11,5,0.6300898816330528,118,2,1,1,1.0,0.25
late,11,1,0.6473525223922487,118,3,1,1,1.0,0.5
late,7,13,0.23365302677070837,128,1,3,1,0.0,0.09090909090909091
late,5,6,0.44377631938640655,154,1,1,1,0.0,1.0
late,10,13,0.2118826932119325,154,2,1,1,0.0,0.25
late,13,5,0.4030942494353269,154,3,1,1,0.0,0.25
late,1,5,0.41893862492419015,154,1,1,1,0.0,0.25
late,10,3,0.44420084413651306,87,2,3,1,1.0,0.25
late,1,5,0.43442691624646906,87,1,1,1,0.0,0.125
late,7,5,0.5176926798460006,128,3,1,1,1.0,1.0
late,6,5,0.39804848667348247,87,1,1,1,0.0,0.2
late,13,1,0.6356442329671272,118,3,1,1,1.0,0.1
late,1,13,0.006537071735763262,87,1,0,1,0.0,0.125
late,13,5,0.3798653958103075,87,3,1,1,0.0,0.16666666666666666
late,6,13,0.006175746798446824,87,1,0,1,0.0,0.2
late,11,1,0.43866263909176373,87,2,1,1,1.0,1.0
late,6,13,0.15451176933457916,87,1,3,1,1.0,0.2
late,1,13,0.19790281871655768,87,1,1,1,0.0,0.125
late,10,6,0.41613313865006174,87,3,1,1,0.0,1.0
late,13,6,0.4071500589130148,87,3,3,1,0.0,0.16666666666666666
late,10,2,0.41808259881089516,87,2,1,1,0.0,0.25
late,4,6,0.4673826231158217,110,1,1,1,0.0,0.14285714285714285
late,3,3,0.5904444058264228,110,1,1,1,1.0,1.0
late,5,14,0.29167968668261357,21,1,1,1,0.0,0.037037037037037035
late,10,10,0.44440713033471824,110,2,2,1,1.0,0.125
late,13,13,0.13670665992590741,110,1,1,1,0.0,0.5
late,10,3,0.6027415008366341,21,5,1,1,0.0,0.2
late,5,13,0.2933940063206123,144,1,1,1,0.0,0.023809523809523808
late,6,2,0.5998728683142508,57,1,1,1,0.0,0.2
late,10,13,0.2368147396257061,144,3,1,1,0.0,0.3333333333333333
late,11,10,0.5536932074131895,57,2,3,1,0.0,0.0625
late,13,6,0.5899735986104903,57,1,1,1,1.0,0.1
late,6,6,0.5895685285038509,57,1,1,1,0.0,0.2
late,13,3,0.6195923915182662,57,1,1,1,1.0,0.1
late,11,5,0.6177855130932248,57,2,1,1,0.0,0.0625
late,4,5,0.5914947514392637,57,1,1,1,1.0,1.0
late,2,3,0.4950629553150101,115,1,1,1,0.0,0.047619047619047616
late,2,5,0.5625746787701095,11,1,1,1,1.0,0.06666666666666667
late,13,3,0.5657340206397516,11,2,3,1,1.0,0.5
late,2,2,0.5617291165037626,11,1,2,1,0.0,0.06666666666666667
late,4,3,0.5550645833477993,96,1,3,1,0.0,0.006666666666666667
late,10,3,0.5987071435203333,11,5,3,1,1.0,1.0
late,10,13,0.015150573789543969,106,3,0,1,0.0,0.2
late,4,2,0.5512523098157801,106,1,1,1,0.0,0.09090909090909091
late,2,1,0.6240230453134713,57,1,1,1,1.0,1.0
late,7,6,0.4970039138613828,106,1,1,1,0.0,0.5
late,4,1,0.5673607314356658,106,1,1,1,1.0,0.09090909090909091
late,1,6,0.014746925199565504,106,1,0,1,0.0,0.030303030303030304
late,1,14,0.25863355489268947,136,1,1,1,0.0,0.0030581039755351682
late,4,1,0.5794423293588764,21,4,1,1,1.0,0.3333333333333333
late,9,13,0.34056092177911707,21,5,1,1,1.0,0.5
late,6,14,0.24111008018948887,136,1,1,1,0.0,0.024390243902439025
late,10,13,0.017442150134444733,21,3,0,1,0.0,0.07142857142857142
late,7,13,0.22458788850647515,106,1,3,1,1.0,0.5
late,11,13,0.2936494574468614,144,2,1,1,0.0,0.03571428571428571
late,11,5,0.5531259690639442,144,2,1,1,0.0,0.03571428571428571
late,10,13,0.24383000681609582,115,5,1,1,0.0,1.0
late,5,6,0.44617798488798843,115,1,1,1,0.0,0.02702702702702703
late,2,13,0.29533707483699695,144,1,1,1,1.0,0.09090909090909091
late,1,1,0.015305286695264134,144,1,0,1,0.0,0.011764705882352941
late,5,3,0.4929282537529291,115,1,1,1,0.0,0.02702702702702703
late,11,7,0.4864258787117623,110,2,1,1,0.0,0.1111111111111111
late,13,1,0.5374593732277935,144,1,1,1,1.0,0.1111111111111111
late,3,6,0.4629834643158396,115,1,1,1,0.0,1.0
late,11,13,0.01597704411337319,144,2,0,1,0.0,0.03571428571428571
late,13,10,0.28229955899496023,115,1,3,1,0.0,0.038461538461538464
late,9,6,0.5920462800409856,21,5,1,1,1.0,0.5
late,4,10,0.2909372952109958,115,1,3,1,0.0,0.16666666666666666
late,12,3,0.5410052806976892,21,3,1,1,0.0,1.0
late,13,6,0.41264232971583625,115,1,1,1,1.0,0.038461538461538464
late,5,14,0.27320783583037817,144,1,1,1,1.0,0.023809523809523808
late,5,1,0.6010881370925506,21,1,1,1,0.0,0.037037037037037035
late,6,13,0.2158603261026086,110,1,1,1,1.0,0.07692307692307693
late,4,14,0.20844511875620325,110,1,1,1,0.0,0.14285714285714285
late,11,13,0.23254209733022474,110,2,1,1,0.0,0.1111111111111111
late,13,13,0.2460039036541147,21,1,2,1,1.0,0.03571428571428571
late,10,2,0.4784117852231772,110,2,1,1,0.0,0.125
late,6,1,0.49078708050094766,110,1,1,1,0.0,0.07692307692307693
late,11,10,0.3925564400576733,115,3,2,1,0.0,1.0
late,11,10,0.542471242831178,21,2,2,1,1.0,0.0196078431372549
late,9,13,0.1956165822475388,21,1,1,1,0.0,1.0
late,13,14,0.12985307081493005,110,1,1,1,0.0,0.5
late,1,14,0.23562834217552295,110,1,1,1,0.0,0.07142857142857142
late,6,6,0.01752293015039159,21,1,0,1,0.0,0.00980392156862745
late,10,6,0.48020208717244145,110,2,1,1,0.0,0.125
late,5,13,0.015097346216558817,144,1,0,1,0.0,0.023809523809523808
late,10,13,0.00833416516737566,115,2,0,1,0.0,0.02631578947368421
late,11,1,0.010367351569541244,110,2,0,1,0.0,0.1111111111111111
late,10,6,0.4393020933026502,32,3,3,1,0.0,1.0
late,13,12,0.4581431090130414,155,3,2,1,1.0,0.14285714285714285
late,10,3,0.4859882736310299,32,2,3,1,0.0,0.02857142857142857
late,13,3,0.5596725981001905,155,1,3,1,1.0,1.0
late,11,11,0.45068129467632617,32,2,2,1,0.0,0.1
late,1,13,0.2759695413113871,155,1,3,1,0.0,0.1111111111111111
late,2,2,0.5327696740816322,155,1,1,1,0.0,0.2
late,2,3,0.46649134563968325,32,1,3,1,1.0,0.5
late,11,5,0.43964329078876946,32,2,3,1,1.0,0.1
late,12,5,0.5574084542242616,155,5,3,1,0.0,0.041666666666666664
late,5,3,0.47311233384519524,32,1,3,1,0.0,1.0
late,2,6,0.4369378869382481,32,1,3,1,0.0,0.5
late,5,6,0.47543041280333087,32,3,3,1,1.0,1.0
late,10,10,0.47237567814732273,155,2,3,1,1.0,0.012195121951219513
late,7,3,0.5568627530561363,155,3,3,1,1.0,1.0
late,11,12,0.4530812490192728,96,2,3,1,0.0,0.00980392156862745
late,13,13,0.00913957469378136,3,3,0,1,0.0,0.125
late,11,1,0.5508717001651119,144,3,1,1,1.0,1.0
late,10,10,0.36923795627385675,3,3,3,1,0.0,0.3333333333333333
late,11,10,0.5275794472479153,144,2,2,1,1.0,0.03571428571428571
late,13,6,0.4569425458031948,3,3,1,1,0.0,0.125
late,11,6,0.5219492838257627,3,2,1,1,0.0,0.1111111111111111
late,13,13,0.18484332086006572,3,3,3,1,0.0,0.125
late,13,13,0.1788616544963126,32,3,3,1,0.0,1.0
late,14,13,0.20221997854868148,64,1,3,1,0.0,0.5
late,7,2,0.5749022558323449,64,1,1,1,1.0,1.0
late,11,1,0.6147242206225638,64,3,1,1,1.0,0.3333333333333333
late,7,13,0.18023085804127562,115,1,3,1,0.0,0.047619047619047616
late,11,11,0.38970653670412486,115,2,3,1,1.0,0.058823529411764705
late,6,6,0.008282832866533897,115,1,0,1,0.0,0.045454545454545456
late,10,13,0.1506663505143359,115,3,3,1,0.0,0.125
late,13,2,0.01878464668566287,64,3,0,1,0.0,0.027777777777777776
late,4,13,0.1636854098980435,115,1,3,1,0.0,0.16666666666666666
late,10,3,0.5661854761423877,21,3,3,1,0.0,0.07142857142857142
late,11,13,0.2616208413532659,21,2,3,1,1.0,0.0196078431372549
late,1,14,0.3127859513299225,64,1,1,1,0.0,0.008130081300813009
late,4,6,0.47514549901569636,71,1,1,1,1.0,0.25
late,13,5,0.5155318792072073,144,3,1,1,1.0,0.038461538461538464
late,6,13,0.01016954262784388,71,1,0,1,0.0,0.06666666666666667
late,13,5,0.4449587892679368,71,3,1,1,0.0,0.14285714285714285
late,7,6,0.5287206302436643,144,1,1,1,0.0,0.16666666666666666
late,6,13,0.2047502205830063,71,1,3,1,0.0,0.06666666666666667
late,10,13,0.010694290137112115,71,3,0,1,0.0,0.3333333333333333
late,2,2,0.010908145024771408,71,1,0,1,0.0,0.25
late,2,6,0.4664210554804481,71,1,1,1,0.0,0.25
late,14,14,0.12210277917504839,71,1,3,1,0.0,1.0
late,10,13,0.15834441867620094,71,3,3,1,0.0,0.3333333333333333
late,5,6,0.5154613898229964,71,1,1,1,0.0,0.5
late,10,10,0.529218463670901,155,5,2,1,0.0,0.2
late,6,6,0.44703169271610343,32,1,3,1,1.0,1.0
late,3,5,0.5487481389656215,155,3,3,1,0.0,0.1111111111111111
late,13,2,0.5077786364606205,155,3,1,1,1.0,0.14285714285714285
late,1,6,0.4272351253644143,32,3,3,1,0.0,1.0
late,10,1,0.5917311723073854,155,5,1,1,0.0,0.2
late,11,3,0.5641959596340378,155,2,3,1,1.0,1.0
late,1,6,0.5507345542492323,155,1,2,1,1.0,0.1111111111111111
late,2,13,0.25536699865726287,144,1,3,1,0.0,0.09090909090909091
late,11,13,0.1834347781882582,32,2,3,1,0.0,0.1
late,6,11,0.4207901987271878,32,3,2,1,0.0,0.2
late,6,3,0.5027768879035311,32,3,3,1,0.0,0.2
late,12,14,0.24111108263390618,155,2,3,1,0.0,0.007194244604316547
late,7,13,0.21344315762686203,71,1,3,1,0.0,0.3333333333333333
late,1,1,0.5209724046003743,71,1,1,1,1.0,0.1
late,1,5,0.010729751255092467,71,1,0,1,0.0,0.1
late,10,5,0.4455546488525999,71,3,1,1,0.0,0.3333333333333333
late,12,10,0.48978163423767707,155,2,1,1,0.0,0.007194244604316547
late,5,14,0.25435588846712137,20,1,1,1,0.0,0.125
late,2,1,0.5530240535569496,20,1,1,1,0.0,0.14285714285714285
late,11,13,0.20597108105618797,13,2,3,1,0.0,0.08333333333333333
late,13,5,0.44999453727265454,13,3,1,1,1.0,0.125
late,1,2,0.5119190278465293,13,1,1,1,0.0,0.06666666666666667
late,2,13,0.2042052572182332,13,1,3,1,0.0,0.07692307692307693
late,13,1,0.48181777923000885,13,3,1,1,0.0,0.125
late,6,2,0.46565530811462325,13,1,1,1,1.0,0.3333333333333333
late,7,6,0.5042250256171584,13,1,1,1,1.0,1.0
late,11,13,0.013873425031605189,129,2,0,1,0.0,0.014492753623188406
late,13,6,0.01377631550484845,129,3,0,1,0.0,0.041666666666666664
late,4,1,0.012842188714759352,96,1,0,1,0.0,0.006666666666666667
late,1,2,0.6061290651087647,137,1,1,1,1.0,0.16666666666666666
late,1,12,0.4580891233725596,70,1,2,1,1.0,0.009708737864077669
late,9,1,0.6264433833195513,137,2,1,1,0.0,1.0
late,4,13,0.18880551942185372,3,1,3,1,0.0,1.0
late,6,6,0.015125737733378553,106,1,0,1,0.0,0.038461538461538464
late,10,5,0.49636594329266703,106,3,1,1,0.0,0.2
late,13,13,0.014625023486493286,106,3,0,1,0.0,0.034482758620689655
late,5,6,0.012513663652014183,96,1,0,1,0.0,0.034482758620689655
late,1,13,0.19530891684646165,106,2,3,1,0.0,1.0
late,10,2,0.5093598307877366,106,3,1,1,1.0,0.2
late,7,13,0.017084494386536895,101,1,0,1,0.0,0.25
late,13,13,0.2859694035700847,137,1,1,1,0.0,0.3333333333333333
late,1,2,0.01702599560841435,101,1,0,1,0.0,0.008771929824561403
late,10,14,0.19324160886194813,101,3,3,1,0.0,0.14285714285714285
late,11,5,0.5626769660008836,101,3,1,1,0.0,0.16666666666666666
late,5,6,0.5074762674593255,96,1,1,1,0.0,0.034482758620689655
late,10,2,0.013358547822374797,96,3,0,1,0.0,0.06666666666666667
late,10,13,0.01734738622298254,101,2,0,1,0.0,0.021739130434782608
late,2,5,0.5551297579634971,137,1,1,1,1.0,0.14285714285714285
late,14,2,0.5356048957084789,137,1,1,1,0.0,1.0
late,5,6,0.5497074613629038,101,1,1,1,0.0,0.045454545454545456
late,11,6,0.5096691968682032,8,3,1,1,1.0,1.0
late,4,13,0.2728789945880317,64,1,3,1,0.0,0.1111111111111111
late,3,3,0.6366204873984928,8,1,1,1,0.0,1.0
late,14,14,0.21030944619930284,64,1,1,1,1.0,0.5
late,10,13,0.16743158278185044,8,3,3,1,0.0,0.5
late,2,13,0.21090438079365034,8,1,3,1,0.0,0.5
late,13,13,0.011071799289859977,8,3,0,1,0.0,0.05263157894736842
late,7,13,0.24147744594360135,70,1,1,1,0.0,0.058823529411764705
late,10,13,0.011622165242986393,8,3,0,1,0.0,0.5
late,13,2,0.4659007235938535,8,3,1,1,0.0,0.05263157894736842
late,2,12,0.48769579007667896,64,1,3,1,0.0,0.045454545454545456
late,13,6,0.48812883008092617,8,3,3,1,0.0,0.05263157894736842
late,6,6,0.0188488823672656,64,1,0,1,0.0,0.013888888888888888
late,5,5,0.48528842943572664,8,1,1,1,0.0,0.25
late,11,1,0.5197126293765303,8,2,1,1,0.0,1.0
late,10,13,0.20812081388344794,3,2,3,1,1.0,0.029411764705882353
late,1,1,0.01802344603878959,64,1,0,1,0.0,0.008130081300813009
late,7,1,0.4893291100251158,20,1,1,1,1.0,1.0
late,11,14,0.2266405307470131,70,2,1,1,0.0,0.017543859649122806
late,3,2,0.5638043284228473,20,1,1,1,0.0,1.0
late,2,5,0.5029216176548069,20,1,1,1,0.0,0.14285714285714285
late,5,13,0.2726143547815184,20,1,1,1,0.0,0.125
late,6,2,0.5616608701037138,20,1,1,1,0.0,1.0
late,5,5,0.5268359698388878,20,1,1,1,0.0,0.125
late,11,13,0.23156976548138322,64,3,3,1,0.0,0.3333333333333333
late,11,13,0.20444427132094317,20,3,1,1,0.0,1.0
late,4,2,0.5766812240531652,64,1,1,1,0.0,0.1111111111111111
late,2,6,0.01923921815308908,64,1,0,1,0.0,0.045454545454545456
late,4,2,0.018296180970485878,64,1,0,1,0.0,0.1111111111111111
late,1,2,0.5807465844008238,144,1,1,1,1.0,0.011764705882352941
late,13,5,0.45773528100840216,8,3,1,1,0.0,0.05263157894736842
late,6,13,0.21441096215253286,8,1,3,1,1.0,0.058823529411764705
late,5,2,0.018215567793891635,64,1,0,1,0.0,0.025
late,10,6,0.549954313377478,20,2,1,1,1.0,0.1
