phase,A1_actionId,C_actionId,n_context,A1_playerId,EV,count,train_winrate,usage_rate
receive,10,13,338,136,0.31631042691205496,127,0.33858267716535434,0.3757396449704142
receive,4,6,307,96,0.40043458992126196,86,0.43023255813953487,0.28013029315960913
receive,11,1,139,128,0.46203644100920943,84,0.5238095238095238,0.60431654676259
receive,4,13,307,96,0.25672237104607804,77,0.3246753246753247,0.250814332247557
receive,11,1,146,96,0.45318438765326036,75,0.4533333333333333,0.5136986301369864
receive,10,2,338,136,0.508909993690552,69,0.463768115942029,0.20414201183431951
receive,1,2,164,136,0.5102803170895558,62,0.5161290322580645,0.3780487804878049
receive,10,1,338,136,0.519762523319301,58,0.5172413793103449,0.17159763313609466
receive,10,1,161,96,0.47281894034777955,57,0.49122807017543857,0.35403726708074534
receive,12,10,106,82,0.5737530484153965,55,0.5818181818181818,0.5188679245283019
receive,4,1,307,96,0.48930218089733724,51,0.49019607843137253,0.16612377850162866
receive,10,13,157,128,0.2848848255932489,50,0.34,0.3184713375796178
receive,10,13,130,64,0.4337215303197306,48,0.5208333333333334,0.36923076923076925
receive,4,2,307,96,0.4504593159387574,43,0.4186046511627907,0.14006514657980457
receive,11,1,115,70,0.47776368602560604,43,0.6046511627906976,0.3739130434782609
receive,10,13,161,96,0.25046297077172636,41,0.24390243902439024,0.2546583850931677
receive,12,12,72,155,0.47434206948133656,41,0.4146341463414634,0.5694444444444444
receive,10,12,85,155,0.5102169647916641,40,0.55,0.47058823529411764
receive,4,5,307,96,0.39667843083326343,38,0.2631578947368421,0.1237785016286645
receive,11,1,103,72,0.4498860000786715,37,0.4864864864864865,0.3592233009708738
receive,4,13,101,72,0.22924179980192566,37,0.32432432432432434,0.36633663366336633
receive,10,13,93,21,0.3604112073289295,36,0.3611111111111111,0.3870967741935484
receive,11,1,64,21,0.5949943222699303,36,0.7222222222222222,0.5625
receive,11,1,69,64,0.615922875400509,34,0.6470588235294118,0.4927536231884058
receive,10,1,157,128,0.47444886941221387,33,0.5454545454545454,0.21019108280254778
receive,11,1,114,129,0.5213835939221712,33,0.5757575757575758,0.2894736842105263
receive,11,1,63,111,0.5354550383602338,33,0.48484848484848486,0.5238095238095238
receive,10,13,44,153,0.2977578442531033,33,0.3333333333333333,0.75
receive,1,1,164,136,0.5150220207631042,32,0.5,0.1951219512195122
receive,10,6,157,128,0.4255020940839578,32,0.28125,0.20382165605095542
receive,4,1,57,101,0.5912596401128907,30,0.7,0.5263157894736842
receive,10,2,161,96,0.42675880567109975,29,0.41379310344827586,0.18012422360248448
receive,1,1,92,96,0.5171957182129346,29,0.4482758620689655,0.31521739130434784
receive,1,5,164,136,0.5138465985126753,28,0.5714285714285714,0.17073170731707318
receive,10,10,85,155,0.49274572685158435,28,0.6785714285714286,0.32941176470588235
receive,10,13,75,115,0.2292226771486243,28,0.21428571428571427,0.37333333333333335
receive,10,13,59,101,0.31404195616463776,28,0.32142857142857145,0.4745762711864407
receive,10,10,338,136,0.4521545429791791,27,0.48148148148148145,0.07988165680473373
receive,1,1,57,128,0.4763891681182657,27,0.48148148148148145,0.47368421052631576
receive,11,13,114,129,0.28896846181124186,26,0.3076923076923077,0.22807017543859648
receive,10,10,47,82,0.6172670124305107,26,0.5769230769230769,0.5531914893617021
receive,10,13,39,150,0.31876756737232714,26,0.34615384615384615,0.6666666666666666
receive,10,10,36,32,0.3662195237662003,26,0.38461538461538464,0.7222222222222222
receive,11,13,139,128,0.24961959415025364,25,0.16,0.17985611510791366
receive,11,1,72,122,0.5447594596259996,25,0.68,0.3472222222222222
receive,10,13,70,133,0.2693261234114621,25,0.24,0.35714285714285715
receive,4,6,101,72,0.4357865013838048,24,0.375,0.2376237623762376
receive,10,13,79,144,0.36722372346915955,24,0.375,0.3037974683544304
receive,11,1,73,101,0.6307605277019835,24,0.75,0.3287671232876712
receive,12,10,72,155,0.45617349637128995,24,0.5,0.3333333333333333
receive,12,12,56,11,0.46400716803948444,24,0.4166666666666667,0.42857142857142855
receive,10,13,51,122,0.25458808499138,24,0.25,0.47058823529411764
receive,10,13,45,157,0.39340303788886405,24,0.4583333333333333,0.5333333333333333
receive,10,13,32,8,0.3960432296811624,24,0.375,0.75
receive,1,6,164,136,0.5091397587413642,23,0.5652173913043478,0.1402439024390244
receive,10,2,157,128,0.43820523995468835,23,0.391304347826087,0.1464968152866242
receive,11,11,114,129,0.4147067898474577,23,0.43478260869565216,0.20175438596491227
receive,12,12,106,82,0.5823973436309843,23,0.6521739130434783,0.2169811320754717
receive,10,6,93,21,0.52663982680577,23,0.6086956521739131,0.24731182795698925
receive,4,2,51,136,0.4842763985137961,23,0.30434782608695654,0.45098039215686275
receive,10,13,39,148,0.33176071754070563,23,0.4782608695652174,0.5897435897435898
receive,12,12,25,56,0.41101608681928586,23,0.30434782608695654,0.92
receive,10,6,338,136,0.5119296827093308,22,0.5454545454545454,0.0650887573964497
receive,1,13,92,96,0.2877519445793033,22,0.3181818181818182,0.2391304347826087
receive,11,1,67,157,0.5537435767609322,22,0.6363636363636364,0.3283582089552239
receive,7,2,52,136,0.5152549414763311,22,0.6363636363636364,0.4230769230769231
receive,6,6,52,21,0.5268870029422901,22,0.4090909090909091,0.4230769230769231
receive,11,13,146,96,0.21986180888542334,21,0.14285714285714285,0.14383561643835616
receive,10,1,56,3,0.4432930613339969,21,0.38095238095238093,0.375
receive,10,13,53,72,0.21202488427109983,21,0.14285714285714285,0.39622641509433965
receive,1,6,53,144,0.4944296255971156,21,0.6666666666666666,0.39622641509433965
receive,10,13,47,112,0.4465613136698679,21,0.5238095238095238,0.44680851063829785
receive,11,13,46,106,0.30079437667827247,21,0.2857142857142857,0.45652173913043476
receive,10,2,130,64,0.5946724596838101,20,0.5,0.15384615384615385
receive,10,1,130,64,0.6366423854450047,20,0.8,0.15384615384615385
receive,11,2,114,129,0.47988885100775663,20,0.2,0.17543859649122806
receive,10,1,79,144,0.5937517082820255,20,0.55,0.25316455696202533
receive,11,1,48,136,0.5041546708384627,20,0.45,0.4166666666666667
receive,10,6,130,64,0.5721818506598343,19,0.5789473684210527,0.14615384615384616
receive,10,1,75,115,0.42833092423132646,19,0.42105263157894735,0.25333333333333335
receive,1,6,52,64,0.5718583109320575,19,0.631578947368421,0.36538461538461536
receive,12,12,25,156,0.3936558974440591,19,0.3684210526315789,0.76
receive,10,12,22,49,0.5233076940313216,19,0.5789473684210527,0.8636363636363636
receive,11,2,115,70,0.4369007160522178,18,0.4444444444444444,0.1565217391304348
receive,10,10,70,133,0.3674229269796693,18,0.4444444444444444,0.2571428571428571
receive,10,2,58,70,0.4178518002658303,18,0.2777777777777778,0.3103448275862069
receive,1,6,44,21,0.5157430376093919,18,0.6111111111111112,0.4090909090909091
receive,10,10,20,94,0.3072791797193829,18,0.2777777777777778,0.9
receive,12,12,19,66,0.445644031846524,18,0.2777777777777778,0.9473684210526315
receive,10,5,338,136,0.5135177440574036,17,0.47058823529411764,0.05029585798816568
receive,11,11,115,70,0.38999564438666684,17,0.47058823529411764,0.14782608695652175
receive,11,13,103,72,0.17767623367257196,17,0.058823529411764705,0.1650485436893204
receive,11,10,73,101,0.4834067022420586,17,0.35294117647058826,0.2328767123287671
receive,10,13,44,76,0.4525418812391479,17,0.5294117647058824,0.38636363636363635
receive,10,13,39,81,0.23557763843245588,17,0.23529411764705882,0.4358974358974359
receive,4,1,32,111,0.511350748519491,17,0.6470588235294118,0.53125
receive,1,13,164,136,0.29384203023837796,16,0.25,0.0975609756097561
receive,1,6,92,96,0.4315433329153712,16,0.5,0.17391304347826086
receive,11,13,67,157,0.3886198700047336,16,0.375,0.23880597014925373
receive,12,13,56,11,0.3174743793163408,16,0.4375,0.2857142857142857
receive,10,13,55,69,0.42611821448092524,16,0.4375,0.2909090909090909
receive,10,13,40,106,0.3031145246616346,16,0.25,0.4
receive,10,2,35,129,0.46367797234784,16,0.5,0.45714285714285713
receive,10,13,22,22,0.4127997834920713,16,0.4375,0.7272727272727273
receive,4,1,101,72,0.5041022651291445,15,0.5333333333333333,0.1485148514851485
receive,10,13,58,70,0.21875520391265238,15,0.13333333333333333,0.25862068965517243
receive,10,2,39,107,0.3713919332937976,15,0.4666666666666667,0.38461538461538464
receive,10,12,35,37,0.43038304405225447,15,0.3333333333333333,0.42857142857142855
receive,10,12,26,139,0.2952593157304864,15,0.13333333333333333,0.5769230769230769
receive,10,12,22,78,0.3547005305548258,15,0.4,0.6818181818181818
receive,12,12,18,49,0.5153618321535492,15,0.6666666666666666,0.8333333333333334
receive,10,10,16,146,0.4060826524495186,15,0.4,0.9375
receive,11,2,146,96,0.4129192313895581,14,0.21428571428571427,0.0958904109589041
receive,11,13,115,70,0.2151536622164307,14,0.07142857142857142,0.12173913043478261
receive,11,13,72,122,0.23995557007824775,14,0.14285714285714285,0.19444444444444445
receive,11,10,69,64,0.5179165431909702,14,0.5714285714285714,0.2028985507246377
receive,4,13,48,70,0.18474115123870152,14,0.14285714285714285,0.2916666666666667
receive,11,2,47,19,0.5106761654284102,14,0.35714285714285715,0.2978723404255319
receive,1,2,45,70,0.4323856481992096,14,0.5,0.3111111111111111
receive,4,1,38,132,0.5224830478221909,14,0.5714285714285714,0.3684210526315789
receive,10,1,37,111,0.494675326773719,14,0.2857142857142857,0.3783783783783784
receive,1,6,35,72,0.44924984787066785,14,0.5714285714285714,0.4
receive,12,12,32,37,0.4187354886655655,14,0.35714285714285715,0.4375
receive,11,1,28,153,0.5590343079378862,14,0.35714285714285715,0.5
receive,10,12,18,156,0.4325480088839497,14,0.5,0.7777777777777778
receive,11,4,146,96,0.421971403879641,13,0.38461538461538464,0.08904109589041095
receive,4,5,101,72,0.44057954585175346,13,0.38461538461538464,0.12871287128712872
receive,10,10,79,144,0.4494221552718719,13,0.6153846153846154,0.16455696202531644
receive,10,5,75,115,0.3937625257346889,13,0.46153846153846156,0.17333333333333334
receive,10,1,55,69,0.5743661416868914,13,0.6923076923076923,0.23636363636363636
receive,7,5,52,136,0.5190839881503501,13,0.38461538461538464,0.25
receive,4,13,41,122,0.21960914453813946,13,0.07692307692307693,0.3170731707317073
receive,4,6,35,92,0.2870590153986873,13,0.15384615384615385,0.37142857142857144
receive,10,13,33,92,0.17375330389305743,13,0.07692307692307693,0.3939393939393939
receive,7,5,32,115,0.37500912883434506,13,0.3076923076923077,0.40625
receive,4,6,32,64,0.5480534144849919,13,0.46153846153846156,0.40625
receive,1,13,30,106,0.22962019676502518,13,0.15384615384615385,0.43333333333333335
receive,11,1,27,3,0.39289809790033514,13,0.23076923076923078,0.48148148148148145
receive,1,1,27,129,0.4702381880064615,13,0.38461538461538464,0.48148148148148145
receive,11,1,23,115,0.4299554388528243,13,0.5384615384615384,0.5652173913043478
receive,11,1,23,57,0.6525257364242004,13,0.7692307692307693,0.5652173913043478
receive,1,1,16,140,0.5298746830644286,13,0.46153846153846156,0.8125
receive,11,13,73,101,0.3182597977185572,12,0.16666666666666666,0.1643835616438356
receive,10,2,59,101,0.561314355516131,12,0.4166666666666667,0.2033898305084746
receive,10,2,55,69,0.5240527021783283,12,0.3333333333333333,0.21818181818181817
receive,1,5,42,101,0.46087704454579137,12,0.5,0.2857142857142857
receive,4,6,36,153,0.5562685596730678,12,0.5833333333333334,0.3333333333333333
receive,6,2,35,136,0.5182525761522376,12,0.4166666666666667,0.34285714285714286
receive,7,13,31,21,0.37685449386815667,12,0.5,0.3870967741935484
receive,1,1,27,57,0.6707658688013273,12,0.5833333333333334,0.4444444444444444
receive,11,1,22,90,0.3412323062857036,12,0.16666666666666666,0.5454545454545454
receive,10,13,19,43,0.3796016082248556,12,0.5,0.631578947368421
receive,7,13,19,153,0.33472396363058576,12,0.3333333333333333,0.631578947368421
receive,12,12,18,78,0.3788764795490499,12,0.25,0.6666666666666666
receive,10,10,18,116,0.4495016957441116,12,0.4166666666666667,0.6666666666666666
receive,10,13,16,71,0.2106167076085024,12,0.3333333333333333,0.75
receive,10,12,16,127,0.237974209674228,12,0.25,0.75
receive,10,10,161,96,0.34776499786039133,11,0.2727272727272727,0.06832298136645963
receive,4,2,101,72,0.46536662929717715,11,0.2727272727272727,0.10891089108910891
receive,10,1,70,133,0.4436152190242679,11,0.7272727272727273,0.15714285714285714
receive,4,5,57,101,0.46479154669641115,11,0.45454545454545453,0.19298245614035087
receive,1,5,53,144,0.4842017329971275,11,0.5454545454545454,0.20754716981132076
receive,1,13,52,64,0.41277896316459933,11,0.45454545454545453,0.21153846153846154
receive,4,5,48,70,0.3563719899929816,11,0.5454545454545454,0.22916666666666666
receive,10,2,45,157,0.5460893627012735,11,0.5454545454545454,0.24444444444444444
receive,1,13,44,21,0.33362135736802107,11,0.18181818181818182,0.25
receive,10,13,39,132,0.3215963712389289,11,0.36363636363636365,0.28205128205128205
receive,7,6,31,21,0.5588519119588455,11,0.5454545454545454,0.3548387096774194
receive,10,13,30,57,0.34293812658463785,11,0.5454545454545454,0.36666666666666664
receive,10,13,28,74,0.28076293806298686,11,0.2727272727272727,0.39285714285714285
receive,1,1,27,115,0.4027750018078128,11,0.45454545454545453,0.4074074074074074
receive,6,2,25,133,0.427014261659785,11,0.36363636363636365,0.44
receive,11,1,22,150,0.48049815675451124,11,0.2727272727272727,0.5
receive,7,2,18,133,0.41596212143836075,11,0.18181818181818182,0.6111111111111112
receive,10,12,17,66,0.4613039197446636,11,0.5454545454545454,0.6470588235294118
receive,10,12,16,84,0.4702400263236292,11,0.2727272727272727,0.6875
receive,12,12,14,102,0.3375680591618421,11,0.36363636363636365,0.7857142857142857
receive,10,10,130,64,0.5313682306626878,10,0.6,0.07692307692307693
receive,11,10,115,70,0.3784633166165825,10,0.6,0.08695652173913043
receive,1,5,92,96,0.4257979378268811,10,0.2,0.10869565217391304
receive,11,2,72,122,0.48360152516424904,10,0.4,0.1388888888888889
receive,11,13,63,111,0.3386001414697113,10,0.3,0.15873015873015872
receive,10,13,56,3,0.23735683035273683,10,0.2,0.17857142857142858
receive,4,6,51,136,0.483518672702361,10,0.7,0.19607843137254902
receive,10,2,51,122,0.46302501436516047,10,0.4,0.19607843137254902
receive,4,6,48,70,0.35392464705235466,10,0.1,0.20833333333333334
receive,11,1,47,19,0.555791037757243,10,0.6,0.2127659574468085
receive,10,2,47,112,0.6193739437518255,10,0.6,0.2127659574468085
receive,10,12,47,82,0.6261994686422525,10,0.5,0.2127659574468085
receive,11,1,46,106,0.46797341038216134,10,0.3,0.21739130434782608
receive,1,5,45,70,0.3839324014558088,10,0.3,0.2222222222222222
receive,10,6,44,76,0.48157953268193415,10,0.4,0.22727272727272727
receive,4,2,41,122,0.45128203466747663,10,0.5,0.24390243902439024
receive,10,2,40,106,0.44511732563355666,10,0.6,0.25
receive,10,2,39,148,0.6299118420327036,10,0.7,0.2564102564102564
receive,10,1,39,132,0.5038370525862491,10,0.5,0.2564102564102564
receive,10,5,35,37,0.44457121460381277,10,0.3,0.2857142857142857
receive,11,1,34,138,0.39226817491327814,10,0.4,0.29411764705882354
receive,4,2,29,69,0.5033845596615412,10,0.6,0.3448275862068966
receive,10,2,29,90,0.3638628615793783,10,0.5,0.3448275862068966
receive,7,2,28,70,0.4113410167006412,10,0.3,0.35714285714285715
receive,10,13,28,11,0.3341808096903147,10,0.3,0.35714285714285715
receive,1,1,27,132,0.4990222813150637,10,0.4,0.37037037037037035
receive,11,1,19,69,0.5615002923027126,10,0.8,0.5263157894736842
receive,7,13,19,122,0.20824442924443512,10,0.3,0.5263157894736842
receive,10,13,13,47,0.42730123030719436,10,0.5,0.7692307692307693
receive,11,11,146,96,0.33981823916665277,9,0.1111111111111111,0.06164383561643835
receive,12,5,106,82,0.5855685963782822,9,0.4444444444444444,0.08490566037735849
receive,11,6,103,72,0.3893320882621537,9,0.5555555555555556,0.08737864077669903
receive,11,11,103,72,0.32289809243092155,9,0.3333333333333333,0.08737864077669903
receive,10,1,93,21,0.5746980975296326,9,0.6666666666666666,0.0967741935483871
receive,1,2,92,96,0.4832510927015488,9,0.4444444444444444,0.09782608695652174
receive,11,7,72,122,0.4232871428013268,9,0.4444444444444444,0.125
receive,11,2,63,111,0.5230962252989098,9,0.7777777777777778,0.14285714285714285
receive,10,5,59,101,0.5001184582275248,9,0.4444444444444444,0.15254237288135594
receive,10,1,58,70,0.459044604823923,9,0.5555555555555556,0.15517241379310345
receive,1,6,57,128,0.42486760551513664,9,0.2222222222222222,0.15789473684210525
receive,10,10,56,3,0.34310694161293037,9,0.3333333333333333,0.16071428571428573
receive,10,2,53,72,0.4343253988365228,9,0.4444444444444444,0.16981132075471697
receive,6,5,52,21,0.5288350223934453,9,0.3333333333333333,0.17307692307692307
receive,4,5,51,136,0.48970865327512475,9,0.3333333333333333,0.17647058823529413
receive,1,1,42,101,0.5753395808464401,9,0.7777777777777778,0.21428571428571427
receive,10,5,39,107,0.3688254242251683,9,0.4444444444444444,0.23076923076923078
receive,10,2,39,132,0.46139829082838174,9,0.7777777777777778,0.23076923076923078
receive,11,1,36,144,0.5337485583782392,9,0.4444444444444444,0.25
receive,10,13,35,129,0.2883574257233114,9,0.3333333333333333,0.2571428571428571
receive,4,13,32,64,0.3703567574306873,9,0.4444444444444444,0.28125
receive,10,1,30,57,0.6537145616060095,9,0.5555555555555556,0.3
receive,10,6,30,73,0.5016851035511827,9,0.5555555555555556,0.3
receive,10,13,30,73,0.22972481397446504,9,0.2222222222222222,0.3
receive,10,13,29,90,0.172110656388963,9,0.1111111111111111,0.3103448275862069
receive,10,12,28,11,0.48394117205642123,9,0.4444444444444444,0.32142857142857145
receive,1,5,27,57,0.591858208169361,9,0.5555555555555556,0.3333333333333333
receive,11,13,24,43,0.3260973292700932,9,0.4444444444444444,0.375
receive,11,1,24,74,0.5123662100180476,9,0.3333333333333333,0.375
receive,4,13,24,106,0.2540876029339518,9,0.1111111111111111,0.375
receive,4,1,23,39,0.509039938568156,9,0.6666666666666666,0.391304347826087
receive,11,1,23,132,0.5297108231082152,9,0.5555555555555556,0.391304347826087
receive,4,6,22,21,0.5090906827103722,9,0.7777777777777778,0.4090909090909091
receive,10,10,22,105,0.3015079776285659,9,0.2222222222222222,0.4090909090909091
receive,10,13,19,159,0.48814636928602373,9,0.5555555555555556,0.47368421052631576
receive,9,13,19,10,0.32773540889041275,9,0.2222222222222222,0.47368421052631576
receive,10,9,18,152,0.3837106369667048,9,0.1111111111111111,0.5
receive,10,13,16,30,0.5965703837444163,9,0.5555555555555556,0.5625
receive,10,12,13,56,0.4434913888564473,9,0.5555555555555556,0.6923076923076923
receive,7,6,12,118,0.5294282262449876,9,0.4444444444444444,0.75
receive,12,12,12,91,0.3182287669743915,9,0.2222222222222222,0.75
receive,12,12,12,164,0.2511376936740192,9,0.3333333333333333,0.75
receive,12,12,10,51,0.6089190287224205,9,0.6666666666666666,0.9
receive,10,7,338,136,0.48233341911296657,8,0.625,0.023668639053254437
receive,10,10,157,128,0.39931157281487684,8,0.25,0.050955414012738856
receive,10,5,157,128,0.4280177579562387,8,0.5,0.050955414012738856
receive,11,7,139,128,0.40809739895276564,8,0.5,0.05755395683453238
receive,10,5,130,64,0.57030300246647,8,0.625,0.06153846153846154
receive,12,3,106,82,0.6084768822256522,8,0.625,0.07547169811320754
receive,11,7,103,72,0.34981573242101355,8,0.375,0.07766990291262135
receive,10,10,93,21,0.4860633372451527,8,0.75,0.08602150537634409
receive,10,5,79,144,0.5195774113668074,8,0.375,0.10126582278481013
receive,10,2,75,115,0.3908508229493378,8,0.375,0.10666666666666667
receive,11,11,67,157,0.4984962068095999,8,0.5,0.11940298507462686
receive,10,6,56,3,0.40261854700234484,8,0.625,0.14285714285714285
receive,6,13,52,21,0.3269646079909314,8,0.25,0.15384615384615385
receive,1,1,52,64,0.6406431436322505,8,0.625,0.15384615384615385
receive,10,1,51,122,0.5358485030142619,8,0.875,0.1568627450980392
receive,4,1,48,70,0.44046877814201535,8,0.25,0.16666666666666666
receive,11,13,47,19,0.2360156821189906,8,0.25,0.1702127659574468
receive,1,6,42,101,0.45691711110311917,8,0.25,0.19047619047619047
receive,4,6,41,122,0.3888524004910014,8,0.125,0.1951219512195122
receive,10,6,40,106,0.44972720297239394,8,0.625,0.2
receive,10,2,39,81,0.5514723636903417,8,0.625,0.20512820512820512
receive,4,13,36,153,0.24076019782045543,8,0.0,0.2222222222222222
receive,1,13,35,72,0.24180067745690687,8,0.625,0.22857142857142856
receive,11,2,34,138,0.3447749195020353,8,0.25,0.23529411764705882
receive,11,13,34,138,0.22180904307198612,8,0.125,0.23529411764705882
receive,7,1,32,115,0.40609420220856607,8,0.375,0.25
receive,7,13,32,115,0.2038030377288738,8,0.0,0.25
receive,11,6,28,35,0.6283287454703477,8,0.875,0.2857142857142857
receive,11,13,28,153,0.2413442542316962,8,0.125,0.2857142857142857
receive,6,6,25,133,0.4559154567362013,8,0.375,0.32
receive,4,1,25,129,0.45296693251328557,8,0.625,0.32
receive,4,6,24,106,0.42605044529476693,8,0.625,0.3333333333333333
receive,4,6,23,19,0.5362862685111563,8,0.625,0.34782608695652173
receive,11,1,22,107,0.3847983190823639,8,0.125,0.36363636363636365
receive,11,1,21,13,0.4695620218788904,8,0.625,0.38095238095238093
receive,1,1,19,157,0.46223681622843577,8,0.375,0.42105263157894735
receive,11,1,18,92,0.4402021010474069,8,0.5,0.4444444444444444
receive,4,13,17,97,0.2987473224637155,8,0.5,0.47058823529411764
receive,11,1,14,76,0.6054431250609446,8,0.5,0.5714285714285714
receive,4,6,13,144,0.54266206801675,8,0.75,0.6153846153846154
receive,10,13,13,138,0.24892239362214605,8,0.25,0.6153846153846154
receive,9,9,13,152,0.413387717849531,8,0.5,0.6153846153846154
receive,10,13,12,131,0.4640752218899323,8,0.375,0.6666666666666666
receive,4,5,12,137,0.48120272940422143,8,0.125,0.6666666666666666
receive,11,1,12,151,0.5431454298644215,8,0.625,0.6666666666666666
receive,10,2,11,149,0.6025510510202626,8,0.375,0.7272727272727273
receive,1,6,11,113,0.5101212100569463,8,0.5,0.7272727272727273
receive,10,13,10,55,0.20838133176415355,8,0.25,0.8
receive,10,10,10,124,0.1832414439204932,8,0.125,0.8
receive,10,12,10,68,0.6865766017551155,8,1.0,0.8
receive,1,1,10,117,0.5667635565939386,8,0.75,0.8
receive,10,6,161,96,0.3823022803634989,7,0.14285714285714285,0.043478260869565216
receive,10,4,161,96,0.43297840967557605,7,0.5714285714285714,0.043478260869565216
receive,11,10,146,96,0.3318143112277185,7,0.5714285714285714,0.04794520547945205
receive,11,2,103,72,0.4143971093190083,7,0.2857142857142857,0.06796116504854369
receive,11,10,103,72,0.3108243440504649,7,0.5714285714285714,0.06796116504854369
receive,10,6,79,144,0.5341137502497247,7,0.5714285714285714,0.08860759493670886
receive,11,6,73,101,0.5267728402557821,7,0.42857142857142855,0.0958904109589041
receive,10,2,70,133,0.4330143487152196,7,0.42857142857142855,0.1
receive,11,2,67,157,0.5491164437469833,7,0.42857142857142855,0.1044776119402985
receive,11,11,63,111,0.49474173555366685,7,0.5714285714285714,0.1111111111111111
receive,1,2,57,128,0.44779269148828965,7,0.2857142857142857,0.12280701754385964
receive,10,6,53,72,0.4051780390219754,7,0.2857142857142857,0.1320754716981132
receive,1,13,53,144,0.30717576573101046,7,0.2857142857142857,0.1320754716981132
receive,7,6,52,136,0.5180137640976404,7,0.7142857142857143,0.1346153846153846
receive,6,3,52,21,0.5430302854967032,7,0.42857142857142855,0.1346153846153846
receive,11,10,48,136,0.44246339105806193,7,0.5714285714285714,0.14583333333333334
receive,1,1,45,70,0.46277859005287203,7,0.2857142857142857,0.15555555555555556
receive,10,13,39,107,0.1690266471212079,7,0.14285714285714285,0.1794871794871795
receive,10,10,39,81,0.45670526052670285,7,0.7142857142857143,0.1794871794871795
receive,4,13,38,132,0.3029872626896681,7,0.42857142857142855,0.18421052631578946
receive,6,13,35,136,0.27460519655300414,7,0.0,0.2
receive,4,5,35,92,0.2900246711257628,7,0.0,0.2
receive,4,13,32,111,0.29074117413142453,7,0.14285714285714285,0.21875
receive,4,5,29,69,0.5030176341548929,7,0.5714285714285714,0.2413793103448276
receive,10,1,29,140,0.49679301985929475,7,0.14285714285714285,0.2413793103448276
receive,10,13,29,140,0.2693113194890727,7,0.2857142857142857,0.2413793103448276
receive,10,1,28,74,0.4381815014702907,7,0.7142857142857143,0.25
receive,7,5,28,70,0.3631077685012774,7,0.5714285714285714,0.25
receive,11,10,27,3,0.3046026120317552,7,0.5714285714285714,0.25925925925925924
receive,10,13,26,139,0.21209025185027103,7,0.2857142857142857,0.2692307692307692
receive,4,13,23,39,0.25954601663497306,7,0.14285714285714285,0.30434782608695654
receive,11,13,22,150,0.2810790732879904,7,0.2857142857142857,0.3181818181818182
receive,10,13,21,158,0.2956007075638944,7,0.2857142857142857,0.3333333333333333
receive,10,13,18,13,0.2748141402065503,7,0.2857142857142857,0.3888888888888889
receive,11,1,17,88,0.5096823148082096,7,0.5714285714285714,0.4117647058823529
receive,7,5,17,144,0.47969468347948274,7,0.42857142857142855,0.4117647058823529
receive,10,1,16,44,0.5287370273152073,7,0.7142857142857143,0.4375
receive,1,6,16,150,0.516231393652046,7,0.7142857142857143,0.4375
receive,4,1,15,157,0.4416640013459408,7,0.5714285714285714,0.4666666666666667
receive,4,1,15,110,0.4743733526575928,7,0.14285714285714285,0.4666666666666667
receive,7,6,13,76,0.44801678813479384,7,0.2857142857142857,0.5384615384615384
receive,4,5,12,23,0.28457792927264963,7,0.14285714285714285,0.5833333333333334
receive,4,5,12,115,0.3685326779354841,7,0.7142857142857143,0.5833333333333334
receive,10,1,11,160,0.375046152129927,7,0.2857142857142857,0.6363636363636364
receive,4,2,10,59,0.6285786756860224,7,0.5714285714285714,0.7
receive,11,1,10,163,0.5458252065097906,7,0.7142857142857143,0.7
receive,11,1,10,29,0.3060251918992753,7,0.2857142857142857,0.7
receive,1,1,10,138,0.5140378207937454,7,0.7142857142857143,0.7
receive,10,13,8,41,0.24631849034484626,7,0.14285714285714285,0.875
receive,10,10,7,2,0.49534279994400354,7,0.8571428571428571,1.0
receive,11,6,146,96,0.3699911166758534,6,0.16666666666666666,0.0410958904109589
receive,11,10,139,128,0.3988247291167807,6,0.16666666666666666,0.04316546762589928
receive,10,3,93,21,0.5407318472537608,6,0.3333333333333333,0.06451612903225806
receive,10,13,85,155,0.4132809203245497,6,0.6666666666666666,0.07058823529411765
receive,11,10,72,122,0.3839652725959439,6,0.6666666666666666,0.08333333333333333
receive,11,13,69,64,0.4079325471003407,6,0.16666666666666666,0.08695652173913043
receive,11,7,67,157,0.5228587196603734,6,0.3333333333333333,0.08955223880597014
receive,11,10,64,21,0.5142039502161087,6,0.6666666666666666,0.09375
receive,11,13,64,21,0.35949561124201046,6,0.16666666666666666,0.09375
receive,11,7,64,21,0.531997257879689,6,0.6666666666666666,0.09375
receive,11,6,64,21,0.5569499914101443,6,0.5,0.09375
receive,10,6,58,70,0.37559926880907013,6,0.16666666666666666,0.10344827586206896
receive,10,5,58,70,0.3760217980583837,6,0.3333333333333333,0.10344827586206896
receive,4,13,57,101,0.2633947772841302,6,0.0,0.10526315789473684
receive,10,1,53,72,0.478316526016818,6,0.3333333333333333,0.11320754716981132
receive,1,1,53,144,0.558174730419193,6,0.3333333333333333,0.11320754716981132
receive,4,13,51,136,0.26756943206668116,6,0.16666666666666666,0.11764705882352941
receive,11,7,48,136,0.4761903981727527,6,0.3333333333333333,0.125
receive,11,13,48,136,0.2781512989663603,6,0.6666666666666666,0.125
receive,11,11,47,19,0.4564361107340026,6,0.6666666666666666,0.1276595744680851
receive,10,5,47,82,0.6288838844798198,6,0.5,0.1276595744680851
receive,11,5,46,106,0.4551428670690269,6,0.16666666666666666,0.13043478260869565
receive,1,13,45,70,0.2061600561661257,6,0.16666666666666666,0.13333333333333333
receive,1,6,45,70,0.3838062974024188,6,0.5,0.13333333333333333
receive,10,2,44,76,0.5508852878559729,6,0.8333333333333334,0.13636363636363635
receive,10,1,44,76,0.6138453599901692,6,1.0,0.13636363636363635
receive,1,13,42,101,0.27467468697757214,6,0.5,0.14285714285714285
receive,1,2,42,101,0.5258741488917448,6,0.5,0.14285714285714285
receive,4,5,41,122,0.3986424277538964,6,0.3333333333333333,0.14634146341463414
receive,10,6,39,107,0.36475732918205284,6,0.5,0.15384615384615385
receive,4,5,38,132,0.4423541482770678,6,0.5,0.15789473684210525
receive,11,11,36,144,0.42125536374807837,6,0.3333333333333333,0.16666666666666666
receive,11,10,36,144,0.39995576358945334,6,0.16666666666666666,0.16666666666666666
receive,1,5,35,72,0.4512304525196687,6,0.0,0.17142857142857143
receive,6,1,35,136,0.5255508932156179,6,0.6666666666666666,0.17142857142857143
receive,4,1,35,92,0.35377204483165847,6,0.5,0.17142857142857143
receive,4,13,35,92,0.13704992613984973,6,0.3333333333333333,0.17142857142857143
receive,4,6,29,69,0.492240284227859,6,0.3333333333333333,0.20689655172413793
receive,10,10,29,90,0.26693040728622275,6,0.5,0.20689655172413793
receive,10,5,29,140,0.39603049727368805,6,0.5,0.20689655172413793
receive,11,13,28,35,0.294245856217542,6,0.3333333333333333,0.21428571428571427
receive,1,6,27,115,0.3642020852733733,6,0.0,0.2222222222222222
receive,1,2,27,129,0.4294876268261484,6,0.3333333333333333,0.2222222222222222
receive,4,13,25,129,0.22880095471704032,6,0.3333333333333333,0.24
receive,4,2,23,19,0.5419259669277734,6,0.3333333333333333,0.2608695652173913
receive,10,3,22,105,0.30871177583724807,6,0.3333333333333333,0.2727272727272727
receive,1,13,21,69,0.42585964316859065,6,0.6666666666666666,0.2857142857142857
receive,1,5,21,69,0.5500544670073885,6,0.6666666666666666,0.2857142857142857
receive,11,13,21,13,0.29835710194767534,6,0.16666666666666666,0.2857142857142857
receive,10,1,20,45,0.6222498913363415,6,0.6666666666666666,0.3
receive,10,6,19,85,0.6322113179667926,6,0.6666666666666666,0.3157894736842105
receive,10,13,19,85,0.29708899864382254,6,0.16666666666666666,0.3157894736842105
receive,4,6,18,54,0.4129447925182539,6,0.16666666666666666,0.3333333333333333
receive,10,2,18,13,0.38835547942426524,6,0.3333333333333333,0.3333333333333333
receive,7,6,18,100,0.5382229359784911,6,0.3333333333333333,0.3333333333333333
receive,11,13,17,97,0.2839996873018085,6,0.16666666666666666,0.35294117647058826
receive,10,1,17,4,0.22050138501385388,6,0.16666666666666666,0.35294117647058826
receive,9,6,16,53,0.5682516268450324,6,0.8333333333333334,0.375
receive,10,13,15,59,0.4291716603861477,6,0.16666666666666666,0.4
receive,4,13,15,157,0.2637388835804134,6,0.0,0.4
receive,10,13,15,12,0.43539773150646277,6,0.3333333333333333,0.4
receive,10,10,14,51,0.5405389578352515,6,0.6666666666666666,0.42857142857142855
receive,11,1,13,110,0.48371686624113086,6,0.6666666666666666,0.46153846153846156
receive,9,13,13,100,0.21357028394587627,6,0.16666666666666666,0.46153846153846156
receive,7,1,12,57,0.671961916310538,6,0.8333333333333334,0.5
receive,6,13,12,96,0.20317117656340652,6,0.3333333333333333,0.5
receive,1,1,12,111,0.49603772838024435,6,0.5,0.5
receive,10,13,12,89,0.29641078260047854,6,0.16666666666666666,0.5
receive,4,5,12,109,0.664988938991637,6,0.8333333333333334,0.5
receive,1,2,11,14,0.49975479391118943,6,0.3333333333333333,0.5454545454545454
receive,11,1,11,86,0.3739192663676912,6,0.3333333333333333,0.5454545454545454
receive,10,9,11,53,0.5918274593083587,6,0.8333333333333334,0.5454545454545454
receive,4,6,10,158,0.453128644046682,6,0.5,0.6
receive,4,6,10,112,0.5677733810699986,6,0.6666666666666666,0.6
receive,10,13,10,31,0.33220339900101414,6,0.16666666666666666,0.6
receive,4,1,9,88,0.4938629328725036,6,0.5,0.6666666666666666
receive,10,13,9,58,0.05792441022316072,6,0.0,0.6666666666666666
receive,10,13,9,143,0.1245928706172602,6,0.16666666666666666,0.6666666666666666
receive,4,13,9,6,0.18191090275944144,6,0.3333333333333333,0.6666666666666666
receive,11,1,9,140,0.49106275708219727,6,0.5,0.6666666666666666
receive,9,12,8,155,0.4415876265577421,6,0.3333333333333333,0.75
receive,4,1,8,138,0.3808055363040733,6,0.16666666666666666,0.75
receive,10,12,6,102,0.312151624611504,6,0.3333333333333333,1.0
receive,10,3,338,136,0.518040060371841,5,0.4,0.014792899408284023
receive,11,2,139,128,0.43343305556388895,5,0.4,0.03597122302158273
receive,12,13,106,82,0.3378723725998265,5,0.0,0.04716981132075472
receive,11,5,103,72,0.39009577602240586,5,0.2,0.04854368932038835
receive,11,11,73,101,0.4909931392792887,5,0.2,0.0684931506849315
receive,11,5,69,64,0.5551361229739605,5,0.6,0.07246376811594203
receive,1,11,57,128,0.3983883341908705,5,0.4,0.08771929824561403
receive,1,13,57,128,0.27247192996971814,5,0.2,0.08771929824561403
receive,4,6,57,101,0.4597306222622513,5,0.6,0.08771929824561403
receive,4,2,57,101,0.5325467884664453,5,0.6,0.08771929824561403
receive,10,5,56,3,0.3994690590996569,5,0.2,0.08928571428571429
receive,12,2,56,11,0.535061740952248,5,0.4,0.08928571428571429
receive,10,10,55,69,0.46443986710967455,5,0.4,0.09090909090909091
receive,10,5,55,69,0.5266780746899854,5,0.4,0.09090909090909091
receive,10,5,53,72,0.40635125388195675,5,0.2,0.09433962264150944
receive,7,1,52,136,0.5239373885323961,5,0.6,0.09615384615384616
receive,1,5,52,64,0.5770528805443963,5,0.6,0.09615384615384616
receive,1,3,52,64,0.6036184628204198,5,0.4,0.09615384615384616
receive,10,5,51,122,0.41429299879230286,5,0.6,0.09803921568627451
receive,4,2,48,70,0.40025423545582345,5,0.8,0.10416666666666667
receive,11,11,48,136,0.434206335323909,5,0.6,0.10416666666666667
receive,10,1,47,112,0.6664172762968091,5,0.6,0.10638297872340426
receive,10,5,47,112,0.6043519193588475,5,1.0,0.10638297872340426
receive,11,6,46,106,0.4601116421937148,5,0.4,0.10869565217391304
receive,1,3,44,21,0.53548270054896,5,0.4,0.11363636363636363
receive,10,2,39,150,0.4769144404448755,5,0.4,0.1282051282051282
receive,4,8,38,132,0.3627198890926457,5,0.2,0.13157894736842105
receive,10,2,37,111,0.4789237059241822,5,0.2,0.13513513513513514
receive,4,1,36,153,0.6192233860334057,5,0.8,0.1388888888888889
receive,10,6,35,129,0.42926541765337933,5,0.6,0.14285714285714285
receive,10,1,33,92,0.41239400808322424,5,0.4,0.15151515151515152
receive,10,6,33,92,0.3393696506810735,5,0.2,0.15151515151515152
receive,4,5,32,64,0.5541627198647844,5,0.6,0.15625
receive,4,5,32,111,0.48922192633818334,5,1.0,0.15625
receive,12,5,32,37,0.43721024053274143,5,0.6,0.15625
receive,12,13,32,37,0.23525449005947502,5,0.2,0.15625
receive,1,6,30,106,0.3740355211377225,5,0.4,0.16666666666666666
receive,1,5,30,106,0.3714127101468205,5,0.4,0.16666666666666666
receive,10,5,30,73,0.49579268704674423,5,0.6,0.16666666666666666
receive,10,2,28,74,0.4078979021527732,5,0.0,0.17857142857142858
receive,7,6,28,70,0.3634980060640534,5,0.2,0.17857142857142858
receive,7,13,28,70,0.19917393605440797,5,0.2,0.17857142857142858
receive,11,4,28,35,0.6477670184256856,5,0.6,0.17857142857142858
receive,1,13,27,132,0.3076827985140163,5,0.2,0.18518518518518517
receive,4,2,25,129,0.40941192742055127,5,0.2,0.2
receive,11,1,24,43,0.6105051269801723,5,0.2,0.20833333333333334
receive,11,6,24,74,0.43044315271190103,5,0.4,0.20833333333333334
receive,4,13,23,19,0.2647569188051307,5,0.4,0.21739130434782608
receive,4,1,22,21,0.5572821927156948,5,0.8,0.22727272727272727
receive,11,11,22,90,0.23019211844657245,5,0.2,0.22727272727272727
receive,10,13,20,50,0.4015953569415772,5,0.6,0.25
receive,1,13,19,157,0.28908798971114347,5,0.2,0.2631578947368421
receive,10,2,19,159,0.5784386349087708,5,0.4,0.2631578947368421
receive,9,5,19,10,0.502670368018238,5,0.4,0.2631578947368421
receive,4,13,18,54,0.35129959636774516,5,0.6,0.2777777777777778
receive,10,13,18,34,0.15154317782836577,5,0.0,0.2777777777777778
receive,11,1,17,62,0.4178859665310493,5,0.4,0.29411764705882354
receive,11,6,17,118,0.5915148172792394,5,0.2,0.29411764705882354
receive,11,1,17,118,0.6874617076546572,5,0.8,0.29411764705882354
receive,7,6,17,144,0.49276877686721376,5,0.6,0.29411764705882354
receive,10,13,17,4,0.15753114167812265,5,0.2,0.29411764705882354
receive,10,10,17,4,0.22803447549635625,5,0.4,0.29411764705882354
receive,1,2,17,153,0.5690958361414464,5,0.4,0.29411764705882354
receive,1,1,17,153,0.5970938202686333,5,0.4,0.29411764705882354
receive,1,13,17,153,0.2543943480021683,5,0.2,0.29411764705882354
receive,10,2,16,44,0.4574244216927337,5,0.2,0.3125
receive,1,6,16,122,0.34625337225266944,5,0.0,0.3125
receive,1,13,16,150,0.3293472350473255,5,0.2,0.3125
receive,10,5,16,38,0.5302304455773089,5,0.4,0.3125
receive,10,10,15,59,0.6431996102243149,5,0.8,0.3333333333333333
receive,10,1,15,12,0.6511688033314804,5,0.4,0.3333333333333333
receive,11,1,14,48,0.4347010942299496,5,0.6,0.35714285714285715
receive,10,6,14,46,0.32733864615028285,5,0.4,0.35714285714285715
receive,11,1,14,112,0.5975026984947106,5,0.6,0.35714285714285715
receive,10,10,14,141,0.5118015504998539,5,0.6,0.35714285714285715
receive,11,7,14,112,0.5084339231274251,5,0.4,0.35714285714285715
receive,1,6,13,50,0.54459245299325,5,0.6,0.38461538461538464
receive,1,2,13,50,0.5404651515728643,5,0.8,0.38461538461538464
receive,7,6,13,150,0.47452311243254475,5,0.6,0.38461538461538464
receive,8,9,13,53,0.5680357120733139,5,0.2,0.38461538461538464
receive,10,1,13,42,0.35631085782951755,5,0.2,0.38461538461538464
receive,1,5,12,92,0.318268019982109,5,0.6,0.4166666666666667
receive,1,13,12,8,0.33358348155469963,5,0.4,0.4166666666666667
receive,11,10,12,89,0.42409032912556666,5,0.6,0.4166666666666667
receive,4,13,12,73,0.16939233593531758,5,0.2,0.4166666666666667
receive,1,1,12,73,0.5465704892957838,5,1.0,0.4166666666666667
receive,11,1,11,67,0.3719697974104889,5,0.4,0.45454545454545453
receive,4,13,11,86,0.1573416188672121,5,0.0,0.45454545454545453
receive,1,1,11,126,0.4120477873976823,5,0.0,0.45454545454545453
receive,4,6,11,150,0.5099428603041438,5,0.4,0.45454545454545453
receive,10,6,11,108,0.11207675506227392,5,0.0,0.45454545454545453
receive,1,2,11,148,0.6573991219495992,5,0.6,0.45454545454545453
receive,1,5,11,109,0.6516887454389751,5,0.6,0.45454545454545453
receive,6,13,10,2,0.11703153906733785,5,0.0,0.5
receive,11,1,10,117,0.6368234288269253,5,0.8,0.5
receive,10,13,8,62,0.3718595684937552,5,0.6,0.625
receive,10,13,8,126,0.1281713421980261,5,0.0,0.625
receive,10,13,8,163,0.13113860605599784,5,0.2,0.625
receive,10,10,8,145,0.5702596109500306,5,0.8,0.625
receive,1,1,8,25,0.5466626020739035,5,0.6,0.625
receive,1,1,7,98,0.6140006066079569,5,0.6,0.7142857142857143
receive,9,9,7,5,0.32309890797782054,5,0.2,0.7142857142857143
receive,10,13,6,29,0.25052355858798575,5,0.4,0.8333333333333334
receive,12,12,6,84,0.4555564836253132,5,0.2,0.8333333333333334
receive,10,12,6,15,0.25560553279131554,5,0.4,0.8333333333333334
receive,10,12,5,121,0.22704648143835016,5,0.2,1.0
receive,10,11,338,136,0.4492954964478632,4,0.75,0.011834319526627219
receive,4,10,307,96,0.35633985647243954,4,0.5,0.013029315960912053
receive,4,11,307,96,0.36266454612073745,4,0.5,0.013029315960912053
receive,11,6,139,128,0.4259496839422111,4,0.0,0.02877697841726619
receive,10,3,130,64,0.5930160131486344,4,0.5,0.03076923076923077
receive,11,7,115,70,0.3818173011627066,4,0.25,0.034782608695652174
receive,11,6,114,129,0.452674309921651,4,0.25,0.03508771929824561
receive,11,10,114,129,0.4047323438258346,4,0.5,0.03508771929824561
receive,11,4,103,72,0.4230470225769716,4,0.75,0.038834951456310676
receive,10,2,93,21,0.5439662758771959,4,0.5,0.043010752688172046
receive,10,5,93,21,0.5269711362253078,4,0.25,0.043010752688172046
receive,10,2,79,144,0.5597890708737696,4,0.75,0.05063291139240506
receive,10,10,75,115,0.36798681351031226,4,0.25,0.05333333333333334
receive,11,2,73,101,0.581437852040639,4,0.5,0.0547945205479452
receive,11,5,72,122,0.4430386980972034,4,0.75,0.05555555555555555
receive,10,6,70,133,0.4586318182203105,4,0.25,0.05714285714285714
receive,11,10,67,157,0.4891770977883982,4,0.5,0.05970149253731343
receive,12,1,56,11,0.5640715416872991,4,0.75,0.07142857142857142
receive,1,11,53,144,0.4201816827031105,4,0.25,0.07547169811320754
receive,7,13,52,136,0.3125685265698835,4,0.5,0.07692307692307693
receive,6,1,52,21,0.5745935373847689,4,0.0,0.07692307692307693
receive,1,11,52,64,0.5207930703874528,4,0.5,0.07692307692307693
receive,11,5,48,136,0.50536405040308,4,0.5,0.08333333333333333
receive,11,6,47,19,0.5248806927011989,4,0.5,0.0851063829787234
receive,10,6,47,112,0.6020250407408881,4,0.75,0.0851063829787234
receive,1,2,44,21,0.540240132594575,4,0.5,0.09090909090909091
receive,1,5,44,21,0.5201666887168992,4,0.75,0.09090909090909091
receive,10,5,44,76,0.4715759623388305,4,0.25,0.09090909090909091
receive,10,1,44,153,0.6299326019001259,4,1.0,0.09090909090909091
receive,10,5,40,106,0.4449800770650086,4,0.25,0.1
receive,10,6,37,111,0.4704901756209478,4,0.25,0.10810810810810811
receive,10,13,37,111,0.3169240518800066,4,0.5,0.10810810810810811
receive,10,1,36,32,0.5688505935484351,4,1.0,0.1111111111111111
receive,11,5,36,144,0.4660270786638636,4,0.25,0.1111111111111111
receive,4,2,36,153,0.5970474178967465,4,0.5,0.1111111111111111
receive,1,1,35,72,0.5126914196998168,4,1.0,0.11428571428571428
receive,6,6,35,136,0.5193926214433073,4,1.0,0.11428571428571428
receive,10,1,35,129,0.5104666646511344,4,0.5,0.11428571428571428
receive,10,13,35,37,0.23818365872607475,4,0.0,0.11428571428571428
receive,10,10,33,92,0.2796864608066037,4,0.5,0.12121212121212122
receive,10,6,32,8,0.3608766815982027,4,0.0,0.125
receive,7,3,31,21,0.5677414887445132,4,0.5,0.12903225806451613
receive,10,5,30,57,0.5723811650868903,4,0.25,0.13333333333333333
receive,10,1,30,73,0.5331260122686481,4,0.75,0.13333333333333333
receive,10,1,29,90,0.401134990444873,4,0.25,0.13793103448275862
receive,4,13,29,69,0.37111587645209776,4,0.5,0.13793103448275862
receive,10,6,29,140,0.4047911290122911,4,0.25,0.13793103448275862
receive,11,2,28,35,0.6458983262650706,4,0.5,0.14285714285714285
receive,11,1,28,35,0.7053795913061468,4,0.75,0.14285714285714285
receive,6,13,25,133,0.23917436745793488,4,0.25,0.16
receive,4,6,25,129,0.37069414695744235,4,0.0,0.16
receive,12,2,25,156,0.46778500512812293,4,0.25,0.16
receive,4,5,24,106,0.4275333694291719,4,0.5,0.16666666666666666
receive,11,10,23,57,0.4689376494454639,4,0.25,0.17391304347826086
receive,4,2,23,39,0.46066721591721466,4,0.25,0.17391304347826086
receive,11,13,23,57,0.30763491469564574,4,0.25,0.17391304347826086
receive,11,10,23,132,0.4076514626432262,4,0.25,0.17391304347826086
receive,10,2,22,22,0.6190926840117709,4,0.5,0.18181818181818182
receive,11,5,22,107,0.36548581325320606,4,0.25,0.18181818181818182
receive,11,11,22,107,0.2977578554748834,4,0.0,0.18181818181818182
receive,10,5,22,105,0.3049463387781996,4,0.5,0.18181818181818182
receive,1,1,21,69,0.5808234960808636,4,0.25,0.19047619047619047
receive,10,1,21,158,0.5031616278839266,4,0.0,0.19047619047619047
receive,10,2,21,158,0.47121835391030537,4,0.75,0.19047619047619047
receive,6,2,21,50,0.5633564087616691,4,0.25,0.19047619047619047
receive,6,5,21,50,0.5531542553339887,4,0.0,0.19047619047619047
receive,6,6,21,50,0.5698570713507416,4,0.75,0.19047619047619047
receive,6,1,21,50,0.579143096333557,4,0.75,0.19047619047619047
receive,10,1,20,50,0.6195009826476958,4,0.25,0.2
receive,10,2,20,45,0.5660366358720167,4,0.25,0.2
receive,10,6,19,159,0.6290663323827621,4,1.0,0.21052631578947367
receive,7,1,19,153,0.6770166824795115,4,0.5,0.21052631578947367
receive,7,13,18,133,0.2347201657410569,4,0.25,0.2222222222222222
receive,4,5,18,54,0.41780283302875065,4,0.25,0.2222222222222222
receive,10,6,18,34,0.41816574204872936,4,0.5,0.2222222222222222
receive,10,5,18,34,0.4141992296695722,4,0.75,0.2222222222222222
receive,7,9,18,100,0.44774916826261346,4,0.25,0.2222222222222222
receive,7,13,18,100,0.2121004740189607,4,0.5,0.2222222222222222
receive,4,6,17,97,0.4296164931283646,4,0.0,0.23529411764705882
receive,11,2,17,88,0.4592681308278632,4,0.25,0.23529411764705882
receive,7,1,17,144,0.5487396426096187,4,0.75,0.23529411764705882
receive,1,1,16,122,0.45779500302737264,4,0.25,0.25
receive,10,13,16,118,0.3307322142868985,4,0.5,0.25
receive,9,5,16,53,0.5630934755849614,4,0.75,0.25
receive,10,13,16,38,0.22239684006815694,4,0.25,0.25
receive,10,1,16,38,0.5744604331900801,4,0.75,0.25
receive,10,2,15,19,0.5064593204264292,4,0.5,0.26666666666666666
receive,10,13,15,19,0.2532998519537769,4,0.0,0.26666666666666666
receive,4,6,15,110,0.39585049309178727,4,0.25,0.26666666666666666
receive,4,1,14,74,0.5209787790830235,4,0.75,0.2857142857142857
receive,4,2,14,74,0.4988171881241396,4,0.75,0.2857142857142857
receive,4,6,14,62,0.28134209193210513,4,0.25,0.2857142857142857
receive,10,12,14,51,0.578140864078195,4,1.0,0.2857142857142857
receive,11,3,14,48,0.4020444854856887,4,0.0,0.2857142857142857
receive,10,13,14,46,0.09471406627260501,4,0.0,0.2857142857142857
receive,4,5,14,62,0.27315109637299173,4,0.25,0.2857142857142857
receive,10,3,14,141,0.5072337344362982,4,0.5,0.2857142857142857
receive,10,10,13,56,0.43958305796234654,4,0.5,0.3076923076923077
receive,10,10,13,142,0.35488952330887796,4,0.25,0.3076923076923077
receive,10,13,13,142,0.19113195663470017,4,0.25,0.3076923076923077
receive,11,10,13,110,0.2844769714615732,4,0.0,0.3076923076923077
receive,1,6,13,160,0.38846516041446605,4,0.75,0.3076923076923077
receive,7,13,13,76,0.393248737875149,4,0.75,0.3076923076923077
receive,10,2,12,7,0.4094630066413938,4,0.5,0.3333333333333333
receive,10,13,12,7,0.1866298859984716,4,0.25,0.3333333333333333
receive,4,6,12,35,0.5225850021187123,4,0.75,0.3333333333333333
receive,4,13,12,35,0.23523553778538675,4,0.25,0.3333333333333333
receive,4,13,12,137,0.3438687313789593,4,0.5,0.3333333333333333
receive,11,1,12,89,0.4540433501749184,4,0.75,0.3333333333333333
receive,10,1,12,130,0.28253926500053184,4,0.5,0.3333333333333333
receive,4,1,12,73,0.4558179468400061,4,0.0,0.3333333333333333
receive,10,13,11,67,0.20534337531325716,4,0.25,0.36363636363636365
receive,10,2,11,17,0.4887009929641787,4,0.75,0.36363636363636365
receive,10,13,11,17,0.4723612532804037,4,0.5,0.36363636363636365
receive,1,6,11,126,0.35937755176258296,4,0.5,0.36363636363636365
receive,4,13,11,150,0.30061726350111395,4,0.25,0.36363636363636365
receive,7,2,10,33,0.4208608382026748,4,0.75,0.4
receive,10,6,10,14,0.4657389156289103,4,0.75,0.4
receive,1,1,10,45,0.5121454117447957,4,0.25,0.4
receive,1,2,10,81,0.440617944672611,4,0.25,0.4
receive,6,6,10,100,0.5519474540388754,4,0.75,0.4
receive,10,2,9,20,0.46553965992800284,4,0.5,0.4444444444444444
receive,7,13,9,104,0.2962287503274954,4,0.0,0.4444444444444444
receive,1,2,8,74,0.5417444824851473,4,1.0,0.5
receive,10,13,8,151,0.20317853581328127,4,0.0,0.5
receive,1,6,8,161,0.3344229378173568,4,0.25,0.5
receive,10,2,8,25,0.4132644200614996,4,0.0,0.5
receive,10,13,8,25,0.18093144023957486,4,0.25,0.5
receive,6,2,7,128,0.44806086827716346,4,0.5,0.5714285714285714
receive,11,13,7,135,0.4793930263703977,4,0.5,0.5714285714285714
receive,12,12,7,139,0.2840330895297342,4,0.25,0.5714285714285714
receive,6,6,7,72,0.4525049162291163,4,0.5,0.5714285714285714
receive,1,1,7,77,0.36891157907984884,4,0.25,0.5714285714285714
receive,1,6,7,71,0.5133842053639353,4,0.5,0.5714285714285714
receive,7,6,7,0,0.3269566289868879,4,0.5,0.5714285714285714
receive,10,9,7,5,0.28525341581118135,4,0.25,0.5714285714285714
receive,4,5,7,38,0.3637193638314531,4,0.25,0.5714285714285714
receive,1,5,6,33,0.46116631106727257,4,0.5,0.6666666666666666
receive,1,10,6,94,0.2937676247404815,4,0.25,0.6666666666666666
receive,11,1,6,154,0.2653442804342465,4,0.5,0.6666666666666666
receive,10,13,6,40,0.06604344272458101,4,0.0,0.6666666666666666
receive,11,1,6,113,0.5832540615442149,4,0.5,0.6666666666666666
receive,10,13,6,18,0.10979857620351618,4,0.0,0.6666666666666666
receive,1,2,6,159,0.4366939602854602,4,0.25,0.6666666666666666
receive,4,13,6,162,0.36316690891735126,4,0.25,0.6666666666666666
receive,11,1,6,16,0.5412909287811161,4,0.5,0.6666666666666666
receive,1,1,5,44,0.5551869541876734,4,0.75,0.8
receive,7,2,5,88,0.34268880097412713,4,0.25,0.8
receive,7,13,5,113,0.22896373366292982,4,0.25,0.8
receive,6,13,5,150,0.258287257662027,4,0.0,0.8
receive,4,13,5,8,0.3009637045675454,4,0.25,0.8
receive,10,13,5,87,0.3819596016868004,4,0.25,0.8
receive,6,12,5,155,0.4874557850606657,4,0.0,0.8
receive,1,1,5,143,0.28050522021790736,4,0.25,0.8
receive,7,1,5,130,0.34243681002280085,4,0.25,0.8
receive,11,1,5,148,0.617331727923895,4,0.75,0.8
receive,7,13,5,123,0.2788968943921878,4,0.25,0.8
receive,4,13,4,3,0.21609132521577798,4,0.25,1.0
receive,7,2,4,107,0.36708887606743373,4,0.25,1.0
receive,6,13,4,55,0.1607668753141845,4,0.25,1.0
receive,10,13,4,161,0.1191855167207437,4,0.0,1.0
receive,10,13,4,117,0.10674782639703133,4,0.25,1.0
receive,10,7,161,96,0.37017462748576946,3,0.6666666666666666,0.018633540372670808
receive,10,5,161,96,0.37417606494334676,3,0.3333333333333333,0.018633540372670808
receive,10,7,157,128,0.40624979104469594,3,0.0,0.01910828025477707
receive,11,11,139,128,0.406474709021236,3,1.0,0.02158273381294964
receive,11,5,139,128,0.4276856870913154,3,0.6666666666666666,0.02158273381294964
receive,11,5,115,70,0.40031139620559664,3,0.0,0.02608695652173913
receive,1,11,92,96,0.3979969316063489,3,0.3333333333333333,0.03260869565217391
receive,10,3,85,155,0.5477945818950589,3,0.3333333333333333,0.03529411764705882
receive,10,9,85,155,0.5236046785761469,3,0.6666666666666666,0.03529411764705882
receive,10,3,79,144,0.5550045235573203,3,0.3333333333333333,0.0379746835443038
receive,11,4,73,101,0.5646154407002618,3,0.6666666666666666,0.0410958904109589
receive,11,11,72,122,0.39705293090802174,3,1.0,0.041666666666666664
receive,12,5,72,155,0.4745220585339369,3,0.0,0.041666666666666664
receive,10,5,70,133,0.4565401339916132,3,0.6666666666666666,0.04285714285714286
receive,11,2,69,64,0.5767768433879484,3,0.3333333333333333,0.043478260869565216
receive,10,6,59,101,0.4982536784858217,3,1.0,0.05084745762711865
receive,10,1,59,101,0.6177088035779332,3,0.3333333333333333,0.05084745762711865
receive,1,5,57,128,0.4320875395912479,3,0.6666666666666666,0.05263157894736842
receive,12,14,56,11,0.25595083624995124,3,0.0,0.05357142857142857
receive,10,11,53,72,0.3428047486128,3,0.3333333333333333,0.05660377358490566
receive,10,6,51,122,0.4097692766062234,3,0.0,0.058823529411764705
receive,4,1,51,136,0.491145956409361,3,0.3333333333333333,0.058823529411764705
receive,11,4,47,19,0.5195347739002096,3,0.3333333333333333,0.06382978723404255
receive,10,3,47,82,0.6567823270652332,3,0.6666666666666666,0.06382978723404255
receive,10,1,45,157,0.5509844377130465,3,0.6666666666666666,0.06666666666666667
receive,10,6,45,157,0.5392728349206698,3,0.3333333333333333,0.06666666666666667
receive,10,5,45,157,0.5357396757732302,3,0.3333333333333333,0.06666666666666667
receive,10,6,44,153,0.5636944818620941,3,0.6666666666666666,0.06818181818181818
receive,4,1,41,122,0.5189914296736678,3,1.0,0.07317073170731707
receive,10,6,39,150,0.4895856598050233,3,0.6666666666666666,0.07692307692307693
receive,10,8,39,132,0.3605879498012755,3,0.3333333333333333,0.07692307692307693
receive,10,5,39,81,0.5257702430845728,3,0.6666666666666666,0.07692307692307693
receive,4,6,38,132,0.43945046057984827,3,0.3333333333333333,0.07894736842105263
receive,4,2,38,132,0.49106084992959675,3,0.0,0.07894736842105263
receive,10,10,37,111,0.42434629645552857,3,0.0,0.08108108108108109
receive,10,3,37,111,0.48214801742696534,3,0.3333333333333333,0.08108108108108109
receive,11,2,36,144,0.5022087690481416,3,0.3333333333333333,0.08333333333333333
receive,11,7,36,144,0.42953232567212374,3,0.3333333333333333,0.08333333333333333
receive,4,5,36,153,0.5634799698311395,3,0.6666666666666666,0.08333333333333333
receive,1,2,35,72,0.4745336364136167,3,0.6666666666666666,0.08571428571428572
receive,4,2,35,92,0.3157595718401081,3,0.3333333333333333,0.08571428571428572
receive,6,10,35,136,0.4449096379115657,3,0.3333333333333333,0.08571428571428572
receive,11,10,34,138,0.36781193522790023,3,0.6666666666666666,0.08823529411764706
receive,10,2,33,92,0.3668897287305819,3,1.0,0.09090909090909091
receive,10,5,33,92,0.3374825131481772,3,0.0,0.09090909090909091
receive,4,2,32,64,0.5789685472211247,3,0.0,0.09375
receive,12,2,32,37,0.47788706195688885,3,0.3333333333333333,0.09375
receive,1,2,30,106,0.38293768958269625,3,0.0,0.1
receive,10,14,28,11,0.2596921438268229,3,0.3333333333333333,0.10714285714285714
receive,11,10,28,153,0.41330563359073424,3,0.6666666666666666,0.10714285714285714
receive,11,13,27,3,0.18442139184326345,3,0.0,0.1111111111111111
receive,1,13,27,129,0.24427666472124282,3,0.3333333333333333,0.1111111111111111
receive,1,5,27,115,0.3700821691255842,3,0.6666666666666666,0.1111111111111111
receive,1,5,27,132,0.42809455676674485,3,0.3333333333333333,0.1111111111111111
receive,1,2,27,132,0.47245623499299777,3,1.0,0.1111111111111111
receive,1,8,27,132,0.39341915823202184,3,1.0,0.1111111111111111
receive,11,11,24,43,0.5129959912688793,3,0.6666666666666666,0.125
receive,11,13,24,74,0.3063770686663995,3,0.3333333333333333,0.125
receive,4,6,23,39,0.44322670029083516,3,0.6666666666666666,0.13043478260869565
receive,11,5,23,115,0.4055829102450055,3,0.0,0.13043478260869565
receive,11,10,22,90,0.23195999782061918,3,0.3333333333333333,0.13636363636363635
receive,11,2,22,150,0.4406446128343131,3,0.6666666666666666,0.13636363636363635
receive,11,7,22,107,0.35257831154701663,3,0.6666666666666666,0.13636363636363635
receive,11,13,22,107,0.1452097584317059,3,0.3333333333333333,0.13636363636363635
receive,4,5,22,21,0.5141633376620555,3,0.3333333333333333,0.13636363636363635
receive,10,6,22,105,0.3167759521306173,3,0.6666666666666666,0.13636363636363635
receive,1,6,21,69,0.5393854304194875,3,0.6666666666666666,0.14285714285714285
receive,10,6,21,158,0.48542974360992747,3,0.3333333333333333,0.14285714285714285
receive,6,13,21,50,0.3281911804906053,3,0.3333333333333333,0.14285714285714285
receive,10,6,20,50,0.620622598253332,3,1.0,0.15
receive,10,10,20,50,0.5488038274211744,3,1.0,0.15
receive,10,13,20,45,0.3722598818852581,3,0.3333333333333333,0.15
receive,10,10,20,45,0.5403849532241203,3,0.6666666666666666,0.15
receive,10,6,19,43,0.6056348741547513,3,0.6666666666666666,0.15789473684210525
receive,7,6,19,122,0.3461611238302395,3,0.6666666666666666,0.15789473684210525
receive,10,1,19,85,0.7146040790906094,3,0.3333333333333333,0.15789473684210525
receive,11,10,19,69,0.44860634514807285,3,0.0,0.15789473684210525
receive,12,10,18,78,0.34206955606873524,3,0.3333333333333333,0.16666666666666666
receive,12,13,18,78,0.23022629563451125,3,0.3333333333333333,0.16666666666666666
receive,10,3,18,116,0.6687444744335137,3,0.6666666666666666,0.16666666666666666
receive,10,6,18,13,0.38438754910433115,3,0.0,0.16666666666666666
receive,10,1,18,34,0.5632733620775754,3,1.0,0.16666666666666666
receive,10,10,17,66,0.4682685689320997,3,0.6666666666666666,0.17647058823529413
receive,4,2,17,97,0.5501382256875187,3,1.0,0.17647058823529413
receive,11,7,17,88,0.4892445996827765,3,0.6666666666666666,0.17647058823529413
receive,11,11,17,118,0.518480684887975,3,0.6666666666666666,0.17647058823529413
receive,11,10,17,62,0.40824378602264805,3,0.0,0.17647058823529413
receive,10,1,16,30,0.7090547236823465,3,0.6666666666666666,0.1875
receive,1,13,16,122,0.2069640390361529,3,0.0,0.1875
receive,1,5,16,122,0.3530820027550319,3,0.3333333333333333,0.1875
receive,10,1,16,118,0.6327774826664888,3,1.0,0.1875
receive,9,9,16,53,0.6064838981784919,3,0.6666666666666666,0.1875
receive,10,2,15,59,0.6734364564849619,3,0.3333333333333333,0.2
receive,10,5,15,12,0.6105948543426102,3,0.6666666666666666,0.2
receive,4,6,14,74,0.43555248787696066,3,0.3333333333333333,0.21428571428571427
receive,4,13,14,62,0.2566930103642845,3,0.0,0.21428571428571427
receive,10,5,14,46,0.3164226868422494,3,0.0,0.21428571428571427
receive,11,10,14,112,0.4843222114723881,3,0.6666666666666666,0.21428571428571427
receive,11,7,14,76,0.45953476283780587,3,0.6666666666666666,0.21428571428571427
receive,7,5,13,150,0.4625095864644535,3,0.6666666666666666,0.23076923076923078
receive,7,13,13,150,0.294595004485505,3,0.0,0.23076923076923078
receive,1,13,13,160,0.30572702807110724,3,0.0,0.23076923076923078
receive,10,2,13,138,0.3601374587863753,3,0.3333333333333333,0.23076923076923078
receive,10,13,13,42,0.15722350752637937,3,0.3333333333333333,0.23076923076923078
receive,9,1,13,100,0.5888458657611729,3,0.6666666666666666,0.23076923076923078
receive,10,2,12,131,0.4320080777369979,3,0.3333333333333333,0.25
receive,4,6,12,23,0.296983484937214,3,0.3333333333333333,0.25
receive,1,13,12,112,0.4635067396313966,3,1.0,0.25
receive,7,5,12,57,0.5897933207517696,3,0.6666666666666666,0.25
receive,1,6,12,92,0.3160413420130747,3,0.3333333333333333,0.25
receive,1,6,12,8,0.325690960749717,3,0.0,0.25
receive,10,2,12,89,0.4004020358431218,3,0.6666666666666666,0.25
receive,1,5,12,112,0.6143458029286775,3,0.0,0.25
receive,10,13,12,130,0.16291121656738386,3,0.0,0.25
receive,10,6,12,130,0.24510145528202254,3,0.3333333333333333,0.25
receive,4,13,12,109,0.23180076594246649,3,0.3333333333333333,0.25
receive,4,1,12,109,0.6742171287594044,3,0.6666666666666666,0.25
receive,4,5,12,73,0.42037018808668813,3,0.6666666666666666,0.25
receive,1,5,12,73,0.5066661980949537,3,0.6666666666666666,0.25
receive,10,6,11,67,0.3070471002684171,3,0.3333333333333333,0.2727272727272727
receive,4,5,11,86,0.30421796731664624,3,0.0,0.2727272727272727
receive,10,13,11,149,0.23117988965347405,3,0.0,0.2727272727272727
receive,10,13,11,113,0.3239881182800896,3,0.0,0.2727272727272727
receive,10,2,11,113,0.5501644525309227,3,0.6666666666666666,0.2727272727272727
receive,10,13,11,108,0.053205892346817114,3,0.0,0.2727272727272727
receive,10,10,11,160,0.32521218777519534,3,0.0,0.2727272727272727
receive,1,1,11,109,0.6640179400640936,3,1.0,0.2727272727272727
receive,1,1,11,148,0.6809987422754917,3,0.6666666666666666,0.2727272727272727
receive,7,13,10,69,0.3859151217603476,3,0.3333333333333333,0.3
receive,7,2,10,128,0.46377182112512205,3,0.6666666666666666,0.3
receive,11,13,10,54,0.26020841663794786,3,0.0,0.3
receive,7,5,10,33,0.39391628823967,3,0.3333333333333333,0.3
receive,10,13,10,14,0.20460977514647447,3,0.0,0.3
receive,1,13,10,45,0.23141239349491932,3,0.0,0.3
receive,7,13,10,128,0.2955327354078056,3,0.0,0.3
receive,4,13,10,158,0.2607158127708368,3,0.0,0.3
receive,6,5,10,2,0.35745930686914534,3,0.6666666666666666,0.3
receive,11,13,10,31,0.30299958105949665,3,0.0,0.3
receive,11,1,10,31,0.6345303067647265,3,1.0,0.3
receive,10,10,10,75,0.3362958651427306,3,0.3333333333333333,0.3
receive,10,1,10,75,0.2839271015192911,3,0.0,0.3
receive,7,6,10,69,0.5265111140215291,3,1.0,0.3
receive,1,5,10,81,0.4071207025106826,3,0.0,0.3
receive,11,13,10,117,0.13623770467819338,3,0.0,0.3
receive,10,10,9,26,0.3407490934247972,3,0.0,0.3333333333333333
receive,10,6,9,80,0.5453564918270676,3,0.3333333333333333,0.3333333333333333
receive,7,6,9,64,0.5784676601852353,3,0.6666666666666666,0.3333333333333333
receive,1,5,9,3,0.38798256286312294,3,0.0,0.3333333333333333
receive,10,13,9,20,0.19257568282222723,3,0.0,0.3333333333333333
receive,1,13,9,62,0.33770389515963617,3,0.6666666666666666,0.3333333333333333
receive,7,5,9,64,0.5778986739829537,3,0.6666666666666666,0.3333333333333333
receive,1,1,9,3,0.43481800393704156,3,1.0,0.3333333333333333
receive,1,2,8,19,0.5328553464667997,3,0.3333333333333333,0.375
receive,1,6,8,19,0.5253180061715274,3,0.3333333333333333,0.375
receive,11,2,8,23,0.659582924822009,3,0.6666666666666666,0.375
receive,10,13,8,28,0.24086753017443865,3,0.3333333333333333,0.375
receive,7,2,8,50,0.656074046677244,3,0.6666666666666666,0.375
receive,7,13,8,50,0.39904022910989667,3,0.3333333333333333,0.375
receive,10,1,8,77,0.40786527981048193,3,0.0,0.375
receive,10,13,8,77,0.44724801830183003,3,0.3333333333333333,0.375
receive,1,1,8,161,0.41144730639816973,3,0.3333333333333333,0.375
receive,1,1,8,37,0.2897038070836297,3,0.0,0.375
receive,10,13,8,99,0.2987562241752255,3,0.3333333333333333,0.375
receive,4,2,7,128,0.43804868727719065,3,0.0,0.42857142857142855
receive,11,1,7,135,0.6488483636847173,3,0.6666666666666666,0.42857142857142855
receive,10,1,7,33,0.38298467857257407,3,0.3333333333333333,0.42857142857142855
receive,11,1,7,133,0.41978508319540037,3,0.3333333333333333,0.42857142857142855
receive,6,6,7,112,0.5729765653508397,3,0.3333333333333333,0.42857142857142855
receive,7,6,7,157,0.5548687844205754,3,0.6666666666666666,0.42857142857142855
receive,6,13,7,72,0.20898603199949434,3,0.6666666666666666,0.42857142857142855
receive,10,2,7,137,0.5332228538844076,3,0.6666666666666666,0.42857142857142855
receive,1,1,7,90,0.5103997880980398,3,0.6666666666666666,0.42857142857142855
receive,4,6,7,128,0.41428873775217506,3,0.3333333333333333,0.42857142857142855
receive,11,1,7,20,0.5527417220617457,3,0.6666666666666666,0.42857142857142855
receive,11,13,7,87,0.31693249836021364,3,1.0,0.42857142857142855
receive,1,5,7,47,0.5019874652229744,3,0.3333333333333333,0.42857142857142855
receive,1,2,7,47,0.5377864103808997,3,0.3333333333333333,0.42857142857142855
receive,4,5,7,98,0.5889699001848557,3,1.0,0.42857142857142855
receive,11,13,7,36,0.2334633964077924,3,0.3333333333333333,0.42857142857142855
receive,11,1,7,99,0.4289606003510989,3,0.3333333333333333,0.42857142857142855
receive,6,1,7,140,0.49645888662350235,3,0.6666666666666666,0.42857142857142855
receive,1,5,7,53,0.42483080573948306,3,0.3333333333333333,0.42857142857142855
receive,6,6,7,64,0.49527281422652614,3,1.0,0.42857142857142855
receive,7,13,6,3,0.22501644365245274,3,0.6666666666666666,0.5
receive,6,1,6,57,0.6564827391504905,3,1.0,0.5
receive,11,1,6,39,0.4815321823508411,3,0.3333333333333333,0.5
receive,11,1,6,137,0.701514279621783,3,0.6666666666666666,0.5
receive,4,5,6,90,0.3493727099290623,3,0.3333333333333333,0.5
receive,4,6,6,113,0.4441320620948577,3,0.6666666666666666,0.5
receive,10,13,6,1,0.15909660230625614,3,0.3333333333333333,0.5
receive,10,13,6,162,0.38227834442478054,3,0.6666666666666666,0.5
receive,4,1,6,140,0.4848411881909018,3,0.0,0.5
receive,10,9,6,52,0.566510162393249,3,0.6666666666666666,0.5
receive,12,12,6,15,0.2850546507928216,3,0.3333333333333333,0.5
receive,10,3,6,6,0.32838428076294446,3,0.3333333333333333,0.5
receive,10,6,6,104,0.5796811668587482,3,0.6666666666666666,0.5
receive,1,13,6,38,0.14195700328538066,3,0.0,0.5
receive,11,1,6,38,0.524471739250855,3,0.0,0.5
receive,7,2,6,25,0.5049050039349442,3,0.6666666666666666,0.5
receive,10,1,6,95,0.4110036646154498,3,0.3333333333333333,0.5
receive,1,1,6,95,0.3845499505309135,3,0.3333333333333333,0.5
receive,1,10,6,95,0.2223417785698957,3,0.3333333333333333,0.5
receive,4,6,5,135,0.5922059825255744,3,0.3333333333333333,0.6
receive,7,6,5,67,0.3939238923666465,3,0.6666666666666666,0.6
receive,7,2,5,14,0.5082500391238213,3,0.6666666666666666,0.6
receive,1,6,5,107,0.40047646522945807,3,0.3333333333333333,0.6
receive,6,6,5,85,0.6531904937167111,3,0.3333333333333333,0.6
receive,4,2,5,28,0.35155966202937516,3,0.0,0.6
receive,10,13,5,35,0.28984413913154206,3,0.0,0.6
receive,7,13,5,35,0.3266760651646262,3,0.6666666666666666,0.6
receive,1,6,5,158,0.5339865428972107,3,1.0,0.6
receive,1,10,5,146,0.33089140996993904,3,0.0,0.6
receive,10,1,5,114,0.32262635774987336,3,0.3333333333333333,0.6
receive,12,12,5,68,0.523565554749714,3,0.3333333333333333,0.6
receive,1,12,5,68,0.6689838521012431,3,1.0,0.6
receive,10,13,5,24,0.11100348185399574,3,0.0,0.6
receive,1,13,5,76,0.4016431342426882,3,0.3333333333333333,0.6
receive,7,2,4,112,0.6385742465917208,3,0.3333333333333333,0.75
receive,1,13,4,65,0.20037188535897282,3,0.3333333333333333,0.75
receive,10,13,4,65,0.22496646396043055,3,0.0,0.75
receive,10,13,4,134,0.14255138641282614,3,0.3333333333333333,0.75
receive,6,10,4,32,0.3369958016943996,3,0.6666666666666666,0.75
receive,11,10,4,8,0.4612631429567715,3,0.6666666666666666,0.75
receive,4,6,4,89,0.4008288833762384,3,0.3333333333333333,0.75
receive,12,12,4,121,0.20626906294747321,3,0.0,0.75
receive,11,1,4,24,0.22719761896310114,3,0.0,0.75
receive,10,13,4,123,0.14543001747972706,3,0.0,0.75
receive,1,13,4,123,0.2081532284766549,3,0.3333333333333333,0.75
receive,7,13,4,117,0.08508366412007243,3,0.0,0.75
receive,4,13,3,131,0.4155668329334928,3,0.3333333333333333,1.0
receive,10,13,3,135,0.501710378571174,3,0.6666666666666666,1.0
receive,6,2,3,59,0.5791609750576786,3,0.3333333333333333,1.0
receive,4,6,3,0,0.2254667773431167,3,0.0,1.0
receive,1,6,3,58,0.4197428500747922,3,0.3333333333333333,1.0
receive,4,6,3,16,0.391867386937411,3,0.3333333333333333,1.0
receive,4,14,307,96,0.235327165678347,2,0.0,0.006514657980456026
receive,4,3,307,96,0.4582222924123576,2,0.0,0.006514657980456026
receive,1,3,164,136,0.5171111899166103,2,1.0,0.012195121951219513
receive,10,11,161,96,0.35794855387015684,2,0.5,0.012422360248447204
receive,11,4,115,70,0.43304759956827876,2,0.5,0.017391304347826087
receive,11,5,114,129,0.45182456802107074,2,1.0,0.017543859649122806
receive,11,4,114,129,0.4862097689156047,2,0.5,0.017543859649122806
receive,12,14,106,82,0.3379723339100775,2,0.5,0.018867924528301886
receive,12,9,106,82,0.577390351655919,2,0.5,0.018867924528301886
receive,12,2,106,82,0.6105222589237083,2,1.0,0.018867924528301886
receive,1,3,92,96,0.4927993383479103,2,0.5,0.021739130434782608
receive,10,1,85,155,0.5794435550614044,2,0.5,0.023529411764705882
receive,10,5,85,155,0.5128117363629805,2,0.5,0.023529411764705882
receive,10,8,75,115,0.34028698169614446,2,0.0,0.02666666666666667
receive,12,13,72,155,0.3835856735430965,2,0.0,0.027777777777777776
receive,10,7,70,133,0.4082394667521102,2,0.5,0.02857142857142857
receive,11,3,69,64,0.5786147107873454,2,1.0,0.028985507246376812
receive,11,4,69,64,0.5632848352223199,2,0.5,0.028985507246376812
receive,11,11,69,64,0.5274541043815795,2,0.5,0.028985507246376812
receive,11,6,67,157,0.5501859145724172,2,1.0,0.029850746268656716
receive,11,5,64,21,0.556775384916849,2,0.5,0.03125
receive,11,4,63,111,0.5205237232781709,2,0.0,0.031746031746031744
receive,10,10,58,70,0.35905392356495386,2,0.5,0.034482758620689655
receive,10,14,58,70,0.23921859909280124,2,0.5,0.034482758620689655
receive,10,7,56,3,0.36139420954683427,2,0.0,0.03571428571428571
receive,12,5,56,11,0.5186412595372444,2,0.5,0.03571428571428571
receive,10,6,55,69,0.5186972479036508,2,0.0,0.03636363636363636
receive,10,7,55,69,0.5020242559549195,2,0.5,0.03636363636363636
receive,1,3,53,144,0.5225215491294443,2,0.5,0.03773584905660377
receive,6,2,52,21,0.5483064661139274,2,0.5,0.038461538461538464
receive,11,10,47,19,0.42903697066440366,2,0.5,0.0425531914893617
receive,11,2,46,106,0.4423653872593857,2,0.0,0.043478260869565216
receive,10,2,44,153,0.5970541802440029,2,0.5,0.045454545454545456
receive,10,1,39,150,0.5175543093813002,2,1.0,0.05128205128205128
receive,10,5,39,150,0.4788230053435868,2,1.0,0.05128205128205128
receive,10,1,39,107,0.41019474398632694,2,0.5,0.05128205128205128
receive,10,1,39,81,0.5457374234792615,2,0.0,0.05128205128205128
receive,10,10,39,132,0.38548282806073303,2,0.0,0.05128205128205128
receive,10,14,39,132,0.2673509109244811,2,0.0,0.05128205128205128
receive,10,5,39,148,0.5169079189793289,2,0.0,0.05128205128205128
receive,10,5,37,111,0.4731855925434873,2,1.0,0.05405405405405406
receive,10,11,36,32,0.3451538228950922,2,0.5,0.05555555555555555
receive,10,5,36,32,0.46436487832346823,2,0.5,0.05555555555555555
receive,11,6,36,144,0.4808108223162953,2,1.0,0.05555555555555555
receive,11,13,36,144,0.2966869995384769,2,0.5,0.05555555555555555
receive,4,10,36,153,0.4265006460736742,2,0.0,0.05555555555555555
receive,4,3,36,153,0.5935307932624198,2,1.0,0.05555555555555555
receive,10,1,35,37,0.5346718991449552,2,1.0,0.05714285714285714
receive,10,14,35,37,0.17666330578712588,2,0.5,0.05714285714285714
receive,11,6,34,138,0.36983629152824016,2,0.5,0.058823529411764705
receive,7,6,32,115,0.3709959982337742,2,0.5,0.0625
receive,10,1,32,8,0.38447564358616004,2,0.5,0.0625
receive,4,10,32,111,0.4196059932017244,2,0.0,0.0625
receive,4,1,32,64,0.6160417844584203,2,0.0,0.0625
receive,12,14,32,37,0.17497611811151134,2,0.0,0.0625
receive,7,2,31,21,0.5722061262361887,2,0.5,0.06451612903225806
receive,1,1,30,106,0.41049378806617265,2,0.5,0.06666666666666667
receive,10,10,30,57,0.47858194021780576,2,0.0,0.06666666666666667
receive,10,3,30,57,0.6238118777115982,2,1.0,0.06666666666666667
receive,10,2,30,73,0.4904817380767661,2,0.5,0.06666666666666667
receive,10,4,29,140,0.4207203619285367,2,1.0,0.06896551724137931
receive,10,2,29,140,0.44650654003377876,2,0.0,0.06896551724137931
receive,4,1,29,69,0.5388667868054957,2,1.0,0.06896551724137931
receive,10,2,28,11,0.5588107409603437,2,0.5,0.07142857142857142
receive,11,7,28,153,0.4711243632457681,2,0.5,0.07142857142857142
receive,1,13,27,115,0.1925132193064774,2,0.0,0.07407407407407407
receive,11,6,27,3,0.36885497297727504,2,0.5,0.07407407407407407
receive,1,11,27,57,0.4964108505156362,2,0.5,0.07407407407407407
receive,1,3,27,115,0.37729322149793404,2,0.5,0.07407407407407407
receive,1,6,27,129,0.39080935230974106,2,0.5,0.07407407407407407
receive,1,5,27,129,0.39605288886862894,2,0.5,0.07407407407407407
receive,1,13,27,57,0.32226287099553774,2,0.0,0.07407407407407407
receive,11,7,27,3,0.3248429344657631,2,0.5,0.07407407407407407
receive,1,6,27,57,0.5917227840782101,2,1.0,0.07407407407407407
receive,10,6,26,139,0.4401710553243572,2,0.0,0.07692307692307693
receive,12,3,25,156,0.4538858511975644,2,0.5,0.08
receive,4,5,25,129,0.3769211568284971,2,0.0,0.08
receive,11,10,24,43,0.510099485640639,2,0.5,0.08333333333333333
receive,11,6,24,43,0.5725370915561084,2,0.5,0.08333333333333333
receive,11,2,24,43,0.5906385921033207,2,0.5,0.08333333333333333
receive,11,10,24,74,0.4164811227019291,2,1.0,0.08333333333333333
receive,11,2,24,74,0.4779143994724711,2,0.0,0.08333333333333333
receive,11,11,24,74,0.4322814644389709,2,0.5,0.08333333333333333
receive,4,1,24,106,0.46086349557222245,2,0.5,0.08333333333333333
receive,4,1,23,19,0.5821307595335279,2,0.5,0.08695652173913043
receive,11,13,23,115,0.22708103801523302,2,0.0,0.08695652173913043
receive,11,7,23,132,0.41895275891063155,2,0.0,0.08695652173913043
receive,11,13,23,132,0.31695100299048806,2,0.5,0.08695652173913043
receive,11,11,23,132,0.4122107710536675,2,0.5,0.08695652173913043
receive,10,13,22,78,0.2122659854607518,2,0.0,0.09090909090909091
receive,10,10,22,78,0.32381416616402076,2,0.5,0.09090909090909091
receive,10,1,22,78,0.3772265883640811,2,0.0,0.09090909090909091
receive,4,13,22,21,0.308319594526063,2,0.0,0.09090909090909091
receive,4,10,22,21,0.45545090728303017,2,0.5,0.09090909090909091
receive,1,2,21,69,0.5540560367811098,2,0.0,0.09523809523809523
receive,10,10,21,158,0.40818289802844054,2,0.5,0.09523809523809523
receive,11,10,21,13,0.4351246032962122,2,1.0,0.09523809523809523
receive,10,7,20,45,0.5346637999537688,2,0.5,0.1
receive,10,1,20,94,0.47402599747537605,2,1.0,0.1
receive,11,13,19,69,0.3826114866481037,2,0.5,0.10526315789473684
receive,10,1,19,43,0.6578729701520719,2,0.5,0.10526315789473684
receive,7,1,19,122,0.4567547638636147,2,0.5,0.10526315789473684
receive,7,2,19,122,0.40121678448363923,2,0.5,0.10526315789473684
receive,10,2,19,85,0.7057797126347837,2,0.5,0.10526315789473684
receive,1,5,19,157,0.443424753531108,2,0.5,0.10526315789473684
receive,1,6,19,157,0.4421516167734564,2,1.0,0.10526315789473684
receive,7,5,19,122,0.3519009536639078,2,0.0,0.10526315789473684
receive,7,2,19,153,0.6468370313297235,2,1.0,0.10526315789473684
receive,11,5,19,69,0.5140389721372915,2,1.0,0.10526315789473684
receive,9,9,19,10,0.4844542062667912,2,1.0,0.10526315789473684
receive,9,1,19,10,0.5763776994064633,2,1.0,0.10526315789473684
receive,4,2,18,54,0.4558619033080902,2,0.5,0.1111111111111111
receive,7,6,18,133,0.445306028091877,2,0.0,0.1111111111111111
receive,12,10,18,49,0.48995883146254676,2,0.0,0.1111111111111111
receive,11,10,18,92,0.2977550704431942,2,0.5,0.1111111111111111
receive,11,13,18,92,0.16598027510181923,2,0.0,0.1111111111111111
receive,10,1,18,13,0.42596540945990496,2,0.5,0.1111111111111111
receive,10,2,18,156,0.5076741121906404,2,1.0,0.1111111111111111
receive,11,11,18,92,0.29255804749708914,2,0.0,0.1111111111111111
receive,11,4,18,92,0.407484331588527,2,1.0,0.1111111111111111
receive,10,5,18,152,0.5160184371012089,2,0.5,0.1111111111111111
receive,10,3,18,152,0.5994091440705539,2,1.0,0.1111111111111111
receive,10,13,17,66,0.2092117388180946,2,0.0,0.11764705882352941
receive,11,1,17,97,0.5639431419350139,2,1.0,0.11764705882352941
receive,11,4,17,97,0.4876460455707241,2,0.5,0.11764705882352941
receive,11,10,17,97,0.4005765771793209,2,0.5,0.11764705882352941
receive,11,4,17,62,0.39920575521251606,2,0.5,0.11764705882352941
receive,11,13,17,88,0.3490624026887822,2,0.5,0.11764705882352941
receive,4,1,17,97,0.572635110809526,2,1.0,0.11764705882352941
receive,11,11,17,97,0.4120640893915773,2,0.0,0.11764705882352941
receive,11,10,17,118,0.5077258202972715,2,0.5,0.11764705882352941
receive,11,13,17,118,0.36615363209249563,2,0.0,0.11764705882352941
receive,11,13,17,62,0.3561094093709402,2,0.0,0.11764705882352941
receive,10,2,16,30,0.684632155665021,2,0.5,0.125
receive,10,13,16,44,0.49328830903091725,2,0.5,0.125
receive,10,6,16,118,0.5170035000899301,2,0.5,0.125
receive,10,5,16,118,0.5072079235480836,2,1.0,0.125
receive,10,2,16,118,0.5946064342254405,2,0.5,0.125
receive,10,3,16,118,0.5842226619393742,2,0.0,0.125
receive,1,2,16,150,0.5063671765806858,2,0.0,0.125
receive,9,13,16,53,0.5316380249650934,2,0.5,0.125
receive,10,13,16,84,0.4088699718037304,2,0.5,0.125
receive,10,14,16,127,0.13514815704129152,2,0.0,0.125
receive,10,2,16,127,0.23920260171928268,2,0.0,0.125
receive,10,2,16,38,0.5433221472238572,2,0.5,0.125
receive,10,1,15,19,0.555614394212893,2,1.0,0.13333333333333333
receive,10,4,15,19,0.5069478996423054,2,0.0,0.13333333333333333
receive,4,5,15,110,0.404273220982897,2,1.0,0.13333333333333333
receive,4,13,14,74,0.33841598088792674,2,0.0,0.14285714285714285
receive,4,1,14,62,0.293600752352095,2,0.0,0.14285714285714285
receive,10,3,14,51,0.48070901256262155,2,0.0,0.14285714285714285
receive,11,13,14,48,0.35624517946256345,2,1.0,0.14285714285714285
receive,10,1,14,46,0.4931819368245966,2,0.5,0.14285714285714285
receive,10,1,14,141,0.546977799939057,2,0.5,0.14285714285714285
receive,10,5,14,141,0.5076856178799793,2,0.5,0.14285714285714285
receive,10,1,13,142,0.5961049553814178,2,0.0,0.15384615384615385
receive,7,2,13,150,0.46222127699955257,2,0.0,0.15384615384615385
receive,11,11,13,110,0.3063872161713849,2,0.5,0.15384615384615385
receive,4,13,13,144,0.3347623052227471,2,0.5,0.15384615384615385
receive,10,2,13,47,0.6510804079969391,2,1.0,0.15384615384615385
receive,1,5,13,160,0.3864144542753768,2,0.0,0.15384615384615385
receive,1,10,13,160,0.33925666615078615,2,0.5,0.15384615384615385
receive,8,3,13,53,0.5602307962557236,2,1.0,0.15384615384615385
receive,8,8,13,53,0.5152281272723767,2,0.0,0.15384615384615385
receive,8,1,13,53,0.5841785463955399,2,0.5,0.15384615384615385
receive,10,2,13,42,0.325758172740932,2,0.0,0.15384615384615385
receive,10,6,13,42,0.3111919582870696,2,0.5,0.15384615384615385
receive,9,7,13,100,0.5087873762674834,2,1.0,0.15384615384615385
receive,9,13,13,152,0.16241808141332142,2,0.0,0.15384615384615385
receive,4,2,12,115,0.3649022530673367,2,0.0,0.16666666666666666
receive,1,2,12,112,0.6285638826238444,2,0.5,0.16666666666666666
receive,1,6,12,112,0.6166876980267285,2,1.0,0.16666666666666666
receive,6,1,12,96,0.41590946345028046,2,0.5,0.16666666666666666
receive,10,1,12,7,0.4080284935360261,2,0.0,0.16666666666666666
receive,7,13,12,57,0.3244798149685238,2,0.0,0.16666666666666666
receive,4,2,12,35,0.5526053755240009,2,0.0,0.16666666666666666
receive,1,1,12,92,0.38362271149748334,2,0.0,0.16666666666666666
receive,1,5,12,8,0.3310799141169078,2,0.5,0.16666666666666666
receive,1,5,12,111,0.4772573367567077,2,0.5,0.16666666666666666
receive,11,13,12,151,0.2831840817474898,2,0.5,0.16666666666666666
receive,11,13,12,89,0.29655181050386925,2,0.0,0.16666666666666666
receive,10,5,12,89,0.3451256066207926,2,0.0,0.16666666666666666
receive,1,13,12,111,0.2923155562072837,2,0.5,0.16666666666666666
receive,6,6,12,96,0.3409878460981745,2,1.0,0.16666666666666666
receive,1,1,12,112,0.657477590653145,2,1.0,0.16666666666666666
receive,10,5,12,130,0.24780551274390347,2,0.0,0.16666666666666666
receive,1,13,12,73,0.20810295161645698,2,0.0,0.16666666666666666
receive,1,6,12,73,0.5116107994142741,2,1.0,0.16666666666666666
receive,10,2,11,67,0.34297394037455214,2,0.0,0.18181818181818182
receive,11,6,11,67,0.3056847500419593,2,0.5,0.18181818181818182
receive,1,1,11,14,0.6212657275431197,2,0.5,0.18181818181818182
receive,1,13,11,14,0.21972519008543792,2,0.5,0.18181818181818182
receive,4,1,11,86,0.3936575444991298,2,0.5,0.18181818181818182
receive,11,11,11,86,0.2419403944288529,2,0.5,0.18181818181818182
receive,11,13,11,86,0.13797498955351425,2,0.5,0.18181818181818182
receive,1,13,11,126,0.14610533066069478,2,1.0,0.18181818181818182
receive,10,1,11,113,0.5617184039787939,2,1.0,0.18181818181818182
receive,1,13,11,113,0.3161274003480671,2,0.0,0.18181818181818182
receive,10,6,11,113,0.5424512466861136,2,0.0,0.18181818181818182
receive,10,1,11,108,0.09177051794539248,2,0.0,0.18181818181818182
receive,1,13,11,148,0.322361366778469,2,0.5,0.18181818181818182
receive,10,13,11,53,0.5309280753996014,2,0.5,0.18181818181818182
receive,10,6,11,53,0.5493533679841209,2,0.0,0.18181818181818182
receive,1,13,11,109,0.2297556975084002,2,0.5,0.18181818181818182
receive,7,2,10,69,0.5360359001019624,2,0.5,0.2
receive,11,1,10,54,0.36923030506183907,2,0.0,0.2
receive,7,13,10,33,0.1580595321690555,2,0.0,0.2
receive,10,10,10,14,0.3459259079419686,2,0.0,0.2
receive,4,2,10,107,0.357670815445048,2,0.5,0.2
receive,4,6,10,107,0.3476811363265526,2,0.0,0.2
receive,4,6,10,59,0.6638315747865903,2,1.0,0.2
receive,4,2,10,112,0.5905557700249908,2,0.0,0.2
receive,1,2,10,45,0.4689650799199966,2,0.5,0.2
receive,7,6,10,128,0.447289957177501,2,0.0,0.2
receive,8,13,10,11,0.33320836504813345,2,0.5,0.2
receive,11,10,10,163,0.3929369055431663,2,0.5,0.2
receive,4,1,10,107,0.39217610162575955,2,0.5,0.2
receive,4,5,10,107,0.3563502672178122,2,0.5,0.2
receive,4,13,10,107,0.14649740635500613,2,0.0,0.2
receive,6,6,10,2,0.348892718873695,2,0.0,0.2
receive,11,13,10,29,0.17999533780405638,2,0.0,0.2
receive,10,2,10,31,0.625540571670713,2,0.5,0.2
receive,11,6,10,31,0.5443921505757774,2,0.0,0.2
receive,8,1,10,11,0.59315340216411,2,0.5,0.2
receive,8,2,10,11,0.564135085521045,2,0.0,0.2
receive,1,13,10,81,0.1668930296715822,2,0.0,0.2
receive,6,13,10,100,0.2109307963686419,2,0.0,0.2
receive,6,9,10,100,0.46215739658974614,2,0.5,0.2
receive,1,13,10,138,0.3443435524158132,2,0.5,0.2
receive,10,13,9,26,0.16829851556259942,2,0.0,0.2222222222222222
receive,10,5,9,80,0.5497061426706499,2,1.0,0.2222222222222222
receive,10,13,9,80,0.61801539422789,2,0.5,0.2222222222222222
receive,10,10,9,80,0.5754191621975134,2,1.0,0.2222222222222222
receive,1,6,9,3,0.389403722539847,2,0.5,0.2222222222222222
receive,1,5,9,62,0.352166505853128,2,0.0,0.2222222222222222
receive,1,6,9,62,0.36299981744362286,2,0.0,0.2222222222222222
receive,10,1,9,58,0.2607578551109489,2,0.0,0.2222222222222222
receive,10,1,9,143,0.2538121137674335,2,0.5,0.2222222222222222
receive,7,8,9,104,0.4894895076257946,2,0.5,0.2222222222222222
receive,7,6,9,104,0.5845636664825887,2,0.5,0.2222222222222222
receive,11,4,9,140,0.41367943481155145,2,0.5,0.2222222222222222
receive,7,2,9,147,0.40541420371197784,2,0.5,0.2222222222222222
receive,7,5,9,147,0.3797443757104134,2,0.5,0.2222222222222222
receive,7,13,9,147,0.1872328521519828,2,0.5,0.2222222222222222
receive,1,1,8,74,0.5612047093045885,2,0.0,0.25
receive,11,1,8,23,0.7052134028566905,2,0.5,0.25
receive,10,1,8,28,0.47238723715465114,2,1.0,0.25
receive,7,6,8,50,0.6581057215139408,2,1.0,0.25
receive,10,2,8,126,0.35992571830893605,2,0.5,0.25
receive,10,2,8,163,0.4104272080712349,2,0.0,0.25
receive,10,5,8,151,0.39076861928916423,2,1.0,0.25
receive,10,2,8,62,0.40970214442091774,2,0.5,0.25
receive,10,1,8,145,0.6281314391132553,2,1.0,0.25
receive,10,5,8,99,0.4159208325520044,2,0.0,0.25
receive,1,13,8,11,0.31501108757883906,2,0.0,0.25
receive,1,12,8,11,0.46752270995407064,2,0.0,0.25
receive,1,13,8,37,0.11007899123112155,2,0.0,0.25
receive,4,13,8,138,0.20045191318101568,2,0.0,0.25
receive,1,6,8,25,0.5184207210151043,2,0.5,0.25
receive,1,6,7,90,0.430040996823233,2,1.0,0.2857142857142857
receive,1,1,7,97,0.6480624075067825,2,1.0,0.2857142857142857
receive,1,13,7,97,0.3398889785107964,2,0.5,0.2857142857142857
receive,10,13,7,23,0.4267025141572593,2,1.0,0.2857142857142857
receive,10,1,7,23,0.5945708684021557,2,0.5,0.2857142857142857
receive,10,2,7,23,0.5615643159138831,2,1.0,0.2857142857142857
receive,10,2,7,33,0.3502097826216766,2,0.0,0.2857142857142857
receive,11,13,7,33,0.1485875676748228,2,0.5,0.2857142857142857
receive,11,5,7,33,0.3678446431831638,2,0.5,0.2857142857142857
receive,10,13,7,33,0.1302882200418709,2,0.0,0.2857142857142857
receive,7,2,7,157,0.5695586576401204,2,0.5,0.2857142857142857
receive,1,11,7,133,0.4085410683748564,2,0.5,0.2857142857142857
receive,10,5,7,137,0.49741460599086773,2,1.0,0.2857142857142857
receive,10,13,7,137,0.4195164228776044,2,0.0,0.2857142857142857
receive,10,10,7,93,0.24687490726952716,2,0.0,0.2857142857142857
receive,10,13,7,93,0.12328090165009338,2,0.0,0.2857142857142857
receive,10,5,7,93,0.25783504455780604,2,0.5,0.2857142857142857
receive,1,10,7,77,0.42226417831998436,2,0.5,0.2857142857142857
receive,6,13,7,64,0.32518741690100755,2,0.0,0.2857142857142857
receive,1,5,7,71,0.511569022078256,2,1.0,0.2857142857142857
receive,11,2,7,20,0.5066885519145267,2,0.0,0.2857142857142857
receive,11,1,7,87,0.3297114456530948,2,1.0,0.2857142857142857
receive,10,13,7,110,0.2545984290531894,2,0.5,0.2857142857142857
receive,10,5,7,110,0.40619637330337344,2,0.5,0.2857142857142857
receive,10,10,7,110,0.35729124299084686,2,0.5,0.2857142857142857
receive,4,1,7,98,0.6334852082808105,2,1.0,0.2857142857142857
receive,6,1,7,112,0.6302748114934901,2,0.5,0.2857142857142857
receive,7,13,7,0,0.10011801479129502,2,0.0,0.2857142857142857
receive,4,6,7,31,0.465743963836848,2,0.5,0.2857142857142857
receive,11,4,7,161,0.3869952584823992,2,0.0,0.2857142857142857
receive,11,10,7,161,0.3527548767408906,2,0.5,0.2857142857142857
receive,11,1,7,36,0.48380669739373217,2,0.0,0.2857142857142857
receive,4,2,7,31,0.5202879810449943,2,0.5,0.2857142857142857
receive,4,13,7,31,0.2072434088424447,2,0.0,0.2857142857142857
receive,11,11,7,99,0.3764715662263272,2,0.5,0.2857142857142857
receive,11,13,7,99,0.271297636518585,2,0.5,0.2857142857142857
receive,1,3,7,53,0.4509593107378108,2,0.0,0.2857142857142857
receive,6,6,7,140,0.4081946418272296,2,0.5,0.2857142857142857
receive,8,3,7,152,0.6073230492303491,2,1.0,0.2857142857142857
receive,8,9,7,152,0.38176484458916427,2,0.5,0.2857142857142857
receive,4,1,6,90,0.4338353399752444,2,0.0,0.3333333333333333
receive,1,2,6,33,0.4990443646085742,2,0.0,0.3333333333333333
receive,1,1,6,94,0.45831518135293486,2,1.0,0.3333333333333333
receive,1,6,6,118,0.6141317291071894,2,0.5,0.3333333333333333
receive,4,13,6,113,0.2742613617301779,2,0.5,0.3333333333333333
receive,4,2,6,71,0.46608073264125993,2,0.0,0.3333333333333333
receive,1,1,6,13,0.46441573410038445,2,0.5,0.3333333333333333
receive,1,13,6,13,0.30347111688652745,2,0.5,0.3333333333333333
receive,1,13,6,118,0.4001997892538536,2,0.0,0.3333333333333333
receive,4,13,6,71,0.174160822377591,2,0.0,0.3333333333333333
receive,10,5,6,54,0.38019470359122126,2,0.5,0.3333333333333333
receive,10,13,6,54,0.34209669072585885,2,0.5,0.3333333333333333
receive,11,1,6,46,0.5344820143152992,2,0.0,0.3333333333333333
receive,11,10,6,46,0.25188427682860437,2,0.5,0.3333333333333333
receive,11,13,6,55,0.21035477184871845,2,0.0,0.3333333333333333
receive,11,6,6,55,0.3850003410434828,2,0.5,0.3333333333333333
receive,10,1,6,18,0.12631221374283305,2,0.0,0.3333333333333333
receive,10,6,6,98,0.4083518321853919,2,0.0,0.3333333333333333
receive,10,2,6,98,0.4465655874393179,2,0.0,0.3333333333333333
receive,10,13,6,98,0.24155974081015055,2,0.5,0.3333333333333333
receive,10,1,6,162,0.5163154995559373,2,0.0,0.3333333333333333
receive,8,1,6,37,0.5304720542833175,2,0.5,0.3333333333333333
receive,10,3,6,52,0.6275691670732372,2,1.0,0.3333333333333333
receive,11,1,6,109,0.5887703787466123,2,0.5,0.3333333333333333
receive,10,13,6,6,0.21181292968099263,2,0.0,0.3333333333333333
receive,10,13,6,104,0.3213414630335651,2,0.0,0.3333333333333333
receive,4,5,6,148,0.5253780813877337,2,0.5,0.3333333333333333
receive,1,5,6,38,0.4298352898691434,2,0.5,0.3333333333333333
receive,11,2,6,25,0.38838726307064864,2,0.5,0.3333333333333333
receive,7,13,6,25,0.21635508509433143,2,0.0,0.3333333333333333
receive,11,1,6,25,0.3958991023342889,2,0.0,0.3333333333333333
receive,11,13,6,25,0.1589641640378695,2,0.0,0.3333333333333333
receive,4,13,5,135,0.47573533482480723,2,0.5,0.4
receive,6,13,5,3,0.2165837416524996,2,0.5,0.4
receive,7,6,5,14,0.4898171086491131,2,0.0,0.4
receive,4,13,5,65,0.20286163842425933,2,0.0,0.4
receive,9,6,5,139,0.47531399299621385,2,0.5,0.4
receive,9,12,5,139,0.32237822616365364,2,1.0,0.4
receive,7,13,5,101,0.23329585881747733,2,0.5,0.4
receive,10,2,5,35,0.6242274657285972,2,0.0,0.4
receive,7,2,5,35,0.6813787076519031,2,1.0,0.4
receive,10,13,5,86,0.1876224336949394,2,0.0,0.4
receive,4,6,5,126,0.3071542684120949,2,0.0,0.4
receive,4,1,5,126,0.36173148333388355,2,0.5,0.4
receive,10,6,5,154,0.21021687324344915,2,0.0,0.4
receive,10,13,5,154,0.2626951716601055,2,0.5,0.4
receive,9,12,5,11,0.4889880130788734,2,0.5,0.4
receive,11,2,5,103,0.2763284181135152,2,0.5,0.4
receive,10,13,5,103,0.1954561294866489,2,0.5,0.4
receive,11,1,5,103,0.2624945885657903,2,0.0,0.4
receive,11,11,5,47,0.46533453148160203,2,0.0,0.4
receive,11,13,5,47,0.3530266175373117,2,0.5,0.4
receive,6,13,5,116,0.5096212329645595,2,1.0,0.4
receive,6,10,5,116,0.5275816502176462,2,0.5,0.4
receive,7,1,5,101,0.48049375293854946,2,0.0,0.4
receive,4,13,5,161,0.13504638407180772,2,0.0,0.4
receive,4,6,5,161,0.372345775273101,2,0.5,0.4
receive,10,5,5,83,0.3027711691199463,2,0.5,0.4
receive,10,10,5,114,0.2085745078279154,2,0.0,0.4
receive,1,10,5,79,0.1606070873474716,2,0.0,0.4
receive,1,1,5,79,0.20590497862113288,2,0.0,0.4
receive,1,5,5,146,0.2937880355426568,2,0.0,0.4
receive,1,1,5,68,0.7127629992339116,2,0.0,0.4
receive,6,3,5,52,0.730565300795532,2,1.0,0.4
receive,4,6,5,34,0.2914486398356219,2,0.0,0.4
receive,6,1,5,3,0.46130674295772733,2,0.5,0.4
receive,1,5,5,76,0.4528645269551176,2,0.0,0.4
receive,10,6,5,119,0.5640263231951386,2,0.5,0.4
receive,1,13,4,43,0.32884086653556754,2,0.0,0.5
receive,7,2,4,90,0.4474792427779084,2,0.5,0.5
receive,7,13,4,72,0.25969688202538266,2,0.5,0.5
receive,7,13,4,23,0.3792207102424481,2,0.0,0.5
receive,11,10,4,44,0.5687385982691333,2,1.0,0.5
receive,4,2,4,14,0.5088668648293119,2,0.5,0.5
receive,7,2,4,129,0.482013864478789,2,1.0,0.5
receive,1,1,4,137,0.7736059858728839,2,1.0,0.5
receive,6,13,4,69,0.3797149819241383,2,0.0,0.5
receive,1,5,4,149,0.7519803104688424,2,1.0,0.5
receive,4,13,4,149,0.2669532760949995,2,0.0,0.5
receive,1,5,4,61,0.2359619061637403,2,0.0,0.5
receive,7,13,4,110,0.2254198063344628,2,0.0,0.5
receive,7,5,4,110,0.39654987232689587,2,1.0,0.5
receive,9,13,4,21,0.3704162060275198,2,0.5,0.5
receive,10,1,4,48,0.4354843983995116,2,0.5,0.5
receive,9,12,4,102,0.2993782486524664,2,0.0,0.5
receive,11,10,4,98,0.3622402517741636,2,0.5,0.5
receive,10,2,4,36,0.4713823165687483,2,0.0,0.5
receive,10,13,4,16,0.1521299454158999,2,0.0,0.5
receive,7,13,4,16,0.1256687368093078,2,0.0,0.5
receive,6,10,4,105,0.32428675984402344,2,0.5,0.5
receive,1,5,4,99,0.3676355292975766,2,0.5,0.5
receive,7,1,4,143,0.3419325906103958,2,1.0,0.5
receive,3,6,4,53,0.46016912770541174,2,0.0,0.5
receive,6,9,4,53,0.577880861164005,2,0.5,0.5
receive,6,6,4,130,0.3907766219922015,2,0.5,0.5
receive,6,13,4,130,0.24305276275837112,2,0.5,0.5
receive,6,6,4,69,0.5226524631970215,2,1.0,0.5
receive,4,5,4,12,0.6373501754661887,2,0.5,0.5
receive,10,10,4,100,0.36682509129975704,2,0.0,0.5
receive,11,1,4,73,0.4309778239394356,2,0.5,0.5
receive,1,13,4,63,0.3381373652019304,2,0.0,0.5
receive,11,9,4,10,0.3819708303812437,2,0.0,0.5
receive,11,1,4,10,0.5192617413309388,2,0.5,0.5
receive,12,13,3,72,0.19087922645445896,2,0.0,0.6666666666666666
receive,6,13,3,115,0.18842958981019994,2,1.0,0.6666666666666666
receive,7,13,3,43,0.3641230719328141,2,0.0,0.6666666666666666
receive,10,2,3,97,0.6044593348833839,2,0.5,0.6666666666666666
receive,1,1,3,135,0.6563819185519445,2,0.5,0.6666666666666666
receive,1,1,3,23,0.5820190934098922,2,0.5,0.6666666666666666
receive,6,6,3,26,0.4685492402687852,2,0.0,0.6666666666666666
receive,6,6,3,14,0.5306271171479744,2,0.5,0.6666666666666666
receive,7,13,3,59,0.40647147676013895,2,0.5,0.6666666666666666
receive,4,2,3,7,0.37918219172464074,2,0.5,0.6666666666666666
receive,11,1,3,45,0.7004998374774588,2,0.5,0.6666666666666666
receive,4,13,3,45,0.3267439623976432,2,0.5,0.6666666666666666
receive,8,12,3,78,0.38602233537728187,2,0.0,0.6666666666666666
receive,6,1,3,111,0.4555027077770302,2,0.5,0.6666666666666666
receive,1,6,3,93,0.19037957208720724,2,0.0,0.6666666666666666
receive,10,13,3,61,0.2993408856773064,2,0.5,0.6666666666666666
receive,7,2,3,71,0.5545392807830626,2,1.0,0.6666666666666666
receive,11,10,3,71,0.299356884417993,2,0.0,0.6666666666666666
receive,7,1,3,87,0.4720860235913948,2,0.5,0.6666666666666666
receive,3,11,3,64,0.5069855878416076,2,0.5,0.6666666666666666
receive,7,1,3,48,0.4001359886267714,2,0.0,0.6666666666666666
receive,1,3,3,48,0.6018000752255632,2,1.0,0.6666666666666666
receive,4,5,3,103,0.18900238879710166,2,0.0,0.6666666666666666
receive,1,5,3,103,0.12931356658685278,2,0.0,0.6666666666666666
receive,7,13,3,47,0.3803094358456994,2,0.5,0.6666666666666666
receive,6,10,3,144,0.37349598773650944,2,0.5,0.6666666666666666
receive,4,1,3,18,0.1461562232648503,2,0.0,0.6666666666666666
receive,4,2,3,1,0.599672533537615,2,0.5,0.6666666666666666
receive,1,2,3,1,0.6352301603277565,2,1.0,0.6666666666666666
receive,9,3,3,125,0.37315688846093115,2,0.0,0.6666666666666666
receive,7,2,3,149,0.6749260388030591,2,1.0,0.6666666666666666
receive,1,6,3,110,0.4438521510692035,2,0.0,0.6666666666666666
receive,6,5,3,160,0.5773967471177627,2,1.0,0.6666666666666666
receive,6,10,3,124,0.2535999148185288,2,0.5,0.6666666666666666
receive,3,10,3,105,0.4087385292724826,2,0.5,0.6666666666666666
receive,12,1,3,114,0.3210430858666101,2,0.5,0.6666666666666666
receive,7,3,3,52,0.7924930491109587,2,1.0,0.6666666666666666
receive,9,10,3,52,0.619620793712435,2,0.5,0.6666666666666666
receive,6,1,3,153,0.40168966448676885,2,1.0,0.6666666666666666
receive,6,1,3,34,0.5505766411705263,2,1.0,0.6666666666666666
receive,7,1,3,132,0.53985839060911,2,0.5,0.6666666666666666
receive,7,5,3,148,0.5352519426914312,2,0.0,0.6666666666666666
receive,7,13,3,8,0.3510035657919714,2,0.0,0.6666666666666666
receive,7,1,3,63,0.39461628463270504,2,0.5,0.6666666666666666
receive,9,13,2,43,0.30631362908328696,2,0.5,1.0
receive,6,13,2,30,0.49504767426264085,2,0.5,1.0
receive,7,13,2,54,0.37289773022994466,2,0.5,1.0
receive,6,2,2,107,0.34298398666503643,2,0.0,1.0
receive,1,6,2,59,0.7091380502945241,2,1.0,1.0
receive,7,6,2,85,0.6695127813297412,2,1.0,1.0
receive,1,13,2,7,0.19288271216876968,2,0.0,1.0
receive,9,12,2,56,0.40141537816560413,2,0.0,1.0
receive,1,2,2,35,0.2662471124094575,2,0.0,1.0
receive,4,6,2,80,0.28425345082085923,2,0.0,1.0
receive,4,11,2,32,0.3335566189368645,2,0.0,1.0
receive,7,1,2,111,0.5049178128322578,2,0.5,1.0
receive,6,5,2,48,0.32173962507204334,2,0.5,1.0
receive,7,13,2,89,0.3855304796327863,2,0.5,1.0
receive,7,13,2,29,0.16163259616951403,2,0.0,1.0
receive,11,10,2,160,0.328778839229692,2,0.0,1.0
receive,6,10,2,141,0.4534070528317447,2,0.5,1.0
receive,1,10,2,114,0.2554036149248248,2,0.0,1.0
receive,7,13,2,99,0.14568149528987556,2,0.0,1.0
receive,11,1,2,11,0.5615475175712916,2,1.0,1.0
receive,12,1,2,153,0.6097390359286476,2,0.0,1.0
receive,6,13,2,41,0.1892666428873643,2,0.0,1.0
receive,7,13,2,41,0.15144713219458064,2,0.5,1.0
receive,11,13,2,41,0.24254242240439258,2,0.0,1.0
receive,1,9,2,5,0.2510393361914651,2,0.0,1.0
receive,6,13,2,8,0.31934996998912457,2,0.5,1.0
receive,6,6,2,152,0.5069318842513543,2,0.5,1.0
receive,6,10,2,95,0.28933579154333045,2,0.0,1.0
receive,10,4,338,136,0.5129734266851503,1,1.0,0.0029585798816568047
receive,1,11,164,136,0.4419173836712764,1,1.0,0.006097560975609756
receive,10,9,161,96,0.36170664964615,1,1.0,0.006211180124223602
receive,11,5,146,96,0.36192996435535785,1,0.0,0.00684931506849315
receive,11,14,139,128,0.23851091683333453,1,0.0,0.007194244604316547
receive,10,11,130,64,0.544660144666332,1,0.0,0.007692307692307693
receive,11,3,115,70,0.4350734684328898,1,1.0,0.008695652173913044
receive,11,14,115,70,0.21370877257046383,1,0.0,0.008695652173913044
receive,11,12,115,70,0.39381210297677166,1,0.0,0.008695652173913044
receive,11,6,115,70,0.40006786137454337,1,0.0,0.008695652173913044
receive,4,7,101,72,0.38850775901894596,1,0.0,0.009900990099009901
receive,10,11,93,21,0.49174972579833887,1,0.0,0.010752688172043012
receive,10,14,93,21,0.31201433783318183,1,0.0,0.010752688172043012
receive,10,7,93,21,0.4988974667353836,1,0.0,0.010752688172043012
receive,1,10,92,96,0.3907355546052853,1,1.0,0.010869565217391304
receive,10,8,85,155,0.49425930051636735,1,1.0,0.011764705882352941
receive,10,11,75,115,0.3736081667194285,1,1.0,0.013333333333333334
receive,11,5,73,101,0.5264553953306828,1,0.0,0.0136986301369863
receive,11,4,72,122,0.46705032336253205,1,0.0,0.013888888888888888
receive,12,1,72,155,0.5468422463782778,1,1.0,0.013888888888888888
receive,12,3,72,155,0.5098868236421582,1,0.0,0.013888888888888888
receive,11,6,69,64,0.55691885790253,1,1.0,0.014492753623188406
receive,11,5,67,157,0.5468276376251685,1,1.0,0.014925373134328358
receive,11,4,67,157,0.5416903241761856,1,0.0,0.014925373134328358
receive,11,3,64,21,0.5655419864245932,1,1.0,0.015625
receive,11,11,64,21,0.5181939327582435,1,0.0,0.015625
receive,11,3,63,111,0.5271371629331981,1,1.0,0.015873015873015872
receive,11,6,63,111,0.5223706163241871,1,1.0,0.015873015873015872
receive,10,14,59,101,0.30012126534879,1,0.0,0.01694915254237288
receive,10,11,59,101,0.46633016635844454,1,1.0,0.01694915254237288
receive,10,3,59,101,0.5613299953354451,1,0.0,0.01694915254237288
receive,10,4,59,101,0.5379877133104382,1,1.0,0.01694915254237288
receive,1,10,57,128,0.39372333363292855,1,0.0,0.017543859649122806
receive,10,2,56,3,0.40133708340153,1,0.0,0.017857142857142856
receive,12,10,56,11,0.4611504358407942,1,1.0,0.017857142857142856
receive,12,8,56,11,0.44656140858888616,1,1.0,0.017857142857142856
receive,10,10,53,72,0.3288721223283457,1,1.0,0.018867924528301886
receive,10,4,53,72,0.4367283687799683,1,1.0,0.018867924528301886
receive,1,2,53,144,0.5308791125055367,1,1.0,0.018867924528301886
receive,1,10,53,144,0.39903470894539755,1,0.0,0.018867924528301886
receive,7,8,52,136,0.4435655581493462,1,0.0,0.019230769230769232
receive,10,10,51,122,0.36045860156472237,1,0.0,0.0196078431372549
receive,10,7,47,112,0.5755834109462622,1,0.0,0.02127659574468085
receive,10,13,47,82,0.3800599752633149,1,1.0,0.02127659574468085
receive,10,9,47,82,0.6184041163687896,1,1.0,0.02127659574468085
receive,10,10,47,112,0.5534514814874252,1,1.0,0.02127659574468085
receive,11,4,46,106,0.45055686702453956,1,0.0,0.021739130434782608
receive,11,10,46,106,0.4339464197298487,1,1.0,0.021739130434782608
receive,1,3,45,70,0.4266074453879467,1,1.0,0.022222222222222223
receive,1,12,45,70,0.36829411446195426,1,1.0,0.022222222222222223
receive,10,10,45,157,0.4781862101566636,1,0.0,0.022222222222222223
receive,1,8,44,21,0.4836710792085441,1,0.0,0.022727272727272728
receive,1,1,44,21,0.564148587176197,1,1.0,0.022727272727272728
receive,10,3,44,153,0.5959073126239647,1,1.0,0.022727272727272728
receive,10,10,44,153,0.46083233059197054,1,1.0,0.022727272727272728
receive,10,7,44,76,0.45895627517769955,1,0.0,0.022727272727272728
receive,1,14,42,101,0.25715426243129746,1,1.0,0.023809523809523808
receive,4,14,41,122,0.20533055751172244,1,0.0,0.024390243902439025
receive,10,10,40,106,0.424262175786214,1,0.0,0.025
receive,10,3,40,106,0.45586672850401994,1,1.0,0.025
receive,10,3,39,150,0.4865632911760199,1,1.0,0.02564102564102564
receive,10,1,39,148,0.6643238383021945,1,0.0,0.02564102564102564
receive,10,10,39,148,0.4941150032955161,1,1.0,0.02564102564102564
receive,10,4,39,148,0.5808922908918809,1,0.0,0.02564102564102564
receive,10,7,39,81,0.4799483274523559,1,0.0,0.02564102564102564
receive,10,6,39,132,0.4240148307669749,1,1.0,0.02564102564102564
receive,10,6,39,148,0.5440857145632447,1,0.0,0.02564102564102564
receive,10,6,39,81,0.5344702088513966,1,1.0,0.02564102564102564
receive,10,5,39,132,0.4190009032768449,1,0.0,0.02564102564102564
receive,10,12,37,111,0.4519067405345266,1,0.0,0.02702702702702703
receive,10,11,37,111,0.4475193482182297,1,1.0,0.02702702702702703
receive,10,6,36,32,0.46283639905853097,1,0.0,0.027777777777777776
receive,10,13,36,32,0.20005564359895628,1,0.0,0.027777777777777776
receive,11,4,36,144,0.4900268290694303,1,1.0,0.027777777777777776
receive,6,5,35,136,0.5217945109355089,1,1.0,0.02857142857142857
receive,6,3,35,136,0.5258251562978926,1,1.0,0.02857142857142857
receive,10,5,35,129,0.42870304976934864,1,1.0,0.02857142857142857
receive,6,11,35,136,0.43089379164471914,1,0.0,0.02857142857142857
receive,10,10,35,37,0.429846054041876,1,1.0,0.02857142857142857
receive,10,8,35,37,0.4123048337751292,1,1.0,0.02857142857142857
receive,11,5,34,138,0.357080298798679,1,0.0,0.029411764705882353
receive,11,4,34,138,0.3456542473813258,1,0.0,0.029411764705882353
receive,11,11,34,138,0.36229979994277917,1,1.0,0.029411764705882353
receive,4,11,32,111,0.4379942538381169,1,1.0,0.03125
receive,7,2,32,115,0.37277948933293625,1,0.0,0.03125
receive,12,8,32,37,0.4044052320157979,1,1.0,0.03125
receive,12,9,32,37,0.4278398434374354,1,1.0,0.03125
receive,12,3,32,37,0.4776814677539101,1,1.0,0.03125
receive,10,12,32,8,0.3987319122341408,1,0.0,0.03125
receive,10,2,32,8,0.36265673608846544,1,0.0,0.03125
receive,7,10,31,21,0.5106460701014229,1,1.0,0.03225806451612903
receive,7,5,31,21,0.5588843340293747,1,0.0,0.03225806451612903
receive,1,3,30,106,0.3862255515254186,1,1.0,0.03333333333333333
receive,1,14,30,106,0.2312260742708597,1,1.0,0.03333333333333333
receive,10,6,30,57,0.5731164175993381,1,0.0,0.03333333333333333
receive,10,2,30,57,0.6195009712913693,1,1.0,0.03333333333333333
receive,10,3,30,73,0.49236271044466157,1,0.0,0.03333333333333333
receive,10,10,29,140,0.3441028703458276,1,1.0,0.034482758620689655
receive,10,4,28,74,0.38417901443340646,1,0.0,0.03571428571428571
receive,10,11,28,74,0.37022046312458823,1,0.0,0.03571428571428571
receive,10,6,28,74,0.357619459569766,1,0.0,0.03571428571428571
receive,7,1,28,70,0.45408965388740424,1,0.0,0.03571428571428571
receive,10,10,28,74,0.35562956872149826,1,1.0,0.03571428571428571
receive,10,5,28,74,0.3607393619519094,1,0.0,0.03571428571428571
receive,11,7,28,35,0.5762468448718001,1,1.0,0.03571428571428571
receive,10,3,28,11,0.5609317401367374,1,1.0,0.03571428571428571
receive,10,5,28,11,0.5424636198870451,1,0.0,0.03571428571428571
receive,10,1,28,11,0.5876999577439531,1,0.0,0.03571428571428571
receive,10,8,28,11,0.4569240287657144,1,1.0,0.03571428571428571
receive,11,2,28,153,0.5301692429993382,1,1.0,0.03571428571428571
receive,1,10,27,115,0.3258300883411793,1,1.0,0.037037037037037035
receive,1,14,27,129,0.22683799526179305,1,0.0,0.037037037037037035
receive,1,8,27,115,0.3441811244673215,1,1.0,0.037037037037037035
receive,1,2,27,115,0.37205669378425865,1,0.0,0.037037037037037035
receive,1,10,27,132,0.38211973177496994,1,0.0,0.037037037037037035
receive,1,11,27,132,0.38292983689730664,1,0.0,0.037037037037037035
receive,1,7,27,132,0.3965351424318358,1,0.0,0.037037037037037035
receive,10,1,26,139,0.5958953503817496,1,1.0,0.038461538461538464
receive,10,11,26,139,0.2922551423672962,1,0.0,0.038461538461538464
receive,6,1,25,133,0.42805636154067445,1,1.0,0.04
receive,6,10,25,133,0.36299011154250843,1,0.0,0.04
receive,12,10,25,56,0.40582212777984034,1,1.0,0.04
receive,12,5,25,56,0.4185336283912903,1,0.0,0.04
receive,11,4,24,43,0.5929536412039872,1,1.0,0.041666666666666664
receive,11,5,24,74,0.4324341756988333,1,1.0,0.041666666666666664
receive,4,2,24,106,0.4416880990344754,1,0.0,0.041666666666666664
receive,4,3,23,19,0.5429730677102714,1,1.0,0.043478260869565216
receive,4,14,23,19,0.22274070241720276,1,0.0,0.043478260869565216
receive,11,2,23,115,0.396628479254724,1,0.0,0.043478260869565216
receive,11,8,23,115,0.36313891594325115,1,0.0,0.043478260869565216
receive,11,11,23,115,0.38447422481978455,1,1.0,0.043478260869565216
receive,11,7,23,115,0.38740850293265866,1,0.0,0.043478260869565216
receive,11,10,23,115,0.3805862916100369,1,0.0,0.043478260869565216
receive,11,6,23,57,0.5744651712085702,1,0.0,0.043478260869565216
receive,11,5,23,57,0.5724774256364443,1,0.0,0.043478260869565216
receive,11,2,23,132,0.4894995709535722,1,1.0,0.043478260869565216
receive,11,5,23,132,0.44222889674324267,1,1.0,0.043478260869565216
receive,11,6,23,132,0.447487216944898,1,1.0,0.043478260869565216
receive,11,8,23,132,0.39504637679466154,1,0.0,0.043478260869565216
receive,11,2,22,90,0.3091939683611573,1,0.0,0.045454545454545456
receive,10,10,22,22,0.543511673996795,1,0.0,0.045454545454545456
receive,10,1,22,22,0.6803708477102389,1,1.0,0.045454545454545456
receive,10,13,22,49,0.39111765418517896,1,0.0,0.045454545454545456
receive,10,10,22,49,0.49461585083681814,1,0.0,0.045454545454545456
receive,10,2,22,49,0.6350927525343963,1,0.0,0.045454545454545456
receive,10,5,22,78,0.34887669351392375,1,0.0,0.045454545454545456
receive,11,5,22,90,0.2732328045394938,1,0.0,0.045454545454545456
receive,11,10,22,150,0.4008565287119643,1,0.0,0.045454545454545456
receive,4,3,22,21,0.5261243618544924,1,1.0,0.045454545454545456
receive,10,3,21,158,0.47539199347754635,1,1.0,0.047619047619047616
receive,11,6,21,13,0.44987826898625893,1,0.0,0.047619047619047616
receive,11,2,21,13,0.44564526415356953,1,0.0,0.047619047619047616
receive,11,14,21,13,0.19709132708372548,1,0.0,0.047619047619047616
receive,11,11,21,13,0.4433341240627722,1,0.0,0.047619047619047616
receive,11,5,21,13,0.44889356253018126,1,0.0,0.047619047619047616
receive,6,9,21,50,0.508840969690986,1,1.0,0.047619047619047616
receive,6,8,21,50,0.4703417796501327,1,0.0,0.047619047619047616
receive,10,12,20,50,0.5553265999235679,1,1.0,0.05
receive,10,2,20,50,0.6035774872852728,1,0.0,0.05
receive,10,6,20,45,0.539010571483933,1,1.0,0.05
receive,10,4,20,45,0.5397734520362731,1,0.0,0.05
receive,10,5,20,50,0.6055276831386467,1,0.0,0.05
receive,10,3,20,50,0.6020877993949114,1,0.0,0.05
receive,10,7,20,50,0.570501015295547,1,0.0,0.05
receive,12,13,19,66,0.19811564786550898,1,0.0,0.05263157894736842
receive,10,10,19,43,0.546785475184319,1,0.0,0.05263157894736842
receive,10,2,19,43,0.6368754276325991,1,1.0,0.05263157894736842
receive,1,14,19,157,0.2692155132717224,1,0.0,0.05263157894736842
receive,10,5,19,85,0.6265860925622951,1,0.0,0.05263157894736842
receive,10,10,19,85,0.49524653960046083,1,1.0,0.05263157894736842
receive,1,2,19,157,0.4626833670110981,1,0.0,0.05263157894736842
receive,10,10,19,159,0.6320309324583441,1,1.0,0.05263157894736842
receive,11,11,19,69,0.47571979554142396,1,1.0,0.05263157894736842
receive,11,7,19,69,0.48693923481361756,1,1.0,0.05263157894736842
receive,9,2,19,10,0.525313412416937,1,1.0,0.05263157894736842
receive,7,6,19,153,0.613561821608608,1,1.0,0.05263157894736842
receive,7,1,18,133,0.4199477189762629,1,0.0,0.05555555555555555
receive,12,13,18,49,0.3879210736730987,1,0.0,0.05555555555555555
receive,11,7,18,92,0.33931969444736054,1,1.0,0.05555555555555555
receive,4,1,18,54,0.4499938441277769,1,0.0,0.05555555555555555
receive,10,13,18,156,0.2574735984192509,1,0.0,0.05555555555555555
receive,10,13,18,116,0.45110370110957176,1,0.0,0.05555555555555555
receive,10,5,18,116,0.6044481469061048,1,1.0,0.05555555555555555
receive,10,6,18,116,0.6100058641226735,1,1.0,0.05555555555555555
receive,11,2,18,92,0.3984006881744136,1,1.0,0.05555555555555555
receive,10,5,18,156,0.43076774418484204,1,1.0,0.05555555555555555
receive,10,3,18,34,0.42454560497197413,1,0.0,0.05555555555555555
receive,10,2,18,34,0.4333525299635998,1,0.0,0.05555555555555555
receive,7,3,18,100,0.5515736872923589,1,0.0,0.05555555555555555
receive,7,5,18,100,0.5415818979121847,1,0.0,0.05555555555555555
receive,7,1,18,100,0.5994358250299285,1,1.0,0.05555555555555555
receive,7,2,18,100,0.5629429498307774,1,1.0,0.05555555555555555
receive,10,10,18,152,0.3693811027551009,1,1.0,0.05555555555555555
receive,10,6,18,152,0.518265915022385,1,1.0,0.05555555555555555
receive,10,1,18,152,0.633859591011753,1,0.0,0.05555555555555555
receive,10,13,18,152,0.1429895600431731,1,0.0,0.05555555555555555
receive,10,8,18,152,0.34619521274170384,1,0.0,0.05555555555555555
receive,10,2,17,66,0.5321079777432255,1,1.0,0.058823529411764705
receive,11,2,17,97,0.5332847621299667,1,1.0,0.058823529411764705
receive,11,6,17,97,0.43821701365543336,1,0.0,0.058823529411764705
receive,11,2,17,62,0.41668250021135966,1,1.0,0.058823529411764705
receive,11,11,17,62,0.40412289682745445,1,0.0,0.058823529411764705
receive,11,6,17,62,0.4139753476478976,1,1.0,0.058823529411764705
receive,11,14,17,62,0.2650523604706906,1,0.0,0.058823529411764705
receive,11,11,17,88,0.46132712989140606,1,0.0,0.058823529411764705
receive,11,7,17,97,0.42137326641817546,1,1.0,0.058823529411764705
receive,11,5,17,62,0.39568319664343804,1,1.0,0.058823529411764705
receive,7,2,17,144,0.518797053332004,1,1.0,0.058823529411764705
receive,10,14,17,4,0.10770667076237936,1,0.0,0.058823529411764705
receive,1,11,17,153,0.4266482445208165,1,1.0,0.058823529411764705
receive,1,6,17,153,0.5328274320234554,1,0.0,0.058823529411764705
receive,10,5,16,30,0.6698776064437477,1,1.0,0.0625
receive,10,10,16,30,0.6201838154204183,1,1.0,0.0625
receive,10,10,16,44,0.48722919883167826,1,0.0,0.0625
receive,10,6,16,44,0.4762392682215848,1,0.0,0.0625
receive,1,10,16,122,0.3001010903959974,1,0.0,0.0625
receive,10,10,16,118,0.44806084801588353,1,0.0,0.0625
receive,10,6,16,71,0.4490439264521699,1,1.0,0.0625
receive,10,3,16,71,0.5083245673031636,1,0.0,0.0625
receive,10,5,16,71,0.45132587893828574,1,0.0,0.0625
receive,10,2,16,71,0.5144539017770593,1,0.0,0.0625
receive,1,1,16,150,0.5271930270464387,1,1.0,0.0625
receive,1,3,16,150,0.50610086694499,1,0.0,0.0625
receive,10,1,16,146,0.4559791678132957,1,0.0,0.0625
receive,1,10,16,140,0.3775087913593797,1,0.0,0.0625
receive,1,6,16,140,0.4411201641473067,1,0.0,0.0625
receive,1,5,16,140,0.43167626732061415,1,1.0,0.0625
receive,9,8,16,53,0.5558321199267713,1,0.0,0.0625
receive,10,9,16,84,0.48357541987445274,1,0.0,0.0625
receive,10,10,16,84,0.4652981324620271,1,1.0,0.0625
receive,10,1,16,84,0.6325586598751209,1,1.0,0.0625
receive,10,6,16,38,0.535978471252739,1,1.0,0.0625
receive,10,10,15,19,0.43042608721838616,1,1.0,0.06666666666666667
receive,10,7,15,19,0.48143037131356986,1,0.0,0.06666666666666667
receive,10,6,15,19,0.5137120811539024,1,1.0,0.06666666666666667
receive,4,6,15,157,0.4131668670595186,1,0.0,0.06666666666666667
receive,10,6,15,59,0.7139153733415934,1,1.0,0.06666666666666667
receive,4,5,15,157,0.4169295673359932,1,0.0,0.06666666666666667
receive,4,14,15,110,0.202796752930053,1,0.0,0.06666666666666667
receive,4,2,15,110,0.45404023589354026,1,1.0,0.06666666666666667
receive,10,6,15,12,0.6290738243773576,1,1.0,0.06666666666666667
receive,4,14,14,74,0.33248683556105413,1,1.0,0.07142857142857142
receive,4,2,14,62,0.29759636825602487,1,1.0,0.07142857142857142
receive,10,1,14,51,0.4987331624476944,1,0.0,0.07142857142857142
receive,10,5,14,51,0.4848752483495983,1,0.0,0.07142857142857142
receive,11,11,14,48,0.38766180366391595,1,0.0,0.07142857142857142
receive,11,6,14,48,0.39421108284408823,1,1.0,0.07142857142857142
receive,11,5,14,48,0.3686995691587906,1,0.0,0.07142857142857142
receive,12,5,14,102,0.30978075602678246,1,1.0,0.07142857142857142
receive,12,3,14,102,0.33189829236476937,1,1.0,0.07142857142857142
receive,12,2,14,102,0.33132742973409046,1,0.0,0.07142857142857142
receive,10,12,14,141,0.4976916241095467,1,1.0,0.07142857142857142
receive,11,11,14,112,0.4933093086513652,1,1.0,0.07142857142857142
receive,11,13,14,76,0.43809990339044463,1,1.0,0.07142857142857142
receive,11,10,14,76,0.464567016838617,1,0.0,0.07142857142857142
receive,11,6,14,76,0.47961121108972093,1,0.0,0.07142857142857142
receive,10,6,13,142,0.5382559395287507,1,1.0,0.07692307692307693
receive,10,2,13,142,0.6061293863291216,1,1.0,0.07692307692307693
receive,10,12,13,142,0.33235323744092604,1,0.0,0.07692307692307693
receive,11,7,13,110,0.2870616402109914,1,0.0,0.07692307692307693
receive,4,5,13,144,0.5337609680409441,1,0.0,0.07692307692307693
receive,10,1,13,47,0.6479891582662073,1,0.0,0.07692307692307693
receive,4,1,13,144,0.5999129576649852,1,0.0,0.07692307692307693
receive,1,11,13,160,0.34065532268083687,1,0.0,0.07692307692307693
receive,1,3,13,160,0.39870127203493244,1,1.0,0.07692307692307693
receive,8,6,13,53,0.5473535350409026,1,0.0,0.07692307692307693
receive,1,1,13,50,0.554794389562507,1,0.0,0.07692307692307693
receive,1,13,13,50,0.29498316843866595,1,1.0,0.07692307692307693
receive,1,5,13,50,0.5289528133430867,1,1.0,0.07692307692307693
receive,8,5,13,53,0.5445502604541427,1,1.0,0.07692307692307693
receive,10,6,13,138,0.38179666840818266,1,0.0,0.07692307692307693
receive,10,1,13,138,0.4174370938709092,1,0.0,0.07692307692307693
receive,10,3,13,42,0.3211069790572816,1,1.0,0.07692307692307693
receive,7,1,13,76,0.5744221072490392,1,0.0,0.07692307692307693
receive,7,2,13,76,0.5159504705415318,1,0.0,0.07692307692307693
receive,4,2,13,144,0.5720365715129669,1,0.0,0.07692307692307693
receive,9,10,13,100,0.4114206903468102,1,1.0,0.07692307692307693
receive,9,5,13,100,0.5334992932300497,1,1.0,0.07692307692307693
receive,9,10,13,152,0.399292303860648,1,0.0,0.07692307692307693
receive,9,1,13,152,0.6660630757746688,1,1.0,0.07692307692307693
receive,9,5,13,152,0.5474320048620795,1,1.0,0.07692307692307693
receive,10,1,12,131,0.45147188876493,1,0.0,0.08333333333333333
receive,4,1,12,23,0.4149785680253162,1,0.0,0.08333333333333333
receive,4,13,12,23,0.2354161022831012,1,0.0,0.08333333333333333
receive,1,2,12,92,0.3450916991645294,1,0.0,0.08333333333333333
receive,1,6,12,111,0.4711112467485736,1,0.0,0.08333333333333333
receive,1,2,12,111,0.48745208788774247,1,1.0,0.08333333333333333
receive,10,9,12,7,0.3921759769197177,1,0.0,0.08333333333333333
receive,10,14,12,7,0.12227829586257159,1,0.0,0.08333333333333333
receive,7,6,12,57,0.5897511175184856,1,1.0,0.08333333333333333
receive,6,2,12,96,0.3829264005830088,1,0.0,0.08333333333333333
receive,4,3,12,35,0.5516331158150641,1,1.0,0.08333333333333333
receive,4,1,12,35,0.6026998085253519,1,1.0,0.08333333333333333
receive,4,1,12,115,0.3992701431759025,1,0.0,0.08333333333333333
receive,7,13,12,118,0.32032592525277764,1,0.0,0.08333333333333333
receive,12,13,12,91,0.2609041673522155,1,0.0,0.08333333333333333
receive,12,2,12,91,0.33576607853904167,1,0.0,0.08333333333333333
receive,12,1,12,91,0.4329618984985954,1,1.0,0.08333333333333333
receive,1,13,12,92,0.1577172936808308,1,0.0,0.08333333333333333
receive,4,13,12,115,0.1829649837051086,1,0.0,0.08333333333333333
receive,1,2,12,8,0.32343637693023825,1,0.0,0.08333333333333333
receive,7,1,12,118,0.633243512999515,1,1.0,0.08333333333333333
receive,7,5,12,118,0.5183192609577725,1,0.0,0.08333333333333333
receive,4,10,12,115,0.3192699427700368,1,0.0,0.08333333333333333
receive,11,10,12,151,0.42887446695176806,1,1.0,0.08333333333333333
receive,11,11,12,151,0.44365269414541436,1,0.0,0.08333333333333333
receive,11,5,12,89,0.3782051068121551,1,0.0,0.08333333333333333
receive,10,6,12,89,0.3432630083631511,1,0.0,0.08333333333333333
receive,12,3,12,164,0.33750101671834365,1,0.0,0.08333333333333333
receive,12,6,12,164,0.3427650010787871,1,0.0,0.08333333333333333
receive,12,5,12,164,0.335368946878398,1,0.0,0.08333333333333333
receive,6,11,12,96,0.3026679911439139,1,1.0,0.08333333333333333
receive,1,1,12,8,0.3413333002714025,1,0.0,0.08333333333333333
receive,10,5,11,67,0.30880118629873077,1,0.0,0.09090909090909091
receive,11,2,11,67,0.327323896019492,1,0.0,0.09090909090909091
receive,11,13,11,67,0.19046302094575313,1,1.0,0.09090909090909091
receive,11,12,11,67,0.2664737624112918,1,0.0,0.09090909090909091
receive,10,1,11,67,0.36916323700202974,1,0.0,0.09090909090909091
receive,11,5,11,67,0.30576341556200415,1,0.0,0.09090909090909091
receive,1,6,11,14,0.4840313941290563,1,0.0,0.09090909090909091
receive,10,6,11,17,0.47589537041056834,1,0.0,0.09090909090909091
receive,10,7,11,17,0.4439821572393436,1,0.0,0.09090909090909091
receive,10,5,11,17,0.48385741140965394,1,1.0,0.09090909090909091
receive,11,7,11,86,0.25245605888173855,1,0.0,0.09090909090909091
receive,4,2,11,86,0.32989682517801694,1,0.0,0.09090909090909091
receive,10,5,11,113,0.5388780726734458,1,1.0,0.09090909090909091
receive,1,1,11,113,0.5177106533528869,1,0.0,0.09090909090909091
receive,4,5,11,150,0.5049690507932929,1,1.0,0.09090909090909091
receive,4,2,11,150,0.5072414147293591,1,0.0,0.09090909090909091
receive,10,5,11,108,0.11161703794710176,1,1.0,0.09090909090909091
receive,10,3,11,160,0.3561272308202074,1,1.0,0.09090909090909091
receive,10,10,11,53,0.5814351124736566,1,0.0,0.09090909090909091
receive,1,6,11,148,0.5667606945661761,1,1.0,0.09090909090909091
receive,1,6,11,109,0.6431391297664463,1,0.0,0.09090909090909091
receive,7,10,10,128,0.41821523358777124,1,1.0,0.1
receive,11,6,10,54,0.3425559057217893,1,0.0,0.1
receive,11,2,10,54,0.3698532253731409,1,0.0,0.1
receive,11,11,10,54,0.35156187650043236,1,1.0,0.1
receive,11,4,10,54,0.3572280370234371,1,1.0,0.1
receive,4,2,10,158,0.4370547400644561,1,0.0,0.1
receive,7,14,10,33,0.1105466391542298,1,0.0,0.1
receive,10,2,10,14,0.47689012268375636,1,0.0,0.1
receive,4,13,10,59,0.35499883782976804,1,0.0,0.1
receive,1,6,10,45,0.41036177700609056,1,1.0,0.1
receive,12,2,10,51,0.5030635665882631,1,0.0,0.1
receive,8,5,10,11,0.553326444707432,1,0.0,0.1
receive,11,5,10,54,0.3421502674827611,1,0.0,0.1
receive,11,13,10,163,0.14637706655413943,1,0.0,0.1
receive,7,5,10,128,0.45025830812221257,1,0.0,0.1
receive,10,2,10,55,0.3519626118418687,1,0.0,0.1
receive,10,1,10,55,0.34025856626368467,1,0.0,0.1
receive,11,6,10,29,0.26154289733636843,1,0.0,0.1
receive,10,5,10,31,0.5749091418172947,1,1.0,0.1
receive,11,2,10,31,0.5877856072705476,1,1.0,0.1
receive,10,6,10,31,0.5785373296858153,1,1.0,0.1
receive,11,4,10,31,0.5753847155755715,1,0.0,0.1
receive,10,11,10,75,0.35378737169745955,1,1.0,0.1
receive,10,14,10,75,0.309312143130534,1,0.0,0.1
receive,10,13,10,75,0.4597406254731231,1,1.0,0.1
receive,10,5,10,75,0.31791674309767015,1,0.0,0.1
receive,10,14,10,124,0.13187188958302057,1,0.0,0.1
receive,10,6,10,124,0.2993140350166718,1,0.0,0.1
receive,8,14,10,11,0.2586669198146131,1,0.0,0.1
receive,10,1,10,68,0.7576258593587146,1,1.0,0.1
receive,10,8,10,68,0.6475627346655682,1,1.0,0.1
receive,8,12,10,11,0.49428533554405873,1,1.0,0.1
receive,8,10,10,11,0.4944826651009692,1,0.0,0.1
receive,7,5,10,69,0.5360455655118106,1,0.0,0.1
receive,7,1,10,69,0.5791548942425072,1,0.0,0.1
receive,4,13,10,112,0.40037095812735696,1,0.0,0.1
receive,4,5,10,112,0.5733323687150426,1,1.0,0.1
receive,1,1,10,81,0.4247849354545954,1,1.0,0.1
receive,6,5,10,100,0.5558803523578351,1,1.0,0.1
receive,6,1,10,100,0.6106091048904719,1,1.0,0.1
receive,1,13,10,117,0.10096725962457058,1,0.0,0.1
receive,11,2,10,117,0.5784994791606348,1,1.0,0.1
receive,11,7,10,117,0.43317056574481533,1,0.0,0.1
receive,1,6,10,117,0.35996270556857113,1,0.0,0.1
receive,1,6,10,138,0.5064982139438844,1,1.0,0.1
receive,1,2,9,62,0.3839886968157459,1,1.0,0.1111111111111111
receive,10,5,9,26,0.49776760106468676,1,1.0,0.1111111111111111
receive,10,1,9,26,0.5623247525857411,1,1.0,0.1111111111111111
receive,10,2,9,26,0.5252479691323447,1,1.0,0.1111111111111111
receive,10,6,9,26,0.49680681101284413,1,1.0,0.1111111111111111
receive,4,5,9,88,0.45039323651445795,1,1.0,0.1111111111111111
receive,4,13,9,88,0.2968615742937577,1,1.0,0.1111111111111111
receive,4,6,9,88,0.4455523476803879,1,0.0,0.1111111111111111
receive,7,2,9,64,0.6019754793473554,1,1.0,0.1111111111111111
receive,1,13,9,3,0.21143716965204445,1,0.0,0.1111111111111111
receive,10,6,9,20,0.4448421688019573,1,1.0,0.1111111111111111
receive,10,5,9,20,0.4401909460654605,1,0.0,0.1111111111111111
receive,7,3,9,64,0.6035405612165462,1,1.0,0.1111111111111111
receive,1,1,9,62,0.3759814825931891,1,1.0,0.1111111111111111
receive,10,6,9,58,0.2739743874099858,1,1.0,0.1111111111111111
receive,10,2,9,143,0.23825978434610443,1,0.0,0.1111111111111111
receive,7,1,9,64,0.6403901990498528,1,1.0,0.1111111111111111
receive,4,5,9,6,0.2697182065947976,1,1.0,0.1111111111111111
receive,4,12,9,6,0.27830443467882976,1,0.0,0.1111111111111111
receive,4,6,9,6,0.27642714529587487,1,0.0,0.1111111111111111
receive,7,5,9,104,0.5810016939361794,1,1.0,0.1111111111111111
receive,11,10,9,140,0.3497759335217616,1,0.0,0.1111111111111111
receive,7,8,9,147,0.24544912653830867,1,0.0,0.1111111111111111
receive,7,6,9,147,0.37336431371582735,1,1.0,0.1111111111111111
receive,7,1,9,147,0.496382380789593,1,0.0,0.1111111111111111
receive,1,14,8,19,0.20829723938525835,1,0.0,0.125
receive,1,1,8,19,0.5711288884799994,1,1.0,0.125
receive,1,13,8,74,0.37942206668284845,1,0.0,0.125
receive,1,6,8,74,0.47865977962160244,1,1.0,0.125
receive,11,6,8,23,0.5750681699842618,1,1.0,0.125
receive,11,13,8,23,0.5265043076489582,1,1.0,0.125
receive,11,10,8,23,0.5607626530757285,1,0.0,0.125
receive,10,6,8,28,0.3742218823554293,1,0.0,0.125
receive,10,4,8,28,0.37994302612124814,1,0.0,0.125
receive,10,2,8,28,0.34931220364990523,1,0.0,0.125
receive,10,5,8,126,0.32369935286698953,1,0.0,0.125
receive,10,11,8,77,0.5010089721704717,1,1.0,0.125
receive,10,10,8,77,0.4665148107923195,1,1.0,0.125
receive,9,10,8,155,0.43286799809535637,1,1.0,0.125
receive,10,1,8,163,0.4598910783605164,1,1.0,0.125
receive,10,2,8,151,0.38284041493749155,1,0.0,0.125
receive,10,3,8,151,0.38808184363431364,1,0.0,0.125
receive,10,5,8,62,0.3775191350362428,1,0.0,0.125
receive,9,9,8,155,0.4618230732468119,1,1.0,0.125
receive,1,13,8,161,0.14778866278735475,1,0.0,0.125
receive,10,13,8,145,0.4317426847881478,1,0.0,0.125
receive,1,12,8,37,0.22255293674378562,1,0.0,0.125
receive,10,2,8,99,0.4328479942381961,1,0.0,0.125
receive,10,11,8,99,0.393566082309734,1,1.0,0.125
receive,10,3,8,99,0.4436530893537371,1,1.0,0.125
receive,1,14,8,11,0.2557152066550573,1,0.0,0.125
receive,1,2,8,11,0.5740343047346526,1,0.0,0.125
receive,1,1,8,11,0.5954604840471114,1,1.0,0.125
receive,1,3,8,11,0.5776688675538627,1,1.0,0.125
receive,1,14,8,37,0.08826198303948575,1,0.0,0.125
receive,1,6,8,37,0.23231224809083775,1,0.0,0.125
receive,10,12,8,41,0.4578925273742267,1,0.0,0.125
receive,1,13,8,25,0.25058243359778365,1,0.0,0.125
receive,6,11,7,128,0.39618322434395825,1,0.0,0.14285714285714285
receive,6,6,7,128,0.42544211913028,1,0.0,0.14285714285714285
receive,6,1,7,128,0.4779760698448246,1,0.0,0.14285714285714285
receive,1,2,7,90,0.4767769081314176,1,0.0,0.14285714285714285
receive,1,5,7,97,0.5031129006657044,1,0.0,0.14285714285714285
receive,1,12,7,97,0.4765100965397185,1,0.0,0.14285714285714285
receive,1,2,7,97,0.6238733207879879,1,1.0,0.14285714285714285
receive,10,5,7,23,0.4468404021079167,1,0.0,0.14285714285714285
receive,11,2,7,33,0.38605943296887396,1,1.0,0.14285714285714285
receive,11,1,7,33,0.43622681428037574,1,0.0,0.14285714285714285
receive,11,14,7,33,0.10077926416739302,1,0.0,0.14285714285714285
receive,1,5,7,133,0.5172907908991168,1,1.0,0.14285714285714285
receive,11,2,7,133,0.41056961648826473,1,0.0,0.14285714285714285
receive,11,6,7,133,0.44019973947383007,1,1.0,0.14285714285714285
receive,11,10,7,133,0.34242900869526477,1,0.0,0.14285714285714285
receive,7,13,7,157,0.3894224691852582,1,0.0,0.14285714285714285
receive,1,13,7,133,0.30740561624491025,1,1.0,0.14285714285714285
receive,11,13,7,133,0.22172303692208245,1,0.0,0.14285714285714285
receive,1,2,7,133,0.48901265625885776,1,0.0,0.14285714285714285
receive,1,1,7,133,0.4819808168959347,1,1.0,0.14285714285714285
receive,1,10,7,133,0.4145017407967902,1,1.0,0.14285714285714285
receive,6,2,7,112,0.592531973219791,1,0.0,0.14285714285714285
receive,12,5,7,139,0.3937917044316262,1,0.0,0.14285714285714285
receive,12,6,7,139,0.4096022899647472,1,0.0,0.14285714285714285
receive,12,10,7,139,0.29111388894419676,1,0.0,0.14285714285714285
receive,1,13,7,90,0.22221354926915696,1,0.0,0.14285714285714285
receive,10,3,7,93,0.28848404403140454,1,0.0,0.14285714285714285
receive,1,11,7,77,0.4528691012636665,1,1.0,0.14285714285714285
receive,11,13,7,20,0.21707609016067714,1,0.0,0.14285714285714285
receive,11,5,7,20,0.5192097017776967,1,1.0,0.14285714285714285
receive,11,10,7,87,0.2925269435416426,1,0.0,0.14285714285714285
receive,11,5,7,87,0.2918000651632199,1,0.0,0.14285714285714285
receive,4,1,7,128,0.47111933537468814,1,0.0,0.14285714285714285
receive,1,13,7,71,0.25363985000007305,1,0.0,0.14285714285714285
receive,7,1,7,157,0.5720063789404172,1,1.0,0.14285714285714285
receive,6,1,7,64,0.5518719344626097,1,1.0,0.14285714285714285
receive,6,11,7,64,0.4462688135305896,1,0.0,0.14285714285714285
receive,1,1,7,47,0.5396703311520258,1,1.0,0.14285714285714285
receive,1,2,7,98,0.5772238420465035,1,1.0,0.14285714285714285
receive,1,5,7,98,0.5411306169491749,1,0.0,0.14285714285714285
receive,4,13,7,98,0.3223338838917725,1,1.0,0.14285714285714285
receive,4,6,7,98,0.574078159552507,1,1.0,0.14285714285714285
receive,6,13,7,112,0.37459543045202903,1,0.0,0.14285714285714285
receive,7,5,7,0,0.31501211652779765,1,0.0,0.14285714285714285
receive,11,1,7,161,0.4416794135658048,1,1.0,0.14285714285714285
receive,11,13,7,161,0.14472179280342787,1,0.0,0.14285714285714285
receive,11,6,7,161,0.3587953039149325,1,0.0,0.14285714285714285
receive,11,2,7,36,0.3933659478213194,1,0.0,0.14285714285714285
receive,11,5,7,36,0.42044813951835297,1,0.0,0.14285714285714285
receive,4,5,7,31,0.46774488344494775,1,1.0,0.14285714285714285
receive,10,2,7,110,0.4803500595777767,1,1.0,0.14285714285714285
receive,6,5,7,140,0.39986905963779157,1,0.0,0.14285714285714285
receive,6,13,7,140,0.2340377110731793,1,0.0,0.14285714285714285
receive,1,9,7,53,0.45858171352584154,1,1.0,0.14285714285714285
receive,1,13,7,53,0.3714373449386984,1,0.0,0.14285714285714285
receive,10,1,7,5,0.40427554598661325,1,0.0,0.14285714285714285
receive,10,13,7,5,0.33006623367688936,1,0.0,0.14285714285714285
receive,10,5,7,5,0.38543826927159197,1,1.0,0.14285714285714285
receive,9,13,7,5,0.38720066840886125,1,1.0,0.14285714285714285
receive,9,10,7,5,0.31934155933815406,1,1.0,0.14285714285714285
receive,4,6,7,38,0.3630800652863563,1,0.0,0.14285714285714285
receive,4,1,7,38,0.40644406748589257,1,0.0,0.14285714285714285
receive,4,13,7,38,0.11695966748425592,1,0.0,0.14285714285714285
receive,8,6,7,152,0.5240207928759555,1,0.0,0.14285714285714285
receive,8,10,7,152,0.36264407562549433,1,0.0,0.14285714285714285
receive,8,5,7,152,0.5230486556452012,1,1.0,0.14285714285714285
receive,7,2,6,3,0.4171744745247348,1,1.0,0.16666666666666666
receive,6,6,6,57,0.5760415275768628,1,1.0,0.16666666666666666
receive,11,11,6,39,0.37117999989729894,1,1.0,0.16666666666666666
receive,11,13,6,39,0.2335984869961882,1,0.0,0.16666666666666666
receive,11,5,6,39,0.4342398670091822,1,1.0,0.16666666666666666
receive,11,10,6,137,0.5116223374067457,1,1.0,0.16666666666666666
receive,11,4,6,137,0.5635408998127643,1,0.0,0.16666666666666666
receive,6,13,6,57,0.279285564832111,1,0.0,0.16666666666666666
receive,6,5,6,57,0.5759593357621179,1,0.0,0.16666666666666666
receive,1,2,6,118,0.6993351676266938,1,1.0,0.16666666666666666
receive,11,2,6,113,0.5752234892774933,1,1.0,0.16666666666666666
receive,4,6,6,71,0.40778964051574346,1,1.0,0.16666666666666666
receive,1,5,6,13,0.434025195994328,1,0.0,0.16666666666666666
receive,1,2,6,13,0.4458494275549651,1,0.0,0.16666666666666666
receive,11,13,6,137,0.42610151872446056,1,0.0,0.16666666666666666
receive,1,1,6,118,0.7257620225827242,1,0.0,0.16666666666666666
receive,11,10,6,154,0.28625550202062416,1,0.0,0.16666666666666666
receive,11,5,6,154,0.2542175838941418,1,0.0,0.16666666666666666
receive,4,1,6,71,0.49195109614819016,1,1.0,0.16666666666666666
receive,10,10,6,54,0.3942559682470846,1,1.0,0.16666666666666666
receive,10,2,6,54,0.4040047144206458,1,0.0,0.16666666666666666
receive,11,6,6,46,0.3672713155291501,1,0.0,0.16666666666666666
receive,11,3,6,46,0.47594542293848385,1,1.0,0.16666666666666666
receive,10,2,6,40,0.36598935681830397,1,0.0,0.16666666666666666
receive,10,1,6,40,0.4578228795048986,1,1.0,0.16666666666666666
receive,11,1,6,55,0.3363098512457012,1,0.0,0.16666666666666666
receive,4,5,6,113,0.44661748668270934,1,1.0,0.16666666666666666
receive,11,11,6,55,0.3125196142340786,1,0.0,0.16666666666666666
receive,11,6,6,113,0.5857926721654348,1,1.0,0.16666666666666666
receive,8,13,6,37,0.2075120303690053,1,1.0,0.16666666666666666
receive,8,10,6,37,0.4205368533486669,1,1.0,0.16666666666666666
receive,10,10,6,1,0.3632165084185852,1,0.0,0.16666666666666666
receive,10,1,6,1,0.47249258621051865,1,0.0,0.16666666666666666
receive,10,2,6,1,0.5044175216197103,1,0.0,0.16666666666666666
receive,4,2,6,148,0.6353285227856514,1,1.0,0.16666666666666666
receive,10,6,6,29,0.34295651250791365,1,0.0,0.16666666666666666
receive,1,5,6,159,0.45783415626832674,1,0.0,0.16666666666666666
receive,4,1,6,162,0.6020072276626173,1,0.0,0.16666666666666666
receive,10,2,6,162,0.5079971563555604,1,0.0,0.16666666666666666
receive,4,2,6,162,0.6061598979480708,1,1.0,0.16666666666666666
receive,4,13,6,90,0.17310630193498092,1,0.0,0.16666666666666666
receive,11,10,6,16,0.41182767905933604,1,1.0,0.16666666666666666
receive,11,11,6,16,0.41114532711328766,1,1.0,0.16666666666666666
receive,8,2,6,37,0.48943894096249285,1,1.0,0.16666666666666666
receive,4,5,6,140,0.38530686066282765,1,0.0,0.16666666666666666
receive,10,5,6,52,0.5547092475600186,1,0.0,0.16666666666666666
receive,12,1,6,84,0.6112931945910275,1,1.0,0.16666666666666666
receive,8,5,6,37,0.4449916648772871,1,0.0,0.16666666666666666
receive,12,1,6,15,0.4234157794868348,1,1.0,0.16666666666666666
receive,12,10,6,15,0.27515948380946126,1,1.0,0.16666666666666666
receive,10,1,6,15,0.3885315123902771,1,0.0,0.16666666666666666
receive,12,2,6,15,0.38383156385645617,1,0.0,0.16666666666666666
receive,11,4,6,109,0.5894700070806679,1,1.0,0.16666666666666666
receive,11,11,6,109,0.41086256496875456,1,0.0,0.16666666666666666
receive,11,7,6,109,0.5382849266448623,1,1.0,0.16666666666666666
receive,10,5,6,6,0.2875810110289206,1,0.0,0.16666666666666666
receive,7,6,6,3,0.41859271713437035,1,0.0,0.16666666666666666
receive,7,1,6,3,0.4574908008772987,1,0.0,0.16666666666666666
receive,10,2,6,104,0.5570243691725564,1,1.0,0.16666666666666666
receive,1,1,6,159,0.532114560130145,1,1.0,0.16666666666666666
receive,4,6,6,148,0.5475569200566405,1,1.0,0.16666666666666666
receive,4,13,6,148,0.3050077330765201,1,0.0,0.16666666666666666
receive,4,1,6,148,0.6665288295874305,1,1.0,0.16666666666666666
receive,4,2,6,140,0.43892807341248724,1,1.0,0.16666666666666666
receive,1,1,6,38,0.4790875229091158,1,0.0,0.16666666666666666
receive,11,13,6,38,0.20090191183919984,1,0.0,0.16666666666666666
receive,11,10,6,109,0.4672669363765662,1,1.0,0.16666666666666666
receive,4,13,6,140,0.23923944036960695,1,1.0,0.16666666666666666
receive,11,11,6,38,0.43313914462291964,1,1.0,0.16666666666666666
receive,11,10,6,38,0.4394044624182609,1,1.0,0.16666666666666666
receive,7,1,6,25,0.5133944362833284,1,1.0,0.16666666666666666
receive,10,10,6,95,0.25126394744399183,1,1.0,0.16666666666666666
receive,10,5,6,95,0.33191476758199306,1,0.0,0.16666666666666666
receive,10,13,6,95,0.2457600570575181,1,0.0,0.16666666666666666
receive,7,5,5,67,0.3930005149168356,1,1.0,0.2
receive,7,13,5,67,0.2556609594169569,1,0.0,0.2
receive,1,2,5,44,0.5298217083292027,1,1.0,0.2
receive,6,6,5,3,0.4209172435036831,1,0.0,0.2
receive,1,5,5,107,0.4065175034296871,1,0.0,0.2
receive,1,2,5,107,0.41087911724008136,1,0.0,0.2
receive,7,13,5,88,0.2241653881964954,1,0.0,0.2
receive,6,2,5,85,0.7388979671870322,1,1.0,0.2
receive,6,13,5,85,0.27529345854977905,1,1.0,0.2
receive,4,6,5,28,0.37205413550227673,1,1.0,0.2
receive,4,13,5,28,0.21991638061494895,1,1.0,0.2
receive,4,6,5,65,0.24800870882756404,1,1.0,0.2
receive,4,2,5,65,0.2398432510038691,1,0.0,0.2
receive,4,1,5,65,0.2572285372398394,1,0.0,0.2
receive,8,13,5,21,0.3719365336638979,1,0.0,0.2
receive,8,1,5,21,0.6067171063982455,1,0.0,0.2
receive,9,3,5,139,0.5559512128500604,1,1.0,0.2
receive,7,6,5,101,0.3837897379068279,1,1.0,0.2
receive,10,5,5,86,0.34131089007143756,1,1.0,0.2
receive,10,1,5,86,0.4484070398901093,1,1.0,0.2
receive,10,2,5,86,0.3658905701569672,1,0.0,0.2
receive,4,13,5,126,0.11835581844936935,1,0.0,0.2
receive,7,6,5,113,0.4085695310148151,1,0.0,0.2
receive,4,6,5,8,0.2963930121420645,1,0.0,0.2
receive,10,6,5,87,0.3644273280559805,1,0.0,0.2
receive,10,10,5,154,0.22007952652468193,1,0.0,0.2
receive,1,13,5,158,0.32867135250867774,1,0.0,0.2
receive,1,5,5,158,0.5435450421736425,1,1.0,0.2
receive,8,6,5,21,0.561856176011472,1,1.0,0.2
receive,10,1,5,103,0.23811145345992943,1,0.0,0.2
receive,10,2,5,103,0.24394902913364636,1,0.0,0.2
receive,10,5,5,103,0.265019307928067,1,0.0,0.2
receive,11,13,5,103,0.20393762595853876,1,0.0,0.2
receive,6,6,5,150,0.4718775856490368,1,0.0,0.2
receive,11,10,5,47,0.4945346856992686,1,1.0,0.2
receive,8,11,5,21,0.5210512128218053,1,1.0,0.2
receive,6,5,5,155,0.49504404748009667,1,1.0,0.2
receive,6,3,5,116,0.7551414722163512,1,1.0,0.2
receive,8,5,5,21,0.562892709657595,1,1.0,0.2
receive,4,1,5,161,0.4556488418127981,1,1.0,0.2
receive,10,10,5,83,0.29806084798585236,1,0.0,0.2
receive,10,13,5,83,0.32496824507515076,1,1.0,0.2
receive,10,2,5,83,0.3019101140780663,1,0.0,0.2
receive,1,11,5,79,0.16019810927424355,1,0.0,0.2
receive,12,13,5,68,0.3219415959351653,1,0.0,0.2
receive,1,10,5,143,0.29326022581018585,1,1.0,0.2
receive,12,10,5,68,0.5045569826301038,1,0.0,0.2
receive,9,14,5,11,0.266647022142497,1,0.0,0.2
receive,9,10,5,11,0.48698581175990235,1,1.0,0.2
receive,9,1,5,11,0.5807351919501288,1,1.0,0.2
receive,6,9,5,52,0.6518110558471605,1,1.0,0.2
receive,7,13,5,130,0.1575331533570391,1,0.0,0.2
receive,6,13,5,52,0.37977232512285053,1,0.0,0.2
receive,6,5,5,52,0.6491000826456724,1,1.0,0.2
receive,4,1,5,34,0.4229191252427261,1,1.0,0.2
receive,4,13,5,34,0.09276724867693617,1,0.0,0.2
receive,4,5,5,34,0.29030782543482053,1,0.0,0.2
receive,10,2,5,24,0.30432574707649696,1,1.0,0.2
receive,10,1,5,24,0.3256456210612314,1,1.0,0.2
receive,11,3,5,148,0.5847981264360413,1,0.0,0.2
receive,1,1,5,100,0.5253200170239588,1,0.0,0.2
receive,1,3,5,100,0.480919313647245,1,1.0,0.2
receive,1,13,5,100,0.16442217282082786,1,0.0,0.2
receive,1,6,5,100,0.45420109412943,1,0.0,0.2
receive,1,5,5,100,0.462941365806018,1,0.0,0.2
receive,7,6,5,123,0.38005781950919176,1,0.0,0.2
receive,10,1,5,119,0.5302354153392711,1,0.0,0.2
receive,10,3,5,119,0.5554321972981728,1,1.0,0.2
receive,10,10,5,119,0.4465902003642044,1,0.0,0.2
receive,1,1,4,43,0.6309068432775052,1,1.0,0.25
receive,1,6,4,43,0.5640461742577425,1,1.0,0.25
receive,7,1,4,72,0.5755094520180855,1,0.0,0.25
receive,1,6,4,54,0.48465686214569376,1,1.0,0.25
receive,1,2,4,54,0.5256775292960298,1,1.0,0.25
receive,7,5,4,23,0.43143847690824155,1,0.0,0.25
receive,7,6,4,23,0.45103259611316937,1,0.0,0.25
receive,11,2,4,44,0.5436276802299924,1,0.0,0.25
receive,11,1,4,44,0.6057416621751339,1,0.0,0.25
receive,4,6,4,14,0.4943222638667173,1,1.0,0.25
receive,4,1,4,14,0.6302855531340974,1,1.0,0.25
receive,10,6,4,65,0.26089639198468517,1,0.0,0.25
receive,1,3,4,65,0.24128457352485969,1,0.0,0.25
receive,1,6,4,137,0.6423878688631748,1,1.0,0.25
receive,7,6,4,72,0.4902178289315177,1,0.0,0.25
receive,7,1,4,129,0.528562333764608,1,0.0,0.25
receive,7,1,4,90,0.4850639639697457,1,1.0,0.25
receive,11,5,4,126,0.3507917664658747,1,0.0,0.25
receive,11,11,4,126,0.2670810748916089,1,1.0,0.25
receive,11,7,4,126,0.33528858296718733,1,0.0,0.25
receive,11,1,4,126,0.4065103358418224,1,1.0,0.25
receive,4,1,4,149,0.7435432836348271,1,1.0,0.25
receive,1,1,4,149,0.8231291319917338,1,1.0,0.25
receive,10,1,4,134,0.6902039488690713,1,1.0,0.25
receive,1,1,4,61,0.37498553322934225,1,1.0,0.25
receive,1,6,4,61,0.24724308207225573,1,0.0,0.25
receive,6,6,4,32,0.443058702623306,1,1.0,0.25
receive,11,6,4,8,0.44309677803267,1,1.0,0.25
receive,1,5,4,137,0.6316886843075445,1,1.0,0.25
receive,11,10,4,80,0.557057006560196,1,1.0,0.25
receive,11,13,4,80,0.535698165313698,1,0.0,0.25
receive,11,5,4,80,0.5463716304321212,1,1.0,0.25
receive,11,6,4,80,0.5397113380559231,1,0.0,0.25
receive,1,5,4,54,0.48899301322217337,1,1.0,0.25
receive,1,1,4,54,0.5245667875762997,1,1.0,0.25
receive,10,5,4,48,0.37358680403672556,1,0.0,0.25
receive,10,13,4,48,0.40556511024265884,1,0.0,0.25
receive,9,9,4,102,0.2579074740545872,1,0.0,0.25
receive,9,3,4,102,0.29537732094957586,1,0.0,0.25
receive,4,1,4,89,0.47029507386534924,1,0.0,0.25
receive,7,5,4,129,0.4464731773173166,1,0.0,0.25
receive,9,3,4,21,0.5566200913088405,1,1.0,0.25
receive,9,1,4,21,0.5907624775863101,1,1.0,0.25
receive,11,11,4,98,0.3736993265807453,1,1.0,0.25
receive,11,4,4,98,0.4543898938792079,1,0.0,0.25
receive,4,2,4,149,0.7037601251054069,1,1.0,0.25
receive,1,2,4,149,0.7937251367563235,1,1.0,0.25
receive,1,14,4,162,0.494125955585558,1,1.0,0.25
receive,1,2,4,162,0.633610430059236,1,1.0,0.25
receive,1,1,4,162,0.6402594489537033,1,1.0,0.25
receive,1,13,4,162,0.43578437544394943,1,0.0,0.25
receive,11,1,4,0,0.4659183467129233,1,1.0,0.25
receive,11,2,4,0,0.44570459103662985,1,0.0,0.25
receive,11,11,4,0,0.32596199931028974,1,1.0,0.25
receive,11,13,4,0,0.11445569299201508,1,0.0,0.25
receive,10,6,4,36,0.5152011136713273,1,1.0,0.25
receive,10,13,4,36,0.2913509497067102,1,1.0,0.25
receive,7,6,4,90,0.40579246636075816,1,0.0,0.25
receive,10,5,4,16,0.40204307489645974,1,0.0,0.25
receive,7,5,4,16,0.33178028117106034,1,0.0,0.25
receive,1,13,4,16,0.22422366602747523,1,0.0,0.25
receive,1,1,4,16,0.6152647686118311,1,0.0,0.25
receive,10,2,4,16,0.45527823015782215,1,1.0,0.25
receive,1,2,4,16,0.5667337590824496,1,1.0,0.25
receive,7,6,4,16,0.3330309017078593,1,0.0,0.25
receive,1,6,4,16,0.5005377511562875,1,1.0,0.25
receive,6,5,4,105,0.3334095617431117,1,0.0,0.25
receive,1,1,4,99,0.39313745940895845,1,1.0,0.25
receive,1,3,4,99,0.41001418736865053,1,0.0,0.25
receive,7,13,4,143,0.1861353279054859,1,0.0,0.25
receive,7,3,4,143,0.3468765126469159,1,1.0,0.25
receive,3,13,4,53,0.4257183580457884,1,1.0,0.25
receive,6,6,4,53,0.542853508270403,1,1.0,0.25
receive,6,5,4,53,0.5385257981220535,1,0.0,0.25
receive,3,3,4,53,0.49589721827519645,1,0.0,0.25
receive,12,13,4,121,0.15817807970388006,1,0.0,0.25
receive,7,10,4,12,0.6533355340583924,1,0.0,0.25
receive,7,3,4,12,0.7558490890698555,1,1.0,0.25
receive,4,6,4,12,0.6489354024584898,1,1.0,0.25
receive,1,10,4,34,0.3936161591872948,1,1.0,0.25
receive,1,1,4,34,0.5775455978614309,1,0.0,0.25
receive,1,2,4,34,0.4705842103223846,1,0.0,0.25
receive,7,13,4,12,0.5347412664930512,1,1.0,0.25
receive,1,6,4,34,0.41166866900169186,1,1.0,0.25
receive,4,13,4,12,0.4384005050296482,1,1.0,0.25
receive,7,5,4,12,0.7227138016716227,1,0.0,0.25
receive,11,13,4,24,0.06850309611015656,1,0.0,0.25
receive,7,1,4,112,0.6842730414220923,1,0.0,0.25
receive,11,5,4,73,0.4020357700693101,1,0.0,0.25
receive,11,10,4,73,0.3352276456057184,1,0.0,0.25
receive,10,5,4,100,0.4949155963650998,1,1.0,0.25
receive,10,6,4,100,0.4899039799925536,1,0.0,0.25
receive,11,8,4,63,0.47046332145163733,1,0.0,0.25
receive,11,6,4,63,0.49140827806249854,1,0.0,0.25
receive,11,10,4,63,0.4879077180273992,1,0.0,0.25
receive,11,4,4,63,0.5064368727064469,1,1.0,0.25
receive,1,6,4,63,0.40293245029904096,1,0.0,0.25
receive,1,2,4,63,0.45079355773067287,1,1.0,0.25
receive,1,1,4,123,0.26531167620715546,1,0.0,0.25
receive,10,10,4,123,0.15080809865582273,1,0.0,0.25
receive,7,6,4,117,0.2986087962923075,1,0.0,0.25
receive,6,3,4,105,0.34080125426771474,1,0.0,0.25
receive,12,5,3,72,0.3901976709881331,1,0.0,0.3333333333333333
receive,7,6,3,43,0.5868778654121657,1,1.0,0.3333333333333333
receive,10,13,3,97,0.34324477426883787,1,1.0,0.3333333333333333
receive,7,13,3,97,0.28673876299304146,1,0.0,0.3333333333333333
receive,1,5,3,135,0.6019589870398833,1,0.0,0.3333333333333333
receive,1,13,3,23,0.33854331774011365,1,0.0,0.3333333333333333
receive,11,1,3,158,0.4313444635848333,1,0.0,0.3333333333333333
receive,11,7,3,158,0.4040723217510563,1,0.0,0.3333333333333333
receive,6,6,3,158,0.4929098714204232,1,0.0,0.3333333333333333
receive,6,13,3,158,0.27112603621389003,1,1.0,0.3333333333333333
receive,6,5,3,158,0.49997255449858885,1,1.0,0.3333333333333333
receive,6,2,3,26,0.49777266470279075,1,1.0,0.3333333333333333
receive,4,6,3,133,0.4389880692556459,1,0.0,0.3333333333333333
receive,4,2,3,133,0.40900026974433584,1,0.0,0.3333333333333333
receive,6,2,3,14,0.5673853689636349,1,1.0,0.3333333333333333
receive,4,13,3,133,0.24972858545205626,1,0.0,0.3333333333333333
receive,7,2,3,59,0.6720144370318208,1,1.0,0.3333333333333333
receive,1,6,3,88,0.34800524656490056,1,1.0,0.3333333333333333
receive,1,13,3,88,0.24092562502958811,1,0.0,0.3333333333333333
receive,1,1,3,88,0.37421108023411337,1,0.0,0.3333333333333333
receive,4,1,3,7,0.3796180096637211,1,0.0,0.3333333333333333
receive,11,11,3,45,0.615786920670081,1,1.0,0.3333333333333333
receive,4,1,3,45,0.6543734100416331,1,1.0,0.3333333333333333
receive,8,10,3,78,0.3540147191465519,1,0.0,0.3333333333333333
receive,6,3,3,115,0.4020361521668228,1,1.0,0.3333333333333333
receive,7,2,3,97,0.5388904660383255,1,1.0,0.3333333333333333
receive,7,6,3,97,0.419543167399769,1,0.0,0.3333333333333333
receive,1,13,3,93,0.08212969750075005,1,0.0,0.3333333333333333
receive,11,11,3,149,0.5812997690016178,1,1.0,0.3333333333333333
receive,11,13,3,149,0.2809816653702448,1,0.0,0.3333333333333333
receive,1,2,3,80,0.3555436764206617,1,0.0,0.3333333333333333
receive,1,1,3,80,0.41232488798978695,1,0.0,0.3333333333333333
receive,10,6,3,61,0.4160057660433664,1,1.0,0.3333333333333333
receive,11,1,3,71,0.48081161196851174,1,0.0,0.3333333333333333
receive,7,13,3,71,0.21608671797809728,1,0.0,0.3333333333333333
receive,7,6,3,8,0.3486404828357584,1,0.0,0.3333333333333333
receive,7,5,3,106,0.4430492029823798,1,1.0,0.3333333333333333
receive,1,6,3,80,0.3151896580639757,1,0.0,0.3333333333333333
receive,7,6,3,87,0.40110437665041115,1,0.0,0.3333333333333333
receive,11,10,3,158,0.3543299280685026,1,1.0,0.3333333333333333
receive,1,1,3,110,0.5024616844071147,1,1.0,0.3333333333333333
receive,7,6,3,106,0.4461645224381703,1,0.0,0.3333333333333333
receive,7,13,3,106,0.2848621917270386,1,1.0,0.3333333333333333
receive,3,1,3,64,0.641099507778217,1,0.0,0.3333333333333333
receive,6,13,3,111,0.24934425111330136,1,0.0,0.3333333333333333
receive,8,12,3,156,0.39684965090551133,1,0.0,0.3333333333333333
receive,8,13,3,156,0.2154958425053335,1,0.0,0.3333333333333333
receive,7,6,3,48,0.3634091025933546,1,1.0,0.3333333333333333
receive,11,12,3,156,0.46162097044827877,1,1.0,0.3333333333333333
receive,11,10,3,156,0.4654490764146797,1,0.0,0.3333333333333333
receive,11,11,3,156,0.4750514508599242,1,1.0,0.3333333333333333
receive,8,5,3,156,0.4319442401121225,1,0.0,0.3333333333333333
receive,1,10,3,48,0.5186616060724429,1,1.0,0.3333333333333333
receive,4,1,3,103,0.17415781902779673,1,0.0,0.3333333333333333
receive,1,1,3,103,0.12549071200261755,1,0.0,0.3333333333333333
receive,3,5,3,136,0.3352635943998373,1,0.0,0.3333333333333333
receive,3,3,3,136,0.3397648838415486,1,1.0,0.3333333333333333
receive,11,13,3,40,0.07972477758817208,1,0.0,0.3333333333333333
receive,11,2,3,40,0.42611752359766975,1,1.0,0.3333333333333333
receive,11,1,3,40,0.5250029581839885,1,1.0,0.3333333333333333
receive,7,2,3,47,0.6252422537689841,1,1.0,0.3333333333333333
receive,6,11,3,144,0.38899777630862764,1,0.0,0.3333333333333333
receive,4,13,3,18,0.10317171617294739,1,0.0,0.3333333333333333
receive,4,13,3,1,0.21209288843368193,1,1.0,0.3333333333333333
receive,1,13,3,1,0.23935699640630026,1,0.0,0.3333333333333333
receive,9,9,3,125,0.36522876359487566,1,1.0,0.3333333333333333
receive,3,2,3,136,0.3335757771898762,1,0.0,0.3333333333333333
receive,11,1,3,149,0.7544736508061006,1,1.0,0.3333333333333333
receive,7,2,3,132,0.49884967658573637,1,0.0,0.3333333333333333
receive,7,13,3,149,0.24209091121098325,1,1.0,0.3333333333333333
receive,1,13,3,0,0.10211320940214201,1,0.0,0.3333333333333333
receive,1,5,3,0,0.3363490701857166,1,0.0,0.3333333333333333
receive,1,2,3,0,0.43367279716515145,1,1.0,0.3333333333333333
receive,1,5,3,83,0.3122271380347636,1,0.0,0.3333333333333333
receive,1,1,3,83,0.37089463795226374,1,1.0,0.3333333333333333
receive,1,8,3,83,0.31286790660406005,1,1.0,0.3333333333333333
receive,6,13,3,160,0.46248048986368784,1,1.0,0.3333333333333333
receive,6,5,3,124,0.39408658437030414,1,1.0,0.3333333333333333
receive,6,1,3,114,0.34192085929403854,1,1.0,0.3333333333333333
receive,6,11,3,114,0.1939667999482164,1,0.0,0.3333333333333333
receive,6,10,3,114,0.20301821393760147,1,0.0,0.3333333333333333
receive,12,10,3,114,0.22450337234595086,1,0.0,0.3333333333333333
receive,9,5,3,52,0.6402659693122543,1,0.0,0.3333333333333333
receive,7,10,3,52,0.6975705412585566,1,1.0,0.3333333333333333
receive,6,3,3,121,0.3688409644412443,1,1.0,0.3333333333333333
receive,6,5,3,121,0.29536582512203674,1,0.0,0.3333333333333333
receive,6,1,3,121,0.40178969700993844,1,0.0,0.3333333333333333
receive,6,6,3,153,0.35964293520589735,1,0.0,0.3333333333333333
receive,6,3,3,6,0.3373938954185844,1,0.0,0.3333333333333333
receive,6,13,3,6,0.1910612415344286,1,1.0,0.3333333333333333
receive,6,5,3,6,0.30538630943952355,1,0.0,0.3333333333333333
receive,1,13,3,12,0.4393311853138613,1,0.0,0.3333333333333333
receive,6,6,3,34,0.39983295529580226,1,0.0,0.3333333333333333
receive,1,5,3,12,0.6264519755976491,1,0.0,0.3333333333333333
receive,1,1,3,12,0.6876549186595907,1,1.0,0.3333333333333333
receive,1,13,3,24,0.1092215299744817,1,0.0,0.3333333333333333
receive,1,6,3,24,0.26214421742536836,1,1.0,0.3333333333333333
receive,1,1,3,24,0.34633068994194405,1,0.0,0.3333333333333333
receive,8,6,3,104,0.5679976811986781,1,1.0,0.3333333333333333
receive,8,2,3,104,0.5235467815073336,1,0.0,0.3333333333333333
receive,8,13,3,104,0.2873715981656668,1,1.0,0.3333333333333333
receive,7,13,3,148,0.3186624763498469,1,0.0,0.3333333333333333
receive,7,13,3,63,0.3069982708253513,1,0.0,0.3333333333333333
receive,3,3,3,105,0.4915283597859559,1,1.0,0.3333333333333333
receive,6,2,2,131,0.3581930935922767,1,0.0,0.5
receive,6,13,2,131,0.3753064281199714,1,0.0,0.5
receive,7,13,2,30,0.5890469970066756,1,0.0,0.5
receive,7,2,2,30,0.7056483971527667,1,1.0,0.5
receive,7,6,2,74,0.4327585822579723,1,0.0,0.5
receive,7,4,2,74,0.46600414651426314,1,0.0,0.5
receive,6,2,2,106,0.2363688729732842,1,0.0,0.5
receive,4,6,2,67,0.4004724626610581,1,0.0,0.5
receive,4,13,2,67,0.2710564526259496,1,0.0,0.5
receive,4,2,2,85,0.759977743978687,1,1.0,0.5
receive,4,1,2,85,0.7681186267334392,1,1.0,0.5
receive,11,6,2,17,0.46443069438443774,1,1.0,0.5
receive,11,13,2,17,0.3934117254920716,1,0.0,0.5
receive,6,12,2,139,0.2712436527088087,1,0.0,0.5
receive,8,12,2,139,0.3011453236812818,1,0.0,0.5
receive,6,6,2,139,0.42389454693734585,1,1.0,0.5
receive,9,10,2,78,0.3821046752957665,1,0.0,0.5
receive,8,13,2,139,0.22077224117249813,1,0.0,0.5
receive,7,10,2,94,0.2566128395834399,1,1.0,0.5
receive,7,1,2,94,0.39981773086453787,1,0.0,0.5
receive,6,13,2,157,0.3249706158077025,1,0.0,0.5
receive,10,13,2,39,0.1279595653202804,1,0.0,0.5
receive,7,5,2,39,0.23771704625226836,1,0.0,0.5
receive,7,1,2,39,0.2647070448687501,1,0.0,0.5
receive,10,2,2,39,0.20852962823309118,1,0.0,0.5
receive,6,1,2,157,0.5169294610443281,1,0.0,0.5
receive,9,3,2,78,0.4318898527372543,1,1.0,0.5
receive,7,6,2,126,0.14895835562828308,1,0.0,0.5
receive,7,2,2,126,0.16769997816361917,1,0.0,0.5
receive,11,1,2,93,0.42895842104988746,1,1.0,0.5
receive,11,3,2,93,0.34457955050819666,1,0.0,0.5
receive,11,10,2,155,0.49800281320710704,1,1.0,0.5
receive,1,1,2,32,0.6585150952853691,1,1.0,0.5
receive,11,11,2,155,0.5065048926685298,1,1.0,0.5
receive,1,10,2,32,0.44537542185626466,1,0.0,0.5
receive,4,13,2,20,0.13665131759507881,1,1.0,0.5
receive,1,13,2,20,0.14147545560790858,1,0.0,0.5
receive,1,5,2,20,0.35790026919338785,1,0.0,0.5
receive,4,5,2,20,0.3531882122090091,1,1.0,0.5
receive,12,6,2,21,0.53480303298511,1,1.0,0.5
receive,6,12,2,11,0.5211618840322056,1,0.0,0.5
receive,6,1,2,11,0.6181736731828134,1,1.0,0.5
receive,1,6,2,46,0.5413628016876972,1,1.0,0.5
receive,1,1,2,46,0.698063176726688,1,1.0,0.5
receive,4,1,2,151,0.4855623667820369,1,1.0,0.5
receive,4,5,2,151,0.44396873022912753,1,0.0,0.5
receive,1,6,2,40,0.2856327515773024,1,0.0,0.5
receive,1,5,2,40,0.2825481850496299,1,0.0,0.5
receive,4,2,2,47,0.5399165150751282,1,1.0,0.5
receive,4,13,2,47,0.30394459829947174,1,0.0,0.5
receive,12,13,2,21,0.37028898695794943,1,0.0,0.5
receive,1,2,2,18,0.18927510915456977,1,0.0,0.5
receive,1,13,2,18,0.11516053585310232,1,0.0,0.5
receive,1,2,2,29,0.3545383116296244,1,0.0,0.5
receive,1,6,2,29,0.33495376264487214,1,1.0,0.5
receive,7,6,2,98,0.4243689051913099,1,1.0,0.5
receive,7,2,2,98,0.46598623217018453,1,1.0,0.5
receive,11,1,2,162,0.5498066041582922,1,1.0,0.5
receive,11,13,2,162,0.30757021171449955,1,0.0,0.5
receive,4,6,2,13,0.39740255306675965,1,1.0,0.5
receive,4,1,2,13,0.4366779339764759,1,0.0,0.5
receive,1,5,2,36,0.5533392157403729,1,1.0,0.5
receive,7,13,2,36,0.40946244898023454,1,0.0,0.5
receive,7,6,2,36,0.6560682388310848,1,1.0,0.5
receive,1,2,2,36,0.5347399952329787,1,0.0,0.5
receive,7,1,2,31,0.6496508477583254,1,0.0,0.5
receive,7,13,2,31,0.2956209634417202,1,0.0,0.5
receive,7,6,2,58,0.34907637313896756,1,0.0,0.5
receive,4,6,2,58,0.5884478252889379,1,1.0,0.5
receive,7,5,2,58,0.33364445395764586,1,0.0,0.5
receive,4,2,2,58,0.5759287839559795,1,1.0,0.5
receive,11,1,2,83,0.24839785833019856,1,0.0,0.5
receive,11,2,2,83,0.2191255042884747,1,0.0,0.5
receive,7,13,2,164,0.12691044171286733,1,0.0,0.5
receive,7,12,2,164,0.1690433833177456,1,0.0,0.5
receive,7,3,2,160,0.5234071526557864,1,1.0,0.5
receive,7,8,2,141,0.4414130696966867,1,0.0,0.5
receive,7,1,2,141,0.5279571977096431,1,1.0,0.5
receive,8,12,2,82,0.5731831573268062,1,0.0,0.5
receive,6,1,2,146,0.5628563563896184,1,1.0,0.5
receive,4,6,2,79,0.19835827134780892,1,0.0,0.5
receive,4,10,2,79,0.1806426433064695,1,0.0,0.5
receive,6,13,2,146,0.41766858068114404,1,1.0,0.5
receive,7,10,2,160,0.4638018928508385,1,1.0,0.5
receive,8,5,2,82,0.5911859629954055,1,1.0,0.5
receive,6,6,2,106,0.2234458971595792,1,0.0,0.5
receive,11,10,2,53,0.5777041721384846,1,0.0,0.5
receive,11,8,2,53,0.5551239094630691,1,1.0,0.5
receive,8,5,2,50,0.5277971218956434,1,1.0,0.5
receive,9,5,2,50,0.5643593057474114,1,0.0,0.5
receive,8,1,2,50,0.5448166572933015,1,1.0,0.5
receive,9,1,2,50,0.5949370980828949,1,0.0,0.5
receive,4,5,2,121,0.29427291948418605,1,0.0,0.5
receive,4,1,2,121,0.3920092036017622,1,0.0,0.5
receive,9,5,2,156,0.4296695136741633,1,1.0,0.5
receive,9,12,2,156,0.41359233660984995,1,1.0,0.5
receive,6,1,2,12,0.7190688576402178,1,1.0,0.5
receive,12,12,2,127,0.20571402194900104,1,0.0,0.5
receive,12,5,2,127,0.2059285397295719,1,0.0,0.5
receive,11,6,2,34,0.4316695259832186,1,0.0,0.5
receive,11,1,2,34,0.5576425015009441,1,1.0,0.5
receive,6,13,2,12,0.473417218603532,1,1.0,0.5
receive,4,2,2,104,0.38525307262593045,1,0.0,0.5
receive,4,6,2,104,0.4065761418061594,1,1.0,0.5
receive,7,1,2,38,0.6169615454956119,1,1.0,0.5
receive,7,13,2,140,0.26901757139500815,1,0.0,0.5
receive,7,5,2,140,0.42222224700821787,1,1.0,0.5
receive,7,13,2,38,0.22418628414124242,1,1.0,0.5
receive,6,13,2,73,0.19240391106827986,1,0.0,0.5
receive,6,1,2,73,0.5393161166909057,1,0.0,0.5
receive,10,13,2,109,0.20329645963344883,1,0.0,0.5
receive,10,5,2,109,0.6217478558739584,1,1.0,0.5
receive,8,8,2,63,0.28678654722934016,1,0.0,0.5
receive,8,2,2,63,0.346630610592226,1,0.0,0.5
receive,1,1,2,10,0.43308309301099596,1,0.0,0.5
receive,1,9,2,10,0.369789313732498,1,0.0,0.5
receive,7,1,2,95,0.5307917505526379,1,1.0,0.5
receive,7,12,2,95,0.3577098916419248,1,1.0,0.5
receive,6,13,2,119,0.3914017125993806,1,1.0,0.5
receive,1,13,2,152,0.12424901879166085,1,0.0,0.5
receive,1,9,2,152,0.33144312770135,1,0.0,0.5
receive,6,10,2,119,0.4970612354040529,1,0.0,0.5
receive,6,13,1,43,0.29416738751448224,1,0.0,1.0
receive,11,2,1,131,0.4282440228296426,1,1.0,1.0
receive,7,6,1,131,0.4185008513848528,1,0.0,1.0
receive,1,2,1,131,0.34392180288648216,1,0.0,1.0
receive,4,13,1,30,0.5943744989203996,1,1.0,1.0
receive,0,10,1,30,0.7907367616626028,1,0.0,1.0
receive,1,1,1,30,0.6784340216959837,1,1.0,1.0
receive,6,2,1,90,0.3315009998010501,1,1.0,1.0
receive,1,13,1,22,0.4204899221642715,1,1.0,1.0
receive,3,6,1,74,0.41890719290332423,1,0.0,1.0
receive,12,13,1,96,0.24669970482650982,1,0.0,1.0
receive,3,13,1,54,0.33050265888468,1,0.0,1.0
receive,6,5,1,23,0.48172106020298056,1,1.0,1.0
receive,1,6,1,67,0.4076580769260761,1,1.0,1.0
receive,7,2,1,158,0.4396507810443633,1,0.0,1.0
receive,4,6,1,26,0.493716861601534,1,1.0,1.0
receive,1,2,1,26,0.6577433267903735,1,0.0,1.0
receive,11,2,1,59,0.5258687855831172,1,0.0,1.0
receive,10,13,1,88,0.2959006308186978,1,0.0,1.0
receive,1,2,1,85,0.7510683986351566,1,1.0,1.0
receive,11,5,1,85,0.5639428137354432,1,1.0,1.0
receive,7,2,1,17,0.6254056903566424,1,1.0,1.0
receive,1,2,1,17,0.4463686812878407,1,0.0,1.0
receive,11,7,1,28,0.2670095302941677,1,0.0,1.0
receive,1,13,1,28,0.2877458481640897,1,0.0,1.0
receive,6,5,1,65,0.31531607425353414,1,0.0,1.0
receive,7,13,1,65,0.3384835628674732,1,1.0,1.0
receive,11,13,1,50,0.45394241175833683,1,1.0,1.0
receive,7,2,1,7,0.5047957210304583,1,1.0,1.0
receive,6,14,1,7,0.1231355021418972,1,0.0,1.0
receive,11,11,1,7,0.5392167773745725,1,1.0,1.0
receive,6,13,1,45,0.363531936800802,1,1.0,1.0
receive,7,2,1,45,0.5978436663092216,1,1.0,1.0
receive,3,3,1,21,0.5705822854985605,1,1.0,1.0
receive,11,5,1,139,0.45463225248774863,1,1.0,1.0
receive,3,5,1,57,0.5463471556183147,1,1.0,1.0
receive,1,6,1,51,0.5844131335996404,1,1.0,1.0
receive,6,1,1,94,0.5223305866122581,1,1.0,1.0
receive,6,12,1,78,0.4554780615436204,1,1.0,1.0
receive,11,3,1,78,0.5038467199633975,1,1.0,1.0
receive,6,12,1,56,0.4209933343364822,1,1.0,1.0
receive,1,13,1,39,0.30130196805791704,1,0.0,1.0
receive,6,13,1,129,0.26919746493661717,1,1.0,1.0
receive,8,13,1,115,0.25992717073238253,1,1.0,1.0
receive,6,5,1,92,0.3308517652013265,1,1.0,1.0
receive,3,1,1,129,0.4417793601043779,1,0.0,1.0
receive,4,13,1,118,0.32453595134127655,1,0.0,1.0
receive,6,6,1,126,0.3682083767058984,1,1.0,1.0
receive,7,13,1,134,0.10715468231994588,1,0.0,1.0
receive,1,13,1,134,0.12466205861582103,1,0.0,1.0
receive,11,13,1,134,0.07988692227495858,1,0.0,1.0
receive,10,2,1,91,0.31653881980646376,1,0.0,1.0
receive,6,6,1,80,0.3884942575751513,1,0.0,1.0
receive,7,6,1,61,0.4084987541003961,1,0.0,1.0
receive,11,13,1,61,0.16916919154710156,1,0.0,1.0
receive,3,2,1,20,0.34492793769410274,1,0.0,1.0
receive,7,5,1,20,0.3863309359631533,1,0.0,1.0
receive,7,6,1,13,0.5267753443094292,1,1.0,1.0
receive,7,6,1,80,0.3352632978305066,1,0.0,1.0
receive,1,1,1,87,0.44659571841436513,1,1.0,1.0
receive,7,6,1,154,0.23662978002051882,1,1.0,1.0
receive,6,1,1,110,0.4336781095880515,1,0.0,1.0
receive,4,5,1,57,0.5808977815492512,1,1.0,1.0
receive,7,2,1,11,0.48906084345854683,1,1.0,1.0
receive,7,1,1,163,0.45560212261122174,1,0.0,1.0
receive,1,3,1,163,0.5027791555373242,1,0.0,1.0
receive,4,1,1,163,0.4650124585716919,1,1.0,1.0
receive,1,6,1,151,0.5307992185793283,1,1.0,1.0
receive,11,12,1,102,0.25295451923579315,1,0.0,1.0
receive,1,13,1,89,0.002119481568057613,1,0.0,1.0
receive,6,1,1,108,0.14463718074066814,1,0.0,1.0
receive,7,13,1,108,0.001963055571998665,1,0.0,1.0
receive,8,12,1,155,0.4841220785549424,1,0.0,1.0
receive,6,1,1,37,0.5131224245962953,1,1.0,1.0
receive,1,1,1,2,0.43631320095563086,1,0.0,1.0
receive,7,10,1,116,0.526185121866646,1,1.0,1.0
receive,10,9,1,165,0.5770361677491578,1,0.0,1.0
receive,4,2,1,29,0.46689449650392173,1,1.0,1.0
receive,1,5,1,31,0.49814537804485887,1,1.0,1.0
receive,6,2,1,31,0.5708854015524555,1,1.0,1.0
receive,11,11,1,58,0.14898459422222873,1,0.0,1.0
receive,7,1,1,83,0.5630112941082538,1,1.0,1.0
receive,4,8,1,83,0.18364982468140462,1,0.0,1.0
receive,10,12,1,164,0.25184334386626944,1,0.0,1.0
receive,6,5,1,164,0.36431856926059064,1,1.0,1.0
receive,1,5,1,145,0.37257974045621683,1,0.0,1.0
receive,7,13,1,75,0.5997395765017047,1,1.0,1.0
receive,4,10,1,141,0.43043528016848925,1,0.0,1.0
receive,1,1,1,141,0.5188667532298208,1,1.0,1.0
receive,11,10,1,82,0.5933229661169025,1,0.0,1.0
receive,7,10,1,105,0.31158776635498103,1,0.0,1.0
receive,11,10,1,114,0.25381275766669337,1,0.0,1.0
receive,9,13,1,82,0.34485867651704416,1,0.0,1.0
receive,6,1,1,79,0.24588901011173106,1,0.0,1.0
receive,4,9,1,82,0.5725443872962449,1,1.0,1.0
receive,7,3,1,146,0.595575218582508,1,1.0,1.0
receive,3,6,1,146,0.4546247210371054,1,1.0,1.0
receive,7,3,1,96,0.43883620124303485,1,1.0,1.0
receive,9,1,1,37,0.5306109969720602,1,0.0,1.0
receive,11,12,1,68,0.5501249857647755,1,0.0,1.0
receive,1,2,1,4,0.2553100043878232,1,0.0,1.0
receive,11,14,1,4,0.12489640658404347,1,1.0,1.0
receive,12,9,1,53,0.5881794056495794,1,1.0,1.0
receive,11,1,1,130,0.2791212977592643,1,0.0,1.0
receive,4,3,1,130,0.44570587668461287,1,1.0,1.0
receive,1,5,1,52,0.593745143698462,1,0.0,1.0
receive,6,12,1,156,0.4400205997779695,1,1.0,1.0
receive,7,13,1,37,0.22714633310789284,1,0.0,1.0
receive,3,3,1,37,0.4993702107765459,1,0.0,1.0
receive,6,13,1,15,0.4243497198107081,1,1.0,1.0
receive,1,6,1,41,0.6186878218390366,1,0.0,1.0
receive,7,3,1,6,0.3202677380527846,1,0.0,1.0
receive,11,1,1,42,0.23000373877386063,1,0.0,1.0
receive,6,13,1,42,0.17395123362885762,1,0.0,1.0
receive,10,6,1,9,0.6033006993973163,1,1.0,1.0
receive,1,3,1,6,0.3337690568978042,1,0.0,1.0
receive,8,13,1,5,0.30954387682169704,1,0.0,1.0
receive,11,1,1,12,0.5053966096732833,1,0.0,1.0
receive,7,5,1,34,0.0023169789087601326,1,0.0,1.0
receive,4,2,1,24,0.38233856179303605,1,0.0,1.0
receive,11,1,1,159,0.5810360871706629,1,1.0,1.0
receive,11,10,1,100,0.37168349378678367,1,0.0,1.0
receive,4,5,1,81,0.4015461852832461,1,1.0,1.0
receive,11,10,1,81,0.4822099232821446,1,0.0,1.0
receive,6,13,1,76,0.3349364669144838,1,0.0,1.0
receive,7,5,1,73,0.4870654802480633,1,1.0,1.0
receive,10,13,1,63,0.4468575040434031,1,1.0,1.0
receive,4,6,1,147,0.2679795763824959,1,0.0,1.0
receive,8,2,1,147,0.2788575765998405,1,0.0,1.0
receive,1,13,1,147,0.15642830639370128,1,0.0,1.0
receive,10,13,1,147,0.0031705593212585227,1,0.0,1.0
receive,8,1,1,132,0.5565023748871543,1,0.0,1.0
receive,6,5,1,123,0.3977887031337214,1,1.0,1.0
receive,11,1,1,123,0.2956489348507179,1,0.0,1.0
receive,10,13,1,10,0.40991370640108893,1,1.0,1.0
receive,4,6,1,117,0.35189152652620326,1,0.0,1.0
receive,12,5,1,95,0.3201569610791665,1,1.0,1.0
receive,1,10,1,119,0.27003971958306494,1,0.0,1.0
