phase,A1_actionId,C_actionId,n_context,A1_playerId,A1_spinId,C_spinId,EV,count,train_winrate,usage_rate
receive,1,2,3,0,1,1,0.44463751484754854,1,1.0,0.3333333333333333
receive,1,5,3,0,1,1,0.4312709939049715,1,0.0,0.3333333333333333
receive,1,13,3,0,1,3,0.3020293996878935,1,0.0,0.3333333333333333
receive,4,6,3,0,4,0,0.009436728696092802,1,0.0,0.3333333333333333
receive,4,6,3,0,4,3,0.4603938518488317,2,0.0,0.6666666666666666
receive,7,5,7,0,1,0,0.011989890107530711,1,0.0,0.14285714285714285
receive,7,6,7,0,1,3,0.45504084418229407,4,0.5,0.5714285714285714
receive,7,13,7,0,1,3,0.3096644074828478,2,0.0,0.2857142857142857
receive,11,1,3,0,2,1,0.46707387797025585,1,1.0,0.3333333333333333
receive,11,2,3,0,2,1,0.4273731384029466,1,0.0,0.3333333333333333
receive,11,11,3,0,2,2,0.4031086853445152,1,1.0,0.3333333333333333
receive,11,13,1,0,3,3,0.21113110729773416,1,0.0,1.0
receive,1,2,3,1,1,1,0.43441986243402164,2,1.0,0.6666666666666666
receive,1,13,3,1,1,3,0.2935273730701194,1,0.0,0.3333333333333333
receive,4,2,3,1,1,1,0.41861352340304886,2,0.5,0.6666666666666666
receive,4,13,3,1,1,3,0.26559329384971714,1,1.0,0.3333333333333333
receive,10,1,6,1,2,1,0.4713340368779149,1,0.0,0.16666666666666666
receive,10,2,6,1,2,1,0.42831563235275244,1,0.0,0.16666666666666666
receive,10,10,6,1,2,2,0.3886613123069995,1,0.0,0.16666666666666666
receive,10,13,6,1,2,3,0.31787603122416075,3,0.3333333333333333,0.5
receive,1,1,1,2,1,1,0.47323394041261446,1,0.0,1.0
receive,6,5,10,2,3,1,0.42140821623634156,3,0.6666666666666666,0.3
receive,6,6,10,2,3,3,0.4503600545365171,2,0.0,0.2
receive,6,13,10,2,3,3,0.24761827214587706,5,0.0,0.5
receive,10,10,5,2,2,2,0.3927505110264697,5,0.8,1.0
receive,10,10,2,2,5,2,0.4149844121668127,2,1.0,1.0
receive,1,1,9,3,1,1,0.44831318338698295,3,1.0,0.3333333333333333
receive,1,5,9,3,1,1,0.3927155779109346,3,0.0,0.3333333333333333
receive,1,6,9,3,1,3,0.4117309580845426,2,0.5,0.2222222222222222
receive,1,13,9,3,1,3,0.2674914027891657,1,0.0,0.1111111111111111
receive,4,13,4,3,1,3,0.23842761893413655,4,0.25,1.0
receive,6,1,5,3,3,1,0.45091444582160733,2,0.5,0.4
receive,6,6,5,3,3,3,0.42081114672322595,1,0.0,0.2
receive,6,13,5,3,3,3,0.24100888821737318,2,0.5,0.4
receive,7,1,3,3,1,1,0.4420197794296723,1,0.0,0.3333333333333333
receive,7,6,3,3,1,3,0.3985754548867502,1,0.0,0.3333333333333333
receive,7,13,3,3,1,3,0.2485754232498619,1,1.0,0.3333333333333333
receive,7,2,3,3,3,1,0.4239732471183391,1,1.0,0.3333333333333333
receive,7,13,3,3,3,3,0.25552665275672076,2,0.5,0.6666666666666666
receive,10,1,56,3,2,1,0.44631191468043296,21,0.38095238095238093,0.375
receive,10,2,56,3,2,1,0.4036993050185859,1,0.0,0.017857142857142856
receive,10,5,56,3,2,1,0.39324950508870654,5,0.2,0.08928571428571429
receive,10,6,56,3,2,3,0.4057122873817272,8,0.625,0.14285714285714285
receive,10,7,56,3,2,3,0.3693228726501144,2,0.0,0.03571428571428571
receive,10,10,56,3,2,2,0.36065905675957216,9,0.3333333333333333,0.16071428571428573
receive,10,13,56,3,2,3,0.2940121401553878,10,0.2,0.17857142857142858
receive,11,1,22,3,2,1,0.46824237065834473,12,0.16666666666666666,0.5454545454545454
receive,11,6,22,3,2,3,0.4404747945408791,1,0.0,0.045454545454545456
receive,11,7,22,3,2,1,0.38008955722870447,2,0.5,0.09090909090909091
receive,11,10,22,3,2,2,0.37054792799914,5,0.6,0.22727272727272727
receive,11,13,22,3,2,3,0.3143895833715316,2,0.0,0.09090909090909091
receive,11,1,5,3,3,1,0.45422701001680366,1,1.0,0.2
receive,11,6,5,3,3,3,0.4343722891317102,1,1.0,0.2
receive,11,10,5,3,3,3,0.330900243651302,2,0.5,0.4
receive,11,13,5,3,3,3,0.24985771216623273,1,0.0,0.2
receive,1,2,1,4,1,1,0.4140671057114056,1,0.0,1.0
receive,10,1,16,4,2,0,0.0079552422002653,1,0.0,0.0625
receive,10,1,16,4,2,1,0.39056331502479974,5,0.2,0.3125
receive,10,10,16,4,2,2,0.3238568341434955,3,0.3333333333333333,0.1875
receive,10,10,16,4,2,3,0.31783313179146183,2,0.5,0.125
receive,10,13,16,4,2,3,0.22305125150693908,5,0.2,0.3125
receive,10,14,1,4,3,3,0.13547762941205307,1,0.0,1.0
receive,11,14,1,4,3,3,0.12715235865393618,1,1.0,1.0
receive,1,9,2,5,1,2,0.34670988450784973,2,0.0,1.0
receive,8,13,1,5,2,3,0.25256187980967504,1,0.0,1.0
receive,9,9,7,5,2,2,0.3891526378772701,5,0.2,0.7142857142857143
receive,9,10,7,5,2,3,0.3649812428097201,1,1.0,0.14285714285714285
receive,9,13,7,5,2,3,0.2861359079188163,1,1.0,0.14285714285714285
receive,10,1,5,5,2,1,0.426043676200938,1,0.0,0.2
receive,10,5,5,5,2,1,0.3634463373741853,1,1.0,0.2
receive,10,9,5,5,2,2,0.35965413835722637,2,0.0,0.4
receive,10,13,5,5,2,3,0.24544771940428065,1,0.0,0.2
receive,10,9,2,5,3,2,0.36457965881223214,2,0.5,1.0
receive,1,3,1,6,4,3,0.48542164211364064,1,0.0,1.0
receive,4,6,8,6,1,3,0.42000773601863184,1,0.0,0.125
receive,4,12,8,6,1,2,0.3620034415597624,1,0.0,0.125
receive,4,13,8,6,1,3,0.2682611959829631,6,0.3333333333333333,0.75
receive,4,5,1,6,4,1,0.43434085101124087,1,1.0,1.0
receive,6,3,3,6,3,3,0.4784991334572439,1,0.0,0.3333333333333333
receive,6,5,3,6,3,1,0.42888930072140335,1,0.0,0.3333333333333333
receive,6,13,3,6,3,3,0.2725283077834769,1,1.0,0.3333333333333333
receive,7,3,1,6,3,3,0.45935289730181333,1,0.0,1.0
receive,10,3,6,6,2,3,0.4648317513693541,3,0.3333333333333333,0.5
receive,10,5,6,6,2,1,0.4183232025417858,1,0.0,0.16666666666666666
receive,10,13,6,6,2,3,0.3101932566286934,2,0.0,0.3333333333333333
receive,1,13,2,7,1,3,0.3016938886106175,2,0.0,1.0
receive,4,1,3,7,1,1,0.48036579167253485,1,0.0,0.3333333333333333
receive,4,2,3,7,1,1,0.44877432481613116,2,0.5,0.6666666666666666
receive,6,14,1,7,3,1,0.19583485192536337,1,0.0,1.0
receive,7,2,1,7,1,1,0.541533804332107,1,1.0,1.0
receive,10,1,11,7,2,0,0.012298792293628314,1,0.0,0.09090909090909091
receive,10,1,11,7,2,1,0.4805770748861406,1,0.0,0.09090909090909091
receive,10,2,11,7,2,1,0.4413890673347936,4,0.5,0.36363636363636365
receive,10,9,11,7,2,3,0.4278378965569343,1,0.0,0.09090909090909091
receive,10,13,11,7,2,0,0.011710530435266077,1,0.0,0.09090909090909091
receive,10,13,11,7,2,3,0.32040571296910086,3,0.3333333333333333,0.2727272727272727
receive,10,14,1,7,3,1,0.22009731138388974,1,0.0,1.0
receive,11,11,1,7,2,2,0.40541891607760616,1,1.0,1.0
receive,1,1,12,8,1,1,0.4859820536717893,1,0.0,0.08333333333333333
receive,1,2,12,8,1,1,0.44197170045767525,1,0.0,0.08333333333333333
receive,1,5,12,8,1,1,0.4292174077891789,2,0.5,0.16666666666666666
receive,1,6,12,8,1,3,0.4487060599459712,3,0.0,0.25
receive,1,13,12,8,1,3,0.3034370359785021,5,0.4,0.4166666666666667
receive,4,6,5,8,1,3,0.42169566295325583,1,0.0,0.2
receive,4,13,5,8,1,3,0.2693244645013791,4,0.25,0.8
receive,6,13,2,8,3,3,0.2687263613963064,2,0.5,1.0
receive,7,6,3,8,1,3,0.43880518960226095,1,0.0,0.3333333333333333
receive,7,13,3,8,1,3,0.28276599192950397,2,0.0,0.6666666666666666
receive,10,1,24,8,2,1,0.4792949914768152,2,0.5,0.08333333333333333
receive,10,2,24,8,2,1,0.43603165929461357,1,0.0,0.041666666666666664
receive,10,6,24,8,2,3,0.4372111647295167,3,0.0,0.125
receive,10,12,24,8,2,2,0.4094699478805998,1,0.0,0.041666666666666664
receive,10,13,24,8,2,3,0.318525602873645,17,0.35294117647058826,0.7083333333333334
receive,10,13,5,8,3,0,0.01150573479292239,1,0.0,0.2
receive,10,13,5,8,3,3,0.21012039759254791,4,0.25,0.8
receive,10,6,3,8,5,3,0.4203520281724468,1,0.0,0.3333333333333333
receive,10,13,3,8,5,3,0.3413070880027518,2,1.0,0.6666666666666666
receive,11,10,2,8,2,2,0.40508950387319365,1,1.0,0.5
receive,11,10,2,8,2,3,0.3886534580829861,1,1.0,0.5
receive,11,6,2,8,3,3,0.46395019320429065,1,1.0,0.5
receive,11,10,2,8,3,2,0.3728024976746942,1,0.0,0.5
receive,10,6,1,9,5,3,0.4154051015843453,1,1.0,1.0
receive,1,1,2,10,1,1,0.5155639239263239,1,0.0,0.5
receive,1,9,2,10,1,2,0.4405061524522225,1,0.0,0.5
receive,9,1,6,10,2,1,0.5001698089497394,2,1.0,0.3333333333333333
receive,9,2,6,10,2,1,0.4591669117901143,1,1.0,0.16666666666666666
receive,9,5,6,10,2,1,0.4408864369792978,1,0.0,0.16666666666666666
receive,9,13,6,10,2,3,0.32016613101132047,2,0.5,0.3333333333333333
receive,9,5,13,10,3,1,0.43763815667038247,4,0.5,0.3076923076923077
receive,9,9,13,10,3,2,0.4288499654183324,1,1.0,0.07692307692307693
receive,9,9,13,10,3,3,0.42793190952515897,1,1.0,0.07692307692307693
receive,9,13,13,10,3,3,0.2663774869802328,7,0.14285714285714285,0.5384615384615384
receive,10,13,1,10,2,3,0.33885637041351546,1,1.0,1.0
receive,11,9,1,10,2,3,0.4115332056261461,1,0.0,1.0
receive,11,1,3,10,3,1,0.4959424178128434,2,0.5,0.6666666666666666
receive,11,9,3,10,3,3,0.3911986866878722,1,0.0,0.3333333333333333
receive,1,1,8,11,1,1,0.5655936697769064,1,1.0,0.125
receive,1,2,8,11,1,1,0.5308766360567633,1,0.0,0.125
receive,1,3,8,11,1,3,0.5991143863694653,1,1.0,0.125
receive,1,12,8,11,1,2,0.4507478236931592,2,0.0,0.25
receive,1,13,8,11,1,3,0.3324548470005785,2,0.0,0.25
receive,1,14,8,11,1,3,0.3144643271258884,1,0.0,0.125
receive,6,12,1,11,2,2,0.4709989458378789,1,0.0,1.0
receive,6,1,1,11,3,1,0.6342561525099426,1,1.0,1.0
receive,7,2,1,11,3,1,0.514060237411224,1,1.0,1.0
receive,8,1,10,11,3,1,0.5829158734931129,2,0.5,0.2
receive,8,2,10,11,3,1,0.5397678685738885,2,0.0,0.2
receive,8,5,10,11,3,1,0.5256083243960901,1,0.0,0.1
receive,8,10,10,11,3,2,0.45774347084909656,1,0.0,0.1
receive,8,12,10,11,3,2,0.4763860090809183,1,1.0,0.1
receive,8,13,10,11,3,3,0.36212523455987694,2,0.5,0.2
receive,8,14,10,11,3,3,0.3043437063808768,1,0.0,0.1
receive,9,1,3,11,2,1,0.5803814225652949,1,1.0,0.3333333333333333
receive,9,12,3,11,2,2,0.5085259334273728,2,0.5,0.6666666666666666
receive,9,10,2,11,3,3,0.45482088745758453,1,1.0,0.5
receive,9,14,2,11,3,1,0.21571449748876878,1,0.0,0.5
receive,10,1,17,11,2,1,0.5599093561998293,1,0.0,0.058823529411764705
receive,10,5,17,11,2,1,0.5010323156022851,1,0.0,0.058823529411764705
receive,10,12,17,11,2,2,0.48873953035151013,3,0.3333333333333333,0.17647058823529413
receive,10,12,17,11,2,3,0.48428083868753335,1,0.0,0.058823529411764705
receive,10,12,17,11,2,5,0.5296716789043213,1,1.0,0.058823529411764705
receive,10,13,17,11,2,3,0.3827542591786068,8,0.125,0.47058823529411764
receive,10,14,17,11,2,1,0.31911208518595663,1,0.0,0.058823529411764705
receive,10,14,17,11,2,3,0.3334144225622796,1,1.0,0.058823529411764705
receive,10,2,10,11,3,1,0.502698768020608,2,0.5,0.2
receive,10,8,10,11,3,3,0.3772081996475954,1,1.0,0.1
receive,10,12,10,11,3,2,0.44760075318501197,2,0.0,0.2
receive,10,12,10,11,3,3,0.4444480611708431,2,1.0,0.2
receive,10,13,10,11,3,3,0.2818570163977979,2,1.0,0.2
receive,10,14,10,11,3,3,0.23410808893859078,1,0.0,0.1
receive,10,3,1,11,5,3,0.5060995650365588,1,1.0,1.0
receive,11,1,2,11,3,1,0.5787701466823731,2,1.0,1.0
receive,12,1,35,11,2,1,0.5183187626113481,1,1.0,0.02857142857142857
receive,12,2,35,11,2,1,0.474453780277245,1,1.0,0.02857142857142857
receive,12,5,35,11,2,1,0.4517856168372315,2,0.5,0.05714285714285714
receive,12,8,35,11,2,3,0.3886335545321899,1,1.0,0.02857142857142857
receive,12,10,35,11,2,3,0.45137198928303063,1,1.0,0.02857142857142857
receive,12,12,35,11,2,2,0.46139478118396765,20,0.35,0.5714285714285714
receive,12,12,35,11,2,3,0.45558640515373666,1,1.0,0.02857142857142857
receive,12,12,35,11,2,5,0.4490820045926068,1,1.0,0.02857142857142857
receive,12,13,35,11,2,3,0.34813618568140015,7,0.42857142857142855,0.2
receive,12,1,21,11,3,1,0.527686215293155,3,0.6666666666666666,0.14285714285714285
receive,12,2,21,11,3,1,0.48316925103616154,4,0.25,0.19047619047619047
receive,12,12,21,11,3,2,0.44704273373505726,1,1.0,0.047619047619047616
receive,12,12,21,11,3,3,0.4420919219531396,1,0.0,0.047619047619047616
receive,12,13,21,11,3,3,0.2910470699863192,9,0.4444444444444444,0.42857142857142855
receive,12,14,21,11,3,1,0.21365347148648473,1,0.0,0.047619047619047616
receive,12,14,21,11,3,3,0.24317525523115885,2,0.0,0.09523809523809523
receive,1,1,3,12,1,1,0.6051187846513356,1,1.0,0.3333333333333333
receive,1,5,3,12,1,1,0.5463879492499891,1,0.0,0.3333333333333333
receive,1,13,3,12,1,3,0.41030643260980226,1,0.0,0.3333333333333333
receive,4,5,4,12,1,1,0.5162023571136761,2,0.5,0.5
receive,4,6,4,12,1,3,0.5236842358482329,1,1.0,0.25
receive,4,13,4,12,1,3,0.3574709706206406,1,1.0,0.25
receive,6,1,1,12,2,1,0.5870685801712899,1,1.0,1.0
receive,6,13,1,12,3,3,0.3747637957187996,1,1.0,1.0
receive,7,3,4,12,3,3,0.6736983755569446,1,1.0,0.25
receive,7,5,4,12,3,1,0.5862373189829061,1,0.0,0.25
receive,7,10,4,12,3,2,0.5180606085864056,1,0.0,0.25
receive,7,13,4,12,3,3,0.42287191250702316,1,1.0,0.25
receive,10,1,13,12,2,1,0.5901454866862113,5,0.4,0.38461538461538464
receive,10,5,13,12,2,1,0.53014960169121,2,1.0,0.15384615384615385
receive,10,6,13,12,2,3,0.5482558155196033,1,1.0,0.07692307692307693
receive,10,13,13,12,2,3,0.4026876823622851,5,0.4,0.38461538461538464
receive,10,5,2,12,5,1,0.5166806426803116,1,0.0,0.5
receive,10,13,2,12,5,3,0.42123566490971676,1,0.0,0.5
receive,11,1,1,12,2,1,0.6030973987147165,1,0.0,1.0
receive,1,1,6,13,1,1,0.4795383335177961,2,0.5,0.3333333333333333
receive,1,2,6,13,1,1,0.4444560580702655,1,0.0,0.16666666666666666
receive,1,5,6,13,1,1,0.4181668766799836,1,0.0,0.16666666666666666
receive,1,13,6,13,1,3,0.27230947541148237,2,0.5,0.3333333333333333
receive,4,1,2,13,1,1,0.46431318907452546,1,0.0,0.5
receive,4,6,2,13,1,3,0.40993582662869243,1,1.0,0.5
receive,7,6,1,13,1,3,0.4601630391190804,1,1.0,1.0
receive,10,1,18,13,2,1,0.46179590868179043,2,0.5,0.1111111111111111
receive,10,2,18,13,2,1,0.4202900764038123,6,0.3333333333333333,0.3333333333333333
receive,10,6,18,13,2,3,0.41739050319931786,3,0.0,0.16666666666666666
receive,10,13,18,13,2,3,0.2900713357474537,7,0.2857142857142857,0.3888888888888889
receive,11,1,18,13,2,1,0.4820376403445646,8,0.625,0.4444444444444444
receive,11,2,18,13,2,1,0.4417755266107275,1,0.0,0.05555555555555555
receive,11,5,18,13,2,1,0.42727938004200117,1,0.0,0.05555555555555555
receive,11,6,18,13,2,3,0.45105394000275173,1,0.0,0.05555555555555555
receive,11,10,18,13,2,2,0.40062359410914267,2,1.0,0.1111111111111111
receive,11,11,18,13,2,2,0.40823980882157934,1,0.0,0.05555555555555555
receive,11,13,18,13,2,3,0.3020725569858051,3,0.0,0.16666666666666666
receive,11,14,18,13,2,1,0.2045186304715284,1,0.0,0.05555555555555555
receive,11,13,3,13,3,3,0.23275266936981945,3,0.3333333333333333,1.0
receive,1,1,11,14,1,1,0.563972203675016,2,0.5,0.18181818181818182
receive,1,2,11,14,1,1,0.5220535956352576,6,0.3333333333333333,0.5454545454545454
receive,1,6,11,14,1,3,0.5241769954205224,1,0.0,0.09090909090909091
receive,1,13,11,14,1,3,0.3602384575556867,2,0.5,0.18181818181818182
receive,4,1,4,14,1,1,0.5478238959420838,1,1.0,0.25
receive,4,2,4,14,1,1,0.49995976521377333,2,0.5,0.5
receive,4,6,4,14,1,3,0.5003621877889781,1,1.0,0.25
receive,6,2,3,14,3,1,0.553348724695249,1,1.0,0.3333333333333333
receive,6,6,3,14,3,3,0.5453971861442134,2,0.5,0.6666666666666666
receive,7,2,5,14,3,1,0.5356007266904289,3,0.6666666666666666,0.6
receive,7,6,5,14,3,3,0.543046173783206,2,0.0,0.4
receive,10,2,10,14,2,1,0.521550124388569,1,0.0,0.1
receive,10,6,10,14,2,3,0.5318379541705693,4,0.75,0.4
receive,10,10,10,14,2,2,0.477036330995778,1,0.0,0.1
receive,10,10,10,14,2,3,0.46959411870525597,1,0.0,0.1
receive,10,13,10,14,2,3,0.4056466943840274,3,0.0,0.3
receive,6,13,1,15,3,3,0.23600442264082033,1,1.0,1.0
receive,10,12,2,15,3,2,0.31731605055466167,2,0.5,1.0
receive,10,1,4,15,5,1,0.39681507539535976,1,0.0,0.25
receive,10,12,4,15,5,2,0.3755171088401691,3,0.3333333333333333,0.75
receive,12,2,2,15,2,1,0.3389711284996396,1,0.0,0.5
receive,12,10,2,15,2,2,0.33236415253007684,1,1.0,0.5
receive,12,1,2,15,3,1,0.38977847039644237,1,1.0,0.5
receive,12,12,2,15,3,3,0.3168939009569781,1,1.0,0.5
receive,12,12,2,15,5,2,0.3607288528860438,2,0.0,1.0
receive,1,1,4,16,1,1,0.440247386459067,1,0.0,0.25
receive,1,2,4,16,1,1,0.39903753206392,1,1.0,0.25
receive,1,6,4,16,1,3,0.39173905115899293,1,1.0,0.25
receive,1,13,4,16,1,3,0.2370673270182127,1,0.0,0.25
receive,4,6,1,16,1,3,0.39187522578249223,1,0.0,1.0
receive,4,6,2,16,4,3,0.4474702932000165,2,0.5,1.0
receive,7,5,4,16,1,1,0.41694976048859206,1,0.0,0.25
receive,7,6,4,16,1,3,0.42729047541708565,1,0.0,0.25
receive,7,13,4,16,1,3,0.2889312440257628,2,0.0,0.5
receive,10,2,2,16,2,1,0.3956041056331563,1,1.0,0.5
receive,10,5,2,16,2,1,0.37375223771011323,1,0.0,0.5
receive,10,13,2,16,3,3,0.19480907366466998,2,0.0,1.0
receive,11,1,5,16,2,0,0.010163942548640819,1,0.0,0.2
receive,11,1,5,16,2,1,0.45936967611365215,2,1.0,0.4
receive,11,10,5,16,2,2,0.3868159787794263,1,1.0,0.2
receive,11,11,5,16,2,2,0.38851477922998157,1,1.0,0.2
receive,11,1,1,16,3,1,0.5031520670188085,1,0.0,1.0
receive,1,2,1,17,1,1,0.44231155128411453,1,0.0,1.0
receive,7,2,1,17,1,1,0.5741664359094943,1,1.0,1.0
receive,10,2,11,17,2,1,0.44152572593839784,4,0.75,0.36363636363636365
receive,10,5,11,17,2,1,0.43120352352174274,1,1.0,0.09090909090909091
receive,10,6,11,17,2,3,0.4475913098997666,1,0.0,0.09090909090909091
receive,10,7,11,17,2,1,0.398976249451214,1,0.0,0.09090909090909091
receive,10,13,11,17,2,3,0.32942004983763934,4,0.5,0.36363636363636365
receive,11,6,2,17,3,3,0.46184813171978,1,1.0,0.5
receive,11,13,2,17,3,3,0.2877125046821483,1,0.0,0.5
receive,1,2,2,18,1,1,0.3231776414444576,1,0.0,0.5
receive,1,13,2,18,1,3,0.20721797320456223,1,0.0,0.5
receive,4,1,3,18,1,1,0.32054224785649993,2,0.0,0.6666666666666666
receive,4,13,3,18,1,3,0.13889842322636944,1,0.0,0.3333333333333333
receive,10,1,6,18,2,1,0.35659692093518225,2,0.0,0.3333333333333333
receive,10,13,6,18,2,3,0.22037351581556117,4,0.0,0.6666666666666666
receive,1,1,8,19,1,1,0.5278365105511111,1,1.0,0.125
receive,1,2,8,19,1,1,0.48838766327716654,3,0.3333333333333333,0.375
receive,1,6,8,19,1,3,0.48072180097541956,3,0.3333333333333333,0.375
receive,1,14,8,19,1,1,0.26476967006560653,1,0.0,0.125
receive,4,1,23,19,1,1,0.526677512430299,2,0.5,0.08695652173913043
receive,4,2,23,19,1,1,0.48480604157948504,6,0.3333333333333333,0.2608695652173913
receive,4,3,23,19,1,3,0.4928606812454008,1,1.0,0.043478260869565216
receive,4,6,23,19,1,3,0.4785310251041018,8,0.625,0.34782608695652173
receive,4,13,23,19,1,3,0.3139688855777711,5,0.4,0.21739130434782608
receive,4,14,23,19,1,1,0.25967255555028346,1,0.0,0.043478260869565216
receive,10,1,11,19,2,1,0.5374466598333346,1,1.0,0.09090909090909091
receive,10,2,11,19,2,1,0.4954048162046149,3,0.3333333333333333,0.2727272727272727
receive,10,4,11,19,2,1,0.5007763282764487,2,0.0,0.18181818181818182
receive,10,6,11,19,2,3,0.49603322418353096,1,1.0,0.09090909090909091
receive,10,7,11,19,2,1,0.4531959617337142,1,0.0,0.09090909090909091
receive,10,13,11,19,2,3,0.3644561877572637,3,0.0,0.2727272727272727
receive,10,1,4,19,3,1,0.5210577381287251,1,1.0,0.25
receive,10,2,4,19,3,1,0.47700630472091,1,1.0,0.25
receive,10,10,4,19,3,3,0.4119690500726081,1,1.0,0.25
receive,10,13,4,19,3,3,0.28728015563556464,1,0.0,0.25
receive,11,1,31,19,2,1,0.5427781146210445,7,0.7142857142857143,0.22580645161290322
receive,11,2,31,19,2,1,0.5021179152980103,10,0.4,0.3225806451612903
receive,11,4,31,19,2,1,0.5099991223151428,3,0.3333333333333333,0.0967741935483871
receive,11,6,31,19,2,3,0.5101562275384015,1,0.0,0.03225806451612903
receive,11,10,31,19,2,3,0.4434045380178857,1,0.0,0.03225806451612903
receive,11,11,31,19,2,2,0.4670930751679679,5,0.6,0.16129032258064516
receive,11,11,31,19,2,3,0.4490098759372549,1,1.0,0.03225806451612903
receive,11,13,31,19,2,3,0.3552187809142036,3,0.3333333333333333,0.0967741935483871
receive,11,1,16,19,3,1,0.5250321683935234,3,0.3333333333333333,0.1875
receive,11,2,16,19,3,1,0.4804364466176105,4,0.25,0.25
receive,11,6,16,19,3,3,0.49975165306730335,3,0.6666666666666666,0.1875
receive,11,10,16,19,3,2,0.41672610193102,1,1.0,0.0625
receive,11,13,16,19,3,3,0.2740688155033322,5,0.2,0.3125
receive,1,5,2,20,1,1,0.4342698459866349,1,0.0,0.5
receive,1,13,2,20,1,3,0.28483181307460437,1,0.0,0.5
receive,3,2,1,20,2,1,0.4689801764738333,1,0.0,1.0
receive,4,5,2,20,1,1,0.43727118026821366,1,1.0,0.5
receive,4,13,2,20,1,3,0.2587492250301429,1,1.0,0.5
receive,7,5,1,20,1,1,0.44057604426689795,1,0.0,1.0
receive,10,2,9,20,2,1,0.5023298819623657,4,0.5,0.4444444444444444
receive,10,5,9,20,2,1,0.4693889891556606,1,0.0,0.1111111111111111
receive,10,6,9,20,2,3,0.47900020961026324,1,1.0,0.1111111111111111
receive,10,13,9,20,2,3,0.3478934641613826,3,0.0,0.3333333333333333
receive,11,1,6,20,2,1,0.5291291229195252,3,0.6666666666666666,0.5
receive,11,2,6,20,2,1,0.4900649279798917,2,0.0,0.3333333333333333
receive,11,5,6,20,2,1,0.47821709880640806,1,1.0,0.16666666666666666
receive,11,13,1,20,3,3,0.2094414409908629,1,0.0,1.0
receive,1,1,44,21,1,1,0.5620417893860378,1,1.0,0.022727272727272728
receive,1,2,44,21,1,1,0.5235357414209282,4,0.5,0.09090909090909091
receive,1,3,44,21,1,2,0.5595813104011195,4,0.25,0.09090909090909091
receive,1,3,44,21,1,3,0.5606910633583907,1,1.0,0.022727272727272728
receive,1,5,44,21,1,1,0.5009426085799051,4,0.75,0.09090909090909091
receive,1,6,44,21,1,3,0.5191083977652623,18,0.6111111111111112,0.4090909090909091
receive,1,8,44,21,1,3,0.4188661699621638,1,0.0,0.022727272727272728
receive,1,13,44,21,1,0,0.018307989593699375,2,0.0,0.045454545454545456
receive,1,13,44,21,1,3,0.347645382801119,9,0.2222222222222222,0.20454545454545456
receive,3,3,1,21,3,3,0.5913119325435174,1,1.0,1.0
receive,4,1,14,21,1,1,0.5368960002976186,3,1.0,0.21428571428571427
receive,4,5,14,21,1,1,0.46685563799481944,1,0.0,0.07142857142857142
receive,4,6,14,21,1,3,0.4780807380417334,6,0.8333333333333334,0.42857142857142855
receive,4,10,14,21,1,2,0.40352493854453525,2,0.5,0.14285714285714285
receive,4,13,14,21,1,3,0.30560266746278947,2,0.0,0.14285714285714285
receive,4,1,8,21,4,1,0.5472036443764867,2,0.5,0.25
receive,4,3,8,21,4,2,0.5323325006958586,1,1.0,0.125
receive,4,5,8,21,4,1,0.47407807468015306,2,0.5,0.25
receive,4,6,8,21,4,3,0.49694330056855446,3,0.6666666666666666,0.375
receive,6,1,7,21,2,1,0.5572011236795541,3,0.0,0.42857142857142855
receive,6,3,7,21,2,3,0.5131951783345313,2,0.5,0.2857142857142857
receive,6,5,7,21,2,1,0.49792088641342136,1,0.0,0.14285714285714285
receive,6,6,7,21,2,2,0.509888159029381,1,1.0,0.14285714285714285
receive,6,1,45,21,3,1,0.5829505002361464,1,0.0,0.022222222222222223
receive,6,2,45,21,3,1,0.5462104345276624,2,0.5,0.044444444444444446
receive,6,3,45,21,3,2,0.5865105995644784,5,0.4,0.1111111111111111
receive,6,5,45,21,3,1,0.5246470439779511,8,0.375,0.17777777777777778
receive,6,6,45,21,3,3,0.5486302564847461,21,0.38095238095238093,0.4666666666666667
receive,6,13,45,21,3,3,0.341642215565428,8,0.25,0.17777777777777778
receive,7,2,27,21,1,1,0.5438470736128898,2,0.5,0.07407407407407407
receive,7,3,27,21,1,2,0.5577016761320699,3,0.3333333333333333,0.1111111111111111
receive,7,5,27,21,1,1,0.5294618934852616,1,0.0,0.037037037037037035
receive,7,6,27,21,1,3,0.5421310691786411,10,0.5,0.37037037037037035
receive,7,13,27,21,1,0,0.0182124395879792,1,0.0,0.037037037037037035
receive,7,13,27,21,1,3,0.3834816806322732,10,0.5,0.37037037037037035
receive,7,3,4,21,3,3,0.5881800549473877,1,1.0,0.25
receive,7,6,4,21,3,3,0.535124923276721,1,1.0,0.25
receive,7,10,4,21,3,2,0.4698302640587999,1,1.0,0.25
receive,7,13,4,21,3,3,0.3388517505043346,1,1.0,0.25
receive,8,1,2,21,2,1,0.6098326758160809,1,0.0,0.5
receive,8,5,2,21,2,1,0.5567861414224016,1,1.0,0.5
receive,8,6,3,21,3,3,0.5324530786823479,1,1.0,0.3333333333333333
receive,8,11,3,21,3,2,0.460231828985673,1,1.0,0.3333333333333333
receive,8,13,3,21,3,3,0.3366395234761768,1,0.0,0.3333333333333333
receive,9,1,3,21,2,1,0.578333530789001,1,1.0,0.3333333333333333
receive,9,3,3,21,2,3,0.5373975282506395,1,1.0,0.3333333333333333
receive,9,13,3,21,2,3,0.41612336878924433,1,1.0,0.3333333333333333
receive,9,13,1,21,3,3,0.281278302963806,1,0.0,1.0
receive,10,1,71,21,2,1,0.559670682203111,9,0.6666666666666666,0.1267605633802817
receive,10,2,71,21,2,1,0.5185293616504644,2,0.5,0.028169014084507043
receive,10,3,71,21,2,2,0.545980958023994,2,0.5,0.028169014084507043
receive,10,3,71,21,2,3,0.547657445932277,1,1.0,0.014084507042253521
receive,10,5,71,21,2,1,0.5018589072965263,1,1.0,0.014084507042253521
receive,10,6,71,21,2,2,0.5161223748619348,3,0.6666666666666666,0.04225352112676056
receive,10,6,71,21,2,3,0.5172578515253619,15,0.6,0.2112676056338028
receive,10,7,71,21,2,1,0.4749370899181808,1,0.0,0.014084507042253521
receive,10,10,71,21,2,2,0.4776432147687008,7,0.7142857142857143,0.09859154929577464
receive,10,11,71,21,2,2,0.48366198014002976,1,0.0,0.014084507042253521
receive,10,13,71,21,2,0,0.01865110466157658,1,0.0,0.014084507042253521
receive,10,13,71,21,2,3,0.38358231561394857,27,0.37037037037037035,0.38028169014084506
receive,10,14,71,21,2,1,0.3134617507022796,1,0.0,0.014084507042253521
receive,10,2,16,21,3,1,0.5013578183480422,2,0.5,0.125
receive,10,3,16,21,3,2,0.5344183268790218,1,0.0,0.0625
receive,10,3,16,21,3,3,0.5383388776450874,1,0.0,0.0625
receive,10,5,16,21,3,0,0.018521831818313753,1,0.0,0.0625
receive,10,5,16,21,3,1,0.4793610363388047,2,0.0,0.125
receive,10,6,16,21,3,2,0.5033953957126452,1,1.0,0.0625
receive,10,6,16,21,3,3,0.505169169095686,2,0.5,0.125
receive,10,10,16,21,3,2,0.4397745119858529,1,1.0,0.0625
receive,10,13,16,21,3,3,0.2971685049621126,5,0.2,0.3125
receive,10,3,6,21,5,2,0.5121373022096979,1,0.0,0.16666666666666666
receive,10,6,6,21,5,3,0.4963927310240903,2,0.5,0.3333333333333333
receive,10,13,6,21,5,3,0.40137926808476804,3,0.6666666666666666,0.5
receive,11,1,59,21,2,1,0.5720787862380257,34,0.7058823529411765,0.576271186440678
receive,11,5,59,21,2,1,0.5170711448648522,1,0.0,0.01694915254237288
receive,11,6,59,21,2,3,0.5394003011202125,6,0.5,0.1016949152542373
receive,11,7,59,21,2,1,0.48461944621973935,6,0.6666666666666666,0.1016949152542373
receive,11,10,59,21,2,2,0.48403065317748634,5,0.6,0.0847457627118644
receive,11,11,59,21,2,2,0.4955470608798256,1,0.0,0.01694915254237288
receive,11,13,59,21,2,3,0.3886757255690406,6,0.16666666666666666,0.1016949152542373
receive,11,1,5,21,3,1,0.5576161934549966,2,1.0,0.4
receive,11,3,5,21,3,2,0.556807497001323,1,1.0,0.2
receive,11,5,5,21,3,1,0.4977153451052644,1,1.0,0.2
receive,11,10,5,21,3,2,0.4426528939176452,1,1.0,0.2
receive,12,6,2,21,2,3,0.49925902951137663,1,1.0,0.5
receive,12,13,2,21,2,3,0.38138618576675815,1,0.0,0.5
receive,1,13,1,22,1,3,0.3057086047983735,1,1.0,1.0
receive,10,1,15,22,2,1,0.5942852434238143,1,1.0,0.06666666666666667
receive,10,2,15,22,2,1,0.5527080077067069,3,0.3333333333333333,0.2
receive,10,10,15,22,2,2,0.5062047387974862,1,0.0,0.06666666666666667
receive,10,13,15,22,2,3,0.4314437324248177,10,0.5,0.6666666666666666
receive,10,2,7,22,3,1,0.5490683678510936,1,1.0,0.14285714285714285
receive,10,13,7,22,3,3,0.3827921578294163,6,0.3333333333333333,0.8571428571428571
receive,1,1,3,23,1,1,0.5456472320887391,2,0.5,0.6666666666666666
receive,1,13,3,23,1,3,0.32648690916576467,1,0.0,0.3333333333333333
receive,4,1,12,23,1,0,0.014239659307562123,1,0.0,0.08333333333333333
receive,4,5,12,23,1,0,0.014882328819294598,1,0.0,0.08333333333333333
receive,4,5,12,23,1,1,0.46991934755301684,6,0.16666666666666666,0.5
receive,4,6,12,23,1,0,0.014791341446601497,1,0.0,0.08333333333333333
receive,4,6,12,23,1,3,0.47879797006874664,2,0.5,0.16666666666666666
receive,4,13,12,23,1,3,0.2944288763358279,1,0.0,0.08333333333333333
receive,6,5,1,23,3,1,0.4926896916778868,1,1.0,1.0
receive,7,5,4,23,1,1,0.5000846837374535,1,0.0,0.25
receive,7,6,4,23,1,3,0.5081289601265797,1,0.0,0.25
receive,7,13,4,23,1,3,0.3474872380853884,2,0.0,0.5
receive,10,1,6,23,2,0,0.015501707892644148,1,0.0,0.16666666666666666
receive,10,1,6,23,2,1,0.548267559456241,1,1.0,0.16666666666666666
receive,10,2,6,23,2,1,0.5196379091740587,2,1.0,0.3333333333333333
receive,10,13,6,23,2,3,0.3641736555012287,2,1.0,0.3333333333333333
receive,10,5,1,23,3,1,0.4287147207012444,1,0.0,1.0
receive,11,1,8,23,2,1,0.5369171830105668,2,0.5,0.25
receive,11,2,8,23,2,1,0.49416095174787095,3,0.6666666666666666,0.375
receive,11,6,8,23,2,3,0.5088767928506066,1,1.0,0.125
receive,11,10,8,23,2,2,0.4413666174836792,1,0.0,0.125
receive,11,13,8,23,2,3,0.3847728352553862,1,1.0,0.125
receive,1,1,3,24,1,1,0.3784271978603054,1,0.0,0.3333333333333333
receive,1,6,3,24,1,3,0.34391238393891993,1,1.0,0.3333333333333333
receive,1,13,3,24,1,3,0.2155341993824121,1,0.0,0.3333333333333333
receive,4,2,1,24,4,1,0.3474244261215566,1,0.0,1.0
receive,10,1,3,24,2,1,0.37785205458842785,1,1.0,0.3333333333333333
receive,10,2,3,24,2,1,0.33741829834692344,1,1.0,0.3333333333333333
receive,10,13,3,24,2,3,0.2370562883490942,1,0.0,0.3333333333333333
receive,10,13,2,24,3,3,0.14253225825618238,2,0.0,1.0
receive,11,1,3,24,2,1,0.3743375800834536,2,0.0,0.6666666666666666
receive,11,13,3,24,2,3,0.21845974700009882,1,0.0,0.3333333333333333
receive,11,1,1,24,3,1,0.3711399423642569,1,0.0,1.0
receive,1,1,8,25,1,1,0.516834084472616,5,0.6,0.625
receive,1,6,8,25,1,3,0.47941146004581425,2,0.5,0.25
receive,1,13,8,25,1,3,0.32741882138096307,1,0.0,0.125
receive,7,1,6,25,1,1,0.5175128145287412,1,1.0,0.16666666666666666
receive,7,2,6,25,1,1,0.47396858764040345,3,0.6666666666666666,0.5
receive,7,13,6,25,1,3,0.32248432686011164,2,0.0,0.3333333333333333
receive,10,2,5,25,2,1,0.4622535399758279,2,0.0,0.4
receive,10,13,5,25,2,3,0.32919864308797553,3,0.3333333333333333,0.6
receive,10,2,3,25,3,0,0.014277270496077243,1,0.0,0.3333333333333333
receive,10,2,3,25,3,1,0.4407439341045006,1,0.0,0.3333333333333333
receive,10,13,3,25,3,3,0.23332063265661152,1,0.0,0.3333333333333333
receive,11,1,5,25,2,1,0.5003980354777081,2,0.0,0.4
receive,11,2,5,25,2,1,0.46038526080300934,1,1.0,0.2
receive,11,13,5,25,2,3,0.311043751188584,2,0.0,0.4
receive,11,2,1,25,3,0,0.014447092005721099,1,0.0,1.0
receive,1,2,1,26,1,1,0.5091504492372315,1,0.0,1.0
receive,4,6,1,26,1,3,0.4476937944364107,1,1.0,1.0
receive,6,2,3,26,3,1,0.4763526649520074,1,1.0,0.3333333333333333
receive,6,6,3,26,3,3,0.48922056332926167,2,0.0,0.6666666666666666
receive,10,1,7,26,2,1,0.519518420829654,1,1.0,0.14285714285714285
receive,10,5,7,26,2,1,0.4679994124187828,1,1.0,0.14285714285714285
receive,10,10,7,26,2,2,0.42494534720987204,3,0.0,0.42857142857142855
receive,10,13,7,26,2,3,0.3607520467589048,2,0.0,0.2857142857142857
receive,10,2,2,26,3,1,0.4692580916765317,1,1.0,0.5
receive,10,6,2,26,3,3,0.4869024719249293,1,1.0,0.5
receive,1,13,1,28,1,3,0.32425787262214156,1,0.0,1.0
receive,4,2,4,28,1,1,0.3859597787152494,3,0.0,0.75
receive,4,6,4,28,1,3,0.38323551746642937,1,1.0,0.25
receive,4,13,1,28,4,3,0.23044453019303326,1,1.0,1.0
receive,10,1,7,28,2,1,0.455355433373518,2,1.0,0.2857142857142857
receive,10,2,7,28,2,1,0.4145666660231445,1,0.0,0.14285714285714285
receive,10,4,7,28,2,1,0.4286906755708514,1,0.0,0.14285714285714285
receive,10,6,7,28,2,3,0.4241765913292518,1,0.0,0.14285714285714285
receive,10,13,7,28,2,3,0.30270241448351765,2,0.5,0.2857142857142857
receive,10,13,1,28,3,3,0.2473588564952853,1,0.0,1.0
receive,11,7,1,28,3,1,0.34006593749738223,1,0.0,1.0
receive,1,2,2,29,1,1,0.3686203744963222,1,0.0,0.5
receive,1,6,2,29,1,3,0.3734511893989442,1,1.0,0.5
receive,4,2,1,29,1,1,0.38861074193803735,1,1.0,1.0
receive,7,13,2,29,3,3,0.1905907610145564,2,0.0,1.0
receive,10,6,6,29,2,3,0.37200421063212774,1,0.0,0.16666666666666666
receive,10,13,6,29,2,3,0.2587035195512201,5,0.4,0.8333333333333334
receive,11,1,8,29,2,1,0.4240754474755481,5,0.4,0.625
receive,11,6,8,29,2,3,0.40039311442381564,1,0.0,0.125
receive,11,13,8,29,2,3,0.2835168177400747,2,0.0,0.25
receive,11,1,2,29,5,1,0.4183149034047,2,0.0,1.0
receive,0,10,1,30,0,2,0.8182750301304689,1,0.0,1.0
receive,1,1,1,30,1,1,0.5947282157953051,1,1.0,1.0
receive,4,13,1,30,1,3,0.4079978630481658,1,1.0,1.0
receive,6,13,2,30,3,3,0.3961827932275199,2,0.5,1.0
receive,7,2,1,30,1,1,0.6024823844758854,1,1.0,1.0
receive,7,13,1,30,3,3,0.4363253887623938,1,0.0,1.0
receive,10,1,13,30,2,1,0.6330615450778276,3,0.6666666666666666,0.23076923076923078
receive,10,2,13,30,2,1,0.5918815766994607,2,0.5,0.15384615384615385
receive,10,5,13,30,2,1,0.5801500479739441,1,1.0,0.07692307692307693
receive,10,10,13,30,2,2,0.5459377208403621,1,1.0,0.07692307692307693
receive,10,13,13,30,2,3,0.46655927384128615,6,0.6666666666666666,0.46153846153846156
receive,10,13,3,30,3,3,0.41109600177287403,3,0.3333333333333333,1.0
receive,1,5,1,31,1,1,0.5215663446542341,1,1.0,1.0
receive,4,2,7,31,4,1,0.5453515542820775,2,0.5,0.2857142857142857
receive,4,5,7,31,4,1,0.5298516716565096,1,1.0,0.14285714285714285
receive,4,6,7,31,4,3,0.5540727025894464,2,0.5,0.2857142857142857
receive,4,13,7,31,4,0,0.019042894838617788,1,0.0,0.14285714285714285
receive,4,13,7,31,4,3,0.33967697990430423,1,0.0,0.14285714285714285
receive,6,2,1,31,3,1,0.5383102664618454,1,1.0,1.0
receive,7,1,2,31,1,1,0.6004067756904097,1,0.0,0.5
receive,7,13,2,31,1,3,0.3907631938995209,1,0.0,0.5
receive,10,2,8,31,2,1,0.5231108290333987,2,0.5,0.25
receive,10,5,8,31,2,1,0.5066320680638461,1,1.0,0.125
receive,10,6,8,31,2,3,0.5231624208856979,1,1.0,0.125
receive,10,13,8,31,2,3,0.38688682031081234,4,0.0,0.5
receive,10,13,2,31,3,3,0.28741953486049554,2,0.5,1.0
receive,11,1,9,31,2,1,0.568373691349851,3,1.0,0.3333333333333333
receive,11,2,9,31,2,1,0.5287615764188757,1,1.0,0.1111111111111111
receive,11,4,9,31,2,4,0.557715462001886,1,0.0,0.1111111111111111
receive,11,6,9,31,2,0,0.021717547075333955,1,0.0,0.1111111111111111
receive,11,6,9,31,2,3,0.536018055117718,1,0.0,0.1111111111111111
receive,11,13,9,31,2,3,0.3717984472528081,2,0.0,0.2222222222222222
receive,11,13,1,31,3,3,0.2964120417497187,1,0.0,1.0
receive,1,1,2,32,1,1,0.5057130821549446,1,1.0,0.5
receive,1,10,2,32,1,2,0.37277599991376204,1,0.0,0.5
receive,4,11,2,32,1,2,0.3313853606792836,2,0.0,1.0
receive,6,10,2,32,2,2,0.35150549848229873,2,1.0,1.0
receive,6,6,2,32,3,3,0.42138684317323605,1,1.0,0.5
receive,6,10,2,32,3,2,0.32404152534264175,1,0.0,0.5
receive,10,1,35,32,2,1,0.45699668665701026,4,1.0,0.11428571428571428
receive,10,5,35,32,2,1,0.4047698169861326,2,0.5,0.05714285714285714
receive,10,10,35,32,2,2,0.37707683450030466,26,0.38461538461538464,0.7428571428571429
receive,10,11,35,32,2,2,0.38866333228748134,2,0.5,0.05714285714285714
receive,10,13,35,32,2,3,0.3064841313285759,1,0.0,0.02857142857142857
receive,10,6,1,32,3,3,0.39104245886297273,1,0.0,1.0
receive,1,2,6,33,1,1,0.47701376996266937,2,0.0,0.3333333333333333
receive,1,5,6,33,1,1,0.4392562246052277,4,0.5,0.6666666666666666
receive,7,2,10,33,1,1,0.48500496661623743,4,0.75,0.4
receive,7,5,10,33,1,0,0.011533411485806732,1,0.0,0.1
receive,7,5,10,33,1,1,0.46024912865529677,2,0.5,0.2
receive,7,13,10,33,1,0,0.010863699932785176,1,0.0,0.1
receive,7,13,10,33,1,3,0.3111611065421622,1,0.0,0.1
receive,7,14,10,33,1,1,0.2684830201410171,1,0.0,0.1
receive,10,1,7,33,2,1,0.5033016191299281,3,0.3333333333333333,0.42857142857142855
receive,10,2,7,33,2,0,0.011705792211715983,2,0.0,0.2857142857142857
receive,10,13,7,33,2,3,0.32079364385798803,2,0.0,0.2857142857142857
receive,11,1,7,33,2,1,0.4788180509762152,1,0.0,0.14285714285714285
receive,11,2,7,33,2,1,0.43638307258496445,1,1.0,0.14285714285714285
receive,11,5,7,33,2,1,0.4272542361284534,2,0.5,0.2857142857142857
receive,11,13,7,33,2,0,0.010678569357083275,1,0.0,0.14285714285714285
receive,11,13,7,33,2,3,0.33278107419200553,1,1.0,0.14285714285714285
receive,11,14,7,33,2,1,0.2542813727692734,1,0.0,0.14285714285714285
receive,1,1,4,34,1,1,0.4811592871265756,1,0.0,0.25
receive,1,2,4,34,1,1,0.4404907055612722,1,0.0,0.25
receive,1,6,4,34,1,3,0.4385515267762248,1,1.0,0.25
receive,1,10,4,34,1,2,0.3606439054026377,1,1.0,0.25
receive,4,1,4,34,1,1,0.4471670863521739,1,1.0,0.25
receive,4,5,4,34,1,1,0.37210050150913665,1,0.0,0.25
receive,4,6,4,34,1,3,0.3835560580356271,1,0.0,0.25
receive,4,13,4,34,1,0,0.011164600162548246,1,0.0,0.25
receive,4,6,1,34,4,3,0.45693193461584786,1,0.0,1.0
receive,6,1,3,34,3,1,0.4903327280885416,2,1.0,0.6666666666666666
receive,6,6,3,34,3,3,0.46157697782550516,1,0.0,0.3333333333333333
receive,7,5,1,34,3,0,0.011889820097152323,1,0.0,1.0
receive,10,1,18,34,2,1,0.4904059357210781,2,1.0,0.1111111111111111
receive,10,1,18,34,2,4,0.6000892879360438,1,1.0,0.05555555555555555
receive,10,2,18,34,2,1,0.44830023701672744,1,0.0,0.05555555555555555
receive,10,3,18,34,2,3,0.5041947618756676,1,0.0,0.05555555555555555
receive,10,5,18,34,2,1,0.4363938258489786,4,0.75,0.2222222222222222
receive,10,6,18,34,2,3,0.453666366256673,4,0.5,0.2222222222222222
receive,10,13,18,34,2,3,0.3285082766188413,5,0.0,0.2777777777777778
receive,11,1,2,34,2,1,0.4765066741281931,1,1.0,0.5
receive,11,6,2,34,2,3,0.4441498669904881,1,0.0,0.5
receive,1,2,2,35,1,0,0.016299708681605896,1,0.0,0.5
receive,1,2,2,35,1,1,0.5011806453401577,1,0.0,0.5
receive,4,1,12,35,1,1,0.5420586154689137,1,1.0,0.08333333333333333
receive,4,2,12,35,1,0,0.016244381144624346,1,0.0,0.08333333333333333
receive,4,2,12,35,1,1,0.4998980259107803,1,0.0,0.08333333333333333
receive,4,3,12,35,1,2,0.5141852223819601,1,1.0,0.08333333333333333
receive,4,6,12,35,1,3,0.4950648959012221,4,0.75,0.3333333333333333
receive,4,13,12,35,1,3,0.32888231512285937,4,0.25,0.3333333333333333
receive,7,2,5,35,1,1,0.52650770398083,2,1.0,0.4
receive,7,13,5,35,1,3,0.3730445712411351,3,0.6666666666666666,0.6
receive,10,2,5,35,2,1,0.4947577578451254,2,0.0,0.4
receive,10,13,5,35,2,3,0.3709568753636194,3,0.0,0.6
receive,11,1,23,35,2,1,0.5542829215043126,4,0.75,0.17391304347826086
receive,11,2,23,35,2,1,0.5128523585992523,3,0.6666666666666666,0.13043478260869565
receive,11,4,23,35,2,1,0.5364312057079639,5,0.6,0.21739130434782608
receive,11,6,23,35,2,3,0.5264722781328802,4,1.0,0.17391304347826086
receive,11,7,23,35,2,1,0.4673112693669024,1,1.0,0.043478260869565216
receive,11,13,23,35,2,3,0.3958456497279725,6,0.3333333333333333,0.2608695652173913
receive,11,2,5,35,3,1,0.4878447305213743,1,0.0,0.2
receive,11,6,5,35,3,3,0.5070954413432818,4,0.75,0.8
receive,1,2,2,36,1,1,0.5374880260637616,1,0.0,0.5
receive,1,5,2,36,1,1,0.523916237436749,1,1.0,0.5
receive,7,6,2,36,1,3,0.5471646219995305,1,1.0,0.5
receive,7,13,2,36,1,3,0.3919081238535074,1,0.0,0.5
receive,10,2,1,36,2,1,0.5323625307349659,1,0.0,1.0
receive,10,2,3,36,3,1,0.5069645009437541,1,0.0,0.3333333333333333
receive,10,6,3,36,3,3,0.5092726648435982,1,1.0,0.3333333333333333
receive,10,13,3,36,3,3,0.2856304806893559,1,1.0,0.3333333333333333
receive,11,1,5,36,2,1,0.5637622577574003,2,0.0,0.4
receive,11,2,5,36,2,1,0.5235535919273872,1,0.0,0.2
receive,11,13,5,36,2,3,0.3699756086407434,2,0.5,0.4
receive,11,5,2,36,3,1,0.4966517074576197,1,0.0,0.5
receive,11,13,2,36,3,3,0.2930985863191468,1,0.0,0.5
receive,1,1,8,37,1,0,0.011923666970161815,1,0.0,0.125
receive,1,1,8,37,1,1,0.48371049099690433,2,0.0,0.25
receive,1,6,8,37,1,3,0.4381183113371415,1,0.0,0.125
receive,1,12,8,37,1,2,0.37956398480590203,1,0.0,0.125
receive,1,13,8,37,1,0,0.012073784814053613,2,0.0,0.25
receive,1,14,8,37,1,3,0.24751769974880014,1,0.0,0.125
receive,3,3,1,37,3,3,0.5232551941102295,1,0.0,1.0
receive,6,1,1,37,3,1,0.49670923248412585,1,1.0,1.0
receive,7,13,1,37,3,3,0.305761277057886,1,0.0,1.0
receive,8,1,6,37,3,1,0.5054747153179769,2,0.5,0.3333333333333333
receive,8,2,6,37,3,1,0.4625041883311851,1,1.0,0.16666666666666666
receive,8,5,6,37,3,1,0.4482556764423924,1,0.0,0.16666666666666666
receive,8,10,6,37,3,2,0.38426805850909407,1,1.0,0.16666666666666666
receive,8,13,6,37,3,3,0.2903602138565564,1,1.0,0.16666666666666666
receive,9,1,1,37,2,1,0.4927741568123815,1,0.0,1.0
receive,10,5,24,37,2,1,0.4323714652274351,6,0.3333333333333333,0.25
receive,10,8,24,37,2,3,0.3495111209736604,1,1.0,0.041666666666666664
receive,10,10,24,37,2,5,0.47089038137575506,1,1.0,0.041666666666666664
receive,10,12,24,37,2,2,0.4211707991754728,11,0.2727272727272727,0.4583333333333333
receive,10,12,24,37,2,3,0.4156922747210347,1,1.0,0.041666666666666664
receive,10,13,24,37,2,3,0.3188902729986253,4,0.0,0.16666666666666666
receive,10,1,5,37,3,1,0.47768119771810247,1,1.0,0.2
receive,10,5,5,37,3,1,0.41405088602120416,2,0.5,0.4
receive,10,12,5,37,3,2,0.38262872606887094,1,0.0,0.2
receive,10,14,5,37,3,1,0.1777159469231854,1,1.0,0.2
receive,10,1,6,37,5,1,0.4746106759539772,1,1.0,0.16666666666666666
receive,10,5,6,37,5,1,0.42275515894864474,2,0.0,0.3333333333333333
receive,10,12,6,37,5,2,0.45439841350919646,2,0.5,0.3333333333333333
receive,10,14,6,37,5,3,0.27826908235705305,1,0.0,0.16666666666666666
receive,12,2,16,37,2,1,0.41562715081566604,3,0.3333333333333333,0.1875
receive,12,5,16,37,2,1,0.4015400189523781,3,0.6666666666666666,0.1875
receive,12,9,16,37,2,2,0.41751368915309967,1,1.0,0.0625
receive,12,12,16,37,2,2,0.4027282313681624,6,0.5,0.375
receive,12,13,16,37,2,3,0.3142408638755702,3,0.0,0.1875
receive,12,5,3,37,3,1,0.3787698811071431,2,0.5,0.6666666666666666
receive,12,12,3,37,3,2,0.36821902086230524,1,0.0,0.3333333333333333
receive,12,3,13,37,5,3,0.492812627706656,1,1.0,0.07692307692307693
receive,12,8,13,37,5,3,0.36115450650036657,1,1.0,0.07692307692307693
receive,12,12,13,37,5,2,0.4333262274676135,7,0.2857142857142857,0.5384615384615384
receive,12,13,13,37,5,3,0.3310769397333271,2,0.5,0.15384615384615385
receive,12,14,13,37,5,3,0.2695077666486228,2,0.0,0.15384615384615385
receive,1,1,6,38,1,1,0.49844939344935346,1,0.0,0.16666666666666666
receive,1,5,6,38,1,1,0.43890192734074973,2,0.5,0.3333333333333333
receive,1,13,6,38,1,3,0.3018249268495206,3,0.0,0.5
receive,4,1,7,38,1,1,0.48871174008801443,1,0.0,0.14285714285714285
receive,4,5,7,38,1,0,0.01215500651733713,1,0.0,0.14285714285714285
receive,4,5,7,38,1,1,0.430004396865249,3,0.3333333333333333,0.42857142857142855
receive,4,6,7,38,1,3,0.4387482246806976,1,0.0,0.14285714285714285
receive,4,13,7,38,1,3,0.28516494688639177,1,0.0,0.14285714285714285
receive,7,1,2,38,1,1,0.5134416973856893,1,1.0,0.5
receive,7,13,2,38,1,3,0.32064116864318104,1,1.0,0.5
receive,10,1,16,38,2,1,0.500832074653052,4,0.75,0.25
receive,10,2,16,38,2,1,0.4590992563689926,2,0.5,0.125
receive,10,5,16,38,2,1,0.448354430438873,5,0.4,0.3125
receive,10,6,16,38,2,3,0.467264441312094,1,1.0,0.0625
receive,10,13,16,38,2,3,0.34659811748100877,4,0.25,0.25
receive,11,1,6,38,2,1,0.5085367183703378,3,0.0,0.5
receive,11,10,6,38,2,2,0.4099815899748928,1,1.0,0.16666666666666666
receive,11,11,6,38,2,2,0.4313790954340972,1,1.0,0.16666666666666666
receive,11,13,6,38,2,3,0.35874305331931994,1,0.0,0.16666666666666666
receive,1,13,1,39,1,3,0.2992190018466523,1,0.0,1.0
receive,4,1,23,39,1,1,0.47962960199550925,9,0.6666666666666666,0.391304347826087
receive,4,2,23,39,1,1,0.4421316181022138,4,0.25,0.17391304347826086
receive,4,6,23,39,1,3,0.42864564648051057,3,0.6666666666666666,0.13043478260869565
receive,4,13,23,39,1,3,0.2727089517127729,7,0.14285714285714285,0.30434782608695654
receive,7,1,2,39,1,0,0.0123790068162262,1,0.0,0.5
receive,7,5,2,39,1,1,0.43882010724838155,1,0.0,0.5
receive,10,2,2,39,2,0,0.011768405313354689,1,0.0,0.5
receive,10,13,2,39,2,3,0.32292495589215,1,0.0,0.5
receive,11,1,3,39,2,1,0.4702568805172827,1,0.0,0.3333333333333333
receive,11,5,3,39,2,1,0.4144682094076902,1,1.0,0.3333333333333333
receive,11,11,3,39,2,2,0.40259431032600385,1,1.0,0.3333333333333333
receive,11,1,3,39,3,1,0.475164261416531,2,0.5,0.6666666666666666
receive,11,13,3,39,3,3,0.279565703588791,1,0.0,0.3333333333333333
receive,1,5,2,40,1,1,0.39154784774419915,1,0.0,0.5
receive,1,6,2,40,1,3,0.40953859590361463,1,0.0,0.5
receive,10,1,6,40,2,1,0.41925498654996923,1,1.0,0.16666666666666666
receive,10,2,6,40,2,1,0.3775063626443447,1,0.0,0.16666666666666666
receive,10,13,6,40,2,3,0.2728904050785377,4,0.0,0.6666666666666666
receive,11,1,3,40,2,1,0.41497418746904846,1,1.0,0.3333333333333333
receive,11,2,3,40,2,1,0.3742962874936109,1,1.0,0.3333333333333333
receive,11,13,3,40,2,3,0.2807311925627563,1,0.0,0.3333333333333333
receive,1,6,1,41,1,3,0.5110039515580854,1,0.0,1.0
receive,6,13,1,41,2,3,0.32542007370974135,1,0.0,1.0
receive,6,13,1,41,3,0,0.016770975226842472,1,0.0,1.0
receive,7,13,2,41,3,0,0.01739820805680603,1,0.0,0.5
receive,7,13,2,41,3,3,0.31289483035438137,1,1.0,0.5
receive,10,12,7,41,2,2,0.4698803815297246,1,0.0,0.14285714285714285
receive,10,13,7,41,2,0,0.018380289954016634,1,0.0,0.14285714285714285
receive,10,13,7,41,2,3,0.35662325796228783,5,0.2,0.7142857142857143
receive,10,13,1,41,5,3,0.3419850014526999,1,0.0,1.0
receive,11,13,2,41,2,3,0.35300230833335694,2,0.0,1.0
receive,6,13,1,42,2,3,0.23734174201456112,1,0.0,1.0
receive,10,1,12,42,2,0,0.010264010300612832,1,0.0,0.08333333333333333
receive,10,1,12,42,2,1,0.4367317912833808,4,0.25,0.3333333333333333
receive,10,2,12,42,2,1,0.39556876782282696,2,0.0,0.16666666666666666
receive,10,3,12,42,2,3,0.4111846332501398,1,1.0,0.08333333333333333
receive,10,6,12,42,2,3,0.39322324816,2,0.5,0.16666666666666666
receive,10,13,12,42,2,3,0.27162104960092665,2,0.5,0.16666666666666666
receive,10,13,1,42,5,3,0.32359325559441293,1,0.0,1.0
receive,11,1,1,42,2,1,0.4778967893771231,1,0.0,1.0
receive,1,1,4,43,1,1,0.5610733946300692,1,1.0,0.25
receive,1,6,4,43,1,3,0.5238601458452825,1,1.0,0.25
receive,1,13,4,43,1,3,0.369490043447277,2,0.0,0.5
receive,6,13,1,43,3,3,0.3360220107457556,1,0.0,1.0
receive,7,6,3,43,1,3,0.532446370119826,1,1.0,0.3333333333333333
receive,7,13,3,43,1,3,0.37898506874490795,2,0.0,0.6666666666666666
receive,9,13,2,43,3,3,0.28365256109023906,2,0.5,1.0
receive,10,1,12,43,2,1,0.5617450945556101,2,0.5,0.16666666666666666
receive,10,6,12,43,2,3,0.5200076789325897,1,0.0,0.08333333333333333
receive,10,13,12,43,2,3,0.3900438526773327,9,0.6666666666666666,0.75
receive,10,2,7,43,3,1,0.512176076449302,1,1.0,0.14285714285714285
receive,10,6,7,43,3,3,0.5112820074819528,2,1.0,0.2857142857142857
receive,10,10,7,43,3,3,0.4467329033350224,1,0.0,0.14285714285714285
receive,10,13,7,43,3,3,0.3154252070114398,3,0.0,0.42857142857142855
receive,11,1,15,43,2,1,0.5628468004790713,5,0.2,0.3333333333333333
receive,11,2,15,43,2,1,0.522110102264659,1,1.0,0.06666666666666667
receive,11,4,15,43,2,1,0.542541890467542,1,1.0,0.06666666666666667
receive,11,6,15,43,2,3,0.533231749514473,2,0.5,0.13333333333333333
receive,11,10,15,43,2,2,0.4801080059326323,1,0.0,0.06666666666666667
receive,11,11,15,43,2,2,0.490723456745279,2,1.0,0.13333333333333333
receive,11,13,15,43,2,3,0.38695684030937977,3,0.6666666666666666,0.2
receive,11,2,9,43,3,1,0.5089094761646036,1,0.0,0.1111111111111111
receive,11,10,9,43,3,2,0.44340752356009683,1,1.0,0.1111111111111111
receive,11,11,9,43,3,3,0.4440281742272321,1,0.0,0.1111111111111111
receive,11,13,9,43,3,3,0.31503735045099773,6,0.3333333333333333,0.6666666666666666
receive,1,1,5,44,1,1,0.6090593357138332,4,0.75,0.8
receive,1,2,5,44,1,1,0.5789737090199292,1,1.0,0.2
receive,10,1,16,44,2,1,0.5781731797648939,7,0.7142857142857143,0.4375
receive,10,2,16,44,2,1,0.5357401520023523,5,0.2,0.3125
receive,10,6,16,44,2,3,0.5386293163865019,1,0.0,0.0625
receive,10,10,16,44,2,2,0.49005826026389865,1,0.0,0.0625
receive,10,13,16,44,2,3,0.4168967810721424,2,0.5,0.125
receive,11,1,4,44,3,1,0.5937418325082018,1,0.0,0.25
receive,11,2,4,44,3,1,0.5482016175452502,1,0.0,0.25
receive,11,10,4,44,3,2,0.46919825915532665,2,1.0,0.5
receive,1,1,10,45,1,0,0.01582763589231332,1,0.0,0.1
receive,1,1,10,45,1,1,0.560324954636887,3,0.3333333333333333,0.3
receive,1,2,10,45,1,1,0.5325468564146296,2,0.5,0.2
receive,1,6,10,45,1,3,0.5178193393172832,1,1.0,0.1
receive,1,13,10,45,1,3,0.3322724454756413,3,0.0,0.3
receive,4,1,3,45,1,1,0.563967381022861,1,1.0,0.3333333333333333
receive,4,13,3,45,1,3,0.33945287881801867,2,0.5,0.6666666666666666
receive,6,13,1,45,3,3,0.24938929664962492,1,1.0,1.0
receive,7,2,1,45,3,1,0.504429808868503,1,1.0,1.0
receive,10,1,20,45,2,1,0.5432111044593865,6,0.6666666666666666,0.3
receive,10,2,20,45,2,0,0.017094588129694617,2,0.0,0.1
receive,10,2,20,45,2,1,0.502112580610989,2,0.5,0.1
receive,10,4,20,45,2,1,0.5274411901222815,1,0.0,0.05
receive,10,6,20,45,2,3,0.5091024792949103,1,1.0,0.05
receive,10,7,20,45,2,1,0.4610119304863696,1,1.0,0.05
receive,10,7,20,45,2,3,0.4659437167645123,1,0.0,0.05
receive,10,10,20,45,2,2,0.4599223802454101,3,0.6666666666666666,0.15
receive,10,13,20,45,2,3,0.36934711016521427,3,0.3333333333333333,0.15
receive,11,1,3,45,2,1,0.5751597986961853,2,0.5,0.6666666666666666
receive,11,11,3,45,2,2,0.49042298792957856,1,1.0,0.3333333333333333
receive,1,1,2,46,1,1,0.454317785719195,1,1.0,0.5
receive,1,6,2,46,1,3,0.4185543836157137,1,1.0,0.5
receive,10,1,10,46,2,1,0.445533280818475,1,0.0,0.1
receive,10,5,10,46,2,1,0.3893713046833291,2,0.0,0.2
receive,10,6,10,46,2,3,0.40055202885690094,4,0.5,0.4
receive,10,13,10,46,2,3,0.28641613531145216,3,0.0,0.3
receive,10,1,4,46,3,1,0.44676289255583973,1,1.0,0.25
receive,10,5,4,46,3,1,0.38728806097461393,1,0.0,0.25
receive,10,6,4,46,3,3,0.4041284425716915,1,0.0,0.25
receive,10,13,4,46,3,3,0.25056123131865676,1,0.0,0.25
receive,11,1,5,46,2,1,0.446041791840472,2,0.0,0.4
receive,11,6,5,46,2,3,0.4124325951143645,1,0.0,0.2
receive,11,10,5,46,2,2,0.3725458243107399,2,0.5,0.4
receive,11,3,1,46,3,2,0.4647060320741146,1,1.0,1.0
receive,1,1,7,47,1,1,0.5659303462605425,1,1.0,0.14285714285714285
receive,1,2,7,47,1,1,0.527089620699672,3,0.3333333333333333,0.42857142857142855
receive,1,5,7,47,1,1,0.5104009408212449,3,0.3333333333333333,0.42857142857142855
receive,4,2,2,47,1,1,0.501216149233706,1,1.0,0.5
receive,4,13,2,47,1,3,0.3396172533617132,1,0.0,0.5
receive,7,2,2,47,1,1,0.5254226106361735,1,1.0,0.5
receive,7,13,2,47,1,3,0.3739661104244213,1,1.0,0.5
receive,7,13,1,47,3,3,0.351011325792163,1,0.0,1.0
receive,10,1,13,47,2,1,0.5672728824988665,1,0.0,0.07692307692307693
receive,10,2,13,47,2,1,0.5261341065973435,2,1.0,0.15384615384615385
receive,10,13,13,47,2,3,0.40072919171913374,10,0.5,0.7692307692307693
receive,11,10,5,47,2,2,0.47067413756648274,1,1.0,0.2
receive,11,11,5,47,2,2,0.4869049693396518,2,0.0,0.4
receive,11,13,5,47,2,3,0.40885944395913515,2,0.5,0.4
receive,1,3,3,48,1,3,0.5291660859168951,2,1.0,0.6666666666666666
receive,1,10,3,48,1,2,0.3724950458446421,1,1.0,0.3333333333333333
receive,6,5,2,48,2,1,0.4231417333650352,2,0.5,1.0
receive,7,1,3,48,3,1,0.47635774485963395,2,0.0,0.6666666666666666
receive,7,6,3,48,3,3,0.44732171809449933,1,1.0,0.3333333333333333
receive,10,1,4,48,2,1,0.4777417665990552,2,0.5,0.5
receive,10,5,4,48,2,1,0.4230468804907799,1,0.0,0.25
receive,10,13,4,48,2,3,0.31378312766511673,1,0.0,0.25
receive,11,1,14,48,2,1,0.4852229816806536,5,0.6,0.35714285714285715
receive,11,3,14,48,2,2,0.49673725865245427,1,0.0,0.07142857142857142
receive,11,3,14,48,2,3,0.49924526500953104,3,0.0,0.21428571428571427
receive,11,5,14,48,2,1,0.4287982329325713,1,0.0,0.07142857142857142
receive,11,6,14,48,2,3,0.4530604085832953,1,1.0,0.07142857142857142
receive,11,11,14,48,2,2,0.4141161790172591,1,0.0,0.07142857142857142
receive,11,13,14,48,2,3,0.2972435588786011,2,1.0,0.14285714285714285
receive,10,2,22,49,2,4,0.6296320932483308,1,0.0,0.045454545454545456
receive,10,10,22,49,2,2,0.4871663054363306,1,0.0,0.045454545454545456
receive,10,12,22,49,2,2,0.5069916293290506,18,0.5555555555555556,0.8181818181818182
receive,10,12,22,49,2,3,0.5009196751791847,1,1.0,0.045454545454545456
receive,10,13,22,49,2,3,0.4137776534266857,1,0.0,0.045454545454545456
receive,12,10,18,49,2,2,0.4686270055693552,2,0.0,0.1111111111111111
receive,12,12,18,49,2,2,0.4874058016277756,13,0.6923076923076923,0.7222222222222222
receive,12,12,18,49,2,5,0.4773328603588176,2,0.5,0.1111111111111111
receive,12,13,18,49,2,3,0.39974494691625684,1,0.0,0.05555555555555555
receive,1,1,13,50,1,1,0.5592388033750845,1,0.0,0.07692307692307693
receive,1,2,13,50,1,1,0.5149698027555248,5,0.8,0.38461538461538464
receive,1,5,13,50,1,1,0.4960177744617677,1,1.0,0.07692307692307693
receive,1,6,13,50,1,2,0.5159892643623369,1,0.0,0.07692307692307693
receive,1,6,13,50,1,3,0.5173681153847679,4,0.75,0.3076923076923077
receive,1,13,13,50,1,3,0.3535884984717376,1,1.0,0.07692307692307693
receive,6,1,10,50,2,1,0.5619573991617071,2,1.0,0.2
receive,6,5,10,50,2,1,0.5057866932484153,3,0.0,0.3
receive,6,6,10,50,2,2,0.5176140075715724,2,0.5,0.2
receive,6,6,10,50,2,3,0.5183216113450287,1,1.0,0.1
receive,6,9,10,50,2,2,0.4914088812042987,1,1.0,0.1
receive,6,13,10,50,2,3,0.3788544651339296,1,1.0,0.1
receive,6,1,11,50,3,1,0.5615274283919132,2,0.5,0.18181818181818182
receive,6,2,11,50,3,1,0.5178962582009353,4,0.25,0.36363636363636365
receive,6,5,11,50,3,1,0.5041956808030398,1,0.0,0.09090909090909091
receive,6,6,11,50,3,3,0.5325669580435375,1,1.0,0.09090909090909091
receive,6,8,11,50,3,3,0.3824921023265842,1,0.0,0.09090909090909091
receive,6,13,11,50,3,3,0.331489052750569,2,0.0,0.18181818181818182
receive,7,2,8,50,1,1,0.5445815100510693,3,0.6666666666666666,0.375
receive,7,6,8,50,1,3,0.5424795116936045,2,1.0,0.25
receive,7,13,8,50,1,3,0.3865959858354824,3,0.3333333333333333,0.375
receive,8,1,2,50,3,1,0.562929799676424,1,1.0,0.5
receive,8,5,2,50,3,1,0.5036094684355676,1,1.0,0.5
receive,9,1,2,50,2,1,0.5696251642734224,1,0.0,0.5
receive,9,5,2,50,2,1,0.5145861829222282,1,0.0,0.5
receive,10,1,18,50,2,1,0.5622781591598877,4,0.25,0.2222222222222222
receive,10,2,18,50,2,1,0.5200782369266235,1,0.0,0.05555555555555555
receive,10,3,18,50,2,3,0.5741228526664288,1,0.0,0.05555555555555555
receive,10,5,18,50,2,1,0.5086482376722524,1,0.0,0.05555555555555555
receive,10,6,18,50,2,3,0.524740055475733,3,1.0,0.16666666666666666
receive,10,7,18,50,2,1,0.47593177973737727,1,0.0,0.05555555555555555
receive,10,10,18,50,2,2,0.4726830900793922,2,1.0,0.1111111111111111
receive,10,12,18,50,2,3,0.48552837016084244,1,1.0,0.05555555555555555
receive,10,13,18,50,2,3,0.39623639559214496,4,0.5,0.2222222222222222
receive,10,10,2,50,5,2,0.5039848777633982,1,1.0,0.5
receive,10,13,2,50,5,3,0.39009140972678136,1,1.0,0.5
receive,11,13,1,50,3,3,0.4046445739608404,1,1.0,1.0
receive,1,6,1,51,1,2,0.5524716783463784,1,1.0,1.0
receive,10,1,9,51,2,1,0.5973660039799763,1,0.0,0.1111111111111111
receive,10,5,9,51,2,1,0.5410456268362355,1,0.0,0.1111111111111111
receive,10,10,9,51,2,2,0.5115855140789256,4,0.75,0.4444444444444444
receive,10,12,9,51,2,2,0.5225558804935218,3,1.0,0.3333333333333333
receive,10,3,5,51,5,3,0.5544792326857114,2,0.0,0.4
receive,10,10,5,51,5,2,0.5313089331058721,2,0.5,0.4
receive,10,12,5,51,5,2,0.5482135394134937,1,1.0,0.2
receive,12,2,10,51,2,1,0.5238273812190569,1,0.0,0.1
receive,12,12,10,51,2,2,0.5101381108487995,9,0.6666666666666666,0.9
receive,1,5,1,52,1,1,0.5511005314133424,1,0.0,1.0
receive,6,3,4,52,2,2,0.571391152923269,1,1.0,0.25
receive,6,5,4,52,2,1,0.5565952708983816,1,1.0,0.25
receive,6,9,4,52,2,2,0.5388738705670405,1,1.0,0.25
receive,6,13,4,52,2,3,0.4285953990912284,1,0.0,0.25
receive,6,3,1,52,3,2,0.5946805788672609,1,1.0,1.0
receive,7,3,1,52,1,2,0.60452898876103,1,1.0,1.0
receive,7,3,2,52,3,2,0.6461858344428265,1,1.0,0.5
receive,7,10,2,52,3,2,0.49237963473190394,1,1.0,0.5
receive,9,5,3,52,2,1,0.5623482834036486,1,0.0,0.3333333333333333
receive,9,10,3,52,2,2,0.5351308364275816,1,1.0,0.3333333333333333
receive,9,10,3,52,2,3,0.5260229972726045,1,0.0,0.3333333333333333
receive,10,3,5,52,2,2,0.6154946135544968,2,1.0,0.4
receive,10,9,5,52,2,2,0.5479022647347006,3,0.6666666666666666,0.6
receive,10,5,1,52,5,0,0.02107588506398577,1,0.0,1.0
receive,1,3,7,53,1,2,0.5862556930764348,2,0.0,0.2857142857142857
receive,1,5,7,53,1,1,0.48979361513760594,3,0.3333333333333333,0.42857142857142855
receive,1,9,7,53,1,2,0.47407190783287734,1,1.0,0.14285714285714285
receive,1,13,7,53,1,3,0.3367957431337812,1,0.0,0.14285714285714285
receive,3,3,4,53,2,2,0.5939364117140196,1,0.0,0.25
receive,3,6,4,53,2,2,0.5168233024792868,2,0.0,0.5
receive,3,13,4,53,2,3,0.3835910090411339,1,1.0,0.25
receive,6,6,3,53,2,2,0.537934500900119,1,1.0,0.3333333333333333
receive,6,9,3,53,2,2,0.5069116365570226,2,0.5,0.6666666666666666
receive,6,5,1,53,3,1,0.5201831629672033,1,0.0,1.0
receive,8,1,1,53,2,1,0.5858214118311204,1,1.0,1.0
receive,8,1,12,53,3,1,0.5840813930624007,1,0.0,0.08333333333333333
receive,8,3,12,53,3,2,0.5656356655998899,2,1.0,0.16666666666666666
receive,8,5,12,53,3,1,0.5273881754714201,1,1.0,0.08333333333333333
receive,8,6,12,53,3,2,0.5496323779496936,1,0.0,0.08333333333333333
receive,8,8,12,53,3,3,0.40161593558482817,2,0.0,0.16666666666666666
receive,8,9,12,53,3,2,0.5021649566796359,5,0.2,0.4166666666666667
receive,9,5,13,53,2,1,0.5244255946353671,3,0.6666666666666666,0.23076923076923078
receive,9,6,13,53,2,2,0.542697073178714,6,0.8333333333333334,0.46153846153846156
receive,9,8,13,53,2,3,0.43993577897957403,1,0.0,0.07692307692307693
receive,9,9,13,53,2,2,0.5221731725477297,2,1.0,0.15384615384615385
receive,9,13,13,53,2,3,0.40661222457619256,1,1.0,0.07692307692307693
receive,9,5,3,53,3,1,0.5095102321666486,1,1.0,0.3333333333333333
receive,9,9,3,53,3,2,0.5002793966024272,1,0.0,0.3333333333333333
receive,9,13,3,53,3,3,0.3246270520090653,1,0.0,0.3333333333333333
receive,10,6,10,53,2,2,0.5220411327986868,1,0.0,0.1
receive,10,6,10,53,2,3,0.5233741973897714,1,0.0,0.1
receive,10,9,10,53,2,2,0.5082729044455885,5,0.8,0.5
receive,10,9,10,53,2,3,0.5070980987768915,1,1.0,0.1
receive,10,13,10,53,2,3,0.3864296931165522,2,0.5,0.2
receive,10,10,1,53,5,2,0.5207740646783755,1,0.0,1.0
receive,11,8,2,53,2,3,0.4470832209892646,1,1.0,0.5
receive,11,10,2,53,2,2,0.48554332211874374,1,0.0,0.5
receive,12,9,1,53,3,2,0.49720439886153844,1,1.0,1.0
receive,1,1,4,54,1,1,0.500310665136287,1,1.0,0.25
receive,1,2,4,54,1,1,0.4629958239675658,1,1.0,0.25
receive,1,5,4,54,1,1,0.445066328498178,1,1.0,0.25
receive,1,6,4,54,1,3,0.4636190088552582,1,1.0,0.25
receive,3,13,1,54,2,3,0.29834832427637387,1,0.0,1.0
receive,4,1,18,54,1,1,0.4822021888248506,1,0.0,0.05555555555555555
receive,4,2,18,54,1,1,0.4458486548622329,2,0.5,0.1111111111111111
receive,4,5,18,54,1,1,0.4203208062266039,4,0.25,0.2222222222222222
receive,4,6,18,54,1,3,0.429694950575128,6,0.16666666666666666,0.3333333333333333
receive,4,13,18,54,1,3,0.2694445123078881,5,0.6,0.2777777777777778
receive,7,13,2,54,1,3,0.3099019067907707,2,0.5,1.0
receive,10,2,6,54,2,1,0.4371742756565835,1,0.0,0.16666666666666666
receive,10,5,6,54,2,1,0.42467671815565405,2,0.5,0.3333333333333333
receive,10,10,6,54,2,2,0.3991651994351402,1,1.0,0.16666666666666666
receive,10,13,6,54,2,3,0.32047440923096177,2,0.5,0.3333333333333333
receive,11,1,6,54,2,1,0.48052429610847214,2,0.0,0.3333333333333333
receive,11,4,6,54,2,1,0.46134757775306756,1,1.0,0.16666666666666666
receive,11,5,6,54,2,1,0.4263784956725912,1,0.0,0.16666666666666666
receive,11,11,6,54,2,2,0.41237887174650806,1,1.0,0.16666666666666666
receive,11,13,6,54,2,3,0.319330245857845,1,0.0,0.16666666666666666
receive,11,2,4,54,3,1,0.42288176876290673,1,0.0,0.25
receive,11,6,4,54,3,3,0.4441963983025243,1,0.0,0.25
receive,11,13,4,54,3,3,0.24846838599539925,2,0.0,0.5
receive,6,13,4,55,3,3,0.21365839000417264,4,0.25,1.0
receive,10,1,10,55,2,1,0.42109543305211733,1,0.0,0.1
receive,10,2,10,55,2,1,0.380689884002096,1,0.0,0.1
receive,10,13,10,55,2,3,0.2696385596794288,8,0.25,0.8
receive,11,1,6,55,2,1,0.4114988491596408,1,0.0,0.16666666666666666
receive,11,6,6,55,2,3,0.38816166095956905,2,0.5,0.3333333333333333
receive,11,11,6,55,2,2,0.34552982919145286,1,0.0,0.16666666666666666
receive,11,13,6,55,2,3,0.2754183427148574,2,0.0,0.3333333333333333
receive,6,12,1,56,2,2,0.3894580315186315,1,1.0,1.0
receive,9,12,2,56,2,2,0.4307454655721923,2,0.0,1.0
receive,10,10,13,56,2,2,0.4269240131735892,2,0.5,0.15384615384615385
receive,10,10,13,56,2,5,0.4738707083300299,2,0.5,0.15384615384615385
receive,10,12,13,56,2,2,0.4353096975705537,8,0.5,0.6153846153846154
receive,10,12,13,56,2,5,0.4805592876122813,1,1.0,0.07692307692307693
receive,12,5,23,56,2,1,0.42145106926865983,1,0.0,0.043478260869565216
receive,12,10,23,56,2,5,0.403417222583106,1,1.0,0.043478260869565216
receive,12,12,23,56,2,2,0.4233370812418495,19,0.2631578947368421,0.8260869565217391
receive,12,12,23,56,2,5,0.41561670547129503,2,0.0,0.08695652173913043
receive,12,12,1,56,3,2,0.39131103406630224,1,1.0,1.0
receive,12,12,1,56,5,2,0.4051901800355197,1,1.0,1.0
receive,1,1,27,57,1,1,0.6171963737583129,12,0.5833333333333334,0.4444444444444444
receive,1,5,27,57,1,1,0.5582079744618335,9,0.5555555555555556,0.3333333333333333
receive,1,6,27,57,1,3,0.5763696287954221,2,1.0,0.07407407407407407
receive,1,11,27,57,1,2,0.5077001934420639,2,0.5,0.07407407407407407
receive,1,13,27,57,1,3,0.40698555211048437,2,0.0,0.07407407407407407
receive,3,5,1,57,3,1,0.5496668355915026,1,1.0,1.0
receive,4,5,1,57,1,1,0.5467307921159054,1,1.0,1.0
receive,6,1,6,57,3,1,0.5997362245639112,3,1.0,0.5
receive,6,5,6,57,3,1,0.5372895474485468,1,0.0,0.16666666666666666
receive,6,6,6,57,3,3,0.5633485673048234,1,1.0,0.16666666666666666
receive,6,13,6,57,3,3,0.31918421993160495,1,0.0,0.16666666666666666
receive,7,1,6,57,1,1,0.6117420451392427,2,1.0,0.3333333333333333
receive,7,5,6,57,1,1,0.555940916247085,3,0.6666666666666666,0.5
receive,7,13,6,57,1,3,0.3979123250695664,1,0.0,0.16666666666666666
receive,7,1,6,57,3,1,0.6027569582304496,4,0.75,0.6666666666666666
receive,7,6,6,57,3,2,0.5683715640094261,1,1.0,0.16666666666666666
receive,7,13,6,57,3,3,0.339833925180229,1,0.0,0.16666666666666666
receive,10,1,29,57,2,1,0.6083874909666124,9,0.5555555555555556,0.3103448275862069
receive,10,2,29,57,2,1,0.5662400315911212,1,1.0,0.034482758620689655
receive,10,3,29,57,2,3,0.6110354510510326,2,1.0,0.06896551724137931
receive,10,5,29,57,2,1,0.551081874926088,4,0.25,0.13793103448275862
receive,10,6,29,57,2,3,0.5675456059187122,1,0.0,0.034482758620689655
receive,10,10,29,57,2,2,0.5264113240945698,2,0.0,0.06896551724137931
receive,10,13,29,57,2,0,0.0265035519833704,1,0.0,0.034482758620689655
receive,10,13,29,57,2,3,0.4331454463160676,9,0.6666666666666666,0.3103448275862069
receive,10,13,1,57,3,3,0.31796548044552136,1,0.0,1.0
receive,11,1,22,57,2,1,0.6135409931913923,12,0.8333333333333334,0.5454545454545454
receive,11,5,22,57,2,1,0.5596049647205377,1,0.0,0.045454545454545456
receive,11,6,22,57,2,3,0.5831665369378471,1,0.0,0.045454545454545456
receive,11,10,22,57,2,2,0.5380465746474802,3,0.3333333333333333,0.13636363636363635
receive,11,10,22,57,2,3,0.5231194563027163,1,0.0,0.045454545454545456
receive,11,13,22,57,2,3,0.42528542890035526,4,0.25,0.18181818181818182
receive,11,1,1,57,5,1,0.6710163188365138,1,0.0,1.0
receive,1,6,3,58,1,3,0.41275088252877534,3,0.3333333333333333,1.0
receive,4,2,2,58,4,1,0.41386242597077205,1,1.0,0.5
receive,4,6,2,58,4,3,0.4199691158332163,1,1.0,0.5
receive,7,5,2,58,1,1,0.4027910056514715,1,0.0,0.5
receive,7,6,2,58,1,3,0.41385643965515834,1,0.0,0.5
receive,10,1,7,58,2,0,0.01021630479858207,1,0.0,0.14285714285714285
receive,10,1,7,58,2,1,0.4269604843250688,1,0.0,0.14285714285714285
receive,10,6,7,58,2,3,0.37762048624365974,1,1.0,0.14285714285714285
receive,10,13,7,58,2,0,0.009224512375746254,1,0.0,0.14285714285714285
receive,10,13,7,58,2,3,0.25860982530732085,3,0.0,0.42857142857142855
receive,10,13,2,58,3,3,0.18423382889544893,2,0.0,1.0
receive,11,11,1,58,2,2,0.37732681053844336,1,0.0,1.0
receive,1,6,2,59,1,3,0.5700493659893864,2,1.0,1.0
receive,4,2,10,59,1,1,0.5186528903732289,7,0.5714285714285714,0.7
receive,4,6,10,59,1,3,0.5151321740223263,2,1.0,0.2
receive,4,13,10,59,1,3,0.3490171215578122,1,0.0,0.1
receive,6,2,3,59,3,1,0.5346803015705329,3,0.3333333333333333,1.0
receive,7,2,3,59,1,1,0.5459195619101719,1,1.0,0.3333333333333333
receive,7,13,3,59,1,3,0.3974019761868217,2,0.5,0.6666666666666666
receive,10,2,13,59,2,1,0.5402851104681076,2,0.5,0.15384615384615385
receive,10,6,13,59,2,3,0.5498318755733196,1,1.0,0.07692307692307693
receive,10,10,13,59,2,2,0.49142032648578926,1,1.0,0.07692307692307693
receive,10,10,13,59,2,3,0.4823447792103512,2,0.5,0.15384615384615385
receive,10,10,13,59,2,5,0.5587678940294241,2,1.0,0.15384615384615385
receive,10,13,13,59,2,3,0.42356682198210205,5,0.2,0.38461538461538464
receive,10,2,2,59,5,1,0.5671298274186762,1,0.0,0.5
receive,10,13,2,59,5,3,0.46687814941045563,1,0.0,0.5
receive,11,2,1,59,3,1,0.5192028145541797,1,0.0,1.0
receive,1,1,4,61,1,1,0.4103615608276604,1,1.0,0.25
receive,1,5,4,61,1,1,0.35757589817317725,2,0.0,0.5
receive,1,6,4,61,1,3,0.37548583433952787,1,0.0,0.25
receive,7,6,1,61,1,3,0.3713672257966954,1,0.0,1.0
receive,10,6,3,61,2,3,0.3494835663712858,1,1.0,0.3333333333333333
receive,10,13,3,61,2,3,0.2309336690051257,2,0.5,0.6666666666666666
receive,11,13,1,61,3,3,0.1695092308750604,1,0.0,1.0
receive,1,1,9,62,1,1,0.4863891434692872,1,1.0,0.1111111111111111
receive,1,2,9,62,1,1,0.4474885941735537,1,1.0,0.1111111111111111
receive,1,5,9,62,1,1,0.4290917087447223,2,0.0,0.2222222222222222
receive,1,6,9,62,1,3,0.44823255782096694,2,0.0,0.2222222222222222
receive,1,13,9,62,1,3,0.2924881892980042,3,0.6666666666666666,0.3333333333333333
receive,4,1,14,62,1,1,0.47898463978768385,2,0.0,0.14285714285714285
receive,4,2,14,62,1,1,0.4424446292365492,1,1.0,0.07142857142857142
receive,4,5,14,62,1,1,0.41859530742608814,4,0.25,0.2857142857142857
receive,4,6,14,62,1,3,0.43157783072997674,4,0.25,0.2857142857142857
receive,4,13,14,62,1,0,0.01034837384593904,1,0.0,0.07142857142857142
receive,4,13,14,62,1,3,0.2720082307455713,2,0.0,0.14285714285714285
receive,10,2,8,62,2,1,0.4324250162002783,2,0.5,0.25
receive,10,5,8,62,2,1,0.41510738146545556,1,0.0,0.125
receive,10,13,8,62,2,3,0.3062250184085125,5,0.6,0.625
receive,11,1,15,62,2,1,0.468076322705848,5,0.4,0.3333333333333333
receive,11,4,15,62,2,1,0.44427524771754784,1,0.0,0.06666666666666667
receive,11,5,15,62,2,1,0.4124269333475533,1,1.0,0.06666666666666667
receive,11,6,15,62,2,3,0.4383466984342528,1,1.0,0.06666666666666667
receive,11,10,15,62,2,2,0.39226154863320933,1,0.0,0.06666666666666667
receive,11,10,15,62,2,5,0.39988832469273994,2,0.0,0.13333333333333333
receive,11,11,15,62,2,3,0.3852898696210107,1,0.0,0.06666666666666667
receive,11,13,15,62,2,3,0.2991375039699369,2,0.0,0.13333333333333333
receive,11,14,15,62,2,1,0.21321774030864177,1,0.0,0.06666666666666667
receive,11,2,2,62,3,1,0.46221741410085304,1,1.0,0.5
receive,11,4,2,62,3,1,0.48850254139959315,1,1.0,0.5
receive,1,2,4,63,1,1,0.48729449666367874,1,1.0,0.25
receive,1,6,4,63,1,3,0.4783555323842692,1,0.0,0.25
receive,1,13,4,63,1,3,0.3083644189698966,2,0.0,0.5
receive,7,1,2,63,1,1,0.5179512896781954,2,0.5,1.0
receive,7,13,1,63,3,3,0.24615740243303258,1,0.0,1.0
receive,8,2,2,63,3,1,0.4883592581460841,1,0.0,0.5
receive,8,8,2,63,3,3,0.35236720904757757,1,0.0,0.5
receive,10,13,1,63,2,3,0.32145997823885425,1,1.0,1.0
receive,11,4,4,63,2,4,0.4918325116658989,1,1.0,0.25
receive,11,6,4,63,2,3,0.4860921358646181,1,0.0,0.25
receive,11,8,4,63,2,3,0.4023661740950341,1,0.0,0.25
receive,11,10,4,63,2,2,0.4456161331843979,1,0.0,0.25
receive,1,1,52,64,1,1,0.5906513556479106,8,0.625,0.15384615384615385
receive,1,3,52,64,1,3,0.5922212818501252,5,0.4,0.09615384615384616
receive,1,5,52,64,1,1,0.5341510036019964,5,0.6,0.09615384615384616
receive,1,6,52,64,1,3,0.5521104150315878,19,0.631578947368421,0.36538461538461536
receive,1,11,52,64,1,2,0.47812656832979195,4,0.5,0.07692307692307693
receive,1,13,52,64,1,3,0.3838392332821669,11,0.45454545454545453,0.21153846153846154
receive,3,1,3,64,3,1,0.5897108297304577,1,0.0,0.3333333333333333
receive,3,11,3,64,3,2,0.45128679946893496,2,0.5,0.6666666666666666
receive,4,1,18,64,1,1,0.572968725575491,1,0.0,0.05555555555555555
receive,4,2,18,64,1,0,0.020383868600832595,1,0.0,0.05555555555555555
receive,4,2,18,64,1,1,0.5305158712016991,1,0.0,0.05555555555555555
receive,4,5,18,64,1,1,0.5134521290241492,4,0.75,0.2222222222222222
receive,4,6,18,64,1,3,0.5232956245538574,5,0.2,0.2777777777777778
receive,4,13,18,64,1,3,0.35732328320929657,6,0.5,0.3333333333333333
receive,4,1,14,64,4,1,0.6045653076683701,1,0.0,0.07142857142857142
receive,4,2,14,64,4,1,0.5632485527392328,1,0.0,0.07142857142857142
receive,4,5,14,64,4,1,0.5430082176395578,1,0.0,0.07142857142857142
receive,4,6,14,64,4,3,0.5680950154498868,8,0.625,0.5714285714285714
receive,4,13,14,64,4,3,0.34500698898808474,3,0.3333333333333333,0.21428571428571427
receive,6,1,2,64,2,1,0.5742278441279627,1,1.0,0.5
receive,6,13,2,64,2,0,0.0216624858161155,1,0.0,0.5
receive,6,6,5,64,3,3,0.5535629802895468,3,1.0,0.6
receive,6,11,5,64,3,2,0.4588743938838089,1,0.0,0.2
receive,6,13,5,64,3,3,0.33746419222380153,1,0.0,0.2
receive,7,2,5,64,1,1,0.55089746020382,1,1.0,0.2
receive,7,5,5,64,1,1,0.5415235988214633,3,0.6666666666666666,0.6
receive,7,6,5,64,1,3,0.554280381412299,1,1.0,0.2
receive,7,1,4,64,3,1,0.5764837069625477,1,1.0,0.25
receive,7,3,4,64,3,3,0.621847985518075,1,1.0,0.25
receive,7,6,4,64,3,3,0.5467769832184339,2,0.5,0.5
receive,10,1,119,64,2,1,0.5796343487524143,20,0.8,0.16806722689075632
receive,10,2,119,64,2,1,0.5372198312723903,18,0.5,0.15126050420168066
receive,10,3,119,64,2,3,0.5722018832177007,4,0.5,0.03361344537815126
receive,10,5,119,64,2,1,0.5228941233009442,8,0.625,0.06722689075630252
receive,10,6,119,64,2,3,0.537785038635192,17,0.5294117647058824,0.14285714285714285
receive,10,10,119,64,2,2,0.49644823886509437,10,0.6,0.08403361344537816
receive,10,11,119,64,2,2,0.505078663256582,1,0.0,0.008403361344537815
receive,10,13,119,64,2,3,0.40735085241284297,41,0.5853658536585366,0.3445378151260504
receive,10,2,10,64,3,1,0.5122658745583191,2,0.5,0.2
receive,10,6,10,64,3,3,0.5112337723334844,2,1.0,0.2
receive,10,13,10,64,3,3,0.28932887119469014,6,0.16666666666666666,0.6
receive,10,13,1,64,5,3,0.37407852269046116,1,0.0,1.0
receive,11,1,62,64,2,1,0.593128010120928,31,0.6774193548387096,0.5
receive,11,2,62,64,2,1,0.5529144083650003,3,0.3333333333333333,0.04838709677419355
receive,11,3,62,64,2,3,0.6086983977170574,2,1.0,0.03225806451612903
receive,11,4,62,64,2,1,0.5704601028414695,1,1.0,0.016129032258064516
receive,11,4,62,64,2,4,0.5753404452261549,1,0.0,0.016129032258064516
receive,11,5,62,64,2,1,0.540110302952357,4,0.75,0.06451612903225806
receive,11,6,62,64,2,3,0.5625680112723457,1,1.0,0.016129032258064516
receive,11,10,62,64,2,2,0.5046722042227443,13,0.5384615384615384,0.20967741935483872
receive,11,10,62,64,2,3,0.48937353498178054,1,1.0,0.016129032258064516
receive,11,11,62,64,2,2,0.5175452615994484,2,0.5,0.03225806451612903
receive,11,13,62,64,2,0,0.020033934383000544,1,0.0,0.016129032258064516
receive,11,13,62,64,2,3,0.41411123080259515,2,0.0,0.03225806451612903
receive,11,1,7,64,3,1,0.576119456660279,3,0.3333333333333333,0.42857142857142855
receive,11,5,7,64,3,1,0.5155338852441963,1,0.0,0.14285714285714285
receive,11,13,7,64,3,0,0.02012124583074238,1,0.0,0.14285714285714285
receive,11,13,7,64,3,3,0.312106753881293,2,0.5,0.2857142857142857
receive,1,3,4,65,1,2,0.4428010371224247,1,0.0,0.25
receive,1,13,4,65,1,0,0.008733215299963338,1,0.0,0.25
receive,1,13,4,65,1,3,0.2480734023808366,2,0.5,0.5
receive,4,1,5,65,1,1,0.428329896688204,1,0.0,0.2
receive,4,2,5,65,1,1,0.38510367616398955,1,0.0,0.2
receive,4,6,5,65,1,3,0.37873030024674825,1,1.0,0.2
receive,4,13,5,65,1,3,0.2384453962785754,2,0.0,0.4
receive,6,5,1,65,3,1,0.38827282801202534,1,0.0,1.0
receive,7,13,1,65,1,3,0.19986678234825325,1,1.0,1.0
receive,10,6,3,65,2,3,0.39807330403356006,1,0.0,0.3333333333333333
receive,10,13,3,65,2,0,0.008804813228952183,1,0.0,0.3333333333333333
receive,10,13,3,65,2,3,0.27876032160190284,1,0.0,0.3333333333333333
receive,10,13,1,65,3,3,0.24096797733378067,1,0.0,1.0
receive,10,10,12,66,2,2,0.4681618417838385,3,0.6666666666666666,0.25
receive,10,12,12,66,2,2,0.48442963031832686,6,0.6666666666666666,0.5
receive,10,12,12,66,2,3,0.4784472830799075,2,0.5,0.16666666666666666
receive,10,12,12,66,2,5,0.5371732393081747,1,1.0,0.08333333333333333
receive,10,2,4,66,3,1,0.5200297814888164,1,1.0,0.25
receive,10,12,4,66,3,2,0.4614221586499946,1,0.0,0.25
receive,10,13,4,66,3,3,0.3475320382826296,2,0.0,0.5
receive,10,12,1,66,5,2,0.5207123900941109,1,0.0,1.0
receive,12,12,18,66,2,2,0.4652712270200502,15,0.26666666666666666,0.8333333333333334
receive,12,12,18,66,2,3,0.4588900001852187,2,0.5,0.1111111111111111
receive,12,13,18,66,2,3,0.3764488933707956,1,0.0,0.05555555555555555
receive,12,12,1,66,5,5,0.4755781534383551,1,0.0,1.0
receive,1,6,1,67,1,3,0.3928494609642699,1,1.0,1.0
receive,4,6,2,67,1,3,0.3759563312295547,1,0.0,0.5
receive,4,13,2,67,1,3,0.21596965198329884,1,0.0,0.5
receive,7,5,5,67,1,1,0.40425311463747854,1,1.0,0.2
receive,7,6,5,67,1,3,0.4136743273962981,3,0.6666666666666666,0.6
receive,7,13,5,67,1,3,0.2755241576462433,1,0.0,0.2
receive,10,1,11,67,2,1,0.4471369664740425,1,0.0,0.09090909090909091
receive,10,2,11,67,2,1,0.41265293735371705,2,0.0,0.18181818181818182
receive,10,5,11,67,2,1,0.3901496368200623,1,0.0,0.09090909090909091
receive,10,6,11,67,2,3,0.40025382850564123,3,0.3333333333333333,0.2727272727272727
receive,10,13,11,67,2,0,0.008057273034101765,1,0.0,0.09090909090909091
receive,10,13,11,67,2,3,0.28266016810419087,3,0.3333333333333333,0.2727272727272727
receive,11,1,10,67,2,1,0.4414830381578138,5,0.4,0.5
receive,11,2,10,67,2,1,0.403171562824861,1,0.0,0.1
receive,11,5,10,67,2,1,0.387791273790479,1,0.0,0.1
receive,11,6,10,67,2,3,0.40893620746211184,1,0.0,0.1
receive,11,12,10,67,2,2,0.379770938479815,1,0.0,0.1
receive,11,13,10,67,2,3,0.29565930553754216,1,1.0,0.1
receive,11,6,1,67,3,3,0.4851486005677751,1,1.0,1.0
receive,1,1,5,68,1,1,0.6021275454751407,2,0.0,0.4
receive,1,12,5,68,1,2,0.4765102455268903,3,1.0,0.6
receive,10,1,7,68,2,1,0.5754475748133621,1,1.0,0.14285714285714285
receive,10,8,7,68,2,3,0.4185244406936885,1,1.0,0.14285714285714285
receive,10,12,7,68,2,2,0.4996042307972704,4,1.0,0.5714285714285714
receive,10,12,7,68,2,3,0.49602592293754294,1,1.0,0.14285714285714285
receive,10,12,3,68,3,2,0.4682595038646396,1,1.0,0.3333333333333333
receive,10,12,3,68,3,3,0.4661970001865092,2,1.0,0.6666666666666666
receive,11,12,1,68,2,3,0.4990070721448856,1,0.0,1.0
receive,12,10,5,68,3,3,0.4548709617642131,1,0.0,0.2
receive,12,12,5,68,3,2,0.4662137362781042,1,1.0,0.2
receive,12,12,5,68,3,3,0.46175976361059307,2,0.0,0.4
receive,12,13,5,68,3,3,0.31161578062996775,1,0.0,0.2
receive,1,1,21,69,1,1,0.5272266928694601,4,0.25,0.19047619047619047
receive,1,2,21,69,1,1,0.48755930999414265,2,0.0,0.09523809523809523
receive,1,5,21,69,1,1,0.46906754911139925,6,0.6666666666666666,0.2857142857142857
receive,1,6,21,69,1,3,0.48697981872848456,3,0.6666666666666666,0.14285714285714285
receive,1,13,21,69,1,3,0.32856264101868293,6,0.6666666666666666,0.2857142857142857
receive,4,1,24,69,1,1,0.5103016632403518,2,1.0,0.08333333333333333
receive,4,2,24,69,1,1,0.4664895488297371,10,0.6,0.4166666666666667
receive,4,5,24,69,1,1,0.4472190258032782,7,0.5714285714285714,0.2916666666666667
receive,4,6,24,69,1,3,0.4569520880183622,2,0.5,0.08333333333333333
receive,4,13,24,69,1,3,0.296755026121601,3,0.3333333333333333,0.125
receive,4,6,5,69,4,3,0.5048220834836948,4,0.25,0.8
receive,4,13,5,69,4,3,0.2929428686875544,1,1.0,0.2
receive,6,6,4,69,3,3,0.4941198577706477,2,1.0,0.5
receive,6,13,4,69,3,3,0.305367233158699,2,0.0,0.5
receive,7,2,4,69,1,1,0.4846105650142443,2,0.5,0.5
receive,7,6,4,69,1,3,0.48725629767069234,1,1.0,0.25
receive,7,13,4,69,1,3,0.32613419863692233,1,1.0,0.25
receive,7,1,6,69,3,1,0.5233687920802041,1,0.0,0.16666666666666666
receive,7,5,6,69,3,1,0.46392061234989396,1,0.0,0.16666666666666666
receive,7,6,6,69,3,3,0.4946031660583065,2,1.0,0.3333333333333333
receive,7,13,6,69,3,3,0.281138464358522,2,0.0,0.3333333333333333
receive,10,1,43,69,2,1,0.5305979321838894,12,0.75,0.27906976744186046
receive,10,2,43,69,2,1,0.4881800305011126,10,0.4,0.23255813953488372
receive,10,5,43,69,2,1,0.47768386151292813,3,0.6666666666666666,0.06976744186046512
receive,10,6,43,69,2,3,0.4958133270102763,2,0.0,0.046511627906976744
receive,10,7,43,69,2,3,0.4521836360384946,1,0.0,0.023255813953488372
receive,10,10,43,69,2,2,0.4427452369460542,4,0.5,0.09302325581395349
receive,10,10,43,69,2,5,0.5015662355321657,1,0.0,0.023255813953488372
receive,10,13,43,69,2,3,0.37156671683963816,10,0.5,0.23255813953488372
receive,10,1,6,69,3,1,0.5393980873363531,1,0.0,0.16666666666666666
receive,10,2,6,69,3,1,0.49326098882370645,2,0.0,0.3333333333333333
receive,10,5,6,69,3,1,0.4797287584536419,1,0.0,0.16666666666666666
receive,10,13,6,69,3,3,0.3251990429072928,2,0.0,0.3333333333333333
receive,10,5,6,69,5,1,0.4563273429219434,1,0.0,0.16666666666666666
receive,10,7,6,69,5,3,0.4504185312498932,1,1.0,0.16666666666666666
receive,10,13,6,69,5,3,0.3864842239315842,4,0.5,0.6666666666666666
receive,11,1,15,69,2,1,0.5367798480206089,8,0.75,0.5333333333333333
receive,11,5,15,69,2,1,0.4858096980745217,2,1.0,0.13333333333333333
receive,11,7,15,69,2,1,0.43736186614132055,1,1.0,0.06666666666666667
receive,11,10,15,69,2,2,0.43050305722182575,3,0.0,0.2
receive,11,11,15,69,2,2,0.4533891748322298,1,1.0,0.06666666666666667
receive,11,1,4,69,3,1,0.5350979965353254,2,1.0,0.5
receive,11,13,4,69,3,3,0.33428944828922247,2,0.5,0.5
receive,1,1,45,70,1,0,0.009398451730159482,1,0.0,0.022222222222222223
receive,1,1,45,70,1,1,0.4781638772724029,6,0.3333333333333333,0.13333333333333333
receive,1,2,45,70,1,1,0.4478564768846979,14,0.5,0.3111111111111111
receive,1,3,45,70,1,2,0.4885844380960465,1,1.0,0.022222222222222223
receive,1,5,45,70,1,0,0.00990513931985098,1,0.0,0.022222222222222223
receive,1,5,45,70,1,1,0.4180118036048024,9,0.3333333333333333,0.2
receive,1,6,45,70,1,3,0.4354047894768352,6,0.5,0.13333333333333333
receive,1,12,45,70,1,2,0.3655210425223795,1,1.0,0.022222222222222223
receive,1,13,45,70,1,0,0.009847779193246515,2,0.0,0.044444444444444446
receive,1,13,45,70,1,3,0.26420630762683567,4,0.25,0.08888888888888889
receive,4,1,38,70,1,1,0.453563791367198,5,0.4,0.13157894736842105
receive,4,2,38,70,1,1,0.4163111289542371,4,0.75,0.10526315789473684
receive,4,5,38,70,1,0,0.009315073978348541,1,0.0,0.02631578947368421
receive,4,5,38,70,1,1,0.3902670699883247,8,0.625,0.21052631578947367
receive,4,6,38,70,1,3,0.40008738112934317,10,0.1,0.2631578947368421
receive,4,13,38,70,1,3,0.24060503253421656,10,0.1,0.2631578947368421
receive,4,1,10,70,4,0,0.00861925486085532,1,0.0,0.1
receive,4,1,10,70,4,1,0.4694794525031766,2,0.0,0.2
receive,4,2,10,70,4,1,0.42755767591178007,1,1.0,0.1
receive,4,5,10,70,4,1,0.4102975322842381,2,0.5,0.2
receive,4,13,10,70,4,3,0.23290716824858956,4,0.25,0.4
receive,7,1,28,70,1,0,0.01043017343274107,1,0.0,0.03571428571428571
receive,7,2,28,70,1,1,0.4413319865316592,10,0.3,0.35714285714285715
receive,7,5,28,70,1,1,0.4261718506178425,7,0.5714285714285714,0.25
receive,7,6,28,70,1,3,0.4363531115082256,5,0.2,0.17857142857142858
receive,7,13,28,70,1,3,0.28651719384084473,5,0.2,0.17857142857142858
receive,10,1,44,70,2,1,0.48638563309946575,7,0.5714285714285714,0.1590909090909091
receive,10,2,44,70,2,1,0.45163943883950475,14,0.2857142857142857,0.3181818181818182
receive,10,5,44,70,2,1,0.43024385153207995,5,0.2,0.11363636363636363
receive,10,6,44,70,2,0,0.010147143607524193,1,0.0,0.022727272727272728
receive,10,6,44,70,2,3,0.4459618486147003,4,0.25,0.09090909090909091
receive,10,10,44,70,2,3,0.4043737405618187,1,0.0,0.022727272727272728
receive,10,13,44,70,2,0,0.009965054306382537,1,0.0,0.022727272727272728
receive,10,13,44,70,2,3,0.31731319918187206,9,0.2222222222222222,0.20454545454545456
receive,10,14,44,70,2,1,0.269822839169314,2,0.5,0.045454545454545456
receive,10,1,7,70,3,1,0.44751054711374344,1,1.0,0.14285714285714285
receive,10,2,7,70,3,1,0.4038167135926433,1,0.0,0.14285714285714285
receive,10,6,7,70,3,3,0.4097531262183457,1,0.0,0.14285714285714285
receive,10,13,7,70,3,3,0.23134820104534098,4,0.0,0.5714285714285714
receive,10,1,7,70,5,1,0.4451418789301876,1,0.0,0.14285714285714285
receive,10,2,7,70,5,1,0.4137650178735643,3,0.3333333333333333,0.42857142857142855
receive,10,5,7,70,5,1,0.393652294978993,1,1.0,0.14285714285714285
receive,10,10,7,70,5,2,0.4156182772369264,1,1.0,0.14285714285714285
receive,10,13,7,70,5,0,0.01006276169122157,1,0.0,0.14285714285714285
receive,11,1,81,70,2,1,0.4768303634206437,33,0.5757575757575758,0.4074074074074074
receive,11,2,81,70,2,1,0.43723783125399684,13,0.46153846153846156,0.16049382716049382
receive,11,3,81,70,2,2,0.4958872276645932,1,1.0,0.012345679012345678
receive,11,4,81,70,2,1,0.4558539469032885,1,1.0,0.012345679012345678
receive,11,5,81,70,2,1,0.4248041250997527,2,0.0,0.024691358024691357
receive,11,6,81,70,2,3,0.449727267205869,1,0.0,0.012345679012345678
receive,11,7,81,70,2,0,0.01006521890277759,1,0.0,0.012345679012345678
receive,11,7,81,70,2,1,0.3938351927409264,2,0.5,0.024691358024691357
receive,11,10,81,70,2,2,0.38804803359844575,6,0.5,0.07407407407407407
receive,11,11,81,70,2,0,0.010802076204791532,2,0.0,0.024691358024691357
receive,11,11,81,70,2,2,0.4056609051999936,10,0.7,0.12345679012345678
receive,11,11,81,70,2,3,0.3908866482194429,2,0.0,0.024691358024691357
receive,11,12,81,70,2,2,0.4144508885372073,1,0.0,0.012345679012345678
receive,11,13,81,70,2,3,0.3273922158685956,5,0.2,0.06172839506172839
receive,11,14,81,70,2,1,0.23949111896453434,1,0.0,0.012345679012345678
receive,11,1,23,70,3,1,0.45952754607508556,3,0.3333333333333333,0.13043478260869565
receive,11,2,23,70,3,1,0.41603603896959607,5,0.4,0.21739130434782608
receive,11,5,23,70,3,1,0.40031350370822383,1,0.0,0.043478260869565216
receive,11,7,23,70,3,1,0.34905988486372147,1,0.0,0.043478260869565216
receive,11,10,23,70,3,3,0.34164627832798933,2,0.5,0.08695652173913043
receive,11,11,23,70,3,2,0.36011203688573784,1,1.0,0.043478260869565216
receive,11,11,23,70,3,3,0.3509902939155283,1,0.0,0.043478260869565216
receive,11,13,23,70,3,3,0.23965440407180724,9,0.0,0.391304347826087
receive,11,1,11,70,5,1,0.4843492117440418,7,0.8571428571428571,0.6363636363636364
receive,11,4,11,70,5,1,0.4739958018051464,1,0.0,0.09090909090909091
receive,11,10,11,70,5,2,0.3919951006352873,1,1.0,0.09090909090909091
receive,11,10,11,70,5,5,0.4032301352150791,1,1.0,0.09090909090909091
receive,11,11,11,70,5,5,0.41196391990888925,1,0.0,0.09090909090909091
receive,1,5,7,71,1,1,0.427108257887211,2,1.0,0.2857142857142857
receive,1,6,7,71,1,3,0.4452084155189267,4,0.5,0.5714285714285714
receive,1,13,7,71,1,0,0.010632059136646249,1,0.0,0.14285714285714285
receive,4,1,6,71,1,1,0.46565732014283734,1,1.0,0.16666666666666666
receive,4,2,6,71,1,1,0.424069592429188,2,0.0,0.3333333333333333
receive,4,6,6,71,1,3,0.4168643259515739,1,1.0,0.16666666666666666
receive,4,13,6,71,1,0,0.01040387893698915,1,0.0,0.16666666666666666
receive,4,13,6,71,1,3,0.2599828021874378,1,0.0,0.16666666666666666
receive,7,2,3,71,1,1,0.44170918293355205,2,1.0,0.6666666666666666
receive,7,13,3,71,1,3,0.30030868900434543,1,0.0,0.3333333333333333
receive,10,2,12,71,2,1,0.4280312521672685,1,0.0,0.08333333333333333
receive,10,3,12,71,2,2,0.47324950086948653,1,0.0,0.08333333333333333
receive,10,6,12,71,2,3,0.4321466910907394,1,1.0,0.08333333333333333
receive,10,13,12,71,2,3,0.31035619541835174,9,0.3333333333333333,0.75
receive,10,5,4,71,3,1,0.3801329534562312,1,0.0,0.25
receive,10,13,4,71,3,0,0.010993290840488869,1,0.0,0.25
receive,10,13,4,71,3,3,0.20404603226822823,2,0.5,0.5
receive,11,1,3,71,2,1,0.48984024340510385,1,0.0,0.3333333333333333
receive,11,10,3,71,2,2,0.3906027848825371,2,0.0,0.6666666666666666
receive,1,1,35,72,1,1,0.46835247267456886,4,1.0,0.11428571428571428
receive,1,2,35,72,1,1,0.42818083224457837,3,0.6666666666666666,0.08571428571428572
receive,1,5,35,72,1,1,0.40772865972354155,6,0.0,0.17142857142857143
receive,1,6,35,72,1,3,0.42669200163888343,14,0.5714285714285714,0.4
receive,1,13,35,72,1,3,0.27293125480116426,8,0.625,0.22857142857142856
receive,4,1,100,72,1,1,0.46254612301491854,15,0.5333333333333333,0.15
receive,4,2,100,72,1,1,0.42323322386262724,11,0.2727272727272727,0.11
receive,4,5,100,72,1,1,0.40075718453935016,12,0.3333333333333333,0.12
receive,4,6,100,72,1,3,0.411532547452856,24,0.375,0.24
receive,4,7,100,72,1,1,0.3611468016679523,1,0.0,0.01
receive,4,13,100,72,1,3,0.2552166938172946,37,0.32432432432432434,0.37
receive,4,5,1,72,4,1,0.37353684281224714,1,1.0,1.0
receive,6,6,7,72,3,3,0.4445170536026361,4,0.5,0.5714285714285714
receive,6,13,7,72,3,3,0.25352930947981267,3,0.6666666666666666,0.42857142857142855
receive,7,1,4,72,1,1,0.5176596888558509,1,0.0,0.25
receive,7,6,4,72,1,3,0.46692573407438265,1,0.0,0.25
receive,7,13,4,72,1,3,0.30703913541607797,2,0.5,0.5
receive,10,1,47,72,2,1,0.46503032561170915,5,0.2,0.10638297872340426
receive,10,2,47,72,2,1,0.4244690799288778,9,0.4444444444444444,0.19148936170212766
receive,10,4,47,72,2,1,0.4355011581885199,1,1.0,0.02127659574468085
receive,10,5,47,72,2,1,0.4072079446236375,4,0.0,0.0851063829787234
receive,10,6,47,72,2,3,0.4233347567784296,7,0.2857142857142857,0.14893617021276595
receive,10,10,47,72,2,2,0.38830601468354686,1,1.0,0.02127659574468085
receive,10,11,47,72,2,2,0.39212428495717205,2,0.0,0.0425531914893617
receive,10,13,47,72,2,0,0.010567965554181795,1,0.0,0.02127659574468085
receive,10,13,47,72,2,3,0.29626785868847894,17,0.17647058823529413,0.3617021276595745
receive,10,5,4,72,3,1,0.3978389432458763,1,1.0,0.25
receive,10,13,4,72,3,3,0.24865439284149063,3,0.0,0.75
receive,10,1,2,72,5,1,0.45823182009346264,1,1.0,0.5
receive,10,11,2,72,5,2,0.43003674580302315,1,1.0,0.5
receive,11,1,78,72,2,0,0.010821072305925787,1,0.0,0.01282051282051282
receive,11,1,78,72,2,1,0.4698912518742918,30,0.5333333333333333,0.38461538461538464
receive,11,2,78,72,2,1,0.4293284595678716,7,0.2857142857142857,0.08974358974358974
receive,11,4,78,72,2,1,0.4448980382592906,4,0.75,0.05128205128205128
receive,11,5,78,72,2,1,0.4157504548310845,2,0.0,0.02564102564102564
receive,11,6,78,72,2,3,0.4393411267167222,3,0.6666666666666666,0.038461538461538464
receive,11,7,78,72,2,1,0.38826817526812574,8,0.375,0.10256410256410256
receive,11,10,78,72,2,2,0.3891403452623621,7,0.5714285714285714,0.08974358974358974
receive,11,11,78,72,2,2,0.3991742924427604,7,0.42857142857142855,0.08974358974358974
receive,11,13,78,72,2,3,0.30096923510911733,9,0.1111111111111111,0.11538461538461539
receive,11,1,24,72,3,1,0.47997749234727705,5,0.4,0.20833333333333334
receive,11,5,24,72,3,1,0.42222284956424333,3,0.3333333333333333,0.125
receive,11,6,24,72,3,3,0.45814252709178277,6,0.5,0.25
receive,11,11,24,72,3,2,0.37792540208494835,1,0.0,0.041666666666666664
receive,11,11,24,72,3,3,0.36845151532793835,1,0.0,0.041666666666666664
receive,11,13,24,72,3,0,0.009526582034925068,2,0.0,0.08333333333333333
receive,11,13,24,72,3,3,0.2656511584300702,6,0.0,0.25
receive,11,1,1,72,5,1,0.46753614960668005,1,0.0,1.0
receive,12,5,3,72,2,1,0.3606075343371786,1,0.0,0.3333333333333333
receive,12,13,3,72,2,3,0.257048552291055,2,0.0,0.6666666666666666
receive,1,1,12,73,1,1,0.48233150771130123,5,1.0,0.4166666666666667
receive,1,5,12,73,1,1,0.4263113479365684,3,0.6666666666666666,0.25
receive,1,6,12,73,1,3,0.44528516258251344,2,1.0,0.16666666666666666
receive,1,13,12,73,1,3,0.29819499808391386,2,0.0,0.16666666666666666
receive,4,1,12,73,1,1,0.46726227718373375,4,0.0,0.3333333333333333
receive,4,5,12,73,1,1,0.4081225680262161,3,0.6666666666666666,0.25
receive,4,13,12,73,1,0,0.01028706495724384,1,0.0,0.08333333333333333
receive,4,13,12,73,1,3,0.26732097954334333,4,0.25,0.3333333333333333
receive,6,1,2,73,3,1,0.4837414219909029,1,0.0,0.5
receive,6,13,2,73,3,3,0.2620465723515918,1,0.0,0.5
receive,7,5,1,73,1,1,0.43633874018616453,1,1.0,1.0
receive,10,1,23,73,2,1,0.4792012851402777,3,0.6666666666666666,0.13043478260869565
receive,10,2,23,73,2,1,0.4360949059230879,1,0.0,0.043478260869565216
receive,10,5,23,73,2,1,0.42542681434494606,4,0.75,0.17391304347826086
receive,10,6,23,73,2,3,0.4390211952013184,9,0.5555555555555556,0.391304347826087
receive,10,13,23,73,2,3,0.3238006184992446,6,0.16666666666666666,0.2608695652173913
receive,10,13,1,73,3,3,0.2708213133068611,1,1.0,1.0
receive,10,1,6,73,5,1,0.45732570767463554,1,1.0,0.16666666666666666
receive,10,2,6,73,5,1,0.4218830969640763,1,1.0,0.16666666666666666
receive,10,3,6,73,5,2,0.47600769116615244,1,0.0,0.16666666666666666
receive,10,5,6,73,5,1,0.4064600142984753,1,0.0,0.16666666666666666
receive,10,13,6,73,5,3,0.3285956931329135,2,0.0,0.3333333333333333
receive,11,1,4,73,2,1,0.49394307341280475,2,0.5,0.5
receive,11,5,4,73,2,1,0.4431487881502161,1,0.0,0.25
receive,11,10,4,73,2,2,0.38720380837378193,1,0.0,0.25
receive,1,1,8,74,1,1,0.5402848928223108,2,0.0,0.25
receive,1,2,8,74,1,1,0.5051167744429614,4,1.0,0.5
receive,1,6,8,74,1,3,0.500930070120836,1,1.0,0.125
receive,1,13,8,74,1,3,0.3342903053529687,1,0.0,0.125
receive,3,6,1,74,2,3,0.4661682084379236,1,0.0,1.0
receive,4,1,14,74,1,1,0.5315497968333956,4,0.75,0.2857142857142857
receive,4,2,14,74,1,1,0.4932774678977304,4,0.75,0.2857142857142857
receive,4,6,14,74,1,0,0.014495809190389662,1,0.0,0.07142857142857142
receive,4,6,14,74,1,3,0.4802061481250199,2,0.5,0.14285714285714285
receive,4,13,14,74,1,3,0.318618127586267,2,0.0,0.14285714285714285
receive,4,14,14,74,1,3,0.2828957937192888,1,1.0,0.07142857142857142
receive,7,4,2,74,3,1,0.5570349153867998,1,0.0,0.5
receive,7,6,2,74,3,3,0.5465860112533316,1,0.0,0.5
receive,10,1,25,74,2,0,0.016566376866445152,1,0.0,0.04
receive,10,1,25,74,2,1,0.5298889157545682,5,0.8,0.2
receive,10,2,25,74,2,0,0.015734237819681012,2,0.0,0.08
receive,10,2,25,74,2,1,0.4875383718891077,2,0.0,0.08
receive,10,4,25,74,2,1,0.5042280149043394,1,0.0,0.04
receive,10,5,25,74,2,1,0.47280352974181994,1,0.0,0.04
receive,10,6,25,74,2,3,0.49232753022559705,1,0.0,0.04
receive,10,10,25,74,2,2,0.4420475244934288,1,1.0,0.04
receive,10,11,25,74,2,2,0.45167873729802316,1,0.0,0.04
receive,10,13,25,74,2,0,0.015504204766389085,1,0.0,0.04
receive,10,13,25,74,2,3,0.3550309185473564,9,0.3333333333333333,0.36
receive,10,1,3,74,3,1,0.55370688634232,1,1.0,0.3333333333333333
receive,10,2,3,74,3,1,0.5077883890428673,1,0.0,0.3333333333333333
receive,10,13,3,74,3,0,0.015330822165601832,1,0.0,0.3333333333333333
receive,11,1,17,74,2,1,0.5397274045534238,7,0.2857142857142857,0.4117647058823529
receive,11,5,17,74,2,1,0.48414701187286596,1,1.0,0.058823529411764705
receive,11,6,17,74,2,3,0.508102440734466,4,0.25,0.23529411764705882
receive,11,10,17,74,2,2,0.45284113612492594,2,1.0,0.11764705882352941
receive,11,11,17,74,2,3,0.44331984492004883,1,1.0,0.058823529411764705
receive,11,13,17,74,2,3,0.34821944930062365,2,0.0,0.11764705882352941
receive,11,1,7,74,3,1,0.5620226377273353,2,0.5,0.2857142857142857
receive,11,2,7,74,3,1,0.517771518973295,2,0.0,0.2857142857142857
receive,11,6,7,74,3,3,0.5390441302291114,1,1.0,0.14285714285714285
receive,11,11,7,74,3,3,0.4345405902751807,1,0.0,0.14285714285714285
receive,11,13,7,74,3,3,0.3057384425747401,1,1.0,0.14285714285714285
receive,7,13,1,75,3,3,0.18472351158010203,1,1.0,1.0
receive,10,1,8,75,2,1,0.4296077395960276,3,0.0,0.375
receive,10,5,8,75,2,1,0.3757715319891407,1,0.0,0.125
receive,10,10,8,75,2,2,0.35206100624259923,2,0.5,0.25
receive,10,11,8,75,2,2,0.36064455901107073,1,1.0,0.125
receive,10,14,8,75,2,3,0.22546808785603487,1,0.0,0.125
receive,10,13,1,75,3,3,0.17727206567348394,1,1.0,1.0
receive,10,10,1,75,5,2,0.3741752560740712,1,0.0,1.0
receive,1,5,5,76,1,1,0.4854711446154994,2,0.0,0.4
receive,1,13,5,76,1,3,0.35060354217895817,3,0.3333333333333333,0.6
receive,6,13,1,76,3,3,0.3158422210034205,1,0.0,1.0
receive,7,1,13,76,1,1,0.5517417866102574,1,0.0,0.07692307692307693
receive,7,2,13,76,1,1,0.5069547239472016,1,0.0,0.07692307692307693
receive,7,6,13,76,1,3,0.5072422643508838,7,0.2857142857142857,0.5384615384615384
receive,7,13,13,76,1,3,0.35615804468520995,4,0.75,0.3076923076923077
receive,10,1,43,76,2,1,0.5391101401303662,6,1.0,0.13953488372093023
receive,10,2,43,76,2,1,0.4957345920112011,6,0.8333333333333334,0.13953488372093023
receive,10,5,43,76,2,1,0.48469578915138894,4,0.25,0.09302325581395349
receive,10,6,43,76,2,3,0.5018439315462275,9,0.3333333333333333,0.20930232558139536
receive,10,7,43,76,2,1,0.45771801873880663,1,0.0,0.023255813953488372
receive,10,13,43,76,2,3,0.37828510701962864,17,0.5294117647058824,0.3953488372093023
receive,10,6,1,76,5,3,0.5000851367537703,1,1.0,1.0
receive,11,1,14,76,2,1,0.5475693409069097,8,0.5,0.5714285714285714
receive,11,6,14,76,2,3,0.5200500160639958,1,0.0,0.07142857142857142
receive,11,7,14,76,2,1,0.45843998094288946,3,0.6666666666666666,0.21428571428571427
receive,11,10,14,76,2,2,0.45202021759318306,1,0.0,0.07142857142857142
receive,11,13,14,76,2,3,0.4003498273178162,1,1.0,0.07142857142857142
receive,1,1,7,77,1,1,0.5071640874872229,4,0.25,0.5714285714285714
receive,1,10,7,77,1,2,0.3883878490397815,2,0.5,0.2857142857142857
receive,1,11,7,77,1,2,0.4043325844642762,1,1.0,0.14285714285714285
receive,10,1,8,77,2,1,0.5017219326802539,3,0.0,0.375
receive,10,10,8,77,2,2,0.4253500759744349,1,1.0,0.125
receive,10,11,8,77,2,2,0.43098007511934566,1,1.0,0.125
receive,10,13,8,77,2,3,0.3286817925095076,3,0.3333333333333333,0.375
receive,6,12,1,78,2,2,0.3817325989358164,1,1.0,1.0
receive,8,10,3,78,2,2,0.38687632595266735,1,0.0,0.3333333333333333
receive,8,12,3,78,2,2,0.4005543268370601,2,0.0,0.6666666666666666
receive,9,10,1,78,2,2,0.401681648539181,1,0.0,1.0
receive,9,3,1,78,3,3,0.5007862303293483,1,1.0,1.0
receive,10,1,14,78,2,0,0.011464256289021105,1,0.0,0.07142857142857142
receive,10,5,14,78,2,0,0.010669523869206181,1,0.0,0.07142857142857142
receive,10,10,14,78,2,2,0.3850382932389212,2,0.5,0.14285714285714285
receive,10,12,14,78,2,2,0.394953802995523,8,0.375,0.5714285714285714
receive,10,12,14,78,2,3,0.38852207640229164,1,1.0,0.07142857142857142
receive,10,13,14,78,2,0,0.010399298251890534,1,0.0,0.07142857142857142
receive,10,12,3,78,3,2,0.3476474102348988,3,0.3333333333333333,1.0
receive,10,1,5,78,5,1,0.43617437137208076,1,0.0,0.2
receive,10,12,5,78,5,2,0.41447142565470924,3,0.3333333333333333,0.6
receive,10,13,5,78,5,3,0.2797270138108571,1,0.0,0.2
receive,11,3,1,78,2,3,0.5037849654384609,1,1.0,1.0
receive,12,10,18,78,2,2,0.36482439690928187,2,0.0,0.1111111111111111
receive,12,10,18,78,2,3,0.3580838267373129,1,1.0,0.05555555555555555
receive,12,12,18,78,2,2,0.37941562499698006,11,0.2727272727272727,0.6111111111111112
receive,12,12,18,78,2,3,0.37338483456174304,1,0.0,0.05555555555555555
receive,12,13,18,78,2,3,0.29075200823846337,3,0.3333333333333333,0.16666666666666666
receive,1,1,4,79,1,1,0.40401147542256427,1,0.0,0.25
receive,1,10,4,79,1,2,0.29295324356214986,2,0.0,0.5
receive,1,11,4,79,1,2,0.30993131428075393,1,0.0,0.25
receive,1,1,1,79,4,1,0.42184482771034537,1,0.0,1.0
receive,4,6,2,79,1,2,0.349650487719556,1,0.0,0.5
receive,4,10,2,79,1,2,0.2730929227355782,1,0.0,0.5
receive,6,1,1,79,2,1,0.398054640628313,1,0.0,1.0
receive,1,1,3,80,1,1,0.5674086312194694,1,0.0,0.3333333333333333
receive,1,2,3,80,1,1,0.5318865415404751,1,0.0,0.3333333333333333
receive,1,6,3,80,1,3,0.5280729006954794,1,0.0,0.3333333333333333
receive,4,6,2,80,1,3,0.4901905722604202,2,0.0,1.0
receive,6,6,1,80,3,3,0.5385009419513591,1,0.0,1.0
receive,7,6,1,80,1,3,0.5406548470174687,1,0.0,1.0
receive,10,5,9,80,2,1,0.4995785554124772,2,1.0,0.2222222222222222
receive,10,6,9,80,2,3,0.5155430578235415,3,0.3333333333333333,0.3333333333333333
receive,10,10,9,80,2,2,0.47504847293855335,2,1.0,0.2222222222222222
receive,10,13,9,80,2,3,0.3827131909068492,2,0.5,0.2222222222222222
receive,11,5,2,80,2,1,0.4860772648134361,1,1.0,0.5
receive,11,10,2,80,2,2,0.46125826814837256,1,1.0,0.5
receive,11,6,2,80,3,3,0.49860382433052985,1,0.0,0.5
receive,11,13,2,80,3,3,0.26736787404232343,1,0.0,0.5
receive,1,1,10,81,1,1,0.4921888648320188,1,1.0,0.1
receive,1,2,10,81,1,1,0.45002559669662734,4,0.25,0.4
receive,1,5,10,81,1,1,0.43692667541654073,3,0.0,0.3
receive,1,13,10,81,1,3,0.30676905706074487,2,0.0,0.2
receive,4,5,1,81,1,1,0.41900023988951307,1,1.0,1.0
receive,10,1,37,81,2,1,0.49135621389844547,2,0.0,0.05405405405405406
receive,10,2,37,81,2,1,0.44820936957588225,7,0.5714285714285714,0.1891891891891892
receive,10,5,37,81,2,1,0.43739263583087495,3,0.6666666666666666,0.08108108108108109
receive,10,6,37,81,2,3,0.45594093847232475,1,1.0,0.02702702702702703
receive,10,7,37,81,2,1,0.410065105003284,1,0.0,0.02702702702702703
receive,10,10,37,81,2,2,0.4063806590573492,7,0.7142857142857143,0.1891891891891892
receive,10,13,37,81,2,3,0.33240781981906253,16,0.25,0.43243243243243246
receive,10,2,2,81,5,1,0.4294929241873542,1,1.0,0.5
receive,10,13,2,81,5,3,0.3474723813757632,1,0.0,0.5
receive,11,10,1,81,2,2,0.4056738941218133,1,0.0,1.0
receive,4,9,1,82,1,2,0.49105459788718964,1,1.0,1.0
receive,8,5,2,82,3,1,0.5669783857822198,1,1.0,0.5
receive,8,12,2,82,3,2,0.523389082922133,1,0.0,0.5
receive,9,13,1,82,2,3,0.4374086985134136,1,0.0,1.0
receive,10,3,45,82,2,3,0.6435269954984293,3,0.6666666666666666,0.06666666666666667
receive,10,5,45,82,2,1,0.5822850563827898,6,0.5,0.13333333333333333
receive,10,9,45,82,2,2,0.576892772996063,1,1.0,0.022222222222222223
receive,10,10,45,82,2,2,0.5561514037781947,26,0.5769230769230769,0.5777777777777777
receive,10,12,45,82,2,2,0.5698282310389251,7,0.5714285714285714,0.15555555555555556
receive,10,12,45,82,2,5,0.6134092138343761,1,0.0,0.022222222222222223
receive,10,13,45,82,2,3,0.46648638901654066,1,1.0,0.022222222222222223
receive,10,12,2,82,5,2,0.5825005172900146,1,1.0,0.5
receive,10,12,2,82,5,3,0.5793857887961689,1,0.0,0.5
receive,11,10,1,82,2,2,0.563741886331373,1,0.0,1.0
receive,12,2,83,82,2,1,0.5582503672312069,1,1.0,0.012048192771084338
receive,12,3,83,82,2,3,0.5765836763681408,7,0.5714285714285714,0.08433734939759036
receive,12,5,83,82,2,0,0.028169068856576995,1,0.0,0.012048192771084338
receive,12,5,83,82,2,1,0.5417217774654147,6,0.5,0.07228915662650602
receive,12,9,83,82,2,2,0.5609198701818647,2,0.5,0.024096385542168676
receive,12,10,83,82,2,2,0.5352727944084673,44,0.5681818181818182,0.5301204819277109
receive,12,10,83,82,2,5,0.5285587946307795,1,1.0,0.012048192771084338
receive,12,12,83,82,2,2,0.5474143830513584,18,0.6666666666666666,0.21686746987951808
receive,12,13,83,82,2,0,0.02611188673016167,1,0.0,0.012048192771084338
receive,12,14,83,82,2,3,0.37833430689878006,2,0.5,0.024096385542168676
receive,12,5,8,82,3,1,0.5339902572754918,2,0.5,0.25
receive,12,10,8,82,3,2,0.5119491475636311,2,0.5,0.25
receive,12,12,8,82,3,2,0.5192121219325257,2,1.0,0.25
receive,12,13,8,82,3,3,0.3618431430253943,2,0.0,0.25
receive,12,2,15,82,5,1,0.5884320482871023,1,1.0,0.06666666666666667
receive,12,3,15,82,5,3,0.6488244319416672,1,1.0,0.06666666666666667
receive,12,10,15,82,5,2,0.5533239504680912,7,0.7142857142857143,0.4666666666666667
receive,12,10,15,82,5,3,0.5456635473957886,1,0.0,0.06666666666666667
receive,12,12,15,82,5,2,0.5734833207185234,3,0.3333333333333333,0.2
receive,12,13,15,82,5,3,0.4627795843289661,2,0.0,0.13333333333333333
receive,1,1,3,83,1,1,0.4418460654930379,1,1.0,0.3333333333333333
receive,1,5,3,83,1,1,0.38738899498784934,1,0.0,0.3333333333333333
receive,1,8,3,83,1,3,0.3097820169551763,1,1.0,0.3333333333333333
receive,4,8,1,83,1,3,0.27262864545032056,1,0.0,1.0
receive,7,1,1,83,3,1,0.49727413652572494,1,1.0,1.0
receive,10,10,1,83,2,3,0.3384545327024551,1,0.0,1.0
receive,10,5,2,83,3,1,0.3374330410200143,2,0.5,1.0
receive,10,2,2,83,5,1,0.35882283186121255,1,0.0,0.5
receive,10,13,2,83,5,3,0.2367802134260527,1,1.0,0.5
receive,11,1,2,83,2,1,0.4448791681628621,1,0.0,0.5
receive,11,2,2,83,2,1,0.4045239597103938,1,0.0,0.5
receive,10,1,16,84,2,1,0.5414973716725627,1,1.0,0.0625
receive,10,9,16,84,2,2,0.48669404413059936,1,0.0,0.0625
receive,10,10,16,84,2,2,0.46490039770728864,1,1.0,0.0625
receive,10,12,16,84,2,2,0.4759957105254194,11,0.2727272727272727,0.6875
receive,10,13,16,84,2,3,0.37065771158944677,2,0.5,0.125
receive,12,1,5,84,2,1,0.5151012465980239,1,1.0,0.2
receive,12,12,5,84,2,2,0.45444340549380824,4,0.0,0.8
receive,12,12,1,84,5,2,0.5068341968696483,1,1.0,1.0
receive,1,2,1,85,1,1,0.5309589400315227,1,1.0,1.0
receive,4,1,2,85,1,1,0.5627391873545156,1,1.0,0.5
receive,4,2,2,85,1,1,0.5149187938136461,1,1.0,0.5
receive,6,2,5,85,3,1,0.5665104756914402,1,1.0,0.2
receive,6,6,5,85,3,3,0.5721157286492616,3,0.3333333333333333,0.6
receive,6,13,5,85,3,3,0.36420048065393174,1,1.0,0.2
receive,7,6,2,85,1,3,0.5599463158478877,2,1.0,1.0
receive,10,1,16,85,2,1,0.5843192304550359,3,0.3333333333333333,0.1875
receive,10,2,16,85,2,1,0.5427376159685579,1,1.0,0.0625
receive,10,5,16,85,2,1,0.5328483974364885,1,0.0,0.0625
receive,10,6,16,85,2,3,0.550491227277414,6,0.6666666666666666,0.375
receive,10,10,16,85,2,3,0.48591343027162087,1,1.0,0.0625
receive,10,13,16,85,2,3,0.42497758563019494,4,0.25,0.25
receive,10,2,3,85,3,1,0.5261333184932183,1,0.0,0.3333333333333333
receive,10,13,3,85,3,3,0.35972620962742585,2,0.0,0.6666666666666666
receive,11,5,1,85,3,1,0.5338377800384198,1,1.0,1.0
receive,4,1,10,86,1,1,0.41577388305457735,1,1.0,0.1
receive,4,2,10,86,1,1,0.37396227242806435,1,0.0,0.1
receive,4,5,10,86,1,1,0.3593353767914326,3,0.0,0.3
receive,4,13,10,86,1,0,0.007338528198796995,1,0.0,0.1
receive,4,13,10,86,1,3,0.2282931471123013,4,0.0,0.4
receive,4,1,1,86,4,1,0.4395401597233528,1,0.0,1.0
receive,10,1,5,86,2,1,0.4259793875982413,1,1.0,0.2
receive,10,2,5,86,2,1,0.3830145122413353,1,0.0,0.2
receive,10,5,5,86,2,1,0.37251844728049976,1,1.0,0.2
receive,10,13,5,86,2,3,0.2747692758174807,2,0.0,0.4
receive,11,1,11,86,2,1,0.4223974777539745,6,0.3333333333333333,0.5454545454545454
receive,11,7,11,86,2,3,0.34942192558665736,1,0.0,0.09090909090909091
receive,11,11,11,86,2,2,0.3530344467954057,2,0.5,0.18181818181818182
receive,11,13,11,86,2,0,0.0077278711719575835,1,0.0,0.09090909090909091
receive,11,13,11,86,2,3,0.2408690750133269,1,1.0,0.09090909090909091
receive,1,1,1,87,1,1,0.41920273609819464,1,1.0,1.0
receive,7,1,3,87,1,1,0.4319161377660235,2,0.5,0.6666666666666666
receive,7,6,3,87,1,3,0.3933375260113565,1,0.0,0.3333333333333333
receive,10,13,4,87,2,3,0.269072535530014,4,0.25,1.0
receive,10,6,1,87,3,3,0.3867448980799214,1,0.0,1.0
receive,11,1,6,87,2,1,0.4096597072442054,2,1.0,0.3333333333333333
receive,11,5,6,87,2,1,0.3555533987810255,1,0.0,0.16666666666666666
receive,11,10,6,87,2,2,0.3462099315178038,1,0.0,0.16666666666666666
receive,11,13,6,87,2,3,0.23622868510928474,2,1.0,0.3333333333333333
receive,11,13,1,87,3,3,0.16941384935451143,1,1.0,1.0
receive,1,1,3,88,1,1,0.5260716806249311,1,0.0,0.3333333333333333
receive,1,6,3,88,1,3,0.47194913678610634,1,1.0,0.3333333333333333
receive,1,13,3,88,1,0,0.016593655652433623,1,0.0,0.3333333333333333
receive,4,1,9,88,1,1,0.5370970414184454,6,0.5,0.6666666666666666
receive,4,5,9,88,1,1,0.47639071103223984,1,1.0,0.1111111111111111
receive,4,6,9,88,1,3,0.4838551996897595,1,0.0,0.1111111111111111
receive,4,13,9,88,1,3,0.3209822897387576,1,1.0,0.1111111111111111
receive,7,2,5,88,1,0,0.017619803348981635,1,0.0,0.2
receive,7,2,5,88,1,1,0.48595672558352476,3,0.3333333333333333,0.6
receive,7,13,5,88,1,3,0.31033408456793865,1,0.0,0.2
receive,10,13,1,88,2,3,0.38009440623478485,1,0.0,1.0
receive,11,1,16,88,2,1,0.5448845216481439,7,0.5714285714285714,0.4375
receive,11,2,16,88,2,1,0.5052916274460393,4,0.25,0.25
receive,11,7,16,88,2,1,0.4634947982158948,3,0.6666666666666666,0.1875
receive,11,11,16,88,2,2,0.4712768628951098,1,0.0,0.0625
receive,11,13,16,88,2,3,0.3438014481947452,1,1.0,0.0625
receive,11,13,1,88,3,0,0.014970513777029792,1,0.0,1.0
receive,1,13,1,89,1,0,0.012806803429245233,1,0.0,1.0
receive,4,1,4,89,1,1,0.47434943589520195,1,0.0,0.25
receive,4,6,4,89,1,3,0.41985914798191687,3,0.3333333333333333,0.75
receive,7,13,2,89,1,3,0.3066763241476487,2,0.5,1.0
receive,10,2,8,89,2,1,0.43701551802346916,1,0.0,0.125
receive,10,5,8,89,2,1,0.4233464653644889,2,0.0,0.25
receive,10,13,8,89,2,0,0.01186355193122026,1,0.0,0.125
receive,10,13,8,89,2,3,0.314394465375059,4,0.25,0.5
receive,10,2,4,89,3,1,0.4215327577363236,2,1.0,0.5
receive,10,6,4,89,3,3,0.41505465064166547,1,0.0,0.25
receive,10,13,4,89,3,3,0.23038900214632368,1,0.0,0.25
receive,11,1,9,89,2,1,0.48650342215773534,4,0.75,0.4444444444444444
receive,11,10,9,89,2,2,0.41559404018961493,3,0.6666666666666666,0.3333333333333333
receive,11,10,9,89,2,3,0.3976899870858041,2,0.5,0.2222222222222222
receive,11,5,3,89,3,1,0.39103251951752865,1,0.0,0.3333333333333333
receive,11,13,3,89,3,0,0.01191198874834624,1,0.0,0.3333333333333333
receive,11,13,3,89,3,3,0.2128367281824867,1,0.0,0.3333333333333333
receive,1,1,7,90,1,1,0.41794812650878094,3,0.6666666666666666,0.42857142857142855
receive,1,2,7,90,1,1,0.3827204690199781,1,0.0,0.14285714285714285
receive,1,6,7,90,1,3,0.3766439514296317,2,1.0,0.2857142857142857
receive,1,13,7,90,1,3,0.2198919138320313,1,0.0,0.14285714285714285
receive,4,1,4,90,1,1,0.3802554081798711,2,0.0,0.5
receive,4,5,4,90,1,1,0.3137859727051424,2,0.5,0.5
receive,4,5,2,90,4,1,0.3740591292397921,1,0.0,0.5
receive,4,13,2,90,4,3,0.20172695228829476,1,0.0,0.5
receive,6,2,1,90,3,1,0.36823777522656176,1,1.0,1.0
receive,7,1,3,90,1,1,0.42362551388205,1,1.0,0.3333333333333333
receive,7,2,3,90,1,1,0.3876758224539976,1,0.0,0.3333333333333333
receive,7,6,3,90,1,3,0.38137222652626773,1,0.0,0.3333333333333333
receive,7,2,1,90,3,1,0.378325899390617,1,1.0,1.0
receive,10,1,26,90,2,1,0.41458096959362056,4,0.25,0.15384615384615385
receive,10,2,26,90,2,1,0.3740486685877972,9,0.5555555555555556,0.34615384615384615
receive,10,10,26,90,2,2,0.32958324743038764,5,0.4,0.19230769230769232
receive,10,13,26,90,2,0,0.006916863245726287,1,0.0,0.038461538461538464
receive,10,13,26,90,2,3,0.2566794299176628,7,0.14285714285714285,0.2692307692307692
receive,10,2,3,90,3,1,0.3533930715307574,1,0.0,0.3333333333333333
receive,10,10,3,90,3,3,0.29495287099440143,1,1.0,0.3333333333333333
receive,10,13,3,90,3,0,0.0067936439248575025,1,0.0,0.3333333333333333
receive,11,1,18,90,2,1,0.4007990711449762,10,0.2,0.5555555555555556
receive,11,5,18,90,2,0,0.007322527230426471,1,0.0,0.05555555555555555
receive,11,10,18,90,2,2,0.33243417164378514,2,0.5,0.1111111111111111
receive,11,11,18,90,2,0,0.007887072777660023,1,0.0,0.05555555555555555
receive,11,11,18,90,2,2,0.33363089945291524,4,0.25,0.2222222222222222
receive,11,1,4,90,3,1,0.41785937963072656,2,0.0,0.5
receive,11,2,4,90,3,1,0.3741306839056402,1,0.0,0.25
receive,11,10,4,90,3,2,0.30172804466867315,1,0.0,0.25
receive,10,2,1,91,2,1,0.4209313522536427,1,0.0,1.0
receive,12,1,12,91,2,1,0.4296116208510489,1,1.0,0.08333333333333333
receive,12,2,12,91,2,1,0.38526319862472747,1,0.0,0.08333333333333333
receive,12,12,12,91,2,2,0.3740685205545409,9,0.2222222222222222,0.75
receive,12,13,12,91,2,3,0.28676646763537134,1,0.0,0.08333333333333333
receive,1,1,12,92,1,1,0.4304998923160323,2,0.0,0.16666666666666666
receive,1,2,12,92,1,1,0.38756804186570487,1,0.0,0.08333333333333333
receive,1,5,12,92,1,1,0.37293098376941697,5,0.6,0.4166666666666667
receive,1,6,12,92,1,3,0.3926878189251577,3,0.3333333333333333,0.25
receive,1,13,12,92,1,3,0.2522416865866701,1,0.0,0.08333333333333333
receive,4,1,28,92,1,1,0.4177219743277655,4,0.5,0.14285714285714285
receive,4,2,28,92,1,1,0.37625393419052056,1,0.0,0.03571428571428571
receive,4,5,28,92,1,1,0.35918965103784545,5,0.0,0.17857142857142858
receive,4,6,28,92,1,3,0.3689540653945313,12,0.16666666666666666,0.42857142857142855
receive,4,13,28,92,1,3,0.22447422778067297,6,0.3333333333333333,0.21428571428571427
receive,4,1,7,92,4,1,0.4375597186619036,2,0.5,0.2857142857142857
receive,4,2,7,92,4,1,0.39287920165985685,2,0.5,0.2857142857142857
receive,4,5,7,92,4,1,0.3788382920297249,2,0.0,0.2857142857142857
receive,4,6,7,92,4,3,0.4016361875229448,1,0.0,0.14285714285714285
receive,6,5,1,92,3,1,0.37991138951599884,1,1.0,1.0
receive,10,1,29,92,2,1,0.43182865856247166,5,0.4,0.1724137931034483
receive,10,2,29,92,2,1,0.39061770350264635,3,1.0,0.10344827586206896
receive,10,5,29,92,2,1,0.3783275373333415,2,0.0,0.06896551724137931
receive,10,6,29,92,2,3,0.3904662153743791,4,0.25,0.13793103448275862
receive,10,10,29,92,2,2,0.3456745961376745,4,0.5,0.13793103448275862
receive,10,13,29,92,2,3,0.27791340353225374,11,0.09090909090909091,0.3793103448275862
receive,10,5,4,92,3,1,0.35266540984122907,1,0.0,0.25
receive,10,6,4,92,3,3,0.37543614677884424,1,0.0,0.25
receive,10,13,4,92,3,3,0.2048085925066024,2,0.0,0.5
receive,11,1,12,92,2,1,0.43358898585828837,4,0.5,0.3333333333333333
receive,11,4,12,92,2,4,0.43043876452914676,2,1.0,0.16666666666666666
receive,11,7,12,92,2,1,0.35361305002688875,1,1.0,0.08333333333333333
receive,11,10,12,92,2,2,0.35649447176062293,2,0.5,0.16666666666666666
receive,11,11,12,92,2,2,0.36404896472605497,2,0.0,0.16666666666666666
receive,11,13,12,92,2,3,0.26125282052919135,1,0.0,0.08333333333333333
receive,11,1,6,92,3,1,0.42104012347700714,4,0.5,0.6666666666666666
receive,11,2,6,92,3,1,0.37922078754721666,1,1.0,0.16666666666666666
receive,11,13,6,92,3,3,0.20440996406170386,1,0.0,0.16666666666666666
receive,1,6,3,93,1,3,0.3671995089323657,2,0.0,0.6666666666666666
receive,1,13,3,93,1,3,0.22375342991368094,1,0.0,0.3333333333333333
receive,10,3,7,93,2,3,0.38524400369710443,1,0.0,0.14285714285714285
receive,10,5,7,93,2,1,0.3717176220526503,2,0.5,0.2857142857142857
receive,10,10,7,93,2,2,0.3464821023183225,2,0.0,0.2857142857142857
receive,10,13,7,93,2,3,0.27232743942780413,2,0.0,0.2857142857142857
receive,11,1,2,93,2,1,0.43760139082724625,1,1.0,0.5
receive,11,3,2,93,2,2,0.399255916636888,1,0.0,0.5
receive,1,1,6,94,1,1,0.4042203864397258,2,1.0,0.3333333333333333
receive,1,10,6,94,1,2,0.2897649438333869,4,0.25,0.6666666666666666
receive,6,1,1,94,2,1,0.4187894725982857,1,1.0,1.0
receive,7,1,2,94,3,1,0.40218712508075793,1,0.0,0.5
receive,7,10,2,94,3,2,0.3050403839496988,1,1.0,0.5
receive,10,1,18,94,2,1,0.4041328030177734,1,1.0,0.05555555555555555
receive,10,10,18,94,2,2,0.33347213074371834,13,0.3076923076923077,0.7222222222222222
receive,10,10,18,94,2,3,0.32669609705208624,4,0.25,0.2222222222222222
receive,10,10,1,94,3,2,0.29939112655613576,1,0.0,1.0
receive,10,1,1,94,5,1,0.40295596840567716,1,1.0,1.0
receive,1,1,6,95,1,1,0.4493143414327421,3,0.3333333333333333,0.5
receive,1,10,6,95,1,2,0.33461159388982703,3,0.3333333333333333,0.5
receive,6,10,2,95,3,2,0.31889888766306,2,0.0,1.0
receive,7,1,2,95,3,1,0.44564640876657896,1,1.0,0.5
receive,7,12,2,95,3,2,0.34802449007834424,1,1.0,0.5
receive,10,1,5,95,2,1,0.44853424281247695,3,0.3333333333333333,0.6
receive,10,10,5,95,2,2,0.36625303012071375,1,1.0,0.2
receive,10,13,5,95,2,3,0.29848589256794067,1,0.0,0.2
receive,10,5,1,95,5,1,0.3937429352620617,1,0.0,1.0
receive,12,5,1,95,5,1,0.4155964517847662,1,1.0,1.0
receive,1,1,92,96,1,1,0.5048362150389777,28,0.42857142857142855,0.30434782608695654
receive,1,1,92,96,1,4,0.5676911414675513,1,1.0,0.010869565217391304
receive,1,2,92,96,1,1,0.46815118331532163,9,0.4444444444444444,0.09782608695652174
receive,1,3,92,96,1,3,0.502457262207934,2,0.5,0.021739130434782608
receive,1,5,92,96,1,0,0.012065046226378719,1,0.0,0.010869565217391304
receive,1,5,92,96,1,1,0.44634665250144356,9,0.2222222222222222,0.09782608695652174
receive,1,6,92,96,1,0,0.011960483539104654,1,0.0,0.010869565217391304
receive,1,6,92,96,1,3,0.4643273618743979,15,0.5333333333333333,0.16304347826086957
receive,1,10,92,96,1,3,0.37943523670608664,1,1.0,0.010869565217391304
receive,1,11,92,96,1,2,0.38972046744851124,3,0.3333333333333333,0.03260869565217391
receive,1,13,92,96,1,3,0.30199076542083647,22,0.3181818181818182,0.2391304347826087
receive,4,1,245,96,1,0,0.011814864342443972,1,0.0,0.004081632653061225
receive,4,1,245,96,1,1,0.49212793281048794,42,0.4523809523809524,0.17142857142857143
receive,4,2,245,96,1,0,0.011746282255005326,1,0.0,0.004081632653061225
receive,4,2,245,96,1,1,0.4536624901859826,34,0.38235294117647056,0.13877551020408163
receive,4,3,245,96,1,3,0.4666047797053517,1,0.0,0.004081632653061225
receive,4,5,245,96,1,1,0.4309221940043194,31,0.25806451612903225,0.12653061224489795
receive,4,6,245,96,1,0,0.011575772653081457,2,0.0,0.00816326530612245
receive,4,6,245,96,1,3,0.4406304537164527,64,0.40625,0.2612244897959184
receive,4,10,245,96,1,2,0.3609908586695598,2,0.5,0.00816326530612245
receive,4,11,245,96,1,2,0.36969912456850845,1,0.0,0.004081632653061225
receive,4,11,245,96,1,3,0.3647010830593657,2,0.5,0.00816326530612245
receive,4,13,245,96,1,0,0.011468844663707673,3,0.0,0.012244897959183673
receive,4,13,245,96,1,3,0.27965984628236307,59,0.3389830508474576,0.24081632653061225
receive,4,14,245,96,1,1,0.23244103907220798,1,0.0,0.004081632653061225
receive,4,14,245,96,1,3,0.24444329143430105,1,0.0,0.004081632653061225
receive,4,1,62,96,4,0,0.010651931910547445,1,0.0,0.016129032258064516
receive,4,1,62,96,4,1,0.519499239971014,6,0.8333333333333334,0.0967741935483871
receive,4,1,62,96,4,4,0.5977557660464112,1,1.0,0.016129032258064516
receive,4,2,62,96,4,1,0.48032654168810984,8,0.625,0.12903225806451613
receive,4,3,62,96,4,3,0.5241011169166491,1,0.0,0.016129032258064516
receive,4,5,62,96,4,1,0.4589678371508222,7,0.2857142857142857,0.11290322580645161
receive,4,6,62,96,4,3,0.4833612626242934,20,0.55,0.3225806451612903
receive,4,10,62,96,4,2,0.36645978257659906,2,0.5,0.03225806451612903
receive,4,11,62,96,4,2,0.37819340762425113,1,1.0,0.016129032258064516
receive,4,13,62,96,4,3,0.2736745782136668,15,0.3333333333333333,0.24193548387096775
receive,6,13,2,96,2,0,0.012463773638143882,1,0.0,0.5
receive,6,13,2,96,2,3,0.2795563976498731,1,0.0,0.5
receive,6,1,10,96,3,1,0.5105728241937252,2,0.5,0.2
receive,6,2,10,96,3,1,0.47040661581710397,1,0.0,0.1
receive,6,6,10,96,3,2,0.47609674783650535,1,1.0,0.1
receive,6,6,10,96,3,3,0.4776326172179344,1,1.0,0.1
receive,6,11,10,96,3,2,0.38446078376973086,1,1.0,0.1
receive,6,13,10,96,3,0,0.011410658347347686,1,0.0,0.1
receive,6,13,10,96,3,3,0.282577100875093,3,0.6666666666666666,0.3
receive,7,3,1,96,1,3,0.43252172342525724,1,1.0,1.0
receive,10,1,147,96,2,1,0.48969160168743453,53,0.4716981132075472,0.36054421768707484
receive,10,1,147,96,2,4,0.5844771676669694,1,1.0,0.006802721088435374
receive,10,2,147,96,2,1,0.4483526803342384,24,0.4583333333333333,0.16326530612244897
receive,10,4,147,96,2,1,0.45905633246654515,2,1.0,0.013605442176870748
receive,10,4,147,96,2,4,0.5095682901853779,5,0.4,0.034013605442176874
receive,10,5,147,96,2,1,0.4309200365998273,3,0.3333333333333333,0.02040816326530612
receive,10,6,147,96,2,3,0.4477278495799527,7,0.14285714285714285,0.047619047619047616
receive,10,7,147,96,2,1,0.40735340288061145,3,0.6666666666666666,0.02040816326530612
receive,10,9,147,96,2,2,0.430649812005642,1,1.0,0.006802721088435374
receive,10,10,147,96,2,2,0.4107225107463534,11,0.2727272727272727,0.07482993197278912
receive,10,11,147,96,2,2,0.4155305247399465,1,0.0,0.006802721088435374
receive,10,11,147,96,2,3,0.4080560179314647,1,1.0,0.006802721088435374
receive,10,13,147,96,2,0,0.012425984168266032,4,0.0,0.027210884353741496
receive,10,13,147,96,2,3,0.3163292334043225,31,0.2903225806451613,0.2108843537414966
receive,10,2,8,96,3,1,0.42975303153606376,4,0.25,0.5
receive,10,13,8,96,3,3,0.23597551678441053,4,0.0,0.5
receive,10,1,6,96,5,1,0.4804221268839737,3,0.6666666666666666,0.5
receive,10,2,6,96,5,1,0.4457794676292408,1,0.0,0.16666666666666666
receive,10,13,6,96,5,3,0.3111246743864197,2,0.5,0.3333333333333333
receive,11,1,126,96,2,0,0.012725735164708542,2,0.0,0.015873015873015872
receive,11,1,126,96,2,1,0.49726027957346636,66,0.42424242424242425,0.5238095238095238
receive,11,2,126,96,2,1,0.4563850106849403,10,0.2,0.07936507936507936
receive,11,4,126,96,2,1,0.46338117595254197,9,0.3333333333333333,0.07142857142857142
receive,11,4,126,96,2,4,0.4538413495471764,3,0.3333333333333333,0.023809523809523808
receive,11,5,126,96,2,1,0.44140957739520076,1,0.0,0.007936507936507936
receive,11,6,126,96,2,3,0.46491127746545435,5,0.2,0.03968253968253968
receive,11,10,126,96,2,2,0.4146252400134781,6,0.5,0.047619047619047616
receive,11,11,126,96,2,2,0.4226718657560868,6,0.16666666666666666,0.047619047619047616
receive,11,11,126,96,2,3,0.4054233713372357,2,0.0,0.015873015873015872
receive,11,13,126,96,2,0,0.011524239728522737,2,0.0,0.015873015873015872
receive,11,13,126,96,2,3,0.31573008562165866,14,0.21428571428571427,0.1111111111111111
receive,11,1,20,96,3,1,0.4791805436737008,7,0.8571428571428571,0.35
receive,11,2,20,96,3,0,0.01229209201236414,1,0.0,0.05
receive,11,2,20,96,3,1,0.4356614835655027,3,0.3333333333333333,0.15
receive,11,4,20,96,3,1,0.4480849437874693,1,1.0,0.05
receive,11,6,20,96,3,3,0.4537522899979757,1,0.0,0.05
receive,11,10,20,96,3,2,0.37891844880924486,1,1.0,0.05
receive,11,11,20,96,3,3,0.3706300258831797,1,0.0,0.05
receive,11,13,20,96,3,0,0.01159326632840713,1,0.0,0.05
receive,11,13,20,96,3,3,0.22772631196804113,4,0.0,0.2
receive,12,13,1,96,2,3,0.2670338875627657,1,0.0,1.0
receive,1,1,7,97,1,1,0.5499781392692437,2,1.0,0.2857142857142857
receive,1,2,7,97,1,1,0.5207430091098243,1,1.0,0.14285714285714285
receive,1,5,7,97,1,1,0.4869104325930124,1,0.0,0.14285714285714285
receive,1,12,7,97,1,2,0.43901252245141037,1,0.0,0.14285714285714285
receive,1,13,7,97,1,3,0.3261932092221248,2,0.5,0.2857142857142857
receive,4,1,17,97,1,1,0.5240368296155377,2,1.0,0.11764705882352941
receive,4,2,17,97,1,1,0.48701501517592216,3,1.0,0.17647058823529413
receive,4,6,17,97,1,3,0.46779976232226816,4,0.0,0.23529411764705882
receive,4,13,17,97,1,0,0.014568796564285806,1,0.0,0.058823529411764705
receive,4,13,17,97,1,3,0.30391195052575803,7,0.5714285714285714,0.4117647058823529
receive,7,2,3,97,1,1,0.4819846848116352,1,1.0,0.3333333333333333
receive,7,6,3,97,1,3,0.4830557768069788,1,0.0,0.3333333333333333
receive,7,13,3,97,1,3,0.3175216434051538,1,0.0,0.3333333333333333
receive,10,2,3,97,2,1,0.4634130317239041,2,0.5,0.6666666666666666
receive,10,13,3,97,2,3,0.31585339662885326,1,1.0,0.3333333333333333
receive,11,1,14,97,2,1,0.5276514321632345,1,1.0,0.07142857142857142
receive,11,2,14,97,2,1,0.48710015863715556,1,1.0,0.07142857142857142
receive,11,4,14,97,2,1,0.5073057890199756,2,0.5,0.14285714285714285
receive,11,6,14,97,2,3,0.4966165374877943,1,0.0,0.07142857142857142
receive,11,10,14,97,2,2,0.44400372667651616,1,1.0,0.07142857142857142
receive,11,10,14,97,2,3,0.42975535358441874,1,0.0,0.07142857142857142
receive,11,11,14,97,2,2,0.4528809287942507,2,0.0,0.14285714285714285
receive,11,13,14,97,2,0,0.01489896609027043,1,0.0,0.07142857142857142
receive,11,13,14,97,2,3,0.34649520827845404,4,0.25,0.2857142857142857
receive,11,1,3,97,3,1,0.5333616591348531,1,1.0,0.3333333333333333
receive,11,7,3,97,3,1,0.420218476669112,1,1.0,0.3333333333333333
receive,11,13,3,97,3,3,0.33345044101311866,1,0.0,0.3333333333333333
receive,1,1,7,98,1,1,0.48138213153517373,5,0.6,0.7142857142857143
receive,1,2,7,98,1,1,0.4430526120504296,1,1.0,0.14285714285714285
receive,1,5,7,98,1,1,0.42226265457717876,1,0.0,0.14285714285714285
receive,4,5,1,98,1,1,0.41146571268076737,1,1.0,1.0
receive,4,1,6,98,4,1,0.5072945153637655,2,1.0,0.3333333333333333
receive,4,5,6,98,4,1,0.44786604939796365,2,1.0,0.3333333333333333
receive,4,6,6,98,4,3,0.46716316392522134,1,1.0,0.16666666666666666
receive,4,13,6,98,4,3,0.2580247900610952,1,1.0,0.16666666666666666
receive,7,2,2,98,3,1,0.434182368613307,1,1.0,0.5
receive,7,6,2,98,3,3,0.4390554543440025,1,1.0,0.5
receive,10,2,1,98,2,1,0.4370455984214537,1,0.0,1.0
receive,10,2,5,98,5,1,0.44838805304208834,1,0.0,0.2
receive,10,6,5,98,5,3,0.4429132361210549,2,0.0,0.4
receive,10,13,5,98,5,3,0.3471278452648229,2,0.5,0.4
receive,11,11,1,98,2,2,0.4067541274387443,1,1.0,1.0
receive,11,4,3,98,5,4,0.5030987767975573,1,0.0,0.3333333333333333
receive,11,10,3,98,5,2,0.4181374422728416,2,0.5,0.6666666666666666
receive,1,1,4,99,1,1,0.4789725563713521,1,1.0,0.25
receive,1,3,4,99,1,3,0.510693868784452,1,0.0,0.25
receive,1,5,4,99,1,1,0.4231477478466525,2,0.5,0.5
receive,7,13,2,99,3,0,0.011127896339198837,1,0.0,0.5
receive,7,13,2,99,3,3,0.2846329213043225,1,0.0,0.5
receive,10,3,7,99,2,3,0.46975673205175134,1,1.0,0.14285714285714285
receive,10,5,7,99,2,1,0.39901581642019124,2,0.0,0.2857142857142857
receive,10,11,7,99,2,5,0.433359114320667,1,1.0,0.14285714285714285
receive,10,13,7,99,2,0,0.011371812449757551,1,0.0,0.14285714285714285
receive,10,13,7,99,2,3,0.28539817768444165,2,0.5,0.2857142857142857
receive,10,2,1,99,5,1,0.4222434073583261,1,0.0,1.0
receive,11,1,5,99,2,1,0.4802957029989064,2,0.5,0.4
receive,11,11,5,99,2,2,0.40731508538796213,2,0.5,0.4
receive,11,13,5,99,2,3,0.3142865561405933,1,1.0,0.2
receive,11,1,2,99,3,1,0.4580638581522676,1,0.0,0.5
receive,11,13,2,99,3,0,0.010499527867599275,1,0.0,0.5
receive,1,1,5,100,1,1,0.5085438529322943,1,0.0,0.2
receive,1,3,5,100,1,2,0.5396357270470684,1,1.0,0.2
receive,1,5,5,100,1,1,0.4543514926408204,1,0.0,0.2
receive,1,6,5,100,1,3,0.4707510579431979,1,0.0,0.2
receive,1,13,5,100,1,3,0.3198610267420839,1,0.0,0.2
receive,6,6,2,100,2,2,0.4707181544506702,1,0.0,0.5
receive,6,9,2,100,2,2,0.44151189093657117,1,0.0,0.5
receive,6,1,8,100,3,1,0.5149222688546397,1,1.0,0.125
receive,6,5,8,100,3,1,0.4582672922222031,1,1.0,0.125
receive,6,6,8,100,3,2,0.4782308860811522,1,1.0,0.125
receive,6,6,8,100,3,3,0.4793778433245766,2,1.0,0.25
receive,6,9,8,100,3,3,0.4304457353498599,1,1.0,0.125
receive,6,13,8,100,3,3,0.290828611409434,2,0.0,0.25
receive,7,1,10,100,1,1,0.5227220188734096,1,1.0,0.1
receive,7,3,10,100,1,2,0.48355105543442534,1,0.0,0.1
receive,7,6,10,100,1,2,0.47908684345939667,1,1.0,0.1
receive,7,9,10,100,1,2,0.44618107838577475,4,0.25,0.4
receive,7,13,10,100,1,3,0.32942887213624855,3,0.6666666666666666,0.3
receive,7,2,8,100,3,1,0.4759409322657283,1,1.0,0.125
receive,7,5,8,100,3,1,0.4625014707259159,1,0.0,0.125
receive,7,6,8,100,3,2,0.479462075907937,3,0.3333333333333333,0.375
receive,7,6,8,100,3,3,0.4803121456056152,2,0.0,0.25
receive,7,13,8,100,3,3,0.31355541671879683,1,0.0,0.125
receive,9,1,12,100,2,1,0.5227627411923351,3,0.6666666666666666,0.25
receive,9,5,12,100,2,1,0.4677672509394541,1,1.0,0.08333333333333333
receive,9,7,12,100,2,1,0.43846677376256366,1,1.0,0.08333333333333333
receive,9,7,12,100,2,3,0.4440333183028466,1,1.0,0.08333333333333333
receive,9,10,12,100,2,3,0.42573991619997065,1,1.0,0.08333333333333333
receive,9,13,12,100,2,3,0.36191402823123614,5,0.0,0.4166666666666667
receive,9,13,1,100,3,3,0.32193198214861113,1,1.0,1.0
receive,10,5,4,100,2,1,0.4539334913227397,1,1.0,0.25
receive,10,6,4,100,2,2,0.4686291720422265,1,0.0,0.25
receive,10,10,4,100,2,2,0.4225016909107461,2,0.0,0.5
receive,11,10,1,100,2,3,0.41248980680879965,1,0.0,1.0
receive,1,1,41,101,1,1,0.5444573596964684,9,0.7777777777777778,0.21951219512195122
receive,1,2,41,101,1,0,0.017295258340986098,1,0.0,0.024390243902439025
receive,1,2,41,101,1,1,0.5044727230348057,5,0.6,0.12195121951219512
receive,1,5,41,101,1,0,0.01718435203488606,1,0.0,0.024390243902439025
receive,1,5,41,101,1,1,0.4807321590599208,10,0.5,0.24390243902439024
receive,1,6,41,101,1,3,0.49906820450507383,8,0.25,0.1951219512195122
receive,1,13,41,101,1,3,0.33359656831675477,6,0.5,0.14634146341463414
receive,1,14,41,101,1,3,0.3004446111166387,1,1.0,0.024390243902439025
receive,1,5,1,101,4,1,0.519940072570033,1,1.0,1.0
receive,4,1,49,101,1,1,0.5263631905628128,25,0.72,0.5102040816326531
receive,4,2,49,101,1,1,0.48517162172639156,5,0.6,0.10204081632653061
receive,4,5,49,101,1,1,0.45527994666590144,10,0.4,0.20408163265306123
receive,4,6,49,101,1,3,0.4663648292541456,5,0.6,0.10204081632653061
receive,4,13,49,101,1,3,0.2907305233285197,4,0.0,0.08163265306122448
receive,4,1,8,101,4,1,0.5608871896932418,5,0.6,0.625
receive,4,5,8,101,4,1,0.4976708104863536,1,1.0,0.125
receive,4,13,8,101,4,3,0.2956395313833149,2,0.0,0.25
receive,7,1,5,101,1,1,0.5493160943407336,2,0.0,0.4
receive,7,6,5,101,1,3,0.5085298757583446,1,1.0,0.2
receive,7,13,5,101,1,0,0.01766306174945987,1,0.0,0.2
receive,7,13,5,101,1,3,0.334917156008101,1,1.0,0.2
receive,10,1,43,101,2,1,0.5522211346167157,3,0.3333333333333333,0.06976744186046512
receive,10,2,43,101,2,1,0.5110631199846678,8,0.5,0.18604651162790697
receive,10,3,43,101,2,3,0.5615911380000996,1,0.0,0.023255813953488372
receive,10,4,43,101,2,1,0.529453417886013,1,1.0,0.023255813953488372
receive,10,5,43,101,2,1,0.494447056724083,6,0.5,0.13953488372093023
receive,10,6,43,101,2,3,0.5109256032703938,3,1.0,0.06976744186046512
receive,10,11,43,101,2,2,0.4756451346285958,1,1.0,0.023255813953488372
receive,10,13,43,101,2,3,0.3753779685246915,20,0.3,0.46511627906976744
receive,10,2,10,101,3,1,0.4835798110446368,3,0.3333333333333333,0.3
receive,10,5,10,101,3,1,0.4585757506232683,2,0.0,0.2
receive,10,13,10,101,3,3,0.2710209857832024,4,0.25,0.4
receive,10,14,10,101,3,3,0.2357365716018606,1,0.0,0.1
receive,10,2,6,101,5,1,0.5162047298360538,1,0.0,0.16666666666666666
receive,10,5,6,101,5,1,0.4914060203503196,1,1.0,0.16666666666666666
receive,10,13,6,101,5,3,0.39721883521856555,4,0.5,0.6666666666666666
receive,11,1,57,101,2,1,0.5682204455087727,17,0.7647058823529411,0.2982456140350877
receive,11,2,57,101,2,1,0.5281631357294839,4,0.5,0.07017543859649122
receive,11,4,57,101,2,1,0.5479449892389224,3,0.6666666666666666,0.05263157894736842
receive,11,6,57,101,2,3,0.5373723689938393,5,0.4,0.08771929824561403
receive,11,10,57,101,2,2,0.48064631125631047,14,0.35714285714285715,0.24561403508771928
receive,11,10,57,101,2,3,0.4660409188459102,1,0.0,0.017543859649122806
receive,11,11,57,101,2,2,0.49057380606984735,5,0.2,0.08771929824561403
receive,11,13,57,101,2,3,0.3828014664978452,8,0.25,0.14035087719298245
receive,11,1,8,101,3,1,0.5523714040048208,3,1.0,0.375
receive,11,5,8,101,3,1,0.49190535495187665,1,0.0,0.125
receive,11,6,8,101,3,3,0.5286320857064988,1,0.0,0.125
receive,11,13,8,101,3,3,0.2882360236165721,3,0.0,0.375
receive,11,1,8,101,5,1,0.5761002131684138,4,0.5,0.5
receive,11,6,8,101,5,3,0.5666727913039941,1,1.0,0.125
receive,11,10,8,101,5,2,0.48912707620349033,2,0.5,0.25
receive,11,13,8,101,5,3,0.42090771977587615,1,0.0,0.125
receive,9,3,4,102,2,3,0.4337305621003732,1,0.0,0.25
receive,9,9,4,102,2,2,0.4125203742419184,1,0.0,0.25
receive,9,12,4,102,2,2,0.3956126212355068,2,0.0,0.5
receive,10,12,5,102,2,2,0.40283874149564686,4,0.5,0.8
receive,10,12,5,102,2,5,0.4590715243375339,1,0.0,0.2
receive,10,12,1,102,5,2,0.44044936983322575,1,0.0,1.0
receive,11,12,1,102,2,2,0.3756881023051229,1,0.0,1.0
receive,12,3,8,102,2,3,0.4339765420642551,1,1.0,0.125
receive,12,12,8,102,2,0,0.010895394093570454,1,0.0,0.125
receive,12,12,8,102,2,2,0.3834855941114018,6,0.5,0.75
receive,12,2,6,102,5,1,0.42007598224333864,1,0.0,0.16666666666666666
receive,12,5,6,102,5,1,0.40643583398928973,1,1.0,0.16666666666666666
receive,12,12,6,102,5,2,0.41309842619747417,4,0.25,0.6666666666666666
receive,1,1,3,103,1,1,0.38874132753846274,1,0.0,0.3333333333333333
receive,1,5,3,103,1,1,0.3274352952299604,2,0.0,0.6666666666666666
receive,4,5,1,103,1,1,0.27663799498954694,1,0.0,1.0
receive,4,1,2,103,4,1,0.40988070614976424,1,0.0,0.5
receive,4,5,2,103,4,1,0.3562344883245685,1,0.0,0.5
receive,10,2,3,103,2,1,0.35872684019923623,1,0.0,0.3333333333333333
receive,10,13,3,103,2,3,0.2590885110277157,2,0.5,0.6666666666666666
receive,10,5,1,103,3,1,0.3098129737178081,1,0.0,1.0
receive,10,1,1,103,5,1,0.3938040262563383,1,0.0,1.0
receive,11,1,1,103,2,1,0.49148678032423154,1,0.0,1.0
receive,11,2,3,103,3,1,0.32907953396286155,2,0.5,0.6666666666666666
receive,11,13,3,103,3,3,0.15545914108441064,1,0.0,0.3333333333333333
receive,11,1,1,103,5,1,0.4163594794117409,1,0.0,1.0
receive,4,2,2,104,1,1,0.5121117123278149,1,0.0,0.5
receive,4,6,2,104,1,3,0.4840637206957018,1,1.0,0.5
receive,7,13,1,104,1,3,0.24948582544775036,1,0.0,1.0
receive,7,5,8,104,3,1,0.45245653968220995,1,1.0,0.125
receive,7,6,8,104,3,3,0.48185603819136713,2,0.5,0.25
receive,7,8,8,104,3,3,0.336354087040656,2,0.5,0.25
receive,7,13,8,104,3,3,0.2789419247655663,3,0.0,0.375
receive,8,2,3,104,3,1,0.4808784819546719,1,0.0,0.3333333333333333
receive,8,6,3,104,3,3,0.49159736770872203,1,1.0,0.3333333333333333
receive,8,13,3,104,3,3,0.29531801767334726,1,1.0,0.3333333333333333
receive,10,2,6,104,2,1,0.4598768216987276,1,1.0,0.16666666666666666
receive,10,6,6,104,2,3,0.4561527367665184,3,0.6666666666666666,0.5
receive,10,13,6,104,2,3,0.320869742956359,2,0.0,0.3333333333333333
receive,3,3,3,105,2,2,0.4734104731203737,1,1.0,0.3333333333333333
receive,3,10,3,105,2,2,0.3343332393427199,1,1.0,0.3333333333333333
receive,3,10,3,105,2,3,0.32865105585307935,1,0.0,0.3333333333333333
receive,6,3,4,105,3,2,0.43625809674438176,1,0.0,0.25
receive,6,5,4,105,3,1,0.40145571948953007,1,0.0,0.25
receive,6,10,4,105,3,2,0.32091753086281344,2,0.5,0.5
receive,7,10,1,105,3,2,0.34102194796727564,1,0.0,1.0
receive,10,3,17,105,2,2,0.4188219308439583,4,0.5,0.23529411764705882
receive,10,5,17,105,2,1,0.3994113403694018,2,0.5,0.11764705882352941
receive,10,6,17,105,2,3,0.4156849100897392,3,0.6666666666666666,0.17647058823529413
receive,10,10,17,105,2,2,0.3707432139698638,8,0.25,0.47058823529411764
receive,10,10,1,105,3,2,0.3380435454794261,1,0.0,1.0
receive,10,3,4,105,5,2,0.4082183217022168,2,0.0,0.5
receive,10,5,4,105,5,1,0.37646967210498655,2,0.5,0.5
receive,1,1,30,106,1,1,0.5176956647268872,2,0.5,0.06666666666666667
receive,1,2,30,106,1,0,0.01391361770890049,1,0.0,0.03333333333333333
receive,1,2,30,106,1,1,0.4759513705807054,2,0.0,0.06666666666666667
receive,1,3,30,106,1,2,0.49834108528858934,1,1.0,0.03333333333333333
receive,1,5,30,106,1,1,0.4557885149584907,5,0.4,0.16666666666666666
receive,1,6,30,106,1,0,0.013712479117389714,1,0.0,0.03333333333333333
receive,1,6,30,106,1,3,0.4753503312252849,4,0.5,0.13333333333333333
receive,1,13,30,106,1,0,0.014110377308735175,2,0.0,0.06666666666666667
receive,1,13,30,106,1,3,0.31307612522960393,11,0.18181818181818182,0.36666666666666664
receive,1,14,30,106,1,1,0.2731879053605692,1,1.0,0.03333333333333333
receive,4,1,18,106,1,1,0.5178745277805512,2,0.5,0.1111111111111111
receive,4,2,18,106,1,1,0.4797809018084064,1,0.0,0.05555555555555555
receive,4,5,18,106,1,1,0.4546073406679781,3,0.3333333333333333,0.16666666666666666
receive,4,6,18,106,1,3,0.46766445768707104,6,0.5,0.3333333333333333
receive,4,13,18,106,1,0,0.013527002393298355,1,0.0,0.05555555555555555
receive,4,13,18,106,1,3,0.2972648760814535,5,0.2,0.2777777777777778
receive,4,5,6,106,4,1,0.4823423937095148,1,1.0,0.16666666666666666
receive,4,6,6,106,4,3,0.5020977609338085,2,1.0,0.3333333333333333
receive,4,13,6,106,4,0,0.012965009505857099,1,0.0,0.16666666666666666
receive,4,13,6,106,4,3,0.2881075780963702,2,0.0,0.3333333333333333
receive,6,2,2,106,3,0,0.014177981218187162,1,0.0,0.5
receive,6,6,2,106,3,3,0.47448552749699935,1,0.0,0.5
receive,7,5,3,106,1,1,0.45680134729148375,1,1.0,0.3333333333333333
receive,7,6,3,106,1,3,0.4723261505812388,1,0.0,0.3333333333333333
receive,7,13,3,106,1,3,0.3087458179615243,1,1.0,0.3333333333333333
receive,10,2,33,106,2,0,0.014886517617995499,1,0.0,0.030303030303030304
receive,10,2,33,106,2,1,0.465096118544453,7,0.7142857142857143,0.21212121212121213
receive,10,3,33,106,2,3,0.48055169903821254,1,1.0,0.030303030303030304
receive,10,5,33,106,2,1,0.446364315388045,3,0.3333333333333333,0.09090909090909091
receive,10,6,33,106,2,3,0.4652009187948072,8,0.625,0.24242424242424243
receive,10,10,33,106,2,3,0.4247316923200638,1,0.0,0.030303030303030304
receive,10,13,33,106,2,3,0.32613614107437205,12,0.3333333333333333,0.36363636363636365
receive,10,2,7,106,3,1,0.44936443432560363,2,0.5,0.2857142857142857
receive,10,5,7,106,3,1,0.4237045890400566,1,0.0,0.14285714285714285
receive,10,13,7,106,3,0,0.014348431401984727,1,0.0,0.14285714285714285
receive,10,13,7,106,3,3,0.23787936943813268,3,0.0,0.42857142857142855
receive,11,1,37,106,2,1,0.516810052943652,9,0.2222222222222222,0.24324324324324326
receive,11,2,37,106,2,1,0.47580585837194017,2,0.0,0.05405405405405406
receive,11,4,37,106,2,1,0.4747454245088376,1,0.0,0.02702702702702703
receive,11,5,37,106,2,1,0.4591402656690919,5,0.2,0.13513513513513514
receive,11,6,37,106,2,3,0.4834989634308158,4,0.5,0.10810810810810811
receive,11,10,37,106,2,2,0.43997469297166664,1,1.0,0.02702702702702703
receive,11,13,37,106,2,0,0.013425511195182113,1,0.0,0.02702702702702703
receive,11,13,37,106,2,3,0.3283362266982647,14,0.2857142857142857,0.3783783783783784
receive,11,1,9,106,3,1,0.5088540031631466,1,1.0,0.1111111111111111
receive,11,5,9,106,3,1,0.4440363767287292,1,0.0,0.1111111111111111
receive,11,6,9,106,3,3,0.48168354255750745,1,0.0,0.1111111111111111
receive,11,13,9,106,3,0,0.013453728994413508,1,0.0,0.1111111111111111
receive,11,13,9,106,3,3,0.24712135541009017,5,0.4,0.5555555555555556
receive,1,2,5,107,1,1,0.4166660469672305,1,0.0,0.2
receive,1,5,5,107,1,1,0.4036183079749788,1,0.0,0.2
receive,1,6,5,107,1,3,0.4261593300734832,3,0.3333333333333333,0.6
receive,4,1,10,107,1,1,0.43378773927340264,2,0.5,0.2
receive,4,2,10,107,1,1,0.38877261454925793,2,0.5,0.2
receive,4,5,10,107,1,1,0.3673327568108132,2,0.5,0.2
receive,4,6,10,107,1,3,0.3851150774735551,2,0.0,0.2
receive,4,13,10,107,1,3,0.22574588962289283,2,0.0,0.2
receive,6,2,2,107,3,1,0.4139460511935021,2,0.0,1.0
receive,7,2,4,107,3,1,0.4186482935179951,4,0.25,1.0
receive,10,1,34,107,2,1,0.4507624987498863,2,0.5,0.058823529411764705
receive,10,2,34,107,2,1,0.40822325444520446,14,0.5,0.4117647058823529
receive,10,5,34,107,2,1,0.39282007067789537,8,0.375,0.23529411764705882
receive,10,6,34,107,2,3,0.40794730185309785,4,0.75,0.11764705882352941
receive,10,13,34,107,2,0,0.009671818057393764,1,0.0,0.029411764705882353
receive,10,13,34,107,2,3,0.28616014718433713,5,0.2,0.14705882352941177
receive,10,2,5,107,3,1,0.4106719364532112,1,0.0,0.2
receive,10,5,5,107,3,1,0.39537599652420974,1,1.0,0.2
receive,10,6,5,107,3,3,0.4174275570836562,2,0.0,0.4
receive,10,13,5,107,3,3,0.25560826855208585,1,0.0,0.2
receive,11,1,17,107,2,1,0.4558920033000699,6,0.16666666666666666,0.35294117647058826
receive,11,5,17,107,2,1,0.4002369712215498,3,0.3333333333333333,0.17647058823529413
receive,11,7,17,107,2,1,0.37743529057329583,2,0.5,0.11764705882352941
receive,11,7,17,107,2,3,0.38052813381437933,1,1.0,0.058823529411764705
receive,11,11,17,107,2,2,0.38792186951506025,4,0.0,0.23529411764705882
receive,11,13,17,107,2,3,0.2717142814844815,1,1.0,0.058823529411764705
receive,11,1,5,107,3,1,0.44362790783563105,2,0.0,0.4
receive,11,5,5,107,3,1,0.38437016612690456,1,0.0,0.2
receive,11,13,5,107,3,3,0.2007730775780065,2,0.0,0.4
receive,6,1,1,108,2,1,0.34138151171568126,1,0.0,1.0
receive,7,13,1,108,1,0,0.004613060483778196,1,0.0,1.0
receive,10,1,9,108,2,1,0.33289551438059106,2,0.0,0.2222222222222222
receive,10,5,9,108,2,1,0.2848613954773133,1,1.0,0.1111111111111111
receive,10,6,9,108,2,3,0.29599100254099836,4,0.0,0.4444444444444444
receive,10,13,9,108,2,3,0.20143306887849344,2,0.0,0.2222222222222222
receive,10,6,2,108,5,3,0.28156639071080386,1,0.0,0.5
receive,10,13,2,108,5,3,0.21641660622532205,1,0.0,0.5
receive,1,1,11,109,1,1,0.5588981387835221,3,1.0,0.2727272727272727
receive,1,5,11,109,1,1,0.5026607603115621,5,0.6,0.45454545454545453
receive,1,6,11,109,1,3,0.5210429278680418,1,0.0,0.09090909090909091
receive,1,13,11,109,1,3,0.36244525220554186,2,0.5,0.18181818181818182
receive,4,1,12,109,1,1,0.5423076583103158,3,0.6666666666666666,0.25
receive,4,5,12,109,1,1,0.48302012939439326,6,0.8333333333333334,0.5
receive,4,13,12,109,1,3,0.33343949664091815,3,0.3333333333333333,0.25
receive,10,5,2,109,2,1,0.4827179257250085,1,1.0,0.5
receive,10,13,2,109,2,3,0.36139942011717374,1,0.0,0.5
receive,11,1,6,109,2,1,0.570216197148281,2,0.5,0.3333333333333333
receive,11,4,6,109,2,1,0.5506776918243164,1,1.0,0.16666666666666666
receive,11,7,6,109,2,1,0.48132878306470395,1,1.0,0.16666666666666666
receive,11,10,6,109,2,2,0.47604484779835415,1,1.0,0.16666666666666666
receive,11,11,6,109,2,2,0.4924682808283072,1,0.0,0.16666666666666666
receive,1,1,3,110,1,1,0.47281753935878684,1,1.0,0.3333333333333333
receive,1,6,3,110,1,3,0.4333705705988211,2,0.0,0.6666666666666666
receive,4,1,10,110,1,1,0.4578504666086486,7,0.14285714285714285,0.7
receive,4,5,10,110,1,1,0.39809715554953734,1,1.0,0.1
receive,4,6,10,110,1,3,0.4084250417431804,1,0.0,0.1
receive,4,14,10,110,1,1,0.21117816819577465,1,0.0,0.1
receive,4,2,5,110,4,1,0.4241564445559701,1,1.0,0.2
receive,4,5,5,110,4,1,0.4089596323217263,1,1.0,0.2
receive,4,6,5,110,4,3,0.4372973095236371,3,0.3333333333333333,0.6
receive,6,1,1,110,3,1,0.4659668700888335,1,0.0,1.0
receive,7,5,2,110,1,1,0.4202823381781227,2,1.0,1.0
receive,7,13,2,110,3,3,0.2030253803638754,2,0.0,1.0
receive,10,5,5,110,2,1,0.40603400187435623,2,0.5,0.4
receive,10,10,5,110,2,2,0.3775120909342706,2,0.5,0.4
receive,10,13,5,110,2,3,0.2893031556937145,1,1.0,0.2
receive,10,2,2,110,3,1,0.3920727341163307,1,1.0,0.5
receive,10,13,2,110,3,3,0.194258593768297,1,0.0,0.5
receive,11,1,13,110,2,1,0.4817677343940208,6,0.6666666666666666,0.46153846153846156
receive,11,7,13,110,2,1,0.3958392581362712,1,0.0,0.07692307692307693
receive,11,10,13,110,2,2,0.39628276952436475,4,0.0,0.3076923076923077
receive,11,11,13,110,2,2,0.4004402634814125,2,0.5,0.15384615384615385
receive,1,1,12,111,1,1,0.5338476896453171,6,0.5,0.5
receive,1,2,12,111,1,1,0.49670595068004414,1,1.0,0.08333333333333333
receive,1,5,12,111,1,1,0.4753506807875722,2,0.5,0.16666666666666666
receive,1,6,12,111,1,3,0.49270385243398707,1,0.0,0.08333333333333333
receive,1,13,12,111,1,3,0.3268310359161269,2,0.5,0.16666666666666666
receive,4,1,29,111,1,1,0.5284191729888255,15,0.6666666666666666,0.5172413793103449
receive,4,5,29,111,1,1,0.46616825812942225,5,1.0,0.1724137931034483
receive,4,10,29,111,1,5,0.4145230713323158,1,0.0,0.034482758620689655
receive,4,11,29,111,1,2,0.4016116864130269,1,1.0,0.034482758620689655
receive,4,13,29,111,1,3,0.30619605593599064,7,0.14285714285714285,0.2413793103448276
receive,4,1,3,111,4,1,0.5296335755813782,2,0.5,0.6666666666666666
receive,4,10,3,111,4,2,0.3793978133351849,1,0.0,0.3333333333333333
receive,6,1,1,111,2,1,0.5103251941433984,1,0.0,1.0
receive,6,1,2,111,3,1,0.5219027129935695,1,1.0,0.5
receive,6,13,2,111,3,3,0.2711705916924098,1,0.0,0.5
receive,7,1,2,111,1,1,0.5414697479578205,2,0.5,1.0
receive,10,1,36,111,2,1,0.528180748783999,14,0.2857142857142857,0.3888888888888889
receive,10,2,36,111,2,0,0.01595599210027524,1,0.0,0.027777777777777776
receive,10,2,36,111,2,1,0.48679552903942774,4,0.25,0.1111111111111111
receive,10,3,36,111,2,3,0.5470835564498218,3,0.3333333333333333,0.08333333333333333
receive,10,5,36,111,2,1,0.4727008889792703,2,1.0,0.05555555555555555
receive,10,6,36,111,2,3,0.4877369039105202,4,0.25,0.1111111111111111
receive,10,10,36,111,2,2,0.4469380698422032,3,0.0,0.08333333333333333
receive,10,11,36,111,2,2,0.45428572380694227,1,1.0,0.027777777777777776
receive,10,13,36,111,2,3,0.3623697865467624,4,0.5,0.1111111111111111
receive,10,12,1,111,5,2,0.48908003434721975,1,0.0,1.0
receive,11,1,62,111,2,1,0.5207910274879308,32,0.5,0.5161290322580645
receive,11,2,62,111,2,1,0.479881030676122,9,0.7777777777777778,0.14516129032258066
receive,11,3,62,111,2,3,0.5441336094659427,1,1.0,0.016129032258064516
receive,11,4,62,111,2,1,0.49961061615721714,2,0.0,0.03225806451612903
receive,11,6,62,111,2,3,0.4900783584965046,1,1.0,0.016129032258064516
receive,11,11,62,111,2,2,0.45056123028119544,7,0.5714285714285714,0.11290322580645161
receive,11,13,62,111,2,3,0.3346751612420178,10,0.3,0.16129032258064516
receive,11,1,1,111,5,1,0.5869913251235859,1,0.0,1.0
receive,1,1,12,112,1,1,0.5966420062343126,2,1.0,0.16666666666666666
receive,1,2,12,112,1,0,0.0232509900697056,1,0.0,0.08333333333333333
receive,1,2,12,112,1,1,0.5563109700341734,1,1.0,0.08333333333333333
receive,1,5,12,112,1,1,0.5336488699152858,3,0.0,0.25
receive,1,6,12,112,1,3,0.5531303958349257,2,1.0,0.16666666666666666
receive,1,13,12,112,1,3,0.38153230868389265,3,1.0,0.25
receive,4,2,10,112,1,1,0.5488922155935246,2,0.0,0.2
receive,4,5,10,112,1,1,0.5297276651009676,1,1.0,0.1
receive,4,6,10,112,1,3,0.5406427455776796,6,0.6666666666666666,0.6
receive,4,13,10,112,1,3,0.371627620682795,1,0.0,0.1
receive,6,6,1,112,2,3,0.5257579711137695,1,1.0,1.0
receive,6,1,6,112,3,1,0.5953229021383885,2,0.5,0.3333333333333333
receive,6,2,6,112,3,1,0.5527642394588624,1,0.0,0.16666666666666666
receive,6,6,6,112,3,3,0.5620407841705609,2,0.0,0.3333333333333333
receive,6,13,6,112,3,3,0.3434479669867241,1,0.0,0.16666666666666666
receive,7,1,4,112,1,1,0.6348848166441063,1,0.0,0.25
receive,7,2,4,112,1,1,0.5956105373056158,3,0.3333333333333333,0.75
receive,10,1,46,112,2,1,0.5941207505162995,5,0.6,0.10869565217391304
receive,10,2,46,112,2,1,0.5518172530100898,10,0.6,0.21739130434782608
receive,10,5,46,112,2,1,0.5380619837495267,4,1.0,0.08695652173913043
receive,10,6,46,112,2,3,0.5533919795826695,4,0.75,0.08695652173913043
receive,10,7,46,112,2,1,0.512880542734675,1,0.0,0.021739130434782608
receive,10,10,46,112,2,2,0.5129125528855029,1,1.0,0.021739130434782608
receive,10,13,46,112,2,3,0.42487671526563925,21,0.5238095238095238,0.45652173913043476
receive,10,5,1,112,3,1,0.5361512963250155,1,1.0,1.0
receive,11,1,14,112,2,1,0.613576597661436,5,0.6,0.35714285714285715
receive,11,7,14,112,2,1,0.5247723054122577,5,0.4,0.35714285714285715
receive,11,10,14,112,2,2,0.5175748710753311,3,0.6666666666666666,0.21428571428571427
receive,11,11,14,112,2,2,0.539538853916363,1,1.0,0.07142857142857142
receive,1,1,11,113,1,1,0.5707129614245114,1,0.0,0.09090909090909091
receive,1,6,11,113,1,3,0.532725686318074,8,0.5,0.7272727272727273
receive,1,13,11,113,1,0,0.018815701414773314,1,0.0,0.09090909090909091
receive,1,13,11,113,1,3,0.3668600945285745,1,0.0,0.09090909090909091
receive,4,5,6,113,1,1,0.49079327028914127,1,1.0,0.16666666666666666
receive,4,6,6,113,1,3,0.5012563113818267,3,0.6666666666666666,0.5
receive,4,13,6,113,1,0,0.01823561084448704,1,0.0,0.16666666666666666
receive,4,13,6,113,1,3,0.34405118952224206,1,1.0,0.16666666666666666
receive,7,6,4,113,1,3,0.5252864776081828,1,0.0,0.25
receive,7,13,4,113,1,0,0.018870457195027848,1,0.0,0.25
receive,7,13,4,113,1,3,0.3569250400863096,2,0.0,0.5
receive,7,13,1,113,3,3,0.36487227483647217,1,1.0,1.0
receive,10,1,9,113,2,1,0.5628220464656999,2,1.0,0.2222222222222222
receive,10,2,9,113,2,1,0.5192808944690525,3,0.6666666666666666,0.3333333333333333
receive,10,5,9,113,2,1,0.5085393778676426,1,1.0,0.1111111111111111
receive,10,6,9,113,2,3,0.5247234076455265,2,0.0,0.2222222222222222
receive,10,13,9,113,2,3,0.4006691516437889,1,0.0,0.1111111111111111
receive,10,13,2,113,3,3,0.2724445691060551,2,0.0,1.0
receive,11,1,6,113,2,1,0.5561751103617135,4,0.5,0.6666666666666666
receive,11,2,6,113,2,1,0.5135167183725974,1,1.0,0.16666666666666666
receive,11,6,6,113,2,3,0.5309534980909323,1,1.0,0.16666666666666666
receive,1,10,2,114,1,2,0.30596258409316224,2,0.0,1.0
receive,6,1,3,114,3,1,0.4055676911211507,1,1.0,0.3333333333333333
receive,6,10,3,114,3,2,0.2862456676756522,1,0.0,0.3333333333333333
receive,6,11,3,114,3,2,0.29093565551480305,1,0.0,0.3333333333333333
receive,10,1,5,114,2,1,0.4135479916993596,3,0.3333333333333333,0.6
receive,10,10,5,114,2,2,0.34070333889995624,2,0.0,0.4
receive,11,10,1,114,2,2,0.3377673322534812,1,0.0,1.0
receive,12,1,3,114,2,1,0.38281650416534824,2,0.5,0.6666666666666666
receive,12,10,3,114,2,2,0.3232136557574564,1,0.0,0.3333333333333333
receive,1,1,27,115,1,1,0.4346854838250135,11,0.45454545454545453,0.4074074074074074
receive,1,2,27,115,1,1,0.39492967513992466,1,0.0,0.037037037037037035
receive,1,3,27,115,1,3,0.43764736981228475,2,0.5,0.07407407407407407
receive,1,5,27,115,1,1,0.37753046521653594,3,0.6666666666666666,0.1111111111111111
receive,1,6,27,115,1,3,0.3953373692926611,6,0.0,0.2222222222222222
receive,1,8,27,115,1,3,0.3033455927193419,1,1.0,0.037037037037037035
receive,1,10,27,115,1,2,0.3174468070565684,1,1.0,0.037037037037037035
receive,1,13,27,115,1,3,0.2502162194696109,2,0.0,0.07407407407407407
receive,4,1,12,115,1,1,0.4214423846944691,1,0.0,0.08333333333333333
receive,4,2,12,115,1,1,0.38023744229710094,2,0.0,0.16666666666666666
receive,4,5,12,115,1,1,0.3619813260572536,7,0.7142857142857143,0.5833333333333334
receive,4,10,12,115,1,3,0.29019280762381355,1,0.0,0.08333333333333333
receive,4,13,12,115,1,3,0.2265553437225691,1,0.0,0.08333333333333333
receive,6,3,3,115,3,3,0.44076037615311914,1,1.0,0.3333333333333333
receive,6,13,3,115,3,3,0.1842363658259223,2,1.0,0.6666666666666666
receive,7,1,29,115,1,1,0.4448343057092937,5,0.6,0.1724137931034483
receive,7,2,29,115,1,1,0.4039007550601934,1,0.0,0.034482758620689655
receive,7,5,29,115,1,0,0.008341637599607628,2,0.0,0.06896551724137931
receive,7,5,29,115,1,1,0.39006941595696343,11,0.36363636363636365,0.3793103448275862
receive,7,6,29,115,1,3,0.40481059876484576,2,0.5,0.06896551724137931
receive,7,13,29,115,1,3,0.2561099329860502,8,0.0,0.27586206896551724
receive,7,1,3,115,3,1,0.43851037812659155,3,0.0,1.0
receive,8,13,1,115,2,3,0.26837006079075626,1,1.0,1.0
receive,10,1,68,115,2,1,0.4294826314839937,18,0.4444444444444444,0.2647058823529412
receive,10,2,68,115,2,1,0.3887108645572642,8,0.375,0.11764705882352941
receive,10,5,68,115,2,1,0.37503871138200395,13,0.46153846153846156,0.19117647058823528
receive,10,8,68,115,2,3,0.2949440236047924,2,0.0,0.029411764705882353
receive,10,10,68,115,2,2,0.3490956216800565,3,0.3333333333333333,0.04411764705882353
receive,10,10,68,115,2,3,0.34223425684963504,1,0.0,0.014705882352941176
receive,10,11,68,115,2,3,0.3501634885966208,1,1.0,0.014705882352941176
receive,10,13,68,115,2,3,0.27125020229145314,22,0.22727272727272727,0.3235294117647059
receive,10,13,5,115,3,3,0.19967676965643746,5,0.2,1.0
receive,10,1,2,115,5,1,0.4089687789211416,1,0.0,0.5
receive,10,13,2,115,5,3,0.2963387793923442,1,0.0,0.5
receive,11,1,21,115,2,1,0.43899518544868243,12,0.5833333333333334,0.5714285714285714
receive,11,2,21,115,2,1,0.39981631783348864,1,0.0,0.047619047619047616
receive,11,5,21,115,2,1,0.3857739968265,3,0.0,0.14285714285714285
receive,11,7,21,115,2,1,0.36003864320657797,1,0.0,0.047619047619047616
receive,11,8,21,115,2,3,0.33023612622364074,1,0.0,0.047619047619047616
receive,11,11,21,115,2,3,0.35010985459763994,1,1.0,0.047619047619047616
receive,11,13,21,115,2,3,0.2604123506948617,2,0.0,0.09523809523809523
receive,11,1,2,115,3,1,0.4688304196482004,1,0.0,0.5
receive,11,10,2,115,3,2,0.3465646326844487,1,0.0,0.5
receive,6,10,1,116,2,2,0.43610184840438254,1,0.0,1.0
receive,6,3,4,116,3,3,0.5401013029598184,1,1.0,0.25
receive,6,10,4,116,3,2,0.40496730175960316,1,1.0,0.25
receive,6,13,4,116,3,3,0.28530276798406373,2,1.0,0.5
receive,7,10,1,116,3,2,0.42872231931211746,1,1.0,1.0
receive,10,3,18,116,2,3,0.548798727761368,3,0.6666666666666666,0.16666666666666666
receive,10,5,18,116,2,1,0.4776301007792088,1,1.0,0.05555555555555555
receive,10,6,18,116,2,3,0.4955376615998104,1,1.0,0.05555555555555555
receive,10,10,18,116,2,2,0.4559341854790832,12,0.4166666666666667,0.6666666666666666
receive,10,13,18,116,2,0,0.017677795684758427,1,0.0,0.05555555555555555
receive,1,1,10,117,1,1,0.5153991325809508,8,0.75,0.8
receive,1,6,10,117,1,3,0.4765909093398785,1,0.0,0.1
receive,1,13,10,117,1,3,0.3197523883412665,1,0.0,0.1
receive,4,6,1,117,4,3,0.4856727375600713,1,0.0,1.0
receive,7,6,4,117,1,3,0.48823335348108304,1,0.0,0.25
receive,7,13,4,117,1,3,0.3393792717261658,3,0.0,0.75
receive,10,13,1,117,2,3,0.30888783855759167,1,0.0,1.0
receive,10,13,3,117,3,3,0.2330569064662654,3,0.3333333333333333,1.0
receive,11,1,2,117,2,1,0.5016415299273651,1,1.0,0.5
receive,11,7,2,117,2,1,0.42688782313653356,1,0.0,0.5
receive,11,1,8,117,3,0,0.014338584000434354,1,0.0,0.125
receive,11,1,8,117,3,1,0.5135972379641889,3,1.0,0.375
receive,11,2,8,117,3,1,0.4705727559500722,1,1.0,0.125
receive,11,13,8,117,3,3,0.2496719165256029,3,0.0,0.375
receive,1,1,6,118,1,1,0.6028106598818029,1,0.0,0.16666666666666666
receive,1,2,6,118,1,1,0.5642515752854302,1,1.0,0.16666666666666666
receive,1,6,6,118,1,3,0.5604888187979509,2,0.5,0.3333333333333333
receive,1,13,6,118,1,3,0.39205670059807723,2,0.0,0.3333333333333333
receive,4,13,1,118,1,3,0.389414788849783,1,0.0,1.0
receive,7,1,12,118,1,1,0.6190784659699147,1,1.0,0.08333333333333333
receive,7,5,12,118,1,1,0.5639789673037726,1,0.0,0.08333333333333333
receive,7,6,12,118,1,3,0.5792296764703275,9,0.4444444444444444,0.75
receive,7,13,12,118,1,3,0.41316398185941267,1,0.0,0.08333333333333333
receive,10,1,13,118,2,1,0.607553666266834,3,1.0,0.23076923076923078
receive,10,2,13,118,2,1,0.5657225965829428,1,1.0,0.07692307692307693
receive,10,3,13,118,2,3,0.605001703507072,2,0.0,0.15384615384615385
receive,10,5,13,118,2,1,0.5528667628474143,1,1.0,0.07692307692307693
receive,10,6,13,118,2,3,0.5622423868676435,1,0.0,0.07692307692307693
receive,10,10,13,118,2,2,0.5229267999542405,1,0.0,0.07692307692307693
receive,10,13,13,118,2,3,0.44094644014512113,4,0.5,0.3076923076923077
receive,10,2,3,118,3,1,0.5425992004840233,1,0.0,0.3333333333333333
receive,10,5,3,118,3,1,0.5209631797661572,1,1.0,0.3333333333333333
receive,10,6,3,118,3,3,0.5490703116629789,1,1.0,0.3333333333333333
receive,11,1,9,118,2,1,0.6172385456331013,3,1.0,0.3333333333333333
receive,11,6,9,118,2,3,0.5861991537000156,1,0.0,0.1111111111111111
receive,11,10,9,118,2,2,0.52236694675954,2,0.5,0.2222222222222222
receive,11,11,9,118,2,2,0.5391438582118052,3,0.6666666666666666,0.3333333333333333
receive,11,1,8,118,3,1,0.5940014762850381,2,0.5,0.25
receive,11,6,8,118,3,3,0.5690166451487666,4,0.25,0.5
receive,11,13,8,118,3,0,0.022819697682844923,1,0.0,0.125
receive,11,13,8,118,3,3,0.31929578270744663,1,0.0,0.125
receive,1,10,1,119,1,2,0.42237786210321154,1,0.0,1.0
receive,6,10,2,119,3,2,0.40726581651401456,1,0.0,0.5
receive,6,13,2,119,3,3,0.2990387213267479,1,1.0,0.5
receive,10,1,5,119,2,1,0.5432893554438512,1,0.0,0.2
receive,10,3,5,119,2,2,0.5691544841642193,1,1.0,0.2
receive,10,6,5,119,2,3,0.5113004970795563,2,0.5,0.4
receive,10,10,5,119,2,2,0.45274436309692695,1,0.0,0.2
receive,4,1,2,121,4,1,0.4531041444104197,1,0.0,0.5
receive,4,5,2,121,4,1,0.3967022166342493,1,0.0,0.5
receive,6,1,1,121,2,1,0.4303033643828173,1,0.0,1.0
receive,6,3,2,121,3,3,0.47722867623653986,1,1.0,0.5
receive,6,5,2,121,3,1,0.40184857340484026,1,0.0,0.5
receive,10,12,3,121,2,2,0.3932904041069715,3,0.0,1.0
receive,10,12,2,121,5,2,0.41192754268307186,2,0.5,1.0
receive,12,12,2,121,2,2,0.3592824621075904,2,0.0,1.0
receive,12,12,2,121,5,2,0.386802440907995,1,0.0,0.5
receive,12,13,2,121,5,3,0.29833595894102216,1,0.0,0.5
receive,1,1,16,122,1,1,0.5069491194215012,4,0.25,0.25
receive,1,5,16,122,1,0,0.013879119619555123,1,0.0,0.0625
receive,1,5,16,122,1,1,0.4421590429753902,2,0.5,0.125
receive,1,6,16,122,1,3,0.460237750504105,5,0.0,0.3125
receive,1,10,16,122,1,0,0.013795230268024605,1,0.0,0.0625
receive,1,13,16,122,1,0,0.014098328991559132,1,0.0,0.0625
receive,1,13,16,122,1,3,0.29801226088715577,2,0.0,0.125
receive,4,1,30,122,1,1,0.5052064404967711,2,1.0,0.06666666666666667
receive,4,2,30,122,1,0,0.013752855467863175,1,0.0,0.03333333333333333
receive,4,2,30,122,1,1,0.46333156909283046,7,0.42857142857142855,0.23333333333333334
receive,4,5,30,122,1,1,0.44114979747411953,4,0.5,0.13333333333333333
receive,4,6,30,122,1,3,0.45120073417238155,6,0.16666666666666666,0.2
receive,4,13,30,122,1,0,0.013603545731831217,2,0.0,0.06666666666666667
receive,4,13,30,122,1,3,0.28838794527427963,7,0.14285714285714285,0.23333333333333334
receive,4,14,30,122,1,1,0.23589543315389533,1,0.0,0.03333333333333333
receive,4,1,11,122,4,1,0.5318077124839523,1,1.0,0.09090909090909091
receive,4,2,11,122,4,1,0.4891574447987658,2,1.0,0.18181818181818182
receive,4,5,11,122,4,1,0.47378713329061756,2,0.0,0.18181818181818182
receive,4,6,11,122,4,3,0.4960074224526956,2,0.0,0.18181818181818182
receive,4,13,11,122,4,3,0.2881840920754682,4,0.0,0.36363636363636365
receive,7,1,16,122,1,0,0.015478292665113877,1,0.0,0.0625
receive,7,1,16,122,1,1,0.5155632691238634,1,1.0,0.0625
receive,7,2,16,122,1,1,0.4750992423471725,2,0.5,0.125
receive,7,5,16,122,1,0,0.014866939342790968,1,0.0,0.0625
receive,7,5,16,122,1,1,0.4580135236868117,1,0.0,0.0625
receive,7,6,16,122,1,3,0.47158137166714953,3,0.6666666666666666,0.1875
receive,7,13,16,122,1,0,0.014224232860417184,1,0.0,0.0625
receive,7,13,16,122,1,3,0.3026044939391992,6,0.16666666666666666,0.375
receive,7,13,3,122,3,0,0.01395074690448972,1,0.0,0.3333333333333333
receive,7,13,3,122,3,3,0.26919941055447644,2,1.0,0.6666666666666666
receive,10,1,49,122,2,1,0.5094506702357637,8,0.875,0.16326530612244897
receive,10,2,49,122,2,1,0.4672896005612798,9,0.4444444444444444,0.1836734693877551
receive,10,5,49,122,2,1,0.4499980224731468,5,0.6,0.10204081632653061
receive,10,6,49,122,2,3,0.46478895121490843,3,0.0,0.061224489795918366
receive,10,10,49,122,2,2,0.43030478556006097,1,0.0,0.02040816326530612
receive,10,13,49,122,2,0,0.014593334044299626,2,0.0,0.04081632653061224
receive,10,13,49,122,2,3,0.33356655170147764,21,0.2857142857142857,0.42857142857142855
receive,10,2,2,122,3,1,0.4503503950831819,1,0.0,0.5
receive,10,13,2,122,3,3,0.2400014774829566,1,0.0,0.5
receive,11,1,53,122,2,1,0.5221109163377808,18,0.6666666666666666,0.33962264150943394
receive,11,2,53,122,2,1,0.48154901541806056,5,0.4,0.09433962264150944
receive,11,4,53,122,2,1,0.5033968478102374,1,0.0,0.018867924528301886
receive,11,5,53,122,2,1,0.4676639970215259,2,0.5,0.03773584905660377
receive,11,7,53,122,2,1,0.4396991949541298,9,0.4444444444444444,0.16981132075471697
receive,11,10,53,122,2,2,0.4410365089466121,6,0.6666666666666666,0.11320754716981132
receive,11,11,53,122,2,2,0.44985155271835614,3,1.0,0.05660377358490566
receive,11,13,53,122,2,0,0.013723219840878514,1,0.0,0.018867924528301886
receive,11,13,53,122,2,3,0.34254798670341097,8,0.25,0.1509433962264151
receive,11,1,19,122,3,1,0.5068102952397373,7,0.7142857142857143,0.3684210526315789
receive,11,2,19,122,3,0,0.014490299896714636,1,0.0,0.05263157894736842
receive,11,2,19,122,3,1,0.4631365214412875,4,0.5,0.21052631578947367
receive,11,5,19,122,3,1,0.4450214680779099,2,1.0,0.10526315789473684
receive,11,13,19,122,3,0,0.013757918783260112,2,0.0,0.10526315789473684
receive,11,13,19,122,3,3,0.25198383410980846,3,0.0,0.15789473684210525
receive,1,1,4,123,1,1,0.41292324663658087,1,0.0,0.25
receive,1,13,4,123,1,0,0.009013901888625126,1,0.0,0.25
receive,1,13,4,123,1,3,0.20835363634535092,2,0.5,0.5
receive,6,5,1,123,3,1,0.3920004933953282,1,1.0,1.0
receive,7,6,5,123,3,3,0.4849789196210937,1,0.0,0.2
receive,7,13,5,123,3,3,0.30999108949028387,4,0.25,0.8
receive,10,10,4,123,2,2,0.35758192116554227,1,0.0,0.25
receive,10,13,4,123,2,0,0.009204601882641661,2,0.0,0.5
receive,10,13,4,123,2,3,0.279892787042083,1,0.0,0.25
receive,11,1,1,123,2,1,0.4212612675229447,1,0.0,1.0
receive,6,5,3,124,3,1,0.35725188103898614,1,1.0,0.3333333333333333
receive,6,10,3,124,3,2,0.2883130086603786,2,0.5,0.6666666666666666
receive,10,6,9,124,2,3,0.3710756957281498,1,0.0,0.1111111111111111
receive,10,10,9,124,2,2,0.33321205614218413,7,0.14285714285714285,0.7777777777777778
receive,10,14,9,124,2,3,0.19598436427697852,1,0.0,0.1111111111111111
receive,10,10,1,124,5,2,0.3637736000786558,1,0.0,1.0
receive,9,3,1,125,2,0,0.01481233304474721,1,0.0,1.0
receive,9,3,2,125,3,3,0.5020002319517008,1,0.0,0.5
receive,9,9,2,125,3,3,0.44305918153563273,1,1.0,0.5
receive,1,1,11,126,1,1,0.4279447694672754,5,0.0,0.45454545454545453
receive,1,6,11,126,1,3,0.3878525556387285,4,0.5,0.36363636363636365
receive,1,13,11,126,1,3,0.24173584287663574,2,1.0,0.18181818181818182
receive,4,1,5,126,1,1,0.4036389858917623,2,0.5,0.4
receive,4,6,5,126,1,3,0.3524424035554431,2,0.0,0.4
receive,4,13,5,126,1,3,0.20004445813266294,1,0.0,0.2
receive,6,6,1,126,3,3,0.36845350235583096,1,1.0,1.0
receive,7,2,2,126,1,1,0.3586569874753708,1,0.0,0.5
receive,7,6,2,126,1,0,0.008355985550825066,1,0.0,0.5
receive,10,2,6,126,2,1,0.38117303147504517,1,1.0,0.16666666666666666
receive,10,5,6,126,2,1,0.36674199156335163,1,0.0,0.16666666666666666
receive,10,13,6,126,2,3,0.2634061768176987,4,0.0,0.6666666666666666
receive,10,2,2,126,3,1,0.3621213213332,1,0.0,0.5
receive,10,13,2,126,3,3,0.17483590067995022,1,0.0,0.5
receive,11,1,4,126,2,1,0.4311872160149717,1,1.0,0.25
receive,11,5,4,126,2,1,0.3796359991105898,1,0.0,0.25
receive,11,7,4,126,2,1,0.35003360752540286,1,0.0,0.25
receive,11,11,4,126,2,2,0.36315494668759274,1,1.0,0.25
receive,10,2,14,127,2,1,0.380372146704629,2,0.0,0.14285714285714285
receive,10,12,14,127,2,2,0.3488042285531893,11,0.18181818181818182,0.7857142857142857
receive,10,14,14,127,2,3,0.20809262114493357,1,0.0,0.07142857142857142
receive,10,12,2,127,3,2,0.32274010681565796,1,1.0,0.5
receive,10,14,2,127,3,3,0.15493752173615657,1,0.0,0.5
receive,12,5,2,127,2,1,0.3189401007548355,1,0.0,0.5
receive,12,12,2,127,2,2,0.33356033796770845,1,0.0,0.5
receive,1,1,57,128,1,1,0.5117842592619524,27,0.48148148148148145,0.47368421052631576
receive,1,2,57,128,1,1,0.47348918282650865,7,0.2857142857142857,0.12280701754385964
receive,1,5,57,128,1,1,0.45283091405225423,3,0.6666666666666666,0.05263157894736842
receive,1,6,57,128,1,2,0.4703632464464565,1,0.0,0.017543859649122806
receive,1,6,57,128,1,3,0.47136391284863066,8,0.25,0.14035087719298245
receive,1,10,57,128,1,2,0.3875084901865865,1,0.0,0.017543859649122806
receive,1,11,57,128,1,3,0.38816259155317284,5,0.4,0.08771929824561403
receive,1,13,57,128,1,0,0.012747482476525494,1,0.0,0.017543859649122806
receive,1,13,57,128,1,3,0.307720389468514,4,0.25,0.07017543859649122
receive,4,1,7,128,1,1,0.4841864149487614,1,0.0,0.14285714285714285
receive,4,2,7,128,1,1,0.4416373146486458,3,0.0,0.42857142857142855
receive,4,6,7,128,1,3,0.42922836306389633,3,0.3333333333333333,0.42857142857142855
receive,6,1,7,128,3,1,0.5383233674403748,1,0.0,0.14285714285714285
receive,6,2,7,128,3,1,0.5040850115266409,4,0.5,0.5714285714285714
receive,6,6,7,128,3,3,0.5049486407020206,1,0.0,0.14285714285714285
receive,6,11,7,128,3,3,0.3999588718634857,1,0.0,0.14285714285714285
receive,7,2,9,128,1,1,0.4787918850687366,3,0.6666666666666666,0.3333333333333333
receive,7,5,9,128,1,1,0.463590593552285,1,0.0,0.1111111111111111
receive,7,6,9,128,1,3,0.47651865831904566,2,0.0,0.2222222222222222
receive,7,10,9,128,1,2,0.41189123383295834,1,1.0,0.1111111111111111
receive,7,13,9,128,1,3,0.32297375021058344,2,0.0,0.2222222222222222
receive,7,13,1,128,3,3,0.30685027565494594,1,0.0,1.0
receive,10,1,107,128,2,1,0.4967074074584242,26,0.46153846153846156,0.24299065420560748
receive,10,2,107,128,2,1,0.4533913618997615,15,0.4,0.14018691588785046
receive,10,5,107,128,2,0,0.012919573738535332,1,0.0,0.009345794392523364
receive,10,5,107,128,2,1,0.44043307965459927,4,0.5,0.037383177570093455
receive,10,6,107,128,2,3,0.4575239051260403,20,0.3,0.18691588785046728
receive,10,7,107,128,2,1,0.41246885263838856,2,0.0,0.018691588785046728
receive,10,10,107,128,2,2,0.41085549922186415,2,0.5,0.018691588785046728
receive,10,10,107,128,2,3,0.40516035633404573,3,0.3333333333333333,0.028037383177570093
receive,10,13,107,128,2,3,0.33197104385465187,34,0.3235294117647059,0.3177570093457944
receive,10,1,44,128,3,1,0.49491696060314266,5,0.8,0.11363636363636363
receive,10,2,44,128,3,0,0.01260307047776978,1,0.0,0.022727272727272728
receive,10,2,44,128,3,1,0.4494183714992069,6,0.5,0.13636363636363635
receive,10,5,44,128,3,1,0.434197331852716,3,0.6666666666666666,0.06818181818181818
receive,10,6,44,128,3,3,0.4589899012289493,11,0.18181818181818182,0.25
receive,10,7,44,128,3,1,0.3813482662172997,1,0.0,0.022727272727272728
receive,10,10,44,128,3,2,0.3825601090582306,1,0.0,0.022727272727272728
receive,10,10,44,128,3,3,0.38003511471179635,2,0.0,0.045454545454545456
receive,10,13,44,128,3,0,0.012319454543846453,1,0.0,0.022727272727272728
receive,10,13,44,128,3,3,0.2860695821132365,13,0.38461538461538464,0.29545454545454547
receive,10,1,6,128,5,1,0.4756484789021856,2,1.0,0.3333333333333333
receive,10,2,6,128,5,1,0.44058791925952384,1,0.0,0.16666666666666666
receive,10,6,6,128,5,3,0.44643934924259493,1,1.0,0.16666666666666666
receive,10,13,6,128,5,3,0.32803573399356106,2,0.5,0.3333333333333333
receive,11,1,54,128,2,1,0.49174096031954806,31,0.6129032258064516,0.5740740740740741
receive,11,2,54,128,2,1,0.45168480692585394,3,0.3333333333333333,0.05555555555555555
receive,11,5,54,128,2,1,0.43479744015771166,2,0.5,0.037037037037037035
receive,11,6,54,128,2,3,0.45875129345602084,3,0.0,0.05555555555555555
receive,11,7,54,128,2,1,0.413815172620872,2,0.5,0.037037037037037035
receive,11,10,54,128,2,2,0.4213552951404224,2,0.0,0.037037037037037035
receive,11,10,54,128,2,3,0.40579112220622404,1,0.0,0.018518518518518517
receive,11,11,54,128,2,2,0.4226601003044347,2,1.0,0.037037037037037035
receive,11,13,54,128,2,0,0.012075839879487819,1,0.0,0.018518518518518517
receive,11,13,54,128,2,3,0.299898976112336,6,0.3333333333333333,0.1111111111111111
receive,11,14,54,128,2,1,0.2026055886669639,1,0.0,0.018518518518518517
receive,11,1,84,128,3,0,0.01267869901176201,2,0.0,0.023809523809523808
receive,11,1,84,128,3,1,0.494939485297108,50,0.48,0.5952380952380952
receive,11,2,84,128,3,1,0.4512400495350308,2,0.5,0.023809523809523808
receive,11,5,84,128,3,1,0.43514429903376034,1,1.0,0.011904761904761904
receive,11,6,84,128,3,3,0.47135252445382453,1,0.0,0.011904761904761904
receive,11,7,84,128,3,1,0.38478208379750095,5,0.4,0.05952380952380952
receive,11,7,84,128,3,3,0.40051518956500615,1,1.0,0.011904761904761904
receive,11,10,84,128,3,2,0.38888763576298707,1,1.0,0.011904761904761904
receive,11,10,84,128,3,3,0.37931997003516926,2,0.0,0.023809523809523808
receive,11,11,84,128,3,3,0.3842938729109747,1,1.0,0.011904761904761904
receive,11,13,84,128,3,0,0.011556141366537612,2,0.0,0.023809523809523808
receive,11,13,84,128,3,3,0.24941223117715255,16,0.125,0.19047619047619047
receive,11,1,1,128,5,1,0.5081797237085323,1,1.0,1.0
receive,1,1,27,129,1,1,0.5112102628324162,13,0.38461538461538464,0.48148148148148145
receive,1,2,27,129,1,1,0.46924400853713,6,0.3333333333333333,0.2222222222222222
receive,1,5,27,129,1,1,0.4529589700900819,2,0.5,0.07407407407407407
receive,1,6,27,129,1,3,0.47133334172390207,2,0.5,0.07407407407407407
receive,1,13,27,129,1,3,0.31499273237036146,3,0.3333333333333333,0.1111111111111111
receive,1,14,27,129,1,1,0.2753498336022385,1,0.0,0.037037037037037035
receive,3,1,1,129,2,1,0.5026010929590817,1,0.0,1.0
receive,4,1,25,129,1,1,0.4986448720137379,8,0.625,0.32
receive,4,2,25,129,1,1,0.4546679153476496,5,0.2,0.2
receive,4,5,25,129,1,1,0.43720541011304886,2,0.0,0.08
receive,4,6,25,129,1,3,0.45220546048027105,4,0.0,0.16
receive,4,13,25,129,1,3,0.2883384561620746,6,0.3333333333333333,0.24
receive,6,13,1,129,3,3,0.28469760833484525,1,1.0,1.0
receive,7,1,4,129,1,1,0.5228179875327172,1,0.0,0.25
receive,7,2,4,129,1,1,0.4783259065185616,2,1.0,0.5
receive,7,5,4,129,1,1,0.4697406946293064,1,0.0,0.25
receive,10,1,20,129,2,1,0.5046260880685312,2,0.5,0.1
receive,10,2,20,129,2,1,0.4610961126802738,8,0.125,0.4
receive,10,5,20,129,2,1,0.44699004996216896,1,1.0,0.05
receive,10,6,20,129,2,3,0.4580516773849447,3,0.6666666666666666,0.15
receive,10,13,20,129,2,3,0.33629086736279346,6,0.16666666666666666,0.3
receive,10,1,15,129,3,1,0.5076538022875243,2,0.5,0.13333333333333333
receive,10,2,15,129,3,1,0.46180088334491703,8,0.875,0.5333333333333333
receive,10,6,15,129,3,3,0.46791441419696106,2,0.5,0.13333333333333333
receive,10,13,15,129,3,3,0.3015581169121558,3,0.6666666666666666,0.2
receive,11,1,82,129,2,1,0.5198287641171233,22,0.5454545454545454,0.2682926829268293
receive,11,2,82,129,2,1,0.47825000571066606,17,0.17647058823529413,0.2073170731707317
receive,11,4,82,129,2,1,0.49519594153361407,2,0.5,0.024390243902439025
receive,11,5,82,129,2,1,0.4664528180767814,1,1.0,0.012195121951219513
receive,11,6,82,129,2,3,0.4908296640516625,3,0.3333333333333333,0.036585365853658534
receive,11,10,82,129,2,2,0.4300015343492602,2,0.5,0.024390243902439025
receive,11,10,82,129,2,3,0.41654449407025307,1,0.0,0.012195121951219513
receive,11,11,82,129,2,2,0.4459814769332734,22,0.45454545454545453,0.2682926829268293
receive,11,13,82,129,2,0,0.012995584579866304,1,0.0,0.012195121951219513
receive,11,13,82,129,2,3,0.3570078660604975,11,0.2727272727272727,0.13414634146341464
receive,11,1,32,129,3,1,0.5175434586836012,11,0.6363636363636364,0.34375
receive,11,2,32,129,3,1,0.47159090728246045,3,0.3333333333333333,0.09375
receive,11,5,32,129,3,1,0.4586166949208411,1,1.0,0.03125
receive,11,6,32,129,3,3,0.49575261872521353,1,0.0,0.03125
receive,11,10,32,129,3,2,0.3984238147221221,1,1.0,0.03125
receive,11,11,32,129,3,2,0.41378720774019423,1,0.0,0.03125
receive,11,13,32,129,3,3,0.30227214075426967,14,0.35714285714285715,0.4375
receive,4,3,1,130,4,3,0.3903383380074386,1,1.0,1.0
receive,6,6,2,130,2,3,0.3719479831766474,1,0.0,0.5
receive,6,13,2,130,2,3,0.22490257537975838,1,0.0,0.5
receive,6,6,2,130,3,3,0.40112015576321014,1,1.0,0.5
receive,6,13,2,130,3,3,0.2295545095599628,1,1.0,0.5
receive,7,1,1,130,1,1,0.39168410194343756,1,0.0,1.0
receive,7,1,4,130,3,1,0.40831488319242076,3,0.3333333333333333,0.75
receive,7,13,4,130,3,3,0.1761753145510333,1,0.0,0.25
receive,10,1,7,130,2,1,0.41717314440495545,4,0.5,0.5714285714285714
receive,10,5,7,130,2,1,0.3661230551817992,1,0.0,0.14285714285714285
receive,10,6,7,130,2,3,0.38554992151862716,1,1.0,0.14285714285714285
receive,10,13,7,130,2,3,0.2685385470731453,1,0.0,0.14285714285714285
receive,10,5,5,130,5,0,0.007512725251067484,1,0.0,0.2
receive,10,6,5,130,5,3,0.3871098457008934,2,0.0,0.4
receive,10,13,5,130,5,0,0.008445694429763378,2,0.0,0.4
receive,11,1,1,130,2,1,0.42014580667714185,1,0.0,1.0
receive,1,2,1,131,1,1,0.48932123485536566,1,0.0,1.0
receive,4,13,3,131,1,3,0.3242525673596283,3,0.3333333333333333,1.0
receive,6,2,2,131,3,1,0.5232770793845237,1,0.0,0.5
receive,6,13,2,131,3,3,0.3110445888877885,1,0.0,0.5
receive,7,6,1,131,1,3,0.49892041931674647,1,0.0,1.0
receive,10,1,6,131,2,1,0.5384159257252865,1,0.0,0.16666666666666666
receive,10,2,6,131,2,1,0.4961618405045009,1,1.0,0.16666666666666666
receive,10,13,6,131,2,3,0.3814504610311533,4,0.0,0.6666666666666666
receive,10,2,6,131,3,1,0.4863986480939431,2,0.0,0.3333333333333333
receive,10,13,6,131,3,3,0.3242842741381116,4,0.75,0.6666666666666666
receive,11,2,1,131,3,1,0.4976006950236495,1,1.0,1.0
receive,1,1,27,132,1,1,0.5349726231327199,10,0.4,0.37037037037037035
receive,1,2,27,132,1,1,0.4963306576283132,3,1.0,0.1111111111111111
receive,1,5,27,132,1,1,0.4774893588885915,3,0.3333333333333333,0.1111111111111111
receive,1,7,27,132,1,0,0.014435077317887665,1,0.0,0.037037037037037035
receive,1,8,27,132,1,3,0.3951530630203491,3,1.0,0.1111111111111111
receive,1,10,27,132,1,2,0.4088073501507829,1,0.0,0.037037037037037035
receive,1,11,27,132,1,2,0.42075514964275107,1,0.0,0.037037037037037035
receive,1,13,27,132,1,0,0.01464415674211983,2,0.0,0.07407407407407407
receive,1,13,27,132,1,3,0.3331053311070715,3,0.3333333333333333,0.1111111111111111
receive,4,1,16,132,1,1,0.5171539283958326,3,0.0,0.1875
receive,4,2,16,132,1,1,0.4781273406032354,1,0.0,0.0625
receive,4,5,16,132,1,1,0.45505458057379977,2,0.5,0.125
receive,4,6,16,132,1,3,0.4640128284420755,1,1.0,0.0625
receive,4,8,16,132,1,3,0.36163950467107886,4,0.0,0.25
receive,4,13,16,132,1,0,0.01394052522680963,1,0.0,0.0625
receive,4,13,16,132,1,3,0.29998724762426465,4,0.5,0.25
receive,4,1,22,132,4,1,0.5450456794663553,11,0.7272727272727273,0.5
receive,4,2,22,132,4,1,0.5056128744625623,2,0.0,0.09090909090909091
receive,4,5,22,132,4,1,0.48629863118050154,4,0.5,0.18181818181818182
receive,4,6,22,132,4,3,0.507401830407238,2,0.0,0.09090909090909091
receive,4,8,22,132,4,3,0.3750569622839912,1,1.0,0.045454545454545456
receive,4,13,22,132,4,0,0.01347968326556911,1,0.0,0.045454545454545456
receive,4,13,22,132,4,3,0.29508521832558743,1,1.0,0.045454545454545456
receive,7,1,1,132,1,1,0.5377015707489599,1,1.0,1.0
receive,7,1,2,132,3,1,0.5339531223651466,1,0.0,0.5
receive,7,2,2,132,3,1,0.490350867283904,1,0.0,0.5
receive,8,1,1,132,3,1,0.5397281357288959,1,0.0,1.0
receive,10,1,36,132,2,0,0.016311852397068737,1,0.0,0.027777777777777776
receive,10,1,36,132,2,1,0.5146390457611358,8,0.5,0.2222222222222222
receive,10,2,36,132,2,0,0.015405200139105723,1,0.0,0.027777777777777776
receive,10,2,36,132,2,1,0.47253829095819166,8,0.875,0.2222222222222222
receive,10,5,36,132,2,1,0.4542894347176045,1,0.0,0.027777777777777776
receive,10,6,36,132,2,3,0.47065136497245597,1,1.0,0.027777777777777776
receive,10,8,36,132,2,0,0.015224701246817015,1,0.0,0.027777777777777776
receive,10,8,36,132,2,3,0.3680287437392993,2,0.5,0.05555555555555555
receive,10,10,36,132,2,2,0.43643897773707774,1,0.0,0.027777777777777776
receive,10,13,36,132,2,0,0.015151190269992947,2,0.0,0.05555555555555555
receive,10,13,36,132,2,3,0.33691910983069184,8,0.375,0.2222222222222222
receive,10,14,36,132,2,3,0.2845485358469546,2,0.0,0.05555555555555555
receive,10,13,1,132,3,3,0.24815016910797597,1,1.0,1.0
receive,10,1,2,132,5,1,0.5137416155125043,1,1.0,0.5
receive,10,10,2,132,5,2,0.4755226412055789,1,0.0,0.5
receive,11,1,21,132,2,1,0.5076703570898935,9,0.5555555555555556,0.42857142857142855
receive,11,2,21,132,2,1,0.46686971038169023,1,1.0,0.047619047619047616
receive,11,5,21,132,2,1,0.4488000084845028,1,1.0,0.047619047619047616
receive,11,7,21,132,2,3,0.43746622251532524,1,0.0,0.047619047619047616
receive,11,8,21,132,2,3,0.3955349698850287,1,0.0,0.047619047619047616
receive,11,10,21,132,2,0,0.015568105411103437,1,0.0,0.047619047619047616
receive,11,10,21,132,2,2,0.4407755047911365,3,0.3333333333333333,0.14285714285714285
receive,11,11,21,132,2,2,0.4413772951921308,2,0.5,0.09523809523809523
receive,11,13,21,132,2,3,0.3187901207280691,2,0.5,0.09523809523809523
receive,11,6,2,132,3,3,0.4941012634151652,1,1.0,0.5
receive,11,7,2,132,3,3,0.424768304422367,1,0.0,0.5
receive,1,1,7,133,1,1,0.48450868192856217,1,1.0,0.14285714285714285
receive,1,2,7,133,1,1,0.4406366818576077,1,0.0,0.14285714285714285
receive,1,5,7,133,1,1,0.42770043092390175,1,1.0,0.14285714285714285
receive,1,10,7,133,1,2,0.3601953571239413,1,1.0,0.14285714285714285
receive,1,11,7,133,1,3,0.3698427661922811,2,0.5,0.2857142857142857
receive,1,13,7,133,1,3,0.29558228413398063,1,1.0,0.14285714285714285
receive,4,2,3,133,1,1,0.41104509028550407,1,0.0,0.3333333333333333
receive,4,6,3,133,1,3,0.4088412325802378,1,0.0,0.3333333333333333
receive,4,13,3,133,1,3,0.24256569951374654,1,0.0,0.3333333333333333
receive,6,1,25,133,3,1,0.49162750614245626,1,1.0,0.04
receive,6,2,25,133,3,1,0.44865935076327956,11,0.36363636363636365,0.44
receive,6,6,25,133,3,3,0.4630639522966782,8,0.375,0.32
receive,6,10,25,133,3,2,0.3521772047997964,1,0.0,0.04
receive,6,13,25,133,3,3,0.2694881990478501,4,0.25,0.16
receive,7,1,18,133,3,1,0.498048130786056,1,0.0,0.05555555555555555
receive,7,2,18,133,3,1,0.45482596477835496,11,0.18181818181818182,0.6111111111111112
receive,7,6,18,133,3,3,0.4683000652669979,2,0.0,0.1111111111111111
receive,7,13,18,133,3,3,0.29439732392773527,4,0.25,0.2222222222222222
receive,10,1,50,133,2,1,0.4847507786801471,6,0.6666666666666666,0.12
receive,10,2,50,133,2,1,0.4422160556883211,4,0.25,0.08
receive,10,5,50,133,2,1,0.4320110756683254,3,0.6666666666666666,0.06
receive,10,6,50,133,2,3,0.4496836485152892,3,0.3333333333333333,0.06
receive,10,7,50,133,2,3,0.40902851563298415,2,0.5,0.04
receive,10,10,50,133,2,2,0.3998797290298377,17,0.4117647058823529,0.34
receive,10,13,50,133,2,3,0.33117326226364197,15,0.3333333333333333,0.3
receive,10,1,19,133,3,1,0.48143251727966235,5,0.8,0.2631578947368421
receive,10,2,19,133,3,1,0.4357173849162351,3,0.6666666666666666,0.15789473684210525
receive,10,6,19,133,3,3,0.4482303320253119,1,0.0,0.05263157894736842
receive,10,10,19,133,3,2,0.3678744738342533,1,1.0,0.05263157894736842
receive,10,13,19,133,3,3,0.27887880019909267,9,0.0,0.47368421052631576
receive,10,13,1,133,5,3,0.3478523060519017,1,1.0,1.0
receive,11,1,7,133,3,1,0.48569216034356505,3,0.3333333333333333,0.42857142857142855
receive,11,2,7,133,3,1,0.4401605304063309,1,0.0,0.14285714285714285
receive,11,6,7,133,3,3,0.46640060035921044,1,1.0,0.14285714285714285
receive,11,10,7,133,3,2,0.3667599974764179,1,0.0,0.14285714285714285
receive,11,13,7,133,3,3,0.2903950106679732,1,0.0,0.14285714285714285
receive,1,13,1,134,1,3,0.20118330439564425,1,0.0,1.0
receive,7,13,1,134,1,3,0.20938995991845635,1,0.0,1.0
receive,10,1,4,134,2,1,0.4442235709136491,1,1.0,0.25
receive,10,13,4,134,2,3,0.26567546412547843,3,0.3333333333333333,0.75
receive,11,13,1,134,3,3,0.1999174872765472,1,0.0,1.0
receive,1,1,3,135,1,1,0.5979965847588508,2,0.5,0.6666666666666666
receive,1,5,3,135,1,1,0.5363504469004717,1,0.0,0.3333333333333333
receive,4,6,5,135,1,3,0.5455913268144361,3,0.3333333333333333,0.6
receive,4,13,5,135,1,3,0.36421338311187623,2,0.5,0.4
receive,10,13,2,135,2,3,0.443628554922886,2,1.0,1.0
receive,10,13,1,135,3,3,0.31356913274769666,1,0.0,1.0
receive,11,1,4,135,2,1,0.6223787285662855,3,0.6666666666666666,0.75
receive,11,13,4,135,2,3,0.47419313160878535,1,1.0,0.25
receive,11,13,3,135,3,3,0.3146302927526967,3,0.3333333333333333,1.0
receive,1,1,164,136,1,1,0.5203626456114816,32,0.5,0.1951219512195122
receive,1,2,164,136,1,1,0.4791794683921877,62,0.5161290322580645,0.3780487804878049
receive,1,3,164,136,1,2,0.513188430981167,1,1.0,0.006097560975609756
receive,1,3,164,136,1,3,0.5145021887369229,1,1.0,0.006097560975609756
receive,1,5,164,136,1,1,0.4611881250736582,28,0.5714285714285714,0.17073170731707318
receive,1,6,164,136,1,3,0.4799621862398564,23,0.5652173913043478,0.1402439024390244
receive,1,11,164,136,1,2,0.4091517872817941,1,1.0,0.006097560975609756
receive,1,13,164,136,1,3,0.32013307369905747,16,0.25,0.0975609756097561
receive,3,2,1,136,2,1,0.4673227453231602,1,0.0,1.0
receive,3,3,2,136,3,3,0.5403404622318764,1,1.0,0.5
receive,3,5,2,136,3,0,0.013177615962903181,1,0.0,0.5
receive,4,1,45,136,1,1,0.5064693972813483,3,0.3333333333333333,0.06666666666666667
receive,4,2,45,136,1,1,0.4632133105156447,21,0.2857142857142857,0.4666666666666667
receive,4,5,45,136,1,1,0.44560679705829076,8,0.375,0.17777777777777778
receive,4,6,45,136,1,3,0.45609437986281987,7,0.5714285714285714,0.15555555555555556
receive,4,13,45,136,1,3,0.2983757170275927,6,0.16666666666666666,0.13333333333333333
receive,4,2,6,136,4,1,0.4854837039492959,2,0.5,0.3333333333333333
receive,4,5,6,136,4,1,0.4699688913432456,1,0.0,0.16666666666666666
receive,4,6,6,136,4,3,0.4937916298866874,3,1.0,0.5
receive,6,1,3,136,2,1,0.5081012613828103,1,1.0,0.3333333333333333
receive,6,10,3,136,2,2,0.4167830936077897,1,0.0,0.3333333333333333
receive,6,11,3,136,2,2,0.4150495957368863,1,0.0,0.3333333333333333
receive,6,1,32,136,3,1,0.5287481153406695,5,0.6,0.15625
receive,6,2,32,136,3,1,0.48712566875596375,12,0.4166666666666667,0.375
receive,6,3,32,136,3,3,0.5347337424609426,1,1.0,0.03125
receive,6,5,32,136,3,1,0.47049282281812366,1,1.0,0.03125
receive,6,6,32,136,3,3,0.5001788289664236,4,1.0,0.125
receive,6,10,32,136,3,2,0.3871510327728719,2,0.5,0.0625
receive,6,13,32,136,3,3,0.29514082902065303,7,0.0,0.21875
receive,7,1,46,136,1,1,0.5370781845164594,4,0.5,0.08695652173913043
receive,7,2,46,136,1,1,0.49630985522908844,22,0.6363636363636364,0.4782608695652174
receive,7,5,46,136,1,1,0.4824628120044608,11,0.36363636363636365,0.2391304347826087
receive,7,6,46,136,1,3,0.49754826843279154,6,0.8333333333333334,0.13043478260869565
receive,7,13,46,136,1,3,0.3402208101544906,3,0.6666666666666666,0.06521739130434782
receive,7,1,6,136,3,1,0.5326884584156909,1,1.0,0.16666666666666666
receive,7,5,6,136,3,1,0.4745793509573042,2,0.5,0.3333333333333333
receive,7,6,6,136,3,3,0.5014292545753793,1,0.0,0.16666666666666666
receive,7,8,6,136,3,3,0.3481607128104989,1,0.0,0.16666666666666666
receive,7,13,6,136,3,3,0.3130561702003027,1,0.0,0.16666666666666666
receive,10,1,301,136,2,1,0.5185130116075788,56,0.5178571428571429,0.18604651162790697
receive,10,2,301,136,2,1,0.4757546875806137,58,0.5,0.19269102990033224
receive,10,3,301,136,2,2,0.5207682397355565,1,1.0,0.0033222591362126247
receive,10,3,301,136,2,3,0.5228840018560335,4,0.25,0.013289036544850499
receive,10,4,301,136,2,1,0.4926190252479248,1,1.0,0.0033222591362126247
receive,10,5,301,136,2,0,0.014460524192612213,1,0.0,0.0033222591362126247
receive,10,5,301,136,2,1,0.46382313196927655,14,0.5714285714285714,0.046511627906976744
receive,10,6,301,136,2,2,0.4805139846681544,1,0.0,0.0033222591362126247
receive,10,6,301,136,2,3,0.48193697568780436,18,0.5555555555555556,0.059800664451827246
receive,10,7,301,136,2,1,0.43515267218509934,7,0.5714285714285714,0.023255813953488372
receive,10,7,301,136,2,3,0.4403468463714616,1,1.0,0.0033222591362126247
receive,10,10,301,136,2,2,0.4322401615181175,27,0.48148148148148145,0.08970099667774087
receive,10,11,301,136,2,2,0.44458437487963326,3,0.6666666666666666,0.009966777408637873
receive,10,11,301,136,2,3,0.43656077415785033,1,1.0,0.0033222591362126247
receive,10,13,301,136,2,0,0.014209010535483443,1,0.0,0.0033222591362126247
receive,10,13,301,136,2,3,0.3559102471192183,107,0.35514018691588783,0.3554817275747508
receive,10,1,27,136,3,0,0.015083657234389022,1,0.0,0.037037037037037035
receive,10,1,27,136,3,1,0.5081704972588377,1,1.0,0.037037037037037035
receive,10,2,27,136,3,1,0.4629628155178671,3,0.3333333333333333,0.1111111111111111
receive,10,5,27,136,3,1,0.44644113081052333,1,0.0,0.037037037037037035
receive,10,6,27,136,3,3,0.47310868097628034,3,0.6666666666666666,0.1111111111111111
receive,10,13,27,136,3,3,0.29107655909704844,18,0.2777777777777778,0.6666666666666666
receive,10,2,10,136,5,1,0.4603841886538259,8,0.25,0.8
receive,10,5,10,136,5,1,0.4454505162950544,1,0.0,0.1
receive,10,13,10,136,5,3,0.36989873363418735,1,0.0,0.1
receive,11,1,34,136,2,0,0.014613670645561207,1,0.0,0.029411764705882353
receive,11,1,34,136,2,1,0.5173071316087697,12,0.5,0.35294117647058826
receive,11,5,34,136,2,1,0.4611484038463828,2,1.0,0.058823529411764705
receive,11,7,34,136,2,1,0.43744700751129956,1,1.0,0.029411764705882353
receive,11,7,34,136,2,3,0.4408797573448211,4,0.25,0.11764705882352941
receive,11,10,34,136,2,2,0.44184775014893063,4,0.5,0.11764705882352941
receive,11,10,34,136,2,3,0.42620458526296945,1,0.0,0.029411764705882353
receive,11,11,34,136,2,2,0.44494097701377583,4,0.75,0.11764705882352941
receive,11,13,34,136,2,3,0.32365866584839753,5,0.8,0.14705882352941177
receive,11,1,14,136,3,1,0.5255179970611632,7,0.42857142857142855,0.5
receive,11,5,14,136,3,1,0.46807724944248436,2,0.0,0.14285714285714285
receive,11,7,14,136,3,1,0.40431570781631787,1,0.0,0.07142857142857142
receive,11,10,14,136,3,2,0.4027808733343056,1,1.0,0.07142857142857142
receive,11,10,14,136,3,3,0.39346834891761834,1,1.0,0.07142857142857142
receive,11,11,14,136,3,3,0.4073359839942324,1,0.0,0.07142857142857142
receive,11,13,14,136,3,3,0.2918185847589859,1,0.0,0.07142857142857142
receive,1,1,4,137,1,1,0.5890636873958224,2,1.0,0.5
receive,1,5,4,137,1,1,0.5333834599049425,1,1.0,0.25
receive,1,6,4,137,1,3,0.5502466401029897,1,1.0,0.25
receive,4,5,9,137,1,0,0.02109733529197383,1,0.0,0.1111111111111111
receive,4,5,9,137,1,1,0.5231393962068045,5,0.2,0.5555555555555556
receive,4,13,9,137,1,3,0.35103372431992963,3,0.3333333333333333,0.3333333333333333
receive,4,5,3,137,4,1,0.5474380912786857,2,0.0,0.6666666666666666
receive,4,13,3,137,4,3,0.3437968234351816,1,1.0,0.3333333333333333
receive,10,2,6,137,2,1,0.5536728633864318,2,0.5,0.3333333333333333
receive,10,5,6,137,2,1,0.5337575491787606,2,1.0,0.3333333333333333
receive,10,13,6,137,2,0,0.022070109932595602,1,0.0,0.16666666666666666
receive,10,13,6,137,2,3,0.4129991647968559,1,0.0,0.16666666666666666
receive,10,2,1,137,5,1,0.5214173722881661,1,1.0,1.0
receive,11,1,6,137,2,1,0.5873216737235681,3,0.6666666666666666,0.5
receive,11,4,6,137,2,4,0.5802886124740106,1,0.0,0.16666666666666666
receive,11,10,6,137,2,2,0.4965594701707565,1,1.0,0.16666666666666666
receive,11,13,6,137,2,3,0.43943176170334897,1,0.0,0.16666666666666666
receive,1,1,10,138,1,1,0.4779086420078073,7,0.7142857142857143,0.7
receive,1,6,10,138,1,3,0.4386928166381067,1,1.0,0.1
receive,1,13,10,138,1,3,0.2870224066651482,2,0.5,0.2
receive,4,1,8,138,4,1,0.5141479708604619,6,0.16666666666666666,0.75
receive,4,13,8,138,4,3,0.2531778715625218,2,0.0,0.25
receive,10,1,12,138,2,1,0.46211890251884685,1,0.0,0.08333333333333333
receive,10,2,12,138,2,1,0.42159579455937646,3,0.3333333333333333,0.25
receive,10,6,12,138,2,3,0.4183861007238448,1,0.0,0.08333333333333333
receive,10,13,12,138,2,3,0.2868829158799007,7,0.2857142857142857,0.5833333333333334
receive,10,13,1,138,3,3,0.20701638716228482,1,0.0,1.0
receive,11,1,29,138,2,0,0.011818896472164962,1,0.0,0.034482758620689655
receive,11,1,29,138,2,1,0.4654064364198677,8,0.5,0.27586206896551724
receive,11,2,29,138,2,1,0.42574666384410215,6,0.3333333333333333,0.20689655172413793
receive,11,4,29,138,2,4,0.46676719688415363,1,0.0,0.034482758620689655
receive,11,6,29,138,2,3,0.433773290521456,2,0.5,0.06896551724137931
receive,11,10,29,138,2,2,0.39580502735024536,3,0.6666666666666666,0.10344827586206896
receive,11,11,29,138,2,2,0.3969070976759777,1,1.0,0.034482758620689655
receive,11,13,29,138,2,3,0.27835289807085173,7,0.14285714285714285,0.2413793103448276
receive,11,1,5,138,3,1,0.45271754875619646,1,0.0,0.2
receive,11,2,5,138,3,1,0.41044675337106334,2,0.0,0.4
receive,11,5,5,138,3,1,0.3911737388786639,1,0.0,0.2
receive,11,13,5,138,3,0,0.010719791770303326,1,0.0,0.2
receive,6,6,1,139,2,3,0.35938534635670083,1,1.0,1.0
receive,6,12,1,139,3,2,0.33052474646937036,1,0.0,1.0
receive,8,12,2,139,2,2,0.3525323618055179,1,0.0,0.5
receive,8,13,2,139,2,3,0.2623748673932566,1,0.0,0.5
receive,9,3,5,139,2,3,0.39893659609248183,1,1.0,0.2
receive,9,6,5,139,2,2,0.3973355770688467,2,0.5,0.4
receive,9,12,5,139,2,2,0.3681804555636213,2,1.0,0.4
receive,10,1,25,139,2,1,0.4410916408798476,1,1.0,0.04
receive,10,6,25,139,2,2,0.3986202378199084,2,0.0,0.08
receive,10,11,25,139,2,2,0.366551620793337,1,0.0,0.04
receive,10,12,25,139,2,2,0.37071128796974606,15,0.13333333333333333,0.6
receive,10,13,25,139,2,3,0.27857223381335694,6,0.3333333333333333,0.24
receive,10,13,1,139,3,3,0.18138213390640787,1,0.0,1.0
receive,11,5,1,139,2,1,0.3836786149696318,1,1.0,1.0
receive,12,5,7,139,2,1,0.32911545612010584,1,0.0,0.14285714285714285
receive,12,6,7,139,2,3,0.3677067461596972,1,0.0,0.14285714285714285
receive,12,10,7,139,2,2,0.3321130100119217,1,0.0,0.14285714285714285
receive,12,12,7,139,2,2,0.33708063436720004,4,0.25,0.5714285714285714
receive,1,1,14,140,1,1,0.5048736072177565,12,0.5,0.8571428571428571
receive,1,6,14,140,1,3,0.4658832411764471,1,0.0,0.07142857142857142
receive,1,10,14,140,1,2,0.3816909998652432,1,0.0,0.07142857142857142
receive,1,1,2,140,4,1,0.5424107583593457,1,0.0,0.5
receive,1,5,2,140,4,1,0.4878101345341108,1,1.0,0.5
receive,4,1,5,140,1,1,0.48714269688757844,2,0.0,0.4
receive,4,2,5,140,1,1,0.44242960050792224,1,1.0,0.2
receive,4,5,5,140,1,1,0.42743619047151044,1,0.0,0.2
receive,4,13,5,140,1,3,0.28379197378683646,1,1.0,0.2
receive,4,1,1,140,4,1,0.505810143726727,1,0.0,1.0
receive,6,1,7,140,3,1,0.5007643988376362,3,0.6666666666666666,0.42857142857142855
receive,6,5,7,140,3,1,0.4430857029166165,1,0.0,0.14285714285714285
receive,6,6,7,140,3,3,0.4681411001927134,2,0.5,0.2857142857142857
receive,6,13,7,140,3,3,0.27131450145856867,1,0.0,0.14285714285714285
receive,7,5,2,140,1,1,0.4569961859840562,1,1.0,0.5
receive,7,13,2,140,1,3,0.32107032486165366,1,0.0,0.5
receive,10,1,29,140,2,1,0.5014668322128341,7,0.14285714285714285,0.2413793103448276
receive,10,2,29,140,2,1,0.4609971852947782,2,0.0,0.06896551724137931
receive,10,4,29,140,2,1,0.4780423908154349,1,1.0,0.034482758620689655
receive,10,4,29,140,2,4,0.5348344673124803,1,1.0,0.034482758620689655
receive,10,5,29,140,2,1,0.4457720835787104,6,0.5,0.20689655172413793
receive,10,6,29,140,2,3,0.46041991951162486,4,0.25,0.13793103448275862
receive,10,10,29,140,2,2,0.4212269737310212,1,1.0,0.034482758620689655
receive,10,13,29,140,2,3,0.3357785594317476,7,0.2857142857142857,0.2413793103448276
receive,11,1,9,140,2,1,0.5248003589492805,6,0.5,0.6666666666666666
receive,11,4,9,140,2,1,0.4898851799369511,2,0.5,0.2222222222222222
receive,11,10,9,140,2,2,0.4207886102809302,1,0.0,0.1111111111111111
receive,1,1,1,141,1,1,0.4760157973817682,1,1.0,1.0
receive,4,10,1,141,1,2,0.338615888984147,1,0.0,1.0
receive,6,10,1,141,2,2,0.36742902742721995,1,0.0,1.0
receive,6,10,1,141,3,2,0.3401291677625665,1,1.0,1.0
receive,7,1,1,141,1,1,0.4481707109225645,1,1.0,1.0
receive,7,8,1,141,3,3,0.32314892448524896,1,0.0,1.0
receive,10,1,10,141,2,1,0.4801077009214672,1,0.0,0.1
receive,10,3,10,141,2,3,0.4758962457334001,2,0.0,0.2
receive,10,5,10,141,2,1,0.4243832486567066,2,0.5,0.2
receive,10,10,10,141,2,2,0.3972036798727525,5,0.6,0.5
receive,10,1,4,141,5,1,0.4621277371871702,1,1.0,0.25
receive,10,3,4,141,5,3,0.470951945089531,2,1.0,0.5
receive,10,12,4,141,5,2,0.4398807352883545,1,1.0,0.25
receive,10,1,13,142,2,1,0.5320639027218144,2,0.0,0.15384615384615385
receive,10,2,13,142,2,1,0.49144159857717007,1,1.0,0.07692307692307693
receive,10,6,13,142,2,3,0.4889798056185931,1,1.0,0.07692307692307693
receive,10,10,13,142,2,2,0.44516747546032776,3,0.3333333333333333,0.23076923076923078
receive,10,10,13,142,2,3,0.4401685656908049,1,0.0,0.07692307692307693
receive,10,12,13,142,2,3,0.45538202233096425,1,0.0,0.07692307692307693
receive,10,13,13,142,2,3,0.36466611276882105,4,0.25,0.3076923076923077
receive,1,1,5,143,1,1,0.4140263141294064,4,0.25,0.8
receive,1,10,5,143,1,2,0.29939325865237193,1,1.0,0.2
receive,7,1,3,143,1,1,0.41043773837523584,1,1.0,0.3333333333333333
receive,7,3,3,143,1,3,0.4113869363746121,1,1.0,0.3333333333333333
receive,7,13,3,143,1,3,0.2259472652889266,1,0.0,0.3333333333333333
receive,7,1,1,143,3,1,0.4194696945448602,1,1.0,1.0
receive,10,1,4,143,2,1,0.3895128748016562,2,0.5,0.5
receive,10,13,4,143,2,3,0.22044335051475195,2,0.0,0.5
receive,10,13,4,143,3,3,0.1634346849841052,4,0.25,1.0
receive,10,2,1,143,5,1,0.34698082930857627,1,0.0,1.0
receive,1,1,52,144,1,1,0.5436798604138697,6,0.3333333333333333,0.11538461538461539
receive,1,2,52,144,1,1,0.5029234737098786,1,1.0,0.019230769230769232
receive,1,3,52,144,1,3,0.5315309388534993,2,0.5,0.038461538461538464
receive,1,5,52,144,1,1,0.4849331523497541,11,0.5454545454545454,0.21153846153846154
receive,1,6,52,144,1,3,0.5039200300307234,20,0.65,0.38461538461538464
receive,1,10,52,144,1,2,0.420904064770457,1,0.0,0.019230769230769232
receive,1,11,52,144,1,2,0.432184461311507,4,0.25,0.07692307692307693
receive,1,13,52,144,1,3,0.3410307817884698,7,0.2857142857142857,0.1346153846153846
receive,1,6,1,144,4,3,0.5370869824766217,1,1.0,1.0
receive,4,2,10,144,1,1,0.4876587874550036,1,0.0,0.1
receive,4,5,10,144,1,1,0.47048542186851516,1,0.0,0.1
receive,4,6,10,144,1,3,0.48491845591825244,7,0.7142857142857143,0.7
receive,4,13,10,144,1,3,0.32037566291191066,1,0.0,0.1
receive,4,1,3,144,4,1,0.5514514966275241,1,0.0,0.3333333333333333
receive,4,6,3,144,4,3,0.5168310453578384,1,1.0,0.3333333333333333
receive,4,13,3,144,4,3,0.3047659498203177,1,1.0,0.3333333333333333
receive,6,10,2,144,2,2,0.4429351662735007,1,0.0,0.5
receive,6,11,2,144,2,2,0.4407182953700538,1,0.0,0.5
receive,6,10,1,144,3,2,0.414698160999291,1,1.0,1.0
receive,7,1,13,144,1,1,0.5489754165844615,1,1.0,0.07692307692307693
receive,7,5,13,144,1,1,0.4910819683438418,7,0.42857142857142855,0.5384615384615384
receive,7,6,13,144,1,3,0.504398459159193,5,0.6,0.38461538461538464
receive,7,1,4,144,3,1,0.5330307337031904,3,0.6666666666666666,0.75
receive,7,2,4,144,3,1,0.4915394964101568,1,1.0,0.25
receive,10,1,78,144,2,1,0.5348997820085089,20,0.55,0.2564102564102564
receive,10,2,78,144,2,1,0.49250102002577606,4,0.75,0.05128205128205128
receive,10,3,78,144,2,3,0.5405546708107895,3,0.3333333333333333,0.038461538461538464
receive,10,5,78,144,2,1,0.478207869975849,8,0.375,0.10256410256410256
receive,10,6,78,144,2,3,0.49486187425160655,7,0.5714285714285714,0.08974358974358974
receive,10,10,78,144,2,2,0.45284600475175635,13,0.6153846153846154,0.16666666666666666
receive,10,13,78,144,2,0,0.016379035976339277,1,0.0,0.01282051282051282
receive,10,13,78,144,2,3,0.36480769146992026,22,0.4090909090909091,0.28205128205128205
receive,10,13,1,144,3,3,0.2540654855601124,1,0.0,1.0
receive,11,1,35,144,2,1,0.5408901031707388,8,0.375,0.22857142857142856
receive,11,2,35,144,2,1,0.5002649732380681,3,0.3333333333333333,0.08571428571428572
receive,11,4,35,144,2,4,0.5307897447385621,1,1.0,0.02857142857142857
receive,11,5,35,144,2,1,0.48555370711901935,4,0.25,0.11428571428571428
receive,11,6,35,144,2,3,0.5090295892360828,2,1.0,0.05714285714285714
receive,11,7,35,144,2,1,0.45788731291312196,3,0.3333333333333333,0.08571428571428572
receive,11,10,35,144,2,2,0.4599348671643192,6,0.16666666666666666,0.17142857142857143
receive,11,11,35,144,2,2,0.46715088779895625,5,0.4,0.14285714285714285
receive,11,11,35,144,2,3,0.4500165823882816,1,0.0,0.02857142857142857
receive,11,13,35,144,2,0,0.015610852076806006,1,0.0,0.02857142857142857
receive,11,13,35,144,2,3,0.35511706907714713,1,1.0,0.02857142857142857
receive,11,1,1,144,3,1,0.5850254241574941,1,1.0,1.0
receive,1,5,1,145,1,1,0.5064862776777703,1,0.0,1.0
receive,10,1,8,145,2,1,0.5601962808033789,2,1.0,0.25
receive,10,10,8,145,2,2,0.4751343387495614,5,0.8,0.625
receive,10,13,8,145,2,3,0.3855665783115878,1,0.0,0.125
receive,1,5,5,146,1,1,0.376565127816077,2,0.0,0.4
receive,1,10,5,146,1,2,0.3181449855329088,3,0.0,0.6
receive,3,6,1,146,3,3,0.3924848333355032,1,1.0,1.0
receive,6,1,2,146,3,1,0.45091068634161463,1,1.0,0.5
receive,6,13,2,146,3,3,0.24902624637285142,1,1.0,0.5
receive,7,3,1,146,3,3,0.48021647504079595,1,1.0,1.0
receive,10,1,16,146,2,1,0.4493185207991986,1,0.0,0.0625
receive,10,10,16,146,2,2,0.36782244763919875,15,0.4,0.9375
receive,1,13,1,147,1,3,0.24863664682315764,1,0.0,1.0
receive,4,6,1,147,1,3,0.4191402494356444,1,0.0,1.0
receive,7,1,9,147,3,0,0.008884483122011549,1,0.0,0.1111111111111111
receive,7,2,9,147,3,1,0.39951866434386596,2,0.5,0.2222222222222222
receive,7,5,9,147,3,1,0.3843237397957566,2,0.5,0.2222222222222222
receive,7,6,9,147,3,3,0.40862348481795585,1,1.0,0.1111111111111111
receive,7,8,9,147,3,3,0.26427338553771773,1,0.0,0.1111111111111111
receive,7,13,9,147,3,3,0.24468853621841882,2,0.5,0.2222222222222222
receive,8,2,1,147,3,1,0.3808642394559004,1,0.0,1.0
receive,10,13,1,147,2,0,0.008219701984281623,1,0.0,1.0
receive,1,1,11,148,1,1,0.5788569888012286,3,0.6666666666666666,0.2727272727272727
receive,1,2,11,148,1,1,0.5392541705511082,5,0.6,0.45454545454545453
receive,1,6,11,148,1,3,0.5415359632159824,1,1.0,0.09090909090909091
receive,1,13,11,148,1,3,0.3814026650447634,2,0.5,0.18181818181818182
receive,4,1,6,148,1,1,0.5625749595406706,1,1.0,0.16666666666666666
receive,4,2,6,148,1,1,0.519261047396073,1,1.0,0.16666666666666666
receive,4,5,6,148,1,1,0.5037290923371228,2,0.5,0.3333333333333333
receive,4,6,6,148,1,3,0.5114781715215023,1,1.0,0.16666666666666666
receive,4,13,6,148,1,3,0.3505257162835233,1,0.0,0.16666666666666666
receive,7,5,3,148,1,1,0.5322906433470077,2,0.0,0.6666666666666666
receive,7,13,3,148,1,3,0.3888302062456435,1,0.0,0.3333333333333333
receive,10,1,34,148,2,1,0.5726666422020489,1,0.0,0.029411764705882353
receive,10,2,34,148,2,1,0.5289029553468731,8,0.625,0.23529411764705882
receive,10,4,34,148,2,1,0.5417799785397243,1,0.0,0.029411764705882353
receive,10,5,34,148,2,1,0.5174419871400924,1,0.0,0.029411764705882353
receive,10,6,34,148,2,3,0.5309586209457527,1,0.0,0.029411764705882353
receive,10,10,34,148,2,2,0.48672149107702295,1,1.0,0.029411764705882353
receive,10,13,34,148,2,3,0.4079123731265398,21,0.47619047619047616,0.6176470588235294
receive,10,2,5,148,5,1,0.5181918509108592,2,1.0,0.4
receive,10,5,5,148,5,1,0.5038625301083897,1,0.0,0.2
receive,10,13,5,148,5,3,0.431220465573736,2,0.5,0.4
receive,11,1,5,148,2,1,0.572352160965472,4,0.75,0.8
receive,11,3,5,148,2,2,0.5948558866825,1,0.0,0.2
receive,1,1,4,149,1,1,0.5672288441144349,1,1.0,0.25
receive,1,2,4,149,1,1,0.5253567709120973,1,1.0,0.25
receive,1,5,4,149,1,1,0.49941810630354166,2,1.0,0.5
receive,4,1,4,149,1,1,0.5634127987356186,1,1.0,0.25
receive,4,2,4,149,1,1,0.5212681311499457,1,1.0,0.25
receive,4,13,4,149,1,3,0.3402554460623215,2,0.0,0.5
receive,7,2,1,149,1,1,0.5523128921358406,1,1.0,1.0
receive,7,2,2,149,3,1,0.5280941937948602,1,1.0,0.5
receive,7,13,2,149,3,3,0.29739301732775547,1,1.0,0.5
receive,10,2,6,149,2,1,0.5328256821269455,3,0.6666666666666666,0.5
receive,10,13,6,149,2,3,0.3989615849796549,3,0.0,0.5
receive,10,2,1,149,3,1,0.5355006585650932,1,0.0,1.0
receive,10,2,4,149,5,1,0.5217112947243536,4,0.25,1.0
receive,11,11,2,149,2,2,0.5112975057893846,1,1.0,0.5
receive,11,13,2,149,2,3,0.3836351543672165,1,0.0,0.5
receive,11,1,1,149,3,1,0.6270427721379322,1,1.0,1.0
receive,1,1,16,150,1,1,0.5115204744841925,1,1.0,0.0625
receive,1,2,16,150,1,1,0.4712165784649061,2,0.0,0.125
receive,1,3,16,150,1,3,0.48817091887757125,1,0.0,0.0625
receive,1,6,16,150,1,3,0.4726549822456691,7,0.7142857142857143,0.4375
receive,1,13,16,150,1,0,0.013054720190364192,1,0.0,0.0625
receive,1,13,16,150,1,3,0.3185429068480861,4,0.25,0.25
receive,4,2,7,150,1,1,0.4526761034640488,1,0.0,0.14285714285714285
receive,4,5,7,150,1,1,0.4378628030703868,1,1.0,0.14285714285714285
receive,4,6,7,150,1,3,0.4483795946979239,2,0.5,0.2857142857142857
receive,4,13,7,150,1,3,0.293538653617573,3,0.3333333333333333,0.42857142857142855
receive,4,6,4,150,4,3,0.4691664563529748,3,0.3333333333333333,0.75
receive,4,13,4,150,4,3,0.2583320093611137,1,0.0,0.25
receive,6,6,5,150,3,3,0.48567359424034634,1,0.0,0.2
receive,6,13,5,150,3,3,0.2842389716335574,4,0.0,0.8
receive,7,2,12,150,1,1,0.4697830473122886,1,0.0,0.08333333333333333
receive,7,5,12,150,1,1,0.458002410618173,3,0.6666666666666666,0.25
receive,7,6,12,150,1,3,0.4690925832512339,5,0.6,0.4166666666666667
receive,7,13,12,150,1,3,0.3138876214214386,3,0.0,0.25
receive,7,2,1,150,3,1,0.5208278712934756,1,0.0,1.0
receive,10,1,31,150,2,1,0.5028464634187811,2,1.0,0.06451612903225806
receive,10,2,31,150,2,1,0.46070457481353216,5,0.4,0.16129032258064516
receive,10,3,31,150,2,2,0.5064051529166458,1,1.0,0.03225806451612903
receive,10,5,31,150,2,1,0.4444174984001628,1,1.0,0.03225806451612903
receive,10,6,31,150,2,3,0.45874461320626275,2,1.0,0.06451612903225806
receive,10,13,31,150,2,0,0.013574395020894059,1,0.0,0.03225806451612903
receive,10,13,31,150,2,3,0.33080809514881887,19,0.3157894736842105,0.6129032258064516
receive,10,5,8,150,3,1,0.4205166046485256,1,1.0,0.125
receive,10,6,8,150,3,3,0.43962292700370376,1,0.0,0.125
receive,10,13,8,150,3,3,0.24625315777767032,6,0.5,0.75
receive,11,1,15,150,2,1,0.5076098662543106,9,0.3333333333333333,0.6
receive,11,2,15,150,2,1,0.4666076916714947,2,1.0,0.13333333333333333
receive,11,10,15,150,2,2,0.4284364744589245,1,0.0,0.06666666666666667
receive,11,13,15,150,2,3,0.3369031461902929,3,0.6666666666666666,0.2
receive,11,1,7,150,3,1,0.49549368216801987,2,0.0,0.2857142857142857
receive,11,2,7,150,3,1,0.45250114608289815,1,0.0,0.14285714285714285
receive,11,13,7,150,3,0,0.012507419310015838,1,0.0,0.14285714285714285
receive,11,13,7,150,3,3,0.23763781761401606,3,0.0,0.42857142857142855
receive,1,6,1,151,1,3,0.3713337709512016,1,1.0,1.0
receive,4,1,2,151,1,1,0.45511432220400055,1,1.0,0.5
receive,4,5,2,151,1,1,0.3965200536785646,1,0.0,0.5
receive,10,2,6,151,2,1,0.4192450147671323,1,0.0,0.16666666666666666
receive,10,5,6,151,2,1,0.40623012563488486,2,1.0,0.3333333333333333
receive,10,13,6,151,2,3,0.30087716898614386,3,0.0,0.5
receive,10,3,2,151,3,2,0.46269392583216795,1,0.0,0.5
receive,10,13,2,151,3,3,0.2370907256471897,1,0.0,0.5
receive,11,1,10,151,2,1,0.458768046115028,7,0.5714285714285714,0.7
receive,11,10,10,151,2,2,0.3916449202553962,1,1.0,0.1
receive,11,11,10,151,2,3,0.37513573967297675,1,0.0,0.1
receive,11,13,10,151,2,3,0.2741100785574752,1,1.0,0.1
receive,11,1,2,151,3,1,0.47537578885758086,1,1.0,0.5
receive,11,13,2,151,3,3,0.21676918751672447,1,0.0,0.5
receive,1,9,2,152,1,2,0.4107613407041404,1,0.0,0.5
receive,1,13,2,152,1,3,0.30164003914559656,1,0.0,0.5
receive,6,6,1,152,2,2,0.42609288244976284,1,1.0,1.0
receive,6,6,1,152,3,2,0.46864352567321055,1,0.0,1.0
receive,8,3,7,152,3,2,0.4797539128013834,1,1.0,0.14285714285714285
receive,8,3,7,152,3,3,0.4840294867980175,1,1.0,0.14285714285714285
receive,8,5,7,152,3,1,0.4374725637229048,1,1.0,0.14285714285714285
receive,8,6,7,152,3,2,0.46177296158042225,1,0.0,0.14285714285714285
receive,8,9,7,152,3,2,0.41231125447720324,2,0.5,0.2857142857142857
receive,8,10,7,152,3,2,0.37351740375235076,1,0.0,0.14285714285714285
receive,9,1,13,152,2,1,0.49776654306623747,1,1.0,0.07692307692307693
receive,9,5,13,152,2,1,0.441192405151665,1,1.0,0.07692307692307693
receive,9,9,13,152,2,2,0.43493412948213384,6,0.5,0.46153846153846156
receive,9,9,13,152,2,3,0.4344083387212391,2,0.5,0.15384615384615385
receive,9,10,13,152,2,2,0.40952294917800636,1,0.0,0.07692307692307693
receive,9,13,13,152,2,3,0.3311251233108139,2,0.0,0.15384615384615385
receive,10,5,9,152,2,1,0.42562749708595127,2,0.5,0.2222222222222222
receive,10,6,9,152,2,2,0.44138551690470934,1,1.0,0.1111111111111111
receive,10,8,9,152,2,3,0.34554386227608014,1,0.0,0.1111111111111111
receive,10,9,9,152,2,2,0.4249509787183699,4,0.25,0.4444444444444444
receive,10,10,9,152,2,3,0.39755332534134485,1,1.0,0.1111111111111111
receive,10,3,6,152,3,3,0.4630378594530746,2,1.0,0.3333333333333333
receive,10,9,6,152,3,2,0.3983127501615005,3,0.0,0.5
receive,10,13,6,152,3,3,0.24818539530062042,1,0.0,0.16666666666666666
receive,10,1,3,152,5,1,0.46498466678988654,1,0.0,0.3333333333333333
receive,10,9,3,152,5,2,0.42732829167739633,2,0.0,0.6666666666666666
receive,1,1,17,153,1,1,0.5728675689041478,5,0.4,0.29411764705882354
receive,1,2,17,153,1,1,0.5304862149297873,5,0.4,0.29411764705882354
receive,1,6,17,153,1,3,0.5314147258963922,1,0.0,0.058823529411764705
receive,1,11,17,153,1,2,0.4635107323443705,1,1.0,0.058823529411764705
receive,1,13,17,153,1,3,0.3678622140853438,5,0.2,0.29411764705882354
receive,4,2,1,153,1,1,0.5216167704629847,1,0.0,1.0
receive,4,1,35,153,4,1,0.5834283067192113,5,0.8,0.14285714285714285
receive,4,2,35,153,4,0,0.01746558421803695,1,0.0,0.02857142857142857
receive,4,2,35,153,4,1,0.5387291434770783,2,1.0,0.05714285714285714
receive,4,3,35,153,4,3,0.5718980959929204,2,1.0,0.05714285714285714
receive,4,5,35,153,4,1,0.522075149098717,3,0.6666666666666666,0.08571428571428572
receive,4,6,35,153,4,0,0.01718988912303478,1,0.0,0.02857142857142857
receive,4,6,35,153,4,3,0.5473525576046091,11,0.6363636363636364,0.3142857142857143
receive,4,10,35,153,4,2,0.4275215384698479,2,0.0,0.05714285714285714
receive,4,13,35,153,4,3,0.33110711079495364,8,0.0,0.22857142857142856
receive,6,1,1,153,2,1,0.5700076407455791,1,1.0,1.0
receive,6,1,2,153,3,1,0.582538053876734,1,1.0,0.5
receive,6,6,2,153,3,0,0.020098934392521185,1,0.0,0.5
receive,7,1,19,153,1,1,0.5789518550751472,4,0.5,0.21052631578947367
receive,7,2,19,153,1,1,0.5352751713372077,2,1.0,0.10526315789473684
receive,7,6,19,153,1,3,0.5399085369485084,1,1.0,0.05263157894736842
receive,7,13,19,153,1,3,0.37625520157632114,12,0.3333333333333333,0.631578947368421
receive,10,1,33,153,2,1,0.5663352889086751,2,1.0,0.06060606060606061
receive,10,2,33,153,2,1,0.5242567277635152,1,1.0,0.030303030303030304
receive,10,3,33,153,2,3,0.5712800289885488,1,1.0,0.030303030303030304
receive,10,6,33,153,2,3,0.5247503625617476,3,0.6666666666666666,0.09090909090909091
receive,10,10,33,153,2,2,0.4883612729243631,1,1.0,0.030303030303030304
receive,10,13,33,153,2,3,0.3892525433598769,25,0.36,0.7575757575757576
receive,10,1,11,153,3,1,0.550244918758672,2,1.0,0.18181818181818182
receive,10,2,11,153,3,1,0.5080144032470195,1,0.0,0.09090909090909091
receive,10,13,11,153,3,0,0.020723089845773243,2,0.0,0.18181818181818182
receive,10,13,11,153,3,3,0.28585024650270374,6,0.3333333333333333,0.5454545454545454
receive,11,1,23,153,2,0,0.021510855462101325,1,0.0,0.043478260869565216
receive,11,1,23,153,2,1,0.5768874852036528,12,0.4166666666666667,0.5217391304347826
receive,11,2,23,153,2,1,0.5370214880309451,1,1.0,0.043478260869565216
receive,11,7,23,153,2,1,0.4948215893509547,2,0.5,0.08695652173913043
receive,11,10,23,153,2,2,0.5000686896541354,3,0.6666666666666666,0.13043478260869565
receive,11,13,23,153,2,3,0.37491968836598566,4,0.25,0.17391304347826086
receive,11,1,5,153,3,1,0.5674213417912702,1,0.0,0.2
receive,11,13,5,153,3,0,0.01936255428151512,2,0.0,0.4
receive,11,13,5,153,3,3,0.2947899233174513,2,0.0,0.4
receive,12,1,2,153,2,1,0.5575464718000408,2,0.0,1.0
receive,7,6,1,154,1,3,0.35995472442816573,1,1.0,1.0
receive,10,6,3,154,2,3,0.3460099565247308,1,0.0,0.3333333333333333
receive,10,10,3,154,2,2,0.3121478396683491,1,0.0,0.3333333333333333
receive,10,13,3,154,2,3,0.24786709584616373,1,1.0,0.3333333333333333
receive,10,6,2,154,3,3,0.34657931652862584,1,0.0,0.5
receive,10,13,2,154,3,3,0.20873232693628802,1,0.0,0.5
receive,11,1,4,154,2,1,0.3832520840812464,3,0.6666666666666666,0.75
receive,11,10,4,154,2,2,0.32149685051696614,1,0.0,0.25
receive,11,1,2,154,3,1,0.3651414336145983,1,0.0,0.5
receive,11,5,2,154,3,1,0.3065745061218019,1,0.0,0.5
receive,6,5,5,155,2,1,0.5020801214787118,1,1.0,0.2
receive,6,12,5,155,2,2,0.4696530616635516,3,0.0,0.6
receive,6,12,5,155,2,3,0.46214113067206153,1,0.0,0.2
receive,8,12,1,155,3,2,0.46986163971581896,1,0.0,1.0
receive,9,9,8,155,2,2,0.5102611171405672,1,1.0,0.125
receive,9,10,8,155,2,2,0.4831821859878149,1,1.0,0.125
receive,9,12,8,155,2,0,0.019989754797248786,1,0.0,0.125
receive,9,12,8,155,2,2,0.4939599887255306,4,0.5,0.5
receive,9,12,8,155,2,5,0.5501481256584292,1,0.0,0.125
receive,10,1,77,155,2,1,0.56063088086874,2,0.5,0.025974025974025976
receive,10,3,77,155,2,3,0.5555904844613347,3,0.3333333333333333,0.03896103896103896
receive,10,5,77,155,2,1,0.5051420005582766,2,0.5,0.025974025974025976
receive,10,8,77,155,2,3,0.42277661065861927,1,1.0,0.012987012987012988
receive,10,9,77,155,2,2,0.5021836239837016,3,0.6666666666666666,0.03896103896103896
receive,10,10,77,155,2,2,0.4801600011202988,17,0.6470588235294118,0.22077922077922077
receive,10,10,77,155,2,3,0.47273970362957224,6,0.5,0.07792207792207792
receive,10,10,77,155,2,5,0.535129074457447,2,1.0,0.025974025974025976
receive,10,12,77,155,2,2,0.4940353967215672,34,0.5294117647058824,0.44155844155844154
receive,10,12,77,155,2,5,0.5457021592516311,3,0.6666666666666666,0.03896103896103896
receive,10,13,77,155,2,3,0.3897356680265312,4,0.75,0.05194805194805195
receive,10,13,1,155,3,0,0.01753693813331609,1,0.0,1.0
receive,10,10,7,155,5,2,0.5023879799466535,2,1.0,0.2857142857142857
receive,10,10,7,155,5,5,0.5438779165126237,1,1.0,0.14285714285714285
receive,10,12,7,155,5,2,0.5170162431079742,3,0.6666666666666666,0.42857142857142855
receive,10,13,7,155,5,3,0.39087795156620864,1,1.0,0.14285714285714285
receive,11,10,2,155,2,2,0.4872491311321346,1,1.0,0.5
receive,11,11,2,155,2,2,0.4892101273251718,1,1.0,0.5
receive,12,1,53,155,2,1,0.5356410746387732,1,1.0,0.018867924528301886
receive,12,3,53,155,2,3,0.5294796410276323,1,0.0,0.018867924528301886
receive,12,5,53,155,2,0,0.01782982454082801,1,0.0,0.018867924528301886
receive,12,5,53,155,2,1,0.4770571816695241,1,0.0,0.018867924528301886
receive,12,10,53,155,2,2,0.4640451775782865,13,0.6153846153846154,0.24528301886792453
receive,12,10,53,155,2,3,0.45601887088381104,1,1.0,0.018867924528301886
receive,12,10,53,155,2,5,0.46007886213891996,4,0.0,0.07547169811320754
receive,12,12,53,155,2,2,0.47821440073240695,24,0.2916666666666667,0.4528301886792453
receive,12,12,53,155,2,3,0.47111646968567583,1,0.0,0.018867924528301886
receive,12,12,53,155,2,5,0.47030089825136967,5,0.6,0.09433962264150944
receive,12,13,53,155,2,3,0.3816044935634042,1,0.0,0.018867924528301886
receive,12,10,5,155,3,2,0.430353450929381,1,1.0,0.2
receive,12,12,5,155,3,2,0.43679552688355183,3,0.3333333333333333,0.6
receive,12,13,5,155,3,3,0.28547937042090343,1,0.0,0.2
receive,12,5,14,155,5,1,0.54329227239572,1,0.0,0.07142857142857142
receive,12,10,14,155,5,2,0.5172152315524452,5,0.4,0.35714285714285715
receive,12,12,14,155,5,2,0.5374909708249167,7,0.7142857142857143,0.5
receive,12,12,14,155,5,5,0.5239480261179503,1,1.0,0.07142857142857142
receive,6,12,1,156,2,2,0.3825404766966636,1,1.0,1.0
receive,8,12,1,156,2,2,0.3990799696684309,1,0.0,1.0
receive,8,5,2,156,3,1,0.4224242222934913,1,0.0,0.5
receive,8,13,2,156,3,3,0.25357067606338457,1,0.0,0.5
receive,9,12,1,156,2,2,0.43293324436401065,1,1.0,1.0
receive,9,5,1,156,3,1,0.40171065150391383,1,1.0,1.0
receive,10,2,13,156,2,1,0.43126031438418894,1,1.0,0.07692307692307693
receive,10,12,13,156,2,2,0.4077248900454723,10,0.4,0.7692307692307693
receive,10,12,13,156,2,5,0.4603224964643972,1,0.0,0.07692307692307693
receive,10,13,13,156,2,3,0.3135857740642559,1,0.0,0.07692307692307693
receive,10,2,5,156,5,1,0.43547429527727244,1,1.0,0.2
receive,10,5,5,156,5,1,0.4146459932404817,1,1.0,0.2
receive,10,12,5,156,5,2,0.43214571446390193,2,1.0,0.4
receive,10,12,5,156,5,5,0.48108711721171893,1,1.0,0.2
receive,11,10,3,156,2,2,0.4029731654905872,1,0.0,0.3333333333333333
receive,11,11,3,156,2,2,0.40430512128276835,1,1.0,0.3333333333333333
receive,11,12,3,156,2,2,0.4079234937973655,1,1.0,0.3333333333333333
receive,12,2,21,156,2,1,0.41454668343306555,4,0.25,0.19047619047619047
receive,12,3,21,156,2,3,0.4313832037424855,2,0.5,0.09523809523809523
receive,12,12,21,156,2,2,0.4029893773818819,9,0.4444444444444444,0.42857142857142855
receive,12,12,21,156,2,5,0.39518967835798885,6,0.3333333333333333,0.2857142857142857
receive,12,12,4,156,5,2,0.42740203203327043,4,0.25,1.0
receive,1,1,19,157,1,1,0.5255532739487012,8,0.375,0.42105263157894735
receive,1,2,19,157,1,1,0.48873970474126677,1,0.0,0.05263157894736842
receive,1,5,19,157,1,0,0.014200387709208843,1,0.0,0.05263157894736842
receive,1,5,19,157,1,1,0.466306505598374,1,1.0,0.05263157894736842
receive,1,6,19,157,1,3,0.4838687882076117,2,1.0,0.10526315789473684
receive,1,13,19,157,1,3,0.31784185639174156,5,0.2,0.2631578947368421
receive,1,14,19,157,1,1,0.28199795707710384,1,0.0,0.05263157894736842
receive,4,1,15,157,1,1,0.5056952819714339,7,0.5714285714285714,0.4666666666666667
receive,4,5,15,157,1,0,0.01386780754814724,1,0.0,0.06666666666666667
receive,4,6,15,157,1,3,0.4443403280649091,1,0.0,0.06666666666666667
receive,4,13,15,157,1,3,0.2724786724698444,6,0.0,0.4
receive,6,1,2,157,3,1,0.5251887728600351,1,0.0,0.5
receive,6,13,2,157,3,3,0.2961181530674286,1,0.0,0.5
receive,7,1,7,157,1,1,0.5481639237505023,1,1.0,0.14285714285714285
receive,7,2,7,157,1,1,0.5085878792396569,2,0.5,0.2857142857142857
receive,7,6,7,157,1,3,0.505970695001528,3,0.6666666666666666,0.42857142857142855
receive,7,13,7,157,1,3,0.3478715083474988,1,0.0,0.14285714285714285
receive,10,1,38,157,2,1,0.5102457529550207,3,0.6666666666666666,0.07894736842105263
receive,10,2,38,157,2,1,0.4681013215113035,9,0.5555555555555556,0.23684210526315788
receive,10,5,38,157,2,1,0.45016244003054906,3,0.3333333333333333,0.07894736842105263
receive,10,6,38,157,2,3,0.46411459183626963,2,0.5,0.05263157894736842
receive,10,10,38,157,2,5,0.47416458730272726,1,0.0,0.02631578947368421
receive,10,13,38,157,2,0,0.014622895487473668,1,0.0,0.02631578947368421
receive,10,13,38,157,2,3,0.3337117199237902,19,0.47368421052631576,0.5
receive,10,2,6,157,3,1,0.45644313247355583,2,0.5,0.3333333333333333
receive,10,6,6,157,3,3,0.4541960457509581,1,0.0,0.16666666666666666
receive,10,13,6,157,3,3,0.26107570711399125,3,0.3333333333333333,0.5
receive,10,13,1,157,5,3,0.30522928306314,1,1.0,1.0
receive,11,1,60,157,2,1,0.5245312052998596,21,0.6190476190476191,0.35
receive,11,2,60,157,2,1,0.48349285174818846,7,0.42857142857142855,0.11666666666666667
receive,11,4,60,157,2,1,0.4979961767364189,1,0.0,0.016666666666666666
receive,11,5,60,157,2,1,0.4691753859491437,1,1.0,0.016666666666666666
receive,11,6,60,157,2,3,0.4931920279300275,1,1.0,0.016666666666666666
receive,11,7,60,157,2,1,0.4400630932795571,6,0.3333333333333333,0.1
receive,11,10,60,157,2,2,0.4402505763885104,2,0.5,0.03333333333333333
receive,11,11,60,157,2,2,0.44839129388005805,8,0.5,0.13333333333333333
receive,11,13,60,157,2,3,0.3406448463312619,13,0.38461538461538464,0.21666666666666667
receive,11,1,7,157,3,1,0.5223847002283836,1,1.0,0.14285714285714285
receive,11,6,7,157,3,3,0.5005016991580474,1,1.0,0.14285714285714285
receive,11,10,7,157,3,2,0.4085815689902512,2,0.5,0.2857142857142857
receive,11,13,7,157,3,0,0.013461597277752608,1,0.0,0.14285714285714285
receive,11,13,7,157,3,3,0.2932098182893891,2,0.5,0.2857142857142857
receive,1,5,5,158,1,1,0.4238454277180904,1,1.0,0.2
receive,1,6,5,158,1,3,0.44306633674464735,3,1.0,0.6
receive,1,13,5,158,1,3,0.29288325803701626,1,0.0,0.2
receive,4,2,10,158,1,1,0.41703263514358796,1,0.0,0.1
receive,4,6,10,158,1,3,0.41786019651706213,6,0.5,0.6
receive,4,13,10,158,1,3,0.26325032897706996,3,0.0,0.3
receive,6,5,3,158,3,1,0.45573059567988294,1,1.0,0.3333333333333333
receive,6,6,3,158,3,3,0.4773639469229187,1,0.0,0.3333333333333333
receive,6,13,3,158,3,3,0.2857878443494029,1,1.0,0.3333333333333333
receive,7,2,1,158,1,1,0.4416396545489961,1,0.0,1.0
receive,10,1,18,158,2,1,0.47424120807888215,4,0.0,0.2222222222222222
receive,10,2,18,158,2,1,0.4316592003840083,2,1.0,0.1111111111111111
receive,10,3,18,158,2,2,0.45461512502572454,1,1.0,0.05555555555555555
receive,10,6,18,158,2,3,0.43284486442206693,3,0.3333333333333333,0.16666666666666666
receive,10,10,18,158,2,2,0.38808100893691394,1,1.0,0.05555555555555555
receive,10,10,18,158,2,3,0.3817139900033004,1,0.0,0.05555555555555555
receive,10,13,18,158,2,3,0.3159967175600461,6,0.3333333333333333,0.3333333333333333
receive,10,2,3,158,3,1,0.4180572186420471,2,0.5,0.6666666666666666
receive,10,13,3,158,3,3,0.23120008648606039,1,0.0,0.3333333333333333
receive,11,10,1,158,2,2,0.4040176465384473,1,1.0,1.0
receive,11,1,2,158,3,1,0.4856655508956236,1,0.0,0.5
receive,11,7,2,158,3,1,0.3659680312644226,1,0.0,0.5
receive,1,1,6,159,1,1,0.5343241918126374,1,1.0,0.16666666666666666
receive,1,2,6,159,1,1,0.49349230600409655,4,0.25,0.6666666666666666
receive,1,5,6,159,1,1,0.4710673740320614,1,0.0,0.16666666666666666
receive,10,2,19,159,2,1,0.49126595201105394,5,0.4,0.2631578947368421
receive,10,6,19,159,2,3,0.4915348510472746,4,1.0,0.21052631578947367
receive,10,10,19,159,2,5,0.49444610952172713,1,1.0,0.05263157894736842
receive,10,13,19,159,2,3,0.35110165173752667,9,0.5555555555555556,0.47368421052631576
receive,11,1,1,159,2,1,0.5458537997352776,1,1.0,1.0
receive,1,3,13,160,1,2,0.40221588841237566,1,1.0,0.07692307692307693
receive,1,5,13,160,1,1,0.37848498454881496,2,0.0,0.15384615384615385
receive,1,6,13,160,1,3,0.3965125251973258,4,0.75,0.3076923076923077
receive,1,10,13,160,1,2,0.3207937655104444,2,0.5,0.15384615384615385
receive,1,11,13,160,1,2,0.33459549478275324,1,0.0,0.07692307692307693
receive,1,13,13,160,1,0,0.00763609214198128,1,0.0,0.07692307692307693
receive,1,13,13,160,1,3,0.25695550123859634,2,0.0,0.15384615384615385
receive,6,5,3,160,3,1,0.37566627120277457,1,1.0,0.3333333333333333
receive,6,5,3,160,3,4,0.43459806512550614,1,1.0,0.3333333333333333
receive,6,13,3,160,3,3,0.22257773524462535,1,1.0,0.3333333333333333
receive,7,3,2,160,3,2,0.46245831698552176,1,1.0,0.5
receive,7,10,2,160,3,2,0.3190238323845427,1,1.0,0.5
receive,10,1,10,160,2,0,0.008773224216627611,1,0.0,0.1
receive,10,1,10,160,2,1,0.42759604993764383,5,0.4,0.5
receive,10,3,10,160,2,2,0.41388284543611265,1,1.0,0.1
receive,10,10,10,160,2,2,0.3493623143114956,3,0.0,0.3
receive,10,1,1,160,5,1,0.4184468780209391,1,0.0,1.0
receive,11,10,2,160,2,2,0.359517147376618,2,0.0,1.0
receive,1,1,8,161,1,1,0.4536458181130331,3,0.3333333333333333,0.375
receive,1,6,8,161,1,3,0.4174242336124312,4,0.25,0.5
receive,1,13,8,161,1,3,0.2727738872051088,1,0.0,0.125
receive,4,1,5,161,4,1,0.4575986767491491,1,1.0,0.2
receive,4,6,5,161,4,3,0.4237523544469795,2,0.5,0.4
receive,4,13,5,161,4,3,0.23131878007610013,2,0.0,0.4
receive,10,13,4,161,2,3,0.27259068675265496,4,0.0,1.0
receive,11,1,7,161,2,1,0.4432796572711564,1,1.0,0.14285714285714285
receive,11,4,7,161,2,4,0.4088039458102274,2,0.0,0.2857142857142857
receive,11,6,7,161,2,3,0.41050383020916775,1,0.0,0.14285714285714285
receive,11,10,7,161,2,2,0.3759184272189507,2,0.5,0.2857142857142857
receive,11,13,7,161,2,3,0.26044702971001,1,0.0,0.14285714285714285
receive,1,1,4,162,1,1,0.5389804590367111,1,1.0,0.25
receive,1,2,4,162,1,1,0.4983119081591103,1,1.0,0.25
receive,1,13,4,162,1,3,0.33563890660480783,1,0.0,0.25
receive,1,14,4,162,1,1,0.29418770361438584,1,1.0,0.25
receive,4,1,6,162,4,1,0.5597585178008347,1,0.0,0.16666666666666666
receive,4,2,6,162,4,1,0.5175237708219357,1,1.0,0.16666666666666666
receive,4,13,6,162,4,3,0.31602847895779623,4,0.25,0.6666666666666666
receive,10,1,6,162,2,1,0.5381556756489628,2,0.0,0.3333333333333333
receive,10,2,6,162,2,0,0.01850433753763312,1,0.0,0.16666666666666666
receive,10,13,6,162,2,3,0.35706502226344394,3,0.6666666666666666,0.5
receive,11,1,1,162,2,1,0.5478708643841295,1,1.0,1.0
receive,11,13,1,162,3,3,0.27357234383861306,1,0.0,1.0
receive,1,3,1,163,1,2,0.5132171241999521,1,0.0,1.0
receive,4,1,1,163,1,1,0.47402029491189057,1,1.0,1.0
receive,7,1,1,163,1,1,0.4968028049825267,1,0.0,1.0
receive,10,1,6,163,2,1,0.4855755068941685,1,1.0,0.16666666666666666
receive,10,2,6,163,2,1,0.4410844570842989,2,0.0,0.3333333333333333
receive,10,13,6,163,2,3,0.32453873684666096,3,0.3333333333333333,0.5
receive,10,13,2,163,3,3,0.27818963981767386,2,0.0,1.0
receive,11,1,9,163,2,1,0.48412586997419293,7,0.7142857142857143,0.7777777777777778
receive,11,10,9,163,2,2,0.41379902079449493,1,0.0,0.1111111111111111
receive,11,10,9,163,2,3,0.3965850544207798,1,1.0,0.1111111111111111
receive,11,13,1,163,3,3,0.21308087049184374,1,0.0,1.0
receive,6,5,1,164,2,1,0.32740518862915813,1,1.0,1.0
receive,7,12,2,164,3,2,0.2690567152543672,1,0.0,0.5
receive,7,13,2,164,3,3,0.14711405449327042,1,0.0,0.5
receive,10,12,1,164,2,2,0.32260079770842975,1,0.0,1.0
receive,12,3,12,164,2,3,0.3559235209801719,1,0.0,0.08333333333333333
receive,12,5,12,164,2,1,0.3028200758047131,1,0.0,0.08333333333333333
receive,12,6,12,164,2,2,0.33898991382782184,1,0.0,0.08333333333333333
receive,12,12,12,164,2,2,0.3093473463933029,9,0.3333333333333333,0.75
receive,10,9,1,165,2,3,0.44982255381771014,1,0.0,1.0
